Month,Outlet Code,Outlet Name,Chain Name,Chain Type,City,State,Region,SKU Code,SKU,Brand,Category,Sub Category,Pareto,Status,MRP,OP Stock,CL Stock,Stock Qty,Tertiary Qty,Target Value,BGR,Order Qty,Filled Qty,Fill Rate %,Margin %,Manpower,Visibility %,Launch Date,Promo %
2025-06,OL1001,HG-NEXUS PUNE 1,Health & Glow,MBO,Pune,Maharashtra,West,SKU40108,Matte Lip Color Peach 4.2Ml,Renee,Makeup,Lipstick,Top 10,Active,650,12,16,,4,3260,BGR West,10,8,,50,1,59,,
2025-06,OL1001,HG-NEXUS PUNE 1,Health & Glow,MBO,Pune,Maharashtra,West,SKU40127,Matte Lip Color Coral 4.2Ml,Renee,Makeup,Lipstick,Top 25,Active,499,5,6,,4,2503,BGR West,11,7,,50,1,59,,
2025-06,OL1001,HG-NEXUS PUNE 1,Health & Glow,MBO,Pune,Maharashtra,West,SKU40425,Kajal Vanilla 0.35Gm,Renee,Makeup,Eyeliner,Top 25,Active,299,6,21,,3,1125,BGR West,6,4,,50,1,59,,
2025-06,OL1001,HG-NEXUS PUNE 1,Health & Glow,MBO,Pune,Maharashtra,West,SKU40490,Kajal Midnight 0.35Gm,Renee,Makeup,Eyeliner,Top 10,Active,599,16,15,,8,6009,BGR West,7,7,,50,1,59,,
2025-06,OL1001,HG-NEXUS PUNE 1,Health & Glow,MBO,Pune,Maharashtra,West,SKU40544,Bb Cream Peach 30Ml,Renee,Makeup,Foundation,Top 10,Active,599,8,15,,4,3005,BGR West,16,15,,50,1,59,,
2025-06,OL1001,HG-NEXUS PUNE 1,Health & Glow,MBO,Pune,Maharashtra,West,SKU40722,Compact Powder Berry 9Gm,Renee,Makeup,Foundation,Top 10,Active,799,8,8,,0,0,BGR West,2,1,,50,1,59,,
2025-06,OL1001,HG-NEXUS PUNE 1,Health & Glow,MBO,Pune,Maharashtra,West,SKU40763,Blending Brush R6,Renee,Makeup,Brushes,Others,Active,349,12,12,,2,875,BGR West,4,2,,50,1,59,,
2025-06,OL1001,HG-NEXUS PUNE 1,Health & Glow,MBO,Pune,Maharashtra,West,SKU40836,Blending Brush R4,Renee,Makeup,Brushes,Top 10,Active,1199,18,21,,6,9021,BGR West,11,9,,50,1,59,,
2025-06,OL1001,HG-NEXUS PUNE 1,Health & Glow,MBO,Pune,Maharashtra,West,SKU40850,Powder Brush R8,Renee,Makeup,Brushes,Top 25,Active,650,15,19,,4,3260,BGR West,9,8,,50,1,59,,
2025-06,OL1001,HG-NEXUS PUNE 1,Health & Glow,MBO,Pune,Maharashtra,West,SKU40928,Powder Brush R4,Renee,Makeup,Brushes,Top 25,Active,650,5,6,,3,2445,BGR West,7,4,,50,1,59,,
2025-06,OL1001,HG-NEXUS PUNE 1,Health & Glow,MBO,Pune,Maharashtra,West,SKU40951,Sunscreen Gel Spf 50 70Ml,Renee,Skincare,Sunscreen,Top 25,Active,999,1,2,,1,1253,BGR West,4,2,,45,1,59,,
2025-06,OL1001,HG-NEXUS PUNE 1,Health & Glow,MBO,Pune,Maharashtra,West,SKU40972,Sunscreen Gel Spf 50 70Ml,Renee,Skincare,Sunscreen,Top 25,Active,599,9,12,,3,2253,BGR West,6,6,,45,1,59,,
2025-06,OL1001,HG-NEXUS PUNE 1,Health & Glow,MBO,Pune,Maharashtra,West,SKU41048,Face Wash Ocean 20Ml,Renee,Skincare,Cleanser,Others,Active,349,10,9,,3,1313,BGR West,5,3,,45,1,59,,
2025-06,OL1001,HG-NEXUS PUNE 1,Health & Glow,MBO,Pune,Maharashtra,West,SKU41129,Face Wash Vanilla 40Ml,Renee,Skincare,Cleanser,Others,Active,299,2,4,,4,1500,BGR West,9,6,,45,1,59,,
2025-06,OL1001,HG-NEXUS PUNE 1,Health & Glow,MBO,Pune,Maharashtra,West,SKU41476,Body Mist Mocha 100Ml,Renee,Fragrance,Body Mist,Top 10,Active,799,12,10,,8,8015,BGR West,7,6,,55,1,59,,
2025-06,OL1001,HG-NEXUS PUNE 1,Health & Glow,MBO,Pune,Maharashtra,West,SKU41647,Hair Oil Hazelnut 100Ml,Renee,Haircare,Hair Oil,Others,Active,799,5,6,,3,3006,BGR West,5,4,,35,1,59,,
2025-06,OL1002,HG-PHOENIX SURAT 2,Health & Glow,MBO,Surat,Gujarat,West,SKU40078,Matte Lip Color Rose 4.2Ml,Renee,Makeup,Lipstick,Top 25,Active,650,3,4,,2,1474,BGR West,6,4,,50,2,48,,
2025-06,OL1002,HG-PHOENIX SURAT 2,Health & Glow,MBO,Surat,Gujarat,West,SKU40108,Matte Lip Color Peach 4.2Ml,Renee,Makeup,Lipstick,Top 10,Active,650,6,4,,2,1474,BGR West,1,0,,50,2,48,,
2025-06,OL1002,HG-PHOENIX SURAT 2,Health & Glow,MBO,Surat,Gujarat,West,SKU40127,Matte Lip Color Coral 4.2Ml,Renee,Makeup,Lipstick,Top 25,Active,499,2,1,,2,1131,BGR West,1,1,,50,2,48,,
2025-06,OL1002,HG-PHOENIX SURAT 2,Health & Glow,MBO,Surat,Gujarat,West,SKU40266,Liquid Lipstick Nude 5Ml,Renee,Makeup,Lipstick,Top 10,Active,799,3,4,,4,3623,BGR West,6,5,,50,2,48,,
2025-06,OL1002,HG-PHOENIX SURAT 2,Health & Glow,MBO,Surat,Gujarat,West,SKU40281,Midnight Eyeliner Berry 2.5Ml,Renee,Makeup,Eyeliner,Others,Active,299,2,3,,2,678,BGR West,4,3,,50,2,48,,
2025-06,OL1002,HG-PHOENIX SURAT 2,Health & Glow,MBO,Surat,Gujarat,West,SKU40381,Midnight Eyeliner Ocean 2.5Ml,Renee,Makeup,Eyeliner,Top 25,Active,699,3,1,,4,3170,BGR West,3,2,,50,2,48,,
2025-06,OL1002,HG-PHOENIX SURAT 2,Health & Glow,MBO,Surat,Gujarat,West,SKU40490,Kajal Midnight 0.35Gm,Renee,Makeup,Eyeliner,Top 10,Active,599,0,0,,2,1358,BGR West,3,2,,50,2,48,,
2025-06,OL1002,HG-PHOENIX SURAT 2,Health & Glow,MBO,Surat,Gujarat,West,SKU40544,Bb Cream Peach 30Ml,Renee,Makeup,Foundation,Top 10,Active,599,1,4,,2,1358,BGR West,5,5,,50,2,48,,
2025-06,OL1002,HG-PHOENIX SURAT 2,Health & Glow,MBO,Surat,Gujarat,West,SKU40588,Bb Cream Coral 30Ml,Renee,Makeup,Foundation,Top 10,Active,349,33,0,,4,1583,BGR West,7,5,,50,2,48,,
2025-06,OL1002,HG-PHOENIX SURAT 2,Health & Glow,MBO,Surat,Gujarat,West,SKU40595,Compact Powder Mocha 9Gm,Renee,Makeup,Foundation,Top 10,Active,449,2,2,,4,2036,BGR West,4,4,,50,2,48,,
2025-06,OL1002,HG-PHOENIX SURAT 2,Health & Glow,MBO,Surat,Gujarat,West,SKU40722,Compact Powder Berry 9Gm,Renee,Makeup,Foundation,Top 10,Active,799,7,9,,3,2717,BGR West,6,5,,50,2,48,,
2025-06,OL1002,HG-PHOENIX SURAT 2,Health & Glow,MBO,Surat,Gujarat,West,SKU40850,Powder Brush R8,Renee,Makeup,Brushes,Top 25,Active,650,0,1,,4,2948,BGR West,8,5,,50,2,48,,
2025-06,OL1002,HG-PHOENIX SURAT 2,Health & Glow,MBO,Surat,Gujarat,West,SKU40979,Sunscreen Gel Spf 50 50Ml,Renee,Skincare,Sunscreen,Top 25,Active,799,3,2,,1,906,BGR West,1,0,,45,2,48,,
2025-06,OL1002,HG-PHOENIX SURAT 2,Health & Glow,MBO,Surat,Gujarat,West,SKU41048,Face Wash Ocean 20Ml,Renee,Skincare,Cleanser,Others,Active,349,8,6,,2,791,BGR West,1,0,,45,2,48,,
2025-06,OL1002,HG-PHOENIX SURAT 2,Health & Glow,MBO,Surat,Gujarat,West,SKU41295,Perfume Rose 50Ml,Renee,Fragrance,EDP,Top 25,Active,599,7,10,,3,2037,BGR West,8,7,,55,2,48,,
2025-06,OL1002,HG-PHOENIX SURAT 2,Health & Glow,MBO,Surat,Gujarat,West,SKU41420,Body Mist Coral 100Ml,Renee,Fragrance,Body Mist,Top 25,Active,399,0,1,,3,1357,BGR West,5,4,,55,2,48,,
2025-06,OL1002,HG-PHOENIX SURAT 2,Health & Glow,MBO,Surat,Gujarat,West,SKU41476,Body Mist Mocha 100Ml,Renee,Fragrance,Body Mist,Top 10,Active,799,2,6,,2,1812,BGR West,6,6,,55,2,48,,
2025-06,OL1003,HG-FORUM JAIPUR 3,Health & Glow,MBO,Jaipur,Rajasthan,North,SKU40108,Matte Lip Color Peach 4.2Ml,Renee,Makeup,Lipstick,Top 10,Active,650,8,7,,3,2343,BGR North,2,2,,50,4,94,,
2025-06,OL1003,HG-FORUM JAIPUR 3,Health & Glow,MBO,Jaipur,Rajasthan,North,SKU40127,Matte Lip Color Coral 4.2Ml,Renee,Makeup,Lipstick,Top 25,Active,499,4,5,,0,0,BGR North,3,2,,50,4,94,,
2025-06,OL1003,HG-FORUM JAIPUR 3,Health & Glow,MBO,Jaipur,Rajasthan,North,SKU40318,Midnight Eyeliner Hazelnut 2.5Ml,Renee,Makeup,Eyeliner,Others,Active,650,3,3,,4,3124,BGR North,6,4,,50,4,94,,
2025-06,OL1003,HG-FORUM JAIPUR 3,Health & Glow,MBO,Jaipur,Rajasthan,North,SKU40381,Midnight Eyeliner Ocean 2.5Ml,Renee,Makeup,Eyeliner,Top 25,Active,699,6,6,,2,1680,BGR North,4,2,,50,4,94,,
2025-06,OL1003,HG-FORUM JAIPUR 3,Health & Glow,MBO,Jaipur,Rajasthan,North,SKU40425,Kajal Vanilla 0.35Gm,Renee,Makeup,Eyeliner,Top 25,Active,299,0,1,,2,719,BGR North,4,3,,50,4,94,,
2025-06,OL1003,HG-FORUM JAIPUR 3,Health & Glow,MBO,Jaipur,Rajasthan,North,SKU40544,Bb Cream Peach 30Ml,Renee,Makeup,Foundation,Top 10,Active,599,7,10,,4,2879,BGR North,7,7,,50,4,94,,
2025-06,OL1003,HG-FORUM JAIPUR 3,Health & Glow,MBO,Jaipur,Rajasthan,North,SKU40722,Compact Powder Berry 9Gm,Renee,Makeup,Foundation,Top 10,Active,799,1,3,,3,2880,BGR North,5,5,,50,4,94,,
2025-06,OL1003,HG-FORUM JAIPUR 3,Health & Glow,MBO,Jaipur,Rajasthan,North,SKU40850,Powder Brush R8,Renee,Makeup,Brushes,Top 25,Active,650,7,9,,2,1562,BGR North,5,5,,50,4,94,,
2025-06,OL1003,HG-FORUM JAIPUR 3,Health & Glow,MBO,Jaipur,Rajasthan,North,SKU40928,Powder Brush R4,Renee,Makeup,Brushes,Top 25,Active,650,7,11,,2,1562,BGR North,6,6,,50,4,94,,
2025-06,OL1003,HG-FORUM JAIPUR 3,Health & Glow,MBO,Jaipur,Rajasthan,North,SKU40979,Sunscreen Gel Spf 50 50Ml,Renee,Skincare,Sunscreen,Top 25,Active,799,7,0,,2,1920,BGR North,4,2,,45,4,94,,
2025-06,OL1003,HG-FORUM JAIPUR 3,Health & Glow,MBO,Jaipur,Rajasthan,North,SKU41048,Face Wash Ocean 20Ml,Renee,Skincare,Cleanser,Others,Active,349,5,6,,1,419,BGR North,3,2,,45,4,94,,
2025-06,OL1003,HG-FORUM JAIPUR 3,Health & Glow,MBO,Jaipur,Rajasthan,North,SKU41129,Face Wash Vanilla 40Ml,Renee,Skincare,Cleanser,Others,Active,299,4,4,,4,1437,BGR North,5,4,,45,4,94,,
2025-06,OL1003,HG-FORUM JAIPUR 3,Health & Glow,MBO,Jaipur,Rajasthan,North,SKU41420,Body Mist Coral 100Ml,Renee,Fragrance,Body Mist,Top 25,Active,399,5,8,,2,959,BGR North,5,5,,55,4,94,,
2025-06,OL1003,HG-FORUM JAIPUR 3,Health & Glow,MBO,Jaipur,Rajasthan,North,SKU41536,Body Mist Nude 100Ml,Renee,Fragrance,Body Mist,Top 25,Active,349,9,13,,2,839,BGR North,6,6,,55,4,94,,
2025-06,OL1004,HG-PHOENIX PUNE 4,Health & Glow,MBO,Pune,Maharashtra,West,SKU40078,Matte Lip Color Rose 4.2Ml,Renee,Makeup,Lipstick,Top 25,Active,650,5,7,,3,2427,BGR West,7,6,,50,3,80,,
2025-06,OL1004,HG-PHOENIX PUNE 4,Health & Glow,MBO,Pune,Maharashtra,West,SKU40127,Matte Lip Color Coral 4.2Ml,Renee,Makeup,Lipstick,Top 25,Active,499,9,11,,8,4968,BGR West,10,10,,50,3,80,,
2025-06,OL1004,HG-PHOENIX PUNE 4,Health & Glow,MBO,Pune,Maharashtra,West,SKU40266,Liquid Lipstick Nude 5Ml,Renee,Makeup,Lipstick,Top 10,Active,799,28,27,,12,11932,BGR West,13,11,,50,3,80,,
2025-06,OL1004,HG-PHOENIX PUNE 4,Health & Glow,MBO,Pune,Maharashtra,West,SKU40318,Midnight Eyeliner Hazelnut 2.5Ml,Renee,Makeup,Eyeliner,Others,Active,650,9,10,,3,2427,BGR West,5,4,,50,3,80,,
2025-06,OL1004,HG-PHOENIX PUNE 4,Health & Glow,MBO,Pune,Maharashtra,West,SKU40381,Midnight Eyeliner Ocean 2.5Ml,Renee,Makeup,Eyeliner,Top 25,Active,699,0,0,,3,2610,BGR West,5,3,,50,3,80,,
2025-06,OL1004,HG-PHOENIX PUNE 4,Health & Glow,MBO,Pune,Maharashtra,West,SKU40490,Kajal Midnight 0.35Gm,Renee,Makeup,Eyeliner,Top 10,Active,599,14,13,,6,4473,BGR West,7,5,,50,3,80,,
2025-06,OL1004,HG-PHOENIX PUNE 4,Health & Glow,MBO,Pune,Maharashtra,West,SKU40544,Bb Cream Peach 30Ml,Renee,Makeup,Foundation,Top 10,Active,599,4,14,,6,4473,BGR West,18,18,,50,3,80,,
2025-06,OL1004,HG-PHOENIX PUNE 4,Health & Glow,MBO,Pune,Maharashtra,West,SKU40595,Compact Powder Mocha 9Gm,Renee,Makeup,Foundation,Top 10,Active,449,59,65,,16,8940,BGR West,25,22,,50,3,80,,
2025-06,OL1004,HG-PHOENIX PUNE 4,Health & Glow,MBO,Pune,Maharashtra,West,SKU40662,Compact Powder Nude 9Gm,Renee,Makeup,Foundation,Top 25,Active,1199,0,2,,1,1492,BGR West,4,4,,50,3,80,,
2025-06,OL1004,HG-PHOENIX PUNE 4,Health & Glow,MBO,Pune,Maharashtra,West,SKU40722,Compact Powder Berry 9Gm,Renee,Makeup,Foundation,Top 10,Active,799,6,7,,1,994,BGR West,1,1,,50,3,80,,
2025-06,OL1004,HG-PHOENIX PUNE 4,Health & Glow,MBO,Pune,Maharashtra,West,SKU40763,Blending Brush R6,Renee,Makeup,Brushes,Others,Active,349,6,0,,2,869,BGR West,2,1,,50,3,80,,
2025-06,OL1004,HG-PHOENIX PUNE 4,Health & Glow,MBO,Pune,Maharashtra,West,SKU40836,Blending Brush R4,Renee,Makeup,Brushes,Top 10,Active,1199,7,10,,4,5968,BGR West,7,7,,50,3,80,,
2025-06,OL1004,HG-PHOENIX PUNE 4,Health & Glow,MBO,Pune,Maharashtra,West,SKU40850,Powder Brush R8,Renee,Makeup,Brushes,Top 25,Active,650,1,3,,4,3236,BGR West,9,6,,50,3,80,,
2025-06,OL1004,HG-PHOENIX PUNE 4,Health & Glow,MBO,Pune,Maharashtra,West,SKU40928,Powder Brush R4,Renee,Makeup,Brushes,Top 25,Active,650,18,34,,4,3236,BGR West,7,6,,50,3,80,,
2025-06,OL1004,HG-PHOENIX PUNE 4,Health & Glow,MBO,Pune,Maharashtra,West,SKU40951,Sunscreen Gel Spf 50 70Ml,Renee,Skincare,Sunscreen,Top 25,Active,999,16,17,,3,3730,BGR West,6,5,,45,3,80,,
2025-06,OL1004,HG-PHOENIX PUNE 4,Health & Glow,MBO,Pune,Maharashtra,West,SKU41024,Vitamin C Serum 30Ml,Renee,Skincare,Serum,Others,Active,449,4,8,,1,559,BGR West,3,2,,45,3,80,,
2025-06,OL1004,HG-PHOENIX PUNE 4,Health & Glow,MBO,Pune,Maharashtra,West,SKU41129,Face Wash Vanilla 40Ml,Renee,Skincare,Cleanser,Others,Active,299,9,9,,3,1116,BGR West,4,3,,45,3,80,,
2025-06,OL1004,HG-PHOENIX PUNE 4,Health & Glow,MBO,Pune,Maharashtra,West,SKU41215,Perfume Midnight 50Ml,Renee,Fragrance,EDP,Others,Active,399,2,17,,2,993,BGR West,3,2,,55,3,80,,
2025-06,OL1004,HG-PHOENIX PUNE 4,Health & Glow,MBO,Pune,Maharashtra,West,SKU41295,Perfume Rose 50Ml,Renee,Fragrance,EDP,Top 25,Active,599,16,16,,4,2982,BGR West,6,4,,55,3,80,,
2025-06,OL1004,HG-PHOENIX PUNE 4,Health & Glow,MBO,Pune,Maharashtra,West,SKU41420,Body Mist Coral 100Ml,Renee,Fragrance,Body Mist,Top 25,Active,399,13,16,,4,1986,BGR West,8,7,,55,3,80,,
2025-06,OL1004,HG-PHOENIX PUNE 4,Health & Glow,MBO,Pune,Maharashtra,West,SKU41536,Body Mist Nude 100Ml,Renee,Fragrance,Body Mist,Top 25,Active,349,25,28,,5,2172,BGR West,9,8,,55,3,80,,
2025-06,OL1004,HG-PHOENIX PUNE 4,Health & Glow,MBO,Pune,Maharashtra,West,SKU41647,Hair Oil Hazelnut 100Ml,Renee,Haircare,Hair Oil,Others,Active,799,6,6,,2,1989,BGR West,2,2,,35,3,80,,
2025-06,OL1005,HG-CITY CENTRE CHENNAI 5,Health & Glow,MBO,Chennai,Tamil Nadu,South,SKU40108,Matte Lip Color Peach 4.2Ml,Renee,Makeup,Lipstick,Top 10,Active,650,3,4,,3,1907,BGR South,5,4,,50,3,51.8,,
2025-06,OL1005,HG-CITY CENTRE CHENNAI 5,Health & Glow,MBO,Chennai,Tamil Nadu,South,SKU40266,Liquid Lipstick Nude 5Ml,Renee,Makeup,Lipstick,Top 10,Active,799,26,28,,3,2344,BGR South,6,5,,50,3,51.8,,
2025-06,OL1005,HG-CITY CENTRE CHENNAI 5,Health & Glow,MBO,Chennai,Tamil Nadu,South,SKU40318,Midnight Eyeliner Hazelnut 2.5Ml,Renee,Makeup,Eyeliner,Others,Active,650,6,5,,3,1907,BGR South,3,2,,50,3,51.8,,
2025-06,OL1005,HG-CITY CENTRE CHENNAI 5,Health & Glow,MBO,Chennai,Tamil Nadu,South,SKU40381,Midnight Eyeliner Ocean 2.5Ml,Renee,Makeup,Eyeliner,Top 25,Active,699,4,4,,2,1367,BGR South,4,2,,50,3,51.8,,
2025-06,OL1005,HG-CITY CENTRE CHENNAI 5,Health & Glow,MBO,Chennai,Tamil Nadu,South,SKU40425,Kajal Vanilla 0.35Gm,Renee,Makeup,Eyeliner,Top 25,Active,299,5,6,,3,877,BGR South,6,4,,50,3,51.8,,
2025-06,OL1005,HG-CITY CENTRE CHENNAI 5,Health & Glow,MBO,Chennai,Tamil Nadu,South,SKU40544,Bb Cream Peach 30Ml,Renee,Makeup,Foundation,Top 10,Active,599,2,6,,6,3515,BGR South,11,10,,50,3,51.8,,
2025-06,OL1005,HG-CITY CENTRE CHENNAI 5,Health & Glow,MBO,Chennai,Tamil Nadu,South,SKU40662,Compact Powder Nude 9Gm,Renee,Makeup,Foundation,Top 25,Active,1199,3,5,,1,1173,BGR South,4,3,,50,3,51.8,,
2025-06,OL1005,HG-CITY CENTRE CHENNAI 5,Health & Glow,MBO,Chennai,Tamil Nadu,South,SKU40722,Compact Powder Berry 9Gm,Renee,Makeup,Foundation,Top 10,Active,799,7,7,,2,1563,BGR South,4,2,,50,3,51.8,,
2025-06,OL1005,HG-CITY CENTRE CHENNAI 5,Health & Glow,MBO,Chennai,Tamil Nadu,South,SKU40836,Blending Brush R4,Renee,Makeup,Brushes,Top 10,Active,1199,12,15,,6,7035,BGR South,13,9,,50,3,51.8,,
2025-06,OL1005,HG-CITY CENTRE CHENNAI 5,Health & Glow,MBO,Chennai,Tamil Nadu,South,SKU40850,Powder Brush R8,Renee,Makeup,Brushes,Top 25,Active,650,4,8,,4,2543,BGR South,9,8,,50,3,51.8,,
2025-06,OL1005,HG-CITY CENTRE CHENNAI 5,Health & Glow,MBO,Chennai,Tamil Nadu,South,SKU40972,Sunscreen Gel Spf 50 70Ml,Renee,Skincare,Sunscreen,Top 25,Active,599,9,11,,3,1757,BGR South,6,5,,45,3,51.8,,
2025-06,OL1005,HG-CITY CENTRE CHENNAI 5,Health & Glow,MBO,Chennai,Tamil Nadu,South,SKU40979,Sunscreen Gel Spf 50 50Ml,Renee,Skincare,Sunscreen,Top 25,Active,799,0,1,,2,1563,BGR South,4,3,,45,3,51.8,,
2025-06,OL1005,HG-CITY CENTRE CHENNAI 5,Health & Glow,MBO,Chennai,Tamil Nadu,South,SKU41032,Face Wash Hazelnut 60Ml,Renee,Skincare,Cleanser,Others,Active,499,0,0,,3,1464,BGR South,5,4,,45,3,51.8,,
2025-06,OL1005,HG-CITY CENTRE CHENNAI 5,Health & Glow,MBO,Chennai,Tamil Nadu,South,SKU41048,Face Wash Ocean 20Ml,Renee,Skincare,Cleanser,Others,Active,349,16,20,,4,1365,BGR South,8,8,,45,3,51.8,,
2025-06,OL1005,HG-CITY CENTRE CHENNAI 5,Health & Glow,MBO,Chennai,Tamil Nadu,South,SKU41295,Perfume Rose 50Ml,Renee,Fragrance,EDP,Top 25,Active,599,12,17,,4,2343,BGR South,10,9,,55,3,51.8,,
2025-06,OL1005,HG-CITY CENTRE CHENNAI 5,Health & Glow,MBO,Chennai,Tamil Nadu,South,SKU41476,Body Mist Mocha 100Ml,Renee,Fragrance,Body Mist,Top 10,Active,799,6,8,,4,3125,BGR South,6,6,,55,3,51.8,,
2025-06,OL1005,HG-CITY CENTRE CHENNAI 5,Health & Glow,MBO,Chennai,Tamil Nadu,South,SKU41536,Body Mist Nude 100Ml,Renee,Fragrance,Body Mist,Top 25,Active,349,7,10,,3,1024,BGR South,6,6,,55,3,51.8,,
2025-06,OL1005,HG-CITY CENTRE CHENNAI 5,Health & Glow,MBO,Chennai,Tamil Nadu,South,SKU41608,Hair Oil Berry 100Ml,Renee,Haircare,Hair Oil,Others,Active,449,6,0,,2,878,BGR South,5,5,,35,3,51.8,,
2025-06,OL1005,HG-CITY CENTRE CHENNAI 5,Health & Glow,MBO,Chennai,Tamil Nadu,South,SKU41647,Hair Oil Hazelnut 100Ml,Renee,Haircare,Hair Oil,Others,Active,799,12,12,,2,1563,BGR South,3,2,,35,3,51.8,,
2025-06,OL1006,HG-INORBIT GUWAHATI 6,Health & Glow,MBO,Guwahati,Assam,East,SKU40108,Matte Lip Color Peach 4.2Ml,Renee,Makeup,Lipstick,Top 10,Active,650,3,7,,4,2625,BGR East,9,8,,50,2,84.7,,
2025-06,OL1006,HG-INORBIT GUWAHATI 6,Health & Glow,MBO,Guwahati,Assam,East,SKU40266,Liquid Lipstick Nude 5Ml,Renee,Makeup,Lipstick,Top 10,Active,799,20,21,,4,3226,BGR East,7,5,,50,2,84.7,,
2025-06,OL1006,HG-INORBIT GUWAHATI 6,Health & Glow,MBO,Guwahati,Assam,East,SKU40281,Midnight Eyeliner Berry 2.5Ml,Renee,Makeup,Eyeliner,Others,Active,299,8,8,,2,604,BGR East,3,2,,50,2,84.7,,
2025-06,OL1006,HG-INORBIT GUWAHATI 6,Health & Glow,MBO,Guwahati,Assam,East,SKU40425,Kajal Vanilla 0.35Gm,Renee,Makeup,Eyeliner,Top 25,Active,299,4,9,,8,2415,BGR East,13,13,,50,2,84.7,,
2025-06,OL1006,HG-INORBIT GUWAHATI 6,Health & Glow,MBO,Guwahati,Assam,East,SKU40490,Kajal Midnight 0.35Gm,Renee,Makeup,Eyeliner,Top 10,Active,599,15,19,,4,2419,BGR East,9,8,,50,2,84.7,,
2025-06,OL1006,HG-INORBIT GUWAHATI 6,Health & Glow,MBO,Guwahati,Assam,East,SKU40595,Compact Powder Mocha 9Gm,Renee,Makeup,Foundation,Top 10,Active,449,29,36,,12,5439,BGR East,19,19,,50,2,84.7,,
2025-06,OL1006,HG-INORBIT GUWAHATI 6,Health & Glow,MBO,Guwahati,Assam,East,SKU40763,Blending Brush R6,Renee,Makeup,Brushes,Others,Active,349,2,4,,0,0,BGR East,4,4,,50,2,84.7,,
2025-06,OL1006,HG-INORBIT GUWAHATI 6,Health & Glow,MBO,Guwahati,Assam,East,SKU40836,Blending Brush R4,Renee,Makeup,Brushes,Top 10,Active,1199,4,35,,4,4841,BGR East,8,6,,50,2,84.7,,
2025-06,OL1006,HG-INORBIT GUWAHATI 6,Health & Glow,MBO,Guwahati,Assam,East,SKU40850,Powder Brush R8,Renee,Makeup,Brushes,Top 25,Active,650,12,40,,6,3937,BGR East,10,10,,50,2,84.7,,
2025-06,OL1006,HG-INORBIT GUWAHATI 6,Health & Glow,MBO,Guwahati,Assam,East,SKU40951,Sunscreen Gel Spf 50 70Ml,Renee,Skincare,Sunscreen,Top 25,Active,999,2,3,,1,1008,BGR East,2,2,,45,2,84.7,,
2025-06,OL1006,HG-INORBIT GUWAHATI 6,Health & Glow,MBO,Guwahati,Assam,East,SKU40972,Sunscreen Gel Spf 50 70Ml,Renee,Skincare,Sunscreen,Top 25,Active,599,0,0,,4,2419,BGR East,4,4,,45,2,84.7,,
2025-06,OL1006,HG-INORBIT GUWAHATI 6,Health & Glow,MBO,Guwahati,Assam,East,SKU40979,Sunscreen Gel Spf 50 50Ml,Renee,Skincare,Sunscreen,Top 25,Active,799,5,10,,4,3226,BGR East,10,9,,45,2,84.7,,
2025-06,OL1006,HG-INORBIT GUWAHATI 6,Health & Glow,MBO,Guwahati,Assam,East,SKU41024,Vitamin C Serum 30Ml,Renee,Skincare,Serum,Others,Active,449,1,2,,1,453,BGR East,3,2,,45,2,84.7,,
2025-06,OL1006,HG-INORBIT GUWAHATI 6,Health & Glow,MBO,Guwahati,Assam,East,SKU41032,Face Wash Hazelnut 60Ml,Renee,Skincare,Cleanser,Others,Active,499,3,5,,2,1007,BGR East,4,4,,45,2,84.7,,
2025-06,OL1006,HG-INORBIT GUWAHATI 6,Health & Glow,MBO,Guwahati,Assam,East,SKU41048,Face Wash Ocean 20Ml,Renee,Skincare,Cleanser,Others,Active,349,5,6,,4,1409,BGR East,6,5,,45,2,84.7,,
2025-06,OL1006,HG-INORBIT GUWAHATI 6,Health & Glow,MBO,Guwahati,Assam,East,SKU41129,Face Wash Vanilla 40Ml,Renee,Skincare,Cleanser,Others,Active,299,8,0,,0,0,BGR East,2,2,,45,2,84.7,,
2025-06,OL1006,HG-INORBIT GUWAHATI 6,Health & Glow,MBO,Guwahati,Assam,East,SKU41215,Perfume Midnight 50Ml,Renee,Fragrance,EDP,Others,Active,399,3,1,,4,1611,BGR East,3,2,,55,2,84.7,,
2025-06,OL1006,HG-INORBIT GUWAHATI 6,Health & Glow,MBO,Guwahati,Assam,East,SKU41295,Perfume Rose 50Ml,Renee,Fragrance,EDP,Top 25,Active,599,6,7,,3,1814,BGR East,6,4,,55,2,84.7,,
2025-06,OL1006,HG-INORBIT GUWAHATI 6,Health & Glow,MBO,Guwahati,Assam,East,SKU41536,Body Mist Nude 100Ml,Renee,Fragrance,Body Mist,Top 25,Active,349,25,28,,8,2818,BGR East,11,11,,55,2,84.7,,
2025-06,OL1006,HG-INORBIT GUWAHATI 6,Health & Glow,MBO,Guwahati,Assam,East,SKU41647,Hair Oil Hazelnut 100Ml,Renee,Haircare,Hair Oil,Others,Active,799,3,2,,0,0,BGR East,1,0,,35,2,84.7,,
2025-06,OL1007,HG-NEXUS JAIPUR 7,Health & Glow,MBO,Jaipur,Rajasthan,North,SKU40127,Matte Lip Color Coral 4.2Ml,Renee,Makeup,Lipstick,Top 25,Active,499,0,2,,9,5399,BGR North,12,11,,50,4,92.2,,
2025-06,OL1007,HG-NEXUS JAIPUR 7,Health & Glow,MBO,Jaipur,Rajasthan,North,SKU40281,Midnight Eyeliner Berry 2.5Ml,Renee,Makeup,Eyeliner,Others,Active,299,8,8,,3,1078,BGR North,3,3,,50,4,92.2,,
2025-06,OL1007,HG-NEXUS JAIPUR 7,Health & Glow,MBO,Jaipur,Rajasthan,North,SKU40381,Midnight Eyeliner Ocean 2.5Ml,Renee,Makeup,Eyeliner,Top 25,Active,699,9,10,,4,3361,BGR North,7,5,,50,4,92.2,,
2025-06,OL1007,HG-NEXUS JAIPUR 7,Health & Glow,MBO,Jaipur,Rajasthan,North,SKU40490,Kajal Midnight 0.35Gm,Renee,Makeup,Eyeliner,Top 10,Active,599,16,16,,8,5761,BGR North,9,8,,50,4,92.2,,
2025-06,OL1007,HG-NEXUS JAIPUR 7,Health & Glow,MBO,Jaipur,Rajasthan,North,SKU40544,Bb Cream Peach 30Ml,Renee,Makeup,Foundation,Top 10,Active,599,11,15,,6,4321,BGR North,12,10,,50,4,92.2,,
2025-06,OL1007,HG-NEXUS JAIPUR 7,Health & Glow,MBO,Jaipur,Rajasthan,North,SKU40595,Compact Powder Mocha 9Gm,Renee,Makeup,Foundation,Top 10,Active,449,46,45,,12,6477,BGR North,14,11,,50,4,92.2,,
2025-06,OL1007,HG-NEXUS JAIPUR 7,Health & Glow,MBO,Jaipur,Rajasthan,North,SKU40662,Compact Powder Nude 9Gm,Renee,Makeup,Foundation,Top 25,Active,1199,8,9,,1,1441,BGR North,3,2,,50,4,92.2,,
2025-06,OL1007,HG-NEXUS JAIPUR 7,Health & Glow,MBO,Jaipur,Rajasthan,North,SKU40722,Compact Powder Berry 9Gm,Renee,Makeup,Foundation,Top 10,Active,799,3,2,,3,2882,BGR North,3,2,,50,4,92.2,,
2025-06,OL1007,HG-NEXUS JAIPUR 7,Health & Glow,MBO,Jaipur,Rajasthan,North,SKU40763,Blending Brush R6,Renee,Makeup,Brushes,Others,Active,349,3,6,,2,839,BGR North,5,5,,50,4,92.2,,
2025-06,OL1007,HG-NEXUS JAIPUR 7,Health & Glow,MBO,Jaipur,Rajasthan,North,SKU40836,Blending Brush R4,Renee,Makeup,Brushes,Top 10,Active,1199,14,0,,8,11531,BGR North,10,9,,50,4,92.2,,
2025-06,OL1007,HG-NEXUS JAIPUR 7,Health & Glow,MBO,Jaipur,Rajasthan,North,SKU40972,Sunscreen Gel Spf 50 70Ml,Renee,Skincare,Sunscreen,Top 25,Active,599,4,0,,4,2880,BGR North,7,6,,45,4,92.2,,
2025-06,OL1007,HG-NEXUS JAIPUR 7,Health & Glow,MBO,Jaipur,Rajasthan,North,SKU40979,Sunscreen Gel Spf 50 50Ml,Renee,Skincare,Sunscreen,Top 25,Active,799,8,10,,4,3842,BGR North,6,6,,45,4,92.2,,
2025-06,OL1007,HG-NEXUS JAIPUR 7,Health & Glow,MBO,Jaipur,Rajasthan,North,SKU41024,Vitamin C Serum 30Ml,Renee,Skincare,Serum,Others,Active,449,9,11,,3,1619,BGR North,7,5,,45,4,92.2,,
2025-06,OL1007,HG-NEXUS JAIPUR 7,Health & Glow,MBO,Jaipur,Rajasthan,North,SKU41032,Face Wash Hazelnut 60Ml,Renee,Skincare,Cleanser,Others,Active,499,12,0,,3,1800,BGR North,5,5,,45,4,92.2,,
2025-06,OL1007,HG-NEXUS JAIPUR 7,Health & Glow,MBO,Jaipur,Rajasthan,North,SKU41048,Face Wash Ocean 20Ml,Renee,Skincare,Cleanser,Others,Active,349,4,8,,3,1259,BGR North,7,7,,45,4,92.2,,
2025-06,OL1007,HG-NEXUS JAIPUR 7,Health & Glow,MBO,Jaipur,Rajasthan,North,SKU41215,Perfume Midnight 50Ml,Renee,Fragrance,EDP,Others,Active,399,2,6,,3,1439,BGR North,7,7,,55,4,92.2,,
2025-06,OL1007,HG-NEXUS JAIPUR 7,Health & Glow,MBO,Jaipur,Rajasthan,North,SKU41295,Perfume Rose 50Ml,Renee,Fragrance,EDP,Top 25,Active,599,28,30,,4,2880,BGR North,6,6,,55,4,92.2,,
2025-06,OL1007,HG-NEXUS JAIPUR 7,Health & Glow,MBO,Jaipur,Rajasthan,North,SKU41420,Body Mist Coral 100Ml,Renee,Fragrance,Body Mist,Top 25,Active,399,10,11,,3,1439,BGR North,7,5,,55,4,92.2,,
2025-06,OL1007,HG-NEXUS JAIPUR 7,Health & Glow,MBO,Jaipur,Rajasthan,North,SKU41476,Body Mist Mocha 100Ml,Renee,Fragrance,Body Mist,Top 10,Active,799,10,14,,8,7684,BGR North,14,12,,55,4,92.2,,
2025-06,OL1007,HG-NEXUS JAIPUR 7,Health & Glow,MBO,Jaipur,Rajasthan,North,SKU41536,Body Mist Nude 100Ml,Renee,Fragrance,Body Mist,Top 25,Active,349,19,21,,8,3356,BGR North,13,10,,55,4,92.2,,
2025-06,OL1007,HG-NEXUS JAIPUR 7,Health & Glow,MBO,Jaipur,Rajasthan,North,SKU41608,Hair Oil Berry 100Ml,Renee,Haircare,Hair Oil,Others,Active,449,8,8,,3,1619,BGR North,5,4,,35,4,92.2,,
2025-06,OL1007,HG-NEXUS JAIPUR 7,Health & Glow,MBO,Jaipur,Rajasthan,North,SKU41647,Hair Oil Hazelnut 100Ml,Renee,Haircare,Hair Oil,Others,Active,799,8,10,,2,1921,BGR North,4,4,,35,4,92.2,,
2025-06,OL1008,HG-PHOENIX KOCHI 8,Health & Glow,MBO,Kochi,Kerala,South,SKU40078,Matte Lip Color Rose 4.2Ml,Renee,Makeup,Lipstick,Top 25,Active,650,4,6,,0,0,BGR South,4,4,,50,1,75.4,,
2025-06,OL1008,HG-PHOENIX KOCHI 8,Health & Glow,MBO,Kochi,Kerala,South,SKU40108,Matte Lip Color Peach 4.2Ml,Renee,Makeup,Lipstick,Top 10,Active,650,7,13,,6,4247,BGR South,12,12,,50,1,75.4,,
2025-06,OL1008,HG-PHOENIX KOCHI 8,Health & Glow,MBO,Kochi,Kerala,South,SKU40127,Matte Lip Color Coral 4.2Ml,Renee,Makeup,Lipstick,Top 25,Active,499,5,6,,2,1087,BGR South,3,3,,50,1,75.4,,
2025-06,OL1008,HG-PHOENIX KOCHI 8,Health & Glow,MBO,Kochi,Kerala,South,SKU40281,Midnight Eyeliner Berry 2.5Ml,Renee,Makeup,Eyeliner,Others,Active,299,11,11,,4,1302,BGR South,7,4,,50,1,75.4,,
2025-06,OL1008,HG-PHOENIX KOCHI 8,Health & Glow,MBO,Kochi,Kerala,South,SKU40490,Kajal Midnight 0.35Gm,Renee,Makeup,Eyeliner,Top 10,Active,599,0,5,,8,5218,BGR South,13,13,,50,1,75.4,,
2025-06,OL1008,HG-PHOENIX KOCHI 8,Health & Glow,MBO,Kochi,Kerala,South,SKU40662,Compact Powder Nude 9Gm,Renee,Makeup,Foundation,Top 25,Active,1199,4,0,,2,2611,BGR South,4,3,,50,1,75.4,,
2025-06,OL1008,HG-PHOENIX KOCHI 8,Health & Glow,MBO,Kochi,Kerala,South,SKU40722,Compact Powder Berry 9Gm,Renee,Makeup,Foundation,Top 10,Active,799,12,11,,3,2610,BGR South,4,3,,50,1,75.4,,
2025-06,OL1008,HG-PHOENIX KOCHI 8,Health & Glow,MBO,Kochi,Kerala,South,SKU40836,Blending Brush R4,Renee,Makeup,Brushes,Top 10,Active,1199,32,32,,6,7834,BGR South,7,6,,50,1,75.4,,
2025-06,OL1008,HG-PHOENIX KOCHI 8,Health & Glow,MBO,Kochi,Kerala,South,SKU40850,Powder Brush R8,Renee,Makeup,Brushes,Top 25,Active,650,8,8,,4,2831,BGR South,7,4,,50,1,75.4,,
2025-06,OL1008,HG-PHOENIX KOCHI 8,Health & Glow,MBO,Kochi,Kerala,South,SKU40928,Powder Brush R4,Renee,Makeup,Brushes,Top 25,Active,650,8,7,,4,2831,BGR South,5,3,,50,1,75.4,,
2025-06,OL1008,HG-PHOENIX KOCHI 8,Health & Glow,MBO,Kochi,Kerala,South,SKU40951,Sunscreen Gel Spf 50 70Ml,Renee,Skincare,Sunscreen,Top 25,Active,999,7,9,,2,2176,BGR South,5,4,,45,1,75.4,,
2025-06,OL1008,HG-PHOENIX KOCHI 8,Health & Glow,MBO,Kochi,Kerala,South,SKU40972,Sunscreen Gel Spf 50 70Ml,Renee,Skincare,Sunscreen,Top 25,Active,599,11,13,,2,1305,BGR South,6,4,,45,1,75.4,,
2025-06,OL1008,HG-PHOENIX KOCHI 8,Health & Glow,MBO,Kochi,Kerala,South,SKU40979,Sunscreen Gel Spf 50 50Ml,Renee,Skincare,Sunscreen,Top 25,Active,799,8,9,,0,0,BGR South,2,1,,45,1,75.4,,
2025-06,OL1008,HG-PHOENIX KOCHI 8,Health & Glow,MBO,Kochi,Kerala,South,SKU41024,Vitamin C Serum 30Ml,Renee,Skincare,Serum,Others,Active,449,16,17,,3,1467,BGR South,6,5,,45,1,75.4,,
2025-06,OL1008,HG-PHOENIX KOCHI 8,Health & Glow,MBO,Kochi,Kerala,South,SKU41048,Face Wash Ocean 20Ml,Renee,Skincare,Cleanser,Others,Active,349,16,17,,3,1140,BGR South,4,4,,45,1,75.4,,
2025-06,OL1008,HG-PHOENIX KOCHI 8,Health & Glow,MBO,Kochi,Kerala,South,SKU41129,Face Wash Vanilla 40Ml,Renee,Skincare,Cleanser,Others,Active,299,12,12,,0,0,BGR South,1,0,,45,1,75.4,,
2025-06,OL1008,HG-PHOENIX KOCHI 8,Health & Glow,MBO,Kochi,Kerala,South,SKU41295,Perfume Rose 50Ml,Renee,Fragrance,EDP,Top 25,Active,599,4,10,,3,1957,BGR South,4,3,,55,1,75.4,,
2025-06,OL1009,HG-SELECT MUMBAI 9,Health & Glow,MBO,Mumbai,Maharashtra,West,SKU40108,Matte Lip Color Peach 4.2Ml,Renee,Makeup,Lipstick,Top 10,Active,650,3,8,,4,2919,BGR West,10,9,,50,4,67,,
2025-06,OL1009,HG-SELECT MUMBAI 9,Health & Glow,MBO,Mumbai,Maharashtra,West,SKU40266,Liquid Lipstick Nude 5Ml,Renee,Makeup,Lipstick,Top 10,Active,799,19,21,,8,7176,BGR West,16,14,,50,4,67,,
2025-06,OL1009,HG-SELECT MUMBAI 9,Health & Glow,MBO,Mumbai,Maharashtra,West,SKU40318,Midnight Eyeliner Hazelnut 2.5Ml,Renee,Makeup,Eyeliner,Others,Active,650,7,9,,1,730,BGR West,3,3,,50,4,67,,
2025-06,OL1009,HG-SELECT MUMBAI 9,Health & Glow,MBO,Mumbai,Maharashtra,West,SKU40381,Midnight Eyeliner Ocean 2.5Ml,Renee,Makeup,Eyeliner,Top 25,Active,699,9,11,,3,2354,BGR West,6,5,,50,4,67,,
2025-06,OL1009,HG-SELECT MUMBAI 9,Health & Glow,MBO,Mumbai,Maharashtra,West,SKU40425,Kajal Vanilla 0.35Gm,Renee,Makeup,Eyeliner,Top 25,Active,299,28,34,,8,2686,BGR West,15,14,,50,4,67,,
2025-06,OL1009,HG-SELECT MUMBAI 9,Health & Glow,MBO,Mumbai,Maharashtra,West,SKU40490,Kajal Midnight 0.35Gm,Renee,Makeup,Eyeliner,Top 10,Active,599,27,30,,3,2018,BGR West,7,6,,50,4,67,,
2025-06,OL1009,HG-SELECT MUMBAI 9,Health & Glow,MBO,Mumbai,Maharashtra,West,SKU40588,Bb Cream Coral 30Ml,Renee,Makeup,Foundation,Top 10,Active,349,7,8,,10,3918,BGR West,11,11,,50,4,67,,
2025-06,OL1009,HG-SELECT MUMBAI 9,Health & Glow,MBO,Mumbai,Maharashtra,West,SKU40595,Compact Powder Mocha 9Gm,Renee,Makeup,Foundation,Top 10,Active,449,39,40,,5,2521,BGR West,8,6,,50,4,67,,
2025-06,OL1009,HG-SELECT MUMBAI 9,Health & Glow,MBO,Mumbai,Maharashtra,West,SKU40662,Compact Powder Nude 9Gm,Renee,Makeup,Foundation,Top 25,Active,1199,9,17,,1,1346,BGR West,8,6,,50,4,67,,
2025-06,OL1009,HG-SELECT MUMBAI 9,Health & Glow,MBO,Mumbai,Maharashtra,West,SKU40722,Compact Powder Berry 9Gm,Renee,Makeup,Foundation,Top 10,Active,799,2,2,,2,1794,BGR West,3,2,,50,4,67,,
2025-06,OL1009,HG-SELECT MUMBAI 9,Health & Glow,MBO,Mumbai,Maharashtra,West,SKU40763,Blending Brush R6,Renee,Makeup,Brushes,Others,Active,349,1,0,,2,784,BGR West,1,0,,50,4,67,,
2025-06,OL1009,HG-SELECT MUMBAI 9,Health & Glow,MBO,Mumbai,Maharashtra,West,SKU40836,Blending Brush R4,Renee,Makeup,Brushes,Top 10,Active,1199,31,34,,0,0,BGR West,3,3,,50,4,67,,
2025-06,OL1009,HG-SELECT MUMBAI 9,Health & Glow,MBO,Mumbai,Maharashtra,West,SKU40972,Sunscreen Gel Spf 50 70Ml,Renee,Skincare,Sunscreen,Top 25,Active,599,8,6,,4,2690,BGR West,3,2,,45,4,67,,
2025-06,OL1009,HG-SELECT MUMBAI 9,Health & Glow,MBO,Mumbai,Maharashtra,West,SKU40979,Sunscreen Gel Spf 50 50Ml,Renee,Skincare,Sunscreen,Top 25,Active,799,9,8,,3,2691,BGR West,4,2,,45,4,67,,
2025-06,OL1009,HG-SELECT MUMBAI 9,Health & Glow,MBO,Mumbai,Maharashtra,West,SKU41032,Face Wash Hazelnut 60Ml,Renee,Skincare,Cleanser,Others,Active,499,0,2,,2,1120,BGR West,4,4,,45,4,67,,
2025-06,OL1009,HG-SELECT MUMBAI 9,Health & Glow,MBO,Mumbai,Maharashtra,West,SKU41048,Face Wash Ocean 20Ml,Renee,Skincare,Cleanser,Others,Active,349,3,5,,4,1567,BGR West,6,6,,45,4,67,,
2025-06,OL1009,HG-SELECT MUMBAI 9,Health & Glow,MBO,Mumbai,Maharashtra,West,SKU41129,Face Wash Vanilla 40Ml,Renee,Skincare,Cleanser,Others,Active,299,6,8,,4,1343,BGR West,7,6,,45,4,67,,
2025-06,OL1009,HG-SELECT MUMBAI 9,Health & Glow,MBO,Mumbai,Maharashtra,West,SKU41295,Perfume Rose 50Ml,Renee,Fragrance,EDP,Top 25,Active,599,8,13,,3,2018,BGR West,8,8,,55,4,67,,
2025-06,OL1009,HG-SELECT MUMBAI 9,Health & Glow,MBO,Mumbai,Maharashtra,West,SKU41476,Body Mist Mocha 100Ml,Renee,Fragrance,Body Mist,Top 10,Active,799,0,44,,5,4485,BGR West,7,5,,55,4,67,,
2025-06,OL1009,HG-SELECT MUMBAI 9,Health & Glow,MBO,Mumbai,Maharashtra,West,SKU41647,Hair Oil Hazelnut 100Ml,Renee,Haircare,Hair Oil,Others,Active,799,0,2,,0,0,BGR West,3,2,,35,4,67,,
2025-06,OL1010,HG-GALLERIA BANGALORE 10,Health & Glow,MBO,Bangalore,Karnataka,South,SKU40078,Matte Lip Color Rose 4.2Ml,Renee,Makeup,Lipstick,Top 25,Active,650,8,19,,3,2565,BGR South,3,2,,50,4,46.1,,
2025-06,OL1010,HG-GALLERIA BANGALORE 10,Health & Glow,MBO,Bangalore,Karnataka,South,SKU40127,Matte Lip Color Coral 4.2Ml,Renee,Makeup,Lipstick,Top 25,Active,499,8,0,,2,1313,BGR South,4,4,,50,4,46.1,,
2025-06,OL1010,HG-GALLERIA BANGALORE 10,Health & Glow,MBO,Bangalore,Karnataka,South,SKU40266,Liquid Lipstick Nude 5Ml,Renee,Makeup,Lipstick,Top 10,Active,799,8,7,,2,2102,BGR South,3,2,,50,4,46.1,,
2025-06,OL1010,HG-GALLERIA BANGALORE 10,Health & Glow,MBO,Bangalore,Karnataka,South,SKU40281,Midnight Eyeliner Berry 2.5Ml,Renee,Makeup,Eyeliner,Others,Active,299,2,1,,1,393,BGR South,1,0,,50,4,46.1,,
2025-06,OL1010,HG-GALLERIA BANGALORE 10,Health & Glow,MBO,Bangalore,Karnataka,South,SKU40381,Midnight Eyeliner Ocean 2.5Ml,Renee,Makeup,Eyeliner,Top 25,Active,699,6,8,,1,920,BGR South,3,3,,50,4,46.1,,
2025-06,OL1010,HG-GALLERIA BANGALORE 10,Health & Glow,MBO,Bangalore,Karnataka,South,SKU40490,Kajal Midnight 0.35Gm,Renee,Makeup,Eyeliner,Top 10,Active,599,4,5,,4,3152,BGR South,5,5,,50,4,46.1,,
2025-06,OL1010,HG-GALLERIA BANGALORE 10,Health & Glow,MBO,Bangalore,Karnataka,South,SKU40662,Compact Powder Nude 9Gm,Renee,Makeup,Foundation,Top 25,Active,1199,6,8,,2,3155,BGR South,6,5,,50,4,46.1,,
2025-06,OL1010,HG-GALLERIA BANGALORE 10,Health & Glow,MBO,Bangalore,Karnataka,South,SKU40763,Blending Brush R6,Renee,Makeup,Brushes,Others,Active,349,6,6,,2,918,BGR South,4,2,,50,4,46.1,,
2025-06,OL1010,HG-GALLERIA BANGALORE 10,Health & Glow,MBO,Bangalore,Karnataka,South,SKU40850,Powder Brush R8,Renee,Makeup,Brushes,Top 25,Active,650,2,1,,1,855,BGR South,1,0,,50,4,46.1,,
2025-06,OL1010,HG-GALLERIA BANGALORE 10,Health & Glow,MBO,Bangalore,Karnataka,South,SKU40951,Sunscreen Gel Spf 50 70Ml,Renee,Skincare,Sunscreen,Top 25,Active,999,0,0,,3,3943,BGR South,5,3,,45,4,46.1,,
2025-06,OL1010,HG-GALLERIA BANGALORE 10,Health & Glow,MBO,Bangalore,Karnataka,South,SKU40979,Sunscreen Gel Spf 50 50Ml,Renee,Skincare,Sunscreen,Top 25,Active,799,17,17,,1,1051,BGR South,2,1,,45,4,46.1,,
2025-06,OL1010,HG-GALLERIA BANGALORE 10,Health & Glow,MBO,Bangalore,Karnataka,South,SKU41024,Vitamin C Serum 30Ml,Renee,Skincare,Serum,Others,Active,449,2,6,,2,1181,BGR South,6,6,,45,4,46.1,,
2025-06,OL1010,HG-GALLERIA BANGALORE 10,Health & Glow,MBO,Bangalore,Karnataka,South,SKU41048,Face Wash Ocean 20Ml,Renee,Skincare,Cleanser,Others,Active,349,12,13,,1,459,BGR South,5,3,,45,4,46.1,,
2025-06,OL1010,HG-GALLERIA BANGALORE 10,Health & Glow,MBO,Bangalore,Karnataka,South,SKU41295,Perfume Rose 50Ml,Renee,Fragrance,EDP,Top 25,Active,599,10,0,,4,3152,BGR South,6,5,,55,4,46.1,,
2025-06,OL1010,HG-GALLERIA BANGALORE 10,Health & Glow,MBO,Bangalore,Karnataka,South,SKU41536,Body Mist Nude 100Ml,Renee,Fragrance,Body Mist,Top 25,Active,349,2,4,,4,1837,BGR South,8,6,,55,4,46.1,,
2025-06,OL1011,HG-NEXUS MUMBAI 11,Health & Glow,MBO,Mumbai,Maharashtra,West,SKU40127,Matte Lip Color Coral 4.2Ml,Renee,Makeup,Lipstick,Top 25,Active,499,7,9,,2,1222,BGR West,4,4,,50,3,52.2,,
2025-06,OL1011,HG-NEXUS MUMBAI 11,Health & Glow,MBO,Mumbai,Maharashtra,West,SKU40266,Liquid Lipstick Nude 5Ml,Renee,Makeup,Lipstick,Top 10,Active,799,6,7,,3,2935,BGR West,10,7,,50,3,52.2,,
2025-06,OL1011,HG-NEXUS MUMBAI 11,Health & Glow,MBO,Mumbai,Maharashtra,West,SKU40281,Midnight Eyeliner Berry 2.5Ml,Renee,Makeup,Eyeliner,Others,Active,299,7,9,,2,732,BGR West,5,4,,50,3,52.2,,
2025-06,OL1011,HG-NEXUS MUMBAI 11,Health & Glow,MBO,Mumbai,Maharashtra,West,SKU40318,Midnight Eyeliner Hazelnut 2.5Ml,Renee,Makeup,Eyeliner,Others,Active,650,5,7,,4,3184,BGR West,6,6,,50,3,52.2,,
2025-06,OL1011,HG-NEXUS MUMBAI 11,Health & Glow,MBO,Mumbai,Maharashtra,West,SKU40381,Midnight Eyeliner Ocean 2.5Ml,Renee,Makeup,Eyeliner,Top 25,Active,699,11,24,,3,2568,BGR West,3,2,,50,3,52.2,,
2025-06,OL1011,HG-NEXUS MUMBAI 11,Health & Glow,MBO,Mumbai,Maharashtra,West,SKU40425,Kajal Vanilla 0.35Gm,Renee,Makeup,Eyeliner,Top 25,Active,299,11,12,,4,1465,BGR West,5,5,,50,3,52.2,,
2025-06,OL1011,HG-NEXUS MUMBAI 11,Health & Glow,MBO,Mumbai,Maharashtra,West,SKU40588,Bb Cream Coral 30Ml,Renee,Makeup,Foundation,Top 10,Active,349,14,14,,2,855,BGR West,3,2,,50,3,52.2,,
2025-06,OL1011,HG-NEXUS MUMBAI 11,Health & Glow,MBO,Mumbai,Maharashtra,West,SKU40595,Compact Powder Mocha 9Gm,Renee,Makeup,Foundation,Top 10,Active,449,8,10,,4,2199,BGR West,6,6,,50,3,52.2,,
2025-06,OL1011,HG-NEXUS MUMBAI 11,Health & Glow,MBO,Mumbai,Maharashtra,West,SKU40662,Compact Powder Nude 9Gm,Renee,Makeup,Foundation,Top 25,Active,1199,6,7,,3,4405,BGR West,5,4,,50,3,52.2,,
2025-06,OL1011,HG-NEXUS MUMBAI 11,Health & Glow,MBO,Mumbai,Maharashtra,West,SKU40763,Blending Brush R6,Renee,Makeup,Brushes,Others,Active,349,2,2,,2,855,BGR West,3,2,,50,3,52.2,,
2025-06,OL1011,HG-NEXUS MUMBAI 11,Health & Glow,MBO,Mumbai,Maharashtra,West,SKU40836,Blending Brush R4,Renee,Makeup,Brushes,Top 10,Active,1199,0,0,,4,5873,BGR West,4,3,,50,3,52.2,,
2025-06,OL1011,HG-NEXUS MUMBAI 11,Health & Glow,MBO,Mumbai,Maharashtra,West,SKU40850,Powder Brush R8,Renee,Makeup,Brushes,Top 25,Active,650,11,0,,4,3184,BGR West,9,8,,50,3,52.2,,
2025-06,OL1011,HG-NEXUS MUMBAI 11,Health & Glow,MBO,Mumbai,Maharashtra,West,SKU40928,Powder Brush R4,Renee,Makeup,Brushes,Top 25,Active,650,7,10,,2,1592,BGR West,5,5,,50,3,52.2,,
2025-06,OL1011,HG-NEXUS MUMBAI 11,Health & Glow,MBO,Mumbai,Maharashtra,West,SKU40972,Sunscreen Gel Spf 50 70Ml,Renee,Skincare,Sunscreen,Top 25,Active,599,3,6,,4,2934,BGR West,8,7,,45,3,52.2,,
2025-06,OL1011,HG-NEXUS MUMBAI 11,Health & Glow,MBO,Mumbai,Maharashtra,West,SKU41048,Face Wash Ocean 20Ml,Renee,Skincare,Cleanser,Others,Active,349,3,5,,3,1282,BGR West,5,5,,45,3,52.2,,
2025-06,OL1011,HG-NEXUS MUMBAI 11,Health & Glow,MBO,Mumbai,Maharashtra,West,SKU41295,Perfume Rose 50Ml,Renee,Fragrance,EDP,Top 25,Active,599,7,7,,4,2934,BGR West,6,4,,55,3,52.2,,
2025-06,OL1011,HG-NEXUS MUMBAI 11,Health & Glow,MBO,Mumbai,Maharashtra,West,SKU41536,Body Mist Nude 100Ml,Renee,Fragrance,Body Mist,Top 25,Active,349,10,12,,8,3419,BGR West,13,10,,55,3,52.2,,
2025-06,OL1011,HG-NEXUS MUMBAI 11,Health & Glow,MBO,Mumbai,Maharashtra,West,SKU41608,Hair Oil Berry 100Ml,Renee,Haircare,Hair Oil,Others,Active,449,2,4,,2,1100,BGR West,4,4,,35,3,52.2,,
2025-06,OL1012,HG-INORBIT AHMEDABAD 12,Health & Glow,MBO,Ahmedabad,Gujarat,West,SKU40078,Matte Lip Color Rose 4.2Ml,Renee,Makeup,Lipstick,Top 25,Active,650,2,0,,0,0,BGR West,2,1,,50,2,61.3,,
2025-06,OL1012,HG-INORBIT AHMEDABAD 12,Health & Glow,MBO,Ahmedabad,Gujarat,West,SKU40127,Matte Lip Color Coral 4.2Ml,Renee,Makeup,Lipstick,Top 25,Active,499,10,11,,3,1621,BGR West,4,4,,50,2,61.3,,
2025-06,OL1012,HG-INORBIT AHMEDABAD 12,Health & Glow,MBO,Ahmedabad,Gujarat,West,SKU40266,Liquid Lipstick Nude 5Ml,Renee,Makeup,Lipstick,Top 10,Active,799,15,0,,9,7789,BGR West,13,11,,50,2,61.3,,
2025-06,OL1012,HG-INORBIT AHMEDABAD 12,Health & Glow,MBO,Ahmedabad,Gujarat,West,SKU40588,Bb Cream Coral 30Ml,Renee,Makeup,Foundation,Top 10,Active,349,0,0,,7,2646,BGR West,9,6,,50,2,61.3,,
2025-06,OL1012,HG-INORBIT AHMEDABAD 12,Health & Glow,MBO,Ahmedabad,Gujarat,West,SKU40662,Compact Powder Nude 9Gm,Renee,Makeup,Foundation,Top 25,Active,1199,3,7,,4,5195,BGR West,8,8,,50,2,61.3,,
2025-06,OL1012,HG-INORBIT AHMEDABAD 12,Health & Glow,MBO,Ahmedabad,Gujarat,West,SKU40836,Blending Brush R4,Renee,Makeup,Brushes,Top 10,Active,1199,21,20,,3,3896,BGR West,3,2,,50,2,61.3,,
2025-06,OL1012,HG-INORBIT AHMEDABAD 12,Health & Glow,MBO,Ahmedabad,Gujarat,West,SKU40850,Powder Brush R8,Renee,Makeup,Brushes,Top 25,Active,650,10,14,,2,1408,BGR West,6,6,,50,2,61.3,,
2025-06,OL1012,HG-INORBIT AHMEDABAD 12,Health & Glow,MBO,Ahmedabad,Gujarat,West,SKU40951,Sunscreen Gel Spf 50 70Ml,Renee,Skincare,Sunscreen,Top 25,Active,999,7,8,,3,3246,BGR West,6,5,,45,2,61.3,,
2025-06,OL1012,HG-INORBIT AHMEDABAD 12,Health & Glow,MBO,Ahmedabad,Gujarat,West,SKU40972,Sunscreen Gel Spf 50 70Ml,Renee,Skincare,Sunscreen,Top 25,Active,599,9,20,,3,1946,BGR West,8,7,,45,2,61.3,,
2025-06,OL1012,HG-INORBIT AHMEDABAD 12,Health & Glow,MBO,Ahmedabad,Gujarat,West,SKU41024,Vitamin C Serum 30Ml,Renee,Skincare,Serum,Others,Active,449,6,7,,3,1459,BGR West,6,4,,45,2,61.3,,
2025-06,OL1012,HG-INORBIT AHMEDABAD 12,Health & Glow,MBO,Ahmedabad,Gujarat,West,SKU41048,Face Wash Ocean 20Ml,Renee,Skincare,Cleanser,Others,Active,349,6,11,,3,1134,BGR West,8,8,,45,2,61.3,,
2025-06,OL1012,HG-INORBIT AHMEDABAD 12,Health & Glow,MBO,Ahmedabad,Gujarat,West,SKU41420,Body Mist Coral 100Ml,Renee,Fragrance,Body Mist,Top 25,Active,399,13,5,,2,864,BGR West,3,2,,55,2,61.3,,
2025-06,OL1013,HG-SELECT SURAT 13,Health & Glow,MBO,Surat,Gujarat,West,SKU40078,Matte Lip Color Rose 4.2Ml,Renee,Makeup,Lipstick,Top 25,Active,650,30,32,,3,2422,BGR West,6,5,,50,2,89,,
2025-06,OL1013,HG-SELECT SURAT 13,Health & Glow,MBO,Surat,Gujarat,West,SKU40266,Liquid Lipstick Nude 5Ml,Renee,Makeup,Lipstick,Top 10,Active,799,23,0,,8,7941,BGR West,13,11,,50,2,89,,
2025-06,OL1013,HG-SELECT SURAT 13,Health & Glow,MBO,Surat,Gujarat,West,SKU40490,Kajal Midnight 0.35Gm,Renee,Makeup,Eyeliner,Top 10,Active,599,13,15,,6,4465,BGR West,9,8,,50,2,89,,
2025-06,OL1013,HG-SELECT SURAT 13,Health & Glow,MBO,Surat,Gujarat,West,SKU40544,Bb Cream Peach 30Ml,Renee,Makeup,Foundation,Top 10,Active,599,18,21,,6,4465,BGR West,12,12,,50,2,89,,
2025-06,OL1013,HG-SELECT SURAT 13,Health & Glow,MBO,Surat,Gujarat,West,SKU40588,Bb Cream Coral 30Ml,Renee,Makeup,Foundation,Top 10,Active,349,61,58,,8,3468,BGR West,8,5,,50,2,89,,
2025-06,OL1013,HG-SELECT SURAT 13,Health & Glow,MBO,Surat,Gujarat,West,SKU40595,Compact Powder Mocha 9Gm,Renee,Makeup,Foundation,Top 10,Active,449,5,0,,5,2789,BGR West,7,5,,50,2,89,,
2025-06,OL1013,HG-SELECT SURAT 13,Health & Glow,MBO,Surat,Gujarat,West,SKU40836,Blending Brush R4,Renee,Makeup,Brushes,Top 10,Active,1199,7,15,,10,14895,BGR West,18,18,,50,2,89,,
2025-06,OL1013,HG-SELECT SURAT 13,Health & Glow,MBO,Surat,Gujarat,West,SKU40850,Powder Brush R8,Renee,Makeup,Brushes,Top 25,Active,650,35,37,,4,3230,BGR West,7,6,,50,2,89,,
2025-06,OL1013,HG-SELECT SURAT 13,Health & Glow,MBO,Surat,Gujarat,West,SKU40951,Sunscreen Gel Spf 50 70Ml,Renee,Skincare,Sunscreen,Top 25,Active,999,8,8,,1,1241,BGR West,1,1,,45,2,89,,
2025-06,OL1013,HG-SELECT SURAT 13,Health & Glow,MBO,Surat,Gujarat,West,SKU40972,Sunscreen Gel Spf 50 70Ml,Renee,Skincare,Sunscreen,Top 25,Active,599,8,10,,4,2976,BGR West,6,6,,45,2,89,,
2025-06,OL1013,HG-SELECT SURAT 13,Health & Glow,MBO,Surat,Gujarat,West,SKU41048,Face Wash Ocean 20Ml,Renee,Skincare,Cleanser,Others,Active,349,21,23,,4,1734,BGR West,8,6,,45,2,89,,
2025-06,OL1013,HG-SELECT SURAT 13,Health & Glow,MBO,Surat,Gujarat,West,SKU41647,Hair Oil Hazelnut 100Ml,Renee,Haircare,Hair Oil,Others,Active,799,6,6,,2,1985,BGR West,3,3,,35,2,89,,
2025-06,OL1014,HG-FORUM CHANDIGARH 14,Health & Glow,MBO,Chandigarh,Punjab,North,SKU40078,Matte Lip Color Rose 4.2Ml,Renee,Makeup,Lipstick,Top 25,Active,650,2,3,,1,758,BGR North,3,2,,50,1,80.6,,
2025-06,OL1014,HG-FORUM CHANDIGARH 14,Health & Glow,MBO,Chandigarh,Punjab,North,SKU40127,Matte Lip Color Coral 4.2Ml,Renee,Makeup,Lipstick,Top 25,Active,499,6,6,,2,1164,BGR North,3,2,,50,1,80.6,,
2025-06,OL1014,HG-FORUM CHANDIGARH 14,Health & Glow,MBO,Chandigarh,Punjab,North,SKU40281,Midnight Eyeliner Berry 2.5Ml,Renee,Makeup,Eyeliner,Others,Active,299,5,4,,2,697,BGR North,2,1,,50,1,80.6,,
2025-06,OL1014,HG-FORUM CHANDIGARH 14,Health & Glow,MBO,Chandigarh,Punjab,North,SKU40318,Midnight Eyeliner Hazelnut 2.5Ml,Renee,Makeup,Eyeliner,Others,Active,650,3,1,,4,3031,BGR North,3,2,,50,1,80.6,,
2025-06,OL1014,HG-FORUM CHANDIGARH 14,Health & Glow,MBO,Chandigarh,Punjab,North,SKU40381,Midnight Eyeliner Ocean 2.5Ml,Renee,Makeup,Eyeliner,Top 25,Active,699,8,26,,3,2445,BGR North,8,7,,50,1,80.6,,
2025-06,OL1014,HG-FORUM CHANDIGARH 14,Health & Glow,MBO,Chandigarh,Punjab,North,SKU40425,Kajal Vanilla 0.35Gm,Renee,Makeup,Eyeliner,Top 25,Active,299,0,1,,0,0,BGR North,2,1,,50,1,80.6,,
2025-06,OL1014,HG-FORUM CHANDIGARH 14,Health & Glow,MBO,Chandigarh,Punjab,North,SKU40588,Bb Cream Coral 30Ml,Renee,Makeup,Foundation,Top 10,Active,349,10,13,,3,1221,BGR North,6,6,,50,1,80.6,,
2025-06,OL1014,HG-FORUM CHANDIGARH 14,Health & Glow,MBO,Chandigarh,Punjab,North,SKU40595,Compact Powder Mocha 9Gm,Renee,Makeup,Foundation,Top 10,Active,449,4,3,,4,2094,BGR North,5,3,,50,1,80.6,,
2025-06,OL1014,HG-FORUM CHANDIGARH 14,Health & Glow,MBO,Chandigarh,Punjab,North,SKU40836,Blending Brush R4,Renee,Makeup,Brushes,Top 10,Active,1199,8,0,,4,5592,BGR North,10,10,,50,1,80.6,,
2025-06,OL1014,HG-FORUM CHANDIGARH 14,Health & Glow,MBO,Chandigarh,Punjab,North,SKU40850,Powder Brush R8,Renee,Makeup,Brushes,Top 25,Active,650,29,32,,2,1516,BGR North,5,5,,50,1,80.6,,
2025-06,OL1014,HG-FORUM CHANDIGARH 14,Health & Glow,MBO,Chandigarh,Punjab,North,SKU40972,Sunscreen Gel Spf 50 70Ml,Renee,Skincare,Sunscreen,Top 25,Active,599,7,10,,3,2095,BGR North,8,6,,45,1,80.6,,
2025-06,OL1014,HG-FORUM CHANDIGARH 14,Health & Glow,MBO,Chandigarh,Punjab,North,SKU40979,Sunscreen Gel Spf 50 50Ml,Renee,Skincare,Sunscreen,Top 25,Active,799,9,10,,3,2795,BGR North,5,4,,45,1,80.6,,
2025-06,OL1014,HG-FORUM CHANDIGARH 14,Health & Glow,MBO,Chandigarh,Punjab,North,SKU41048,Face Wash Ocean 20Ml,Renee,Skincare,Cleanser,Others,Active,349,8,12,,4,1628,BGR North,8,8,,45,1,80.6,,
2025-06,OL1014,HG-FORUM CHANDIGARH 14,Health & Glow,MBO,Chandigarh,Punjab,North,SKU41420,Body Mist Coral 100Ml,Renee,Fragrance,Body Mist,Top 25,Active,399,10,9,,2,930,BGR North,2,1,,55,1,80.6,,
2025-06,OL1014,HG-FORUM CHANDIGARH 14,Health & Glow,MBO,Chandigarh,Punjab,North,SKU41608,Hair Oil Berry 100Ml,Renee,Haircare,Hair Oil,Others,Active,449,12,16,,4,2094,BGR North,8,8,,35,1,80.6,,
2025-06,OL1015,HG-FORUM NOIDA 15,Health & Glow,MBO,Noida,Uttar Pradesh,North,SKU40108,Matte Lip Color Peach 4.2Ml,Renee,Makeup,Lipstick,Top 10,Active,650,10,10,,2,1567,BGR North,3,2,,50,2,86.5,,
2025-06,OL1015,HG-FORUM NOIDA 15,Health & Glow,MBO,Noida,Uttar Pradesh,North,SKU40127,Matte Lip Color Coral 4.2Ml,Renee,Makeup,Lipstick,Top 25,Active,499,6,9,,2,1203,BGR North,6,5,,50,2,86.5,,
2025-06,OL1015,HG-FORUM NOIDA 15,Health & Glow,MBO,Noida,Uttar Pradesh,North,SKU40281,Midnight Eyeliner Berry 2.5Ml,Renee,Makeup,Eyeliner,Others,Active,299,11,15,,3,1081,BGR North,7,7,,50,2,86.5,,
2025-06,OL1015,HG-FORUM NOIDA 15,Health & Glow,MBO,Noida,Uttar Pradesh,North,SKU40318,Midnight Eyeliner Hazelnut 2.5Ml,Renee,Makeup,Eyeliner,Others,Active,650,3,2,,3,2350,BGR North,4,2,,50,2,86.5,,
2025-06,OL1015,HG-FORUM NOIDA 15,Health & Glow,MBO,Noida,Uttar Pradesh,North,SKU40381,Midnight Eyeliner Ocean 2.5Ml,Renee,Makeup,Eyeliner,Top 25,Active,699,1,2,,3,2528,BGR North,6,4,,50,2,86.5,,
2025-06,OL1015,HG-FORUM NOIDA 15,Health & Glow,MBO,Noida,Uttar Pradesh,North,SKU40544,Bb Cream Peach 30Ml,Renee,Makeup,Foundation,Top 10,Active,599,12,13,,3,2166,BGR North,6,4,,50,2,86.5,,
2025-06,OL1015,HG-FORUM NOIDA 15,Health & Glow,MBO,Noida,Uttar Pradesh,North,SKU40588,Bb Cream Coral 30Ml,Renee,Makeup,Foundation,Top 10,Active,349,9,10,,2,841,BGR North,5,3,,50,2,86.5,,
2025-06,OL1015,HG-FORUM NOIDA 15,Health & Glow,MBO,Noida,Uttar Pradesh,North,SKU40595,Compact Powder Mocha 9Gm,Renee,Makeup,Foundation,Top 10,Active,449,4,6,,3,1624,BGR North,5,5,,50,2,86.5,,
2025-06,OL1015,HG-FORUM NOIDA 15,Health & Glow,MBO,Noida,Uttar Pradesh,North,SKU40722,Compact Powder Berry 9Gm,Renee,Makeup,Foundation,Top 10,Active,799,9,11,,2,1926,BGR North,5,4,,50,2,86.5,,
2025-06,OL1015,HG-FORUM NOIDA 15,Health & Glow,MBO,Noida,Uttar Pradesh,North,SKU40763,Blending Brush R6,Renee,Makeup,Brushes,Others,Active,349,11,14,,4,1683,BGR North,7,7,,50,2,86.5,,
2025-06,OL1015,HG-FORUM NOIDA 15,Health & Glow,MBO,Noida,Uttar Pradesh,North,SKU40836,Blending Brush R4,Renee,Makeup,Brushes,Top 10,Active,1199,4,4,,3,4336,BGR North,3,3,,50,2,86.5,,
2025-06,OL1015,HG-FORUM NOIDA 15,Health & Glow,MBO,Noida,Uttar Pradesh,North,SKU40850,Powder Brush R8,Renee,Makeup,Brushes,Top 25,Active,650,2,2,,2,1567,BGR North,4,2,,50,2,86.5,,
2025-06,OL1015,HG-FORUM NOIDA 15,Health & Glow,MBO,Noida,Uttar Pradesh,North,SKU40972,Sunscreen Gel Spf 50 70Ml,Renee,Skincare,Sunscreen,Top 25,Active,599,4,8,,2,1444,BGR North,6,6,,45,2,86.5,,
2025-06,OL1015,HG-FORUM NOIDA 15,Health & Glow,MBO,Noida,Uttar Pradesh,North,SKU40979,Sunscreen Gel Spf 50 50Ml,Renee,Skincare,Sunscreen,Top 25,Active,799,0,3,,1,963,BGR North,4,4,,45,2,86.5,,
2025-06,OL1015,HG-FORUM NOIDA 15,Health & Glow,MBO,Noida,Uttar Pradesh,North,SKU41129,Face Wash Vanilla 40Ml,Renee,Skincare,Cleanser,Others,Active,299,2,3,,1,360,BGR North,3,2,,45,2,86.5,,
2025-06,OL1015,HG-FORUM NOIDA 15,Health & Glow,MBO,Noida,Uttar Pradesh,North,SKU41420,Body Mist Coral 100Ml,Renee,Fragrance,Body Mist,Top 25,Active,399,8,10,,3,1443,BGR North,7,5,,55,2,86.5,,
2025-06,OL1015,HG-FORUM NOIDA 15,Health & Glow,MBO,Noida,Uttar Pradesh,North,SKU41476,Body Mist Mocha 100Ml,Renee,Fragrance,Body Mist,Top 10,Active,799,5,5,,3,2889,BGR North,4,3,,55,2,86.5,,
2025-06,OL1015,HG-FORUM NOIDA 15,Health & Glow,MBO,Noida,Uttar Pradesh,North,SKU41536,Body Mist Nude 100Ml,Renee,Fragrance,Body Mist,Top 25,Active,349,9,9,,2,841,BGR North,3,2,,55,2,86.5,,
2025-06,OL1016,HG-INORBIT KOCHI 16,Health & Glow,MBO,Kochi,Kerala,South,SKU40108,Matte Lip Color Peach 4.2Ml,Renee,Makeup,Lipstick,Top 10,Active,650,6,9,,2,1317,BGR South,5,5,,50,4,61,,
2025-06,OL1016,HG-INORBIT KOCHI 16,Health & Glow,MBO,Kochi,Kerala,South,SKU40318,Midnight Eyeliner Hazelnut 2.5Ml,Renee,Makeup,Eyeliner,Others,Active,650,6,5,,2,1317,BGR South,2,1,,50,4,61,,
2025-06,OL1016,HG-INORBIT KOCHI 16,Health & Glow,MBO,Kochi,Kerala,South,SKU40490,Kajal Midnight 0.35Gm,Renee,Makeup,Eyeliner,Top 10,Active,599,27,30,,9,5462,BGR South,14,12,,50,4,61,,
2025-06,OL1016,HG-INORBIT KOCHI 16,Health & Glow,MBO,Kochi,Kerala,South,SKU40588,Bb Cream Coral 30Ml,Renee,Makeup,Foundation,Top 10,Active,349,2,4,,6,2121,BGR South,9,8,,50,4,61,,
2025-06,OL1016,HG-INORBIT KOCHI 16,Health & Glow,MBO,Kochi,Kerala,South,SKU40662,Compact Powder Nude 9Gm,Renee,Makeup,Foundation,Top 25,Active,1199,3,5,,2,2429,BGR South,4,4,,50,4,61,,
2025-06,OL1016,HG-INORBIT KOCHI 16,Health & Glow,MBO,Kochi,Kerala,South,SKU40722,Compact Powder Berry 9Gm,Renee,Makeup,Foundation,Top 10,Active,799,6,7,,3,2428,BGR South,5,4,,50,4,61,,
2025-06,OL1016,HG-INORBIT KOCHI 16,Health & Glow,MBO,Kochi,Kerala,South,SKU40763,Blending Brush R6,Renee,Makeup,Brushes,Others,Active,349,9,9,,3,1061,BGR South,3,3,,50,4,61,,
2025-06,OL1016,HG-INORBIT KOCHI 16,Health & Glow,MBO,Kochi,Kerala,South,SKU40836,Blending Brush R4,Renee,Makeup,Brushes,Top 10,Active,1199,5,9,,8,9718,BGR South,15,12,,50,4,61,,
2025-06,OL1016,HG-INORBIT KOCHI 16,Health & Glow,MBO,Kochi,Kerala,South,SKU40850,Powder Brush R8,Renee,Makeup,Brushes,Top 25,Active,650,24,0,,8,5268,BGR South,14,14,,50,4,61,,
2025-06,OL1016,HG-INORBIT KOCHI 16,Health & Glow,MBO,Kochi,Kerala,South,SKU40928,Powder Brush R4,Renee,Makeup,Brushes,Top 25,Active,650,4,6,,6,3951,BGR South,8,8,,50,4,61,,
2025-06,OL1016,HG-INORBIT KOCHI 16,Health & Glow,MBO,Kochi,Kerala,South,SKU40972,Sunscreen Gel Spf 50 70Ml,Renee,Skincare,Sunscreen,Top 25,Active,599,14,15,,4,2427,BGR South,7,5,,45,4,61,,
2025-06,OL1016,HG-INORBIT KOCHI 16,Health & Glow,MBO,Kochi,Kerala,South,SKU41024,Vitamin C Serum 30Ml,Renee,Skincare,Serum,Others,Active,449,15,0,,3,1365,BGR South,8,5,,45,4,61,,
2025-06,OL1016,HG-INORBIT KOCHI 16,Health & Glow,MBO,Kochi,Kerala,South,SKU41129,Face Wash Vanilla 40Ml,Renee,Skincare,Cleanser,Others,Active,299,6,5,,3,909,BGR South,2,2,,45,4,61,,
2025-06,OL1016,HG-INORBIT KOCHI 16,Health & Glow,MBO,Kochi,Kerala,South,SKU41420,Body Mist Coral 100Ml,Renee,Fragrance,Body Mist,Top 25,Active,399,12,0,,6,2425,BGR South,8,7,,55,4,61,,
2025-06,OL1016,HG-INORBIT KOCHI 16,Health & Glow,MBO,Kochi,Kerala,South,SKU41536,Body Mist Nude 100Ml,Renee,Fragrance,Body Mist,Top 25,Active,349,18,18,,4,1414,BGR South,7,4,,55,4,61,,
2025-06,OL1016,HG-INORBIT KOCHI 16,Health & Glow,MBO,Kochi,Kerala,South,SKU41608,Hair Oil Berry 100Ml,Renee,Haircare,Hair Oil,Others,Active,449,7,10,,3,1365,BGR South,7,7,,35,4,61,,
2025-06,OL1016,HG-INORBIT KOCHI 16,Health & Glow,MBO,Kochi,Kerala,South,SKU41647,Hair Oil Hazelnut 100Ml,Renee,Haircare,Hair Oil,Others,Active,799,7,8,,2,1619,BGR South,4,3,,35,4,61,,
2025-06,OL1017,HG-PHOENIX NOIDA 17,Health & Glow,MBO,Noida,Uttar Pradesh,North,SKU40108,Matte Lip Color Peach 4.2Ml,Renee,Makeup,Lipstick,Top 10,Active,650,14,15,,3,1939,BGR North,5,4,,50,3,60.5,,
2025-06,OL1017,HG-PHOENIX NOIDA 17,Health & Glow,MBO,Noida,Uttar Pradesh,North,SKU40127,Matte Lip Color Coral 4.2Ml,Renee,Makeup,Lipstick,Top 25,Active,499,7,28,,4,1985,BGR North,7,6,,50,3,60.5,,
2025-06,OL1017,HG-PHOENIX NOIDA 17,Health & Glow,MBO,Noida,Uttar Pradesh,North,SKU40281,Midnight Eyeliner Berry 2.5Ml,Renee,Makeup,Eyeliner,Others,Active,299,6,7,,3,892,BGR North,7,4,,50,3,60.5,,
2025-06,OL1017,HG-PHOENIX NOIDA 17,Health & Glow,MBO,Noida,Uttar Pradesh,North,SKU40318,Midnight Eyeliner Hazelnut 2.5Ml,Renee,Makeup,Eyeliner,Others,Active,650,4,4,,0,0,BGR North,0,0,,50,3,60.5,,
2025-06,OL1017,HG-PHOENIX NOIDA 17,Health & Glow,MBO,Noida,Uttar Pradesh,North,SKU40425,Kajal Vanilla 0.35Gm,Renee,Makeup,Eyeliner,Top 25,Active,299,20,33,,4,1189,BGR North,9,8,,50,3,60.5,,
2025-06,OL1017,HG-PHOENIX NOIDA 17,Health & Glow,MBO,Noida,Uttar Pradesh,North,SKU40490,Kajal Midnight 0.35Gm,Renee,Makeup,Eyeliner,Top 10,Active,599,22,23,,1,596,BGR North,2,2,,50,3,60.5,,
2025-06,OL1017,HG-PHOENIX NOIDA 17,Health & Glow,MBO,Noida,Uttar Pradesh,North,SKU40836,Blending Brush R4,Renee,Makeup,Brushes,Top 10,Active,1199,16,16,,8,9537,BGR North,8,8,,50,3,60.5,,
2025-06,OL1017,HG-PHOENIX NOIDA 17,Health & Glow,MBO,Noida,Uttar Pradesh,North,SKU40850,Powder Brush R8,Renee,Makeup,Brushes,Top 25,Active,650,0,2,,4,2585,BGR North,7,6,,50,3,60.5,,
2025-06,OL1017,HG-PHOENIX NOIDA 17,Health & Glow,MBO,Noida,Uttar Pradesh,North,SKU40928,Powder Brush R4,Renee,Makeup,Brushes,Top 25,Active,650,13,12,,4,2585,BGR North,4,3,,50,3,60.5,,
2025-06,OL1017,HG-PHOENIX NOIDA 17,Health & Glow,MBO,Noida,Uttar Pradesh,North,SKU40951,Sunscreen Gel Spf 50 70Ml,Renee,Skincare,Sunscreen,Top 25,Active,999,9,9,,3,2980,BGR North,5,3,,45,3,60.5,,
2025-06,OL1017,HG-PHOENIX NOIDA 17,Health & Glow,MBO,Noida,Uttar Pradesh,North,SKU40972,Sunscreen Gel Spf 50 70Ml,Renee,Skincare,Sunscreen,Top 25,Active,599,12,12,,4,2382,BGR North,7,4,,45,3,60.5,,
2025-06,OL1017,HG-PHOENIX NOIDA 17,Health & Glow,MBO,Noida,Uttar Pradesh,North,SKU41024,Vitamin C Serum 30Ml,Renee,Skincare,Serum,Others,Active,449,1,0,,1,446,BGR North,2,1,,45,3,60.5,,
2025-06,OL1017,HG-PHOENIX NOIDA 17,Health & Glow,MBO,Noida,Uttar Pradesh,North,SKU41032,Face Wash Hazelnut 60Ml,Renee,Skincare,Cleanser,Others,Active,499,5,4,,3,1488,BGR North,4,2,,45,3,60.5,,
2025-06,OL1017,HG-PHOENIX NOIDA 17,Health & Glow,MBO,Noida,Uttar Pradesh,North,SKU41048,Face Wash Ocean 20Ml,Renee,Skincare,Cleanser,Others,Active,349,8,8,,4,1388,BGR North,6,4,,45,3,60.5,,
2025-06,OL1017,HG-PHOENIX NOIDA 17,Health & Glow,MBO,Noida,Uttar Pradesh,North,SKU41129,Face Wash Vanilla 40Ml,Renee,Skincare,Cleanser,Others,Active,299,27,0,,1,297,BGR North,1,0,,45,3,60.5,,
2025-06,OL1017,HG-PHOENIX NOIDA 17,Health & Glow,MBO,Noida,Uttar Pradesh,North,SKU41215,Perfume Midnight 50Ml,Renee,Fragrance,EDP,Others,Active,399,9,8,,3,1190,BGR North,4,2,,55,3,60.5,,
2025-06,OL1017,HG-PHOENIX NOIDA 17,Health & Glow,MBO,Noida,Uttar Pradesh,North,SKU41420,Body Mist Coral 100Ml,Renee,Fragrance,Body Mist,Top 25,Active,399,9,9,,4,1587,BGR North,5,4,,55,3,60.5,,
2025-06,OL1017,HG-PHOENIX NOIDA 17,Health & Glow,MBO,Noida,Uttar Pradesh,North,SKU41476,Body Mist Mocha 100Ml,Renee,Fragrance,Body Mist,Top 10,Active,799,4,5,,4,3178,BGR North,7,5,,55,3,60.5,,
2025-06,OL1017,HG-PHOENIX NOIDA 17,Health & Glow,MBO,Noida,Uttar Pradesh,North,SKU41536,Body Mist Nude 100Ml,Renee,Fragrance,Body Mist,Top 25,Active,349,14,17,,4,1388,BGR North,7,7,,55,3,60.5,,
2025-06,OL1017,HG-PHOENIX NOIDA 17,Health & Glow,MBO,Noida,Uttar Pradesh,North,SKU41608,Hair Oil Berry 100Ml,Renee,Haircare,Hair Oil,Others,Active,449,4,4,,3,1339,BGR North,4,3,,35,3,60.5,,
2025-06,OL1017,HG-PHOENIX NOIDA 17,Health & Glow,MBO,Noida,Uttar Pradesh,North,SKU41647,Hair Oil Hazelnut 100Ml,Renee,Haircare,Hair Oil,Others,Active,799,1,2,,4,3178,BGR North,8,5,,35,3,60.5,,
2025-06,OL1018,HG-FORUM CHENNAI 18,Health & Glow,MBO,Chennai,Tamil Nadu,South,SKU40078,Matte Lip Color Rose 4.2Ml,Renee,Makeup,Lipstick,Top 25,Active,650,5,8,,3,2450,BGR South,7,6,,50,3,56.9,,
2025-06,OL1018,HG-FORUM CHENNAI 18,Health & Glow,MBO,Chennai,Tamil Nadu,South,SKU40381,Midnight Eyeliner Ocean 2.5Ml,Renee,Makeup,Eyeliner,Top 25,Active,699,6,7,,2,1756,BGR South,5,3,,50,3,56.9,,
2025-06,OL1018,HG-FORUM CHENNAI 18,Health & Glow,MBO,Chennai,Tamil Nadu,South,SKU40425,Kajal Vanilla 0.35Gm,Renee,Makeup,Eyeliner,Top 25,Active,299,11,18,,0,0,BGR South,12,12,,50,3,56.9,,
2025-06,OL1018,HG-FORUM CHENNAI 18,Health & Glow,MBO,Chennai,Tamil Nadu,South,SKU40490,Kajal Midnight 0.35Gm,Renee,Makeup,Eyeliner,Top 10,Active,599,3,6,,4,3010,BGR South,7,7,,50,3,56.9,,
2025-06,OL1018,HG-FORUM CHENNAI 18,Health & Glow,MBO,Chennai,Tamil Nadu,South,SKU40588,Bb Cream Coral 30Ml,Renee,Makeup,Foundation,Top 10,Active,349,8,9,,9,3946,BGR South,10,10,,50,3,56.9,,
2025-06,OL1018,HG-FORUM CHENNAI 18,Health & Glow,MBO,Chennai,Tamil Nadu,South,SKU40595,Compact Powder Mocha 9Gm,Renee,Makeup,Foundation,Top 10,Active,449,6,37,,6,3384,BGR South,6,5,,50,3,56.9,,
2025-06,OL1018,HG-FORUM CHENNAI 18,Health & Glow,MBO,Chennai,Tamil Nadu,South,SKU40722,Compact Powder Berry 9Gm,Renee,Makeup,Foundation,Top 10,Active,799,4,5,,3,3011,BGR South,5,4,,50,3,56.9,,
2025-06,OL1018,HG-FORUM CHENNAI 18,Health & Glow,MBO,Chennai,Tamil Nadu,South,SKU40836,Blending Brush R4,Renee,Makeup,Brushes,Top 10,Active,1199,4,4,,2,3013,BGR South,3,2,,50,3,56.9,,
2025-06,OL1018,HG-FORUM CHENNAI 18,Health & Glow,MBO,Chennai,Tamil Nadu,South,SKU40951,Sunscreen Gel Spf 50 70Ml,Renee,Skincare,Sunscreen,Top 25,Active,999,0,0,,0,0,BGR South,0,0,,45,3,56.9,,
2025-06,OL1018,HG-FORUM CHENNAI 18,Health & Glow,MBO,Chennai,Tamil Nadu,South,SKU41032,Face Wash Hazelnut 60Ml,Renee,Skincare,Cleanser,Others,Active,499,17,16,,2,1254,BGR South,2,1,,45,3,56.9,,
2025-06,OL1018,HG-FORUM CHENNAI 18,Health & Glow,MBO,Chennai,Tamil Nadu,South,SKU41048,Face Wash Ocean 20Ml,Renee,Skincare,Cleanser,Others,Active,349,10,12,,1,438,BGR South,3,3,,45,3,56.9,,
2025-06,OL1018,HG-FORUM CHENNAI 18,Health & Glow,MBO,Chennai,Tamil Nadu,South,SKU41129,Face Wash Vanilla 40Ml,Renee,Skincare,Cleanser,Others,Active,299,17,17,,1,376,BGR South,2,1,,45,3,56.9,,
2025-06,OL1018,HG-FORUM CHENNAI 18,Health & Glow,MBO,Chennai,Tamil Nadu,South,SKU41295,Perfume Rose 50Ml,Renee,Fragrance,EDP,Top 25,Active,599,28,27,,1,753,BGR South,1,0,,55,3,56.9,,
2025-06,OL1018,HG-FORUM CHENNAI 18,Health & Glow,MBO,Chennai,Tamil Nadu,South,SKU41420,Body Mist Coral 100Ml,Renee,Fragrance,Body Mist,Top 25,Active,399,2,4,,2,1003,BGR South,4,4,,55,3,56.9,,
2025-06,OL1018,HG-FORUM CHENNAI 18,Health & Glow,MBO,Chennai,Tamil Nadu,South,SKU41476,Body Mist Mocha 100Ml,Renee,Fragrance,Body Mist,Top 10,Active,799,15,15,,4,4015,BGR South,6,4,,55,3,56.9,,
2025-06,OL1018,HG-FORUM CHENNAI 18,Health & Glow,MBO,Chennai,Tamil Nadu,South,SKU41536,Body Mist Nude 100Ml,Renee,Fragrance,Body Mist,Top 25,Active,349,14,14,,4,1754,BGR South,5,4,,55,3,56.9,,
2025-06,OL1019,HG-CITY CENTRE HYDERABAD 19,Health & Glow,MBO,Hyderabad,Telangana,South,SKU40078,Matte Lip Color Rose 4.2Ml,Renee,Makeup,Lipstick,Top 25,Active,650,2,2,,2,1487,BGR South,3,2,,50,3,92.9,,
2025-06,OL1019,HG-CITY CENTRE HYDERABAD 19,Health & Glow,MBO,Hyderabad,Telangana,South,SKU40108,Matte Lip Color Peach 4.2Ml,Renee,Makeup,Lipstick,Top 10,Active,650,9,9,,3,2230,BGR South,5,3,,50,3,92.9,,
2025-06,OL1019,HG-CITY CENTRE HYDERABAD 19,Health & Glow,MBO,Hyderabad,Telangana,South,SKU40281,Midnight Eyeliner Berry 2.5Ml,Renee,Makeup,Eyeliner,Others,Active,299,6,7,,3,1026,BGR South,6,4,,50,3,92.9,,
2025-06,OL1019,HG-CITY CENTRE HYDERABAD 19,Health & Glow,MBO,Hyderabad,Telangana,South,SKU40318,Midnight Eyeliner Hazelnut 2.5Ml,Renee,Makeup,Eyeliner,Others,Active,650,1,5,,4,2973,BGR South,9,8,,50,3,92.9,,
2025-06,OL1019,HG-CITY CENTRE HYDERABAD 19,Health & Glow,MBO,Hyderabad,Telangana,South,SKU40381,Midnight Eyeliner Ocean 2.5Ml,Renee,Makeup,Eyeliner,Top 25,Active,699,11,0,,3,2398,BGR South,5,5,,50,3,92.9,,
2025-06,OL1019,HG-CITY CENTRE HYDERABAD 19,Health & Glow,MBO,Hyderabad,Telangana,South,SKU40425,Kajal Vanilla 0.35Gm,Renee,Makeup,Eyeliner,Top 25,Active,299,20,23,,4,1368,BGR South,11,9,,50,3,92.9,,
2025-06,OL1019,HG-CITY CENTRE HYDERABAD 19,Health & Glow,MBO,Hyderabad,Telangana,South,SKU40490,Kajal Midnight 0.35Gm,Renee,Makeup,Eyeliner,Top 10,Active,599,0,0,,0,0,BGR South,0,0,,50,3,92.9,,
2025-06,OL1019,HG-CITY CENTRE HYDERABAD 19,Health & Glow,MBO,Hyderabad,Telangana,South,SKU40544,Bb Cream Peach 30Ml,Renee,Makeup,Foundation,Top 10,Active,599,4,4,,4,2740,BGR South,6,4,,50,3,92.9,,
2025-06,OL1019,HG-CITY CENTRE HYDERABAD 19,Health & Glow,MBO,Hyderabad,Telangana,South,SKU40588,Bb Cream Coral 30Ml,Renee,Makeup,Foundation,Top 10,Active,349,9,11,,6,2395,BGR South,13,11,,50,3,92.9,,
2025-06,OL1019,HG-CITY CENTRE HYDERABAD 19,Health & Glow,MBO,Hyderabad,Telangana,South,SKU40722,Compact Powder Berry 9Gm,Renee,Makeup,Foundation,Top 10,Active,799,0,5,,4,3655,BGR South,9,9,,50,3,92.9,,
2025-06,OL1019,HG-CITY CENTRE HYDERABAD 19,Health & Glow,MBO,Hyderabad,Telangana,South,SKU40836,Blending Brush R4,Renee,Makeup,Brushes,Top 10,Active,1199,8,9,,4,5485,BGR South,8,5,,50,3,92.9,,
2025-06,OL1019,HG-CITY CENTRE HYDERABAD 19,Health & Glow,MBO,Hyderabad,Telangana,South,SKU40972,Sunscreen Gel Spf 50 70Ml,Renee,Skincare,Sunscreen,Top 25,Active,599,11,11,,3,2055,BGR South,3,3,,45,3,92.9,,
2025-06,OL1019,HG-CITY CENTRE HYDERABAD 19,Health & Glow,MBO,Hyderabad,Telangana,South,SKU41032,Face Wash Hazelnut 60Ml,Renee,Skincare,Cleanser,Others,Active,499,4,3,,2,1141,BGR South,2,1,,45,3,92.9,,
2025-06,OL1019,HG-CITY CENTRE HYDERABAD 19,Health & Glow,MBO,Hyderabad,Telangana,South,SKU41048,Face Wash Ocean 20Ml,Renee,Skincare,Cleanser,Others,Active,349,5,6,,4,1596,BGR South,6,5,,45,3,92.9,,
2025-06,OL1019,HG-CITY CENTRE HYDERABAD 19,Health & Glow,MBO,Hyderabad,Telangana,South,SKU41215,Perfume Midnight 50Ml,Renee,Fragrance,EDP,Others,Active,399,9,14,,3,1369,BGR South,8,8,,55,3,92.9,,
2025-06,OL1019,HG-CITY CENTRE HYDERABAD 19,Health & Glow,MBO,Hyderabad,Telangana,South,SKU41608,Hair Oil Berry 100Ml,Renee,Haircare,Hair Oil,Others,Active,449,4,7,,4,2054,BGR South,8,7,,35,3,92.9,,
2025-06,OL1020,HG-NEXUS SURAT 20,Health & Glow,MBO,Surat,Gujarat,West,SKU40078,Matte Lip Color Rose 4.2Ml,Renee,Makeup,Lipstick,Top 25,Active,650,9,8,,4,3383,BGR West,5,3,,50,4,71.7,,
2025-06,OL1020,HG-NEXUS SURAT 20,Health & Glow,MBO,Surat,Gujarat,West,SKU40127,Matte Lip Color Coral 4.2Ml,Renee,Makeup,Lipstick,Top 25,Active,499,6,6,,1,649,BGR West,4,2,,50,4,71.7,,
2025-06,OL1020,HG-NEXUS SURAT 20,Health & Glow,MBO,Surat,Gujarat,West,SKU40281,Midnight Eyeliner Berry 2.5Ml,Renee,Makeup,Eyeliner,Others,Active,299,1,3,,0,0,BGR West,3,2,,50,4,71.7,,
2025-06,OL1020,HG-NEXUS SURAT 20,Health & Glow,MBO,Surat,Gujarat,West,SKU40425,Kajal Vanilla 0.35Gm,Renee,Makeup,Eyeliner,Top 25,Active,299,21,21,,2,778,BGR West,5,4,,50,4,71.7,,
2025-06,OL1020,HG-NEXUS SURAT 20,Health & Glow,MBO,Surat,Gujarat,West,SKU40588,Bb Cream Coral 30Ml,Renee,Makeup,Foundation,Top 10,Active,349,10,8,,4,1816,BGR West,3,2,,50,4,71.7,,
2025-06,OL1020,HG-NEXUS SURAT 20,Health & Glow,MBO,Surat,Gujarat,West,SKU40595,Compact Powder Mocha 9Gm,Renee,Makeup,Foundation,Top 10,Active,449,22,22,,4,2337,BGR West,5,4,,50,4,71.7,,
2025-06,OL1020,HG-NEXUS SURAT 20,Health & Glow,MBO,Surat,Gujarat,West,SKU40722,Compact Powder Berry 9Gm,Renee,Makeup,Foundation,Top 10,Active,799,3,3,,1,1040,BGR West,4,2,,50,4,71.7,,
2025-06,OL1020,HG-NEXUS SURAT 20,Health & Glow,MBO,Surat,Gujarat,West,SKU40850,Powder Brush R8,Renee,Makeup,Brushes,Top 25,Active,650,5,4,,4,3383,BGR West,4,3,,50,4,71.7,,
2025-06,OL1020,HG-NEXUS SURAT 20,Health & Glow,MBO,Surat,Gujarat,West,SKU40928,Powder Brush R4,Renee,Makeup,Brushes,Top 25,Active,650,3,2,,1,846,BGR West,1,0,,50,4,71.7,,
2025-06,OL1020,HG-NEXUS SURAT 20,Health & Glow,MBO,Surat,Gujarat,West,SKU40951,Sunscreen Gel Spf 50 70Ml,Renee,Skincare,Sunscreen,Top 25,Active,999,2,1,,2,2600,BGR West,2,1,,45,4,71.7,,
2025-06,OL1020,HG-NEXUS SURAT 20,Health & Glow,MBO,Surat,Gujarat,West,SKU40972,Sunscreen Gel Spf 50 70Ml,Renee,Skincare,Sunscreen,Top 25,Active,599,2,3,,1,779,BGR West,4,2,,45,4,71.7,,
2025-06,OL1020,HG-NEXUS SURAT 20,Health & Glow,MBO,Surat,Gujarat,West,SKU41048,Face Wash Ocean 20Ml,Renee,Skincare,Cleanser,Others,Active,349,5,7,,4,1816,BGR West,7,6,,45,4,71.7,,
2025-06,OL1020,HG-NEXUS SURAT 20,Health & Glow,MBO,Surat,Gujarat,West,SKU41129,Face Wash Vanilla 40Ml,Renee,Skincare,Cleanser,Others,Active,299,4,6,,2,778,BGR West,5,4,,45,4,71.7,,
2025-06,OL1020,HG-NEXUS SURAT 20,Health & Glow,MBO,Surat,Gujarat,West,SKU41608,Hair Oil Berry 100Ml,Renee,Haircare,Hair Oil,Others,Active,449,4,4,,2,1168,BGR West,3,2,,35,4,71.7,,
2025-06,OL1021,HG-INORBIT NEW DELHI 21,Health & Glow,MBO,New Delhi,Delhi,North,SKU40127,Matte Lip Color Coral 4.2Ml,Renee,Makeup,Lipstick,Top 25,Active,499,6,6,,6,3079,BGR North,6,6,,50,2,64.7,,
2025-06,OL1021,HG-INORBIT NEW DELHI 21,Health & Glow,MBO,New Delhi,Delhi,North,SKU40266,Liquid Lipstick Nude 5Ml,Renee,Makeup,Lipstick,Top 10,Active,799,23,24,,8,6573,BGR North,11,9,,50,2,64.7,,
2025-06,OL1021,HG-INORBIT NEW DELHI 21,Health & Glow,MBO,New Delhi,Delhi,North,SKU40281,Midnight Eyeliner Berry 2.5Ml,Renee,Makeup,Eyeliner,Others,Active,299,2,3,,2,615,BGR North,3,3,,50,2,64.7,,
2025-06,OL1021,HG-INORBIT NEW DELHI 21,Health & Glow,MBO,New Delhi,Delhi,North,SKU40490,Kajal Midnight 0.35Gm,Renee,Makeup,Eyeliner,Top 10,Active,599,8,11,,6,3696,BGR North,14,11,,50,2,64.7,,
2025-06,OL1021,HG-INORBIT NEW DELHI 21,Health & Glow,MBO,New Delhi,Delhi,North,SKU40595,Compact Powder Mocha 9Gm,Renee,Makeup,Foundation,Top 10,Active,449,6,4,,6,2770,BGR North,5,4,,50,2,64.7,,
2025-06,OL1021,HG-INORBIT NEW DELHI 21,Health & Glow,MBO,New Delhi,Delhi,North,SKU40722,Compact Powder Berry 9Gm,Renee,Makeup,Foundation,Top 10,Active,799,6,7,,3,2465,BGR North,7,4,,50,2,64.7,,
2025-06,OL1021,HG-INORBIT NEW DELHI 21,Health & Glow,MBO,New Delhi,Delhi,North,SKU40836,Blending Brush R4,Renee,Makeup,Brushes,Top 10,Active,1199,6,7,,6,7398,BGR North,10,7,,50,2,64.7,,
2025-06,OL1021,HG-INORBIT NEW DELHI 21,Health & Glow,MBO,New Delhi,Delhi,North,SKU40850,Powder Brush R8,Renee,Makeup,Brushes,Top 25,Active,650,3,1,,4,2674,BGR North,4,2,,50,2,64.7,,
2025-06,OL1021,HG-INORBIT NEW DELHI 21,Health & Glow,MBO,New Delhi,Delhi,North,SKU40951,Sunscreen Gel Spf 50 70Ml,Renee,Skincare,Sunscreen,Top 25,Active,999,13,12,,2,2055,BGR North,2,1,,45,2,64.7,,
2025-06,OL1021,HG-INORBIT NEW DELHI 21,Health & Glow,MBO,New Delhi,Delhi,North,SKU40979,Sunscreen Gel Spf 50 50Ml,Renee,Skincare,Sunscreen,Top 25,Active,799,8,0,,1,822,BGR North,4,4,,45,2,64.7,,
2025-06,OL1021,HG-INORBIT NEW DELHI 21,Health & Glow,MBO,New Delhi,Delhi,North,SKU41032,Face Wash Hazelnut 60Ml,Renee,Skincare,Cleanser,Others,Active,499,0,0,,1,513,BGR North,1,1,,45,2,64.7,,
2025-06,OL1021,HG-INORBIT NEW DELHI 21,Health & Glow,MBO,New Delhi,Delhi,North,SKU41129,Face Wash Vanilla 40Ml,Renee,Skincare,Cleanser,Others,Active,299,6,6,,3,922,BGR North,3,3,,45,2,64.7,,
2025-06,OL1021,HG-INORBIT NEW DELHI 21,Health & Glow,MBO,New Delhi,Delhi,North,SKU41215,Perfume Midnight 50Ml,Renee,Fragrance,EDP,Others,Active,399,4,4,,4,1641,BGR North,6,4,,55,2,64.7,,
2025-06,OL1021,HG-INORBIT NEW DELHI 21,Health & Glow,MBO,New Delhi,Delhi,North,SKU41420,Body Mist Coral 100Ml,Renee,Fragrance,Body Mist,Top 25,Active,399,4,6,,2,821,BGR North,5,4,,55,2,64.7,,
2025-06,OL1021,HG-INORBIT NEW DELHI 21,Health & Glow,MBO,New Delhi,Delhi,North,SKU41476,Body Mist Mocha 100Ml,Renee,Fragrance,Body Mist,Top 10,Active,799,23,25,,4,3287,BGR North,6,6,,55,2,64.7,,
2025-06,OL1021,HG-INORBIT NEW DELHI 21,Health & Glow,MBO,New Delhi,Delhi,North,SKU41536,Body Mist Nude 100Ml,Renee,Fragrance,Body Mist,Top 25,Active,349,19,19,,3,1077,BGR North,6,4,,55,2,64.7,,
2025-06,OL1021,HG-INORBIT NEW DELHI 21,Health & Glow,MBO,New Delhi,Delhi,North,SKU41608,Hair Oil Berry 100Ml,Renee,Haircare,Hair Oil,Others,Active,449,2,1,,1,462,BGR North,0,0,,35,2,64.7,,
2025-06,OL1022,HG-SELECT NEW DELHI 22,Health & Glow,MBO,New Delhi,Delhi,North,SKU40078,Matte Lip Color Rose 4.2Ml,Renee,Makeup,Lipstick,Top 25,Active,650,11,0,,4,2785,BGR North,3,3,,50,2,67.5,,
2025-06,OL1022,HG-SELECT NEW DELHI 22,Health & Glow,MBO,New Delhi,Delhi,North,SKU40108,Matte Lip Color Peach 4.2Ml,Renee,Makeup,Lipstick,Top 10,Active,650,18,17,,6,4177,BGR North,8,5,,50,2,67.5,,
2025-06,OL1022,HG-SELECT NEW DELHI 22,Health & Glow,MBO,New Delhi,Delhi,North,SKU40127,Matte Lip Color Coral 4.2Ml,Renee,Makeup,Lipstick,Top 25,Active,499,11,10,,6,3207,BGR North,8,5,,50,2,67.5,,
2025-06,OL1022,HG-SELECT NEW DELHI 22,Health & Glow,MBO,New Delhi,Delhi,North,SKU40266,Liquid Lipstick Nude 5Ml,Renee,Makeup,Lipstick,Top 10,Active,799,21,25,,3,2567,BGR North,9,9,,50,2,67.5,,
2025-06,OL1022,HG-SELECT NEW DELHI 22,Health & Glow,MBO,New Delhi,Delhi,North,SKU40318,Midnight Eyeliner Hazelnut 2.5Ml,Renee,Makeup,Eyeliner,Others,Active,650,0,0,,2,1392,BGR North,4,2,,50,2,67.5,,
2025-06,OL1022,HG-SELECT NEW DELHI 22,Health & Glow,MBO,New Delhi,Delhi,North,SKU40490,Kajal Midnight 0.35Gm,Renee,Makeup,Eyeliner,Top 10,Active,599,27,30,,9,5774,BGR North,12,12,,50,2,67.5,,
2025-06,OL1022,HG-SELECT NEW DELHI 22,Health & Glow,MBO,New Delhi,Delhi,North,SKU40588,Bb Cream Coral 30Ml,Renee,Makeup,Foundation,Top 10,Active,349,12,14,,12,4486,BGR North,16,14,,50,2,67.5,,
2025-06,OL1022,HG-SELECT NEW DELHI 22,Health & Glow,MBO,New Delhi,Delhi,North,SKU40595,Compact Powder Mocha 9Gm,Renee,Makeup,Foundation,Top 10,Active,449,15,13,,12,5771,BGR North,10,10,,50,2,67.5,,
2025-06,OL1022,HG-SELECT NEW DELHI 22,Health & Glow,MBO,New Delhi,Delhi,North,SKU40662,Compact Powder Nude 9Gm,Renee,Makeup,Foundation,Top 25,Active,1199,5,6,,2,2568,BGR North,5,3,,50,2,67.5,,
2025-06,OL1022,HG-SELECT NEW DELHI 22,Health & Glow,MBO,New Delhi,Delhi,North,SKU40722,Compact Powder Berry 9Gm,Renee,Makeup,Foundation,Top 10,Active,799,0,5,,4,3423,BGR North,9,9,,50,2,67.5,,
2025-06,OL1022,HG-SELECT NEW DELHI 22,Health & Glow,MBO,New Delhi,Delhi,North,SKU40763,Blending Brush R6,Renee,Makeup,Brushes,Others,Active,349,7,7,,4,1495,BGR North,6,4,,50,2,67.5,,
2025-06,OL1022,HG-SELECT NEW DELHI 22,Health & Glow,MBO,New Delhi,Delhi,North,SKU40850,Powder Brush R8,Renee,Makeup,Brushes,Top 25,Active,650,50,48,,4,2785,BGR North,5,4,,50,2,67.5,,
2025-06,OL1022,HG-SELECT NEW DELHI 22,Health & Glow,MBO,New Delhi,Delhi,North,SKU40928,Powder Brush R4,Renee,Makeup,Brushes,Top 25,Active,650,9,10,,5,3481,BGR North,9,6,,50,2,67.5,,
2025-06,OL1022,HG-SELECT NEW DELHI 22,Health & Glow,MBO,New Delhi,Delhi,North,SKU40972,Sunscreen Gel Spf 50 70Ml,Renee,Skincare,Sunscreen,Top 25,Active,599,4,4,,0,0,BGR North,0,0,,45,2,67.5,,
2025-06,OL1022,HG-SELECT NEW DELHI 22,Health & Glow,MBO,New Delhi,Delhi,North,SKU40979,Sunscreen Gel Spf 50 50Ml,Renee,Skincare,Sunscreen,Top 25,Active,799,4,6,,4,3423,BGR North,7,6,,45,2,67.5,,
2025-06,OL1022,HG-SELECT NEW DELHI 22,Health & Glow,MBO,New Delhi,Delhi,North,SKU41024,Vitamin C Serum 30Ml,Renee,Skincare,Serum,Others,Active,449,6,6,,0,0,BGR North,1,0,,45,2,67.5,,
2025-06,OL1022,HG-SELECT NEW DELHI 22,Health & Glow,MBO,New Delhi,Delhi,North,SKU41129,Face Wash Vanilla 40Ml,Renee,Skincare,Cleanser,Others,Active,299,8,9,,3,961,BGR North,4,4,,45,2,67.5,,
2025-06,OL1022,HG-SELECT NEW DELHI 22,Health & Glow,MBO,New Delhi,Delhi,North,SKU41215,Perfume Midnight 50Ml,Renee,Fragrance,EDP,Others,Active,399,11,11,,2,855,BGR North,3,2,,55,2,67.5,,
2025-06,OL1022,HG-SELECT NEW DELHI 22,Health & Glow,MBO,New Delhi,Delhi,North,SKU41536,Body Mist Nude 100Ml,Renee,Fragrance,Body Mist,Top 25,Active,349,12,20,,6,2243,BGR North,14,14,,55,2,67.5,,
2025-06,OL1022,HG-SELECT NEW DELHI 22,Health & Glow,MBO,New Delhi,Delhi,North,SKU41608,Hair Oil Berry 100Ml,Renee,Haircare,Hair Oil,Others,Active,449,6,6,,4,1924,BGR North,7,4,,35,2,67.5,,
2025-06,OL1023,HG-GALLERIA CHENNAI 23,Health & Glow,MBO,Chennai,Tamil Nadu,South,SKU40078,Matte Lip Color Rose 4.2Ml,Renee,Makeup,Lipstick,Top 25,Active,650,13,16,,0,0,BGR South,3,3,,50,3,68.2,,
2025-06,OL1023,HG-GALLERIA CHENNAI 23,Health & Glow,MBO,Chennai,Tamil Nadu,South,SKU40281,Midnight Eyeliner Berry 2.5Ml,Renee,Makeup,Eyeliner,Others,Active,299,15,17,,3,1088,BGR South,5,5,,50,3,68.2,,
2025-06,OL1023,HG-GALLERIA CHENNAI 23,Health & Glow,MBO,Chennai,Tamil Nadu,South,SKU40318,Midnight Eyeliner Hazelnut 2.5Ml,Renee,Makeup,Eyeliner,Others,Active,650,8,7,,1,788,BGR South,1,0,,50,3,68.2,,
2025-06,OL1023,HG-GALLERIA CHENNAI 23,Health & Glow,MBO,Chennai,Tamil Nadu,South,SKU40381,Midnight Eyeliner Ocean 2.5Ml,Renee,Makeup,Eyeliner,Top 25,Active,699,9,10,,4,3391,BGR South,5,5,,50,3,68.2,,
2025-06,OL1023,HG-GALLERIA CHENNAI 23,Health & Glow,MBO,Chennai,Tamil Nadu,South,SKU40425,Kajal Vanilla 0.35Gm,Renee,Makeup,Eyeliner,Top 25,Active,299,13,11,,6,2176,BGR South,6,4,,50,3,68.2,,
2025-06,OL1023,HG-GALLERIA CHENNAI 23,Health & Glow,MBO,Chennai,Tamil Nadu,South,SKU40662,Compact Powder Nude 9Gm,Renee,Makeup,Foundation,Top 25,Active,1199,12,22,,2,2908,BGR South,7,7,,50,3,68.2,,
2025-06,OL1023,HG-GALLERIA CHENNAI 23,Health & Glow,MBO,Chennai,Tamil Nadu,South,SKU40722,Compact Powder Berry 9Gm,Renee,Makeup,Foundation,Top 10,Active,799,18,13,,2,1938,BGR South,5,4,,50,3,68.2,,
2025-06,OL1023,HG-GALLERIA CHENNAI 23,Health & Glow,MBO,Chennai,Tamil Nadu,South,SKU40836,Blending Brush R4,Renee,Makeup,Brushes,Top 10,Active,1199,16,20,,8,11633,BGR South,15,12,,50,3,68.2,,
2025-06,OL1023,HG-GALLERIA CHENNAI 23,Health & Glow,MBO,Chennai,Tamil Nadu,South,SKU40850,Powder Brush R8,Renee,Makeup,Brushes,Top 25,Active,650,7,6,,4,3153,BGR South,5,3,,50,3,68.2,,
2025-06,OL1023,HG-GALLERIA CHENNAI 23,Health & Glow,MBO,Chennai,Tamil Nadu,South,SKU40951,Sunscreen Gel Spf 50 70Ml,Renee,Skincare,Sunscreen,Top 25,Active,999,5,7,,3,3635,BGR South,5,5,,45,3,68.2,,
2025-06,OL1023,HG-GALLERIA CHENNAI 23,Health & Glow,MBO,Chennai,Tamil Nadu,South,SKU40979,Sunscreen Gel Spf 50 50Ml,Renee,Skincare,Sunscreen,Top 25,Active,799,2,2,,3,2907,BGR South,5,3,,45,3,68.2,,
2025-06,OL1023,HG-GALLERIA CHENNAI 23,Health & Glow,MBO,Chennai,Tamil Nadu,South,SKU41129,Face Wash Vanilla 40Ml,Renee,Skincare,Cleanser,Others,Active,299,0,3,,2,725,BGR South,6,5,,45,3,68.2,,
2025-06,OL1023,HG-GALLERIA CHENNAI 23,Health & Glow,MBO,Chennai,Tamil Nadu,South,SKU41295,Perfume Rose 50Ml,Renee,Fragrance,EDP,Top 25,Active,599,0,0,,3,2179,BGR South,5,4,,55,3,68.2,,
2025-06,OL1023,HG-GALLERIA CHENNAI 23,Health & Glow,MBO,Chennai,Tamil Nadu,South,SKU41420,Body Mist Coral 100Ml,Renee,Fragrance,Body Mist,Top 25,Active,399,4,7,,2,968,BGR South,7,6,,55,3,68.2,,
2025-06,OL1023,HG-GALLERIA CHENNAI 23,Health & Glow,MBO,Chennai,Tamil Nadu,South,SKU41536,Body Mist Nude 100Ml,Renee,Fragrance,Body Mist,Top 25,Active,349,4,10,,8,3386,BGR South,14,14,,55,3,68.2,,
2025-06,OL1023,HG-GALLERIA CHENNAI 23,Health & Glow,MBO,Chennai,Tamil Nadu,South,SKU41647,Hair Oil Hazelnut 100Ml,Renee,Haircare,Hair Oil,Others,Active,799,11,10,,3,2907,BGR South,3,2,,35,3,68.2,,
2025-06,OL1024,HG-CITY CENTRE SURAT 24,Health & Glow,MBO,Surat,Gujarat,West,SKU40318,Midnight Eyeliner Hazelnut 2.5Ml,Renee,Makeup,Eyeliner,Others,Active,650,2,4,,1,681,BGR West,3,3,,50,1,93.9,,
2025-06,OL1024,HG-CITY CENTRE SURAT 24,Health & Glow,MBO,Surat,Gujarat,West,SKU40595,Compact Powder Mocha 9Gm,Renee,Makeup,Foundation,Top 10,Active,449,7,6,,4,1883,BGR West,10,7,,50,1,93.9,,
2025-06,OL1024,HG-CITY CENTRE SURAT 24,Health & Glow,MBO,Surat,Gujarat,West,SKU40722,Compact Powder Berry 9Gm,Renee,Makeup,Foundation,Top 10,Active,799,0,1,,4,3350,BGR West,5,5,,50,1,93.9,,
2025-06,OL1024,HG-CITY CENTRE SURAT 24,Health & Glow,MBO,Surat,Gujarat,West,SKU40951,Sunscreen Gel Spf 50 70Ml,Renee,Skincare,Sunscreen,Top 25,Active,999,9,9,,3,3142,BGR West,4,3,,45,1,93.9,,
2025-06,OL1024,HG-CITY CENTRE SURAT 24,Health & Glow,MBO,Surat,Gujarat,West,SKU41215,Perfume Midnight 50Ml,Renee,Fragrance,EDP,Others,Active,399,4,6,,2,837,BGR West,4,4,,55,1,93.9,,
2025-06,OL1024,HG-CITY CENTRE SURAT 24,Health & Glow,MBO,Surat,Gujarat,West,SKU41295,Perfume Rose 50Ml,Renee,Fragrance,EDP,Top 25,Active,599,6,9,,3,1884,BGR West,7,6,,55,1,93.9,,
2025-06,OL1024,HG-CITY CENTRE SURAT 24,Health & Glow,MBO,Surat,Gujarat,West,SKU41420,Body Mist Coral 100Ml,Renee,Fragrance,Body Mist,Top 25,Active,399,11,12,,4,1673,BGR West,8,5,,55,1,93.9,,
2025-06,OL1024,HG-CITY CENTRE SURAT 24,Health & Glow,MBO,Surat,Gujarat,West,SKU41476,Body Mist Mocha 100Ml,Renee,Fragrance,Body Mist,Top 10,Active,799,14,15,,4,3350,BGR West,7,5,,55,1,93.9,,
2025-06,OL1024,HG-CITY CENTRE SURAT 24,Health & Glow,MBO,Surat,Gujarat,West,SKU41608,Hair Oil Berry 100Ml,Renee,Haircare,Hair Oil,Others,Active,449,4,5,,4,1883,BGR West,6,5,,35,1,93.9,,
2025-06,OL1025,HG-PHOENIX CHANDIGARH 25,Health & Glow,MBO,Chandigarh,Punjab,North,SKU40078,Matte Lip Color Rose 4.2Ml,Renee,Makeup,Lipstick,Top 25,Active,650,12,0,,2,1543,BGR North,5,4,,50,4,62.1,,
2025-06,OL1025,HG-PHOENIX CHANDIGARH 25,Health & Glow,MBO,Chandigarh,Punjab,North,SKU40108,Matte Lip Color Peach 4.2Ml,Renee,Makeup,Lipstick,Top 10,Active,650,16,16,,4,3086,BGR North,6,4,,50,4,62.1,,
2025-06,OL1025,HG-PHOENIX CHANDIGARH 25,Health & Glow,MBO,Chandigarh,Punjab,North,SKU40266,Liquid Lipstick Nude 5Ml,Renee,Makeup,Lipstick,Top 10,Active,799,12,13,,6,5690,BGR North,8,7,,50,4,62.1,,
2025-06,OL1025,HG-PHOENIX CHANDIGARH 25,Health & Glow,MBO,Chandigarh,Punjab,North,SKU40281,Midnight Eyeliner Berry 2.5Ml,Renee,Makeup,Eyeliner,Others,Active,299,9,12,,4,1420,BGR North,8,7,,50,4,62.1,,
2025-06,OL1025,HG-PHOENIX CHANDIGARH 25,Health & Glow,MBO,Chandigarh,Punjab,North,SKU40425,Kajal Vanilla 0.35Gm,Renee,Makeup,Eyeliner,Top 25,Active,299,0,3,,4,1420,BGR North,7,7,,50,4,62.1,,
2025-06,OL1025,HG-PHOENIX CHANDIGARH 25,Health & Glow,MBO,Chandigarh,Punjab,North,SKU40544,Bb Cream Peach 30Ml,Renee,Makeup,Foundation,Top 10,Active,599,0,2,,0,0,BGR North,2,2,,50,4,62.1,,
2025-06,OL1025,HG-PHOENIX CHANDIGARH 25,Health & Glow,MBO,Chandigarh,Punjab,North,SKU40588,Bb Cream Coral 30Ml,Renee,Makeup,Foundation,Top 10,Active,349,12,19,,6,2485,BGR North,13,13,,50,4,62.1,,
2025-06,OL1025,HG-PHOENIX CHANDIGARH 25,Health & Glow,MBO,Chandigarh,Punjab,North,SKU40595,Compact Powder Mocha 9Gm,Renee,Makeup,Foundation,Top 10,Active,449,0,3,,6,3198,BGR North,11,9,,50,4,62.1,,
2025-06,OL1025,HG-PHOENIX CHANDIGARH 25,Health & Glow,MBO,Chandigarh,Punjab,North,SKU40662,Compact Powder Nude 9Gm,Renee,Makeup,Foundation,Top 25,Active,1199,7,10,,4,5693,BGR North,7,7,,50,4,62.1,,
2025-06,OL1025,HG-PHOENIX CHANDIGARH 25,Health & Glow,MBO,Chandigarh,Punjab,North,SKU40836,Blending Brush R4,Renee,Makeup,Brushes,Top 10,Active,1199,27,28,,2,2846,BGR North,4,3,,50,4,62.1,,
2025-06,OL1025,HG-PHOENIX CHANDIGARH 25,Health & Glow,MBO,Chandigarh,Punjab,North,SKU40928,Powder Brush R4,Renee,Makeup,Brushes,Top 25,Active,650,6,10,,3,2315,BGR North,7,7,,50,4,62.1,,
2025-06,OL1025,HG-PHOENIX CHANDIGARH 25,Health & Glow,MBO,Chandigarh,Punjab,North,SKU40951,Sunscreen Gel Spf 50 70Ml,Renee,Skincare,Sunscreen,Top 25,Active,999,8,7,,1,1186,BGR North,2,1,,45,4,62.1,,
2025-06,OL1025,HG-PHOENIX CHANDIGARH 25,Health & Glow,MBO,Chandigarh,Punjab,North,SKU40972,Sunscreen Gel Spf 50 70Ml,Renee,Skincare,Sunscreen,Top 25,Active,599,5,4,,2,1422,BGR North,0,0,,45,4,62.1,,
2025-06,OL1025,HG-PHOENIX CHANDIGARH 25,Health & Glow,MBO,Chandigarh,Punjab,North,SKU41024,Vitamin C Serum 30Ml,Renee,Skincare,Serum,Others,Active,449,10,12,,2,1066,BGR North,4,4,,45,4,62.1,,
2025-06,OL1025,HG-PHOENIX CHANDIGARH 25,Health & Glow,MBO,Chandigarh,Punjab,North,SKU41048,Face Wash Ocean 20Ml,Renee,Skincare,Cleanser,Others,Active,349,8,11,,4,1657,BGR North,8,7,,45,4,62.1,,
2025-06,OL1025,HG-PHOENIX CHANDIGARH 25,Health & Glow,MBO,Chandigarh,Punjab,North,SKU41129,Face Wash Vanilla 40Ml,Renee,Skincare,Cleanser,Others,Active,299,3,5,,2,710,BGR North,4,4,,45,4,62.1,,
2025-06,OL1025,HG-PHOENIX CHANDIGARH 25,Health & Glow,MBO,Chandigarh,Punjab,North,SKU41295,Perfume Rose 50Ml,Renee,Fragrance,EDP,Top 25,Active,599,0,3,,4,2844,BGR North,9,7,,55,4,62.1,,
2025-06,OL1025,HG-PHOENIX CHANDIGARH 25,Health & Glow,MBO,Chandigarh,Punjab,North,SKU41420,Body Mist Coral 100Ml,Renee,Fragrance,Body Mist,Top 25,Active,399,11,10,,2,947,BGR North,3,2,,55,4,62.1,,
2025-06,OL1025,HG-PHOENIX CHANDIGARH 25,Health & Glow,MBO,Chandigarh,Punjab,North,SKU41476,Body Mist Mocha 100Ml,Renee,Fragrance,Body Mist,Top 10,Active,799,5,6,,4,3793,BGR North,6,5,,55,4,62.1,,
2025-06,OL1025,HG-PHOENIX CHANDIGARH 25,Health & Glow,MBO,Chandigarh,Punjab,North,SKU41608,Hair Oil Berry 100Ml,Renee,Haircare,Hair Oil,Others,Active,449,8,10,,4,2132,BGR North,6,6,,35,4,62.1,,
2025-06,OL1026,HG-PHOENIX NOIDA 26,Health & Glow,MBO,Noida,Uttar Pradesh,North,SKU40078,Matte Lip Color Rose 4.2Ml,Renee,Makeup,Lipstick,Top 25,Active,650,4,3,,4,3489,BGR North,4,3,,50,4,85,,
2025-06,OL1026,HG-PHOENIX NOIDA 26,Health & Glow,MBO,Noida,Uttar Pradesh,North,SKU40266,Liquid Lipstick Nude 5Ml,Renee,Makeup,Lipstick,Top 10,Active,799,8,9,,2,2145,BGR North,4,4,,50,4,85,,
2025-06,OL1026,HG-PHOENIX NOIDA 26,Health & Glow,MBO,Noida,Uttar Pradesh,North,SKU40281,Midnight Eyeliner Berry 2.5Ml,Renee,Makeup,Eyeliner,Others,Active,299,10,12,,4,1605,BGR North,9,6,,50,4,85,,
2025-06,OL1026,HG-PHOENIX NOIDA 26,Health & Glow,MBO,Noida,Uttar Pradesh,North,SKU40318,Midnight Eyeliner Hazelnut 2.5Ml,Renee,Makeup,Eyeliner,Others,Active,650,10,11,,3,2617,BGR North,8,5,,50,4,85,,
2025-06,OL1026,HG-PHOENIX NOIDA 26,Health & Glow,MBO,Noida,Uttar Pradesh,North,SKU40381,Midnight Eyeliner Ocean 2.5Ml,Renee,Makeup,Eyeliner,Top 25,Active,699,11,13,,2,1876,BGR North,5,5,,50,4,85,,
2025-06,OL1026,HG-PHOENIX NOIDA 26,Health & Glow,MBO,Noida,Uttar Pradesh,North,SKU40490,Kajal Midnight 0.35Gm,Renee,Makeup,Eyeliner,Top 10,Active,599,3,7,,4,3215,BGR North,9,8,,50,4,85,,
2025-06,OL1026,HG-PHOENIX NOIDA 26,Health & Glow,MBO,Noida,Uttar Pradesh,North,SKU40595,Compact Powder Mocha 9Gm,Renee,Makeup,Foundation,Top 10,Active,449,8,8,,4,2410,BGR North,6,4,,50,4,85,,
2025-06,OL1026,HG-PHOENIX NOIDA 26,Health & Glow,MBO,Noida,Uttar Pradesh,North,SKU40722,Compact Powder Berry 9Gm,Renee,Makeup,Foundation,Top 10,Active,799,4,4,,4,4289,BGR North,5,4,,50,4,85,,
2025-06,OL1026,HG-PHOENIX NOIDA 26,Health & Glow,MBO,Noida,Uttar Pradesh,North,SKU40763,Blending Brush R6,Renee,Makeup,Brushes,Others,Active,349,3,6,,1,468,BGR North,4,4,,50,4,85,,
2025-06,OL1026,HG-PHOENIX NOIDA 26,Health & Glow,MBO,Noida,Uttar Pradesh,North,SKU40850,Powder Brush R8,Renee,Makeup,Brushes,Top 25,Active,650,3,6,,3,2617,BGR North,7,7,,50,4,85,,
2025-06,OL1026,HG-PHOENIX NOIDA 26,Health & Glow,MBO,Noida,Uttar Pradesh,North,SKU40951,Sunscreen Gel Spf 50 70Ml,Renee,Skincare,Sunscreen,Top 25,Active,999,9,8,,3,4022,BGR North,3,2,,45,4,85,,
2025-06,OL1026,HG-PHOENIX NOIDA 26,Health & Glow,MBO,Noida,Uttar Pradesh,North,SKU41129,Face Wash Vanilla 40Ml,Renee,Skincare,Cleanser,Others,Active,299,0,2,,0,0,BGR North,3,2,,45,4,85,,
2025-06,OL1026,HG-PHOENIX NOIDA 26,Health & Glow,MBO,Noida,Uttar Pradesh,North,SKU41420,Body Mist Coral 100Ml,Renee,Fragrance,Body Mist,Top 25,Active,399,0,0,,0,0,BGR North,0,0,,55,4,85,,
2025-06,OL1026,HG-PHOENIX NOIDA 26,Health & Glow,MBO,Noida,Uttar Pradesh,North,SKU41536,Body Mist Nude 100Ml,Renee,Fragrance,Body Mist,Top 25,Active,349,9,10,,2,937,BGR North,4,3,,55,4,85,,
2025-06,OL1026,HG-PHOENIX NOIDA 26,Health & Glow,MBO,Noida,Uttar Pradesh,North,SKU41608,Hair Oil Berry 100Ml,Renee,Haircare,Hair Oil,Others,Active,449,29,29,,2,1205,BGR North,3,2,,35,4,85,,
2025-06,OL1027,SSL-FORUM CHANDIGARH 1,Shoppers Stop,Department Store,Chandigarh,Punjab,North,SKU40078,Matte Lip Color Rose 4.2Ml,Renee,Makeup,Lipstick,Top 25,Active,650,4,3,,3,1974,BGR North,3,2,,50,4,92.3,,
2025-06,OL1027,SSL-FORUM CHANDIGARH 1,Shoppers Stop,Department Store,Chandigarh,Punjab,North,SKU40127,Matte Lip Color Coral 4.2Ml,Renee,Makeup,Lipstick,Top 25,Active,499,10,11,,3,1515,BGR North,6,4,,50,4,92.3,,
2025-06,OL1027,SSL-FORUM CHANDIGARH 1,Shoppers Stop,Department Store,Chandigarh,Punjab,North,SKU40266,Liquid Lipstick Nude 5Ml,Renee,Makeup,Lipstick,Top 10,Active,799,16,18,,8,6470,BGR North,13,10,,50,4,92.3,,
2025-06,OL1027,SSL-FORUM CHANDIGARH 1,Shoppers Stop,Department Store,Chandigarh,Punjab,North,SKU40490,Kajal Midnight 0.35Gm,Renee,Makeup,Eyeliner,Top 10,Active,599,17,22,,6,3638,BGR North,11,11,,50,4,92.3,,
2025-06,OL1027,SSL-FORUM CHANDIGARH 1,Shoppers Stop,Department Store,Chandigarh,Punjab,North,SKU40662,Compact Powder Nude 9Gm,Renee,Makeup,Foundation,Top 25,Active,1199,1,0,,1,1214,BGR North,4,3,,50,4,92.3,,
2025-06,OL1027,SSL-FORUM CHANDIGARH 1,Shoppers Stop,Department Store,Chandigarh,Punjab,North,SKU40763,Blending Brush R6,Renee,Makeup,Brushes,Others,Active,349,6,8,,2,707,BGR North,5,4,,50,4,92.3,,
2025-06,OL1027,SSL-FORUM CHANDIGARH 1,Shoppers Stop,Department Store,Chandigarh,Punjab,North,SKU40928,Powder Brush R4,Renee,Makeup,Brushes,Top 25,Active,650,4,6,,2,1316,BGR North,5,4,,50,4,92.3,,
2025-06,OL1027,SSL-FORUM CHANDIGARH 1,Shoppers Stop,Department Store,Chandigarh,Punjab,North,SKU40972,Sunscreen Gel Spf 50 70Ml,Renee,Skincare,Sunscreen,Top 25,Active,599,3,5,,3,1819,BGR North,5,5,,45,4,92.3,,
2025-06,OL1027,SSL-FORUM CHANDIGARH 1,Shoppers Stop,Department Store,Chandigarh,Punjab,North,SKU41129,Face Wash Vanilla 40Ml,Renee,Skincare,Cleanser,Others,Active,299,6,9,,1,303,BGR North,4,4,,45,4,92.3,,
2025-06,OL1027,SSL-FORUM CHANDIGARH 1,Shoppers Stop,Department Store,Chandigarh,Punjab,North,SKU41476,Body Mist Mocha 100Ml,Renee,Fragrance,Body Mist,Top 10,Active,799,16,16,,6,4853,BGR North,8,6,,55,4,92.3,,
2025-06,OL1027,SSL-FORUM CHANDIGARH 1,Shoppers Stop,Department Store,Chandigarh,Punjab,North,SKU41536,Body Mist Nude 100Ml,Renee,Fragrance,Body Mist,Top 25,Active,349,0,1,,6,2120,BGR North,8,7,,55,4,92.3,,
2025-06,OL1028,SSL-ORION BANGALORE 2,Shoppers Stop,Department Store,Bangalore,Karnataka,South,SKU40078,Matte Lip Color Rose 4.2Ml,Renee,Makeup,Lipstick,Top 25,Active,650,4,5,,3,2038,BGR South,7,4,,50,2,71.1,,
2025-06,OL1028,SSL-ORION BANGALORE 2,Shoppers Stop,Department Store,Bangalore,Karnataka,South,SKU40127,Matte Lip Color Coral 4.2Ml,Renee,Makeup,Lipstick,Top 25,Active,499,7,9,,3,1564,BGR South,6,5,,50,2,71.1,,
2025-06,OL1028,SSL-ORION BANGALORE 2,Shoppers Stop,Department Store,Bangalore,Karnataka,South,SKU40281,Midnight Eyeliner Berry 2.5Ml,Renee,Makeup,Eyeliner,Others,Active,299,4,5,,2,625,BGR South,3,3,,50,2,71.1,,
2025-06,OL1028,SSL-ORION BANGALORE 2,Shoppers Stop,Department Store,Bangalore,Karnataka,South,SKU40318,Midnight Eyeliner Hazelnut 2.5Ml,Renee,Makeup,Eyeliner,Others,Active,650,2,1,,1,679,BGR South,1,0,,50,2,71.1,,
2025-06,OL1028,SSL-ORION BANGALORE 2,Shoppers Stop,Department Store,Bangalore,Karnataka,South,SKU40425,Kajal Vanilla 0.35Gm,Renee,Makeup,Eyeliner,Top 25,Active,299,0,0,,5,1562,BGR South,6,5,,50,2,71.1,,
2025-06,OL1028,SSL-ORION BANGALORE 2,Shoppers Stop,Department Store,Bangalore,Karnataka,South,SKU40490,Kajal Midnight 0.35Gm,Renee,Makeup,Eyeliner,Top 10,Active,599,28,47,,6,3756,BGR South,11,10,,50,2,71.1,,
2025-06,OL1028,SSL-ORION BANGALORE 2,Shoppers Stop,Department Store,Bangalore,Karnataka,South,SKU40544,Bb Cream Peach 30Ml,Renee,Makeup,Foundation,Top 10,Active,599,21,22,,6,3756,BGR South,7,7,,50,2,71.1,,
2025-06,OL1028,SSL-ORION BANGALORE 2,Shoppers Stop,Department Store,Bangalore,Karnataka,South,SKU40588,Bb Cream Coral 30Ml,Renee,Makeup,Foundation,Top 10,Active,349,10,12,,6,2188,BGR South,9,8,,50,2,71.1,,
2025-06,OL1028,SSL-ORION BANGALORE 2,Shoppers Stop,Department Store,Bangalore,Karnataka,South,SKU40595,Compact Powder Mocha 9Gm,Renee,Makeup,Foundation,Top 10,Active,449,13,15,,5,2346,BGR South,7,7,,50,2,71.1,,
2025-06,OL1028,SSL-ORION BANGALORE 2,Shoppers Stop,Department Store,Bangalore,Karnataka,South,SKU40722,Compact Powder Berry 9Gm,Renee,Makeup,Foundation,Top 10,Active,799,2,6,,2,1670,BGR South,6,6,,50,2,71.1,,
2025-06,OL1028,SSL-ORION BANGALORE 2,Shoppers Stop,Department Store,Bangalore,Karnataka,South,SKU40836,Blending Brush R4,Renee,Makeup,Brushes,Top 10,Active,1199,11,12,,3,3759,BGR South,4,4,,50,2,71.1,,
2025-06,OL1028,SSL-ORION BANGALORE 2,Shoppers Stop,Department Store,Bangalore,Karnataka,South,SKU40850,Powder Brush R8,Renee,Makeup,Brushes,Top 25,Active,650,4,4,,4,2717,BGR South,7,4,,50,2,71.1,,
2025-06,OL1028,SSL-ORION BANGALORE 2,Shoppers Stop,Department Store,Bangalore,Karnataka,South,SKU40951,Sunscreen Gel Spf 50 70Ml,Renee,Skincare,Sunscreen,Top 25,Active,999,3,2,,1,1044,BGR South,0,0,,45,2,71.1,,
2025-06,OL1028,SSL-ORION BANGALORE 2,Shoppers Stop,Department Store,Bangalore,Karnataka,South,SKU41024,Vitamin C Serum 30Ml,Renee,Skincare,Serum,Others,Active,449,2,0,,1,469,BGR South,1,1,,45,2,71.1,,
2025-06,OL1028,SSL-ORION BANGALORE 2,Shoppers Stop,Department Store,Bangalore,Karnataka,South,SKU41129,Face Wash Vanilla 40Ml,Renee,Skincare,Cleanser,Others,Active,299,8,10,,0,0,BGR South,2,2,,45,2,71.1,,
2025-06,OL1028,SSL-ORION BANGALORE 2,Shoppers Stop,Department Store,Bangalore,Karnataka,South,SKU41295,Perfume Rose 50Ml,Renee,Fragrance,EDP,Top 25,Active,599,7,9,,2,1252,BGR South,5,4,,55,2,71.1,,
2025-06,OL1028,SSL-ORION BANGALORE 2,Shoppers Stop,Department Store,Bangalore,Karnataka,South,SKU41420,Body Mist Coral 100Ml,Renee,Fragrance,Body Mist,Top 25,Active,399,7,9,,2,834,BGR South,4,4,,55,2,71.1,,
2025-06,OL1028,SSL-ORION BANGALORE 2,Shoppers Stop,Department Store,Bangalore,Karnataka,South,SKU41536,Body Mist Nude 100Ml,Renee,Fragrance,Body Mist,Top 25,Active,349,21,26,,8,2918,BGR South,14,13,,55,2,71.1,,
2025-06,OL1028,SSL-ORION BANGALORE 2,Shoppers Stop,Department Store,Bangalore,Karnataka,South,SKU41608,Hair Oil Berry 100Ml,Renee,Haircare,Hair Oil,Others,Active,449,0,0,,1,469,BGR South,1,0,,35,2,71.1,,
2025-06,OL1029,SSL-SELECT NOIDA 3,Shoppers Stop,Department Store,Noida,Uttar Pradesh,North,SKU40078,Matte Lip Color Rose 4.2Ml,Renee,Makeup,Lipstick,Top 25,Active,650,1,0,,3,1921,BGR North,3,2,,50,2,60.2,,
2025-06,OL1029,SSL-SELECT NOIDA 3,Shoppers Stop,Department Store,Noida,Uttar Pradesh,North,SKU40108,Matte Lip Color Peach 4.2Ml,Renee,Makeup,Lipstick,Top 10,Active,650,18,31,,6,3843,BGR North,11,9,,50,2,60.2,,
2025-06,OL1029,SSL-SELECT NOIDA 3,Shoppers Stop,Department Store,Noida,Uttar Pradesh,North,SKU40127,Matte Lip Color Coral 4.2Ml,Renee,Makeup,Lipstick,Top 25,Active,499,12,12,,9,4425,BGR North,12,9,,50,2,60.2,,
2025-06,OL1029,SSL-SELECT NOIDA 3,Shoppers Stop,Department Store,Noida,Uttar Pradesh,North,SKU40266,Liquid Lipstick Nude 5Ml,Renee,Makeup,Lipstick,Top 10,Active,799,17,16,,5,3937,BGR North,6,4,,50,2,60.2,,
2025-06,OL1029,SSL-SELECT NOIDA 3,Shoppers Stop,Department Store,Noida,Uttar Pradesh,North,SKU40381,Midnight Eyeliner Ocean 2.5Ml,Renee,Makeup,Eyeliner,Top 25,Active,699,8,8,,5,3444,BGR North,7,5,,50,2,60.2,,
2025-06,OL1029,SSL-SELECT NOIDA 3,Shoppers Stop,Department Store,Noida,Uttar Pradesh,North,SKU40425,Kajal Vanilla 0.35Gm,Renee,Makeup,Eyeliner,Top 25,Active,299,86,88,,8,2357,BGR North,10,10,,50,2,60.2,,
2025-06,OL1029,SSL-SELECT NOIDA 3,Shoppers Stop,Department Store,Noida,Uttar Pradesh,North,SKU40588,Bb Cream Coral 30Ml,Renee,Makeup,Foundation,Top 10,Active,349,14,14,,9,3095,BGR North,10,9,,50,2,60.2,,
2025-06,OL1029,SSL-SELECT NOIDA 3,Shoppers Stop,Department Store,Noida,Uttar Pradesh,North,SKU40722,Compact Powder Berry 9Gm,Renee,Makeup,Foundation,Top 10,Active,799,10,61,,8,6299,BGR North,11,8,,50,2,60.2,,
2025-06,OL1029,SSL-SELECT NOIDA 3,Shoppers Stop,Department Store,Noida,Uttar Pradesh,North,SKU40763,Blending Brush R6,Renee,Makeup,Brushes,Others,Active,349,6,11,,3,1032,BGR North,8,8,,50,2,60.2,,
2025-06,OL1029,SSL-SELECT NOIDA 3,Shoppers Stop,Department Store,Noida,Uttar Pradesh,North,SKU40836,Blending Brush R4,Renee,Makeup,Brushes,Top 10,Active,1199,5,0,,5,5907,BGR North,5,4,,50,2,60.2,,
2025-06,OL1029,SSL-SELECT NOIDA 3,Shoppers Stop,Department Store,Noida,Uttar Pradesh,North,SKU40850,Powder Brush R8,Renee,Makeup,Brushes,Top 25,Active,650,12,12,,6,3843,BGR North,6,6,,50,2,60.2,,
2025-06,OL1029,SSL-SELECT NOIDA 3,Shoppers Stop,Department Store,Noida,Uttar Pradesh,North,SKU40928,Powder Brush R4,Renee,Makeup,Brushes,Top 25,Active,650,8,8,,4,2562,BGR North,5,4,,50,2,60.2,,
2025-06,OL1029,SSL-SELECT NOIDA 3,Shoppers Stop,Department Store,Noida,Uttar Pradesh,North,SKU40951,Sunscreen Gel Spf 50 70Ml,Renee,Skincare,Sunscreen,Top 25,Active,999,4,5,,1,984,BGR North,3,2,,45,2,60.2,,
2025-06,OL1029,SSL-SELECT NOIDA 3,Shoppers Stop,Department Store,Noida,Uttar Pradesh,North,SKU40972,Sunscreen Gel Spf 50 70Ml,Renee,Skincare,Sunscreen,Top 25,Active,599,5,9,,5,2951,BGR North,9,9,,45,2,60.2,,
2025-06,OL1029,SSL-SELECT NOIDA 3,Shoppers Stop,Department Store,Noida,Uttar Pradesh,North,SKU41032,Face Wash Hazelnut 60Ml,Renee,Skincare,Cleanser,Others,Active,499,6,6,,1,492,BGR North,2,1,,45,2,60.2,,
2025-06,OL1029,SSL-SELECT NOIDA 3,Shoppers Stop,Department Store,Noida,Uttar Pradesh,North,SKU41048,Face Wash Ocean 20Ml,Renee,Skincare,Cleanser,Others,Active,349,2,3,,3,1032,BGR North,6,4,,45,2,60.2,,
2025-06,OL1029,SSL-SELECT NOIDA 3,Shoppers Stop,Department Store,Noida,Uttar Pradesh,North,SKU41295,Perfume Rose 50Ml,Renee,Fragrance,EDP,Top 25,Active,599,17,19,,0,0,BGR North,3,2,,55,2,60.2,,
2025-06,OL1029,SSL-SELECT NOIDA 3,Shoppers Stop,Department Store,Noida,Uttar Pradesh,North,SKU41476,Body Mist Mocha 100Ml,Renee,Fragrance,Body Mist,Top 10,Active,799,25,27,,7,5511,BGR North,9,9,,55,2,60.2,,
2025-06,OL1029,SSL-SELECT NOIDA 3,Shoppers Stop,Department Store,Noida,Uttar Pradesh,North,SKU41536,Body Mist Nude 100Ml,Renee,Fragrance,Body Mist,Top 25,Active,349,33,30,,11,3783,BGR North,10,8,,55,2,60.2,,
2025-06,OL1030,SSL-NEXUS NOIDA 4,Shoppers Stop,Department Store,Noida,Uttar Pradesh,North,SKU40078,Matte Lip Color Rose 4.2Ml,Renee,Makeup,Lipstick,Top 25,Active,650,0,0,,1,725,BGR North,1,0,,50,1,75.3,,
2025-06,OL1030,SSL-NEXUS NOIDA 4,Shoppers Stop,Department Store,Noida,Uttar Pradesh,North,SKU40127,Matte Lip Color Coral 4.2Ml,Renee,Makeup,Lipstick,Top 25,Active,499,0,15,,2,1113,BGR North,4,3,,50,1,75.3,,
2025-06,OL1030,SSL-NEXUS NOIDA 4,Shoppers Stop,Department Store,Noida,Uttar Pradesh,North,SKU40266,Liquid Lipstick Nude 5Ml,Renee,Makeup,Lipstick,Top 10,Active,799,6,9,,5,4454,BGR North,10,8,,50,1,75.3,,
2025-06,OL1030,SSL-NEXUS NOIDA 4,Shoppers Stop,Department Store,Noida,Uttar Pradesh,North,SKU40281,Midnight Eyeliner Berry 2.5Ml,Renee,Makeup,Eyeliner,Others,Active,299,3,3,,2,667,BGR North,3,2,,50,1,75.3,,
2025-06,OL1030,SSL-NEXUS NOIDA 4,Shoppers Stop,Department Store,Noida,Uttar Pradesh,North,SKU40318,Midnight Eyeliner Hazelnut 2.5Ml,Renee,Makeup,Eyeliner,Others,Active,650,0,2,,0,0,BGR North,3,2,,50,1,75.3,,
2025-06,OL1030,SSL-NEXUS NOIDA 4,Shoppers Stop,Department Store,Noida,Uttar Pradesh,North,SKU40381,Midnight Eyeliner Ocean 2.5Ml,Renee,Makeup,Eyeliner,Top 25,Active,699,4,5,,2,1559,BGR North,4,3,,50,1,75.3,,
2025-06,OL1030,SSL-NEXUS NOIDA 4,Shoppers Stop,Department Store,Noida,Uttar Pradesh,North,SKU40425,Kajal Vanilla 0.35Gm,Renee,Makeup,Eyeliner,Top 25,Active,299,8,9,,2,667,BGR North,4,3,,50,1,75.3,,
2025-06,OL1030,SSL-NEXUS NOIDA 4,Shoppers Stop,Department Store,Noida,Uttar Pradesh,North,SKU40490,Kajal Midnight 0.35Gm,Renee,Makeup,Eyeliner,Top 10,Active,599,10,13,,2,1336,BGR North,5,5,,50,1,75.3,,
2025-06,OL1030,SSL-NEXUS NOIDA 4,Shoppers Stop,Department Store,Noida,Uttar Pradesh,North,SKU40588,Bb Cream Coral 30Ml,Renee,Makeup,Foundation,Top 10,Active,349,15,0,,3,1167,BGR North,5,4,,50,1,75.3,,
2025-06,OL1030,SSL-NEXUS NOIDA 4,Shoppers Stop,Department Store,Noida,Uttar Pradesh,North,SKU40722,Compact Powder Berry 9Gm,Renee,Makeup,Foundation,Top 10,Active,799,9,12,,3,2672,BGR North,7,6,,50,1,75.3,,
2025-06,OL1030,SSL-NEXUS NOIDA 4,Shoppers Stop,Department Store,Noida,Uttar Pradesh,North,SKU40763,Blending Brush R6,Renee,Makeup,Brushes,Others,Active,349,4,0,,1,389,BGR North,4,3,,50,1,75.3,,
2025-06,OL1030,SSL-NEXUS NOIDA 4,Shoppers Stop,Department Store,Noida,Uttar Pradesh,North,SKU40928,Powder Brush R4,Renee,Makeup,Brushes,Top 25,Active,650,3,4,,1,725,BGR North,2,2,,50,1,75.3,,
2025-06,OL1030,SSL-NEXUS NOIDA 4,Shoppers Stop,Department Store,Noida,Uttar Pradesh,North,SKU41215,Perfume Midnight 50Ml,Renee,Fragrance,EDP,Others,Active,399,1,0,,1,445,BGR North,1,0,,55,1,75.3,,
2025-06,OL1030,SSL-NEXUS NOIDA 4,Shoppers Stop,Department Store,Noida,Uttar Pradesh,North,SKU41476,Body Mist Mocha 100Ml,Renee,Fragrance,Body Mist,Top 10,Active,799,12,12,,2,1782,BGR North,3,2,,55,1,75.3,,
2025-06,OL1031,SSL-SELECT HYDERABAD 5,Shoppers Stop,Department Store,Hyderabad,Telangana,South,SKU40266,Liquid Lipstick Nude 5Ml,Renee,Makeup,Lipstick,Top 10,Active,799,25,29,,8,6407,BGR South,12,12,,50,1,69.6,,
2025-06,OL1031,SSL-SELECT HYDERABAD 5,Shoppers Stop,Department Store,Hyderabad,Telangana,South,SKU40281,Midnight Eyeliner Berry 2.5Ml,Renee,Makeup,Eyeliner,Others,Active,299,7,7,,4,1199,BGR South,7,4,,50,1,69.6,,
2025-06,OL1031,SSL-SELECT HYDERABAD 5,Shoppers Stop,Department Store,Hyderabad,Telangana,South,SKU40318,Midnight Eyeliner Hazelnut 2.5Ml,Renee,Makeup,Eyeliner,Others,Active,650,2,4,,2,1303,BGR South,5,4,,50,1,69.6,,
2025-06,OL1031,SSL-SELECT HYDERABAD 5,Shoppers Stop,Department Store,Hyderabad,Telangana,South,SKU40425,Kajal Vanilla 0.35Gm,Renee,Makeup,Eyeliner,Top 25,Active,299,18,18,,6,1798,BGR South,7,6,,50,1,69.6,,
2025-06,OL1031,SSL-SELECT HYDERABAD 5,Shoppers Stop,Department Store,Hyderabad,Telangana,South,SKU40595,Compact Powder Mocha 9Gm,Renee,Makeup,Foundation,Top 10,Active,449,11,15,,6,2700,BGR South,10,10,,50,1,69.6,,
2025-06,OL1031,SSL-SELECT HYDERABAD 5,Shoppers Stop,Department Store,Hyderabad,Telangana,South,SKU40662,Compact Powder Nude 9Gm,Renee,Makeup,Foundation,Top 25,Active,1199,7,6,,2,2404,BGR South,2,1,,50,1,69.6,,
2025-06,OL1031,SSL-SELECT HYDERABAD 5,Shoppers Stop,Department Store,Hyderabad,Telangana,South,SKU40722,Compact Powder Berry 9Gm,Renee,Makeup,Foundation,Top 10,Active,799,4,6,,2,1602,BGR South,4,4,,50,1,69.6,,
2025-06,OL1031,SSL-SELECT HYDERABAD 5,Shoppers Stop,Department Store,Hyderabad,Telangana,South,SKU40763,Blending Brush R6,Renee,Makeup,Brushes,Others,Active,349,4,3,,1,350,BGR South,0,0,,50,1,69.6,,
2025-06,OL1031,SSL-SELECT HYDERABAD 5,Shoppers Stop,Department Store,Hyderabad,Telangana,South,SKU40836,Blending Brush R4,Renee,Makeup,Brushes,Top 10,Active,1199,4,3,,7,8413,BGR South,7,6,,50,1,69.6,,
2025-06,OL1031,SSL-SELECT HYDERABAD 5,Shoppers Stop,Department Store,Hyderabad,Telangana,South,SKU40850,Powder Brush R8,Renee,Makeup,Brushes,Top 25,Active,650,9,13,,5,3258,BGR South,9,9,,50,1,69.6,,
2025-06,OL1031,SSL-SELECT HYDERABAD 5,Shoppers Stop,Department Store,Hyderabad,Telangana,South,SKU40951,Sunscreen Gel Spf 50 70Ml,Renee,Skincare,Sunscreen,Top 25,Active,999,2,3,,1,1001,BGR South,4,2,,45,1,69.6,,
2025-06,OL1031,SSL-SELECT HYDERABAD 5,Shoppers Stop,Department Store,Hyderabad,Telangana,South,SKU41032,Face Wash Hazelnut 60Ml,Renee,Skincare,Cleanser,Others,Active,499,2,2,,1,500,BGR South,2,1,,45,1,69.6,,
2025-06,OL1031,SSL-SELECT HYDERABAD 5,Shoppers Stop,Department Store,Hyderabad,Telangana,South,SKU41129,Face Wash Vanilla 40Ml,Renee,Skincare,Cleanser,Others,Active,299,5,5,,1,300,BGR South,2,1,,45,1,69.6,,
2025-06,OL1031,SSL-SELECT HYDERABAD 5,Shoppers Stop,Department Store,Hyderabad,Telangana,South,SKU41215,Perfume Midnight 50Ml,Renee,Fragrance,EDP,Others,Active,399,1,2,,1,400,BGR South,2,2,,55,1,69.6,,
2025-06,OL1031,SSL-SELECT HYDERABAD 5,Shoppers Stop,Department Store,Hyderabad,Telangana,South,SKU41295,Perfume Rose 50Ml,Renee,Fragrance,EDP,Top 25,Active,599,12,14,,3,1801,BGR South,6,5,,55,1,69.6,,
2025-06,OL1031,SSL-SELECT HYDERABAD 5,Shoppers Stop,Department Store,Hyderabad,Telangana,South,SKU41420,Body Mist Coral 100Ml,Renee,Fragrance,Body Mist,Top 25,Active,399,14,16,,4,1600,BGR South,6,6,,55,1,69.6,,
2025-06,OL1031,SSL-SELECT HYDERABAD 5,Shoppers Stop,Department Store,Hyderabad,Telangana,South,SKU41476,Body Mist Mocha 100Ml,Renee,Fragrance,Body Mist,Top 10,Active,799,15,0,,5,4005,BGR South,8,7,,55,1,69.6,,
2025-06,OL1031,SSL-SELECT HYDERABAD 5,Shoppers Stop,Department Store,Hyderabad,Telangana,South,SKU41536,Body Mist Nude 100Ml,Renee,Fragrance,Body Mist,Top 25,Active,349,15,20,,4,1399,BGR South,10,9,,55,1,69.6,,
2025-06,OL1032,SSL-GALLERIA BANGALORE 6,Shoppers Stop,Department Store,Bangalore,Karnataka,South,SKU40108,Matte Lip Color Peach 4.2Ml,Renee,Makeup,Lipstick,Top 10,Active,650,1,3,,3,2320,BGR South,7,5,,50,4,58.5,,
2025-06,OL1032,SSL-GALLERIA BANGALORE 6,Shoppers Stop,Department Store,Bangalore,Karnataka,South,SKU40127,Matte Lip Color Coral 4.2Ml,Renee,Makeup,Lipstick,Top 25,Active,499,8,9,,4,2374,BGR South,8,5,,50,4,58.5,,
2025-06,OL1032,SSL-GALLERIA BANGALORE 6,Shoppers Stop,Department Store,Bangalore,Karnataka,South,SKU40381,Midnight Eyeliner Ocean 2.5Ml,Renee,Makeup,Eyeliner,Top 25,Active,699,0,1,,3,2494,BGR South,5,4,,50,4,58.5,,
2025-06,OL1032,SSL-GALLERIA BANGALORE 6,Shoppers Stop,Department Store,Bangalore,Karnataka,South,SKU40425,Kajal Vanilla 0.35Gm,Renee,Makeup,Eyeliner,Top 25,Active,299,8,0,,4,1423,BGR South,7,6,,50,4,58.5,,
2025-06,OL1032,SSL-GALLERIA BANGALORE 6,Shoppers Stop,Department Store,Bangalore,Karnataka,South,SKU40490,Kajal Midnight 0.35Gm,Renee,Makeup,Eyeliner,Top 10,Active,599,7,6,,5,3563,BGR South,6,4,,50,4,58.5,,
2025-06,OL1032,SSL-GALLERIA BANGALORE 6,Shoppers Stop,Department Store,Bangalore,Karnataka,South,SKU40544,Bb Cream Peach 30Ml,Renee,Makeup,Foundation,Top 10,Active,599,0,0,,5,3563,BGR South,7,4,,50,4,58.5,,
2025-06,OL1032,SSL-GALLERIA BANGALORE 6,Shoppers Stop,Department Store,Bangalore,Karnataka,South,SKU40588,Bb Cream Coral 30Ml,Renee,Makeup,Foundation,Top 10,Active,349,18,17,,6,2491,BGR South,5,5,,50,4,58.5,,
2025-06,OL1032,SSL-GALLERIA BANGALORE 6,Shoppers Stop,Department Store,Bangalore,Karnataka,South,SKU40595,Compact Powder Mocha 9Gm,Renee,Makeup,Foundation,Top 10,Active,449,5,7,,13,6943,BGR South,17,15,,50,4,58.5,,
2025-06,OL1032,SSL-GALLERIA BANGALORE 6,Shoppers Stop,Department Store,Bangalore,Karnataka,South,SKU40662,Compact Powder Nude 9Gm,Renee,Makeup,Foundation,Top 25,Active,1199,4,3,,1,1426,BGR South,1,0,,50,4,58.5,,
2025-06,OL1032,SSL-GALLERIA BANGALORE 6,Shoppers Stop,Department Store,Bangalore,Karnataka,South,SKU40722,Compact Powder Berry 9Gm,Renee,Makeup,Foundation,Top 10,Active,799,9,9,,4,3802,BGR South,5,4,,50,4,58.5,,
2025-06,OL1032,SSL-GALLERIA BANGALORE 6,Shoppers Stop,Department Store,Bangalore,Karnataka,South,SKU40928,Powder Brush R4,Renee,Makeup,Brushes,Top 25,Active,650,4,4,,4,3093,BGR South,4,4,,50,4,58.5,,
2025-06,OL1032,SSL-GALLERIA BANGALORE 6,Shoppers Stop,Department Store,Bangalore,Karnataka,South,SKU40979,Sunscreen Gel Spf 50 50Ml,Renee,Skincare,Sunscreen,Top 25,Active,799,1,0,,1,950,BGR South,1,0,,45,4,58.5,,
2025-06,OL1032,SSL-GALLERIA BANGALORE 6,Shoppers Stop,Department Store,Bangalore,Karnataka,South,SKU41032,Face Wash Hazelnut 60Ml,Renee,Skincare,Cleanser,Others,Active,499,2,4,,1,594,BGR South,3,3,,45,4,58.5,,
2025-06,OL1032,SSL-GALLERIA BANGALORE 6,Shoppers Stop,Department Store,Bangalore,Karnataka,South,SKU41215,Perfume Midnight 50Ml,Renee,Fragrance,EDP,Others,Active,399,1,2,,1,475,BGR South,3,2,,55,4,58.5,,
2025-06,OL1032,SSL-GALLERIA BANGALORE 6,Shoppers Stop,Department Store,Bangalore,Karnataka,South,SKU41295,Perfume Rose 50Ml,Renee,Fragrance,EDP,Top 25,Active,599,5,6,,3,2138,BGR South,4,4,,55,4,58.5,,
2025-06,OL1032,SSL-GALLERIA BANGALORE 6,Shoppers Stop,Department Store,Bangalore,Karnataka,South,SKU41420,Body Mist Coral 100Ml,Renee,Fragrance,Body Mist,Top 25,Active,399,7,8,,3,1424,BGR South,4,4,,55,4,58.5,,
2025-06,OL1032,SSL-GALLERIA BANGALORE 6,Shoppers Stop,Department Store,Bangalore,Karnataka,South,SKU41476,Body Mist Mocha 100Ml,Renee,Fragrance,Body Mist,Top 10,Active,799,28,28,,5,4752,BGR South,6,5,,55,4,58.5,,
2025-06,OL1032,SSL-GALLERIA BANGALORE 6,Shoppers Stop,Department Store,Bangalore,Karnataka,South,SKU41608,Hair Oil Berry 100Ml,Renee,Haircare,Hair Oil,Others,Active,449,2,4,,1,534,BGR South,4,3,,35,4,58.5,,
2025-06,OL1032,SSL-GALLERIA BANGALORE 6,Shoppers Stop,Department Store,Bangalore,Karnataka,South,SKU41647,Hair Oil Hazelnut 100Ml,Renee,Haircare,Hair Oil,Others,Active,799,5,6,,1,950,BGR South,3,2,,35,4,58.5,,
2025-06,OL1033,SSL-SELECT PUNE 7,Shoppers Stop,Department Store,Pune,Maharashtra,West,SKU40078,Matte Lip Color Rose 4.2Ml,Renee,Makeup,Lipstick,Top 25,Active,650,10,11,,3,2211,BGR West,5,4,,50,4,71.2,,
2025-06,OL1033,SSL-SELECT PUNE 7,Shoppers Stop,Department Store,Pune,Maharashtra,West,SKU40127,Matte Lip Color Coral 4.2Ml,Renee,Makeup,Lipstick,Top 25,Active,499,11,12,,6,3395,BGR West,8,7,,50,4,71.2,,
2025-06,OL1033,SSL-SELECT PUNE 7,Shoppers Stop,Department Store,Pune,Maharashtra,West,SKU40318,Midnight Eyeliner Hazelnut 2.5Ml,Renee,Makeup,Eyeliner,Others,Active,650,6,8,,2,1474,BGR West,6,4,,50,4,71.2,,
2025-06,OL1033,SSL-SELECT PUNE 7,Shoppers Stop,Department Store,Pune,Maharashtra,West,SKU40381,Midnight Eyeliner Ocean 2.5Ml,Renee,Makeup,Eyeliner,Top 25,Active,699,4,4,,3,2378,BGR West,3,3,,50,4,71.2,,
2025-06,OL1033,SSL-SELECT PUNE 7,Shoppers Stop,Department Store,Pune,Maharashtra,West,SKU40425,Kajal Vanilla 0.35Gm,Renee,Makeup,Eyeliner,Top 25,Active,299,17,20,,4,1356,BGR West,8,7,,50,4,71.2,,
2025-06,OL1033,SSL-SELECT PUNE 7,Shoppers Stop,Department Store,Pune,Maharashtra,West,SKU40490,Kajal Midnight 0.35Gm,Renee,Makeup,Eyeliner,Top 10,Active,599,9,10,,10,6793,BGR West,11,11,,50,4,71.2,,
2025-06,OL1033,SSL-SELECT PUNE 7,Shoppers Stop,Department Store,Pune,Maharashtra,West,SKU40544,Bb Cream Peach 30Ml,Renee,Makeup,Foundation,Top 10,Active,599,7,6,,7,4755,BGR West,7,6,,50,4,71.2,,
2025-06,OL1033,SSL-SELECT PUNE 7,Shoppers Stop,Department Store,Pune,Maharashtra,West,SKU40588,Bb Cream Coral 30Ml,Renee,Makeup,Foundation,Top 10,Active,349,15,23,,10,3958,BGR West,18,18,,50,4,71.2,,
2025-06,OL1033,SSL-SELECT PUNE 7,Shoppers Stop,Department Store,Pune,Maharashtra,West,SKU40595,Compact Powder Mocha 9Gm,Renee,Makeup,Foundation,Top 10,Active,449,92,95,,14,7129,BGR West,18,17,,50,4,71.2,,
2025-06,OL1033,SSL-SELECT PUNE 7,Shoppers Stop,Department Store,Pune,Maharashtra,West,SKU40763,Blending Brush R6,Renee,Makeup,Brushes,Others,Active,349,4,6,,3,1187,BGR West,5,5,,50,4,71.2,,
2025-06,OL1033,SSL-SELECT PUNE 7,Shoppers Stop,Department Store,Pune,Maharashtra,West,SKU40836,Blending Brush R4,Renee,Makeup,Brushes,Top 10,Active,1199,26,25,,8,10878,BGR West,10,7,,50,4,71.2,,
2025-06,OL1033,SSL-SELECT PUNE 7,Shoppers Stop,Department Store,Pune,Maharashtra,West,SKU40928,Powder Brush R4,Renee,Makeup,Brushes,Top 25,Active,650,20,20,,5,3686,BGR West,5,5,,50,4,71.2,,
2025-06,OL1033,SSL-SELECT PUNE 7,Shoppers Stop,Department Store,Pune,Maharashtra,West,SKU40951,Sunscreen Gel Spf 50 70Ml,Renee,Skincare,Sunscreen,Top 25,Active,999,6,9,,2,2266,BGR West,5,5,,45,4,71.2,,
2025-06,OL1033,SSL-SELECT PUNE 7,Shoppers Stop,Department Store,Pune,Maharashtra,West,SKU40972,Sunscreen Gel Spf 50 70Ml,Renee,Skincare,Sunscreen,Top 25,Active,599,12,14,,4,2717,BGR West,6,6,,45,4,71.2,,
2025-06,OL1033,SSL-SELECT PUNE 7,Shoppers Stop,Department Store,Pune,Maharashtra,West,SKU40979,Sunscreen Gel Spf 50 50Ml,Renee,Skincare,Sunscreen,Top 25,Active,799,2,0,,5,4531,BGR West,5,3,,45,4,71.2,,
2025-06,OL1033,SSL-SELECT PUNE 7,Shoppers Stop,Department Store,Pune,Maharashtra,West,SKU41032,Face Wash Hazelnut 60Ml,Renee,Skincare,Cleanser,Others,Active,499,2,2,,1,566,BGR West,1,1,,45,4,71.2,,
2025-06,OL1033,SSL-SELECT PUNE 7,Shoppers Stop,Department Store,Pune,Maharashtra,West,SKU41048,Face Wash Ocean 20Ml,Renee,Skincare,Cleanser,Others,Active,349,8,9,,6,2375,BGR West,7,7,,45,4,71.2,,
2025-06,OL1033,SSL-SELECT PUNE 7,Shoppers Stop,Department Store,Pune,Maharashtra,West,SKU41129,Face Wash Vanilla 40Ml,Renee,Skincare,Cleanser,Others,Active,299,4,6,,2,678,BGR West,5,4,,45,4,71.2,,
2025-06,OL1033,SSL-SELECT PUNE 7,Shoppers Stop,Department Store,Pune,Maharashtra,West,SKU41215,Perfume Midnight 50Ml,Renee,Fragrance,EDP,Others,Active,399,3,5,,1,452,BGR West,4,3,,55,4,71.2,,
2025-06,OL1033,SSL-SELECT PUNE 7,Shoppers Stop,Department Store,Pune,Maharashtra,West,SKU41420,Body Mist Coral 100Ml,Renee,Fragrance,Body Mist,Top 25,Active,399,11,12,,3,1357,BGR West,6,4,,55,4,71.2,,
2025-06,OL1033,SSL-SELECT PUNE 7,Shoppers Stop,Department Store,Pune,Maharashtra,West,SKU41536,Body Mist Nude 100Ml,Renee,Fragrance,Body Mist,Top 25,Active,349,46,48,,6,2375,BGR West,12,8,,55,4,71.2,,
2025-06,OL1034,SSL-PHOENIX BHUBANESWAR 8,Shoppers Stop,Department Store,Bhubaneswar,Odisha,East,SKU40078,Matte Lip Color Rose 4.2Ml,Renee,Makeup,Lipstick,Top 25,Active,650,12,12,,4,2997,BGR East,7,4,,50,1,46.8,,
2025-06,OL1034,SSL-PHOENIX BHUBANESWAR 8,Shoppers Stop,Department Store,Bhubaneswar,Odisha,East,SKU40108,Matte Lip Color Peach 4.2Ml,Renee,Makeup,Lipstick,Top 10,Active,650,26,28,,4,2997,BGR East,6,6,,50,1,46.8,,
2025-06,OL1034,SSL-PHOENIX BHUBANESWAR 8,Shoppers Stop,Department Store,Bhubaneswar,Odisha,East,SKU40127,Matte Lip Color Coral 4.2Ml,Renee,Makeup,Lipstick,Top 25,Active,499,0,2,,5,2876,BGR East,7,7,,50,1,46.8,,
2025-06,OL1034,SSL-PHOENIX BHUBANESWAR 8,Shoppers Stop,Department Store,Bhubaneswar,Odisha,East,SKU40266,Liquid Lipstick Nude 5Ml,Renee,Makeup,Lipstick,Top 10,Active,799,38,40,,6,5526,BGR East,12,8,,50,1,46.8,,
2025-06,OL1034,SSL-PHOENIX BHUBANESWAR 8,Shoppers Stop,Department Store,Bhubaneswar,Odisha,East,SKU40490,Kajal Midnight 0.35Gm,Renee,Makeup,Eyeliner,Top 10,Active,599,16,15,,7,4834,BGR East,8,6,,50,1,46.8,,
2025-06,OL1034,SSL-PHOENIX BHUBANESWAR 8,Shoppers Stop,Department Store,Bhubaneswar,Odisha,East,SKU40544,Bb Cream Peach 30Ml,Renee,Makeup,Foundation,Top 10,Active,599,12,14,,6,4143,BGR East,12,8,,50,1,46.8,,
2025-06,OL1034,SSL-PHOENIX BHUBANESWAR 8,Shoppers Stop,Department Store,Bhubaneswar,Odisha,East,SKU40588,Bb Cream Coral 30Ml,Renee,Makeup,Foundation,Top 10,Active,349,9,7,,9,3621,BGR East,8,7,,50,1,46.8,,
2025-06,OL1034,SSL-PHOENIX BHUBANESWAR 8,Shoppers Stop,Department Store,Bhubaneswar,Odisha,East,SKU40662,Compact Powder Nude 9Gm,Renee,Makeup,Foundation,Top 25,Active,1199,5,6,,2,2764,BGR East,4,3,,50,1,46.8,,
2025-06,OL1034,SSL-PHOENIX BHUBANESWAR 8,Shoppers Stop,Department Store,Bhubaneswar,Odisha,East,SKU40722,Compact Powder Berry 9Gm,Renee,Makeup,Foundation,Top 10,Active,799,9,12,,3,2763,BGR East,7,6,,50,1,46.8,,
2025-06,OL1034,SSL-PHOENIX BHUBANESWAR 8,Shoppers Stop,Department Store,Bhubaneswar,Odisha,East,SKU40836,Blending Brush R4,Renee,Makeup,Brushes,Top 10,Active,1199,16,18,,9,12440,BGR East,11,11,,50,1,46.8,,
2025-06,OL1034,SSL-PHOENIX BHUBANESWAR 8,Shoppers Stop,Department Store,Bhubaneswar,Odisha,East,SKU40928,Powder Brush R4,Renee,Makeup,Brushes,Top 25,Active,650,6,0,,3,2248,BGR East,3,3,,50,1,46.8,,
2025-06,OL1034,SSL-PHOENIX BHUBANESWAR 8,Shoppers Stop,Department Store,Bhubaneswar,Odisha,East,SKU40979,Sunscreen Gel Spf 50 50Ml,Renee,Skincare,Sunscreen,Top 25,Active,799,6,6,,3,2763,BGR East,4,3,,45,1,46.8,,
2025-06,OL1034,SSL-PHOENIX BHUBANESWAR 8,Shoppers Stop,Department Store,Bhubaneswar,Odisha,East,SKU41032,Face Wash Hazelnut 60Ml,Renee,Skincare,Cleanser,Others,Active,499,1,0,,1,575,BGR East,0,0,,45,1,46.8,,
2025-06,OL1034,SSL-PHOENIX BHUBANESWAR 8,Shoppers Stop,Department Store,Bhubaneswar,Odisha,East,SKU41048,Face Wash Ocean 20Ml,Renee,Skincare,Cleanser,Others,Active,349,10,12,,3,1207,BGR East,6,5,,45,1,46.8,,
2025-06,OL1034,SSL-PHOENIX BHUBANESWAR 8,Shoppers Stop,Department Store,Bhubaneswar,Odisha,East,SKU41129,Face Wash Vanilla 40Ml,Renee,Skincare,Cleanser,Others,Active,299,4,5,,2,689,BGR East,3,3,,45,1,46.8,,
2025-06,OL1034,SSL-PHOENIX BHUBANESWAR 8,Shoppers Stop,Department Store,Bhubaneswar,Odisha,East,SKU41215,Perfume Midnight 50Ml,Renee,Fragrance,EDP,Others,Active,399,5,7,,1,460,BGR East,4,3,,55,1,46.8,,
2025-06,OL1034,SSL-PHOENIX BHUBANESWAR 8,Shoppers Stop,Department Store,Bhubaneswar,Odisha,East,SKU41295,Perfume Rose 50Ml,Renee,Fragrance,EDP,Top 25,Active,599,3,8,,4,2762,BGR East,9,9,,55,1,46.8,,
2025-06,OL1034,SSL-PHOENIX BHUBANESWAR 8,Shoppers Stop,Department Store,Bhubaneswar,Odisha,East,SKU41476,Body Mist Mocha 100Ml,Renee,Fragrance,Body Mist,Top 10,Active,799,14,24,,11,10132,BGR East,21,21,,55,1,46.8,,
2025-06,OL1034,SSL-PHOENIX BHUBANESWAR 8,Shoppers Stop,Department Store,Bhubaneswar,Odisha,East,SKU41536,Body Mist Nude 100Ml,Renee,Fragrance,Body Mist,Top 25,Active,349,11,11,,8,3219,BGR East,8,8,,55,1,46.8,,
2025-06,OL1035,SSL-EXPRESS CHENNAI 9,Shoppers Stop,Department Store,Chennai,Tamil Nadu,South,SKU40078,Matte Lip Color Rose 4.2Ml,Renee,Makeup,Lipstick,Top 25,Active,650,4,3,,2,1423,BGR South,2,1,,50,4,50.2,,
2025-06,OL1035,SSL-EXPRESS CHENNAI 9,Shoppers Stop,Department Store,Chennai,Tamil Nadu,South,SKU40266,Liquid Lipstick Nude 5Ml,Renee,Makeup,Lipstick,Top 10,Active,799,5,3,,4,3498,BGR South,3,2,,50,4,50.2,,
2025-06,OL1035,SSL-EXPRESS CHENNAI 9,Shoppers Stop,Department Store,Chennai,Tamil Nadu,South,SKU40281,Midnight Eyeliner Berry 2.5Ml,Renee,Makeup,Eyeliner,Others,Active,299,4,14,,2,655,BGR South,4,4,,50,4,50.2,,
2025-06,OL1035,SSL-EXPRESS CHENNAI 9,Shoppers Stop,Department Store,Chennai,Tamil Nadu,South,SKU40318,Midnight Eyeliner Hazelnut 2.5Ml,Renee,Makeup,Eyeliner,Others,Active,650,4,4,,0,0,BGR South,1,0,,50,4,50.2,,
2025-06,OL1035,SSL-EXPRESS CHENNAI 9,Shoppers Stop,Department Store,Chennai,Tamil Nadu,South,SKU40425,Kajal Vanilla 0.35Gm,Renee,Makeup,Eyeliner,Top 25,Active,299,6,7,,3,982,BGR South,6,4,,50,4,50.2,,
2025-06,OL1035,SSL-EXPRESS CHENNAI 9,Shoppers Stop,Department Store,Chennai,Tamil Nadu,South,SKU40490,Kajal Midnight 0.35Gm,Renee,Makeup,Eyeliner,Top 10,Active,599,10,10,,3,1967,BGR South,5,3,,50,4,50.2,,
2025-06,OL1035,SSL-EXPRESS CHENNAI 9,Shoppers Stop,Department Store,Chennai,Tamil Nadu,South,SKU40722,Compact Powder Berry 9Gm,Renee,Makeup,Foundation,Top 10,Active,799,6,6,,2,1749,BGR South,4,2,,50,4,50.2,,
2025-06,OL1035,SSL-EXPRESS CHENNAI 9,Shoppers Stop,Department Store,Chennai,Tamil Nadu,South,SKU40763,Blending Brush R6,Renee,Makeup,Brushes,Others,Active,349,2,3,,2,764,BGR South,4,3,,50,4,50.2,,
2025-06,OL1035,SSL-EXPRESS CHENNAI 9,Shoppers Stop,Department Store,Chennai,Tamil Nadu,South,SKU40836,Blending Brush R4,Renee,Makeup,Brushes,Top 10,Active,1199,28,30,,4,5250,BGR South,6,6,,50,4,50.2,,
2025-06,OL1035,SSL-EXPRESS CHENNAI 9,Shoppers Stop,Department Store,Chennai,Tamil Nadu,South,SKU40850,Powder Brush R8,Renee,Makeup,Brushes,Top 25,Active,650,7,10,,4,2846,BGR South,7,7,,50,4,50.2,,
2025-06,OL1035,SSL-EXPRESS CHENNAI 9,Shoppers Stop,Department Store,Chennai,Tamil Nadu,South,SKU41024,Vitamin C Serum 30Ml,Renee,Skincare,Serum,Others,Active,449,2,5,,1,491,BGR South,4,4,,45,4,50.2,,
2025-06,OL1035,SSL-EXPRESS CHENNAI 9,Shoppers Stop,Department Store,Chennai,Tamil Nadu,South,SKU41048,Face Wash Ocean 20Ml,Renee,Skincare,Cleanser,Others,Active,349,3,3,,0,0,BGR South,1,0,,45,4,50.2,,
2025-06,OL1035,SSL-EXPRESS CHENNAI 9,Shoppers Stop,Department Store,Chennai,Tamil Nadu,South,SKU41129,Face Wash Vanilla 40Ml,Renee,Skincare,Cleanser,Others,Active,299,6,5,,1,327,BGR South,1,0,,45,4,50.2,,
2025-06,OL1035,SSL-EXPRESS CHENNAI 9,Shoppers Stop,Department Store,Chennai,Tamil Nadu,South,SKU41215,Perfume Midnight 50Ml,Renee,Fragrance,EDP,Others,Active,399,3,4,,1,437,BGR South,2,2,,55,4,50.2,,
2025-06,OL1035,SSL-EXPRESS CHENNAI 9,Shoppers Stop,Department Store,Chennai,Tamil Nadu,South,SKU41295,Perfume Rose 50Ml,Renee,Fragrance,EDP,Top 25,Active,599,2,3,,2,1311,BGR South,3,3,,55,4,50.2,,
2025-06,OL1035,SSL-EXPRESS CHENNAI 9,Shoppers Stop,Department Store,Chennai,Tamil Nadu,South,SKU41608,Hair Oil Berry 100Ml,Renee,Haircare,Hair Oil,Others,Active,449,6,7,,1,491,BGR South,3,2,,35,4,50.2,,
2025-06,OL1036,SSL-GALLERIA MUMBAI 10,Shoppers Stop,Department Store,Mumbai,Maharashtra,West,SKU40078,Matte Lip Color Rose 4.2Ml,Renee,Makeup,Lipstick,Top 25,Active,650,6,8,,3,2328,BGR West,5,5,,50,4,46.2,,
2025-06,OL1036,SSL-GALLERIA MUMBAI 10,Shoppers Stop,Department Store,Mumbai,Maharashtra,West,SKU40127,Matte Lip Color Coral 4.2Ml,Renee,Makeup,Lipstick,Top 25,Active,499,8,12,,5,2978,BGR West,9,9,,50,4,46.2,,
2025-06,OL1036,SSL-GALLERIA MUMBAI 10,Shoppers Stop,Department Store,Mumbai,Maharashtra,West,SKU40266,Liquid Lipstick Nude 5Ml,Renee,Makeup,Lipstick,Top 10,Active,799,12,13,,6,5722,BGR West,8,7,,50,4,46.2,,
2025-06,OL1036,SSL-GALLERIA MUMBAI 10,Shoppers Stop,Department Store,Mumbai,Maharashtra,West,SKU40318,Midnight Eyeliner Hazelnut 2.5Ml,Renee,Makeup,Eyeliner,Others,Active,650,2,3,,2,1552,BGR West,4,3,,50,4,46.2,,
2025-06,OL1036,SSL-GALLERIA MUMBAI 10,Shoppers Stop,Department Store,Mumbai,Maharashtra,West,SKU40544,Bb Cream Peach 30Ml,Renee,Makeup,Foundation,Top 10,Active,599,7,8,,5,3575,BGR West,7,6,,50,4,46.2,,
2025-06,OL1036,SSL-GALLERIA MUMBAI 10,Shoppers Stop,Department Store,Mumbai,Maharashtra,West,SKU40588,Bb Cream Coral 30Ml,Renee,Makeup,Foundation,Top 10,Active,349,8,11,,8,3333,BGR West,12,11,,50,4,46.2,,
2025-06,OL1036,SSL-GALLERIA MUMBAI 10,Shoppers Stop,Department Store,Mumbai,Maharashtra,West,SKU40662,Compact Powder Nude 9Gm,Renee,Makeup,Foundation,Top 25,Active,1199,4,4,,1,1431,BGR West,2,1,,50,4,46.2,,
2025-06,OL1036,SSL-GALLERIA MUMBAI 10,Shoppers Stop,Department Store,Mumbai,Maharashtra,West,SKU40722,Compact Powder Berry 9Gm,Renee,Makeup,Foundation,Top 10,Active,799,17,18,,4,3815,BGR West,7,5,,50,4,46.2,,
2025-06,OL1036,SSL-GALLERIA MUMBAI 10,Shoppers Stop,Department Store,Mumbai,Maharashtra,West,SKU40763,Blending Brush R6,Renee,Makeup,Brushes,Others,Active,349,9,9,,2,833,BGR West,4,2,,50,4,46.2,,
2025-06,OL1036,SSL-GALLERIA MUMBAI 10,Shoppers Stop,Department Store,Mumbai,Maharashtra,West,SKU40850,Powder Brush R8,Renee,Makeup,Brushes,Top 25,Active,650,3,3,,3,2328,BGR West,4,3,,50,4,46.2,,
2025-06,OL1036,SSL-GALLERIA MUMBAI 10,Shoppers Stop,Department Store,Mumbai,Maharashtra,West,SKU40951,Sunscreen Gel Spf 50 70Ml,Renee,Skincare,Sunscreen,Top 25,Active,999,2,2,,0,0,BGR West,0,0,,45,4,46.2,,
2025-06,OL1036,SSL-GALLERIA MUMBAI 10,Shoppers Stop,Department Store,Mumbai,Maharashtra,West,SKU40979,Sunscreen Gel Spf 50 50Ml,Renee,Skincare,Sunscreen,Top 25,Active,799,4,4,,2,1907,BGR West,3,2,,45,4,46.2,,
2025-06,OL1036,SSL-GALLERIA MUMBAI 10,Shoppers Stop,Department Store,Mumbai,Maharashtra,West,SKU41024,Vitamin C Serum 30Ml,Renee,Skincare,Serum,Others,Active,449,1,2,,1,536,BGR West,3,2,,45,4,46.2,,
2025-06,OL1036,SSL-GALLERIA MUMBAI 10,Shoppers Stop,Department Store,Mumbai,Maharashtra,West,SKU41032,Face Wash Hazelnut 60Ml,Renee,Skincare,Cleanser,Others,Active,499,2,3,,1,596,BGR West,4,2,,45,4,46.2,,
2025-06,OL1036,SSL-GALLERIA MUMBAI 10,Shoppers Stop,Department Store,Mumbai,Maharashtra,West,SKU41048,Face Wash Ocean 20Ml,Renee,Skincare,Cleanser,Others,Active,349,6,7,,3,1250,BGR West,5,4,,45,4,46.2,,
2025-06,OL1036,SSL-GALLERIA MUMBAI 10,Shoppers Stop,Department Store,Mumbai,Maharashtra,West,SKU41129,Face Wash Vanilla 40Ml,Renee,Skincare,Cleanser,Others,Active,299,6,6,,2,714,BGR West,3,2,,45,4,46.2,,
2025-06,OL1036,SSL-GALLERIA MUMBAI 10,Shoppers Stop,Department Store,Mumbai,Maharashtra,West,SKU41215,Perfume Midnight 50Ml,Renee,Fragrance,EDP,Others,Active,399,4,0,,1,476,BGR West,2,1,,55,4,46.2,,
2025-06,OL1036,SSL-GALLERIA MUMBAI 10,Shoppers Stop,Department Store,Mumbai,Maharashtra,West,SKU41295,Perfume Rose 50Ml,Renee,Fragrance,EDP,Top 25,Active,599,8,9,,3,2145,BGR West,6,4,,55,4,46.2,,
2025-06,OL1036,SSL-GALLERIA MUMBAI 10,Shoppers Stop,Department Store,Mumbai,Maharashtra,West,SKU41476,Body Mist Mocha 100Ml,Renee,Fragrance,Body Mist,Top 10,Active,799,6,4,,6,5722,BGR West,6,4,,55,4,46.2,,
2025-06,OL1036,SSL-GALLERIA MUMBAI 10,Shoppers Stop,Department Store,Mumbai,Maharashtra,West,SKU41536,Body Mist Nude 100Ml,Renee,Fragrance,Body Mist,Top 25,Active,349,4,7,,4,1666,BGR West,7,7,,55,4,46.2,,
2025-06,OL1037,SSL-ORION AHMEDABAD 11,Shoppers Stop,Department Store,Ahmedabad,Gujarat,West,SKU40078,Matte Lip Color Rose 4.2Ml,Renee,Makeup,Lipstick,Top 25,Active,650,15,20,,4,2801,BGR West,9,9,,50,2,71.5,,
2025-06,OL1037,SSL-ORION AHMEDABAD 11,Shoppers Stop,Department Store,Ahmedabad,Gujarat,West,SKU40108,Matte Lip Color Peach 4.2Ml,Renee,Makeup,Lipstick,Top 10,Active,650,16,21,,7,4901,BGR West,12,12,,50,2,71.5,,
2025-06,OL1037,SSL-ORION AHMEDABAD 11,Shoppers Stop,Department Store,Ahmedabad,Gujarat,West,SKU40318,Midnight Eyeliner Hazelnut 2.5Ml,Renee,Makeup,Eyeliner,Others,Active,650,0,3,,3,2101,BGR West,7,6,,50,2,71.5,,
2025-06,OL1037,SSL-ORION AHMEDABAD 11,Shoppers Stop,Department Store,Ahmedabad,Gujarat,West,SKU40490,Kajal Midnight 0.35Gm,Renee,Makeup,Eyeliner,Top 10,Active,599,34,32,,5,3226,BGR West,4,3,,50,2,71.5,,
2025-06,OL1037,SSL-ORION AHMEDABAD 11,Shoppers Stop,Department Store,Ahmedabad,Gujarat,West,SKU40544,Bb Cream Peach 30Ml,Renee,Makeup,Foundation,Top 10,Active,599,21,21,,7,4517,BGR West,7,7,,50,2,71.5,,
2025-06,OL1037,SSL-ORION AHMEDABAD 11,Shoppers Stop,Department Store,Ahmedabad,Gujarat,West,SKU40588,Bb Cream Coral 30Ml,Renee,Makeup,Foundation,Top 10,Active,349,46,47,,11,4135,BGR West,13,12,,50,2,71.5,,
2025-06,OL1037,SSL-ORION AHMEDABAD 11,Shoppers Stop,Department Store,Ahmedabad,Gujarat,West,SKU40595,Compact Powder Mocha 9Gm,Renee,Makeup,Foundation,Top 10,Active,449,0,11,,13,6288,BGR West,24,24,,50,2,71.5,,
2025-06,OL1037,SSL-ORION AHMEDABAD 11,Shoppers Stop,Department Store,Ahmedabad,Gujarat,West,SKU40763,Blending Brush R6,Renee,Makeup,Brushes,Others,Active,349,8,10,,3,1128,BGR West,5,5,,50,2,71.5,,
2025-06,OL1037,SSL-ORION AHMEDABAD 11,Shoppers Stop,Department Store,Ahmedabad,Gujarat,West,SKU40850,Powder Brush R8,Renee,Makeup,Brushes,Top 25,Active,650,10,9,,5,3501,BGR West,6,4,,50,2,71.5,,
2025-06,OL1037,SSL-ORION AHMEDABAD 11,Shoppers Stop,Department Store,Ahmedabad,Gujarat,West,SKU40972,Sunscreen Gel Spf 50 70Ml,Renee,Skincare,Sunscreen,Top 25,Active,599,12,15,,3,1936,BGR West,8,6,,45,2,71.5,,
2025-06,OL1037,SSL-ORION AHMEDABAD 11,Shoppers Stop,Department Store,Ahmedabad,Gujarat,West,SKU40979,Sunscreen Gel Spf 50 50Ml,Renee,Skincare,Sunscreen,Top 25,Active,799,4,7,,2,1721,BGR West,6,5,,45,2,71.5,,
2025-06,OL1037,SSL-ORION AHMEDABAD 11,Shoppers Stop,Department Store,Ahmedabad,Gujarat,West,SKU41032,Face Wash Hazelnut 60Ml,Renee,Skincare,Cleanser,Others,Active,499,1,2,,1,538,BGR West,3,2,,45,2,71.5,,
2025-06,OL1037,SSL-ORION AHMEDABAD 11,Shoppers Stop,Department Store,Ahmedabad,Gujarat,West,SKU41215,Perfume Midnight 50Ml,Renee,Fragrance,EDP,Others,Active,399,0,0,,1,430,BGR West,1,0,,55,2,71.5,,
2025-06,OL1037,SSL-ORION AHMEDABAD 11,Shoppers Stop,Department Store,Ahmedabad,Gujarat,West,SKU41420,Body Mist Coral 100Ml,Renee,Fragrance,Body Mist,Top 25,Active,399,12,11,,4,1719,BGR West,4,3,,55,2,71.5,,
2025-06,OL1038,SSL-INORBIT PUNE 12,Shoppers Stop,Department Store,Pune,Maharashtra,West,SKU40078,Matte Lip Color Rose 4.2Ml,Renee,Makeup,Lipstick,Top 25,Active,650,11,10,,3,1854,BGR West,3,2,,50,3,89.5,,
2025-06,OL1038,SSL-INORBIT PUNE 12,Shoppers Stop,Department Store,Pune,Maharashtra,West,SKU40127,Matte Lip Color Coral 4.2Ml,Renee,Makeup,Lipstick,Top 25,Active,499,10,12,,5,2372,BGR West,7,7,,50,3,89.5,,
2025-06,OL1038,SSL-INORBIT PUNE 12,Shoppers Stop,Department Store,Pune,Maharashtra,West,SKU40266,Liquid Lipstick Nude 5Ml,Renee,Makeup,Lipstick,Top 10,Active,799,0,1,,10,7597,BGR West,11,11,,50,3,89.5,,
2025-06,OL1038,SSL-INORBIT PUNE 12,Shoppers Stop,Department Store,Pune,Maharashtra,West,SKU40318,Midnight Eyeliner Hazelnut 2.5Ml,Renee,Makeup,Eyeliner,Others,Active,650,5,15,,2,1236,BGR West,5,4,,50,3,89.5,,
2025-06,OL1038,SSL-INORBIT PUNE 12,Shoppers Stop,Department Store,Pune,Maharashtra,West,SKU40381,Midnight Eyeliner Ocean 2.5Ml,Renee,Makeup,Eyeliner,Top 25,Active,699,13,18,,4,2659,BGR West,10,9,,50,3,89.5,,
2025-06,OL1038,SSL-INORBIT PUNE 12,Shoppers Stop,Department Store,Pune,Maharashtra,West,SKU40544,Bb Cream Peach 30Ml,Renee,Makeup,Foundation,Top 10,Active,599,2,11,,12,6835,BGR West,21,21,,50,3,89.5,,
2025-06,OL1038,SSL-INORBIT PUNE 12,Shoppers Stop,Department Store,Pune,Maharashtra,West,SKU40595,Compact Powder Mocha 9Gm,Renee,Makeup,Foundation,Top 10,Active,449,14,15,,10,4269,BGR West,11,11,,50,3,89.5,,
2025-06,OL1038,SSL-INORBIT PUNE 12,Shoppers Stop,Department Store,Pune,Maharashtra,West,SKU40836,Blending Brush R4,Renee,Makeup,Brushes,Top 10,Active,1199,15,15,,5,5700,BGR West,8,5,,50,3,89.5,,
2025-06,OL1038,SSL-INORBIT PUNE 12,Shoppers Stop,Department Store,Pune,Maharashtra,West,SKU40972,Sunscreen Gel Spf 50 70Ml,Renee,Skincare,Sunscreen,Top 25,Active,599,12,12,,4,2278,BGR West,5,4,,45,3,89.5,,
2025-06,OL1038,SSL-INORBIT PUNE 12,Shoppers Stop,Department Store,Pune,Maharashtra,West,SKU41024,Vitamin C Serum 30Ml,Renee,Skincare,Serum,Others,Active,449,1,2,,1,427,BGR West,2,2,,45,3,89.5,,
2025-06,OL1038,SSL-INORBIT PUNE 12,Shoppers Stop,Department Store,Pune,Maharashtra,West,SKU41032,Face Wash Hazelnut 60Ml,Renee,Skincare,Cleanser,Others,Active,499,0,0,,0,0,BGR West,1,0,,45,3,89.5,,
2025-06,OL1038,SSL-INORBIT PUNE 12,Shoppers Stop,Department Store,Pune,Maharashtra,West,SKU41048,Face Wash Ocean 20Ml,Renee,Skincare,Cleanser,Others,Active,349,11,12,,2,664,BGR West,4,3,,45,3,89.5,,
2025-06,OL1038,SSL-INORBIT PUNE 12,Shoppers Stop,Department Store,Pune,Maharashtra,West,SKU41129,Face Wash Vanilla 40Ml,Renee,Skincare,Cleanser,Others,Active,299,3,4,,2,569,BGR West,5,3,,45,3,89.5,,
2025-06,OL1038,SSL-INORBIT PUNE 12,Shoppers Stop,Department Store,Pune,Maharashtra,West,SKU41295,Perfume Rose 50Ml,Renee,Fragrance,EDP,Top 25,Active,599,12,15,,4,2278,BGR West,7,7,,55,3,89.5,,
2025-06,OL1038,SSL-INORBIT PUNE 12,Shoppers Stop,Department Store,Pune,Maharashtra,West,SKU41420,Body Mist Coral 100Ml,Renee,Fragrance,Body Mist,Top 25,Active,399,9,13,,4,1518,BGR West,8,8,,55,3,89.5,,
2025-06,OL1038,SSL-INORBIT PUNE 12,Shoppers Stop,Department Store,Pune,Maharashtra,West,SKU41476,Body Mist Mocha 100Ml,Renee,Fragrance,Body Mist,Top 10,Active,799,18,20,,7,5318,BGR West,13,9,,55,3,89.5,,
2025-06,OL1038,SSL-INORBIT PUNE 12,Shoppers Stop,Department Store,Pune,Maharashtra,West,SKU41536,Body Mist Nude 100Ml,Renee,Fragrance,Body Mist,Top 25,Active,349,9,15,,6,1991,BGR West,13,12,,55,3,89.5,,
2025-06,OL1038,SSL-INORBIT PUNE 12,Shoppers Stop,Department Store,Pune,Maharashtra,West,SKU41608,Hair Oil Berry 100Ml,Renee,Haircare,Hair Oil,Others,Active,449,3,3,,1,427,BGR West,2,1,,35,3,89.5,,
2025-06,OL1038,SSL-INORBIT PUNE 12,Shoppers Stop,Department Store,Pune,Maharashtra,West,SKU41647,Hair Oil Hazelnut 100Ml,Renee,Haircare,Hair Oil,Others,Active,799,4,5,,1,760,BGR West,2,2,,35,3,89.5,,
2025-06,OL1039,SSL-CITY CENTRE SURAT 13,Shoppers Stop,Department Store,Surat,Gujarat,West,SKU40108,Matte Lip Color Peach 4.2Ml,Renee,Makeup,Lipstick,Top 10,Active,650,2,3,,2,1361,BGR West,3,3,,50,1,58,,
2025-06,OL1039,SSL-CITY CENTRE SURAT 13,Shoppers Stop,Department Store,Surat,Gujarat,West,SKU40127,Matte Lip Color Coral 4.2Ml,Renee,Makeup,Lipstick,Top 25,Active,499,4,6,,2,1045,BGR West,4,4,,50,1,58,,
2025-06,OL1039,SSL-CITY CENTRE SURAT 13,Shoppers Stop,Department Store,Surat,Gujarat,West,SKU40266,Liquid Lipstick Nude 5Ml,Renee,Makeup,Lipstick,Top 10,Active,799,2,6,,4,3346,BGR West,8,8,,50,1,58,,
2025-06,OL1039,SSL-CITY CENTRE SURAT 13,Shoppers Stop,Department Store,Surat,Gujarat,West,SKU40281,Midnight Eyeliner Berry 2.5Ml,Renee,Makeup,Eyeliner,Others,Active,299,1,2,,1,313,BGR West,2,2,,50,1,58,,
2025-06,OL1039,SSL-CITY CENTRE SURAT 13,Shoppers Stop,Department Store,Surat,Gujarat,West,SKU40381,Midnight Eyeliner Ocean 2.5Ml,Renee,Makeup,Eyeliner,Top 25,Active,699,5,5,,2,1464,BGR West,3,2,,50,1,58,,
2025-06,OL1039,SSL-CITY CENTRE SURAT 13,Shoppers Stop,Department Store,Surat,Gujarat,West,SKU40425,Kajal Vanilla 0.35Gm,Renee,Makeup,Eyeliner,Top 25,Active,299,8,9,,3,939,BGR West,4,4,,50,1,58,,
2025-06,OL1039,SSL-CITY CENTRE SURAT 13,Shoppers Stop,Department Store,Surat,Gujarat,West,SKU40490,Kajal Midnight 0.35Gm,Renee,Makeup,Eyeliner,Top 10,Active,599,6,7,,3,1881,BGR West,5,4,,50,1,58,,
2025-06,OL1039,SSL-CITY CENTRE SURAT 13,Shoppers Stop,Department Store,Surat,Gujarat,West,SKU40544,Bb Cream Peach 30Ml,Renee,Makeup,Foundation,Top 10,Active,599,12,11,,4,2508,BGR West,5,3,,50,1,58,,
2025-06,OL1039,SSL-CITY CENTRE SURAT 13,Shoppers Stop,Department Store,Surat,Gujarat,West,SKU40588,Bb Cream Coral 30Ml,Renee,Makeup,Foundation,Top 10,Active,349,11,9,,3,1096,BGR West,2,1,,50,1,58,,
2025-06,OL1039,SSL-CITY CENTRE SURAT 13,Shoppers Stop,Department Store,Surat,Gujarat,West,SKU40595,Compact Powder Mocha 9Gm,Renee,Makeup,Foundation,Top 10,Active,449,2,3,,2,940,BGR West,3,3,,50,1,58,,
2025-06,OL1039,SSL-CITY CENTRE SURAT 13,Shoppers Stop,Department Store,Surat,Gujarat,West,SKU40836,Blending Brush R4,Renee,Makeup,Brushes,Top 10,Active,1199,1,0,,3,3766,BGR West,3,2,,50,1,58,,
2025-06,OL1039,SSL-CITY CENTRE SURAT 13,Shoppers Stop,Department Store,Surat,Gujarat,West,SKU40850,Powder Brush R8,Renee,Makeup,Brushes,Top 25,Active,650,0,1,,3,2041,BGR West,5,4,,50,1,58,,
2025-06,OL1039,SSL-CITY CENTRE SURAT 13,Shoppers Stop,Department Store,Surat,Gujarat,West,SKU40928,Powder Brush R4,Renee,Makeup,Brushes,Top 25,Active,650,8,11,,1,680,BGR West,4,4,,50,1,58,,
2025-06,OL1039,SSL-CITY CENTRE SURAT 13,Shoppers Stop,Department Store,Surat,Gujarat,West,SKU41048,Face Wash Ocean 20Ml,Renee,Skincare,Cleanser,Others,Active,349,4,4,,2,731,BGR West,3,2,,45,1,58,,
2025-06,OL1039,SSL-CITY CENTRE SURAT 13,Shoppers Stop,Department Store,Surat,Gujarat,West,SKU41129,Face Wash Vanilla 40Ml,Renee,Skincare,Cleanser,Others,Active,299,3,3,,1,313,BGR West,2,1,,45,1,58,,
2025-06,OL1039,SSL-CITY CENTRE SURAT 13,Shoppers Stop,Department Store,Surat,Gujarat,West,SKU41295,Perfume Rose 50Ml,Renee,Fragrance,EDP,Top 25,Active,599,2,3,,1,627,BGR West,3,2,,55,1,58,,
2025-06,OL1039,SSL-CITY CENTRE SURAT 13,Shoppers Stop,Department Store,Surat,Gujarat,West,SKU41420,Body Mist Coral 100Ml,Renee,Fragrance,Body Mist,Top 25,Active,399,4,5,,1,418,BGR West,3,2,,55,1,58,,
2025-06,OL1039,SSL-CITY CENTRE SURAT 13,Shoppers Stop,Department Store,Surat,Gujarat,West,SKU41476,Body Mist Mocha 100Ml,Renee,Fragrance,Body Mist,Top 10,Active,799,3,1,,3,2509,BGR West,2,1,,55,1,58,,
2025-06,OL1039,SSL-CITY CENTRE SURAT 13,Shoppers Stop,Department Store,Surat,Gujarat,West,SKU41536,Body Mist Nude 100Ml,Renee,Fragrance,Body Mist,Top 25,Active,349,4,3,,2,731,BGR West,2,1,,55,1,58,,
2025-06,OL1039,SSL-CITY CENTRE SURAT 13,Shoppers Stop,Department Store,Surat,Gujarat,West,SKU41608,Hair Oil Berry 100Ml,Renee,Haircare,Hair Oil,Others,Active,449,3,5,,1,470,BGR West,3,3,,35,1,58,,
2025-06,OL1040,SSL-FORUM BHUBANESWAR 14,Shoppers Stop,Department Store,Bhubaneswar,Odisha,East,SKU40078,Matte Lip Color Rose 4.2Ml,Renee,Makeup,Lipstick,Top 25,Active,650,2,3,,1,734,BGR East,3,2,,50,1,49.8,,
2025-06,OL1040,SSL-FORUM BHUBANESWAR 14,Shoppers Stop,Department Store,Bhubaneswar,Odisha,East,SKU40318,Midnight Eyeliner Hazelnut 2.5Ml,Renee,Makeup,Eyeliner,Others,Active,650,5,6,,1,734,BGR East,3,2,,50,1,49.8,,
2025-06,OL1040,SSL-FORUM BHUBANESWAR 14,Shoppers Stop,Department Store,Bhubaneswar,Odisha,East,SKU40381,Midnight Eyeliner Ocean 2.5Ml,Renee,Makeup,Eyeliner,Top 25,Active,699,4,3,,2,1580,BGR East,2,1,,50,1,49.8,,
2025-06,OL1040,SSL-FORUM BHUBANESWAR 14,Shoppers Stop,Department Store,Bhubaneswar,Odisha,East,SKU40425,Kajal Vanilla 0.35Gm,Renee,Makeup,Eyeliner,Top 25,Active,299,1,1,,4,1351,BGR East,5,4,,50,1,49.8,,
2025-06,OL1040,SSL-FORUM BHUBANESWAR 14,Shoppers Stop,Department Store,Bhubaneswar,Odisha,East,SKU40490,Kajal Midnight 0.35Gm,Renee,Makeup,Eyeliner,Top 10,Active,599,4,30,,4,2707,BGR East,4,3,,50,1,49.8,,
2025-06,OL1040,SSL-FORUM BHUBANESWAR 14,Shoppers Stop,Department Store,Bhubaneswar,Odisha,East,SKU40544,Bb Cream Peach 30Ml,Renee,Makeup,Foundation,Top 10,Active,599,0,5,,1,677,BGR East,2,2,,50,1,49.8,,
2025-06,OL1040,SSL-FORUM BHUBANESWAR 14,Shoppers Stop,Department Store,Bhubaneswar,Odisha,East,SKU40588,Bb Cream Coral 30Ml,Renee,Makeup,Foundation,Top 10,Active,349,16,19,,0,0,BGR East,3,3,,50,1,49.8,,
2025-06,OL1040,SSL-FORUM BHUBANESWAR 14,Shoppers Stop,Department Store,Bhubaneswar,Odisha,East,SKU40595,Compact Powder Mocha 9Gm,Renee,Makeup,Foundation,Top 10,Active,449,12,16,,8,4059,BGR East,12,12,,50,1,49.8,,
2025-06,OL1040,SSL-FORUM BHUBANESWAR 14,Shoppers Stop,Department Store,Bhubaneswar,Odisha,East,SKU40722,Compact Powder Berry 9Gm,Renee,Makeup,Foundation,Top 10,Active,799,2,3,,1,903,BGR East,2,2,,50,1,49.8,,
2025-06,OL1040,SSL-FORUM BHUBANESWAR 14,Shoppers Stop,Department Store,Bhubaneswar,Odisha,East,SKU40763,Blending Brush R6,Renee,Makeup,Brushes,Others,Active,349,1,1,,1,394,BGR East,1,1,,50,1,49.8,,
2025-06,OL1040,SSL-FORUM BHUBANESWAR 14,Shoppers Stop,Department Store,Bhubaneswar,Odisha,East,SKU40850,Powder Brush R8,Renee,Makeup,Brushes,Top 25,Active,650,4,6,,2,1469,BGR East,4,4,,50,1,49.8,,
2025-06,OL1040,SSL-FORUM BHUBANESWAR 14,Shoppers Stop,Department Store,Bhubaneswar,Odisha,East,SKU40928,Powder Brush R4,Renee,Makeup,Brushes,Top 25,Active,650,2,5,,2,1469,BGR East,6,5,,50,1,49.8,,
2025-06,OL1040,SSL-FORUM BHUBANESWAR 14,Shoppers Stop,Department Store,Bhubaneswar,Odisha,East,SKU40951,Sunscreen Gel Spf 50 70Ml,Renee,Skincare,Sunscreen,Top 25,Active,999,2,1,,1,1129,BGR East,1,0,,45,1,49.8,,
2025-06,OL1040,SSL-FORUM BHUBANESWAR 14,Shoppers Stop,Department Store,Bhubaneswar,Odisha,East,SKU40979,Sunscreen Gel Spf 50 50Ml,Renee,Skincare,Sunscreen,Top 25,Active,799,3,4,,1,903,BGR East,4,2,,45,1,49.8,,
2025-06,OL1040,SSL-FORUM BHUBANESWAR 14,Shoppers Stop,Department Store,Bhubaneswar,Odisha,East,SKU41024,Vitamin C Serum 30Ml,Renee,Skincare,Serum,Others,Active,449,2,3,,1,507,BGR East,4,2,,45,1,49.8,,
2025-06,OL1040,SSL-FORUM BHUBANESWAR 14,Shoppers Stop,Department Store,Bhubaneswar,Odisha,East,SKU41048,Face Wash Ocean 20Ml,Renee,Skincare,Cleanser,Others,Active,349,8,12,,2,789,BGR East,6,6,,45,1,49.8,,
2025-06,OL1040,SSL-FORUM BHUBANESWAR 14,Shoppers Stop,Department Store,Bhubaneswar,Odisha,East,SKU41476,Body Mist Mocha 100Ml,Renee,Fragrance,Body Mist,Top 10,Active,799,6,19,,3,2708,BGR East,5,4,,55,1,49.8,,
2025-06,OL1041,SSL-INORBIT JAIPUR 15,Shoppers Stop,Department Store,Jaipur,Rajasthan,North,SKU40266,Liquid Lipstick Nude 5Ml,Renee,Makeup,Lipstick,Top 10,Active,799,12,15,,3,2415,BGR North,8,6,,50,3,70.1,,
2025-06,OL1041,SSL-INORBIT JAIPUR 15,Shoppers Stop,Department Store,Jaipur,Rajasthan,North,SKU40425,Kajal Vanilla 0.35Gm,Renee,Makeup,Eyeliner,Top 25,Active,299,5,5,,3,904,BGR North,3,3,,50,3,70.1,,
2025-06,OL1041,SSL-INORBIT JAIPUR 15,Shoppers Stop,Department Store,Jaipur,Rajasthan,North,SKU40490,Kajal Midnight 0.35Gm,Renee,Makeup,Eyeliner,Top 10,Active,599,8,9,,2,1207,BGR North,4,3,,50,3,70.1,,
2025-06,OL1041,SSL-INORBIT JAIPUR 15,Shoppers Stop,Department Store,Jaipur,Rajasthan,North,SKU40544,Bb Cream Peach 30Ml,Renee,Makeup,Foundation,Top 10,Active,599,12,17,,4,2414,BGR North,10,9,,50,3,70.1,,
2025-06,OL1041,SSL-INORBIT JAIPUR 15,Shoppers Stop,Department Store,Jaipur,Rajasthan,North,SKU40588,Bb Cream Coral 30Ml,Renee,Makeup,Foundation,Top 10,Active,349,9,11,,5,1758,BGR North,9,7,,50,3,70.1,,
2025-06,OL1041,SSL-INORBIT JAIPUR 15,Shoppers Stop,Department Store,Jaipur,Rajasthan,North,SKU40595,Compact Powder Mocha 9Gm,Renee,Makeup,Foundation,Top 10,Active,449,4,5,,4,1810,BGR North,8,5,,50,3,70.1,,
2025-06,OL1041,SSL-INORBIT JAIPUR 15,Shoppers Stop,Department Store,Jaipur,Rajasthan,North,SKU40722,Compact Powder Berry 9Gm,Renee,Makeup,Foundation,Top 10,Active,799,2,2,,2,1610,BGR North,3,2,,50,3,70.1,,
2025-06,OL1041,SSL-INORBIT JAIPUR 15,Shoppers Stop,Department Store,Jaipur,Rajasthan,North,SKU40763,Blending Brush R6,Renee,Makeup,Brushes,Others,Active,349,1,1,,1,352,BGR North,2,1,,50,3,70.1,,
2025-06,OL1041,SSL-INORBIT JAIPUR 15,Shoppers Stop,Department Store,Jaipur,Rajasthan,North,SKU40850,Powder Brush R8,Renee,Makeup,Brushes,Top 25,Active,650,3,6,,2,1310,BGR North,6,5,,50,3,70.1,,
2025-06,OL1041,SSL-INORBIT JAIPUR 15,Shoppers Stop,Department Store,Jaipur,Rajasthan,North,SKU40979,Sunscreen Gel Spf 50 50Ml,Renee,Skincare,Sunscreen,Top 25,Active,799,2,3,,1,805,BGR North,3,2,,45,3,70.1,,
2025-06,OL1041,SSL-INORBIT JAIPUR 15,Shoppers Stop,Department Store,Jaipur,Rajasthan,North,SKU41032,Face Wash Hazelnut 60Ml,Renee,Skincare,Cleanser,Others,Active,499,2,2,,1,503,BGR North,2,1,,45,3,70.1,,
2025-06,OL1041,SSL-INORBIT JAIPUR 15,Shoppers Stop,Department Store,Jaipur,Rajasthan,North,SKU41048,Face Wash Ocean 20Ml,Renee,Skincare,Cleanser,Others,Active,349,12,12,,1,352,BGR North,1,1,,45,3,70.1,,
2025-06,OL1041,SSL-INORBIT JAIPUR 15,Shoppers Stop,Department Store,Jaipur,Rajasthan,North,SKU41129,Face Wash Vanilla 40Ml,Renee,Skincare,Cleanser,Others,Active,299,1,0,,1,301,BGR North,1,0,,45,3,70.1,,
2025-06,OL1041,SSL-INORBIT JAIPUR 15,Shoppers Stop,Department Store,Jaipur,Rajasthan,North,SKU41215,Perfume Midnight 50Ml,Renee,Fragrance,EDP,Others,Active,399,3,2,,1,402,BGR North,1,0,,55,3,70.1,,
2025-06,OL1041,SSL-INORBIT JAIPUR 15,Shoppers Stop,Department Store,Jaipur,Rajasthan,North,SKU41295,Perfume Rose 50Ml,Renee,Fragrance,EDP,Top 25,Active,599,0,15,,2,1207,BGR North,2,1,,55,3,70.1,,
2025-06,OL1041,SSL-INORBIT JAIPUR 15,Shoppers Stop,Department Store,Jaipur,Rajasthan,North,SKU41536,Body Mist Nude 100Ml,Renee,Fragrance,Body Mist,Top 25,Active,349,4,4,,2,703,BGR North,3,2,,55,3,70.1,,
2025-06,OL1042,SSL-CITY CENTRE SURAT 16,Shoppers Stop,Department Store,Surat,Gujarat,West,SKU40078,Matte Lip Color Rose 4.2Ml,Renee,Makeup,Lipstick,Top 25,Active,650,6,8,,3,2003,BGR West,5,5,,50,4,52.3,,
2025-06,OL1042,SSL-CITY CENTRE SURAT 16,Shoppers Stop,Department Store,Surat,Gujarat,West,SKU40127,Matte Lip Color Coral 4.2Ml,Renee,Makeup,Lipstick,Top 25,Active,499,6,0,,3,1538,BGR West,6,5,,50,4,52.3,,
2025-06,OL1042,SSL-CITY CENTRE SURAT 16,Shoppers Stop,Department Store,Surat,Gujarat,West,SKU40318,Midnight Eyeliner Hazelnut 2.5Ml,Renee,Makeup,Eyeliner,Others,Active,650,6,6,,1,668,BGR West,2,1,,50,4,52.3,,
2025-06,OL1042,SSL-CITY CENTRE SURAT 16,Shoppers Stop,Department Store,Surat,Gujarat,West,SKU40544,Bb Cream Peach 30Ml,Renee,Makeup,Foundation,Top 10,Active,599,0,0,,4,2461,BGR West,5,3,,50,4,52.3,,
2025-06,OL1042,SSL-CITY CENTRE SURAT 16,Shoppers Stop,Department Store,Surat,Gujarat,West,SKU40588,Bb Cream Coral 30Ml,Renee,Makeup,Foundation,Top 10,Active,349,102,100,,7,2510,BGR West,6,5,,50,4,52.3,,
2025-06,OL1042,SSL-CITY CENTRE SURAT 16,Shoppers Stop,Department Store,Surat,Gujarat,West,SKU40595,Compact Powder Mocha 9Gm,Renee,Makeup,Foundation,Top 10,Active,449,8,14,,6,2767,BGR West,12,12,,50,4,52.3,,
2025-06,OL1042,SSL-CITY CENTRE SURAT 16,Shoppers Stop,Department Store,Surat,Gujarat,West,SKU40722,Compact Powder Berry 9Gm,Renee,Makeup,Foundation,Top 10,Active,799,8,9,,1,821,BGR West,3,2,,50,4,52.3,,
2025-06,OL1042,SSL-CITY CENTRE SURAT 16,Shoppers Stop,Department Store,Surat,Gujarat,West,SKU40836,Blending Brush R4,Renee,Makeup,Brushes,Top 10,Active,1199,14,15,,6,7390,BGR West,7,7,,50,4,52.3,,
2025-06,OL1042,SSL-CITY CENTRE SURAT 16,Shoppers Stop,Department Store,Surat,Gujarat,West,SKU40850,Powder Brush R8,Renee,Makeup,Brushes,Top 25,Active,650,3,4,,3,2003,BGR West,6,4,,50,4,52.3,,
2025-06,OL1042,SSL-CITY CENTRE SURAT 16,Shoppers Stop,Department Store,Surat,Gujarat,West,SKU40972,Sunscreen Gel Spf 50 70Ml,Renee,Skincare,Sunscreen,Top 25,Active,599,2,1,,2,1231,BGR West,2,1,,45,4,52.3,,
2025-06,OL1042,SSL-CITY CENTRE SURAT 16,Shoppers Stop,Department Store,Surat,Gujarat,West,SKU40979,Sunscreen Gel Spf 50 50Ml,Renee,Skincare,Sunscreen,Top 25,Active,799,4,0,,1,821,BGR West,3,2,,45,4,52.3,,
2025-06,OL1042,SSL-CITY CENTRE SURAT 16,Shoppers Stop,Department Store,Surat,Gujarat,West,SKU41032,Face Wash Hazelnut 60Ml,Renee,Skincare,Cleanser,Others,Active,499,6,6,,1,513,BGR West,2,1,,45,4,52.3,,
2025-06,OL1042,SSL-CITY CENTRE SURAT 16,Shoppers Stop,Department Store,Surat,Gujarat,West,SKU41129,Face Wash Vanilla 40Ml,Renee,Skincare,Cleanser,Others,Active,299,2,3,,2,614,BGR West,5,3,,45,4,52.3,,
2025-06,OL1042,SSL-CITY CENTRE SURAT 16,Shoppers Stop,Department Store,Surat,Gujarat,West,SKU41295,Perfume Rose 50Ml,Renee,Fragrance,EDP,Top 25,Active,599,13,24,,3,1846,BGR West,7,7,,55,4,52.3,,
2025-06,OL1042,SSL-CITY CENTRE SURAT 16,Shoppers Stop,Department Store,Surat,Gujarat,West,SKU41420,Body Mist Coral 100Ml,Renee,Fragrance,Body Mist,Top 25,Active,399,1,4,,2,820,BGR West,6,5,,55,4,52.3,,
2025-06,OL1042,SSL-CITY CENTRE SURAT 16,Shoppers Stop,Department Store,Surat,Gujarat,West,SKU41647,Hair Oil Hazelnut 100Ml,Renee,Haircare,Hair Oil,Others,Active,799,3,5,,1,821,BGR West,3,3,,35,4,52.3,,
2025-06,OL1043,SSL-FORUM SURAT 17,Shoppers Stop,Department Store,Surat,Gujarat,West,SKU40078,Matte Lip Color Rose 4.2Ml,Renee,Makeup,Lipstick,Top 25,Active,650,20,28,,8,5512,BGR West,16,16,,50,1,74,,
2025-06,OL1043,SSL-FORUM SURAT 17,Shoppers Stop,Department Store,Surat,Gujarat,West,SKU40127,Matte Lip Color Coral 4.2Ml,Renee,Makeup,Lipstick,Top 25,Active,499,5,6,,3,1587,BGR West,7,4,,50,1,74,,
2025-06,OL1043,SSL-FORUM SURAT 17,Shoppers Stop,Department Store,Surat,Gujarat,West,SKU40266,Liquid Lipstick Nude 5Ml,Renee,Makeup,Lipstick,Top 10,Active,799,0,1,,8,6776,BGR West,12,9,,50,1,74,,
2025-06,OL1043,SSL-FORUM SURAT 17,Shoppers Stop,Department Store,Surat,Gujarat,West,SKU40318,Midnight Eyeliner Hazelnut 2.5Ml,Renee,Makeup,Eyeliner,Others,Active,650,4,6,,1,689,BGR West,4,3,,50,1,74,,
2025-06,OL1043,SSL-FORUM SURAT 17,Shoppers Stop,Department Store,Surat,Gujarat,West,SKU40588,Bb Cream Coral 30Ml,Renee,Makeup,Foundation,Top 10,Active,349,20,21,,13,4809,BGR West,18,14,,50,1,74,,
2025-06,OL1043,SSL-FORUM SURAT 17,Shoppers Stop,Department Store,Surat,Gujarat,West,SKU40595,Compact Powder Mocha 9Gm,Renee,Makeup,Foundation,Top 10,Active,449,25,26,,7,3332,BGR West,9,8,,50,1,74,,
2025-06,OL1043,SSL-FORUM SURAT 17,Shoppers Stop,Department Store,Surat,Gujarat,West,SKU40662,Compact Powder Nude 9Gm,Renee,Makeup,Foundation,Top 25,Active,1199,3,5,,1,1271,BGR West,4,3,,50,1,74,,
2025-06,OL1043,SSL-FORUM SURAT 17,Shoppers Stop,Department Store,Surat,Gujarat,West,SKU40763,Blending Brush R6,Renee,Makeup,Brushes,Others,Active,349,6,8,,3,1110,BGR West,5,5,,50,1,74,,
2025-06,OL1043,SSL-FORUM SURAT 17,Shoppers Stop,Department Store,Surat,Gujarat,West,SKU40850,Powder Brush R8,Renee,Makeup,Brushes,Top 25,Active,650,9,16,,7,4823,BGR West,14,14,,50,1,74,,
2025-06,OL1043,SSL-FORUM SURAT 17,Shoppers Stop,Department Store,Surat,Gujarat,West,SKU40928,Powder Brush R4,Renee,Makeup,Brushes,Top 25,Active,650,9,9,,3,2067,BGR West,4,3,,50,1,74,,
2025-06,OL1043,SSL-FORUM SURAT 17,Shoppers Stop,Department Store,Surat,Gujarat,West,SKU40951,Sunscreen Gel Spf 50 70Ml,Renee,Skincare,Sunscreen,Top 25,Active,999,2,3,,2,2118,BGR West,3,3,,45,1,74,,
2025-06,OL1043,SSL-FORUM SURAT 17,Shoppers Stop,Department Store,Surat,Gujarat,West,SKU41032,Face Wash Hazelnut 60Ml,Renee,Skincare,Cleanser,Others,Active,499,7,7,,1,529,BGR West,1,1,,45,1,74,,
2025-06,OL1043,SSL-FORUM SURAT 17,Shoppers Stop,Department Store,Surat,Gujarat,West,SKU41048,Face Wash Ocean 20Ml,Renee,Skincare,Cleanser,Others,Active,349,16,23,,3,1110,BGR West,5,3,,45,1,74,,
2025-06,OL1043,SSL-FORUM SURAT 17,Shoppers Stop,Department Store,Surat,Gujarat,West,SKU41420,Body Mist Coral 100Ml,Renee,Fragrance,Body Mist,Top 25,Active,399,14,14,,5,2115,BGR West,7,5,,55,1,74,,
2025-06,OL1044,SSL-CITY CENTRE GUWAHATI 18,Shoppers Stop,Department Store,Guwahati,Assam,East,SKU40108,Matte Lip Color Peach 4.2Ml,Renee,Makeup,Lipstick,Top 10,Active,650,12,11,,4,2515,BGR East,5,3,,50,3,66.5,,
2025-06,OL1044,SSL-CITY CENTRE GUWAHATI 18,Shoppers Stop,Department Store,Guwahati,Assam,East,SKU40127,Matte Lip Color Coral 4.2Ml,Renee,Makeup,Lipstick,Top 25,Active,499,14,16,,2,965,BGR East,6,4,,50,3,66.5,,
2025-06,OL1044,SSL-CITY CENTRE GUWAHATI 18,Shoppers Stop,Department Store,Guwahati,Assam,East,SKU40266,Liquid Lipstick Nude 5Ml,Renee,Makeup,Lipstick,Top 10,Active,799,6,7,,5,3864,BGR East,9,6,,50,3,66.5,,
2025-06,OL1044,SSL-CITY CENTRE GUWAHATI 18,Shoppers Stop,Department Store,Guwahati,Assam,East,SKU40425,Kajal Vanilla 0.35Gm,Renee,Makeup,Eyeliner,Top 25,Active,299,6,6,,3,868,BGR East,5,3,,50,3,66.5,,
2025-06,OL1044,SSL-CITY CENTRE GUWAHATI 18,Shoppers Stop,Department Store,Guwahati,Assam,East,SKU40490,Kajal Midnight 0.35Gm,Renee,Makeup,Eyeliner,Top 10,Active,599,14,13,,5,2897,BGR East,7,4,,50,3,66.5,,
2025-06,OL1044,SSL-CITY CENTRE GUWAHATI 18,Shoppers Stop,Department Store,Guwahati,Assam,East,SKU40588,Bb Cream Coral 30Ml,Renee,Makeup,Foundation,Top 10,Active,349,16,15,,5,1688,BGR East,6,4,,50,3,66.5,,
2025-06,OL1044,SSL-CITY CENTRE GUWAHATI 18,Shoppers Stop,Department Store,Guwahati,Assam,East,SKU40595,Compact Powder Mocha 9Gm,Renee,Makeup,Foundation,Top 10,Active,449,6,8,,6,2606,BGR East,8,8,,50,3,66.5,,
2025-06,OL1044,SSL-CITY CENTRE GUWAHATI 18,Shoppers Stop,Department Store,Guwahati,Assam,East,SKU40662,Compact Powder Nude 9Gm,Renee,Makeup,Foundation,Top 25,Active,1199,0,8,,1,1160,BGR East,3,3,,50,3,66.5,,
2025-06,OL1044,SSL-CITY CENTRE GUWAHATI 18,Shoppers Stop,Department Store,Guwahati,Assam,East,SKU40763,Blending Brush R6,Renee,Makeup,Brushes,Others,Active,349,3,2,,1,338,BGR East,0,0,,50,3,66.5,,
2025-06,OL1044,SSL-CITY CENTRE GUWAHATI 18,Shoppers Stop,Department Store,Guwahati,Assam,East,SKU40850,Powder Brush R8,Renee,Makeup,Brushes,Top 25,Active,650,0,0,,2,1258,BGR East,3,2,,50,3,66.5,,
2025-06,OL1044,SSL-CITY CENTRE GUWAHATI 18,Shoppers Stop,Department Store,Guwahati,Assam,East,SKU40928,Powder Brush R4,Renee,Makeup,Brushes,Top 25,Active,650,4,7,,3,1886,BGR East,7,6,,50,3,66.5,,
2025-06,OL1044,SSL-CITY CENTRE GUWAHATI 18,Shoppers Stop,Department Store,Guwahati,Assam,East,SKU40951,Sunscreen Gel Spf 50 70Ml,Renee,Skincare,Sunscreen,Top 25,Active,999,3,4,,1,966,BGR East,2,2,,45,3,66.5,,
2025-06,OL1044,SSL-CITY CENTRE GUWAHATI 18,Shoppers Stop,Department Store,Guwahati,Assam,East,SKU40979,Sunscreen Gel Spf 50 50Ml,Renee,Skincare,Sunscreen,Top 25,Active,799,2,2,,1,773,BGR East,1,1,,45,3,66.5,,
2025-06,OL1044,SSL-CITY CENTRE GUWAHATI 18,Shoppers Stop,Department Store,Guwahati,Assam,East,SKU41295,Perfume Rose 50Ml,Renee,Fragrance,EDP,Top 25,Active,599,4,4,,2,1159,BGR East,4,2,,55,3,66.5,,
2025-06,OL1044,SSL-CITY CENTRE GUWAHATI 18,Shoppers Stop,Department Store,Guwahati,Assam,East,SKU41420,Body Mist Coral 100Ml,Renee,Fragrance,Body Mist,Top 25,Active,399,8,9,,1,386,BGR East,3,2,,55,3,66.5,,
2025-06,OL1044,SSL-CITY CENTRE GUWAHATI 18,Shoppers Stop,Department Store,Guwahati,Assam,East,SKU41476,Body Mist Mocha 100Ml,Renee,Fragrance,Body Mist,Top 10,Active,799,3,2,,5,3864,BGR East,5,4,,55,3,66.5,,
2025-06,OL1044,SSL-CITY CENTRE GUWAHATI 18,Shoppers Stop,Department Store,Guwahati,Assam,East,SKU41536,Body Mist Nude 100Ml,Renee,Fragrance,Body Mist,Top 25,Active,349,16,15,,9,3038,BGR East,9,8,,55,3,66.5,,
2025-06,OL1045,DAB-PHOENIX CHENNAI 1,Dabur,MBO,Chennai,Tamil Nadu,South,SKU40078,Matte Lip Color Rose 4.2Ml,Renee,Makeup,Lipstick,Top 25,Active,650,8,8,,3,2189,BGR South,5,3,,50,4,63,,
2025-06,OL1045,DAB-PHOENIX CHENNAI 1,Dabur,MBO,Chennai,Tamil Nadu,South,SKU40108,Matte Lip Color Peach 4.2Ml,Renee,Makeup,Lipstick,Top 10,Active,650,8,9,,2,1459,BGR South,5,3,,50,4,63,,
2025-06,OL1045,DAB-PHOENIX CHENNAI 1,Dabur,MBO,Chennai,Tamil Nadu,South,SKU40266,Liquid Lipstick Nude 5Ml,Renee,Makeup,Lipstick,Top 10,Active,799,41,46,,11,9864,BGR South,16,16,,50,4,63,,
2025-06,OL1045,DAB-PHOENIX CHENNAI 1,Dabur,MBO,Chennai,Tamil Nadu,South,SKU40381,Midnight Eyeliner Ocean 2.5Ml,Renee,Makeup,Eyeliner,Top 25,Active,699,6,7,,4,3138,BGR South,5,5,,50,4,63,,
2025-06,OL1045,DAB-PHOENIX CHENNAI 1,Dabur,MBO,Chennai,Tamil Nadu,South,SKU40425,Kajal Vanilla 0.35Gm,Renee,Makeup,Eyeliner,Top 25,Active,299,27,33,,9,3020,BGR South,19,15,,50,4,63,,
2025-06,OL1045,DAB-PHOENIX CHENNAI 1,Dabur,MBO,Chennai,Tamil Nadu,South,SKU40490,Kajal Midnight 0.35Gm,Renee,Makeup,Eyeliner,Top 10,Active,599,19,20,,3,2017,BGR South,4,4,,50,4,63,,
2025-06,OL1045,DAB-PHOENIX CHENNAI 1,Dabur,MBO,Chennai,Tamil Nadu,South,SKU40544,Bb Cream Peach 30Ml,Renee,Makeup,Foundation,Top 10,Active,599,33,35,,5,3361,BGR South,7,7,,50,4,63,,
2025-06,OL1045,DAB-PHOENIX CHENNAI 1,Dabur,MBO,Chennai,Tamil Nadu,South,SKU40588,Bb Cream Coral 30Ml,Renee,Makeup,Foundation,Top 10,Active,349,0,1,,13,5092,BGR South,14,14,,50,4,63,,
2025-06,OL1045,DAB-PHOENIX CHENNAI 1,Dabur,MBO,Chennai,Tamil Nadu,South,SKU40763,Blending Brush R6,Renee,Makeup,Brushes,Others,Active,349,7,8,,2,783,BGR South,3,3,,50,4,63,,
2025-06,OL1045,DAB-PHOENIX CHENNAI 1,Dabur,MBO,Chennai,Tamil Nadu,South,SKU40836,Blending Brush R4,Renee,Makeup,Brushes,Top 10,Active,1199,0,5,,6,8074,BGR South,11,11,,50,4,63,,
2025-06,OL1045,DAB-PHOENIX CHENNAI 1,Dabur,MBO,Chennai,Tamil Nadu,South,SKU40850,Powder Brush R8,Renee,Makeup,Brushes,Top 25,Active,650,18,20,,4,2918,BGR South,7,6,,50,4,63,,
2025-06,OL1045,DAB-PHOENIX CHENNAI 1,Dabur,MBO,Chennai,Tamil Nadu,South,SKU40928,Powder Brush R4,Renee,Makeup,Brushes,Top 25,Active,650,7,8,,3,2189,BGR South,7,4,,50,4,63,,
2025-06,OL1045,DAB-PHOENIX CHENNAI 1,Dabur,MBO,Chennai,Tamil Nadu,South,SKU40972,Sunscreen Gel Spf 50 70Ml,Renee,Skincare,Sunscreen,Top 25,Active,599,4,3,,4,2689,BGR South,5,3,,45,4,63,,
2025-06,OL1045,DAB-PHOENIX CHENNAI 1,Dabur,MBO,Chennai,Tamil Nadu,South,SKU40979,Sunscreen Gel Spf 50 50Ml,Renee,Skincare,Sunscreen,Top 25,Active,799,6,7,,1,897,BGR South,3,2,,45,4,63,,
2025-06,OL1045,DAB-PHOENIX CHENNAI 1,Dabur,MBO,Chennai,Tamil Nadu,South,SKU41048,Face Wash Ocean 20Ml,Renee,Skincare,Cleanser,Others,Active,349,9,9,,4,1567,BGR South,6,4,,45,4,63,,
2025-06,OL1045,DAB-PHOENIX CHENNAI 1,Dabur,MBO,Chennai,Tamil Nadu,South,SKU41129,Face Wash Vanilla 40Ml,Renee,Skincare,Cleanser,Others,Active,299,13,14,,2,671,BGR South,3,3,,45,4,63,,
2025-06,OL1045,DAB-PHOENIX CHENNAI 1,Dabur,MBO,Chennai,Tamil Nadu,South,SKU41215,Perfume Midnight 50Ml,Renee,Fragrance,EDP,Others,Active,399,7,6,,3,1343,BGR South,4,2,,55,4,63,,
2025-06,OL1045,DAB-PHOENIX CHENNAI 1,Dabur,MBO,Chennai,Tamil Nadu,South,SKU41295,Perfume Rose 50Ml,Renee,Fragrance,EDP,Top 25,Active,599,8,9,,4,2689,BGR South,7,5,,55,4,63,,
2025-06,OL1045,DAB-PHOENIX CHENNAI 1,Dabur,MBO,Chennai,Tamil Nadu,South,SKU41420,Body Mist Coral 100Ml,Renee,Fragrance,Body Mist,Top 25,Active,399,4,3,,4,1791,BGR South,5,3,,55,4,63,,
2025-06,OL1045,DAB-PHOENIX CHENNAI 1,Dabur,MBO,Chennai,Tamil Nadu,South,SKU41536,Body Mist Nude 100Ml,Renee,Fragrance,Body Mist,Top 25,Active,349,7,8,,4,1567,BGR South,6,5,,55,4,63,,
2025-06,OL1045,DAB-PHOENIX CHENNAI 1,Dabur,MBO,Chennai,Tamil Nadu,South,SKU41647,Hair Oil Hazelnut 100Ml,Renee,Haircare,Hair Oil,Others,Active,799,0,0,,0,0,BGR South,0,0,,35,4,63,,
2025-06,OL1046,DAB-FORUM SURAT 2,Dabur,MBO,Surat,Gujarat,West,SKU40078,Matte Lip Color Rose 4.2Ml,Renee,Makeup,Lipstick,Top 25,Active,650,8,8,,4,2922,BGR West,4,4,,50,3,89.7,,
2025-06,OL1046,DAB-FORUM SURAT 2,Dabur,MBO,Surat,Gujarat,West,SKU40108,Matte Lip Color Peach 4.2Ml,Renee,Makeup,Lipstick,Top 10,Active,650,4,2,,2,1461,BGR West,1,0,,50,3,89.7,,
2025-06,OL1046,DAB-FORUM SURAT 2,Dabur,MBO,Surat,Gujarat,West,SKU40318,Midnight Eyeliner Hazelnut 2.5Ml,Renee,Makeup,Eyeliner,Others,Active,650,4,5,,2,1461,BGR West,4,3,,50,3,89.7,,
2025-06,OL1046,DAB-FORUM SURAT 2,Dabur,MBO,Surat,Gujarat,West,SKU40381,Midnight Eyeliner Ocean 2.5Ml,Renee,Makeup,Eyeliner,Top 25,Active,699,5,6,,4,3142,BGR West,7,5,,50,3,89.7,,
2025-06,OL1046,DAB-FORUM SURAT 2,Dabur,MBO,Surat,Gujarat,West,SKU40425,Kajal Vanilla 0.35Gm,Renee,Makeup,Eyeliner,Top 25,Active,299,2,1,,2,672,BGR West,1,1,,50,3,89.7,,
2025-06,OL1046,DAB-FORUM SURAT 2,Dabur,MBO,Surat,Gujarat,West,SKU40588,Bb Cream Coral 30Ml,Renee,Makeup,Foundation,Top 10,Active,349,8,8,,4,1569,BGR West,5,4,,50,3,89.7,,
2025-06,OL1046,DAB-FORUM SURAT 2,Dabur,MBO,Surat,Gujarat,West,SKU40595,Compact Powder Mocha 9Gm,Renee,Makeup,Foundation,Top 10,Active,449,4,3,,4,2018,BGR West,3,3,,50,3,89.7,,
2025-06,OL1046,DAB-FORUM SURAT 2,Dabur,MBO,Surat,Gujarat,West,SKU40662,Compact Powder Nude 9Gm,Renee,Makeup,Foundation,Top 25,Active,1199,12,13,,4,5389,BGR West,8,5,,50,3,89.7,,
2025-06,OL1046,DAB-FORUM SURAT 2,Dabur,MBO,Surat,Gujarat,West,SKU40722,Compact Powder Berry 9Gm,Renee,Makeup,Foundation,Top 10,Active,799,5,8,,4,3591,BGR West,7,7,,50,3,89.7,,
2025-06,OL1046,DAB-FORUM SURAT 2,Dabur,MBO,Surat,Gujarat,West,SKU40763,Blending Brush R6,Renee,Makeup,Brushes,Others,Active,349,8,10,,4,1569,BGR West,7,6,,50,3,89.7,,
2025-06,OL1046,DAB-FORUM SURAT 2,Dabur,MBO,Surat,Gujarat,West,SKU40928,Powder Brush R4,Renee,Makeup,Brushes,Top 25,Active,650,4,0,,3,2191,BGR West,3,3,,50,3,89.7,,
2025-06,OL1046,DAB-FORUM SURAT 2,Dabur,MBO,Surat,Gujarat,West,SKU40979,Sunscreen Gel Spf 50 50Ml,Renee,Skincare,Sunscreen,Top 25,Active,799,3,2,,1,898,BGR West,1,0,,45,3,89.7,,
2025-06,OL1046,DAB-FORUM SURAT 2,Dabur,MBO,Surat,Gujarat,West,SKU41032,Face Wash Hazelnut 60Ml,Renee,Skincare,Cleanser,Others,Active,499,6,7,,2,1121,BGR West,4,3,,45,3,89.7,,
2025-06,OL1046,DAB-FORUM SURAT 2,Dabur,MBO,Surat,Gujarat,West,SKU41129,Face Wash Vanilla 40Ml,Renee,Skincare,Cleanser,Others,Active,299,6,7,,1,336,BGR West,3,2,,45,3,89.7,,
2025-06,OL1046,DAB-FORUM SURAT 2,Dabur,MBO,Surat,Gujarat,West,SKU41295,Perfume Rose 50Ml,Renee,Fragrance,EDP,Top 25,Active,599,8,7,,2,1346,BGR West,2,1,,55,3,89.7,,
2025-06,OL1046,DAB-FORUM SURAT 2,Dabur,MBO,Surat,Gujarat,West,SKU41476,Body Mist Mocha 100Ml,Renee,Fragrance,Body Mist,Top 10,Active,799,4,24,,4,3591,BGR West,7,6,,55,3,89.7,,
2025-06,OL1046,DAB-FORUM SURAT 2,Dabur,MBO,Surat,Gujarat,West,SKU41536,Body Mist Nude 100Ml,Renee,Fragrance,Body Mist,Top 25,Active,349,4,3,,2,784,BGR West,2,1,,55,3,89.7,,
2025-06,OL1046,DAB-FORUM SURAT 2,Dabur,MBO,Surat,Gujarat,West,SKU41608,Hair Oil Berry 100Ml,Renee,Haircare,Hair Oil,Others,Active,449,3,6,,3,1514,BGR West,7,6,,35,3,89.7,,
2025-06,OL1047,DAB-ORION KOLKATA 3,Dabur,MBO,Kolkata,West Bengal,East,SKU40078,Matte Lip Color Rose 4.2Ml,Renee,Makeup,Lipstick,Top 25,Active,650,0,1,,3,2277,BGR East,5,4,,50,3,59,,
2025-06,OL1047,DAB-ORION KOLKATA 3,Dabur,MBO,Kolkata,West Bengal,East,SKU40108,Matte Lip Color Peach 4.2Ml,Renee,Makeup,Lipstick,Top 10,Active,650,9,12,,4,3037,BGR East,9,7,,50,3,59,,
2025-06,OL1047,DAB-ORION KOLKATA 3,Dabur,MBO,Kolkata,West Bengal,East,SKU40127,Matte Lip Color Coral 4.2Ml,Renee,Makeup,Lipstick,Top 25,Active,499,16,14,,4,2331,BGR East,3,2,,50,3,59,,
2025-06,OL1047,DAB-ORION KOLKATA 3,Dabur,MBO,Kolkata,West Bengal,East,SKU40318,Midnight Eyeliner Hazelnut 2.5Ml,Renee,Makeup,Eyeliner,Others,Active,650,12,12,,2,1518,BGR East,3,2,,50,3,59,,
2025-06,OL1047,DAB-ORION KOLKATA 3,Dabur,MBO,Kolkata,West Bengal,East,SKU40544,Bb Cream Peach 30Ml,Renee,Makeup,Foundation,Top 10,Active,599,16,16,,8,5597,BGR East,9,8,,50,3,59,,
2025-06,OL1047,DAB-ORION KOLKATA 3,Dabur,MBO,Kolkata,West Bengal,East,SKU40588,Bb Cream Coral 30Ml,Renee,Makeup,Foundation,Top 10,Active,349,45,49,,4,1630,BGR East,10,8,,50,3,59,,
2025-06,OL1047,DAB-ORION KOLKATA 3,Dabur,MBO,Kolkata,West Bengal,East,SKU40595,Compact Powder Mocha 9Gm,Renee,Makeup,Foundation,Top 10,Active,449,21,22,,6,3146,BGR East,7,7,,50,3,59,,
2025-06,OL1047,DAB-ORION KOLKATA 3,Dabur,MBO,Kolkata,West Bengal,East,SKU40836,Blending Brush R4,Renee,Makeup,Brushes,Top 10,Active,1199,8,5,,8,11203,BGR East,8,5,,50,3,59,,
2025-06,OL1047,DAB-ORION KOLKATA 3,Dabur,MBO,Kolkata,West Bengal,East,SKU40951,Sunscreen Gel Spf 50 70Ml,Renee,Skincare,Sunscreen,Top 25,Active,999,0,1,,0,0,BGR East,2,1,,45,3,59,,
2025-06,OL1047,DAB-ORION KOLKATA 3,Dabur,MBO,Kolkata,West Bengal,East,SKU40979,Sunscreen Gel Spf 50 50Ml,Renee,Skincare,Sunscreen,Top 25,Active,799,1,4,,4,3733,BGR East,7,7,,45,3,59,,
2025-06,OL1047,DAB-ORION KOLKATA 3,Dabur,MBO,Kolkata,West Bengal,East,SKU41032,Face Wash Hazelnut 60Ml,Renee,Skincare,Cleanser,Others,Active,499,6,7,,3,1748,BGR East,5,4,,45,3,59,,
2025-06,OL1047,DAB-ORION KOLKATA 3,Dabur,MBO,Kolkata,West Bengal,East,SKU41129,Face Wash Vanilla 40Ml,Renee,Skincare,Cleanser,Others,Active,299,3,4,,3,1048,BGR East,5,4,,45,3,59,,
2025-06,OL1047,DAB-ORION KOLKATA 3,Dabur,MBO,Kolkata,West Bengal,East,SKU41295,Perfume Rose 50Ml,Renee,Fragrance,EDP,Top 25,Active,599,4,0,,4,2798,BGR East,3,3,,55,3,59,,
2025-06,OL1048,DAB-SELECT AHMEDABAD 4,Dabur,MBO,Ahmedabad,Gujarat,West,SKU40078,Matte Lip Color Rose 4.2Ml,Renee,Makeup,Lipstick,Top 25,Active,650,0,0,,2,1468,BGR West,4,2,,50,3,83.4,,
2025-06,OL1048,DAB-SELECT AHMEDABAD 4,Dabur,MBO,Ahmedabad,Gujarat,West,SKU40381,Midnight Eyeliner Ocean 2.5Ml,Renee,Makeup,Eyeliner,Top 25,Active,699,4,21,,3,2368,BGR West,6,4,,50,3,83.4,,
2025-06,OL1048,DAB-SELECT AHMEDABAD 4,Dabur,MBO,Ahmedabad,Gujarat,West,SKU40425,Kajal Vanilla 0.35Gm,Renee,Makeup,Eyeliner,Top 25,Active,299,8,8,,4,1350,BGR West,7,4,,50,3,83.4,,
2025-06,OL1048,DAB-SELECT AHMEDABAD 4,Dabur,MBO,Ahmedabad,Gujarat,West,SKU40544,Bb Cream Peach 30Ml,Renee,Makeup,Foundation,Top 10,Active,599,7,9,,2,1353,BGR West,6,4,,50,3,83.4,,
2025-06,OL1048,DAB-SELECT AHMEDABAD 4,Dabur,MBO,Ahmedabad,Gujarat,West,SKU40595,Compact Powder Mocha 9Gm,Renee,Makeup,Foundation,Top 10,Active,449,10,8,,4,2028,BGR West,3,2,,50,3,83.4,,
2025-06,OL1048,DAB-SELECT AHMEDABAD 4,Dabur,MBO,Ahmedabad,Gujarat,West,SKU40722,Compact Powder Berry 9Gm,Renee,Makeup,Foundation,Top 10,Active,799,7,11,,4,3608,BGR West,8,8,,50,3,83.4,,
2025-06,OL1048,DAB-SELECT AHMEDABAD 4,Dabur,MBO,Ahmedabad,Gujarat,West,SKU40836,Blending Brush R4,Renee,Makeup,Brushes,Top 10,Active,1199,10,13,,3,4061,BGR West,6,6,,50,3,83.4,,
2025-06,OL1048,DAB-SELECT AHMEDABAD 4,Dabur,MBO,Ahmedabad,Gujarat,West,SKU40928,Powder Brush R4,Renee,Makeup,Brushes,Top 25,Active,650,4,7,,4,2935,BGR West,8,7,,50,3,83.4,,
2025-06,OL1048,DAB-SELECT AHMEDABAD 4,Dabur,MBO,Ahmedabad,Gujarat,West,SKU40951,Sunscreen Gel Spf 50 70Ml,Renee,Skincare,Sunscreen,Top 25,Active,999,3,2,,1,1128,BGR West,1,0,,45,3,83.4,,
2025-06,OL1048,DAB-SELECT AHMEDABAD 4,Dabur,MBO,Ahmedabad,Gujarat,West,SKU40972,Sunscreen Gel Spf 50 70Ml,Renee,Skincare,Sunscreen,Top 25,Active,599,10,12,,4,2705,BGR West,6,6,,45,3,83.4,,
2025-06,OL1048,DAB-SELECT AHMEDABAD 4,Dabur,MBO,Ahmedabad,Gujarat,West,SKU40979,Sunscreen Gel Spf 50 50Ml,Renee,Skincare,Sunscreen,Top 25,Active,799,2,4,,1,902,BGR West,4,3,,45,3,83.4,,
2025-06,OL1048,DAB-SELECT AHMEDABAD 4,Dabur,MBO,Ahmedabad,Gujarat,West,SKU41024,Vitamin C Serum 30Ml,Renee,Skincare,Serum,Others,Active,449,1,0,,1,507,BGR West,4,3,,45,3,83.4,,
2025-06,OL1048,DAB-SELECT AHMEDABAD 4,Dabur,MBO,Ahmedabad,Gujarat,West,SKU41129,Face Wash Vanilla 40Ml,Renee,Skincare,Cleanser,Others,Active,299,8,10,,4,1350,BGR West,7,6,,45,3,83.4,,
2025-06,OL1048,DAB-SELECT AHMEDABAD 4,Dabur,MBO,Ahmedabad,Gujarat,West,SKU41476,Body Mist Mocha 100Ml,Renee,Fragrance,Body Mist,Top 10,Active,799,3,3,,2,1804,BGR West,3,2,,55,3,83.4,,
2025-06,OL1048,DAB-SELECT AHMEDABAD 4,Dabur,MBO,Ahmedabad,Gujarat,West,SKU41536,Body Mist Nude 100Ml,Renee,Fragrance,Body Mist,Top 25,Active,349,7,0,,4,1576,BGR West,3,2,,55,3,83.4,,
2025-06,OL1048,DAB-SELECT AHMEDABAD 4,Dabur,MBO,Ahmedabad,Gujarat,West,SKU41647,Hair Oil Hazelnut 100Ml,Renee,Haircare,Hair Oil,Others,Active,799,8,11,,2,1804,BGR West,5,5,,35,3,83.4,,
2025-06,OL1049,DAB-FORUM KOLKATA 5,Dabur,MBO,Kolkata,West Bengal,East,SKU40108,Matte Lip Color Peach 4.2Ml,Renee,Makeup,Lipstick,Top 10,Active,650,3,5,,3,2197,BGR East,7,5,,50,4,50,,
2025-06,OL1049,DAB-FORUM KOLKATA 5,Dabur,MBO,Kolkata,West Bengal,East,SKU40127,Matte Lip Color Coral 4.2Ml,Renee,Makeup,Lipstick,Top 25,Active,499,0,0,,2,1124,BGR East,3,3,,50,4,50,,
2025-06,OL1049,DAB-FORUM KOLKATA 5,Dabur,MBO,Kolkata,West Bengal,East,SKU40266,Liquid Lipstick Nude 5Ml,Renee,Makeup,Lipstick,Top 10,Active,799,12,11,,3,2700,BGR East,3,2,,50,4,50,,
2025-06,OL1049,DAB-FORUM KOLKATA 5,Dabur,MBO,Kolkata,West Bengal,East,SKU40281,Midnight Eyeliner Berry 2.5Ml,Renee,Makeup,Eyeliner,Others,Active,299,0,1,,3,1011,BGR East,5,4,,50,4,50,,
2025-06,OL1049,DAB-FORUM KOLKATA 5,Dabur,MBO,Kolkata,West Bengal,East,SKU40318,Midnight Eyeliner Hazelnut 2.5Ml,Renee,Makeup,Eyeliner,Others,Active,650,12,12,,4,2929,BGR East,4,4,,50,4,50,,
2025-06,OL1049,DAB-FORUM KOLKATA 5,Dabur,MBO,Kolkata,West Bengal,East,SKU40381,Midnight Eyeliner Ocean 2.5Ml,Renee,Makeup,Eyeliner,Top 25,Active,699,1,0,,4,3150,BGR East,5,3,,50,4,50,,
2025-06,OL1049,DAB-FORUM KOLKATA 5,Dabur,MBO,Kolkata,West Bengal,East,SKU40425,Kajal Vanilla 0.35Gm,Renee,Makeup,Eyeliner,Top 25,Active,299,6,32,,4,1347,BGR East,9,8,,50,4,50,,
2025-06,OL1049,DAB-FORUM KOLKATA 5,Dabur,MBO,Kolkata,West Bengal,East,SKU40595,Compact Powder Mocha 9Gm,Renee,Makeup,Foundation,Top 10,Active,449,4,0,,3,1517,BGR East,3,2,,50,4,50,,
2025-06,OL1049,DAB-FORUM KOLKATA 5,Dabur,MBO,Kolkata,West Bengal,East,SKU40722,Compact Powder Berry 9Gm,Renee,Makeup,Foundation,Top 10,Active,799,8,7,,2,1800,BGR East,2,1,,50,4,50,,
2025-06,OL1049,DAB-FORUM KOLKATA 5,Dabur,MBO,Kolkata,West Bengal,East,SKU40836,Blending Brush R4,Renee,Makeup,Brushes,Top 10,Active,1199,5,8,,2,2702,BGR East,6,5,,50,4,50,,
2025-06,OL1049,DAB-FORUM KOLKATA 5,Dabur,MBO,Kolkata,West Bengal,East,SKU40928,Powder Brush R4,Renee,Makeup,Brushes,Top 25,Active,650,3,4,,3,2197,BGR East,6,4,,50,4,50,,
2025-06,OL1049,DAB-FORUM KOLKATA 5,Dabur,MBO,Kolkata,West Bengal,East,SKU41048,Face Wash Ocean 20Ml,Renee,Skincare,Cleanser,Others,Active,349,10,10,,3,1180,BGR East,3,3,,45,4,50,,
2025-06,OL1049,DAB-FORUM KOLKATA 5,Dabur,MBO,Kolkata,West Bengal,East,SKU41295,Perfume Rose 50Ml,Renee,Fragrance,EDP,Top 25,Active,599,14,15,,3,2024,BGR East,6,4,,55,4,50,,
2025-06,OL1049,DAB-FORUM KOLKATA 5,Dabur,MBO,Kolkata,West Bengal,East,SKU41476,Body Mist Mocha 100Ml,Renee,Fragrance,Body Mist,Top 10,Active,799,12,15,,2,1800,BGR East,5,5,,55,4,50,,
2025-06,OL1049,DAB-FORUM KOLKATA 5,Dabur,MBO,Kolkata,West Bengal,East,SKU41536,Body Mist Nude 100Ml,Renee,Fragrance,Body Mist,Top 25,Active,349,8,7,,2,786,BGR East,2,1,,55,4,50,,
2025-06,OL1050,DAB-EXPRESS HYDERABAD 6,Dabur,MBO,Hyderabad,Telangana,South,SKU40078,Matte Lip Color Rose 4.2Ml,Renee,Makeup,Lipstick,Top 25,Active,650,20,18,,4,2958,BGR South,4,2,,50,3,55.8,,
2025-06,OL1050,DAB-EXPRESS HYDERABAD 6,Dabur,MBO,Hyderabad,Telangana,South,SKU40266,Liquid Lipstick Nude 5Ml,Renee,Makeup,Lipstick,Top 10,Active,799,13,16,,6,5454,BGR South,10,9,,50,3,55.8,,
2025-06,OL1050,DAB-EXPRESS HYDERABAD 6,Dabur,MBO,Hyderabad,Telangana,South,SKU40425,Kajal Vanilla 0.35Gm,Renee,Makeup,Eyeliner,Top 25,Active,299,9,12,,6,2041,BGR South,9,9,,50,3,55.8,,
2025-06,OL1050,DAB-EXPRESS HYDERABAD 6,Dabur,MBO,Hyderabad,Telangana,South,SKU40490,Kajal Midnight 0.35Gm,Renee,Makeup,Eyeliner,Top 10,Active,599,19,0,,9,6134,BGR South,17,13,,50,3,55.8,,
2025-06,OL1050,DAB-EXPRESS HYDERABAD 6,Dabur,MBO,Hyderabad,Telangana,South,SKU40544,Bb Cream Peach 30Ml,Renee,Makeup,Foundation,Top 10,Active,599,21,23,,11,7497,BGR South,13,13,,50,3,55.8,,
2025-06,OL1050,DAB-EXPRESS HYDERABAD 6,Dabur,MBO,Hyderabad,Telangana,South,SKU40588,Bb Cream Coral 30Ml,Renee,Makeup,Foundation,Top 10,Active,349,20,21,,10,3971,BGR South,13,11,,50,3,55.8,,
2025-06,OL1050,DAB-EXPRESS HYDERABAD 6,Dabur,MBO,Hyderabad,Telangana,South,SKU40595,Compact Powder Mocha 9Gm,Renee,Makeup,Foundation,Top 10,Active,449,36,40,,5,2554,BGR South,9,9,,50,3,55.8,,
2025-06,OL1050,DAB-EXPRESS HYDERABAD 6,Dabur,MBO,Hyderabad,Telangana,South,SKU40662,Compact Powder Nude 9Gm,Renee,Makeup,Foundation,Top 25,Active,1199,2,5,,2,2728,BGR South,5,5,,50,3,55.8,,
2025-06,OL1050,DAB-EXPRESS HYDERABAD 6,Dabur,MBO,Hyderabad,Telangana,South,SKU40722,Compact Powder Berry 9Gm,Renee,Makeup,Foundation,Top 10,Active,799,8,9,,3,2727,BGR South,5,4,,50,3,55.8,,
2025-06,OL1050,DAB-EXPRESS HYDERABAD 6,Dabur,MBO,Hyderabad,Telangana,South,SKU40850,Powder Brush R8,Renee,Makeup,Brushes,Top 25,Active,650,8,8,,8,5916,BGR South,9,8,,50,3,55.8,,
2025-06,OL1050,DAB-EXPRESS HYDERABAD 6,Dabur,MBO,Hyderabad,Telangana,South,SKU40928,Powder Brush R4,Renee,Makeup,Brushes,Top 25,Active,650,11,12,,4,2958,BGR South,8,5,,50,3,55.8,,
2025-06,OL1050,DAB-EXPRESS HYDERABAD 6,Dabur,MBO,Hyderabad,Telangana,South,SKU40972,Sunscreen Gel Spf 50 70Ml,Renee,Skincare,Sunscreen,Top 25,Active,599,6,9,,6,4089,BGR South,12,9,,45,3,55.8,,
2025-06,OL1050,DAB-EXPRESS HYDERABAD 6,Dabur,MBO,Hyderabad,Telangana,South,SKU40979,Sunscreen Gel Spf 50 50Ml,Renee,Skincare,Sunscreen,Top 25,Active,799,4,8,,4,3636,BGR South,8,8,,45,3,55.8,,
2025-06,OL1050,DAB-EXPRESS HYDERABAD 6,Dabur,MBO,Hyderabad,Telangana,South,SKU41024,Vitamin C Serum 30Ml,Renee,Skincare,Serum,Others,Active,449,11,11,,4,2043,BGR South,5,4,,45,3,55.8,,
2025-06,OL1050,DAB-EXPRESS HYDERABAD 6,Dabur,MBO,Hyderabad,Telangana,South,SKU41048,Face Wash Ocean 20Ml,Renee,Skincare,Cleanser,Others,Active,349,9,10,,2,794,BGR South,4,3,,45,3,55.8,,
2025-06,OL1050,DAB-EXPRESS HYDERABAD 6,Dabur,MBO,Hyderabad,Telangana,South,SKU41129,Face Wash Vanilla 40Ml,Renee,Skincare,Cleanser,Others,Active,299,14,0,,3,1021,BGR South,7,7,,45,3,55.8,,
2025-06,OL1050,DAB-EXPRESS HYDERABAD 6,Dabur,MBO,Hyderabad,Telangana,South,SKU41215,Perfume Midnight 50Ml,Renee,Fragrance,EDP,Others,Active,399,7,8,,1,454,BGR South,3,2,,55,3,55.8,,
2025-06,OL1050,DAB-EXPRESS HYDERABAD 6,Dabur,MBO,Hyderabad,Telangana,South,SKU41420,Body Mist Coral 100Ml,Renee,Fragrance,Body Mist,Top 25,Active,399,15,15,,2,908,BGR South,2,2,,55,3,55.8,,
2025-06,OL1050,DAB-EXPRESS HYDERABAD 6,Dabur,MBO,Hyderabad,Telangana,South,SKU41476,Body Mist Mocha 100Ml,Renee,Fragrance,Body Mist,Top 10,Active,799,11,21,,12,10909,BGR South,22,22,,55,3,55.8,,
2025-06,OL1050,DAB-EXPRESS HYDERABAD 6,Dabur,MBO,Hyderabad,Telangana,South,SKU41608,Hair Oil Berry 100Ml,Renee,Haircare,Hair Oil,Others,Active,449,8,10,,3,1533,BGR South,5,5,,35,3,55.8,,
2025-06,OL1050,DAB-EXPRESS HYDERABAD 6,Dabur,MBO,Hyderabad,Telangana,South,SKU41647,Hair Oil Hazelnut 100Ml,Renee,Haircare,Hair Oil,Others,Active,799,15,16,,3,2727,BGR South,4,4,,35,3,55.8,,
2025-06,OL1051,DAB-CITY CENTRE AHMEDABAD 7,Dabur,MBO,Ahmedabad,Gujarat,West,SKU40078,Matte Lip Color Rose 4.2Ml,Renee,Makeup,Lipstick,Top 25,Active,650,8,9,,4,2524,BGR West,5,5,,50,2,80.1,,
2025-06,OL1051,DAB-CITY CENTRE AHMEDABAD 7,Dabur,MBO,Ahmedabad,Gujarat,West,SKU40108,Matte Lip Color Peach 4.2Ml,Renee,Makeup,Lipstick,Top 10,Active,650,4,6,,2,1262,BGR West,5,4,,50,2,80.1,,
2025-06,OL1051,DAB-CITY CENTRE AHMEDABAD 7,Dabur,MBO,Ahmedabad,Gujarat,West,SKU40266,Liquid Lipstick Nude 5Ml,Renee,Makeup,Lipstick,Top 10,Active,799,23,22,,4,3103,BGR West,4,3,,50,2,80.1,,
2025-06,OL1051,DAB-CITY CENTRE AHMEDABAD 7,Dabur,MBO,Ahmedabad,Gujarat,West,SKU40318,Midnight Eyeliner Hazelnut 2.5Ml,Renee,Makeup,Eyeliner,Others,Active,650,3,4,,2,1262,BGR West,4,3,,50,2,80.1,,
2025-06,OL1051,DAB-CITY CENTRE AHMEDABAD 7,Dabur,MBO,Ahmedabad,Gujarat,West,SKU40381,Midnight Eyeliner Ocean 2.5Ml,Renee,Makeup,Eyeliner,Top 25,Active,699,0,2,,4,2714,BGR West,9,6,,50,2,80.1,,
2025-06,OL1051,DAB-CITY CENTRE AHMEDABAD 7,Dabur,MBO,Ahmedabad,Gujarat,West,SKU40544,Bb Cream Peach 30Ml,Renee,Makeup,Foundation,Top 10,Active,599,7,15,,8,4652,BGR West,17,16,,50,2,80.1,,
2025-06,OL1051,DAB-CITY CENTRE AHMEDABAD 7,Dabur,MBO,Ahmedabad,Gujarat,West,SKU40595,Compact Powder Mocha 9Gm,Renee,Makeup,Foundation,Top 10,Active,449,11,8,,6,2615,BGR West,5,3,,50,2,80.1,,
2025-06,OL1051,DAB-CITY CENTRE AHMEDABAD 7,Dabur,MBO,Ahmedabad,Gujarat,West,SKU40722,Compact Powder Berry 9Gm,Renee,Makeup,Foundation,Top 10,Active,799,8,12,,3,2327,BGR West,7,7,,50,2,80.1,,
2025-06,OL1051,DAB-CITY CENTRE AHMEDABAD 7,Dabur,MBO,Ahmedabad,Gujarat,West,SKU40763,Blending Brush R6,Renee,Makeup,Brushes,Others,Active,349,4,4,,2,678,BGR West,3,2,,50,2,80.1,,
2025-06,OL1051,DAB-CITY CENTRE AHMEDABAD 7,Dabur,MBO,Ahmedabad,Gujarat,West,SKU40836,Blending Brush R4,Renee,Makeup,Brushes,Top 10,Active,1199,3,2,,3,3492,BGR West,3,2,,50,2,80.1,,
2025-06,OL1051,DAB-CITY CENTRE AHMEDABAD 7,Dabur,MBO,Ahmedabad,Gujarat,West,SKU40850,Powder Brush R8,Renee,Makeup,Brushes,Top 25,Active,650,3,5,,4,2524,BGR West,7,6,,50,2,80.1,,
2025-06,OL1051,DAB-CITY CENTRE AHMEDABAD 7,Dabur,MBO,Ahmedabad,Gujarat,West,SKU40928,Powder Brush R4,Renee,Makeup,Brushes,Top 25,Active,650,13,13,,2,1262,BGR West,3,2,,50,2,80.1,,
2025-06,OL1051,DAB-CITY CENTRE AHMEDABAD 7,Dabur,MBO,Ahmedabad,Gujarat,West,SKU40951,Sunscreen Gel Spf 50 70Ml,Renee,Skincare,Sunscreen,Top 25,Active,999,4,8,,2,1940,BGR West,6,6,,45,2,80.1,,
2025-06,OL1051,DAB-CITY CENTRE AHMEDABAD 7,Dabur,MBO,Ahmedabad,Gujarat,West,SKU40972,Sunscreen Gel Spf 50 70Ml,Renee,Skincare,Sunscreen,Top 25,Active,599,1,2,,1,582,BGR West,3,2,,45,2,80.1,,
2025-06,OL1051,DAB-CITY CENTRE AHMEDABAD 7,Dabur,MBO,Ahmedabad,Gujarat,West,SKU41295,Perfume Rose 50Ml,Renee,Fragrance,EDP,Top 25,Active,599,13,18,,4,2326,BGR West,9,9,,55,2,80.1,,
2025-06,OL1051,DAB-CITY CENTRE AHMEDABAD 7,Dabur,MBO,Ahmedabad,Gujarat,West,SKU41536,Body Mist Nude 100Ml,Renee,Fragrance,Body Mist,Top 25,Active,349,7,9,,3,1016,BGR West,5,5,,55,2,80.1,,
2025-06,OL1051,DAB-CITY CENTRE AHMEDABAD 7,Dabur,MBO,Ahmedabad,Gujarat,West,SKU41608,Hair Oil Berry 100Ml,Renee,Haircare,Hair Oil,Others,Active,449,7,9,,4,1744,BGR West,7,6,,35,2,80.1,,
2025-06,OL1051,DAB-CITY CENTRE AHMEDABAD 7,Dabur,MBO,Ahmedabad,Gujarat,West,SKU41647,Hair Oil Hazelnut 100Ml,Renee,Haircare,Hair Oil,Others,Active,799,3,2,,1,776,BGR West,1,0,,35,2,80.1,,
2025-06,OL1052,DAB-CITY CENTRE CHENNAI 8,Dabur,MBO,Chennai,Tamil Nadu,South,SKU40281,Midnight Eyeliner Berry 2.5Ml,Renee,Makeup,Eyeliner,Others,Active,299,5,7,,0,0,BGR South,2,2,,50,4,70.2,,
2025-06,OL1052,DAB-CITY CENTRE CHENNAI 8,Dabur,MBO,Chennai,Tamil Nadu,South,SKU40318,Midnight Eyeliner Hazelnut 2.5Ml,Renee,Makeup,Eyeliner,Others,Active,650,0,0,,4,3069,BGR South,4,4,,50,4,70.2,,
2025-06,OL1052,DAB-CITY CENTRE CHENNAI 8,Dabur,MBO,Chennai,Tamil Nadu,South,SKU40381,Midnight Eyeliner Ocean 2.5Ml,Renee,Makeup,Eyeliner,Top 25,Active,699,8,9,,4,3301,BGR South,6,5,,50,4,70.2,,
2025-06,OL1052,DAB-CITY CENTRE CHENNAI 8,Dabur,MBO,Chennai,Tamil Nadu,South,SKU40588,Bb Cream Coral 30Ml,Renee,Makeup,Foundation,Top 10,Active,349,12,14,,4,1648,BGR South,6,6,,50,4,70.2,,
2025-06,OL1052,DAB-CITY CENTRE CHENNAI 8,Dabur,MBO,Chennai,Tamil Nadu,South,SKU40662,Compact Powder Nude 9Gm,Renee,Makeup,Foundation,Top 25,Active,1199,0,2,,4,5662,BGR South,8,6,,50,4,70.2,,
2025-06,OL1052,DAB-CITY CENTRE CHENNAI 8,Dabur,MBO,Chennai,Tamil Nadu,South,SKU40763,Blending Brush R6,Renee,Makeup,Brushes,Others,Active,349,8,10,,2,824,BGR South,4,4,,50,4,70.2,,
2025-06,OL1052,DAB-CITY CENTRE CHENNAI 8,Dabur,MBO,Chennai,Tamil Nadu,South,SKU40836,Blending Brush R4,Renee,Makeup,Brushes,Top 10,Active,1199,18,18,,9,12739,BGR South,10,9,,50,4,70.2,,
2025-06,OL1052,DAB-CITY CENTRE CHENNAI 8,Dabur,MBO,Chennai,Tamil Nadu,South,SKU40850,Powder Brush R8,Renee,Makeup,Brushes,Top 25,Active,650,60,60,,4,3069,BGR South,6,4,,50,4,70.2,,
2025-06,OL1052,DAB-CITY CENTRE CHENNAI 8,Dabur,MBO,Chennai,Tamil Nadu,South,SKU40928,Powder Brush R4,Renee,Makeup,Brushes,Top 25,Active,650,18,21,,4,3069,BGR South,7,7,,50,4,70.2,,
2025-06,OL1052,DAB-CITY CENTRE CHENNAI 8,Dabur,MBO,Chennai,Tamil Nadu,South,SKU41024,Vitamin C Serum 30Ml,Renee,Skincare,Serum,Others,Active,449,3,6,,3,1590,BGR South,7,6,,45,4,70.2,,
2025-06,OL1052,DAB-CITY CENTRE CHENNAI 8,Dabur,MBO,Chennai,Tamil Nadu,South,SKU41032,Face Wash Hazelnut 60Ml,Renee,Skincare,Cleanser,Others,Active,499,3,0,,1,589,BGR South,2,2,,45,4,70.2,,
2025-06,OL1052,DAB-CITY CENTRE CHENNAI 8,Dabur,MBO,Chennai,Tamil Nadu,South,SKU41048,Face Wash Ocean 20Ml,Renee,Skincare,Cleanser,Others,Active,349,8,0,,4,1648,BGR South,6,4,,45,4,70.2,,
2025-06,OL1052,DAB-CITY CENTRE CHENNAI 8,Dabur,MBO,Chennai,Tamil Nadu,South,SKU41129,Face Wash Vanilla 40Ml,Renee,Skincare,Cleanser,Others,Active,299,12,11,,4,1412,BGR South,4,3,,45,4,70.2,,
2025-06,OL1052,DAB-CITY CENTRE CHENNAI 8,Dabur,MBO,Chennai,Tamil Nadu,South,SKU41215,Perfume Midnight 50Ml,Renee,Fragrance,EDP,Others,Active,399,3,4,,1,471,BGR South,2,2,,55,4,70.2,,
2025-06,OL1052,DAB-CITY CENTRE CHENNAI 8,Dabur,MBO,Chennai,Tamil Nadu,South,SKU41295,Perfume Rose 50Ml,Renee,Fragrance,EDP,Top 25,Active,599,0,2,,4,2828,BGR South,8,6,,55,4,70.2,,
2025-06,OL1052,DAB-CITY CENTRE CHENNAI 8,Dabur,MBO,Chennai,Tamil Nadu,South,SKU41420,Body Mist Coral 100Ml,Renee,Fragrance,Body Mist,Top 25,Active,399,13,17,,3,1413,BGR South,8,7,,55,4,70.2,,
2025-06,OL1052,DAB-CITY CENTRE CHENNAI 8,Dabur,MBO,Chennai,Tamil Nadu,South,SKU41476,Body Mist Mocha 100Ml,Renee,Fragrance,Body Mist,Top 10,Active,799,21,23,,4,3773,BGR South,7,6,,55,4,70.2,,
2025-06,OL1052,DAB-CITY CENTRE CHENNAI 8,Dabur,MBO,Chennai,Tamil Nadu,South,SKU41536,Body Mist Nude 100Ml,Renee,Fragrance,Body Mist,Top 25,Active,349,29,31,,9,3708,BGR South,11,11,,55,4,70.2,,
2025-06,OL1052,DAB-CITY CENTRE CHENNAI 8,Dabur,MBO,Chennai,Tamil Nadu,South,SKU41608,Hair Oil Berry 100Ml,Renee,Haircare,Hair Oil,Others,Active,449,8,10,,4,2120,BGR South,6,6,,35,4,70.2,,
2025-06,OL1053,DAB-CITY CENTRE KOLKATA 9,Dabur,MBO,Kolkata,West Bengal,East,SKU40078,Matte Lip Color Rose 4.2Ml,Renee,Makeup,Lipstick,Top 25,Active,650,6,8,,3,2049,BGR East,5,5,,50,3,72.5,,
2025-06,OL1053,DAB-CITY CENTRE KOLKATA 9,Dabur,MBO,Kolkata,West Bengal,East,SKU40281,Midnight Eyeliner Berry 2.5Ml,Renee,Makeup,Eyeliner,Others,Active,299,9,12,,3,943,BGR East,6,6,,50,3,72.5,,
2025-06,OL1053,DAB-CITY CENTRE KOLKATA 9,Dabur,MBO,Kolkata,West Bengal,East,SKU40318,Midnight Eyeliner Hazelnut 2.5Ml,Renee,Makeup,Eyeliner,Others,Active,650,10,9,,2,1366,BGR East,2,1,,50,3,72.5,,
2025-06,OL1053,DAB-CITY CENTRE KOLKATA 9,Dabur,MBO,Kolkata,West Bengal,East,SKU40490,Kajal Midnight 0.35Gm,Renee,Makeup,Eyeliner,Top 10,Active,599,46,49,,7,4406,BGR East,10,10,,50,3,72.5,,
2025-06,OL1053,DAB-CITY CENTRE KOLKATA 9,Dabur,MBO,Kolkata,West Bengal,East,SKU40588,Bb Cream Coral 30Ml,Renee,Makeup,Foundation,Top 10,Active,349,0,0,,4,1467,BGR East,6,4,,50,3,72.5,,
2025-06,OL1053,DAB-CITY CENTRE KOLKATA 9,Dabur,MBO,Kolkata,West Bengal,East,SKU40722,Compact Powder Berry 9Gm,Renee,Makeup,Foundation,Top 10,Active,799,4,6,,4,3358,BGR East,7,6,,50,3,72.5,,
2025-06,OL1053,DAB-CITY CENTRE KOLKATA 9,Dabur,MBO,Kolkata,West Bengal,East,SKU40836,Blending Brush R4,Renee,Makeup,Brushes,Top 10,Active,1199,12,12,,4,5039,BGR East,6,4,,50,3,72.5,,
2025-06,OL1053,DAB-CITY CENTRE KOLKATA 9,Dabur,MBO,Kolkata,West Bengal,East,SKU40850,Powder Brush R8,Renee,Makeup,Brushes,Top 25,Active,650,5,7,,3,2049,BGR East,5,5,,50,3,72.5,,
2025-06,OL1053,DAB-CITY CENTRE KOLKATA 9,Dabur,MBO,Kolkata,West Bengal,East,SKU40928,Powder Brush R4,Renee,Makeup,Brushes,Top 25,Active,650,8,32,,4,2732,BGR East,6,6,,50,3,72.5,,
2025-06,OL1053,DAB-CITY CENTRE KOLKATA 9,Dabur,MBO,Kolkata,West Bengal,East,SKU41032,Face Wash Hazelnut 60Ml,Renee,Skincare,Cleanser,Others,Active,499,4,0,,2,1049,BGR East,4,4,,45,3,72.5,,
2025-06,OL1053,DAB-CITY CENTRE KOLKATA 9,Dabur,MBO,Kolkata,West Bengal,East,SKU41048,Face Wash Ocean 20Ml,Renee,Skincare,Cleanser,Others,Active,349,23,24,,2,733,BGR East,4,3,,45,3,72.5,,
2025-06,OL1053,DAB-CITY CENTRE KOLKATA 9,Dabur,MBO,Kolkata,West Bengal,East,SKU41295,Perfume Rose 50Ml,Renee,Fragrance,EDP,Top 25,Active,599,4,3,,2,1259,BGR East,2,1,,55,3,72.5,,
2025-06,OL1053,DAB-CITY CENTRE KOLKATA 9,Dabur,MBO,Kolkata,West Bengal,East,SKU41420,Body Mist Coral 100Ml,Renee,Fragrance,Body Mist,Top 25,Active,399,7,9,,4,1677,BGR East,6,6,,55,3,72.5,,
2025-06,OL1053,DAB-CITY CENTRE KOLKATA 9,Dabur,MBO,Kolkata,West Bengal,East,SKU41476,Body Mist Mocha 100Ml,Renee,Fragrance,Body Mist,Top 10,Active,799,5,5,,5,4198,BGR East,7,5,,55,3,72.5,,
2025-06,OL1053,DAB-CITY CENTRE KOLKATA 9,Dabur,MBO,Kolkata,West Bengal,East,SKU41647,Hair Oil Hazelnut 100Ml,Renee,Haircare,Hair Oil,Others,Active,799,6,5,,2,1679,BGR East,2,1,,35,3,72.5,,
2025-06,OL1054,DAB-NEXUS MUMBAI 10,Dabur,MBO,Mumbai,Maharashtra,West,SKU40108,Matte Lip Color Peach 4.2Ml,Renee,Makeup,Lipstick,Top 10,Active,650,6,0,,4,3028,BGR West,8,6,,50,1,64.3,,
2025-06,OL1054,DAB-NEXUS MUMBAI 10,Dabur,MBO,Mumbai,Maharashtra,West,SKU40266,Liquid Lipstick Nude 5Ml,Renee,Makeup,Lipstick,Top 10,Active,799,79,83,,9,8375,BGR West,19,13,,50,1,64.3,,
2025-06,OL1054,DAB-NEXUS MUMBAI 10,Dabur,MBO,Mumbai,Maharashtra,West,SKU40281,Midnight Eyeliner Berry 2.5Ml,Renee,Makeup,Eyeliner,Others,Active,299,5,8,,3,1045,BGR West,7,6,,50,1,64.3,,
2025-06,OL1054,DAB-NEXUS MUMBAI 10,Dabur,MBO,Mumbai,Maharashtra,West,SKU40318,Midnight Eyeliner Hazelnut 2.5Ml,Renee,Makeup,Eyeliner,Others,Active,650,5,8,,2,1514,BGR West,5,5,,50,1,64.3,,
2025-06,OL1054,DAB-NEXUS MUMBAI 10,Dabur,MBO,Mumbai,Maharashtra,West,SKU40490,Kajal Midnight 0.35Gm,Renee,Makeup,Eyeliner,Top 10,Active,599,0,0,,8,5581,BGR West,10,10,,50,1,64.3,,
2025-06,OL1054,DAB-NEXUS MUMBAI 10,Dabur,MBO,Mumbai,Maharashtra,West,SKU40588,Bb Cream Coral 30Ml,Renee,Makeup,Foundation,Top 10,Active,349,4,10,,8,3252,BGR West,15,14,,50,1,64.3,,
2025-06,OL1054,DAB-NEXUS MUMBAI 10,Dabur,MBO,Mumbai,Maharashtra,West,SKU40595,Compact Powder Mocha 9Gm,Renee,Makeup,Foundation,Top 10,Active,449,14,10,,14,7321,BGR West,15,10,,50,1,64.3,,
2025-06,OL1054,DAB-NEXUS MUMBAI 10,Dabur,MBO,Mumbai,Maharashtra,West,SKU40662,Compact Powder Nude 9Gm,Renee,Makeup,Foundation,Top 25,Active,1199,0,3,,4,5586,BGR West,7,7,,50,1,64.3,,
2025-06,OL1054,DAB-NEXUS MUMBAI 10,Dabur,MBO,Mumbai,Maharashtra,West,SKU40722,Compact Powder Berry 9Gm,Renee,Makeup,Foundation,Top 10,Active,799,4,3,,4,3722,BGR West,4,3,,50,1,64.3,,
2025-06,OL1054,DAB-NEXUS MUMBAI 10,Dabur,MBO,Mumbai,Maharashtra,West,SKU40850,Powder Brush R8,Renee,Makeup,Brushes,Top 25,Active,650,3,3,,4,3028,BGR West,5,4,,50,1,64.3,,
2025-06,OL1054,DAB-NEXUS MUMBAI 10,Dabur,MBO,Mumbai,Maharashtra,West,SKU40972,Sunscreen Gel Spf 50 70Ml,Renee,Skincare,Sunscreen,Top 25,Active,599,4,5,,3,2093,BGR West,5,4,,45,1,64.3,,
2025-06,OL1054,DAB-NEXUS MUMBAI 10,Dabur,MBO,Mumbai,Maharashtra,West,SKU40979,Sunscreen Gel Spf 50 50Ml,Renee,Skincare,Sunscreen,Top 25,Active,799,6,6,,4,3722,BGR West,6,4,,45,1,64.3,,
2025-06,OL1054,DAB-NEXUS MUMBAI 10,Dabur,MBO,Mumbai,Maharashtra,West,SKU41024,Vitamin C Serum 30Ml,Renee,Skincare,Serum,Others,Active,449,4,5,,2,1046,BGR West,5,3,,45,1,64.3,,
2025-06,OL1054,DAB-NEXUS MUMBAI 10,Dabur,MBO,Mumbai,Maharashtra,West,SKU41295,Perfume Rose 50Ml,Renee,Fragrance,EDP,Top 25,Active,599,6,10,,5,3488,BGR West,10,9,,55,1,64.3,,
2025-06,OL1054,DAB-NEXUS MUMBAI 10,Dabur,MBO,Mumbai,Maharashtra,West,SKU41420,Body Mist Coral 100Ml,Renee,Fragrance,Body Mist,Top 25,Active,399,3,25,,3,1394,BGR West,7,7,,55,1,64.3,,
2025-06,OL1054,DAB-NEXUS MUMBAI 10,Dabur,MBO,Mumbai,Maharashtra,West,SKU41476,Body Mist Mocha 100Ml,Renee,Fragrance,Body Mist,Top 10,Active,799,10,13,,6,5584,BGR West,9,9,,55,1,64.3,,
2025-06,OL1055,DAB-FORUM KOLKATA 11,Dabur,MBO,Kolkata,West Bengal,East,SKU40078,Matte Lip Color Rose 4.2Ml,Renee,Makeup,Lipstick,Top 25,Active,650,5,8,,4,3062,BGR East,9,7,,50,1,66.5,,
2025-06,OL1055,DAB-FORUM KOLKATA 11,Dabur,MBO,Kolkata,West Bengal,East,SKU40108,Matte Lip Color Peach 4.2Ml,Renee,Makeup,Lipstick,Top 10,Active,650,5,5,,8,6124,BGR East,9,8,,50,1,66.5,,
2025-06,OL1055,DAB-FORUM KOLKATA 11,Dabur,MBO,Kolkata,West Bengal,East,SKU40127,Matte Lip Color Coral 4.2Ml,Renee,Makeup,Lipstick,Top 25,Active,499,12,12,,6,3526,BGR East,6,6,,50,1,66.5,,
2025-06,OL1055,DAB-FORUM KOLKATA 11,Dabur,MBO,Kolkata,West Bengal,East,SKU40266,Liquid Lipstick Nude 5Ml,Renee,Makeup,Lipstick,Top 10,Active,799,29,33,,10,9410,BGR East,16,14,,50,1,66.5,,
2025-06,OL1055,DAB-FORUM KOLKATA 11,Dabur,MBO,Kolkata,West Bengal,East,SKU40281,Midnight Eyeliner Berry 2.5Ml,Renee,Makeup,Eyeliner,Others,Active,299,11,11,,3,1056,BGR East,4,3,,50,1,66.5,,
2025-06,OL1055,DAB-FORUM KOLKATA 11,Dabur,MBO,Kolkata,West Bengal,East,SKU40318,Midnight Eyeliner Hazelnut 2.5Ml,Renee,Makeup,Eyeliner,Others,Active,650,3,2,,1,766,BGR East,1,0,,50,1,66.5,,
2025-06,OL1055,DAB-FORUM KOLKATA 11,Dabur,MBO,Kolkata,West Bengal,East,SKU40425,Kajal Vanilla 0.35Gm,Renee,Makeup,Eyeliner,Top 25,Active,299,32,43,,12,4226,BGR East,23,23,,50,1,66.5,,
2025-06,OL1055,DAB-FORUM KOLKATA 11,Dabur,MBO,Kolkata,West Bengal,East,SKU40544,Bb Cream Peach 30Ml,Renee,Makeup,Foundation,Top 10,Active,599,18,19,,6,4233,BGR East,7,7,,50,1,66.5,,
2025-06,OL1055,DAB-FORUM KOLKATA 11,Dabur,MBO,Kolkata,West Bengal,East,SKU40588,Bb Cream Coral 30Ml,Renee,Makeup,Foundation,Top 10,Active,349,3,4,,12,4932,BGR East,17,13,,50,1,66.5,,
2025-06,OL1055,DAB-FORUM KOLKATA 11,Dabur,MBO,Kolkata,West Bengal,East,SKU40595,Compact Powder Mocha 9Gm,Renee,Makeup,Foundation,Top 10,Active,449,12,9,,6,3173,BGR East,4,3,,50,1,66.5,,
2025-06,OL1055,DAB-FORUM KOLKATA 11,Dabur,MBO,Kolkata,West Bengal,East,SKU40662,Compact Powder Nude 9Gm,Renee,Makeup,Foundation,Top 25,Active,1199,8,10,,1,1412,BGR East,4,3,,50,1,66.5,,
2025-06,OL1055,DAB-FORUM KOLKATA 11,Dabur,MBO,Kolkata,West Bengal,East,SKU40722,Compact Powder Berry 9Gm,Renee,Makeup,Foundation,Top 10,Active,799,12,12,,4,3764,BGR East,5,4,,50,1,66.5,,
2025-06,OL1055,DAB-FORUM KOLKATA 11,Dabur,MBO,Kolkata,West Bengal,East,SKU40763,Blending Brush R6,Renee,Makeup,Brushes,Others,Active,349,8,11,,3,1233,BGR East,6,6,,50,1,66.5,,
2025-06,OL1055,DAB-FORUM KOLKATA 11,Dabur,MBO,Kolkata,West Bengal,East,SKU40951,Sunscreen Gel Spf 50 70Ml,Renee,Skincare,Sunscreen,Top 25,Active,999,7,10,,4,4706,BGR East,7,7,,45,1,66.5,,
2025-06,OL1055,DAB-FORUM KOLKATA 11,Dabur,MBO,Kolkata,West Bengal,East,SKU40979,Sunscreen Gel Spf 50 50Ml,Renee,Skincare,Sunscreen,Top 25,Active,799,10,11,,2,1882,BGR East,5,3,,45,1,66.5,,
2025-06,OL1055,DAB-FORUM KOLKATA 11,Dabur,MBO,Kolkata,West Bengal,East,SKU41024,Vitamin C Serum 30Ml,Renee,Skincare,Serum,Others,Active,449,2,1,,2,1058,BGR East,2,1,,45,1,66.5,,
2025-06,OL1055,DAB-FORUM KOLKATA 11,Dabur,MBO,Kolkata,West Bengal,East,SKU41032,Face Wash Hazelnut 60Ml,Renee,Skincare,Cleanser,Others,Active,499,3,5,,1,588,BGR East,4,3,,45,1,66.5,,
2025-06,OL1055,DAB-FORUM KOLKATA 11,Dabur,MBO,Kolkata,West Bengal,East,SKU41129,Face Wash Vanilla 40Ml,Renee,Skincare,Cleanser,Others,Active,299,2,27,,4,1409,BGR East,7,7,,45,1,66.5,,
2025-06,OL1055,DAB-FORUM KOLKATA 11,Dabur,MBO,Kolkata,West Bengal,East,SKU41420,Body Mist Coral 100Ml,Renee,Fragrance,Body Mist,Top 25,Active,399,10,10,,4,1880,BGR East,4,4,,55,1,66.5,,
2025-06,OL1055,DAB-FORUM KOLKATA 11,Dabur,MBO,Kolkata,West Bengal,East,SKU41476,Body Mist Mocha 100Ml,Renee,Fragrance,Body Mist,Top 10,Active,799,82,86,,6,5646,BGR East,11,10,,55,1,66.5,,
2025-06,OL1055,DAB-FORUM KOLKATA 11,Dabur,MBO,Kolkata,West Bengal,East,SKU41536,Body Mist Nude 100Ml,Renee,Fragrance,Body Mist,Top 25,Active,349,11,17,,4,1644,BGR East,10,10,,55,1,66.5,,
2025-06,OL1056,DAB-SELECT LUCKNOW 12,Dabur,MBO,Lucknow,Uttar Pradesh,North,SKU40078,Matte Lip Color Rose 4.2Ml,Renee,Makeup,Lipstick,Top 25,Active,650,4,5,,4,2874,BGR North,5,5,,50,3,69.2,,
2025-06,OL1056,DAB-SELECT LUCKNOW 12,Dabur,MBO,Lucknow,Uttar Pradesh,North,SKU40108,Matte Lip Color Peach 4.2Ml,Renee,Makeup,Lipstick,Top 10,Active,650,11,15,,4,2874,BGR North,9,8,,50,3,69.2,,
2025-06,OL1056,DAB-SELECT LUCKNOW 12,Dabur,MBO,Lucknow,Uttar Pradesh,North,SKU40127,Matte Lip Color Coral 4.2Ml,Renee,Makeup,Lipstick,Top 25,Active,499,24,31,,4,2206,BGR North,7,4,,50,3,69.2,,
2025-06,OL1056,DAB-SELECT LUCKNOW 12,Dabur,MBO,Lucknow,Uttar Pradesh,North,SKU40266,Liquid Lipstick Nude 5Ml,Renee,Makeup,Lipstick,Top 10,Active,799,21,22,,7,6182,BGR North,11,8,,50,3,69.2,,
2025-06,OL1056,DAB-SELECT LUCKNOW 12,Dabur,MBO,Lucknow,Uttar Pradesh,North,SKU40281,Midnight Eyeliner Berry 2.5Ml,Renee,Makeup,Eyeliner,Others,Active,299,3,4,,2,661,BGR North,3,3,,50,3,69.2,,
2025-06,OL1056,DAB-SELECT LUCKNOW 12,Dabur,MBO,Lucknow,Uttar Pradesh,North,SKU40381,Midnight Eyeliner Ocean 2.5Ml,Renee,Makeup,Eyeliner,Top 25,Active,699,2,4,,2,1545,BGR North,6,4,,50,3,69.2,,
2025-06,OL1056,DAB-SELECT LUCKNOW 12,Dabur,MBO,Lucknow,Uttar Pradesh,North,SKU40425,Kajal Vanilla 0.35Gm,Renee,Makeup,Eyeliner,Top 25,Active,299,21,34,,4,1322,BGR North,7,4,,50,3,69.2,,
2025-06,OL1056,DAB-SELECT LUCKNOW 12,Dabur,MBO,Lucknow,Uttar Pradesh,North,SKU40588,Bb Cream Coral 30Ml,Renee,Makeup,Foundation,Top 10,Active,349,10,17,,10,3857,BGR North,17,17,,50,3,69.2,,
2025-06,OL1056,DAB-SELECT LUCKNOW 12,Dabur,MBO,Lucknow,Uttar Pradesh,North,SKU40595,Compact Powder Mocha 9Gm,Renee,Makeup,Foundation,Top 10,Active,449,5,9,,4,1985,BGR North,9,8,,50,3,69.2,,
2025-06,OL1056,DAB-SELECT LUCKNOW 12,Dabur,MBO,Lucknow,Uttar Pradesh,North,SKU40662,Compact Powder Nude 9Gm,Renee,Makeup,Foundation,Top 25,Active,1199,16,20,,4,5301,BGR North,8,8,,50,3,69.2,,
2025-06,OL1056,DAB-SELECT LUCKNOW 12,Dabur,MBO,Lucknow,Uttar Pradesh,North,SKU40722,Compact Powder Berry 9Gm,Renee,Makeup,Foundation,Top 10,Active,799,10,11,,4,3532,BGR North,5,5,,50,3,69.2,,
2025-06,OL1056,DAB-SELECT LUCKNOW 12,Dabur,MBO,Lucknow,Uttar Pradesh,North,SKU40763,Blending Brush R6,Renee,Makeup,Brushes,Others,Active,349,0,3,,2,771,BGR North,6,5,,50,3,69.2,,
2025-06,OL1056,DAB-SELECT LUCKNOW 12,Dabur,MBO,Lucknow,Uttar Pradesh,North,SKU40836,Blending Brush R4,Renee,Makeup,Brushes,Top 10,Active,1199,101,101,,6,7951,BGR North,6,6,,50,3,69.2,,
2025-06,OL1056,DAB-SELECT LUCKNOW 12,Dabur,MBO,Lucknow,Uttar Pradesh,North,SKU40850,Powder Brush R8,Renee,Makeup,Brushes,Top 25,Active,650,4,8,,4,2874,BGR North,9,8,,50,3,69.2,,
2025-06,OL1056,DAB-SELECT LUCKNOW 12,Dabur,MBO,Lucknow,Uttar Pradesh,North,SKU40951,Sunscreen Gel Spf 50 70Ml,Renee,Skincare,Sunscreen,Top 25,Active,999,7,7,,4,4417,BGR North,5,4,,45,3,69.2,,
2025-06,OL1056,DAB-SELECT LUCKNOW 12,Dabur,MBO,Lucknow,Uttar Pradesh,North,SKU40972,Sunscreen Gel Spf 50 70Ml,Renee,Skincare,Sunscreen,Top 25,Active,599,16,16,,4,2648,BGR North,5,4,,45,3,69.2,,
2025-06,OL1056,DAB-SELECT LUCKNOW 12,Dabur,MBO,Lucknow,Uttar Pradesh,North,SKU41024,Vitamin C Serum 30Ml,Renee,Skincare,Serum,Others,Active,449,16,16,,2,992,BGR North,2,2,,45,3,69.2,,
2025-06,OL1056,DAB-SELECT LUCKNOW 12,Dabur,MBO,Lucknow,Uttar Pradesh,North,SKU41032,Face Wash Hazelnut 60Ml,Renee,Skincare,Cleanser,Others,Active,499,12,13,,2,1103,BGR North,4,3,,45,3,69.2,,
2025-06,OL1056,DAB-SELECT LUCKNOW 12,Dabur,MBO,Lucknow,Uttar Pradesh,North,SKU41048,Face Wash Ocean 20Ml,Renee,Skincare,Cleanser,Others,Active,349,9,11,,4,1543,BGR North,7,6,,45,3,69.2,,
2025-06,OL1056,DAB-SELECT LUCKNOW 12,Dabur,MBO,Lucknow,Uttar Pradesh,North,SKU41129,Face Wash Vanilla 40Ml,Renee,Skincare,Cleanser,Others,Active,299,6,8,,0,0,BGR North,3,2,,45,3,69.2,,
2025-06,OL1056,DAB-SELECT LUCKNOW 12,Dabur,MBO,Lucknow,Uttar Pradesh,North,SKU41215,Perfume Midnight 50Ml,Renee,Fragrance,EDP,Others,Active,399,4,6,,3,1323,BGR North,7,5,,55,3,69.2,,
2025-06,OL1056,DAB-SELECT LUCKNOW 12,Dabur,MBO,Lucknow,Uttar Pradesh,North,SKU41295,Perfume Rose 50Ml,Renee,Fragrance,EDP,Top 25,Active,599,25,28,,4,2648,BGR North,8,7,,55,3,69.2,,
2025-06,OL1056,DAB-SELECT LUCKNOW 12,Dabur,MBO,Lucknow,Uttar Pradesh,North,SKU41420,Body Mist Coral 100Ml,Renee,Fragrance,Body Mist,Top 25,Active,399,8,28,,4,1764,BGR North,6,5,,55,3,69.2,,
2025-06,OL1056,DAB-SELECT LUCKNOW 12,Dabur,MBO,Lucknow,Uttar Pradesh,North,SKU41536,Body Mist Nude 100Ml,Renee,Fragrance,Body Mist,Top 25,Active,349,13,13,,4,1543,BGR North,7,4,,55,3,69.2,,
2025-06,OL1056,DAB-SELECT LUCKNOW 12,Dabur,MBO,Lucknow,Uttar Pradesh,North,SKU41608,Hair Oil Berry 100Ml,Renee,Haircare,Hair Oil,Others,Active,449,6,9,,3,1489,BGR North,8,6,,35,3,69.2,,
2025-06,OL1056,DAB-SELECT LUCKNOW 12,Dabur,MBO,Lucknow,Uttar Pradesh,North,SKU41647,Hair Oil Hazelnut 100Ml,Renee,Haircare,Hair Oil,Others,Active,799,6,6,,2,1766,BGR North,2,2,,35,3,69.2,,
2025-06,OL1057,DAB-EXPRESS LUCKNOW 13,Dabur,MBO,Lucknow,Uttar Pradesh,North,SKU40078,Matte Lip Color Rose 4.2Ml,Renee,Makeup,Lipstick,Top 25,Active,650,0,0,,3,1908,BGR North,7,5,,50,1,76.6,,
2025-06,OL1057,DAB-EXPRESS LUCKNOW 13,Dabur,MBO,Lucknow,Uttar Pradesh,North,SKU40108,Matte Lip Color Peach 4.2Ml,Renee,Makeup,Lipstick,Top 10,Active,650,0,16,,2,1272,BGR North,6,4,,50,1,76.6,,
2025-06,OL1057,DAB-EXPRESS LUCKNOW 13,Dabur,MBO,Lucknow,Uttar Pradesh,North,SKU40127,Matte Lip Color Coral 4.2Ml,Renee,Makeup,Lipstick,Top 25,Active,499,8,9,,4,1953,BGR North,5,5,,50,1,76.6,,
2025-06,OL1057,DAB-EXPRESS LUCKNOW 13,Dabur,MBO,Lucknow,Uttar Pradesh,North,SKU40266,Liquid Lipstick Nude 5Ml,Renee,Makeup,Lipstick,Top 10,Active,799,13,17,,4,3128,BGR North,9,8,,50,1,76.6,,
2025-06,OL1057,DAB-EXPRESS LUCKNOW 13,Dabur,MBO,Lucknow,Uttar Pradesh,North,SKU40281,Midnight Eyeliner Berry 2.5Ml,Renee,Makeup,Eyeliner,Others,Active,299,5,7,,1,293,BGR North,4,3,,50,1,76.6,,
2025-06,OL1057,DAB-EXPRESS LUCKNOW 13,Dabur,MBO,Lucknow,Uttar Pradesh,North,SKU40318,Midnight Eyeliner Hazelnut 2.5Ml,Renee,Makeup,Eyeliner,Others,Active,650,12,14,,4,2544,BGR North,9,6,,50,1,76.6,,
2025-06,OL1057,DAB-EXPRESS LUCKNOW 13,Dabur,MBO,Lucknow,Uttar Pradesh,North,SKU40381,Midnight Eyeliner Ocean 2.5Ml,Renee,Makeup,Eyeliner,Top 25,Active,699,1,0,,2,1368,BGR North,5,5,,50,1,76.6,,
2025-06,OL1057,DAB-EXPRESS LUCKNOW 13,Dabur,MBO,Lucknow,Uttar Pradesh,North,SKU40544,Bb Cream Peach 30Ml,Renee,Makeup,Foundation,Top 10,Active,599,4,6,,2,1172,BGR North,6,4,,50,1,76.6,,
2025-06,OL1057,DAB-EXPRESS LUCKNOW 13,Dabur,MBO,Lucknow,Uttar Pradesh,North,SKU40588,Bb Cream Coral 30Ml,Renee,Makeup,Foundation,Top 10,Active,349,0,1,,3,1025,BGR North,6,4,,50,1,76.6,,
2025-06,OL1057,DAB-EXPRESS LUCKNOW 13,Dabur,MBO,Lucknow,Uttar Pradesh,North,SKU40595,Compact Powder Mocha 9Gm,Renee,Makeup,Foundation,Top 10,Active,449,0,1,,4,1758,BGR North,6,5,,50,1,76.6,,
2025-06,OL1057,DAB-EXPRESS LUCKNOW 13,Dabur,MBO,Lucknow,Uttar Pradesh,North,SKU40722,Compact Powder Berry 9Gm,Renee,Makeup,Foundation,Top 10,Active,799,6,8,,4,3128,BGR North,8,6,,50,1,76.6,,
2025-06,OL1057,DAB-EXPRESS LUCKNOW 13,Dabur,MBO,Lucknow,Uttar Pradesh,North,SKU40763,Blending Brush R6,Renee,Makeup,Brushes,Others,Active,349,5,0,,2,683,BGR North,3,3,,50,1,76.6,,
2025-06,OL1057,DAB-EXPRESS LUCKNOW 13,Dabur,MBO,Lucknow,Uttar Pradesh,North,SKU40836,Blending Brush R4,Renee,Makeup,Brushes,Top 10,Active,1199,7,7,,2,2347,BGR North,3,2,,50,1,76.6,,
2025-06,OL1057,DAB-EXPRESS LUCKNOW 13,Dabur,MBO,Lucknow,Uttar Pradesh,North,SKU40850,Powder Brush R8,Renee,Makeup,Brushes,Top 25,Active,650,0,2,,3,1908,BGR North,7,5,,50,1,76.6,,
2025-06,OL1057,DAB-EXPRESS LUCKNOW 13,Dabur,MBO,Lucknow,Uttar Pradesh,North,SKU40972,Sunscreen Gel Spf 50 70Ml,Renee,Skincare,Sunscreen,Top 25,Active,599,9,10,,3,1759,BGR North,5,4,,45,1,76.6,,
2025-06,OL1057,DAB-EXPRESS LUCKNOW 13,Dabur,MBO,Lucknow,Uttar Pradesh,North,SKU40979,Sunscreen Gel Spf 50 50Ml,Renee,Skincare,Sunscreen,Top 25,Active,799,10,13,,1,782,BGR North,4,4,,45,1,76.6,,
2025-06,OL1057,DAB-EXPRESS LUCKNOW 13,Dabur,MBO,Lucknow,Uttar Pradesh,North,SKU41032,Face Wash Hazelnut 60Ml,Renee,Skincare,Cleanser,Others,Active,499,2,2,,1,488,BGR North,2,1,,45,1,76.6,,
2025-06,OL1057,DAB-EXPRESS LUCKNOW 13,Dabur,MBO,Lucknow,Uttar Pradesh,North,SKU41129,Face Wash Vanilla 40Ml,Renee,Skincare,Cleanser,Others,Active,299,4,4,,2,585,BGR North,4,2,,45,1,76.6,,
2025-06,OL1057,DAB-EXPRESS LUCKNOW 13,Dabur,MBO,Lucknow,Uttar Pradesh,North,SKU41420,Body Mist Coral 100Ml,Renee,Fragrance,Body Mist,Top 25,Active,399,4,7,,3,1171,BGR North,6,6,,55,1,76.6,,
2025-06,OL1058,DAB-INORBIT KOLKATA 14,Dabur,MBO,Kolkata,West Bengal,East,SKU40078,Matte Lip Color Rose 4.2Ml,Renee,Makeup,Lipstick,Top 25,Active,650,5,5,,2,1332,BGR East,3,2,,50,3,48.7,,
2025-06,OL1058,DAB-INORBIT KOLKATA 14,Dabur,MBO,Kolkata,West Bengal,East,SKU40108,Matte Lip Color Peach 4.2Ml,Renee,Makeup,Lipstick,Top 10,Active,650,6,4,,4,2664,BGR East,4,2,,50,3,48.7,,
2025-06,OL1058,DAB-INORBIT KOLKATA 14,Dabur,MBO,Kolkata,West Bengal,East,SKU40127,Matte Lip Color Coral 4.2Ml,Renee,Makeup,Lipstick,Top 25,Active,499,4,4,,4,2045,BGR East,6,4,,50,3,48.7,,
2025-06,OL1058,DAB-INORBIT KOLKATA 14,Dabur,MBO,Kolkata,West Bengal,East,SKU40281,Midnight Eyeliner Berry 2.5Ml,Renee,Makeup,Eyeliner,Others,Active,299,9,9,,3,919,BGR East,3,3,,50,3,48.7,,
2025-06,OL1058,DAB-INORBIT KOLKATA 14,Dabur,MBO,Kolkata,West Bengal,East,SKU40318,Midnight Eyeliner Hazelnut 2.5Ml,Renee,Makeup,Eyeliner,Others,Active,650,5,5,,4,2664,BGR East,6,4,,50,3,48.7,,
2025-06,OL1058,DAB-INORBIT KOLKATA 14,Dabur,MBO,Kolkata,West Bengal,East,SKU40425,Kajal Vanilla 0.35Gm,Renee,Makeup,Eyeliner,Top 25,Active,299,18,18,,6,1838,BGR East,6,6,,50,3,48.7,,
2025-06,OL1058,DAB-INORBIT KOLKATA 14,Dabur,MBO,Kolkata,West Bengal,East,SKU40544,Bb Cream Peach 30Ml,Renee,Makeup,Foundation,Top 10,Active,599,12,12,,12,7365,BGR East,16,12,,50,3,48.7,,
2025-06,OL1058,DAB-INORBIT KOLKATA 14,Dabur,MBO,Kolkata,West Bengal,East,SKU40588,Bb Cream Coral 30Ml,Renee,Makeup,Foundation,Top 10,Active,349,28,32,,6,2146,BGR East,11,10,,50,3,48.7,,
2025-06,OL1058,DAB-INORBIT KOLKATA 14,Dabur,MBO,Kolkata,West Bengal,East,SKU40595,Compact Powder Mocha 9Gm,Renee,Makeup,Foundation,Top 10,Active,449,14,0,,0,0,BGR East,2,1,,50,3,48.7,,
2025-06,OL1058,DAB-INORBIT KOLKATA 14,Dabur,MBO,Kolkata,West Bengal,East,SKU40722,Compact Powder Berry 9Gm,Renee,Makeup,Foundation,Top 10,Active,799,17,18,,3,2456,BGR East,5,4,,50,3,48.7,,
2025-06,OL1058,DAB-INORBIT KOLKATA 14,Dabur,MBO,Kolkata,West Bengal,East,SKU40763,Blending Brush R6,Renee,Makeup,Brushes,Others,Active,349,0,0,,3,1073,BGR East,5,3,,50,3,48.7,,
2025-06,OL1058,DAB-INORBIT KOLKATA 14,Dabur,MBO,Kolkata,West Bengal,East,SKU40836,Blending Brush R4,Renee,Makeup,Brushes,Top 10,Active,1199,23,29,,8,9828,BGR East,15,14,,50,3,48.7,,
2025-06,OL1058,DAB-INORBIT KOLKATA 14,Dabur,MBO,Kolkata,West Bengal,East,SKU40850,Powder Brush R8,Renee,Makeup,Brushes,Top 25,Active,650,11,14,,4,2664,BGR East,7,7,,50,3,48.7,,
2025-06,OL1058,DAB-INORBIT KOLKATA 14,Dabur,MBO,Kolkata,West Bengal,East,SKU40951,Sunscreen Gel Spf 50 70Ml,Renee,Skincare,Sunscreen,Top 25,Active,999,4,2,,4,4094,BGR East,4,2,,45,3,48.7,,
2025-06,OL1058,DAB-INORBIT KOLKATA 14,Dabur,MBO,Kolkata,West Bengal,East,SKU41024,Vitamin C Serum 30Ml,Renee,Skincare,Serum,Others,Active,449,5,4,,3,1380,BGR East,4,2,,45,3,48.7,,
2025-06,OL1058,DAB-INORBIT KOLKATA 14,Dabur,MBO,Kolkata,West Bengal,East,SKU41129,Face Wash Vanilla 40Ml,Renee,Skincare,Cleanser,Others,Active,299,4,4,,2,613,BGR East,3,2,,45,3,48.7,,
2025-06,OL1058,DAB-INORBIT KOLKATA 14,Dabur,MBO,Kolkata,West Bengal,East,SKU41420,Body Mist Coral 100Ml,Renee,Fragrance,Body Mist,Top 25,Active,399,7,11,,5,2044,BGR East,10,9,,55,3,48.7,,
2025-06,OL1058,DAB-INORBIT KOLKATA 14,Dabur,MBO,Kolkata,West Bengal,East,SKU41476,Body Mist Mocha 100Ml,Renee,Fragrance,Body Mist,Top 10,Active,799,19,22,,4,3275,BGR East,8,7,,55,3,48.7,,
2025-06,OL1059,DAB-NEXUS BHUBANESWAR 15,Dabur,MBO,Bhubaneswar,Odisha,East,SKU40381,Midnight Eyeliner Ocean 2.5Ml,Renee,Makeup,Eyeliner,Top 25,Active,699,4,4,,2,1663,BGR East,3,2,,50,1,71.2,,
2025-06,OL1059,DAB-NEXUS BHUBANESWAR 15,Dabur,MBO,Bhubaneswar,Odisha,East,SKU40490,Kajal Midnight 0.35Gm,Renee,Makeup,Eyeliner,Top 10,Active,599,8,9,,3,2138,BGR East,4,4,,50,1,71.2,,
2025-06,OL1059,DAB-NEXUS BHUBANESWAR 15,Dabur,MBO,Bhubaneswar,Odisha,East,SKU40544,Bb Cream Peach 30Ml,Renee,Makeup,Foundation,Top 10,Active,599,10,8,,6,4276,BGR East,5,4,,50,1,71.2,,
2025-06,OL1059,DAB-NEXUS BHUBANESWAR 15,Dabur,MBO,Bhubaneswar,Odisha,East,SKU40722,Compact Powder Berry 9Gm,Renee,Makeup,Foundation,Top 10,Active,799,9,13,,4,3803,BGR East,8,8,,50,1,71.2,,
2025-06,OL1059,DAB-NEXUS BHUBANESWAR 15,Dabur,MBO,Bhubaneswar,Odisha,East,SKU40763,Blending Brush R6,Renee,Makeup,Brushes,Others,Active,349,2,0,,2,830,BGR East,5,5,,50,1,71.2,,
2025-06,OL1059,DAB-NEXUS BHUBANESWAR 15,Dabur,MBO,Bhubaneswar,Odisha,East,SKU40928,Powder Brush R4,Renee,Makeup,Brushes,Top 25,Active,650,5,6,,2,1547,BGR East,3,3,,50,1,71.2,,
2025-06,OL1059,DAB-NEXUS BHUBANESWAR 15,Dabur,MBO,Bhubaneswar,Odisha,East,SKU40979,Sunscreen Gel Spf 50 50Ml,Renee,Skincare,Sunscreen,Top 25,Active,799,0,1,,2,1901,BGR East,4,3,,45,1,71.2,,
2025-06,OL1059,DAB-NEXUS BHUBANESWAR 15,Dabur,MBO,Bhubaneswar,Odisha,East,SKU41024,Vitamin C Serum 30Ml,Renee,Skincare,Serum,Others,Active,449,5,9,,3,1603,BGR East,8,7,,45,1,71.2,,
2025-06,OL1059,DAB-NEXUS BHUBANESWAR 15,Dabur,MBO,Bhubaneswar,Odisha,East,SKU41129,Face Wash Vanilla 40Ml,Renee,Skincare,Cleanser,Others,Active,299,2,1,,2,712,BGR East,2,1,,45,1,71.2,,
2025-06,OL1059,DAB-NEXUS BHUBANESWAR 15,Dabur,MBO,Bhubaneswar,Odisha,East,SKU41295,Perfume Rose 50Ml,Renee,Fragrance,EDP,Top 25,Active,599,13,0,,4,2851,BGR East,7,4,,55,1,71.2,,
2025-06,OL1059,DAB-NEXUS BHUBANESWAR 15,Dabur,MBO,Bhubaneswar,Odisha,East,SKU41420,Body Mist Coral 100Ml,Renee,Fragrance,Body Mist,Top 25,Active,399,6,6,,2,949,BGR East,3,2,,55,1,71.2,,
2025-06,OL1059,DAB-NEXUS BHUBANESWAR 15,Dabur,MBO,Bhubaneswar,Odisha,East,SKU41608,Hair Oil Berry 100Ml,Renee,Haircare,Hair Oil,Others,Active,449,8,6,,4,2137,BGR East,4,2,,35,1,71.2,,
2025-06,OL1060,DAB-ORION GUWAHATI 16,Dabur,MBO,Guwahati,Assam,East,SKU40078,Matte Lip Color Rose 4.2Ml,Renee,Makeup,Lipstick,Top 25,Active,650,10,12,,4,2761,BGR East,7,6,,50,4,67.8,,
2025-06,OL1060,DAB-ORION GUWAHATI 16,Dabur,MBO,Guwahati,Assam,East,SKU40108,Matte Lip Color Peach 4.2Ml,Renee,Makeup,Lipstick,Top 10,Active,650,2,4,,2,1380,BGR East,4,4,,50,4,67.8,,
2025-06,OL1060,DAB-ORION GUWAHATI 16,Dabur,MBO,Guwahati,Assam,East,SKU40281,Midnight Eyeliner Berry 2.5Ml,Renee,Makeup,Eyeliner,Others,Active,299,4,6,,2,635,BGR East,5,4,,50,4,67.8,,
2025-06,OL1060,DAB-ORION GUWAHATI 16,Dabur,MBO,Guwahati,Assam,East,SKU40425,Kajal Vanilla 0.35Gm,Renee,Makeup,Eyeliner,Top 25,Active,299,13,16,,4,1270,BGR East,8,7,,50,4,67.8,,
2025-06,OL1060,DAB-ORION GUWAHATI 16,Dabur,MBO,Guwahati,Assam,East,SKU40490,Kajal Midnight 0.35Gm,Renee,Makeup,Eyeliner,Top 10,Active,599,6,7,,2,1272,BGR East,3,3,,50,4,67.8,,
2025-06,OL1060,DAB-ORION GUWAHATI 16,Dabur,MBO,Guwahati,Assam,East,SKU40544,Bb Cream Peach 30Ml,Renee,Makeup,Foundation,Top 10,Active,599,16,14,,4,2544,BGR East,3,2,,50,4,67.8,,
2025-06,OL1060,DAB-ORION GUWAHATI 16,Dabur,MBO,Guwahati,Assam,East,SKU40722,Compact Powder Berry 9Gm,Renee,Makeup,Foundation,Top 10,Active,799,4,4,,4,3393,BGR East,4,4,,50,4,67.8,,
2025-06,OL1060,DAB-ORION GUWAHATI 16,Dabur,MBO,Guwahati,Assam,East,SKU40836,Blending Brush R4,Renee,Makeup,Brushes,Top 10,Active,1199,6,6,,4,5092,BGR East,5,4,,50,4,67.8,,
2025-06,OL1060,DAB-ORION GUWAHATI 16,Dabur,MBO,Guwahati,Assam,East,SKU40928,Powder Brush R4,Renee,Makeup,Brushes,Top 25,Active,650,11,14,,2,1380,BGR East,5,5,,50,4,67.8,,
2025-06,OL1060,DAB-ORION GUWAHATI 16,Dabur,MBO,Guwahati,Assam,East,SKU40951,Sunscreen Gel Spf 50 70Ml,Renee,Skincare,Sunscreen,Top 25,Active,999,3,4,,4,4243,BGR East,6,5,,45,4,67.8,,
2025-06,OL1060,DAB-ORION GUWAHATI 16,Dabur,MBO,Guwahati,Assam,East,SKU41024,Vitamin C Serum 30Ml,Renee,Skincare,Serum,Others,Active,449,10,11,,4,1907,BGR East,5,5,,45,4,67.8,,
2025-06,OL1060,DAB-ORION GUWAHATI 16,Dabur,MBO,Guwahati,Assam,East,SKU41129,Face Wash Vanilla 40Ml,Renee,Skincare,Cleanser,Others,Active,299,1,3,,3,952,BGR East,6,5,,45,4,67.8,,
2025-06,OL1060,DAB-ORION GUWAHATI 16,Dabur,MBO,Guwahati,Assam,East,SKU41215,Perfume Midnight 50Ml,Renee,Fragrance,EDP,Others,Active,399,7,8,,3,1271,BGR East,4,4,,55,4,67.8,,
2025-06,OL1060,DAB-ORION GUWAHATI 16,Dabur,MBO,Guwahati,Assam,East,SKU41295,Perfume Rose 50Ml,Renee,Fragrance,EDP,Top 25,Active,599,5,9,,4,2544,BGR East,9,8,,55,4,67.8,,
2025-06,OL1060,DAB-ORION GUWAHATI 16,Dabur,MBO,Guwahati,Assam,East,SKU41608,Hair Oil Berry 100Ml,Renee,Haircare,Hair Oil,Others,Active,449,3,0,,4,1907,BGR East,8,8,,35,4,67.8,,
2025-06,OL1061,DAB-GALLERIA HYDERABAD 17,Dabur,MBO,Hyderabad,Telangana,South,SKU40078,Matte Lip Color Rose 4.2Ml,Renee,Makeup,Lipstick,Top 25,Active,650,8,9,,2,1385,BGR South,5,3,,50,2,78.4,,
2025-06,OL1061,DAB-GALLERIA HYDERABAD 17,Dabur,MBO,Hyderabad,Telangana,South,SKU40108,Matte Lip Color Peach 4.2Ml,Renee,Makeup,Lipstick,Top 10,Active,650,7,10,,4,2770,BGR South,8,7,,50,2,78.4,,
2025-06,OL1061,DAB-GALLERIA HYDERABAD 17,Dabur,MBO,Hyderabad,Telangana,South,SKU40127,Matte Lip Color Coral 4.2Ml,Renee,Makeup,Lipstick,Top 25,Active,499,5,9,,3,1595,BGR South,8,7,,50,2,78.4,,
2025-06,OL1061,DAB-GALLERIA HYDERABAD 17,Dabur,MBO,Hyderabad,Telangana,South,SKU40381,Midnight Eyeliner Ocean 2.5Ml,Renee,Makeup,Eyeliner,Top 25,Active,699,3,4,,3,2234,BGR South,5,4,,50,2,78.4,,
2025-06,OL1061,DAB-GALLERIA HYDERABAD 17,Dabur,MBO,Hyderabad,Telangana,South,SKU40425,Kajal Vanilla 0.35Gm,Renee,Makeup,Eyeliner,Top 25,Active,299,4,4,,2,637,BGR South,4,2,,50,2,78.4,,
2025-06,OL1061,DAB-GALLERIA HYDERABAD 17,Dabur,MBO,Hyderabad,Telangana,South,SKU40544,Bb Cream Peach 30Ml,Renee,Makeup,Foundation,Top 10,Active,599,9,9,,4,2553,BGR South,5,4,,50,2,78.4,,
2025-06,OL1061,DAB-GALLERIA HYDERABAD 17,Dabur,MBO,Hyderabad,Telangana,South,SKU40588,Bb Cream Coral 30Ml,Renee,Makeup,Foundation,Top 10,Active,349,16,19,,4,1487,BGR South,8,7,,50,2,78.4,,
2025-06,OL1061,DAB-GALLERIA HYDERABAD 17,Dabur,MBO,Hyderabad,Telangana,South,SKU40595,Compact Powder Mocha 9Gm,Renee,Makeup,Foundation,Top 10,Active,449,11,0,,2,957,BGR South,4,2,,50,2,78.4,,
2025-06,OL1061,DAB-GALLERIA HYDERABAD 17,Dabur,MBO,Hyderabad,Telangana,South,SKU40850,Powder Brush R8,Renee,Makeup,Brushes,Top 25,Active,650,8,8,,2,1385,BGR South,3,2,,50,2,78.4,,
2025-06,OL1061,DAB-GALLERIA HYDERABAD 17,Dabur,MBO,Hyderabad,Telangana,South,SKU40951,Sunscreen Gel Spf 50 70Ml,Renee,Skincare,Sunscreen,Top 25,Active,999,16,18,,1,1064,BGR South,3,3,,45,2,78.4,,
2025-06,OL1061,DAB-GALLERIA HYDERABAD 17,Dabur,MBO,Hyderabad,Telangana,South,SKU40972,Sunscreen Gel Spf 50 70Ml,Renee,Skincare,Sunscreen,Top 25,Active,599,4,4,,2,1276,BGR South,4,2,,45,2,78.4,,
2025-06,OL1061,DAB-GALLERIA HYDERABAD 17,Dabur,MBO,Hyderabad,Telangana,South,SKU40979,Sunscreen Gel Spf 50 50Ml,Renee,Skincare,Sunscreen,Top 25,Active,799,4,5,,2,1702,BGR South,4,3,,45,2,78.4,,
2025-06,OL1061,DAB-GALLERIA HYDERABAD 17,Dabur,MBO,Hyderabad,Telangana,South,SKU41295,Perfume Rose 50Ml,Renee,Fragrance,EDP,Top 25,Active,599,7,9,,3,1914,BGR South,5,5,,55,2,78.4,,
2025-06,OL1061,DAB-GALLERIA HYDERABAD 17,Dabur,MBO,Hyderabad,Telangana,South,SKU41420,Body Mist Coral 100Ml,Renee,Fragrance,Body Mist,Top 25,Active,399,5,5,,2,850,BGR South,3,2,,55,2,78.4,,
2025-06,OL1061,DAB-GALLERIA HYDERABAD 17,Dabur,MBO,Hyderabad,Telangana,South,SKU41476,Body Mist Mocha 100Ml,Renee,Fragrance,Body Mist,Top 10,Active,799,20,20,,2,1702,BGR South,2,2,,55,2,78.4,,
2025-06,OL1062,DAB-SELECT NOIDA 18,Dabur,MBO,Noida,Uttar Pradesh,North,SKU40078,Matte Lip Color Rose 4.2Ml,Renee,Makeup,Lipstick,Top 25,Active,650,3,3,,4,2663,BGR North,7,4,,50,2,92.6,,
2025-06,OL1062,DAB-SELECT NOIDA 18,Dabur,MBO,Noida,Uttar Pradesh,North,SKU40108,Matte Lip Color Peach 4.2Ml,Renee,Makeup,Lipstick,Top 10,Active,650,7,8,,1,666,BGR North,3,2,,50,2,92.6,,
2025-06,OL1062,DAB-SELECT NOIDA 18,Dabur,MBO,Noida,Uttar Pradesh,North,SKU40127,Matte Lip Color Coral 4.2Ml,Renee,Makeup,Lipstick,Top 25,Active,499,12,16,,6,3066,BGR North,11,10,,50,2,92.6,,
2025-06,OL1062,DAB-SELECT NOIDA 18,Dabur,MBO,Noida,Uttar Pradesh,North,SKU40266,Liquid Lipstick Nude 5Ml,Renee,Makeup,Lipstick,Top 10,Active,799,0,0,,4,3273,BGR North,10,10,,50,2,92.6,,
2025-06,OL1062,DAB-SELECT NOIDA 18,Dabur,MBO,Noida,Uttar Pradesh,North,SKU40281,Midnight Eyeliner Berry 2.5Ml,Renee,Makeup,Eyeliner,Others,Active,299,17,19,,3,919,BGR North,5,5,,50,2,92.6,,
2025-06,OL1062,DAB-SELECT NOIDA 18,Dabur,MBO,Noida,Uttar Pradesh,North,SKU40381,Midnight Eyeliner Ocean 2.5Ml,Renee,Makeup,Eyeliner,Top 25,Active,699,10,10,,2,1432,BGR North,4,2,,50,2,92.6,,
2025-06,OL1062,DAB-SELECT NOIDA 18,Dabur,MBO,Noida,Uttar Pradesh,North,SKU40595,Compact Powder Mocha 9Gm,Renee,Makeup,Foundation,Top 10,Active,449,6,15,,9,4138,BGR North,20,18,,50,2,92.6,,
2025-06,OL1062,DAB-SELECT NOIDA 18,Dabur,MBO,Noida,Uttar Pradesh,North,SKU40722,Compact Powder Berry 9Gm,Renee,Makeup,Foundation,Top 10,Active,799,2,4,,3,2455,BGR North,5,5,,50,2,92.6,,
2025-06,OL1062,DAB-SELECT NOIDA 18,Dabur,MBO,Noida,Uttar Pradesh,North,SKU40836,Blending Brush R4,Renee,Makeup,Brushes,Top 10,Active,1199,0,1,,0,0,BGR North,2,1,,50,2,92.6,,
2025-06,OL1062,DAB-SELECT NOIDA 18,Dabur,MBO,Noida,Uttar Pradesh,North,SKU40850,Powder Brush R8,Renee,Makeup,Brushes,Top 25,Active,650,12,12,,3,1997,BGR North,4,3,,50,2,92.6,,
2025-06,OL1062,DAB-SELECT NOIDA 18,Dabur,MBO,Noida,Uttar Pradesh,North,SKU40928,Powder Brush R4,Renee,Makeup,Brushes,Top 25,Active,650,3,3,,3,1997,BGR North,3,3,,50,2,92.6,,
2025-06,OL1062,DAB-SELECT NOIDA 18,Dabur,MBO,Noida,Uttar Pradesh,North,SKU40972,Sunscreen Gel Spf 50 70Ml,Renee,Skincare,Sunscreen,Top 25,Active,599,6,5,,3,1840,BGR North,3,2,,45,2,92.6,,
2025-06,OL1062,DAB-SELECT NOIDA 18,Dabur,MBO,Noida,Uttar Pradesh,North,SKU41048,Face Wash Ocean 20Ml,Renee,Skincare,Cleanser,Others,Active,349,15,14,,2,715,BGR North,2,1,,45,2,92.6,,
2025-06,OL1062,DAB-SELECT NOIDA 18,Dabur,MBO,Noida,Uttar Pradesh,North,SKU41129,Face Wash Vanilla 40Ml,Renee,Skincare,Cleanser,Others,Active,299,3,6,,4,1225,BGR North,7,7,,45,2,92.6,,
2025-06,OL1062,DAB-SELECT NOIDA 18,Dabur,MBO,Noida,Uttar Pradesh,North,SKU41215,Perfume Midnight 50Ml,Renee,Fragrance,EDP,Others,Active,399,9,11,,3,1226,BGR North,6,5,,55,2,92.6,,
2025-06,OL1062,DAB-SELECT NOIDA 18,Dabur,MBO,Noida,Uttar Pradesh,North,SKU41608,Hair Oil Berry 100Ml,Renee,Haircare,Hair Oil,Others,Active,449,11,12,,0,0,BGR North,2,1,,35,2,92.6,,
2025-06,OL1062,DAB-SELECT NOIDA 18,Dabur,MBO,Noida,Uttar Pradesh,North,SKU41647,Hair Oil Hazelnut 100Ml,Renee,Haircare,Hair Oil,Others,Active,799,2,4,,1,818,BGR North,3,3,,35,2,92.6,,
2025-06,OL1063,DAB-CITY CENTRE NEW DELHI 19,Dabur,MBO,New Delhi,Delhi,North,SKU40078,Matte Lip Color Rose 4.2Ml,Renee,Makeup,Lipstick,Top 25,Active,650,12,12,,4,2865,BGR North,6,4,,50,3,58.7,,
2025-06,OL1063,DAB-CITY CENTRE NEW DELHI 19,Dabur,MBO,New Delhi,Delhi,North,SKU40127,Matte Lip Color Coral 4.2Ml,Renee,Makeup,Lipstick,Top 25,Active,499,11,12,,4,2199,BGR North,8,5,,50,3,58.7,,
2025-06,OL1063,DAB-CITY CENTRE NEW DELHI 19,Dabur,MBO,New Delhi,Delhi,North,SKU40266,Liquid Lipstick Nude 5Ml,Renee,Makeup,Lipstick,Top 10,Active,799,18,17,,6,5283,BGR North,8,5,,50,3,58.7,,
2025-06,OL1063,DAB-CITY CENTRE NEW DELHI 19,Dabur,MBO,New Delhi,Delhi,North,SKU40425,Kajal Vanilla 0.35Gm,Renee,Makeup,Eyeliner,Top 25,Active,299,8,13,,3,988,BGR North,8,8,,50,3,58.7,,
2025-06,OL1063,DAB-CITY CENTRE NEW DELHI 19,Dabur,MBO,New Delhi,Delhi,North,SKU40662,Compact Powder Nude 9Gm,Renee,Makeup,Foundation,Top 25,Active,1199,6,5,,2,2642,BGR North,1,1,,50,3,58.7,,
2025-06,OL1063,DAB-CITY CENTRE NEW DELHI 19,Dabur,MBO,New Delhi,Delhi,North,SKU40763,Blending Brush R6,Renee,Makeup,Brushes,Others,Active,349,8,9,,3,1154,BGR North,5,4,,50,3,58.7,,
2025-06,OL1063,DAB-CITY CENTRE NEW DELHI 19,Dabur,MBO,New Delhi,Delhi,North,SKU40928,Powder Brush R4,Renee,Makeup,Brushes,Top 25,Active,650,1,5,,4,2865,BGR North,8,8,,50,3,58.7,,
2025-06,OL1063,DAB-CITY CENTRE NEW DELHI 19,Dabur,MBO,New Delhi,Delhi,North,SKU40951,Sunscreen Gel Spf 50 70Ml,Renee,Skincare,Sunscreen,Top 25,Active,999,3,5,,1,1101,BGR North,4,3,,45,3,58.7,,
2025-06,OL1063,DAB-CITY CENTRE NEW DELHI 19,Dabur,MBO,New Delhi,Delhi,North,SKU40979,Sunscreen Gel Spf 50 50Ml,Renee,Skincare,Sunscreen,Top 25,Active,799,11,12,,2,1761,BGR North,4,3,,45,3,58.7,,
2025-06,OL1063,DAB-CITY CENTRE NEW DELHI 19,Dabur,MBO,New Delhi,Delhi,North,SKU41048,Face Wash Ocean 20Ml,Renee,Skincare,Cleanser,Others,Active,349,15,14,,4,1538,BGR North,5,3,,45,3,58.7,,
2025-06,OL1063,DAB-CITY CENTRE NEW DELHI 19,Dabur,MBO,New Delhi,Delhi,North,SKU41295,Perfume Rose 50Ml,Renee,Fragrance,EDP,Top 25,Active,599,6,6,,4,2640,BGR North,6,4,,55,3,58.7,,
2025-06,OL1063,DAB-CITY CENTRE NEW DELHI 19,Dabur,MBO,New Delhi,Delhi,North,SKU41420,Body Mist Coral 100Ml,Renee,Fragrance,Body Mist,Top 25,Active,399,6,8,,4,1759,BGR North,6,6,,55,3,58.7,,
2025-06,OL1063,DAB-CITY CENTRE NEW DELHI 19,Dabur,MBO,New Delhi,Delhi,North,SKU41536,Body Mist Nude 100Ml,Renee,Fragrance,Body Mist,Top 25,Active,349,7,5,,3,1154,BGR North,2,1,,55,3,58.7,,
2025-06,OL1063,DAB-CITY CENTRE NEW DELHI 19,Dabur,MBO,New Delhi,Delhi,North,SKU41608,Hair Oil Berry 100Ml,Renee,Haircare,Hair Oil,Others,Active,449,1,3,,2,990,BGR North,5,4,,35,3,58.7,,
2025-06,OL1064,DAB-EXPRESS SURAT 20,Dabur,MBO,Surat,Gujarat,West,SKU40078,Matte Lip Color Rose 4.2Ml,Renee,Makeup,Lipstick,Top 25,Active,650,3,8,,3,2339,BGR West,8,8,,50,2,70.1,,
2025-06,OL1064,DAB-EXPRESS SURAT 20,Dabur,MBO,Surat,Gujarat,West,SKU40127,Matte Lip Color Coral 4.2Ml,Renee,Makeup,Lipstick,Top 25,Active,499,15,15,,4,2394,BGR West,4,4,,50,2,70.1,,
2025-06,OL1064,DAB-EXPRESS SURAT 20,Dabur,MBO,Surat,Gujarat,West,SKU40281,Midnight Eyeliner Berry 2.5Ml,Renee,Makeup,Eyeliner,Others,Active,299,4,8,,4,1435,BGR West,8,8,,50,2,70.1,,
2025-06,OL1064,DAB-EXPRESS SURAT 20,Dabur,MBO,Surat,Gujarat,West,SKU40318,Midnight Eyeliner Hazelnut 2.5Ml,Renee,Makeup,Eyeliner,Others,Active,650,8,7,,2,1559,BGR West,2,1,,50,2,70.1,,
2025-06,OL1064,DAB-EXPRESS SURAT 20,Dabur,MBO,Surat,Gujarat,West,SKU40425,Kajal Vanilla 0.35Gm,Renee,Makeup,Eyeliner,Top 25,Active,299,15,14,,3,1076,BGR West,3,2,,50,2,70.1,,
2025-06,OL1064,DAB-EXPRESS SURAT 20,Dabur,MBO,Surat,Gujarat,West,SKU40490,Kajal Midnight 0.35Gm,Renee,Makeup,Eyeliner,Top 10,Active,599,16,15,,8,5748,BGR West,10,7,,50,2,70.1,,
2025-06,OL1064,DAB-EXPRESS SURAT 20,Dabur,MBO,Surat,Gujarat,West,SKU40836,Blending Brush R4,Renee,Makeup,Brushes,Top 10,Active,1199,6,7,,6,8629,BGR West,7,7,,50,2,70.1,,
2025-06,OL1064,DAB-EXPRESS SURAT 20,Dabur,MBO,Surat,Gujarat,West,SKU40850,Powder Brush R8,Renee,Makeup,Brushes,Top 25,Active,650,6,0,,4,3119,BGR West,9,8,,50,2,70.1,,
2025-06,OL1064,DAB-EXPRESS SURAT 20,Dabur,MBO,Surat,Gujarat,West,SKU40928,Powder Brush R4,Renee,Makeup,Brushes,Top 25,Active,650,3,6,,0,0,BGR West,3,3,,50,2,70.1,,
2025-06,OL1064,DAB-EXPRESS SURAT 20,Dabur,MBO,Surat,Gujarat,West,SKU40951,Sunscreen Gel Spf 50 70Ml,Renee,Skincare,Sunscreen,Top 25,Active,999,13,16,,3,3595,BGR West,7,6,,45,2,70.1,,
2025-06,OL1064,DAB-EXPRESS SURAT 20,Dabur,MBO,Surat,Gujarat,West,SKU40979,Sunscreen Gel Spf 50 50Ml,Renee,Skincare,Sunscreen,Top 25,Active,799,11,0,,1,958,BGR West,1,1,,45,2,70.1,,
2025-06,OL1064,DAB-EXPRESS SURAT 20,Dabur,MBO,Surat,Gujarat,West,SKU41024,Vitamin C Serum 30Ml,Renee,Skincare,Serum,Others,Active,449,29,30,,3,1616,BGR West,5,4,,45,2,70.1,,
2025-06,OL1064,DAB-EXPRESS SURAT 20,Dabur,MBO,Surat,Gujarat,West,SKU41032,Face Wash Hazelnut 60Ml,Renee,Skincare,Cleanser,Others,Active,499,0,0,,3,1796,BGR West,6,6,,45,2,70.1,,
2025-06,OL1064,DAB-EXPRESS SURAT 20,Dabur,MBO,Surat,Gujarat,West,SKU41476,Body Mist Mocha 100Ml,Renee,Fragrance,Body Mist,Top 10,Active,799,38,37,,8,7667,BGR West,10,7,,55,2,70.1,,
2025-06,OL1064,DAB-EXPRESS SURAT 20,Dabur,MBO,Surat,Gujarat,West,SKU41536,Body Mist Nude 100Ml,Renee,Fragrance,Body Mist,Top 25,Active,349,27,27,,6,2512,BGR West,9,6,,55,2,70.1,,
2025-06,OL1064,DAB-EXPRESS SURAT 20,Dabur,MBO,Surat,Gujarat,West,SKU41608,Hair Oil Berry 100Ml,Renee,Haircare,Hair Oil,Others,Active,449,3,0,,3,1616,BGR West,3,3,,35,2,70.1,,
2025-06,OL1064,DAB-EXPRESS SURAT 20,Dabur,MBO,Surat,Gujarat,West,SKU41647,Hair Oil Hazelnut 100Ml,Renee,Haircare,Hair Oil,Others,Active,799,4,4,,4,3834,BGR West,5,4,,35,2,70.1,,
2025-06,OL1065,DAB-PHOENIX SURAT 21,Dabur,MBO,Surat,Gujarat,West,SKU40108,Matte Lip Color Peach 4.2Ml,Renee,Makeup,Lipstick,Top 10,Active,650,33,35,,4,3075,BGR West,7,6,,50,3,66.3,,
2025-06,OL1065,DAB-PHOENIX SURAT 21,Dabur,MBO,Surat,Gujarat,West,SKU40266,Liquid Lipstick Nude 5Ml,Renee,Makeup,Lipstick,Top 10,Active,799,58,64,,5,4724,BGR West,11,11,,50,3,66.3,,
2025-06,OL1065,DAB-PHOENIX SURAT 21,Dabur,MBO,Surat,Gujarat,West,SKU40381,Midnight Eyeliner Ocean 2.5Ml,Renee,Makeup,Eyeliner,Top 25,Active,699,21,24,,4,3306,BGR West,8,7,,50,3,66.3,,
2025-06,OL1065,DAB-PHOENIX SURAT 21,Dabur,MBO,Surat,Gujarat,West,SKU40425,Kajal Vanilla 0.35Gm,Renee,Makeup,Eyeliner,Top 25,Active,299,17,16,,6,2122,BGR West,8,5,,50,3,66.3,,
2025-06,OL1065,DAB-PHOENIX SURAT 21,Dabur,MBO,Surat,Gujarat,West,SKU40588,Bb Cream Coral 30Ml,Renee,Makeup,Foundation,Top 10,Active,349,4,0,,4,1651,BGR West,5,4,,50,3,66.3,,
2025-06,OL1065,DAB-PHOENIX SURAT 21,Dabur,MBO,Surat,Gujarat,West,SKU40662,Compact Powder Nude 9Gm,Renee,Makeup,Foundation,Top 25,Active,1199,0,1,,3,4254,BGR West,6,4,,50,3,66.3,,
2025-06,OL1065,DAB-PHOENIX SURAT 21,Dabur,MBO,Surat,Gujarat,West,SKU40763,Blending Brush R6,Renee,Makeup,Brushes,Others,Active,349,4,6,,2,825,BGR West,4,4,,50,3,66.3,,
2025-06,OL1065,DAB-PHOENIX SURAT 21,Dabur,MBO,Surat,Gujarat,West,SKU40836,Blending Brush R4,Renee,Makeup,Brushes,Top 10,Active,1199,19,22,,4,5672,BGR West,9,7,,50,3,66.3,,
2025-06,OL1065,DAB-PHOENIX SURAT 21,Dabur,MBO,Surat,Gujarat,West,SKU40850,Powder Brush R8,Renee,Makeup,Brushes,Top 25,Active,650,11,11,,2,1537,BGR West,3,2,,50,3,66.3,,
2025-06,OL1065,DAB-PHOENIX SURAT 21,Dabur,MBO,Surat,Gujarat,West,SKU40951,Sunscreen Gel Spf 50 70Ml,Renee,Skincare,Sunscreen,Top 25,Active,999,6,4,,4,4725,BGR West,3,2,,45,3,66.3,,
2025-06,OL1065,DAB-PHOENIX SURAT 21,Dabur,MBO,Surat,Gujarat,West,SKU40979,Sunscreen Gel Spf 50 50Ml,Renee,Skincare,Sunscreen,Top 25,Active,799,5,0,,3,2835,BGR West,4,3,,45,3,66.3,,
2025-06,OL1065,DAB-PHOENIX SURAT 21,Dabur,MBO,Surat,Gujarat,West,SKU41024,Vitamin C Serum 30Ml,Renee,Skincare,Serum,Others,Active,449,7,9,,1,531,BGR West,3,3,,45,3,66.3,,
2025-06,OL1065,DAB-PHOENIX SURAT 21,Dabur,MBO,Surat,Gujarat,West,SKU41032,Face Wash Hazelnut 60Ml,Renee,Skincare,Cleanser,Others,Active,499,7,6,,1,590,BGR West,1,0,,45,3,66.3,,
2025-06,OL1065,DAB-PHOENIX SURAT 21,Dabur,MBO,Surat,Gujarat,West,SKU41295,Perfume Rose 50Ml,Renee,Fragrance,EDP,Top 25,Active,599,7,6,,3,2125,BGR West,4,2,,55,3,66.3,,
2025-06,OL1065,DAB-PHOENIX SURAT 21,Dabur,MBO,Surat,Gujarat,West,SKU41536,Body Mist Nude 100Ml,Renee,Fragrance,Body Mist,Top 25,Active,349,12,17,,6,2476,BGR West,14,11,,55,3,66.3,,
2025-06,OL1065,DAB-PHOENIX SURAT 21,Dabur,MBO,Surat,Gujarat,West,SKU41608,Hair Oil Berry 100Ml,Renee,Haircare,Hair Oil,Others,Active,449,2,2,,2,1062,BGR West,2,2,,35,3,66.3,,
2025-06,OL1066,DAB-GALLERIA MUMBAI 22,Dabur,MBO,Mumbai,Maharashtra,West,SKU40108,Matte Lip Color Peach 4.2Ml,Renee,Makeup,Lipstick,Top 10,Active,650,5,5,,4,2979,BGR West,5,4,,50,2,72.5,,
2025-06,OL1066,DAB-GALLERIA MUMBAI 22,Dabur,MBO,Mumbai,Maharashtra,West,SKU40127,Matte Lip Color Coral 4.2Ml,Renee,Makeup,Lipstick,Top 25,Active,499,17,0,,2,1143,BGR West,3,2,,50,2,72.5,,
2025-06,OL1066,DAB-GALLERIA MUMBAI 22,Dabur,MBO,Mumbai,Maharashtra,West,SKU40266,Liquid Lipstick Nude 5Ml,Renee,Makeup,Lipstick,Top 10,Active,799,18,22,,3,2746,BGR West,7,7,,50,2,72.5,,
2025-06,OL1066,DAB-GALLERIA MUMBAI 22,Dabur,MBO,Mumbai,Maharashtra,West,SKU40281,Midnight Eyeliner Berry 2.5Ml,Renee,Makeup,Eyeliner,Others,Active,299,8,13,,3,1028,BGR West,8,8,,50,2,72.5,,
2025-06,OL1066,DAB-GALLERIA MUMBAI 22,Dabur,MBO,Mumbai,Maharashtra,West,SKU40318,Midnight Eyeliner Hazelnut 2.5Ml,Renee,Makeup,Eyeliner,Others,Active,650,7,6,,2,1489,BGR West,2,1,,50,2,72.5,,
2025-06,OL1066,DAB-GALLERIA MUMBAI 22,Dabur,MBO,Mumbai,Maharashtra,West,SKU40588,Bb Cream Coral 30Ml,Renee,Makeup,Foundation,Top 10,Active,349,24,29,,8,3199,BGR West,15,13,,50,2,72.5,,
2025-06,OL1066,DAB-GALLERIA MUMBAI 22,Dabur,MBO,Mumbai,Maharashtra,West,SKU40722,Compact Powder Berry 9Gm,Renee,Makeup,Foundation,Top 10,Active,799,6,9,,2,1831,BGR West,5,5,,50,2,72.5,,
2025-06,OL1066,DAB-GALLERIA MUMBAI 22,Dabur,MBO,Mumbai,Maharashtra,West,SKU40836,Blending Brush R4,Renee,Makeup,Brushes,Top 10,Active,1199,2,4,,2,2747,BGR West,5,4,,50,2,72.5,,
2025-06,OL1066,DAB-GALLERIA MUMBAI 22,Dabur,MBO,Mumbai,Maharashtra,West,SKU40850,Powder Brush R8,Renee,Makeup,Brushes,Top 25,Active,650,4,5,,2,1489,BGR West,3,3,,50,2,72.5,,
2025-06,OL1066,DAB-GALLERIA MUMBAI 22,Dabur,MBO,Mumbai,Maharashtra,West,SKU40979,Sunscreen Gel Spf 50 50Ml,Renee,Skincare,Sunscreen,Top 25,Active,799,8,21,,4,3662,BGR West,5,4,,45,2,72.5,,
2025-06,OL1066,DAB-GALLERIA MUMBAI 22,Dabur,MBO,Mumbai,Maharashtra,West,SKU41024,Vitamin C Serum 30Ml,Renee,Skincare,Serum,Others,Active,449,6,5,,2,1029,BGR West,1,1,,45,2,72.5,,
2025-06,OL1066,DAB-GALLERIA MUMBAI 22,Dabur,MBO,Mumbai,Maharashtra,West,SKU41032,Face Wash Hazelnut 60Ml,Renee,Skincare,Cleanser,Others,Active,499,10,10,,1,572,BGR West,1,1,,45,2,72.5,,
2025-06,OL1066,DAB-GALLERIA MUMBAI 22,Dabur,MBO,Mumbai,Maharashtra,West,SKU41295,Perfume Rose 50Ml,Renee,Fragrance,EDP,Top 25,Active,599,6,10,,2,1373,BGR West,6,6,,55,2,72.5,,
2025-06,OL1066,DAB-GALLERIA MUMBAI 22,Dabur,MBO,Mumbai,Maharashtra,West,SKU41647,Hair Oil Hazelnut 100Ml,Renee,Haircare,Hair Oil,Others,Active,799,2,0,,1,915,BGR West,2,2,,35,2,72.5,,
2025-06,OL1067,LS-NEXUS JAIPUR 1,Lifestyle,Department Store,Jaipur,Rajasthan,North,SKU40318,Midnight Eyeliner Hazelnut 2.5Ml,Renee,Makeup,Eyeliner,Others,Active,650,7,8,,1,659,BGR North,2,2,,50,4,82.2,,
2025-06,OL1067,LS-NEXUS JAIPUR 1,Lifestyle,Department Store,Jaipur,Rajasthan,North,SKU40544,Bb Cream Peach 30Ml,Renee,Makeup,Foundation,Top 10,Active,599,0,2,,0,0,BGR North,2,2,,50,4,82.2,,
2025-06,OL1067,LS-NEXUS JAIPUR 1,Lifestyle,Department Store,Jaipur,Rajasthan,North,SKU40588,Bb Cream Coral 30Ml,Renee,Makeup,Foundation,Top 10,Active,349,1,3,,1,354,BGR North,4,3,,50,4,82.2,,
2025-06,OL1067,LS-NEXUS JAIPUR 1,Lifestyle,Department Store,Jaipur,Rajasthan,North,SKU40662,Compact Powder Nude 9Gm,Renee,Makeup,Foundation,Top 25,Active,1199,3,5,,3,3649,BGR North,5,5,,50,4,82.2,,
2025-06,OL1067,LS-NEXUS JAIPUR 1,Lifestyle,Department Store,Jaipur,Rajasthan,North,SKU40722,Compact Powder Berry 9Gm,Renee,Makeup,Foundation,Top 10,Active,799,15,0,,4,3242,BGR North,8,7,,50,4,82.2,,
2025-06,OL1067,LS-NEXUS JAIPUR 1,Lifestyle,Department Store,Jaipur,Rajasthan,North,SKU40763,Blending Brush R6,Renee,Makeup,Brushes,Others,Active,349,11,13,,1,354,BGR North,4,3,,50,4,82.2,,
2025-06,OL1067,LS-NEXUS JAIPUR 1,Lifestyle,Department Store,Jaipur,Rajasthan,North,SKU40928,Powder Brush R4,Renee,Makeup,Brushes,Top 25,Active,650,3,4,,3,1978,BGR North,6,4,,50,4,82.2,,
2025-06,OL1067,LS-NEXUS JAIPUR 1,Lifestyle,Department Store,Jaipur,Rajasthan,North,SKU40951,Sunscreen Gel Spf 50 70Ml,Renee,Skincare,Sunscreen,Top 25,Active,999,12,14,,3,3041,BGR North,6,5,,45,4,82.2,,
2025-06,OL1067,LS-NEXUS JAIPUR 1,Lifestyle,Department Store,Jaipur,Rajasthan,North,SKU40972,Sunscreen Gel Spf 50 70Ml,Renee,Skincare,Sunscreen,Top 25,Active,599,4,5,,3,1823,BGR North,5,4,,45,4,82.2,,
2025-06,OL1067,LS-NEXUS JAIPUR 1,Lifestyle,Department Store,Jaipur,Rajasthan,North,SKU40979,Sunscreen Gel Spf 50 50Ml,Renee,Skincare,Sunscreen,Top 25,Active,799,11,13,,2,1621,BGR North,6,4,,45,4,82.2,,
2025-06,OL1067,LS-NEXUS JAIPUR 1,Lifestyle,Department Store,Jaipur,Rajasthan,North,SKU41032,Face Wash Hazelnut 60Ml,Renee,Skincare,Cleanser,Others,Active,499,1,1,,1,506,BGR North,1,1,,45,4,82.2,,
2025-06,OL1067,LS-NEXUS JAIPUR 1,Lifestyle,Department Store,Jaipur,Rajasthan,North,SKU41295,Perfume Rose 50Ml,Renee,Fragrance,EDP,Top 25,Active,599,13,13,,4,2431,BGR North,6,4,,55,4,82.2,,
2025-06,OL1067,LS-NEXUS JAIPUR 1,Lifestyle,Department Store,Jaipur,Rajasthan,North,SKU41476,Body Mist Mocha 100Ml,Renee,Fragrance,Body Mist,Top 10,Active,799,3,4,,6,4864,BGR North,11,7,,55,4,82.2,,
2025-06,OL1067,LS-NEXUS JAIPUR 1,Lifestyle,Department Store,Jaipur,Rajasthan,North,SKU41536,Body Mist Nude 100Ml,Renee,Fragrance,Body Mist,Top 25,Active,349,19,23,,2,708,BGR North,6,6,,55,4,82.2,,
2025-06,OL1067,LS-NEXUS JAIPUR 1,Lifestyle,Department Store,Jaipur,Rajasthan,North,SKU41608,Hair Oil Berry 100Ml,Renee,Haircare,Hair Oil,Others,Active,449,3,5,,3,1367,BGR North,5,5,,35,4,82.2,,
2025-06,OL1068,LS-CITY CENTRE BANGALORE 2,Lifestyle,Department Store,Bangalore,Karnataka,South,SKU40318,Midnight Eyeliner Hazelnut 2.5Ml,Renee,Makeup,Eyeliner,Others,Active,650,6,8,,1,616,BGR South,4,3,,50,2,67.2,,
2025-06,OL1068,LS-CITY CENTRE BANGALORE 2,Lifestyle,Department Store,Bangalore,Karnataka,South,SKU40381,Midnight Eyeliner Ocean 2.5Ml,Renee,Makeup,Eyeliner,Top 25,Active,699,2,0,,2,1326,BGR South,3,2,,50,2,67.2,,
2025-06,OL1068,LS-CITY CENTRE BANGALORE 2,Lifestyle,Department Store,Bangalore,Karnataka,South,SKU40425,Kajal Vanilla 0.35Gm,Renee,Makeup,Eyeliner,Top 25,Active,299,9,8,,6,1701,BGR South,7,5,,50,2,67.2,,
2025-06,OL1068,LS-CITY CENTRE BANGALORE 2,Lifestyle,Department Store,Bangalore,Karnataka,South,SKU40662,Compact Powder Nude 9Gm,Renee,Makeup,Foundation,Top 25,Active,1199,3,3,,3,3411,BGR South,3,3,,50,2,67.2,,
2025-06,OL1068,LS-CITY CENTRE BANGALORE 2,Lifestyle,Department Store,Bangalore,Karnataka,South,SKU40722,Compact Powder Berry 9Gm,Renee,Makeup,Foundation,Top 10,Active,799,2,1,,4,3030,BGR South,4,3,,50,2,67.2,,
2025-06,OL1068,LS-CITY CENTRE BANGALORE 2,Lifestyle,Department Store,Bangalore,Karnataka,South,SKU40850,Powder Brush R8,Renee,Makeup,Brushes,Top 25,Active,650,3,5,,2,1233,BGR South,4,4,,50,2,67.2,,
2025-06,OL1068,LS-CITY CENTRE BANGALORE 2,Lifestyle,Department Store,Bangalore,Karnataka,South,SKU40928,Powder Brush R4,Renee,Makeup,Brushes,Top 25,Active,650,5,0,,2,1233,BGR South,4,3,,50,2,67.2,,
2025-06,OL1068,LS-CITY CENTRE BANGALORE 2,Lifestyle,Department Store,Bangalore,Karnataka,South,SKU40979,Sunscreen Gel Spf 50 50Ml,Renee,Skincare,Sunscreen,Top 25,Active,799,12,14,,0,0,BGR South,3,2,,45,2,67.2,,
2025-06,OL1068,LS-CITY CENTRE BANGALORE 2,Lifestyle,Department Store,Bangalore,Karnataka,South,SKU41032,Face Wash Hazelnut 60Ml,Renee,Skincare,Cleanser,Others,Active,499,5,5,,4,1893,BGR South,6,4,,45,2,67.2,,
2025-06,OL1068,LS-CITY CENTRE BANGALORE 2,Lifestyle,Department Store,Bangalore,Karnataka,South,SKU41048,Face Wash Ocean 20Ml,Renee,Skincare,Cleanser,Others,Active,349,8,6,,4,1324,BGR South,4,2,,45,2,67.2,,
2025-06,OL1068,LS-CITY CENTRE BANGALORE 2,Lifestyle,Department Store,Bangalore,Karnataka,South,SKU41215,Perfume Midnight 50Ml,Renee,Fragrance,EDP,Others,Active,399,3,4,,3,1135,BGR South,5,4,,55,2,67.2,,
2025-06,OL1068,LS-CITY CENTRE BANGALORE 2,Lifestyle,Department Store,Bangalore,Karnataka,South,SKU41420,Body Mist Coral 100Ml,Renee,Fragrance,Body Mist,Top 25,Active,399,3,0,,3,1135,BGR South,5,5,,55,2,67.2,,
2025-06,OL1068,LS-CITY CENTRE BANGALORE 2,Lifestyle,Department Store,Bangalore,Karnataka,South,SKU41536,Body Mist Nude 100Ml,Renee,Fragrance,Body Mist,Top 25,Active,349,18,22,,4,1324,BGR South,8,8,,55,2,67.2,,
2025-06,OL1069,LS-FORUM KOLKATA 3,Lifestyle,Department Store,Kolkata,West Bengal,East,SKU40078,Matte Lip Color Rose 4.2Ml,Renee,Makeup,Lipstick,Top 25,Active,650,2,4,,4,2557,BGR East,6,6,,50,3,59.5,,
2025-06,OL1069,LS-FORUM KOLKATA 3,Lifestyle,Department Store,Kolkata,West Bengal,East,SKU40127,Matte Lip Color Coral 4.2Ml,Renee,Makeup,Lipstick,Top 25,Active,499,4,3,,4,1963,BGR East,4,3,,50,3,59.5,,
2025-06,OL1069,LS-FORUM KOLKATA 3,Lifestyle,Department Store,Kolkata,West Bengal,East,SKU40281,Midnight Eyeliner Berry 2.5Ml,Renee,Makeup,Eyeliner,Others,Active,299,8,12,,4,1176,BGR East,8,8,,50,3,59.5,,
2025-06,OL1069,LS-FORUM KOLKATA 3,Lifestyle,Department Store,Kolkata,West Bengal,East,SKU40318,Midnight Eyeliner Hazelnut 2.5Ml,Renee,Makeup,Eyeliner,Others,Active,650,0,2,,1,639,BGR East,3,3,,50,3,59.5,,
2025-06,OL1069,LS-FORUM KOLKATA 3,Lifestyle,Department Store,Kolkata,West Bengal,East,SKU40381,Midnight Eyeliner Ocean 2.5Ml,Renee,Makeup,Eyeliner,Top 25,Active,699,0,0,,0,0,BGR East,1,0,,50,3,59.5,,
2025-06,OL1069,LS-FORUM KOLKATA 3,Lifestyle,Department Store,Kolkata,West Bengal,East,SKU40425,Kajal Vanilla 0.35Gm,Renee,Makeup,Eyeliner,Top 25,Active,299,15,16,,3,882,BGR East,7,4,,50,3,59.5,,
2025-06,OL1069,LS-FORUM KOLKATA 3,Lifestyle,Department Store,Kolkata,West Bengal,East,SKU40490,Kajal Midnight 0.35Gm,Renee,Makeup,Eyeliner,Top 10,Active,599,5,7,,3,1767,BGR East,5,5,,50,3,59.5,,
2025-06,OL1069,LS-FORUM KOLKATA 3,Lifestyle,Department Store,Kolkata,West Bengal,East,SKU40544,Bb Cream Peach 30Ml,Renee,Makeup,Foundation,Top 10,Active,599,6,8,,1,589,BGR East,4,3,,50,3,59.5,,
2025-06,OL1069,LS-FORUM KOLKATA 3,Lifestyle,Department Store,Kolkata,West Bengal,East,SKU40595,Compact Powder Mocha 9Gm,Renee,Makeup,Foundation,Top 10,Active,449,23,0,,8,3533,BGR East,16,15,,50,3,59.5,,
2025-06,OL1069,LS-FORUM KOLKATA 3,Lifestyle,Department Store,Kolkata,West Bengal,East,SKU40662,Compact Powder Nude 9Gm,Renee,Makeup,Foundation,Top 25,Active,1199,0,0,,1,1179,BGR East,1,1,,50,3,59.5,,
2025-06,OL1069,LS-FORUM KOLKATA 3,Lifestyle,Department Store,Kolkata,West Bengal,East,SKU40722,Compact Powder Berry 9Gm,Renee,Makeup,Foundation,Top 10,Active,799,6,17,,3,2357,BGR East,5,5,,50,3,59.5,,
2025-06,OL1069,LS-FORUM KOLKATA 3,Lifestyle,Department Store,Kolkata,West Bengal,East,SKU40763,Blending Brush R6,Renee,Makeup,Brushes,Others,Active,349,0,0,,4,1373,BGR East,6,4,,50,3,59.5,,
2025-06,OL1069,LS-FORUM KOLKATA 3,Lifestyle,Department Store,Kolkata,West Bengal,East,SKU40836,Blending Brush R4,Renee,Makeup,Brushes,Top 10,Active,1199,15,15,,5,5896,BGR East,7,5,,50,3,59.5,,
2025-06,OL1069,LS-FORUM KOLKATA 3,Lifestyle,Department Store,Kolkata,West Bengal,East,SKU40928,Powder Brush R4,Renee,Makeup,Brushes,Top 25,Active,650,6,6,,2,1279,BGR East,4,2,,50,3,59.5,,
2025-06,OL1069,LS-FORUM KOLKATA 3,Lifestyle,Department Store,Kolkata,West Bengal,East,SKU40951,Sunscreen Gel Spf 50 70Ml,Renee,Skincare,Sunscreen,Top 25,Active,999,5,4,,3,2947,BGR East,3,2,,45,3,59.5,,
2025-06,OL1069,LS-FORUM KOLKATA 3,Lifestyle,Department Store,Kolkata,West Bengal,East,SKU40972,Sunscreen Gel Spf 50 70Ml,Renee,Skincare,Sunscreen,Top 25,Active,599,6,7,,2,1178,BGR East,3,3,,45,3,59.5,,
2025-06,OL1069,LS-FORUM KOLKATA 3,Lifestyle,Department Store,Kolkata,West Bengal,East,SKU40979,Sunscreen Gel Spf 50 50Ml,Renee,Skincare,Sunscreen,Top 25,Active,799,6,7,,3,2357,BGR East,6,4,,45,3,59.5,,
2025-06,OL1069,LS-FORUM KOLKATA 3,Lifestyle,Department Store,Kolkata,West Bengal,East,SKU41295,Perfume Rose 50Ml,Renee,Fragrance,EDP,Top 25,Active,599,8,12,,4,2356,BGR East,8,8,,55,3,59.5,,
2025-06,OL1070,LS-INORBIT AHMEDABAD 4,Lifestyle,Department Store,Ahmedabad,Gujarat,West,SKU40108,Matte Lip Color Peach 4.2Ml,Renee,Makeup,Lipstick,Top 10,Active,650,4,2,,4,2607,BGR West,4,2,,50,3,48.9,,
2025-06,OL1070,LS-INORBIT AHMEDABAD 4,Lifestyle,Department Store,Ahmedabad,Gujarat,West,SKU40266,Liquid Lipstick Nude 5Ml,Renee,Makeup,Lipstick,Top 10,Active,799,25,27,,3,2404,BGR West,5,5,,50,3,48.9,,
2025-06,OL1070,LS-INORBIT AHMEDABAD 4,Lifestyle,Department Store,Ahmedabad,Gujarat,West,SKU40281,Midnight Eyeliner Berry 2.5Ml,Renee,Makeup,Eyeliner,Others,Active,299,14,16,,3,900,BGR West,5,5,,50,3,48.9,,
2025-06,OL1070,LS-INORBIT AHMEDABAD 4,Lifestyle,Department Store,Ahmedabad,Gujarat,West,SKU40490,Kajal Midnight 0.35Gm,Renee,Makeup,Eyeliner,Top 10,Active,599,12,28,,4,2403,BGR West,5,5,,50,3,48.9,,
2025-06,OL1070,LS-INORBIT AHMEDABAD 4,Lifestyle,Department Store,Ahmedabad,Gujarat,West,SKU40544,Bb Cream Peach 30Ml,Renee,Makeup,Foundation,Top 10,Active,599,29,32,,3,1802,BGR West,7,6,,50,3,48.9,,
2025-06,OL1070,LS-INORBIT AHMEDABAD 4,Lifestyle,Department Store,Ahmedabad,Gujarat,West,SKU40588,Bb Cream Coral 30Ml,Renee,Makeup,Foundation,Top 10,Active,349,0,2,,6,2100,BGR West,10,8,,50,3,48.9,,
2025-06,OL1070,LS-INORBIT AHMEDABAD 4,Lifestyle,Department Store,Ahmedabad,Gujarat,West,SKU40722,Compact Powder Berry 9Gm,Renee,Makeup,Foundation,Top 10,Active,799,4,3,,2,1603,BGR West,2,1,,50,3,48.9,,
2025-06,OL1070,LS-INORBIT AHMEDABAD 4,Lifestyle,Department Store,Ahmedabad,Gujarat,West,SKU40763,Blending Brush R6,Renee,Makeup,Brushes,Others,Active,349,12,14,,4,1400,BGR West,8,6,,50,3,48.9,,
2025-06,OL1070,LS-INORBIT AHMEDABAD 4,Lifestyle,Department Store,Ahmedabad,Gujarat,West,SKU40836,Blending Brush R4,Renee,Makeup,Brushes,Top 10,Active,1199,9,10,,8,9619,BGR West,10,9,,50,3,48.9,,
2025-06,OL1070,LS-INORBIT AHMEDABAD 4,Lifestyle,Department Store,Ahmedabad,Gujarat,West,SKU41032,Face Wash Hazelnut 60Ml,Renee,Skincare,Cleanser,Others,Active,499,4,9,,4,2002,BGR West,9,9,,45,3,48.9,,
2025-06,OL1070,LS-INORBIT AHMEDABAD 4,Lifestyle,Department Store,Ahmedabad,Gujarat,West,SKU41048,Face Wash Ocean 20Ml,Renee,Skincare,Cleanser,Others,Active,349,12,13,,4,1400,BGR West,6,5,,45,3,48.9,,
2025-06,OL1070,LS-INORBIT AHMEDABAD 4,Lifestyle,Department Store,Ahmedabad,Gujarat,West,SKU41295,Perfume Rose 50Ml,Renee,Fragrance,EDP,Top 25,Active,599,12,13,,6,3604,BGR West,7,7,,55,3,48.9,,
2025-06,OL1070,LS-INORBIT AHMEDABAD 4,Lifestyle,Department Store,Ahmedabad,Gujarat,West,SKU41420,Body Mist Coral 100Ml,Renee,Fragrance,Body Mist,Top 25,Active,399,28,0,,3,1200,BGR West,6,4,,55,3,48.9,,
2025-06,OL1071,LS-NEXUS KOCHI 5,Lifestyle,Department Store,Kochi,Kerala,South,SKU40108,Matte Lip Color Peach 4.2Ml,Renee,Makeup,Lipstick,Top 10,Active,650,0,1,,4,2793,BGR South,6,5,,50,1,60.5,,
2025-06,OL1071,LS-NEXUS KOCHI 5,Lifestyle,Department Store,Kochi,Kerala,South,SKU40281,Midnight Eyeliner Berry 2.5Ml,Renee,Makeup,Eyeliner,Others,Active,299,5,4,,3,963,BGR South,3,2,,50,1,60.5,,
2025-06,OL1071,LS-NEXUS KOCHI 5,Lifestyle,Department Store,Kochi,Kerala,South,SKU40544,Bb Cream Peach 30Ml,Renee,Makeup,Foundation,Top 10,Active,599,13,15,,4,2574,BGR South,6,6,,50,1,60.5,,
2025-06,OL1071,LS-NEXUS KOCHI 5,Lifestyle,Department Store,Kochi,Kerala,South,SKU40662,Compact Powder Nude 9Gm,Renee,Makeup,Foundation,Top 25,Active,1199,14,18,,3,3864,BGR South,7,7,,50,1,60.5,,
2025-06,OL1071,LS-NEXUS KOCHI 5,Lifestyle,Department Store,Kochi,Kerala,South,SKU40722,Compact Powder Berry 9Gm,Renee,Makeup,Foundation,Top 10,Active,799,7,7,,4,3433,BGR South,6,4,,50,1,60.5,,
2025-06,OL1071,LS-NEXUS KOCHI 5,Lifestyle,Department Store,Kochi,Kerala,South,SKU40763,Blending Brush R6,Renee,Makeup,Brushes,Others,Active,349,4,3,,3,1125,BGR South,4,2,,50,1,60.5,,
2025-06,OL1071,LS-NEXUS KOCHI 5,Lifestyle,Department Store,Kochi,Kerala,South,SKU40850,Powder Brush R8,Renee,Makeup,Brushes,Top 25,Active,650,9,9,,2,1396,BGR South,3,2,,50,1,60.5,,
2025-06,OL1071,LS-NEXUS KOCHI 5,Lifestyle,Department Store,Kochi,Kerala,South,SKU40979,Sunscreen Gel Spf 50 50Ml,Renee,Skincare,Sunscreen,Top 25,Active,799,8,0,,4,3433,BGR South,10,9,,45,1,60.5,,
2025-06,OL1071,LS-NEXUS KOCHI 5,Lifestyle,Department Store,Kochi,Kerala,South,SKU41032,Face Wash Hazelnut 60Ml,Renee,Skincare,Cleanser,Others,Active,499,6,19,,3,1608,BGR South,5,4,,45,1,60.5,,
2025-06,OL1071,LS-NEXUS KOCHI 5,Lifestyle,Department Store,Kochi,Kerala,South,SKU41048,Face Wash Ocean 20Ml,Renee,Skincare,Cleanser,Others,Active,349,2,2,,2,750,BGR South,3,2,,45,1,60.5,,
2025-06,OL1071,LS-NEXUS KOCHI 5,Lifestyle,Department Store,Kochi,Kerala,South,SKU41215,Perfume Midnight 50Ml,Renee,Fragrance,EDP,Others,Active,399,2,4,,3,1286,BGR South,8,5,,55,1,60.5,,
2025-06,OL1071,LS-NEXUS KOCHI 5,Lifestyle,Department Store,Kochi,Kerala,South,SKU41476,Body Mist Mocha 100Ml,Renee,Fragrance,Body Mist,Top 10,Active,799,6,8,,3,2575,BGR South,5,5,,55,1,60.5,,
2025-06,OL1071,LS-NEXUS KOCHI 5,Lifestyle,Department Store,Kochi,Kerala,South,SKU41647,Hair Oil Hazelnut 100Ml,Renee,Haircare,Hair Oil,Others,Active,799,2,4,,2,1716,BGR South,6,4,,35,1,60.5,,
2025-06,OL1072,LS-EXPRESS BANGALORE 6,Lifestyle,Department Store,Bangalore,Karnataka,South,SKU40108,Matte Lip Color Peach 4.2Ml,Renee,Makeup,Lipstick,Top 10,Active,650,20,20,,4,3047,BGR South,5,4,,50,3,59.1,,
2025-06,OL1072,LS-EXPRESS BANGALORE 6,Lifestyle,Department Store,Bangalore,Karnataka,South,SKU40281,Midnight Eyeliner Berry 2.5Ml,Renee,Makeup,Eyeliner,Others,Active,299,2,1,,3,1051,BGR South,2,2,,50,3,59.1,,
2025-06,OL1072,LS-EXPRESS BANGALORE 6,Lifestyle,Department Store,Bangalore,Karnataka,South,SKU40381,Midnight Eyeliner Ocean 2.5Ml,Renee,Makeup,Eyeliner,Top 25,Active,699,2,6,,4,3276,BGR South,8,8,,50,3,59.1,,
2025-06,OL1072,LS-EXPRESS BANGALORE 6,Lifestyle,Department Store,Bangalore,Karnataka,South,SKU40425,Kajal Vanilla 0.35Gm,Renee,Makeup,Eyeliner,Top 25,Active,299,16,20,,4,1401,BGR South,8,8,,50,3,59.1,,
2025-06,OL1072,LS-EXPRESS BANGALORE 6,Lifestyle,Department Store,Bangalore,Karnataka,South,SKU40588,Bb Cream Coral 30Ml,Renee,Makeup,Foundation,Top 10,Active,349,18,19,,6,2454,BGR South,9,7,,50,3,59.1,,
2025-06,OL1072,LS-EXPRESS BANGALORE 6,Lifestyle,Department Store,Bangalore,Karnataka,South,SKU40850,Powder Brush R8,Renee,Makeup,Brushes,Top 25,Active,650,4,7,,4,3047,BGR South,8,7,,50,3,59.1,,
2025-06,OL1072,LS-EXPRESS BANGALORE 6,Lifestyle,Department Store,Bangalore,Karnataka,South,SKU40951,Sunscreen Gel Spf 50 70Ml,Renee,Skincare,Sunscreen,Top 25,Active,999,8,7,,4,4683,BGR South,5,3,,45,3,59.1,,
2025-06,OL1072,LS-EXPRESS BANGALORE 6,Lifestyle,Department Store,Bangalore,Karnataka,South,SKU40972,Sunscreen Gel Spf 50 70Ml,Renee,Skincare,Sunscreen,Top 25,Active,599,0,1,,4,2808,BGR South,6,5,,45,3,59.1,,
2025-06,OL1072,LS-EXPRESS BANGALORE 6,Lifestyle,Department Store,Bangalore,Karnataka,South,SKU40979,Sunscreen Gel Spf 50 50Ml,Renee,Skincare,Sunscreen,Top 25,Active,799,6,7,,2,1873,BGR South,4,3,,45,3,59.1,,
2025-06,OL1072,LS-EXPRESS BANGALORE 6,Lifestyle,Department Store,Bangalore,Karnataka,South,SKU41032,Face Wash Hazelnut 60Ml,Renee,Skincare,Cleanser,Others,Active,499,7,8,,3,1754,BGR South,5,4,,45,3,59.1,,
2025-06,OL1072,LS-EXPRESS BANGALORE 6,Lifestyle,Department Store,Bangalore,Karnataka,South,SKU41129,Face Wash Vanilla 40Ml,Renee,Skincare,Cleanser,Others,Active,299,6,6,,3,1051,BGR South,4,3,,45,3,59.1,,
2025-06,OL1072,LS-EXPRESS BANGALORE 6,Lifestyle,Department Store,Bangalore,Karnataka,South,SKU41295,Perfume Rose 50Ml,Renee,Fragrance,EDP,Top 25,Active,599,16,18,,2,1404,BGR South,4,4,,55,3,59.1,,
2025-06,OL1072,LS-EXPRESS BANGALORE 6,Lifestyle,Department Store,Bangalore,Karnataka,South,SKU41420,Body Mist Coral 100Ml,Renee,Fragrance,Body Mist,Top 25,Active,399,9,11,,3,1403,BGR South,6,5,,55,3,59.1,,
2025-06,OL1072,LS-EXPRESS BANGALORE 6,Lifestyle,Department Store,Bangalore,Karnataka,South,SKU41536,Body Mist Nude 100Ml,Renee,Fragrance,Body Mist,Top 25,Active,349,12,14,,4,1636,BGR South,7,6,,55,3,59.1,,
2025-06,OL1072,LS-EXPRESS BANGALORE 6,Lifestyle,Department Store,Bangalore,Karnataka,South,SKU41608,Hair Oil Berry 100Ml,Renee,Haircare,Hair Oil,Others,Active,449,5,7,,2,1052,BGR South,5,4,,35,3,59.1,,
2025-06,OL1073,LS-INORBIT JAIPUR 7,Lifestyle,Department Store,Jaipur,Rajasthan,North,SKU40108,Matte Lip Color Peach 4.2Ml,Renee,Makeup,Lipstick,Top 10,Active,650,8,8,,4,2714,BGR North,7,4,,50,4,73.5,,
2025-06,OL1073,LS-INORBIT JAIPUR 7,Lifestyle,Department Store,Jaipur,Rajasthan,North,SKU40127,Matte Lip Color Coral 4.2Ml,Renee,Makeup,Lipstick,Top 25,Active,499,5,5,,1,521,BGR North,2,1,,50,4,73.5,,
2025-06,OL1073,LS-INORBIT JAIPUR 7,Lifestyle,Department Store,Jaipur,Rajasthan,North,SKU40266,Liquid Lipstick Nude 5Ml,Renee,Makeup,Lipstick,Top 10,Active,799,21,23,,8,6673,BGR North,13,10,,50,4,73.5,,
2025-06,OL1073,LS-INORBIT JAIPUR 7,Lifestyle,Department Store,Jaipur,Rajasthan,North,SKU40318,Midnight Eyeliner Hazelnut 2.5Ml,Renee,Makeup,Eyeliner,Others,Active,650,8,11,,4,2714,BGR North,7,7,,50,4,73.5,,
2025-06,OL1073,LS-INORBIT JAIPUR 7,Lifestyle,Department Store,Jaipur,Rajasthan,North,SKU40425,Kajal Vanilla 0.35Gm,Renee,Makeup,Eyeliner,Top 25,Active,299,27,28,,4,1249,BGR North,5,5,,50,4,73.5,,
2025-06,OL1073,LS-INORBIT JAIPUR 7,Lifestyle,Department Store,Jaipur,Rajasthan,North,SKU40544,Bb Cream Peach 30Ml,Renee,Makeup,Foundation,Top 10,Active,599,4,6,,3,1876,BGR North,5,5,,50,4,73.5,,
2025-06,OL1073,LS-INORBIT JAIPUR 7,Lifestyle,Department Store,Jaipur,Rajasthan,North,SKU40662,Compact Powder Nude 9Gm,Renee,Makeup,Foundation,Top 25,Active,1199,1,0,,3,3755,BGR North,5,5,,50,4,73.5,,
2025-06,OL1073,LS-INORBIT JAIPUR 7,Lifestyle,Department Store,Jaipur,Rajasthan,North,SKU40722,Compact Powder Berry 9Gm,Renee,Makeup,Foundation,Top 10,Active,799,14,14,,3,2502,BGR North,4,3,,50,4,73.5,,
2025-06,OL1073,LS-INORBIT JAIPUR 7,Lifestyle,Department Store,Jaipur,Rajasthan,North,SKU40850,Powder Brush R8,Renee,Makeup,Brushes,Top 25,Active,650,5,7,,4,2714,BGR North,7,6,,50,4,73.5,,
2025-06,OL1073,LS-INORBIT JAIPUR 7,Lifestyle,Department Store,Jaipur,Rajasthan,North,SKU40951,Sunscreen Gel Spf 50 70Ml,Renee,Skincare,Sunscreen,Top 25,Active,999,4,5,,3,3129,BGR North,6,4,,45,4,73.5,,
2025-06,OL1073,LS-INORBIT JAIPUR 7,Lifestyle,Department Store,Jaipur,Rajasthan,North,SKU40972,Sunscreen Gel Spf 50 70Ml,Renee,Skincare,Sunscreen,Top 25,Active,599,9,8,,4,2501,BGR North,4,3,,45,4,73.5,,
2025-06,OL1073,LS-INORBIT JAIPUR 7,Lifestyle,Department Store,Jaipur,Rajasthan,North,SKU41024,Vitamin C Serum 30Ml,Renee,Skincare,Serum,Others,Active,449,6,9,,2,938,BGR North,5,5,,45,4,73.5,,
2025-06,OL1073,LS-INORBIT JAIPUR 7,Lifestyle,Department Store,Jaipur,Rajasthan,North,SKU41032,Face Wash Hazelnut 60Ml,Renee,Skincare,Cleanser,Others,Active,499,12,11,,4,2084,BGR North,4,3,,45,4,73.5,,
2025-06,OL1073,LS-INORBIT JAIPUR 7,Lifestyle,Department Store,Jaipur,Rajasthan,North,SKU41215,Perfume Midnight 50Ml,Renee,Fragrance,EDP,Others,Active,399,9,9,,1,417,BGR North,1,1,,55,4,73.5,,
2025-06,OL1073,LS-INORBIT JAIPUR 7,Lifestyle,Department Store,Jaipur,Rajasthan,North,SKU41295,Perfume Rose 50Ml,Renee,Fragrance,EDP,Top 25,Active,599,1,1,,3,1876,BGR North,4,3,,55,4,73.5,,
2025-06,OL1073,LS-INORBIT JAIPUR 7,Lifestyle,Department Store,Jaipur,Rajasthan,North,SKU41420,Body Mist Coral 100Ml,Renee,Fragrance,Body Mist,Top 25,Active,399,4,6,,4,1666,BGR North,7,6,,55,4,73.5,,
2025-06,OL1073,LS-INORBIT JAIPUR 7,Lifestyle,Department Store,Jaipur,Rajasthan,North,SKU41476,Body Mist Mocha 100Ml,Renee,Fragrance,Body Mist,Top 10,Active,799,7,6,,6,5005,BGR North,7,5,,55,4,73.5,,
2025-06,OL1074,LS-GALLERIA NOIDA 8,Lifestyle,Department Store,Noida,Uttar Pradesh,North,SKU40078,Matte Lip Color Rose 4.2Ml,Renee,Makeup,Lipstick,Top 25,Active,650,0,0,,0,0,BGR North,0,0,,50,3,56.1,,
2025-06,OL1074,LS-GALLERIA NOIDA 8,Lifestyle,Department Store,Noida,Uttar Pradesh,North,SKU40266,Liquid Lipstick Nude 5Ml,Renee,Makeup,Lipstick,Top 10,Active,799,9,8,,9,7908,BGR North,8,8,,50,3,56.1,,
2025-06,OL1074,LS-GALLERIA NOIDA 8,Lifestyle,Department Store,Noida,Uttar Pradesh,North,SKU40281,Midnight Eyeliner Berry 2.5Ml,Renee,Makeup,Eyeliner,Others,Active,299,13,15,,3,986,BGR North,5,5,,50,3,56.1,,
2025-06,OL1074,LS-GALLERIA NOIDA 8,Lifestyle,Department Store,Noida,Uttar Pradesh,North,SKU40318,Midnight Eyeliner Hazelnut 2.5Ml,Renee,Makeup,Eyeliner,Others,Active,650,6,9,,3,2144,BGR North,6,6,,50,3,56.1,,
2025-06,OL1074,LS-GALLERIA NOIDA 8,Lifestyle,Department Store,Noida,Uttar Pradesh,North,SKU40381,Midnight Eyeliner Ocean 2.5Ml,Renee,Makeup,Eyeliner,Top 25,Active,699,15,17,,4,3075,BGR North,8,6,,50,3,56.1,,
2025-06,OL1074,LS-GALLERIA NOIDA 8,Lifestyle,Department Store,Noida,Uttar Pradesh,North,SKU40425,Kajal Vanilla 0.35Gm,Renee,Makeup,Eyeliner,Top 25,Active,299,25,26,,8,2630,BGR North,10,9,,50,3,56.1,,
2025-06,OL1074,LS-GALLERIA NOIDA 8,Lifestyle,Department Store,Noida,Uttar Pradesh,North,SKU40490,Kajal Midnight 0.35Gm,Renee,Makeup,Eyeliner,Top 10,Active,599,0,4,,9,5928,BGR North,17,13,,50,3,56.1,,
2025-06,OL1074,LS-GALLERIA NOIDA 8,Lifestyle,Department Store,Noida,Uttar Pradesh,North,SKU40588,Bb Cream Coral 30Ml,Renee,Makeup,Foundation,Top 10,Active,349,89,95,,8,3070,BGR North,15,14,,50,3,56.1,,
2025-06,OL1074,LS-GALLERIA NOIDA 8,Lifestyle,Department Store,Noida,Uttar Pradesh,North,SKU40595,Compact Powder Mocha 9Gm,Renee,Makeup,Foundation,Top 10,Active,449,6,13,,6,2963,BGR North,13,13,,50,3,56.1,,
2025-06,OL1074,LS-GALLERIA NOIDA 8,Lifestyle,Department Store,Noida,Uttar Pradesh,North,SKU40722,Compact Powder Berry 9Gm,Renee,Makeup,Foundation,Top 10,Active,799,16,19,,5,4393,BGR North,10,8,,50,3,56.1,,
2025-06,OL1074,LS-GALLERIA NOIDA 8,Lifestyle,Department Store,Noida,Uttar Pradesh,North,SKU40763,Blending Brush R6,Renee,Makeup,Brushes,Others,Active,349,6,7,,2,768,BGR North,5,3,,50,3,56.1,,
2025-06,OL1074,LS-GALLERIA NOIDA 8,Lifestyle,Department Store,Noida,Uttar Pradesh,North,SKU40850,Powder Brush R8,Renee,Makeup,Brushes,Top 25,Active,650,1,4,,3,2144,BGR North,6,6,,50,3,56.1,,
2025-06,OL1074,LS-GALLERIA NOIDA 8,Lifestyle,Department Store,Noida,Uttar Pradesh,North,SKU40928,Powder Brush R4,Renee,Makeup,Brushes,Top 25,Active,650,7,0,,2,1430,BGR North,4,3,,50,3,56.1,,
2025-06,OL1074,LS-GALLERIA NOIDA 8,Lifestyle,Department Store,Noida,Uttar Pradesh,North,SKU40951,Sunscreen Gel Spf 50 70Ml,Renee,Skincare,Sunscreen,Top 25,Active,999,6,7,,3,3296,BGR North,6,4,,45,3,56.1,,
2025-06,OL1074,LS-GALLERIA NOIDA 8,Lifestyle,Department Store,Noida,Uttar Pradesh,North,SKU40972,Sunscreen Gel Spf 50 70Ml,Renee,Skincare,Sunscreen,Top 25,Active,599,21,20,,1,659,BGR North,1,0,,45,3,56.1,,
2025-06,OL1074,LS-GALLERIA NOIDA 8,Lifestyle,Department Store,Noida,Uttar Pradesh,North,SKU41024,Vitamin C Serum 30Ml,Renee,Skincare,Serum,Others,Active,449,9,9,,3,1481,BGR North,3,3,,45,3,56.1,,
2025-06,OL1074,LS-GALLERIA NOIDA 8,Lifestyle,Department Store,Noida,Uttar Pradesh,North,SKU41032,Face Wash Hazelnut 60Ml,Renee,Skincare,Cleanser,Others,Active,499,4,0,,1,549,BGR North,1,0,,45,3,56.1,,
2025-06,OL1074,LS-GALLERIA NOIDA 8,Lifestyle,Department Store,Noida,Uttar Pradesh,North,SKU41215,Perfume Midnight 50Ml,Renee,Fragrance,EDP,Others,Active,399,12,0,,1,439,BGR North,1,0,,55,3,56.1,,
2025-06,OL1074,LS-GALLERIA NOIDA 8,Lifestyle,Department Store,Noida,Uttar Pradesh,North,SKU41295,Perfume Rose 50Ml,Renee,Fragrance,EDP,Top 25,Active,599,5,5,,3,1976,BGR North,4,3,,55,3,56.1,,
2025-06,OL1074,LS-GALLERIA NOIDA 8,Lifestyle,Department Store,Noida,Uttar Pradesh,North,SKU41420,Body Mist Coral 100Ml,Renee,Fragrance,Body Mist,Top 25,Active,399,8,11,,4,1755,BGR North,8,7,,55,3,56.1,,
2025-06,OL1074,LS-GALLERIA NOIDA 8,Lifestyle,Department Store,Noida,Uttar Pradesh,North,SKU41476,Body Mist Mocha 100Ml,Renee,Fragrance,Body Mist,Top 10,Active,799,10,12,,10,8787,BGR North,12,12,,55,3,56.1,,
2025-06,OL1074,LS-GALLERIA NOIDA 8,Lifestyle,Department Store,Noida,Uttar Pradesh,North,SKU41536,Body Mist Nude 100Ml,Renee,Fragrance,Body Mist,Top 25,Active,349,19,20,,7,2687,BGR North,8,8,,55,3,56.1,,
2025-06,OL1074,LS-GALLERIA NOIDA 8,Lifestyle,Department Store,Noida,Uttar Pradesh,North,SKU41608,Hair Oil Berry 100Ml,Renee,Haircare,Hair Oil,Others,Active,449,2,2,,1,494,BGR North,1,1,,35,3,56.1,,
2025-06,OL1074,LS-GALLERIA NOIDA 8,Lifestyle,Department Store,Noida,Uttar Pradesh,North,SKU41647,Hair Oil Hazelnut 100Ml,Renee,Haircare,Hair Oil,Others,Active,799,6,8,,4,3515,BGR North,7,6,,35,3,56.1,,
2025-06,OL1075,LS-INORBIT NEW DELHI 9,Lifestyle,Department Store,New Delhi,Delhi,North,SKU40078,Matte Lip Color Rose 4.2Ml,Renee,Makeup,Lipstick,Top 25,Active,650,15,19,,4,2830,BGR North,8,8,,50,4,74.2,,
2025-06,OL1075,LS-INORBIT NEW DELHI 9,Lifestyle,Department Store,New Delhi,Delhi,North,SKU40127,Matte Lip Color Coral 4.2Ml,Renee,Makeup,Lipstick,Top 25,Active,499,11,12,,6,3259,BGR North,8,7,,50,4,74.2,,
2025-06,OL1075,LS-INORBIT NEW DELHI 9,Lifestyle,Department Store,New Delhi,Delhi,North,SKU40266,Liquid Lipstick Nude 5Ml,Renee,Makeup,Lipstick,Top 10,Active,799,16,23,,8,6958,BGR North,15,15,,50,4,74.2,,
2025-06,OL1075,LS-INORBIT NEW DELHI 9,Lifestyle,Department Store,New Delhi,Delhi,North,SKU40281,Midnight Eyeliner Berry 2.5Ml,Renee,Makeup,Eyeliner,Others,Active,299,5,0,,0,0,BGR North,3,2,,50,4,74.2,,
2025-06,OL1075,LS-INORBIT NEW DELHI 9,Lifestyle,Department Store,New Delhi,Delhi,North,SKU40318,Midnight Eyeliner Hazelnut 2.5Ml,Renee,Makeup,Eyeliner,Others,Active,650,0,16,,2,1415,BGR North,5,5,,50,4,74.2,,
2025-06,OL1075,LS-INORBIT NEW DELHI 9,Lifestyle,Department Store,New Delhi,Delhi,North,SKU40381,Midnight Eyeliner Ocean 2.5Ml,Renee,Makeup,Eyeliner,Top 25,Active,699,10,14,,4,3044,BGR North,8,8,,50,4,74.2,,
2025-06,OL1075,LS-INORBIT NEW DELHI 9,Lifestyle,Department Store,New Delhi,Delhi,North,SKU40490,Kajal Midnight 0.35Gm,Renee,Makeup,Eyeliner,Top 10,Active,599,0,0,,4,2608,BGR North,3,2,,50,4,74.2,,
2025-06,OL1075,LS-INORBIT NEW DELHI 9,Lifestyle,Department Store,New Delhi,Delhi,North,SKU40544,Bb Cream Peach 30Ml,Renee,Makeup,Foundation,Top 10,Active,599,10,19,,10,6521,BGR North,19,19,,50,4,74.2,,
2025-06,OL1075,LS-INORBIT NEW DELHI 9,Lifestyle,Department Store,New Delhi,Delhi,North,SKU40588,Bb Cream Coral 30Ml,Renee,Makeup,Foundation,Top 10,Active,349,40,65,,9,3419,BGR North,13,10,,50,4,74.2,,
2025-06,OL1075,LS-INORBIT NEW DELHI 9,Lifestyle,Department Store,New Delhi,Delhi,North,SKU40595,Compact Powder Mocha 9Gm,Renee,Makeup,Foundation,Top 10,Active,449,16,20,,8,3910,BGR North,14,12,,50,4,74.2,,
2025-06,OL1075,LS-INORBIT NEW DELHI 9,Lifestyle,Department Store,New Delhi,Delhi,North,SKU40662,Compact Powder Nude 9Gm,Renee,Makeup,Foundation,Top 25,Active,1199,4,8,,4,5221,BGR North,9,8,,50,4,74.2,,
2025-06,OL1075,LS-INORBIT NEW DELHI 9,Lifestyle,Department Store,New Delhi,Delhi,North,SKU40722,Compact Powder Berry 9Gm,Renee,Makeup,Foundation,Top 10,Active,799,13,16,,6,5219,BGR North,14,9,,50,4,74.2,,
2025-06,OL1075,LS-INORBIT NEW DELHI 9,Lifestyle,Department Store,New Delhi,Delhi,North,SKU40763,Blending Brush R6,Renee,Makeup,Brushes,Others,Active,349,4,12,,2,760,BGR North,4,2,,50,4,74.2,,
2025-06,OL1075,LS-INORBIT NEW DELHI 9,Lifestyle,Department Store,New Delhi,Delhi,North,SKU40850,Powder Brush R8,Renee,Makeup,Brushes,Top 25,Active,650,23,21,,3,2123,BGR North,2,1,,50,4,74.2,,
2025-06,OL1075,LS-INORBIT NEW DELHI 9,Lifestyle,Department Store,New Delhi,Delhi,North,SKU40951,Sunscreen Gel Spf 50 70Ml,Renee,Skincare,Sunscreen,Top 25,Active,999,4,4,,2,2175,BGR North,3,2,,45,4,74.2,,
2025-06,OL1075,LS-INORBIT NEW DELHI 9,Lifestyle,Department Store,New Delhi,Delhi,North,SKU40972,Sunscreen Gel Spf 50 70Ml,Renee,Skincare,Sunscreen,Top 25,Active,599,1,2,,3,1956,BGR North,6,4,,45,4,74.2,,
2025-06,OL1075,LS-INORBIT NEW DELHI 9,Lifestyle,Department Store,New Delhi,Delhi,North,SKU40979,Sunscreen Gel Spf 50 50Ml,Renee,Skincare,Sunscreen,Top 25,Active,799,8,12,,4,3479,BGR North,9,8,,45,4,74.2,,
2025-06,OL1075,LS-INORBIT NEW DELHI 9,Lifestyle,Department Store,New Delhi,Delhi,North,SKU41024,Vitamin C Serum 30Ml,Renee,Skincare,Serum,Others,Active,449,17,20,,4,1955,BGR North,7,7,,45,4,74.2,,
2025-06,OL1075,LS-INORBIT NEW DELHI 9,Lifestyle,Department Store,New Delhi,Delhi,North,SKU41129,Face Wash Vanilla 40Ml,Renee,Skincare,Cleanser,Others,Active,299,15,18,,3,976,BGR North,7,6,,45,4,74.2,,
2025-06,OL1075,LS-INORBIT NEW DELHI 9,Lifestyle,Department Store,New Delhi,Delhi,North,SKU41420,Body Mist Coral 100Ml,Renee,Fragrance,Body Mist,Top 25,Active,399,9,11,,3,1303,BGR North,5,5,,55,4,74.2,,
2025-06,OL1075,LS-INORBIT NEW DELHI 9,Lifestyle,Department Store,New Delhi,Delhi,North,SKU41536,Body Mist Nude 100Ml,Renee,Fragrance,Body Mist,Top 25,Active,349,34,36,,6,2279,BGR North,9,8,,55,4,74.2,,
2025-06,OL1075,LS-INORBIT NEW DELHI 9,Lifestyle,Department Store,New Delhi,Delhi,North,SKU41608,Hair Oil Berry 100Ml,Renee,Haircare,Hair Oil,Others,Active,449,0,1,,3,1466,BGR North,4,4,,35,4,74.2,,
2025-06,OL1076,LS-SELECT JAIPUR 10,Lifestyle,Department Store,Jaipur,Rajasthan,North,SKU40078,Matte Lip Color Rose 4.2Ml,Renee,Makeup,Lipstick,Top 25,Active,650,4,5,,4,3058,BGR North,7,5,,50,2,53.8,,
2025-06,OL1076,LS-SELECT JAIPUR 10,Lifestyle,Department Store,Jaipur,Rajasthan,North,SKU40108,Matte Lip Color Peach 4.2Ml,Renee,Makeup,Lipstick,Top 10,Active,650,8,9,,4,3058,BGR North,7,5,,50,2,53.8,,
2025-06,OL1076,LS-SELECT JAIPUR 10,Lifestyle,Department Store,Jaipur,Rajasthan,North,SKU40127,Matte Lip Color Coral 4.2Ml,Renee,Makeup,Lipstick,Top 25,Active,499,3,6,,3,1761,BGR North,6,6,,50,2,53.8,,
2025-06,OL1076,LS-SELECT JAIPUR 10,Lifestyle,Department Store,Jaipur,Rajasthan,North,SKU40490,Kajal Midnight 0.35Gm,Renee,Makeup,Eyeliner,Top 10,Active,599,15,16,,4,2818,BGR North,6,5,,50,2,53.8,,
2025-06,OL1076,LS-SELECT JAIPUR 10,Lifestyle,Department Store,Jaipur,Rajasthan,North,SKU40588,Bb Cream Coral 30Ml,Renee,Makeup,Foundation,Top 10,Active,349,12,11,,6,2463,BGR North,5,5,,50,2,53.8,,
2025-06,OL1076,LS-SELECT JAIPUR 10,Lifestyle,Department Store,Jaipur,Rajasthan,North,SKU40595,Compact Powder Mocha 9Gm,Renee,Makeup,Foundation,Top 10,Active,449,0,5,,4,2112,BGR North,9,9,,50,2,53.8,,
2025-06,OL1076,LS-SELECT JAIPUR 10,Lifestyle,Department Store,Jaipur,Rajasthan,North,SKU40662,Compact Powder Nude 9Gm,Renee,Makeup,Foundation,Top 25,Active,1199,10,10,,3,4230,BGR North,4,3,,50,2,53.8,,
2025-06,OL1076,LS-SELECT JAIPUR 10,Lifestyle,Department Store,Jaipur,Rajasthan,North,SKU40722,Compact Powder Berry 9Gm,Renee,Makeup,Foundation,Top 10,Active,799,5,8,,4,3759,BGR North,8,7,,50,2,53.8,,
2025-06,OL1076,LS-SELECT JAIPUR 10,Lifestyle,Department Store,Jaipur,Rajasthan,North,SKU40763,Blending Brush R6,Renee,Makeup,Brushes,Others,Active,349,13,15,,4,1642,BGR North,7,6,,50,2,53.8,,
2025-06,OL1076,LS-SELECT JAIPUR 10,Lifestyle,Department Store,Jaipur,Rajasthan,North,SKU40836,Blending Brush R4,Renee,Makeup,Brushes,Top 10,Active,1199,15,17,,4,5641,BGR North,6,6,,50,2,53.8,,
2025-06,OL1076,LS-SELECT JAIPUR 10,Lifestyle,Department Store,Jaipur,Rajasthan,North,SKU40850,Powder Brush R8,Renee,Makeup,Brushes,Top 25,Active,650,12,10,,6,4587,BGR North,5,4,,50,2,53.8,,
2025-06,OL1076,LS-SELECT JAIPUR 10,Lifestyle,Department Store,Jaipur,Rajasthan,North,SKU40928,Powder Brush R4,Renee,Makeup,Brushes,Top 25,Active,650,15,16,,4,3058,BGR North,7,5,,50,2,53.8,,
2025-06,OL1076,LS-SELECT JAIPUR 10,Lifestyle,Department Store,Jaipur,Rajasthan,North,SKU40979,Sunscreen Gel Spf 50 50Ml,Renee,Skincare,Sunscreen,Top 25,Active,799,0,0,,4,3759,BGR North,7,6,,45,2,53.8,,
2025-06,OL1076,LS-SELECT JAIPUR 10,Lifestyle,Department Store,Jaipur,Rajasthan,North,SKU41024,Vitamin C Serum 30Ml,Renee,Skincare,Serum,Others,Active,449,2,5,,4,2112,BGR North,7,7,,45,2,53.8,,
2025-06,OL1076,LS-SELECT JAIPUR 10,Lifestyle,Department Store,Jaipur,Rajasthan,North,SKU41032,Face Wash Hazelnut 60Ml,Renee,Skincare,Cleanser,Others,Active,499,2,2,,1,587,BGR North,1,1,,45,2,53.8,,
2025-06,OL1076,LS-SELECT JAIPUR 10,Lifestyle,Department Store,Jaipur,Rajasthan,North,SKU41295,Perfume Rose 50Ml,Renee,Fragrance,EDP,Top 25,Active,599,3,5,,4,2818,BGR North,7,6,,55,2,53.8,,
2025-06,OL1076,LS-SELECT JAIPUR 10,Lifestyle,Department Store,Jaipur,Rajasthan,North,SKU41420,Body Mist Coral 100Ml,Renee,Fragrance,Body Mist,Top 25,Active,399,8,11,,2,939,BGR North,5,5,,55,2,53.8,,
2025-06,OL1076,LS-SELECT JAIPUR 10,Lifestyle,Department Store,Jaipur,Rajasthan,North,SKU41536,Body Mist Nude 100Ml,Renee,Fragrance,Body Mist,Top 25,Active,349,24,27,,8,3284,BGR North,13,11,,55,2,53.8,,
2025-06,OL1076,LS-SELECT JAIPUR 10,Lifestyle,Department Store,Jaipur,Rajasthan,North,SKU41608,Hair Oil Berry 100Ml,Renee,Haircare,Hair Oil,Others,Active,449,9,10,,3,1584,BGR North,5,4,,35,2,53.8,,
2025-06,OL1076,LS-SELECT JAIPUR 10,Lifestyle,Department Store,Jaipur,Rajasthan,North,SKU41647,Hair Oil Hazelnut 100Ml,Renee,Haircare,Hair Oil,Others,Active,799,2,2,,2,1879,BGR North,3,2,,35,2,53.8,,
2025-06,OL1077,LS-PHOENIX LUCKNOW 11,Lifestyle,Department Store,Lucknow,Uttar Pradesh,North,SKU40078,Matte Lip Color Rose 4.2Ml,Renee,Makeup,Lipstick,Top 25,Active,650,2,12,,2,1536,BGR North,3,3,,50,2,73.4,,
2025-06,OL1077,LS-PHOENIX LUCKNOW 11,Lifestyle,Department Store,Lucknow,Uttar Pradesh,North,SKU40108,Matte Lip Color Peach 4.2Ml,Renee,Makeup,Lipstick,Top 10,Active,650,20,0,,2,1536,BGR North,2,2,,50,2,73.4,,
2025-06,OL1077,LS-PHOENIX LUCKNOW 11,Lifestyle,Department Store,Lucknow,Uttar Pradesh,North,SKU40281,Midnight Eyeliner Berry 2.5Ml,Renee,Makeup,Eyeliner,Others,Active,299,34,40,,4,1413,BGR North,10,10,,50,2,73.4,,
2025-06,OL1077,LS-PHOENIX LUCKNOW 11,Lifestyle,Department Store,Lucknow,Uttar Pradesh,North,SKU40318,Midnight Eyeliner Hazelnut 2.5Ml,Renee,Makeup,Eyeliner,Others,Active,650,7,8,,3,2304,BGR North,7,4,,50,2,73.4,,
2025-06,OL1077,LS-PHOENIX LUCKNOW 11,Lifestyle,Department Store,Lucknow,Uttar Pradesh,North,SKU40381,Midnight Eyeliner Ocean 2.5Ml,Renee,Makeup,Eyeliner,Top 25,Active,699,12,12,,2,1652,BGR North,3,2,,50,2,73.4,,
2025-06,OL1077,LS-PHOENIX LUCKNOW 11,Lifestyle,Department Store,Lucknow,Uttar Pradesh,North,SKU40544,Bb Cream Peach 30Ml,Renee,Makeup,Foundation,Top 10,Active,599,0,2,,4,2831,BGR North,7,6,,50,2,73.4,,
2025-06,OL1077,LS-PHOENIX LUCKNOW 11,Lifestyle,Department Store,Lucknow,Uttar Pradesh,North,SKU40588,Bb Cream Coral 30Ml,Renee,Makeup,Foundation,Top 10,Active,349,6,11,,6,2474,BGR North,11,11,,50,2,73.4,,
2025-06,OL1077,LS-PHOENIX LUCKNOW 11,Lifestyle,Department Store,Lucknow,Uttar Pradesh,North,SKU40763,Blending Brush R6,Renee,Makeup,Brushes,Others,Active,349,10,11,,2,825,BGR North,3,3,,50,2,73.4,,
2025-06,OL1077,LS-PHOENIX LUCKNOW 11,Lifestyle,Department Store,Lucknow,Uttar Pradesh,North,SKU40928,Powder Brush R4,Renee,Makeup,Brushes,Top 25,Active,650,9,11,,4,3072,BGR North,7,6,,50,2,73.4,,
2025-06,OL1077,LS-PHOENIX LUCKNOW 11,Lifestyle,Department Store,Lucknow,Uttar Pradesh,North,SKU40979,Sunscreen Gel Spf 50 50Ml,Renee,Skincare,Sunscreen,Top 25,Active,799,3,4,,3,2832,BGR North,4,4,,45,2,73.4,,
2025-06,OL1077,LS-PHOENIX LUCKNOW 11,Lifestyle,Department Store,Lucknow,Uttar Pradesh,North,SKU41032,Face Wash Hazelnut 60Ml,Renee,Skincare,Cleanser,Others,Active,499,4,10,,4,2358,BGR North,10,10,,45,2,73.4,,
2025-06,OL1077,LS-PHOENIX LUCKNOW 11,Lifestyle,Department Store,Lucknow,Uttar Pradesh,North,SKU41048,Face Wash Ocean 20Ml,Renee,Skincare,Cleanser,Others,Active,349,10,10,,1,412,BGR North,1,1,,45,2,73.4,,
2025-06,OL1077,LS-PHOENIX LUCKNOW 11,Lifestyle,Department Store,Lucknow,Uttar Pradesh,North,SKU41129,Face Wash Vanilla 40Ml,Renee,Skincare,Cleanser,Others,Active,299,0,0,,3,1060,BGR North,3,2,,45,2,73.4,,
2025-06,OL1077,LS-PHOENIX LUCKNOW 11,Lifestyle,Department Store,Lucknow,Uttar Pradesh,North,SKU41295,Perfume Rose 50Ml,Renee,Fragrance,EDP,Top 25,Active,599,3,7,,4,2831,BGR North,8,8,,55,2,73.4,,
2025-06,OL1077,LS-PHOENIX LUCKNOW 11,Lifestyle,Department Store,Lucknow,Uttar Pradesh,North,SKU41420,Body Mist Coral 100Ml,Renee,Fragrance,Body Mist,Top 25,Active,399,18,21,,4,1886,BGR North,9,7,,55,2,73.4,,
2025-06,OL1078,LS-GALLERIA BHUBANESWAR 12,Lifestyle,Department Store,Bhubaneswar,Odisha,East,SKU40078,Matte Lip Color Rose 4.2Ml,Renee,Makeup,Lipstick,Top 25,Active,650,18,19,,2,1272,BGR East,3,3,,50,3,49.1,,
2025-06,OL1078,LS-GALLERIA BHUBANESWAR 12,Lifestyle,Department Store,Bhubaneswar,Odisha,East,SKU40127,Matte Lip Color Coral 4.2Ml,Renee,Makeup,Lipstick,Top 25,Active,499,11,14,,4,1953,BGR East,8,7,,50,3,49.1,,
2025-06,OL1078,LS-GALLERIA BHUBANESWAR 12,Lifestyle,Department Store,Bhubaneswar,Odisha,East,SKU40318,Midnight Eyeliner Hazelnut 2.5Ml,Renee,Makeup,Eyeliner,Others,Active,650,8,11,,2,1272,BGR East,5,5,,50,3,49.1,,
2025-06,OL1078,LS-GALLERIA BHUBANESWAR 12,Lifestyle,Department Store,Bhubaneswar,Odisha,East,SKU40381,Midnight Eyeliner Ocean 2.5Ml,Renee,Makeup,Eyeliner,Top 25,Active,699,1,5,,4,2736,BGR East,8,8,,50,3,49.1,,
2025-06,OL1078,LS-GALLERIA BHUBANESWAR 12,Lifestyle,Department Store,Bhubaneswar,Odisha,East,SKU40425,Kajal Vanilla 0.35Gm,Renee,Makeup,Eyeliner,Top 25,Active,299,2,3,,2,585,BGR East,3,3,,50,3,49.1,,
2025-06,OL1078,LS-GALLERIA BHUBANESWAR 12,Lifestyle,Department Store,Bhubaneswar,Odisha,East,SKU40490,Kajal Midnight 0.35Gm,Renee,Makeup,Eyeliner,Top 10,Active,599,4,4,,4,2344,BGR East,5,4,,50,3,49.1,,
2025-06,OL1078,LS-GALLERIA BHUBANESWAR 12,Lifestyle,Department Store,Bhubaneswar,Odisha,East,SKU40544,Bb Cream Peach 30Ml,Renee,Makeup,Foundation,Top 10,Active,599,8,8,,4,2344,BGR East,5,4,,50,3,49.1,,
2025-06,OL1078,LS-GALLERIA BHUBANESWAR 12,Lifestyle,Department Store,Bhubaneswar,Odisha,East,SKU40588,Bb Cream Coral 30Ml,Renee,Makeup,Foundation,Top 10,Active,349,31,58,,8,2732,BGR East,13,13,,50,3,49.1,,
2025-06,OL1078,LS-GALLERIA BHUBANESWAR 12,Lifestyle,Department Store,Bhubaneswar,Odisha,East,SKU40595,Compact Powder Mocha 9Gm,Renee,Makeup,Foundation,Top 10,Active,449,0,2,,4,1757,BGR East,8,6,,50,3,49.1,,
2025-06,OL1078,LS-GALLERIA BHUBANESWAR 12,Lifestyle,Department Store,Bhubaneswar,Odisha,East,SKU40836,Blending Brush R4,Renee,Makeup,Brushes,Top 10,Active,1199,6,9,,2,2346,BGR East,6,5,,50,3,49.1,,
2025-06,OL1078,LS-GALLERIA BHUBANESWAR 12,Lifestyle,Department Store,Bhubaneswar,Odisha,East,SKU40850,Powder Brush R8,Renee,Makeup,Brushes,Top 25,Active,650,9,11,,2,1272,BGR East,1,0,,50,3,49.1,,
2025-06,OL1078,LS-GALLERIA BHUBANESWAR 12,Lifestyle,Department Store,Bhubaneswar,Odisha,East,SKU40928,Powder Brush R4,Renee,Makeup,Brushes,Top 25,Active,650,12,11,,4,2544,BGR East,4,3,,50,3,49.1,,
2025-06,OL1078,LS-GALLERIA BHUBANESWAR 12,Lifestyle,Department Store,Bhubaneswar,Odisha,East,SKU40951,Sunscreen Gel Spf 50 70Ml,Renee,Skincare,Sunscreen,Top 25,Active,999,5,7,,3,2932,BGR East,6,5,,45,3,49.1,,
2025-06,OL1078,LS-GALLERIA BHUBANESWAR 12,Lifestyle,Department Store,Bhubaneswar,Odisha,East,SKU41129,Face Wash Vanilla 40Ml,Renee,Skincare,Cleanser,Others,Active,299,12,28,,4,1170,BGR East,3,2,,45,3,49.1,,
2025-06,OL1078,LS-GALLERIA BHUBANESWAR 12,Lifestyle,Department Store,Bhubaneswar,Odisha,East,SKU41295,Perfume Rose 50Ml,Renee,Fragrance,EDP,Top 25,Active,599,0,0,,4,2344,BGR East,5,4,,55,3,49.1,,
2025-06,OL1078,LS-GALLERIA BHUBANESWAR 12,Lifestyle,Department Store,Bhubaneswar,Odisha,East,SKU41420,Body Mist Coral 100Ml,Renee,Fragrance,Body Mist,Top 25,Active,399,7,7,,3,1171,BGR East,3,3,,55,3,49.1,,
2025-06,OL1078,LS-GALLERIA BHUBANESWAR 12,Lifestyle,Department Store,Bhubaneswar,Odisha,East,SKU41476,Body Mist Mocha 100Ml,Renee,Fragrance,Body Mist,Top 10,Active,799,7,8,,2,1564,BGR East,3,3,,55,3,49.1,,
2025-06,OL1078,LS-GALLERIA BHUBANESWAR 12,Lifestyle,Department Store,Bhubaneswar,Odisha,East,SKU41536,Body Mist Nude 100Ml,Renee,Fragrance,Body Mist,Top 25,Active,349,6,0,,8,2732,BGR East,16,14,,55,3,49.1,,
2025-06,OL1078,LS-GALLERIA BHUBANESWAR 12,Lifestyle,Department Store,Bhubaneswar,Odisha,East,SKU41608,Hair Oil Berry 100Ml,Renee,Haircare,Hair Oil,Others,Active,449,5,4,,1,439,BGR East,0,0,,35,3,49.1,,
2025-06,OL1078,LS-GALLERIA BHUBANESWAR 12,Lifestyle,Department Store,Bhubaneswar,Odisha,East,SKU41647,Hair Oil Hazelnut 100Ml,Renee,Haircare,Hair Oil,Others,Active,799,0,2,,2,1564,BGR East,4,4,,35,3,49.1,,
2025-06,OL1079,LS-PHOENIX CHANDIGARH 13,Lifestyle,Department Store,Chandigarh,Punjab,North,SKU40108,Matte Lip Color Peach 4.2Ml,Renee,Makeup,Lipstick,Top 10,Active,650,3,2,,4,2631,BGR North,4,3,,50,4,57.3,,
2025-06,OL1079,LS-PHOENIX CHANDIGARH 13,Lifestyle,Department Store,Chandigarh,Punjab,North,SKU40381,Midnight Eyeliner Ocean 2.5Ml,Renee,Makeup,Eyeliner,Top 25,Active,699,7,0,,4,2829,BGR North,3,2,,50,4,57.3,,
2025-06,OL1079,LS-PHOENIX CHANDIGARH 13,Lifestyle,Department Store,Chandigarh,Punjab,North,SKU40425,Kajal Vanilla 0.35Gm,Renee,Makeup,Eyeliner,Top 25,Active,299,4,4,,4,1210,BGR North,5,4,,50,4,57.3,,
2025-06,OL1079,LS-PHOENIX CHANDIGARH 13,Lifestyle,Department Store,Chandigarh,Punjab,North,SKU40544,Bb Cream Peach 30Ml,Renee,Makeup,Foundation,Top 10,Active,599,34,35,,8,4848,BGR North,9,9,,50,4,57.3,,
2025-06,OL1079,LS-PHOENIX CHANDIGARH 13,Lifestyle,Department Store,Chandigarh,Punjab,North,SKU40588,Bb Cream Coral 30Ml,Renee,Makeup,Foundation,Top 10,Active,349,9,5,,11,3884,BGR North,11,7,,50,4,57.3,,
2025-06,OL1079,LS-PHOENIX CHANDIGARH 13,Lifestyle,Department Store,Chandigarh,Punjab,North,SKU40763,Blending Brush R6,Renee,Makeup,Brushes,Others,Active,349,12,12,,4,1412,BGR North,6,4,,50,4,57.3,,
2025-06,OL1079,LS-PHOENIX CHANDIGARH 13,Lifestyle,Department Store,Chandigarh,Punjab,North,SKU40979,Sunscreen Gel Spf 50 50Ml,Renee,Skincare,Sunscreen,Top 25,Active,799,18,18,,4,3234,BGR North,6,4,,45,4,57.3,,
2025-06,OL1079,LS-PHOENIX CHANDIGARH 13,Lifestyle,Department Store,Chandigarh,Punjab,North,SKU41024,Vitamin C Serum 30Ml,Renee,Skincare,Serum,Others,Active,449,2,3,,1,454,BGR North,3,2,,45,4,57.3,,
2025-06,OL1079,LS-PHOENIX CHANDIGARH 13,Lifestyle,Department Store,Chandigarh,Punjab,North,SKU41032,Face Wash Hazelnut 60Ml,Renee,Skincare,Cleanser,Others,Active,499,4,5,,4,2019,BGR North,6,5,,45,4,57.3,,
2025-06,OL1079,LS-PHOENIX CHANDIGARH 13,Lifestyle,Department Store,Chandigarh,Punjab,North,SKU41608,Hair Oil Berry 100Ml,Renee,Haircare,Hair Oil,Others,Active,449,9,11,,4,1817,BGR North,8,6,,35,4,57.3,,
2025-06,OL1080,LS-NEXUS CHANDIGARH 14,Lifestyle,Department Store,Chandigarh,Punjab,North,SKU40078,Matte Lip Color Rose 4.2Ml,Renee,Makeup,Lipstick,Top 25,Active,650,3,5,,3,1973,BGR North,6,5,,50,3,78.6,,
2025-06,OL1080,LS-NEXUS CHANDIGARH 14,Lifestyle,Department Store,Chandigarh,Punjab,North,SKU40266,Liquid Lipstick Nude 5Ml,Renee,Makeup,Lipstick,Top 10,Active,799,12,0,,4,3233,BGR North,10,9,,50,3,78.6,,
2025-06,OL1080,LS-NEXUS CHANDIGARH 14,Lifestyle,Department Store,Chandigarh,Punjab,North,SKU40281,Midnight Eyeliner Berry 2.5Ml,Renee,Makeup,Eyeliner,Others,Active,299,8,9,,4,1210,BGR North,5,5,,50,3,78.6,,
2025-06,OL1080,LS-NEXUS CHANDIGARH 14,Lifestyle,Department Store,Chandigarh,Punjab,North,SKU40381,Midnight Eyeliner Ocean 2.5Ml,Renee,Makeup,Eyeliner,Top 25,Active,699,11,11,,4,2829,BGR North,5,4,,50,3,78.6,,
2025-06,OL1080,LS-NEXUS CHANDIGARH 14,Lifestyle,Department Store,Chandigarh,Punjab,North,SKU40425,Kajal Vanilla 0.35Gm,Renee,Makeup,Eyeliner,Top 25,Active,299,23,23,,4,1210,BGR North,5,4,,50,3,78.6,,
2025-06,OL1080,LS-NEXUS CHANDIGARH 14,Lifestyle,Department Store,Chandigarh,Punjab,North,SKU40544,Bb Cream Peach 30Ml,Renee,Makeup,Foundation,Top 10,Active,599,14,20,,4,2424,BGR North,10,10,,50,3,78.6,,
2025-06,OL1080,LS-NEXUS CHANDIGARH 14,Lifestyle,Department Store,Chandigarh,Punjab,North,SKU40595,Compact Powder Mocha 9Gm,Renee,Makeup,Foundation,Top 10,Active,449,12,32,,4,1817,BGR North,6,6,,50,3,78.6,,
2025-06,OL1080,LS-NEXUS CHANDIGARH 14,Lifestyle,Department Store,Chandigarh,Punjab,North,SKU40662,Compact Powder Nude 9Gm,Renee,Makeup,Foundation,Top 25,Active,1199,12,13,,3,3639,BGR North,5,4,,50,3,78.6,,
2025-06,OL1080,LS-NEXUS CHANDIGARH 14,Lifestyle,Department Store,Chandigarh,Punjab,North,SKU40722,Compact Powder Berry 9Gm,Renee,Makeup,Foundation,Top 10,Active,799,4,6,,2,1617,BGR North,4,4,,50,3,78.6,,
2025-06,OL1080,LS-NEXUS CHANDIGARH 14,Lifestyle,Department Store,Chandigarh,Punjab,North,SKU40850,Powder Brush R8,Renee,Makeup,Brushes,Top 25,Active,650,4,3,,4,2630,BGR North,4,3,,50,3,78.6,,
2025-06,OL1080,LS-NEXUS CHANDIGARH 14,Lifestyle,Department Store,Chandigarh,Punjab,North,SKU40951,Sunscreen Gel Spf 50 70Ml,Renee,Skincare,Sunscreen,Top 25,Active,999,1,2,,4,4043,BGR North,7,5,,45,3,78.6,,
2025-06,OL1080,LS-NEXUS CHANDIGARH 14,Lifestyle,Department Store,Chandigarh,Punjab,North,SKU40979,Sunscreen Gel Spf 50 50Ml,Renee,Skincare,Sunscreen,Top 25,Active,799,9,11,,3,2425,BGR North,6,5,,45,3,78.6,,
2025-06,OL1080,LS-NEXUS CHANDIGARH 14,Lifestyle,Department Store,Chandigarh,Punjab,North,SKU41024,Vitamin C Serum 30Ml,Renee,Skincare,Serum,Others,Active,449,6,7,,2,908,BGR North,4,3,,45,3,78.6,,
2025-06,OL1080,LS-NEXUS CHANDIGARH 14,Lifestyle,Department Store,Chandigarh,Punjab,North,SKU41032,Face Wash Hazelnut 60Ml,Renee,Skincare,Cleanser,Others,Active,499,3,2,,3,1514,BGR North,4,2,,45,3,78.6,,
2025-06,OL1080,LS-NEXUS CHANDIGARH 14,Lifestyle,Department Store,Chandigarh,Punjab,North,SKU41129,Face Wash Vanilla 40Ml,Renee,Skincare,Cleanser,Others,Active,299,15,16,,1,302,BGR North,3,2,,45,3,78.6,,
2025-06,OL1081,LS-PHOENIX BANGALORE 15,Lifestyle,Department Store,Bangalore,Karnataka,South,SKU40078,Matte Lip Color Rose 4.2Ml,Renee,Makeup,Lipstick,Top 25,Active,650,4,7,,4,2889,BGR South,7,7,,50,3,87.7,,
2025-06,OL1081,LS-PHOENIX BANGALORE 15,Lifestyle,Department Store,Bangalore,Karnataka,South,SKU40108,Matte Lip Color Peach 4.2Ml,Renee,Makeup,Lipstick,Top 10,Active,650,9,9,,3,2167,BGR South,4,3,,50,3,87.7,,
2025-06,OL1081,LS-PHOENIX BANGALORE 15,Lifestyle,Department Store,Bangalore,Karnataka,South,SKU40266,Liquid Lipstick Nude 5Ml,Renee,Makeup,Lipstick,Top 10,Active,799,24,28,,8,7102,BGR South,14,12,,50,3,87.7,,
2025-06,OL1081,LS-PHOENIX BANGALORE 15,Lifestyle,Department Store,Bangalore,Karnataka,South,SKU40318,Midnight Eyeliner Hazelnut 2.5Ml,Renee,Makeup,Eyeliner,Others,Active,650,11,0,,4,2889,BGR South,7,7,,50,3,87.7,,
2025-06,OL1081,LS-PHOENIX BANGALORE 15,Lifestyle,Department Store,Bangalore,Karnataka,South,SKU40381,Midnight Eyeliner Ocean 2.5Ml,Renee,Makeup,Eyeliner,Top 25,Active,699,0,0,,1,777,BGR South,1,0,,50,3,87.7,,
2025-06,OL1081,LS-PHOENIX BANGALORE 15,Lifestyle,Department Store,Bangalore,Karnataka,South,SKU40490,Kajal Midnight 0.35Gm,Renee,Makeup,Eyeliner,Top 10,Active,599,4,11,,8,5325,BGR South,15,15,,50,3,87.7,,
2025-06,OL1081,LS-PHOENIX BANGALORE 15,Lifestyle,Department Store,Bangalore,Karnataka,South,SKU40544,Bb Cream Peach 30Ml,Renee,Makeup,Foundation,Top 10,Active,599,4,0,,4,2662,BGR South,3,3,,50,3,87.7,,
2025-06,OL1081,LS-PHOENIX BANGALORE 15,Lifestyle,Department Store,Bangalore,Karnataka,South,SKU40722,Compact Powder Berry 9Gm,Renee,Makeup,Foundation,Top 10,Active,799,9,8,,3,2663,BGR South,3,2,,50,3,87.7,,
2025-06,OL1081,LS-PHOENIX BANGALORE 15,Lifestyle,Department Store,Bangalore,Karnataka,South,SKU40763,Blending Brush R6,Renee,Makeup,Brushes,Others,Active,349,17,20,,3,1163,BGR South,6,5,,50,3,87.7,,
2025-06,OL1081,LS-PHOENIX BANGALORE 15,Lifestyle,Department Store,Bangalore,Karnataka,South,SKU40850,Powder Brush R8,Renee,Makeup,Brushes,Top 25,Active,650,17,20,,2,1444,BGR South,6,5,,50,3,87.7,,
2025-06,OL1081,LS-PHOENIX BANGALORE 15,Lifestyle,Department Store,Bangalore,Karnataka,South,SKU40928,Powder Brush R4,Renee,Makeup,Brushes,Top 25,Active,650,9,11,,3,2167,BGR South,5,5,,50,3,87.7,,
2025-06,OL1081,LS-PHOENIX BANGALORE 15,Lifestyle,Department Store,Bangalore,Karnataka,South,SKU40951,Sunscreen Gel Spf 50 70Ml,Renee,Skincare,Sunscreen,Top 25,Active,999,5,5,,4,4440,BGR South,4,4,,45,3,87.7,,
2025-06,OL1081,LS-PHOENIX BANGALORE 15,Lifestyle,Department Store,Bangalore,Karnataka,South,SKU40979,Sunscreen Gel Spf 50 50Ml,Renee,Skincare,Sunscreen,Top 25,Active,799,11,13,,1,888,BGR South,4,3,,45,3,87.7,,
2025-06,OL1081,LS-PHOENIX BANGALORE 15,Lifestyle,Department Store,Bangalore,Karnataka,South,SKU41129,Face Wash Vanilla 40Ml,Renee,Skincare,Cleanser,Others,Active,299,3,3,,4,1329,BGR South,4,4,,45,3,87.7,,
2025-06,OL1081,LS-PHOENIX BANGALORE 15,Lifestyle,Department Store,Bangalore,Karnataka,South,SKU41295,Perfume Rose 50Ml,Renee,Fragrance,EDP,Top 25,Active,599,16,21,,4,2662,BGR South,9,9,,55,3,87.7,,
2025-06,OL1081,LS-PHOENIX BANGALORE 15,Lifestyle,Department Store,Bangalore,Karnataka,South,SKU41420,Body Mist Coral 100Ml,Renee,Fragrance,Body Mist,Top 25,Active,399,9,9,,1,443,BGR South,1,1,,55,3,87.7,,
2025-06,OL1081,LS-PHOENIX BANGALORE 15,Lifestyle,Department Store,Bangalore,Karnataka,South,SKU41476,Body Mist Mocha 100Ml,Renee,Fragrance,Body Mist,Top 10,Active,799,3,6,,3,2663,BGR South,6,6,,55,3,87.7,,
2025-06,OL1081,LS-PHOENIX BANGALORE 15,Lifestyle,Department Store,Bangalore,Karnataka,South,SKU41608,Hair Oil Berry 100Ml,Renee,Haircare,Hair Oil,Others,Active,449,8,9,,4,1996,BGR South,6,5,,35,3,87.7,,
2025-06,OL1081,LS-PHOENIX BANGALORE 15,Lifestyle,Department Store,Bangalore,Karnataka,South,SKU41647,Hair Oil Hazelnut 100Ml,Renee,Haircare,Hair Oil,Others,Active,799,0,1,,3,2663,BGR South,5,4,,35,3,87.7,,
2025-06,OL1082,LS-NEXUS BANGALORE 16,Lifestyle,Department Store,Bangalore,Karnataka,South,SKU40108,Matte Lip Color Peach 4.2Ml,Renee,Makeup,Lipstick,Top 10,Active,650,15,15,,5,3652,BGR South,5,5,,50,3,80.5,,
2025-06,OL1082,LS-NEXUS BANGALORE 16,Lifestyle,Department Store,Bangalore,Karnataka,South,SKU40127,Matte Lip Color Coral 4.2Ml,Renee,Makeup,Lipstick,Top 25,Active,499,7,39,,7,3925,BGR South,13,13,,50,3,80.5,,
2025-06,OL1082,LS-NEXUS BANGALORE 16,Lifestyle,Department Store,Bangalore,Karnataka,South,SKU40281,Midnight Eyeliner Berry 2.5Ml,Renee,Makeup,Eyeliner,Others,Active,299,11,14,,4,1344,BGR South,8,7,,50,3,80.5,,
2025-06,OL1082,LS-NEXUS BANGALORE 16,Lifestyle,Department Store,Bangalore,Karnataka,South,SKU40318,Midnight Eyeliner Hazelnut 2.5Ml,Renee,Makeup,Eyeliner,Others,Active,650,4,0,,1,730,BGR South,2,2,,50,3,80.5,,
2025-06,OL1082,LS-NEXUS BANGALORE 16,Lifestyle,Department Store,Bangalore,Karnataka,South,SKU40381,Midnight Eyeliner Ocean 2.5Ml,Renee,Makeup,Eyeliner,Top 25,Active,699,33,37,,4,3142,BGR South,8,8,,50,3,80.5,,
2025-06,OL1082,LS-NEXUS BANGALORE 16,Lifestyle,Department Store,Bangalore,Karnataka,South,SKU40490,Kajal Midnight 0.35Gm,Renee,Makeup,Eyeliner,Top 10,Active,599,28,27,,8,5385,BGR South,7,7,,50,3,80.5,,
2025-06,OL1082,LS-NEXUS BANGALORE 16,Lifestyle,Department Store,Bangalore,Karnataka,South,SKU40588,Bb Cream Coral 30Ml,Renee,Makeup,Foundation,Top 10,Active,349,10,12,,5,1961,BGR South,7,7,,50,3,80.5,,
2025-06,OL1082,LS-NEXUS BANGALORE 16,Lifestyle,Department Store,Bangalore,Karnataka,South,SKU40763,Blending Brush R6,Renee,Makeup,Brushes,Others,Active,349,8,7,,3,1177,BGR South,2,2,,50,3,80.5,,
2025-06,OL1082,LS-NEXUS BANGALORE 16,Lifestyle,Department Store,Bangalore,Karnataka,South,SKU40928,Powder Brush R4,Renee,Makeup,Brushes,Top 25,Active,650,7,7,,6,4383,BGR South,7,6,,50,3,80.5,,
2025-06,OL1082,LS-NEXUS BANGALORE 16,Lifestyle,Department Store,Bangalore,Karnataka,South,SKU40951,Sunscreen Gel Spf 50 70Ml,Renee,Skincare,Sunscreen,Top 25,Active,999,9,12,,2,2245,BGR South,5,5,,45,3,80.5,,
2025-06,OL1082,LS-NEXUS BANGALORE 16,Lifestyle,Department Store,Bangalore,Karnataka,South,SKU40972,Sunscreen Gel Spf 50 70Ml,Renee,Skincare,Sunscreen,Top 25,Active,599,14,15,,4,2692,BGR South,6,5,,45,3,80.5,,
2025-06,OL1082,LS-NEXUS BANGALORE 16,Lifestyle,Department Store,Bangalore,Karnataka,South,SKU40979,Sunscreen Gel Spf 50 50Ml,Renee,Skincare,Sunscreen,Top 25,Active,799,4,0,,2,1796,BGR South,2,1,,45,3,80.5,,
2025-06,OL1082,LS-NEXUS BANGALORE 16,Lifestyle,Department Store,Bangalore,Karnataka,South,SKU41048,Face Wash Ocean 20Ml,Renee,Skincare,Cleanser,Others,Active,349,0,0,,4,1569,BGR South,6,4,,45,3,80.5,,
2025-06,OL1082,LS-NEXUS BANGALORE 16,Lifestyle,Department Store,Bangalore,Karnataka,South,SKU41129,Face Wash Vanilla 40Ml,Renee,Skincare,Cleanser,Others,Active,299,9,8,,2,672,BGR South,2,1,,45,3,80.5,,
2025-06,OL1082,LS-NEXUS BANGALORE 16,Lifestyle,Department Store,Bangalore,Karnataka,South,SKU41215,Perfume Midnight 50Ml,Renee,Fragrance,EDP,Others,Active,399,2,5,,3,1345,BGR South,7,6,,55,3,80.5,,
2025-06,OL1082,LS-NEXUS BANGALORE 16,Lifestyle,Department Store,Bangalore,Karnataka,South,SKU41295,Perfume Rose 50Ml,Renee,Fragrance,EDP,Top 25,Active,599,16,18,,8,5385,BGR South,13,10,,55,3,80.5,,
2025-06,OL1082,LS-NEXUS BANGALORE 16,Lifestyle,Department Store,Bangalore,Karnataka,South,SKU41476,Body Mist Mocha 100Ml,Renee,Fragrance,Body Mist,Top 10,Active,799,0,6,,8,7183,BGR South,14,14,,55,3,80.5,,
2025-06,OL1082,LS-NEXUS BANGALORE 16,Lifestyle,Department Store,Bangalore,Karnataka,South,SKU41608,Hair Oil Berry 100Ml,Renee,Haircare,Hair Oil,Others,Active,449,0,1,,3,1514,BGR South,6,4,,35,3,80.5,,
2025-06,OL1082,LS-NEXUS BANGALORE 16,Lifestyle,Department Store,Bangalore,Karnataka,South,SKU41647,Hair Oil Hazelnut 100Ml,Renee,Haircare,Hair Oil,Others,Active,799,6,7,,3,2694,BGR South,5,4,,35,3,80.5,,
2025-06,OL1083,LS-SELECT BHUBANESWAR 17,Lifestyle,Department Store,Bhubaneswar,Odisha,East,SKU40078,Matte Lip Color Rose 4.2Ml,Renee,Makeup,Lipstick,Top 25,Active,650,15,15,,4,2921,BGR East,6,4,,50,2,94.6,,
2025-06,OL1083,LS-SELECT BHUBANESWAR 17,Lifestyle,Department Store,Bhubaneswar,Odisha,East,SKU40108,Matte Lip Color Peach 4.2Ml,Renee,Makeup,Lipstick,Top 10,Active,650,8,12,,4,2921,BGR East,8,8,,50,2,94.6,,
2025-06,OL1083,LS-SELECT BHUBANESWAR 17,Lifestyle,Department Store,Bhubaneswar,Odisha,East,SKU40127,Matte Lip Color Coral 4.2Ml,Renee,Makeup,Lipstick,Top 25,Active,499,24,21,,8,4484,BGR East,8,5,,50,2,94.6,,
2025-06,OL1083,LS-SELECT BHUBANESWAR 17,Lifestyle,Department Store,Bhubaneswar,Odisha,East,SKU40266,Liquid Lipstick Nude 5Ml,Renee,Makeup,Lipstick,Top 10,Active,799,26,26,,8,7181,BGR East,9,8,,50,2,94.6,,
2025-06,OL1083,LS-SELECT BHUBANESWAR 17,Lifestyle,Department Store,Bhubaneswar,Odisha,East,SKU40318,Midnight Eyeliner Hazelnut 2.5Ml,Renee,Makeup,Eyeliner,Others,Active,650,6,9,,4,2921,BGR East,8,7,,50,2,94.6,,
2025-06,OL1083,LS-SELECT BHUBANESWAR 17,Lifestyle,Department Store,Bhubaneswar,Odisha,East,SKU40425,Kajal Vanilla 0.35Gm,Renee,Makeup,Eyeliner,Top 25,Active,299,29,28,,8,2687,BGR East,8,7,,50,2,94.6,,
2025-06,OL1083,LS-SELECT BHUBANESWAR 17,Lifestyle,Department Store,Bhubaneswar,Odisha,East,SKU40490,Kajal Midnight 0.35Gm,Renee,Makeup,Eyeliner,Top 10,Active,599,3,3,,3,2019,BGR East,4,3,,50,2,94.6,,
2025-06,OL1083,LS-SELECT BHUBANESWAR 17,Lifestyle,Department Store,Bhubaneswar,Odisha,East,SKU40722,Compact Powder Berry 9Gm,Renee,Makeup,Foundation,Top 10,Active,799,20,22,,4,3590,BGR East,6,6,,50,2,94.6,,
2025-06,OL1083,LS-SELECT BHUBANESWAR 17,Lifestyle,Department Store,Bhubaneswar,Odisha,East,SKU40763,Blending Brush R6,Renee,Makeup,Brushes,Others,Active,349,0,4,,4,1568,BGR East,9,8,,50,2,94.6,,
2025-06,OL1083,LS-SELECT BHUBANESWAR 17,Lifestyle,Department Store,Bhubaneswar,Odisha,East,SKU40836,Blending Brush R4,Renee,Makeup,Brushes,Top 10,Active,1199,1,0,,8,10775,BGR East,7,4,,50,2,94.6,,
2025-06,OL1083,LS-SELECT BHUBANESWAR 17,Lifestyle,Department Store,Bhubaneswar,Odisha,East,SKU40951,Sunscreen Gel Spf 50 70Ml,Renee,Skincare,Sunscreen,Top 25,Active,999,8,12,,4,4489,BGR East,9,8,,45,2,94.6,,
2025-06,OL1083,LS-SELECT BHUBANESWAR 17,Lifestyle,Department Store,Bhubaneswar,Odisha,East,SKU41024,Vitamin C Serum 30Ml,Renee,Skincare,Serum,Others,Active,449,9,10,,2,1009,BGR East,3,3,,45,2,94.6,,
2025-06,OL1083,LS-SELECT BHUBANESWAR 17,Lifestyle,Department Store,Bhubaneswar,Odisha,East,SKU41032,Face Wash Hazelnut 60Ml,Renee,Skincare,Cleanser,Others,Active,499,0,2,,4,2242,BGR East,7,6,,45,2,94.6,,
2025-06,OL1083,LS-SELECT BHUBANESWAR 17,Lifestyle,Department Store,Bhubaneswar,Odisha,East,SKU41129,Face Wash Vanilla 40Ml,Renee,Skincare,Cleanser,Others,Active,299,4,3,,2,672,BGR East,2,1,,45,2,94.6,,
2025-06,OL1083,LS-SELECT BHUBANESWAR 17,Lifestyle,Department Store,Bhubaneswar,Odisha,East,SKU41295,Perfume Rose 50Ml,Renee,Fragrance,EDP,Top 25,Active,599,37,41,,4,2692,BGR East,9,8,,55,2,94.6,,
2025-06,OL1083,LS-SELECT BHUBANESWAR 17,Lifestyle,Department Store,Bhubaneswar,Odisha,East,SKU41420,Body Mist Coral 100Ml,Renee,Fragrance,Body Mist,Top 25,Active,399,4,6,,4,1793,BGR East,7,6,,55,2,94.6,,
2025-06,OL1083,LS-SELECT BHUBANESWAR 17,Lifestyle,Department Store,Bhubaneswar,Odisha,East,SKU41476,Body Mist Mocha 100Ml,Renee,Fragrance,Body Mist,Top 10,Active,799,7,0,,8,7181,BGR East,10,10,,55,2,94.6,,
2025-06,OL1083,LS-SELECT BHUBANESWAR 17,Lifestyle,Department Store,Bhubaneswar,Odisha,East,SKU41608,Hair Oil Berry 100Ml,Renee,Haircare,Hair Oil,Others,Active,449,4,5,,3,1513,BGR East,7,4,,35,2,94.6,,
2025-06,OL1084,LS-ORION AHMEDABAD 18,Lifestyle,Department Store,Ahmedabad,Gujarat,West,SKU40108,Matte Lip Color Peach 4.2Ml,Renee,Makeup,Lipstick,Top 10,Active,650,1,3,,4,2872,BGR West,6,6,,50,3,93.5,,
2025-06,OL1084,LS-ORION AHMEDABAD 18,Lifestyle,Department Store,Ahmedabad,Gujarat,West,SKU40318,Midnight Eyeliner Hazelnut 2.5Ml,Renee,Makeup,Eyeliner,Others,Active,650,11,13,,2,1436,BGR West,5,4,,50,3,93.5,,
2025-06,OL1084,LS-ORION AHMEDABAD 18,Lifestyle,Department Store,Ahmedabad,Gujarat,West,SKU40722,Compact Powder Berry 9Gm,Renee,Makeup,Foundation,Top 10,Active,799,7,8,,4,3530,BGR West,7,5,,50,3,93.5,,
2025-06,OL1084,LS-ORION AHMEDABAD 18,Lifestyle,Department Store,Ahmedabad,Gujarat,West,SKU40763,Blending Brush R6,Renee,Makeup,Brushes,Others,Active,349,2,3,,2,771,BGR West,4,3,,50,3,93.5,,
2025-06,OL1084,LS-ORION AHMEDABAD 18,Lifestyle,Department Store,Ahmedabad,Gujarat,West,SKU40850,Powder Brush R8,Renee,Makeup,Brushes,Top 25,Active,650,7,6,,4,2872,BGR West,4,3,,50,3,93.5,,
2025-06,OL1084,LS-ORION AHMEDABAD 18,Lifestyle,Department Store,Ahmedabad,Gujarat,West,SKU40928,Powder Brush R4,Renee,Makeup,Brushes,Top 25,Active,650,2,0,,2,1436,BGR West,1,0,,50,3,93.5,,
2025-06,OL1084,LS-ORION AHMEDABAD 18,Lifestyle,Department Store,Ahmedabad,Gujarat,West,SKU40972,Sunscreen Gel Spf 50 70Ml,Renee,Skincare,Sunscreen,Top 25,Active,599,12,12,,4,2647,BGR West,4,4,,45,3,93.5,,
2025-06,OL1084,LS-ORION AHMEDABAD 18,Lifestyle,Department Store,Ahmedabad,Gujarat,West,SKU41129,Face Wash Vanilla 40Ml,Renee,Skincare,Cleanser,Others,Active,299,0,2,,4,1321,BGR West,9,6,,45,3,93.5,,
2025-06,OL1084,LS-ORION AHMEDABAD 18,Lifestyle,Department Store,Ahmedabad,Gujarat,West,SKU41295,Perfume Rose 50Ml,Renee,Fragrance,EDP,Top 25,Active,599,12,15,,4,2647,BGR West,7,7,,55,3,93.5,,
2025-06,OL1084,LS-ORION AHMEDABAD 18,Lifestyle,Department Store,Ahmedabad,Gujarat,West,SKU41420,Body Mist Coral 100Ml,Renee,Fragrance,Body Mist,Top 25,Active,399,9,9,,3,1322,BGR West,4,3,,55,3,93.5,,
2025-06,OL1084,LS-ORION AHMEDABAD 18,Lifestyle,Department Store,Ahmedabad,Gujarat,West,SKU41536,Body Mist Nude 100Ml,Renee,Fragrance,Body Mist,Top 25,Active,349,15,13,,4,1542,BGR West,3,2,,55,3,93.5,,
2025-06,OL1085,LS-CITY CENTRE LUCKNOW 19,Lifestyle,Department Store,Lucknow,Uttar Pradesh,North,SKU40078,Matte Lip Color Rose 4.2Ml,Renee,Makeup,Lipstick,Top 25,Active,650,31,0,,4,2686,BGR North,5,4,,50,2,90.6,,
2025-06,OL1085,LS-CITY CENTRE LUCKNOW 19,Lifestyle,Department Store,Lucknow,Uttar Pradesh,North,SKU40108,Matte Lip Color Peach 4.2Ml,Renee,Makeup,Lipstick,Top 10,Active,650,1,3,,0,0,BGR North,3,2,,50,2,90.6,,
2025-06,OL1085,LS-CITY CENTRE LUCKNOW 19,Lifestyle,Department Store,Lucknow,Uttar Pradesh,North,SKU40127,Matte Lip Color Coral 4.2Ml,Renee,Makeup,Lipstick,Top 25,Active,499,8,9,,2,1031,BGR North,4,3,,50,2,90.6,,
2025-06,OL1085,LS-CITY CENTRE LUCKNOW 19,Lifestyle,Department Store,Lucknow,Uttar Pradesh,North,SKU40266,Liquid Lipstick Nude 5Ml,Renee,Makeup,Lipstick,Top 10,Active,799,10,15,,6,4953,BGR North,14,11,,50,2,90.6,,
2025-06,OL1085,LS-CITY CENTRE LUCKNOW 19,Lifestyle,Department Store,Lucknow,Uttar Pradesh,North,SKU40425,Kajal Vanilla 0.35Gm,Renee,Makeup,Eyeliner,Top 25,Active,299,7,8,,3,927,BGR North,4,4,,50,2,90.6,,
2025-06,OL1085,LS-CITY CENTRE LUCKNOW 19,Lifestyle,Department Store,Lucknow,Uttar Pradesh,North,SKU40544,Bb Cream Peach 30Ml,Renee,Makeup,Foundation,Top 10,Active,599,10,8,,5,3094,BGR North,4,3,,50,2,90.6,,
2025-06,OL1085,LS-CITY CENTRE LUCKNOW 19,Lifestyle,Department Store,Lucknow,Uttar Pradesh,North,SKU40588,Bb Cream Coral 30Ml,Renee,Makeup,Foundation,Top 10,Active,349,0,26,,3,1082,BGR North,5,4,,50,2,90.6,,
2025-06,OL1085,LS-CITY CENTRE LUCKNOW 19,Lifestyle,Department Store,Lucknow,Uttar Pradesh,North,SKU40662,Compact Powder Nude 9Gm,Renee,Makeup,Foundation,Top 25,Active,1199,1,2,,1,1239,BGR North,3,2,,50,2,90.6,,
2025-06,OL1085,LS-CITY CENTRE LUCKNOW 19,Lifestyle,Department Store,Lucknow,Uttar Pradesh,North,SKU40928,Powder Brush R4,Renee,Makeup,Brushes,Top 25,Active,650,4,5,,4,2686,BGR North,8,5,,50,2,90.6,,
2025-06,OL1085,LS-CITY CENTRE LUCKNOW 19,Lifestyle,Department Store,Lucknow,Uttar Pradesh,North,SKU41048,Face Wash Ocean 20Ml,Renee,Skincare,Cleanser,Others,Active,349,2,1,,2,721,BGR North,2,1,,45,2,90.6,,
2025-06,OL1085,LS-CITY CENTRE LUCKNOW 19,Lifestyle,Department Store,Lucknow,Uttar Pradesh,North,SKU41129,Face Wash Vanilla 40Ml,Renee,Skincare,Cleanser,Others,Active,299,6,9,,3,927,BGR North,6,6,,45,2,90.6,,
2025-06,OL1085,LS-CITY CENTRE LUCKNOW 19,Lifestyle,Department Store,Lucknow,Uttar Pradesh,North,SKU41215,Perfume Midnight 50Ml,Renee,Fragrance,EDP,Others,Active,399,13,12,,4,1649,BGR North,4,3,,55,2,90.6,,
2025-06,OL1085,LS-CITY CENTRE LUCKNOW 19,Lifestyle,Department Store,Lucknow,Uttar Pradesh,North,SKU41476,Body Mist Mocha 100Ml,Renee,Fragrance,Body Mist,Top 10,Active,799,17,18,,4,3302,BGR North,6,5,,55,2,90.6,,
2025-06,OL1085,LS-CITY CENTRE LUCKNOW 19,Lifestyle,Department Store,Lucknow,Uttar Pradesh,North,SKU41536,Body Mist Nude 100Ml,Renee,Fragrance,Body Mist,Top 25,Active,349,4,6,,4,1442,BGR North,6,6,,55,2,90.6,,
2025-06,OL1085,LS-CITY CENTRE LUCKNOW 19,Lifestyle,Department Store,Lucknow,Uttar Pradesh,North,SKU41608,Hair Oil Berry 100Ml,Renee,Haircare,Hair Oil,Others,Active,449,2,4,,1,464,BGR North,4,3,,35,2,90.6,,
2025-06,OL1086,LS-NEXUS CHENNAI 20,Lifestyle,Department Store,Chennai,Tamil Nadu,South,SKU40281,Midnight Eyeliner Berry 2.5Ml,Renee,Makeup,Eyeliner,Others,Active,299,7,5,,6,1857,BGR South,5,4,,50,1,54.9,,
2025-06,OL1086,LS-NEXUS CHENNAI 20,Lifestyle,Department Store,Chennai,Tamil Nadu,South,SKU40318,Midnight Eyeliner Hazelnut 2.5Ml,Renee,Makeup,Eyeliner,Others,Active,650,6,7,,1,673,BGR South,2,2,,50,1,54.9,,
2025-06,OL1086,LS-NEXUS CHENNAI 20,Lifestyle,Department Store,Chennai,Tamil Nadu,South,SKU40381,Midnight Eyeliner Ocean 2.5Ml,Renee,Makeup,Eyeliner,Top 25,Active,699,8,30,,4,2894,BGR South,7,6,,50,1,54.9,,
2025-06,OL1086,LS-NEXUS CHENNAI 20,Lifestyle,Department Store,Chennai,Tamil Nadu,South,SKU40490,Kajal Midnight 0.35Gm,Renee,Makeup,Eyeliner,Top 10,Active,599,36,37,,12,7441,BGR South,14,13,,50,1,54.9,,
2025-06,OL1086,LS-NEXUS CHENNAI 20,Lifestyle,Department Store,Chennai,Tamil Nadu,South,SKU40595,Compact Powder Mocha 9Gm,Renee,Makeup,Foundation,Top 10,Active,449,30,34,,8,3718,BGR South,15,12,,50,1,54.9,,
2025-06,OL1086,LS-NEXUS CHENNAI 20,Lifestyle,Department Store,Chennai,Tamil Nadu,South,SKU40722,Compact Powder Berry 9Gm,Renee,Makeup,Foundation,Top 10,Active,799,9,0,,4,3308,BGR South,7,7,,50,1,54.9,,
2025-06,OL1086,LS-NEXUS CHENNAI 20,Lifestyle,Department Store,Chennai,Tamil Nadu,South,SKU40763,Blending Brush R6,Renee,Makeup,Brushes,Others,Active,349,7,8,,2,723,BGR South,4,3,,50,1,54.9,,
2025-06,OL1086,LS-NEXUS CHENNAI 20,Lifestyle,Department Store,Chennai,Tamil Nadu,South,SKU40836,Blending Brush R4,Renee,Makeup,Brushes,Top 10,Active,1199,1,2,,4,4965,BGR South,7,5,,50,1,54.9,,
2025-06,OL1086,LS-NEXUS CHENNAI 20,Lifestyle,Department Store,Chennai,Tamil Nadu,South,SKU40850,Powder Brush R8,Renee,Makeup,Brushes,Top 25,Active,650,4,6,,4,2691,BGR South,8,6,,50,1,54.9,,
2025-06,OL1086,LS-NEXUS CHENNAI 20,Lifestyle,Department Store,Chennai,Tamil Nadu,South,SKU40951,Sunscreen Gel Spf 50 70Ml,Renee,Skincare,Sunscreen,Top 25,Active,999,5,5,,4,4137,BGR South,7,4,,45,1,54.9,,
2025-06,OL1086,LS-NEXUS CHENNAI 20,Lifestyle,Department Store,Chennai,Tamil Nadu,South,SKU40972,Sunscreen Gel Spf 50 70Ml,Renee,Skincare,Sunscreen,Top 25,Active,599,4,7,,4,2480,BGR South,7,7,,45,1,54.9,,
2025-06,OL1086,LS-NEXUS CHENNAI 20,Lifestyle,Department Store,Chennai,Tamil Nadu,South,SKU41048,Face Wash Ocean 20Ml,Renee,Skincare,Cleanser,Others,Active,349,9,9,,3,1084,BGR South,5,3,,45,1,54.9,,
2025-06,OL1086,LS-NEXUS CHENNAI 20,Lifestyle,Department Store,Chennai,Tamil Nadu,South,SKU41129,Face Wash Vanilla 40Ml,Renee,Skincare,Cleanser,Others,Active,299,5,4,,3,929,BGR South,3,2,,45,1,54.9,,
2025-06,OL1086,LS-NEXUS CHENNAI 20,Lifestyle,Department Store,Chennai,Tamil Nadu,South,SKU41295,Perfume Rose 50Ml,Renee,Fragrance,EDP,Top 25,Active,599,11,11,,4,2480,BGR South,4,4,,55,1,54.9,,
2025-06,OL1086,LS-NEXUS CHENNAI 20,Lifestyle,Department Store,Chennai,Tamil Nadu,South,SKU41476,Body Mist Mocha 100Ml,Renee,Fragrance,Body Mist,Top 10,Active,799,4,4,,4,3308,BGR South,6,4,,55,1,54.9,,
2025-06,OL1086,LS-NEXUS CHENNAI 20,Lifestyle,Department Store,Chennai,Tamil Nadu,South,SKU41608,Hair Oil Berry 100Ml,Renee,Haircare,Hair Oil,Others,Active,449,5,6,,0,0,BGR South,2,1,,35,1,54.9,,
2025-06,OL1086,LS-NEXUS CHENNAI 20,Lifestyle,Department Store,Chennai,Tamil Nadu,South,SKU41647,Hair Oil Hazelnut 100Ml,Renee,Haircare,Hair Oil,Others,Active,799,5,6,,1,827,BGR South,4,2,,35,1,54.9,,
