Month,Outlet Code,Outlet Name,Chain Name,Chain Type,City,State,Region,SKU Code,SKU,Brand,Category,Sub Category,Pareto,Status,MRP,OP Stock,CL Stock,Stock Qty,Tertiary Qty,Target Value,BGR,Order Qty,Filled Qty,Fill Rate %,Margin %,Manpower,Visibility %,Launch Date,Promo %
2025-12,OL1001,HG-NEXUS PUNE 1,Health & Glow,MBO,Pune,Maharashtra,West,SKU40078,Matte Lip Color Rose 4.2Ml,Renee,Makeup,Lipstick,Top 25,Active,650,8,8,,4,2611,BGR West,6,4,,50,1,59,,
2025-12,OL1001,HG-NEXUS PUNE 1,Health & Glow,MBO,Pune,Maharashtra,West,SKU40108,Matte Lip Color Peach 4.2Ml,Renee,Makeup,Lipstick,Top 10,Active,650,17,24,,7,4569,BGR West,16,14,,50,1,59,,
2025-12,OL1001,HG-NEXUS PUNE 1,Health & Glow,MBO,Pune,Maharashtra,West,SKU40266,Liquid Lipstick Nude 5Ml,Renee,Makeup,Lipstick,Top 10,Active,799,0,0,,14,11232,BGR West,16,14,,50,1,59,,
2025-12,OL1001,HG-NEXUS PUNE 1,Health & Glow,MBO,Pune,Maharashtra,West,SKU40281,Midnight Eyeliner Berry 2.5Ml,Renee,Makeup,Eyeliner,Others,Active,299,32,39,,8,2402,BGR West,17,15,,50,1,59,,
2025-12,OL1001,HG-NEXUS PUNE 1,Health & Glow,MBO,Pune,Maharashtra,West,SKU40381,Midnight Eyeliner Ocean 2.5Ml,Renee,Makeup,Eyeliner,Top 25,Active,699,24,24,,5,3509,BGR West,6,5,,50,1,59,,
2025-12,OL1001,HG-NEXUS PUNE 1,Health & Glow,MBO,Pune,Maharashtra,West,SKU40544,Bb Cream Peach 30Ml,Renee,Makeup,Foundation,Top 10,Active,599,29,31,,8,4812,BGR West,13,10,,50,1,59,,
2025-12,OL1001,HG-NEXUS PUNE 1,Health & Glow,MBO,Pune,Maharashtra,West,SKU40588,Bb Cream Coral 30Ml,Renee,Makeup,Foundation,Top 10,Active,349,30,26,,16,5607,BGR West,15,12,,50,1,59,,
2025-12,OL1001,HG-NEXUS PUNE 1,Health & Glow,MBO,Pune,Maharashtra,West,SKU40595,Compact Powder Mocha 9Gm,Renee,Makeup,Foundation,Top 10,Active,449,15,29,,24,10820,BGR West,48,38,,50,1,59,,
2025-12,OL1001,HG-NEXUS PUNE 1,Health & Glow,MBO,Pune,Maharashtra,West,SKU40722,Compact Powder Berry 9Gm,Renee,Makeup,Foundation,Top 10,Active,799,15,18,,6,4814,BGR West,10,9,,50,1,59,,
2025-12,OL1001,HG-NEXUS PUNE 1,Health & Glow,MBO,Pune,Maharashtra,West,SKU40763,Blending Brush R6,Renee,Makeup,Brushes,Others,Active,349,21,22,,3,1051,BGR West,5,4,,50,1,59,,
2025-12,OL1001,HG-NEXUS PUNE 1,Health & Glow,MBO,Pune,Maharashtra,West,SKU41048,Face Wash Ocean 20Ml,Renee,Skincare,Cleanser,Others,Active,349,17,19,,4,1402,BGR West,7,6,,45,1,59,,
2025-12,OL1001,HG-NEXUS PUNE 1,Health & Glow,MBO,Pune,Maharashtra,West,SKU41215,Perfume Midnight 50Ml,Renee,Fragrance,EDP,Others,Active,399,2,3,,3,1202,BGR West,5,4,,55,1,59,,
2025-12,OL1001,HG-NEXUS PUNE 1,Health & Glow,MBO,Pune,Maharashtra,West,SKU41295,Perfume Rose 50Ml,Renee,Fragrance,EDP,Top 25,Active,599,10,0,,5,3007,BGR West,9,7,,55,1,59,,
2025-12,OL1001,HG-NEXUS PUNE 1,Health & Glow,MBO,Pune,Maharashtra,West,SKU41536,Body Mist Nude 100Ml,Renee,Fragrance,Body Mist,Top 25,Active,349,26,27,,8,2803,BGR West,11,9,,55,1,59,,
2025-12,OL1001,HG-NEXUS PUNE 1,Health & Glow,MBO,Pune,Maharashtra,West,SKU41608,Hair Oil Berry 100Ml,Renee,Haircare,Hair Oil,Others,Active,449,4,5,,3,1353,BGR West,5,4,,35,1,59,,
2025-12,OL1002,HG-PHOENIX SURAT 2,Health & Glow,MBO,Surat,Gujarat,West,SKU40266,Liquid Lipstick Nude 5Ml,Renee,Makeup,Lipstick,Top 10,Active,799,4,5,,6,5027,BGR West,11,7,,50,2,48,,
2025-12,OL1002,HG-PHOENIX SURAT 2,Health & Glow,MBO,Surat,Gujarat,West,SKU40381,Midnight Eyeliner Ocean 2.5Ml,Renee,Makeup,Eyeliner,Top 25,Active,699,4,7,,3,2199,BGR West,7,6,,50,2,48,,
2025-12,OL1002,HG-PHOENIX SURAT 2,Health & Glow,MBO,Surat,Gujarat,West,SKU40425,Kajal Vanilla 0.35Gm,Renee,Makeup,Eyeliner,Top 25,Active,299,14,17,,6,1881,BGR West,10,9,,50,2,48,,
2025-12,OL1002,HG-PHOENIX SURAT 2,Health & Glow,MBO,Surat,Gujarat,West,SKU40588,Bb Cream Coral 30Ml,Renee,Makeup,Foundation,Top 10,Active,349,5,9,,6,2196,BGR West,12,10,,50,2,48,,
2025-12,OL1002,HG-PHOENIX SURAT 2,Health & Glow,MBO,Surat,Gujarat,West,SKU40595,Compact Powder Mocha 9Gm,Renee,Makeup,Foundation,Top 10,Active,449,4,6,,4,1883,BGR West,6,6,,50,2,48,,
2025-12,OL1002,HG-PHOENIX SURAT 2,Health & Glow,MBO,Surat,Gujarat,West,SKU40722,Compact Powder Berry 9Gm,Renee,Makeup,Foundation,Top 10,Active,799,3,3,,2,1676,BGR West,4,2,,50,2,48,,
2025-12,OL1002,HG-PHOENIX SURAT 2,Health & Glow,MBO,Surat,Gujarat,West,SKU40763,Blending Brush R6,Renee,Makeup,Brushes,Others,Active,349,6,7,,1,366,BGR West,2,2,,50,2,48,,
2025-12,OL1002,HG-PHOENIX SURAT 2,Health & Glow,MBO,Surat,Gujarat,West,SKU40836,Blending Brush R4,Renee,Makeup,Brushes,Top 10,Active,1199,0,2,,4,5030,BGR West,6,6,,50,2,48,,
2025-12,OL1002,HG-PHOENIX SURAT 2,Health & Glow,MBO,Surat,Gujarat,West,SKU40951,Sunscreen Gel Spf 50 70Ml,Renee,Skincare,Sunscreen,Top 25,Active,999,8,10,,2,2095,BGR West,4,4,,45,2,48,,
2025-12,OL1002,HG-PHOENIX SURAT 2,Health & Glow,MBO,Surat,Gujarat,West,SKU40979,Sunscreen Gel Spf 50 50Ml,Renee,Skincare,Sunscreen,Top 25,Active,799,7,10,,3,2514,BGR West,8,6,,45,2,48,,
2025-12,OL1002,HG-PHOENIX SURAT 2,Health & Glow,MBO,Surat,Gujarat,West,SKU41382,Perfume Peach 50Ml,Renee,Fragrance,EDP,Top 25,Active,499,0,2,,3,1570,BGR West,6,5,,55,2,48,2025-08,
2025-12,OL1002,HG-PHOENIX SURAT 2,Health & Glow,MBO,Surat,Gujarat,West,SKU41476,Body Mist Mocha 100Ml,Renee,Fragrance,Body Mist,Top 10,Active,799,2,1,,8,6703,BGR West,10,7,,55,2,48,,
2025-12,OL1002,HG-PHOENIX SURAT 2,Health & Glow,MBO,Surat,Gujarat,West,SKU41608,Hair Oil Berry 100Ml,Renee,Haircare,Hair Oil,Others,Active,449,7,9,,1,471,BGR West,3,3,,35,2,48,,
2025-12,OL1003,HG-FORUM JAIPUR 3,Health & Glow,MBO,Jaipur,Rajasthan,North,SKU40108,Matte Lip Color Peach 4.2Ml,Renee,Makeup,Lipstick,Top 10,Active,650,12,13,,4,2688,BGR North,5,5,,50,4,94,,
2025-12,OL1003,HG-FORUM JAIPUR 3,Health & Glow,MBO,Jaipur,Rajasthan,North,SKU40127,Matte Lip Color Coral 4.2Ml,Renee,Makeup,Lipstick,Top 25,Active,499,10,10,,4,2063,BGR North,6,4,,50,4,94,,
2025-12,OL1003,HG-FORUM JAIPUR 3,Health & Glow,MBO,Jaipur,Rajasthan,North,SKU40202,Liquid Lipstick Mocha 5Ml,Renee,Makeup,Lipstick,Top 25,Active,799,7,8,,2,1652,BGR North,5,4,,50,4,94,2025-11,
2025-12,OL1003,HG-FORUM JAIPUR 3,Health & Glow,MBO,Jaipur,Rajasthan,North,SKU40381,Midnight Eyeliner Ocean 2.5Ml,Renee,Makeup,Eyeliner,Top 25,Active,699,5,0,,0,0,BGR North,2,1,,50,4,94,,
2025-12,OL1003,HG-FORUM JAIPUR 3,Health & Glow,MBO,Jaipur,Rajasthan,North,SKU40544,Bb Cream Peach 30Ml,Renee,Makeup,Foundation,Top 10,Active,599,13,14,,3,1858,BGR North,5,4,,50,4,94,,
2025-12,OL1003,HG-FORUM JAIPUR 3,Health & Glow,MBO,Jaipur,Rajasthan,North,SKU40595,Compact Powder Mocha 9Gm,Renee,Makeup,Foundation,Top 10,Active,449,21,26,,4,1857,BGR North,9,9,,50,4,94,,
2025-12,OL1003,HG-FORUM JAIPUR 3,Health & Glow,MBO,Jaipur,Rajasthan,North,SKU40763,Blending Brush R6,Renee,Makeup,Brushes,Others,Active,349,2,0,,1,361,BGR North,6,4,,50,4,94,,
2025-12,OL1003,HG-FORUM JAIPUR 3,Health & Glow,MBO,Jaipur,Rajasthan,North,SKU40812,Blending Brush R1,Renee,Makeup,Brushes,Top 10,Active,599,9,10,,3,1858,BGR North,4,4,,50,4,94,2025-09,
2025-12,OL1003,HG-FORUM JAIPUR 3,Health & Glow,MBO,Jaipur,Rajasthan,North,SKU40836,Blending Brush R4,Renee,Makeup,Brushes,Top 10,Active,1199,23,22,,3,3718,BGR North,3,2,,50,4,94,,
2025-12,OL1003,HG-FORUM JAIPUR 3,Health & Glow,MBO,Jaipur,Rajasthan,North,SKU40928,Powder Brush R4,Renee,Makeup,Brushes,Top 25,Active,650,11,13,,2,1344,BGR North,5,4,,50,4,94,,
2025-12,OL1003,HG-FORUM JAIPUR 3,Health & Glow,MBO,Jaipur,Rajasthan,North,SKU40951,Sunscreen Gel Spf 50 70Ml,Renee,Skincare,Sunscreen,Top 25,Active,999,3,2,,1,1033,BGR North,1,0,,45,4,94,,
2025-12,OL1003,HG-FORUM JAIPUR 3,Health & Glow,MBO,Jaipur,Rajasthan,North,SKU40979,Sunscreen Gel Spf 50 50Ml,Renee,Skincare,Sunscreen,Top 25,Active,799,3,4,,2,1652,BGR North,4,3,,45,4,94,,
2025-12,OL1003,HG-FORUM JAIPUR 3,Health & Glow,MBO,Jaipur,Rajasthan,North,SKU41024,Vitamin C Serum 30Ml,Renee,Skincare,Serum,Others,Active,449,1,0,,1,464,BGR North,1,0,,45,4,94,,
2025-12,OL1003,HG-FORUM JAIPUR 3,Health & Glow,MBO,Jaipur,Rajasthan,North,SKU41048,Face Wash Ocean 20Ml,Renee,Skincare,Cleanser,Others,Active,349,10,10,,2,722,BGR North,2,2,,45,4,94,,
2025-12,OL1003,HG-FORUM JAIPUR 3,Health & Glow,MBO,Jaipur,Rajasthan,North,SKU41295,Perfume Rose 50Ml,Renee,Fragrance,EDP,Top 25,Active,599,33,34,,3,1858,BGR North,4,4,,55,4,94,,
2025-12,OL1003,HG-FORUM JAIPUR 3,Health & Glow,MBO,Jaipur,Rajasthan,North,SKU41476,Body Mist Mocha 100Ml,Renee,Fragrance,Body Mist,Top 10,Active,799,17,21,,3,2478,BGR North,8,7,,55,4,94,,
2025-12,OL1003,HG-FORUM JAIPUR 3,Health & Glow,MBO,Jaipur,Rajasthan,North,SKU41536,Body Mist Nude 100Ml,Renee,Fragrance,Body Mist,Top 25,Active,349,13,11,,3,1082,BGR North,2,1,,55,4,94,,
2025-12,OL1003,HG-FORUM JAIPUR 3,Health & Glow,MBO,Jaipur,Rajasthan,North,SKU41608,Hair Oil Berry 100Ml,Renee,Haircare,Hair Oil,Others,Active,449,9,12,,2,928,BGR North,5,5,,35,4,94,,
2025-12,OL1004,HG-PHOENIX PUNE 4,Health & Glow,MBO,Pune,Maharashtra,West,SKU40108,Matte Lip Color Peach 4.2Ml,Renee,Makeup,Lipstick,Top 10,Active,650,13,15,,9,7376,BGR West,11,11,,50,3,80,,
2025-12,OL1004,HG-PHOENIX PUNE 4,Health & Glow,MBO,Pune,Maharashtra,West,SKU40127,Matte Lip Color Coral 4.2Ml,Renee,Makeup,Lipstick,Top 25,Active,499,20,33,,8,5033,BGR West,25,25,,50,3,80,,
2025-12,OL1004,HG-PHOENIX PUNE 4,Health & Glow,MBO,Pune,Maharashtra,West,SKU40202,Liquid Lipstick Mocha 5Ml,Renee,Makeup,Lipstick,Top 25,Active,799,2,5,,2,2015,BGR West,6,5,,50,3,80,2025-11,
2025-12,OL1004,HG-PHOENIX PUNE 4,Health & Glow,MBO,Pune,Maharashtra,West,SKU40281,Midnight Eyeliner Berry 2.5Ml,Renee,Makeup,Eyeliner,Others,Active,299,0,0,,8,3016,BGR West,13,13,,50,3,80,,
2025-12,OL1004,HG-PHOENIX PUNE 4,Health & Glow,MBO,Pune,Maharashtra,West,SKU40318,Midnight Eyeliner Hazelnut 2.5Ml,Renee,Makeup,Eyeliner,Others,Active,650,0,4,,4,3278,BGR West,9,8,,50,3,80,,
2025-12,OL1004,HG-PHOENIX PUNE 4,Health & Glow,MBO,Pune,Maharashtra,West,SKU40381,Midnight Eyeliner Ocean 2.5Ml,Renee,Makeup,Eyeliner,Top 25,Active,699,2,4,,8,7051,BGR West,10,10,,50,3,80,,
2025-12,OL1004,HG-PHOENIX PUNE 4,Health & Glow,MBO,Pune,Maharashtra,West,SKU40595,Compact Powder Mocha 9Gm,Renee,Makeup,Foundation,Top 10,Active,449,70,0,,20,11323,BGR West,36,34,,50,3,80,,
2025-12,OL1004,HG-PHOENIX PUNE 4,Health & Glow,MBO,Pune,Maharashtra,West,SKU40812,Blending Brush R1,Renee,Makeup,Brushes,Top 10,Active,599,16,0,,4,3021,BGR West,14,14,,50,3,80,2025-09,
2025-12,OL1004,HG-PHOENIX PUNE 4,Health & Glow,MBO,Pune,Maharashtra,West,SKU40836,Blending Brush R4,Renee,Makeup,Brushes,Top 10,Active,1199,30,38,,9,13606,BGR West,20,20,,50,3,80,,
2025-12,OL1004,HG-PHOENIX PUNE 4,Health & Glow,MBO,Pune,Maharashtra,West,SKU40850,Powder Brush R8,Renee,Makeup,Brushes,Top 25,Active,650,7,8,,8,6556,BGR West,14,9,,50,3,80,,
2025-12,OL1004,HG-PHOENIX PUNE 4,Health & Glow,MBO,Pune,Maharashtra,West,SKU40951,Sunscreen Gel Spf 50 70Ml,Renee,Skincare,Sunscreen,Top 25,Active,999,29,30,,0,0,BGR West,1,1,,45,3,80,,
2025-12,OL1004,HG-PHOENIX PUNE 4,Health & Glow,MBO,Pune,Maharashtra,West,SKU41032,Face Wash Hazelnut 60Ml,Renee,Skincare,Cleanser,Others,Active,499,21,20,,1,629,BGR West,1,0,,45,3,80,,
2025-12,OL1004,HG-PHOENIX PUNE 4,Health & Glow,MBO,Pune,Maharashtra,West,SKU41215,Perfume Midnight 50Ml,Renee,Fragrance,EDP,Others,Active,399,4,5,,3,1509,BGR West,5,4,,55,3,80,,
2025-12,OL1004,HG-PHOENIX PUNE 4,Health & Glow,MBO,Pune,Maharashtra,West,SKU41295,Perfume Rose 50Ml,Renee,Fragrance,EDP,Top 25,Active,599,28,32,,3,2266,BGR West,8,7,,55,3,80,,
2025-12,OL1004,HG-PHOENIX PUNE 4,Health & Glow,MBO,Pune,Maharashtra,West,SKU41382,Perfume Peach 50Ml,Renee,Fragrance,EDP,Top 25,Active,499,17,18,,5,3146,BGR West,9,6,,55,3,80,2025-08,
2025-12,OL1004,HG-PHOENIX PUNE 4,Health & Glow,MBO,Pune,Maharashtra,West,SKU41420,Body Mist Coral 100Ml,Renee,Fragrance,Body Mist,Top 25,Active,399,17,18,,3,1509,BGR West,5,4,,55,3,80,,
2025-12,OL1004,HG-PHOENIX PUNE 4,Health & Glow,MBO,Pune,Maharashtra,West,SKU41476,Body Mist Mocha 100Ml,Renee,Fragrance,Body Mist,Top 10,Active,799,0,0,,21,21156,BGR West,17,15,,55,3,80,,
2025-12,OL1004,HG-PHOENIX PUNE 4,Health & Glow,MBO,Pune,Maharashtra,West,SKU41536,Body Mist Nude 100Ml,Renee,Fragrance,Body Mist,Top 25,Active,349,36,85,,5,2200,BGR West,9,6,,55,3,80,,
2025-12,OL1004,HG-PHOENIX PUNE 4,Health & Glow,MBO,Pune,Maharashtra,West,SKU41608,Hair Oil Berry 100Ml,Renee,Haircare,Hair Oil,Others,Active,449,20,19,,3,1698,BGR West,2,2,,35,3,80,,
2025-12,OL1004,HG-PHOENIX PUNE 4,Health & Glow,MBO,Pune,Maharashtra,West,SKU41647,Hair Oil Hazelnut 100Ml,Renee,Haircare,Hair Oil,Others,Active,799,22,24,,4,4030,BGR West,8,6,,35,3,80,,
2025-12,OL1005,HG-CITY CENTRE CHENNAI 5,Health & Glow,MBO,Chennai,Tamil Nadu,South,SKU40078,Matte Lip Color Rose 4.2Ml,Renee,Makeup,Lipstick,Top 25,Active,650,7,7,,4,2799,BGR South,5,4,,50,3,51.8,,
2025-12,OL1005,HG-CITY CENTRE CHENNAI 5,Health & Glow,MBO,Chennai,Tamil Nadu,South,SKU40108,Matte Lip Color Peach 4.2Ml,Renee,Makeup,Lipstick,Top 10,Active,650,2,7,,6,4199,BGR South,11,11,,50,3,51.8,,
2025-12,OL1005,HG-CITY CENTRE CHENNAI 5,Health & Glow,MBO,Chennai,Tamil Nadu,South,SKU40281,Midnight Eyeliner Berry 2.5Ml,Renee,Makeup,Eyeliner,Others,Active,299,0,4,,5,1610,BGR South,11,9,,50,3,51.8,,
2025-12,OL1005,HG-CITY CENTRE CHENNAI 5,Health & Glow,MBO,Chennai,Tamil Nadu,South,SKU40381,Midnight Eyeliner Ocean 2.5Ml,Renee,Makeup,Eyeliner,Top 25,Active,699,7,0,,8,6021,BGR South,7,6,,50,3,51.8,,
2025-12,OL1005,HG-CITY CENTRE CHENNAI 5,Health & Glow,MBO,Chennai,Tamil Nadu,South,SKU40490,Kajal Midnight 0.35Gm,Renee,Makeup,Eyeliner,Top 10,Active,599,8,8,,4,2580,BGR South,4,4,,50,3,51.8,,
2025-12,OL1005,HG-CITY CENTRE CHENNAI 5,Health & Glow,MBO,Chennai,Tamil Nadu,South,SKU40544,Bb Cream Peach 30Ml,Renee,Makeup,Foundation,Top 10,Active,599,0,0,,8,5159,BGR South,13,13,,50,3,51.8,,
2025-12,OL1005,HG-CITY CENTRE CHENNAI 5,Health & Glow,MBO,Chennai,Tamil Nadu,South,SKU40588,Bb Cream Coral 30Ml,Renee,Makeup,Foundation,Top 10,Active,349,28,29,,12,4509,BGR South,17,13,,50,3,51.8,,
2025-12,OL1005,HG-CITY CENTRE CHENNAI 5,Health & Glow,MBO,Chennai,Tamil Nadu,South,SKU40595,Compact Powder Mocha 9Gm,Renee,Makeup,Foundation,Top 10,Active,449,33,32,,10,4834,BGR South,11,9,,50,3,51.8,,
2025-12,OL1005,HG-CITY CENTRE CHENNAI 5,Health & Glow,MBO,Chennai,Tamil Nadu,South,SKU40722,Compact Powder Berry 9Gm,Renee,Makeup,Foundation,Top 10,Active,799,12,0,,0,0,BGR South,6,5,,50,3,51.8,,
2025-12,OL1005,HG-CITY CENTRE CHENNAI 5,Health & Glow,MBO,Chennai,Tamil Nadu,South,SKU40763,Blending Brush R6,Renee,Makeup,Brushes,Others,Active,349,11,9,,4,1503,BGR South,3,2,,50,3,51.8,,
2025-12,OL1005,HG-CITY CENTRE CHENNAI 5,Health & Glow,MBO,Chennai,Tamil Nadu,South,SKU40928,Powder Brush R4,Renee,Makeup,Brushes,Top 25,Active,650,17,18,,4,2799,BGR South,8,5,,50,3,51.8,,
2025-12,OL1005,HG-CITY CENTRE CHENNAI 5,Health & Glow,MBO,Chennai,Tamil Nadu,South,SKU40951,Sunscreen Gel Spf 50 70Ml,Renee,Skincare,Sunscreen,Top 25,Active,999,6,5,,1,1076,BGR South,1,0,,45,3,51.8,,
2025-12,OL1005,HG-CITY CENTRE CHENNAI 5,Health & Glow,MBO,Chennai,Tamil Nadu,South,SKU40972,Sunscreen Gel Spf 50 70Ml,Renee,Skincare,Sunscreen,Top 25,Active,599,14,16,,3,1935,BGR South,7,6,,45,3,51.8,,
2025-12,OL1005,HG-CITY CENTRE CHENNAI 5,Health & Glow,MBO,Chennai,Tamil Nadu,South,SKU40979,Sunscreen Gel Spf 50 50Ml,Renee,Skincare,Sunscreen,Top 25,Active,799,8,6,,4,3441,BGR South,4,2,,45,3,51.8,,
2025-12,OL1005,HG-CITY CENTRE CHENNAI 5,Health & Glow,MBO,Chennai,Tamil Nadu,South,SKU41024,Vitamin C Serum 30Ml,Renee,Skincare,Serum,Others,Active,449,6,8,,3,1450,BGR South,7,6,,45,3,51.8,,
2025-12,OL1005,HG-CITY CENTRE CHENNAI 5,Health & Glow,MBO,Chennai,Tamil Nadu,South,SKU41048,Face Wash Ocean 20Ml,Renee,Skincare,Cleanser,Others,Active,349,27,27,,8,3006,BGR South,12,8,,45,3,51.8,,
2025-12,OL1005,HG-CITY CENTRE CHENNAI 5,Health & Glow,MBO,Chennai,Tamil Nadu,South,SKU41129,Face Wash Vanilla 40Ml,Renee,Skincare,Cleanser,Others,Active,299,13,13,,2,644,BGR South,4,2,,45,3,51.8,,
2025-12,OL1005,HG-CITY CENTRE CHENNAI 5,Health & Glow,MBO,Chennai,Tamil Nadu,South,SKU41215,Perfume Midnight 50Ml,Renee,Fragrance,EDP,Others,Active,399,2,3,,1,430,BGR South,3,2,,55,3,51.8,,
2025-12,OL1005,HG-CITY CENTRE CHENNAI 5,Health & Glow,MBO,Chennai,Tamil Nadu,South,SKU41295,Perfume Rose 50Ml,Renee,Fragrance,EDP,Top 25,Active,599,23,31,,8,5159,BGR South,17,16,,55,3,51.8,,
2025-12,OL1005,HG-CITY CENTRE CHENNAI 5,Health & Glow,MBO,Chennai,Tamil Nadu,South,SKU41536,Body Mist Nude 100Ml,Renee,Fragrance,Body Mist,Top 25,Active,349,17,25,,8,3006,BGR South,16,16,,55,3,51.8,,
2025-12,OL1005,HG-CITY CENTRE CHENNAI 5,Health & Glow,MBO,Chennai,Tamil Nadu,South,SKU41647,Hair Oil Hazelnut 100Ml,Renee,Haircare,Hair Oil,Others,Active,799,0,0,,4,3441,BGR South,9,8,,35,3,51.8,,
2025-12,OL1006,HG-INORBIT GUWAHATI 6,Health & Glow,MBO,Guwahati,Assam,East,SKU40078,Matte Lip Color Rose 4.2Ml,Renee,Makeup,Lipstick,Top 25,Active,650,5,5,,0,0,BGR East,4,4,,50,2,84.7,,
2025-12,OL1006,HG-INORBIT GUWAHATI 6,Health & Glow,MBO,Guwahati,Assam,East,SKU40108,Matte Lip Color Peach 4.2Ml,Renee,Makeup,Lipstick,Top 10,Active,650,31,37,,6,5018,BGR East,12,12,,50,2,84.7,,
2025-12,OL1006,HG-INORBIT GUWAHATI 6,Health & Glow,MBO,Guwahati,Assam,East,SKU40202,Liquid Lipstick Mocha 5Ml,Renee,Makeup,Lipstick,Top 25,Active,799,11,15,,4,4112,BGR East,8,8,,50,2,84.7,2025-11,
2025-12,OL1006,HG-INORBIT GUWAHATI 6,Health & Glow,MBO,Guwahati,Assam,East,SKU40281,Midnight Eyeliner Berry 2.5Ml,Renee,Makeup,Eyeliner,Others,Active,299,2,1,,5,1924,BGR East,6,4,,50,2,84.7,,
2025-12,OL1006,HG-INORBIT GUWAHATI 6,Health & Glow,MBO,Guwahati,Assam,East,SKU40318,Midnight Eyeliner Hazelnut 2.5Ml,Renee,Makeup,Eyeliner,Others,Active,650,2,4,,2,1673,BGR East,4,4,,50,2,84.7,,
2025-12,OL1006,HG-INORBIT GUWAHATI 6,Health & Glow,MBO,Guwahati,Assam,East,SKU40381,Midnight Eyeliner Ocean 2.5Ml,Renee,Makeup,Eyeliner,Top 25,Active,699,22,23,,4,3597,BGR East,8,5,,50,2,84.7,,
2025-12,OL1006,HG-INORBIT GUWAHATI 6,Health & Glow,MBO,Guwahati,Assam,East,SKU40544,Bb Cream Peach 30Ml,Renee,Makeup,Foundation,Top 10,Active,599,18,26,,9,6936,BGR East,17,17,,50,2,84.7,,
2025-12,OL1006,HG-INORBIT GUWAHATI 6,Health & Glow,MBO,Guwahati,Assam,East,SKU40588,Bb Cream Coral 30Ml,Renee,Makeup,Foundation,Top 10,Active,349,107,120,,14,6287,BGR East,29,27,,50,2,84.7,,
2025-12,OL1006,HG-INORBIT GUWAHATI 6,Health & Glow,MBO,Guwahati,Assam,East,SKU40595,Compact Powder Mocha 9Gm,Renee,Makeup,Foundation,Top 10,Active,449,114,114,,16,9243,BGR East,23,16,,50,2,84.7,,
2025-12,OL1006,HG-INORBIT GUWAHATI 6,Health & Glow,MBO,Guwahati,Assam,East,SKU40662,Compact Powder Nude 9Gm,Renee,Makeup,Foundation,Top 25,Active,1199,11,13,,4,6171,BGR East,6,6,,50,2,84.7,,
2025-12,OL1006,HG-INORBIT GUWAHATI 6,Health & Glow,MBO,Guwahati,Assam,East,SKU40722,Compact Powder Berry 9Gm,Renee,Makeup,Foundation,Top 10,Active,799,53,55,,4,4112,BGR East,7,6,,50,2,84.7,,
2025-12,OL1006,HG-INORBIT GUWAHATI 6,Health & Glow,MBO,Guwahati,Assam,East,SKU40836,Blending Brush R4,Renee,Makeup,Brushes,Top 10,Active,1199,44,43,,12,18512,BGR East,14,11,,50,2,84.7,,
2025-12,OL1006,HG-INORBIT GUWAHATI 6,Health & Glow,MBO,Guwahati,Assam,East,SKU40850,Powder Brush R8,Renee,Makeup,Brushes,Top 25,Active,650,0,4,,10,8363,BGR East,15,14,,50,2,84.7,,
2025-12,OL1006,HG-INORBIT GUWAHATI 6,Health & Glow,MBO,Guwahati,Assam,East,SKU40951,Sunscreen Gel Spf 50 70Ml,Renee,Skincare,Sunscreen,Top 25,Active,999,6,7,,3,3856,BGR East,5,4,,45,2,84.7,,
2025-12,OL1006,HG-INORBIT GUWAHATI 6,Health & Glow,MBO,Guwahati,Assam,East,SKU40972,Sunscreen Gel Spf 50 70Ml,Renee,Skincare,Sunscreen,Top 25,Active,599,25,20,,12,9248,BGR East,11,7,,45,2,84.7,,
2025-12,OL1006,HG-INORBIT GUWAHATI 6,Health & Glow,MBO,Guwahati,Assam,East,SKU41024,Vitamin C Serum 30Ml,Renee,Skincare,Serum,Others,Active,449,13,15,,2,1155,BGR East,5,4,,45,2,84.7,,
2025-12,OL1006,HG-INORBIT GUWAHATI 6,Health & Glow,MBO,Guwahati,Assam,East,SKU41295,Perfume Rose 50Ml,Renee,Fragrance,EDP,Top 25,Active,599,76,79,,15,11560,BGR East,20,18,,55,2,84.7,,
2025-12,OL1006,HG-INORBIT GUWAHATI 6,Health & Glow,MBO,Guwahati,Assam,East,SKU41382,Perfume Peach 50Ml,Renee,Fragrance,EDP,Top 25,Active,499,10,10,,7,4494,BGR East,10,7,,55,2,84.7,2025-08,
2025-12,OL1006,HG-INORBIT GUWAHATI 6,Health & Glow,MBO,Guwahati,Assam,East,SKU41420,Body Mist Coral 100Ml,Renee,Fragrance,Body Mist,Top 25,Active,399,5,40,,6,3080,BGR East,14,14,,55,2,84.7,,
2025-12,OL1006,HG-INORBIT GUWAHATI 6,Health & Glow,MBO,Guwahati,Assam,East,SKU41476,Body Mist Mocha 100Ml,Renee,Fragrance,Body Mist,Top 10,Active,799,108,105,,0,0,BGR East,12,8,,55,2,84.7,,
2025-12,OL1006,HG-INORBIT GUWAHATI 6,Health & Glow,MBO,Guwahati,Assam,East,SKU41536,Body Mist Nude 100Ml,Renee,Fragrance,Body Mist,Top 25,Active,349,30,39,,17,7634,BGR East,26,26,,55,2,84.7,,
2025-12,OL1006,HG-INORBIT GUWAHATI 6,Health & Glow,MBO,Guwahati,Assam,East,SKU41647,Hair Oil Hazelnut 100Ml,Renee,Haircare,Hair Oil,Others,Active,799,4,6,,3,3084,BGR East,5,5,,35,2,84.7,,
2025-12,OL1007,HG-NEXUS JAIPUR 7,Health & Glow,MBO,Jaipur,Rajasthan,North,SKU40127,Matte Lip Color Coral 4.2Ml,Renee,Makeup,Lipstick,Top 25,Active,499,12,11,,8,4665,BGR North,9,7,,50,4,92.2,,
2025-12,OL1007,HG-NEXUS JAIPUR 7,Health & Glow,MBO,Jaipur,Rajasthan,North,SKU40202,Liquid Lipstick Mocha 5Ml,Renee,Makeup,Lipstick,Top 25,Active,799,5,6,,3,2801,BGR North,5,4,,50,4,92.2,2025-11,
2025-12,OL1007,HG-NEXUS JAIPUR 7,Health & Glow,MBO,Jaipur,Rajasthan,North,SKU40318,Midnight Eyeliner Hazelnut 2.5Ml,Renee,Makeup,Eyeliner,Others,Active,650,44,0,,3,2279,BGR North,8,7,,50,4,92.2,,
2025-12,OL1007,HG-NEXUS JAIPUR 7,Health & Glow,MBO,Jaipur,Rajasthan,North,SKU40381,Midnight Eyeliner Ocean 2.5Ml,Renee,Makeup,Eyeliner,Top 25,Active,699,49,52,,5,4084,BGR North,10,8,,50,4,92.2,,
2025-12,OL1007,HG-NEXUS JAIPUR 7,Health & Glow,MBO,Jaipur,Rajasthan,North,SKU40544,Bb Cream Peach 30Ml,Renee,Makeup,Foundation,Top 10,Active,599,4,5,,0,0,BGR North,1,1,,50,4,92.2,,
2025-12,OL1007,HG-NEXUS JAIPUR 7,Health & Glow,MBO,Jaipur,Rajasthan,North,SKU40595,Compact Powder Mocha 9Gm,Renee,Makeup,Foundation,Top 10,Active,449,0,20,,24,12593,BGR North,44,44,,50,4,92.2,,
2025-12,OL1007,HG-NEXUS JAIPUR 7,Health & Glow,MBO,Jaipur,Rajasthan,North,SKU40662,Compact Powder Nude 9Gm,Renee,Makeup,Foundation,Top 25,Active,1199,15,18,,3,4204,BGR North,6,6,,50,4,92.2,,
2025-12,OL1007,HG-NEXUS JAIPUR 7,Health & Glow,MBO,Jaipur,Rajasthan,North,SKU40722,Compact Powder Berry 9Gm,Renee,Makeup,Foundation,Top 10,Active,799,0,45,,4,3735,BGR North,5,4,,50,4,92.2,,
2025-12,OL1007,HG-NEXUS JAIPUR 7,Health & Glow,MBO,Jaipur,Rajasthan,North,SKU40763,Blending Brush R6,Renee,Makeup,Brushes,Others,Active,349,0,1,,3,1224,BGR North,5,4,,50,4,92.2,,
2025-12,OL1007,HG-NEXUS JAIPUR 7,Health & Glow,MBO,Jaipur,Rajasthan,North,SKU40812,Blending Brush R1,Renee,Makeup,Brushes,Top 10,Active,599,64,0,,16,11200,BGR North,15,10,,50,4,92.2,2025-09,
2025-12,OL1007,HG-NEXUS JAIPUR 7,Health & Glow,MBO,Jaipur,Rajasthan,North,SKU40928,Powder Brush R4,Renee,Makeup,Brushes,Top 25,Active,650,9,15,,8,6077,BGR North,14,14,,50,4,92.2,,
2025-12,OL1007,HG-NEXUS JAIPUR 7,Health & Glow,MBO,Jaipur,Rajasthan,North,SKU40951,Sunscreen Gel Spf 50 70Ml,Renee,Skincare,Sunscreen,Top 25,Active,999,5,7,,3,3502,BGR North,5,5,,45,4,92.2,,
2025-12,OL1007,HG-NEXUS JAIPUR 7,Health & Glow,MBO,Jaipur,Rajasthan,North,SKU41032,Face Wash Hazelnut 60Ml,Renee,Skincare,Cleanser,Others,Active,499,11,12,,2,1166,BGR North,5,3,,45,4,92.2,,
2025-12,OL1007,HG-NEXUS JAIPUR 7,Health & Glow,MBO,Jaipur,Rajasthan,North,SKU41048,Face Wash Ocean 20Ml,Renee,Skincare,Cleanser,Others,Active,349,59,60,,6,2447,BGR North,10,7,,45,4,92.2,,
2025-12,OL1007,HG-NEXUS JAIPUR 7,Health & Glow,MBO,Jaipur,Rajasthan,North,SKU41420,Body Mist Coral 100Ml,Renee,Fragrance,Body Mist,Top 25,Active,399,12,0,,8,3730,BGR North,14,14,,55,4,92.2,,
2025-12,OL1007,HG-NEXUS JAIPUR 7,Health & Glow,MBO,Jaipur,Rajasthan,North,SKU41476,Body Mist Mocha 100Ml,Renee,Fragrance,Body Mist,Top 10,Active,799,81,86,,20,18675,BGR North,37,25,,55,4,92.2,,
2025-12,OL1007,HG-NEXUS JAIPUR 7,Health & Glow,MBO,Jaipur,Rajasthan,North,SKU41536,Body Mist Nude 100Ml,Renee,Fragrance,Body Mist,Top 25,Active,349,23,30,,0,0,BGR North,24,21,,55,4,92.2,,
2025-12,OL1008,HG-PHOENIX KOCHI 8,Health & Glow,MBO,Kochi,Kerala,South,SKU40425,Kajal Vanilla 0.35Gm,Renee,Makeup,Eyeliner,Top 25,Active,299,78,80,,0,0,BGR South,3,2,,50,1,75.4,,
2025-12,OL1008,HG-PHOENIX KOCHI 8,Health & Glow,MBO,Kochi,Kerala,South,SKU40544,Bb Cream Peach 30Ml,Renee,Makeup,Foundation,Top 10,Active,599,0,1,,3,1930,BGR South,9,6,,50,1,75.4,,
2025-12,OL1008,HG-PHOENIX KOCHI 8,Health & Glow,MBO,Kochi,Kerala,South,SKU40722,Compact Powder Berry 9Gm,Renee,Makeup,Foundation,Top 10,Active,799,14,21,,3,2574,BGR South,3,2,,50,1,75.4,,
2025-12,OL1008,HG-PHOENIX KOCHI 8,Health & Glow,MBO,Kochi,Kerala,South,SKU40763,Blending Brush R6,Renee,Makeup,Brushes,Others,Active,349,14,17,,4,1499,BGR South,9,7,,50,1,75.4,,
2025-12,OL1008,HG-PHOENIX KOCHI 8,Health & Glow,MBO,Kochi,Kerala,South,SKU40812,Blending Brush R1,Renee,Makeup,Brushes,Top 10,Active,599,21,23,,8,5147,BGR South,10,10,,50,1,75.4,2025-09,
2025-12,OL1008,HG-PHOENIX KOCHI 8,Health & Glow,MBO,Kochi,Kerala,South,SKU40850,Powder Brush R8,Renee,Makeup,Brushes,Top 25,Active,650,0,0,,4,2792,BGR South,6,4,,50,1,75.4,,
2025-12,OL1008,HG-PHOENIX KOCHI 8,Health & Glow,MBO,Kochi,Kerala,South,SKU40928,Powder Brush R4,Renee,Makeup,Brushes,Top 25,Active,650,22,27,,4,2792,BGR South,9,9,,50,1,75.4,,
2025-12,OL1008,HG-PHOENIX KOCHI 8,Health & Glow,MBO,Kochi,Kerala,South,SKU40972,Sunscreen Gel Spf 50 70Ml,Renee,Skincare,Sunscreen,Top 25,Active,599,16,17,,6,3860,BGR South,10,7,,45,1,75.4,,
2025-12,OL1008,HG-PHOENIX KOCHI 8,Health & Glow,MBO,Kochi,Kerala,South,SKU40979,Sunscreen Gel Spf 50 50Ml,Renee,Skincare,Sunscreen,Top 25,Active,799,11,11,,4,3432,BGR South,6,4,,45,1,75.4,,
2025-12,OL1008,HG-PHOENIX KOCHI 8,Health & Glow,MBO,Kochi,Kerala,South,SKU41129,Face Wash Vanilla 40Ml,Renee,Skincare,Cleanser,Others,Active,299,24,25,,3,963,BGR South,5,4,,45,1,75.4,,
2025-12,OL1008,HG-PHOENIX KOCHI 8,Health & Glow,MBO,Kochi,Kerala,South,SKU41215,Perfume Midnight 50Ml,Renee,Fragrance,EDP,Others,Active,399,1,1,,2,857,BGR South,4,2,,55,1,75.4,,
2025-12,OL1008,HG-PHOENIX KOCHI 8,Health & Glow,MBO,Kochi,Kerala,South,SKU41382,Perfume Peach 50Ml,Renee,Fragrance,EDP,Top 25,Active,499,14,38,,6,3215,BGR South,9,8,,55,1,75.4,2025-08,
2025-12,OL1008,HG-PHOENIX KOCHI 8,Health & Glow,MBO,Kochi,Kerala,South,SKU41476,Body Mist Mocha 100Ml,Renee,Fragrance,Body Mist,Top 10,Active,799,13,17,,20,17162,BGR South,24,24,,55,1,75.4,,
2025-12,OL1008,HG-PHOENIX KOCHI 8,Health & Glow,MBO,Kochi,Kerala,South,SKU41608,Hair Oil Berry 100Ml,Renee,Haircare,Hair Oil,Others,Active,449,9,11,,2,964,BGR South,5,4,,35,1,75.4,,
2025-12,OL1008,HG-PHOENIX KOCHI 8,Health & Glow,MBO,Kochi,Kerala,South,SKU41647,Hair Oil Hazelnut 100Ml,Renee,Haircare,Hair Oil,Others,Active,799,4,22,,4,3432,BGR South,8,7,,35,1,75.4,,
2025-12,OL1009,HG-SELECT MUMBAI 9,Health & Glow,MBO,Mumbai,Maharashtra,West,SKU40078,Matte Lip Color Rose 4.2Ml,Renee,Makeup,Lipstick,Top 25,Active,650,2,7,,9,7235,BGR West,16,14,,50,4,67,,
2025-12,OL1009,HG-SELECT MUMBAI 9,Health & Glow,MBO,Mumbai,Maharashtra,West,SKU40108,Matte Lip Color Peach 4.2Ml,Renee,Makeup,Lipstick,Top 10,Active,650,20,22,,8,6431,BGR West,13,10,,50,4,67,,
2025-12,OL1009,HG-SELECT MUMBAI 9,Health & Glow,MBO,Mumbai,Maharashtra,West,SKU40127,Matte Lip Color Coral 4.2Ml,Renee,Makeup,Lipstick,Top 25,Active,499,5,6,,3,1851,BGR West,7,6,,50,4,67,,
2025-12,OL1009,HG-SELECT MUMBAI 9,Health & Glow,MBO,Mumbai,Maharashtra,West,SKU40266,Liquid Lipstick Nude 5Ml,Renee,Makeup,Lipstick,Top 10,Active,799,24,0,,9,8893,BGR West,17,17,,50,4,67,,
2025-12,OL1009,HG-SELECT MUMBAI 9,Health & Glow,MBO,Mumbai,Maharashtra,West,SKU40281,Midnight Eyeliner Berry 2.5Ml,Renee,Makeup,Eyeliner,Others,Active,299,16,19,,8,2958,BGR West,13,11,,50,4,67,,
2025-12,OL1009,HG-SELECT MUMBAI 9,Health & Glow,MBO,Mumbai,Maharashtra,West,SKU40318,Midnight Eyeliner Hazelnut 2.5Ml,Renee,Makeup,Eyeliner,Others,Active,650,12,0,,2,1608,BGR West,2,2,,50,4,67,,
2025-12,OL1009,HG-SELECT MUMBAI 9,Health & Glow,MBO,Mumbai,Maharashtra,West,SKU40381,Midnight Eyeliner Ocean 2.5Ml,Renee,Makeup,Eyeliner,Top 25,Active,699,15,16,,4,3458,BGR West,7,5,,50,4,67,,
2025-12,OL1009,HG-SELECT MUMBAI 9,Health & Glow,MBO,Mumbai,Maharashtra,West,SKU40595,Compact Powder Mocha 9Gm,Renee,Makeup,Foundation,Top 10,Active,449,98,109,,13,7219,BGR West,24,24,,50,4,67,,
2025-12,OL1009,HG-SELECT MUMBAI 9,Health & Glow,MBO,Mumbai,Maharashtra,West,SKU40763,Blending Brush R6,Renee,Makeup,Brushes,Others,Active,349,3,6,,4,1726,BGR West,8,7,,50,4,67,,
2025-12,OL1009,HG-SELECT MUMBAI 9,Health & Glow,MBO,Mumbai,Maharashtra,West,SKU40850,Powder Brush R8,Renee,Makeup,Brushes,Top 25,Active,650,14,21,,8,6431,BGR West,16,15,,50,4,67,,
2025-12,OL1009,HG-SELECT MUMBAI 9,Health & Glow,MBO,Mumbai,Maharashtra,West,SKU40928,Powder Brush R4,Renee,Makeup,Brushes,Top 25,Active,650,26,24,,8,6431,BGR West,8,6,,50,4,67,,
2025-12,OL1009,HG-SELECT MUMBAI 9,Health & Glow,MBO,Mumbai,Maharashtra,West,SKU40951,Sunscreen Gel Spf 50 70Ml,Renee,Skincare,Sunscreen,Top 25,Active,999,7,8,,3,3706,BGR West,7,5,,45,4,67,,
2025-12,OL1009,HG-SELECT MUMBAI 9,Health & Glow,MBO,Mumbai,Maharashtra,West,SKU41024,Vitamin C Serum 30Ml,Renee,Skincare,Serum,Others,Active,449,3,1,,1,555,BGR West,1,0,,45,4,67,,
2025-12,OL1009,HG-SELECT MUMBAI 9,Health & Glow,MBO,Mumbai,Maharashtra,West,SKU41032,Face Wash Hazelnut 60Ml,Renee,Skincare,Cleanser,Others,Active,499,4,6,,1,617,BGR West,4,3,,45,4,67,,
2025-12,OL1009,HG-SELECT MUMBAI 9,Health & Glow,MBO,Mumbai,Maharashtra,West,SKU41048,Face Wash Ocean 20Ml,Renee,Skincare,Cleanser,Others,Active,349,4,3,,4,1726,BGR West,5,3,,45,4,67,,
2025-12,OL1009,HG-SELECT MUMBAI 9,Health & Glow,MBO,Mumbai,Maharashtra,West,SKU41129,Face Wash Vanilla 40Ml,Renee,Skincare,Cleanser,Others,Active,299,1,3,,4,1479,BGR West,7,6,,45,4,67,,
2025-12,OL1009,HG-SELECT MUMBAI 9,Health & Glow,MBO,Mumbai,Maharashtra,West,SKU41215,Perfume Midnight 50Ml,Renee,Fragrance,EDP,Others,Active,399,10,10,,2,987,BGR West,2,1,,55,4,67,,
2025-12,OL1009,HG-SELECT MUMBAI 9,Health & Glow,MBO,Mumbai,Maharashtra,West,SKU41295,Perfume Rose 50Ml,Renee,Fragrance,EDP,Top 25,Active,599,0,5,,7,5185,BGR West,11,11,,55,4,67,,
2025-12,OL1009,HG-SELECT MUMBAI 9,Health & Glow,MBO,Mumbai,Maharashtra,West,SKU41382,Perfume Peach 50Ml,Renee,Fragrance,EDP,Top 25,Active,499,32,33,,5,3086,BGR West,7,6,,55,4,67,2025-08,
2025-12,OL1009,HG-SELECT MUMBAI 9,Health & Glow,MBO,Mumbai,Maharashtra,West,SKU41536,Body Mist Nude 100Ml,Renee,Fragrance,Body Mist,Top 25,Active,349,0,4,,6,2590,BGR West,13,10,,55,4,67,,
2025-12,OL1009,HG-SELECT MUMBAI 9,Health & Glow,MBO,Mumbai,Maharashtra,West,SKU41647,Hair Oil Hazelnut 100Ml,Renee,Haircare,Hair Oil,Others,Active,799,2,0,,3,2964,BGR West,4,2,,35,4,67,,
2025-12,OL1010,HG-GALLERIA BANGALORE 10,Health & Glow,MBO,Bangalore,Karnataka,South,SKU40127,Matte Lip Color Coral 4.2Ml,Renee,Makeup,Lipstick,Top 25,Active,499,7,9,,3,1785,BGR South,6,5,,50,4,46.1,,
2025-12,OL1010,HG-GALLERIA BANGALORE 10,Health & Glow,MBO,Bangalore,Karnataka,South,SKU40266,Liquid Lipstick Nude 5Ml,Renee,Makeup,Lipstick,Top 10,Active,799,15,13,,6,5715,BGR South,5,4,,50,4,46.1,,
2025-12,OL1010,HG-GALLERIA BANGALORE 10,Health & Glow,MBO,Bangalore,Karnataka,South,SKU40318,Midnight Eyeliner Hazelnut 2.5Ml,Renee,Makeup,Eyeliner,Others,Active,650,15,14,,3,2325,BGR South,4,2,,50,4,46.1,,
2025-12,OL1010,HG-GALLERIA BANGALORE 10,Health & Glow,MBO,Bangalore,Karnataka,South,SKU40544,Bb Cream Peach 30Ml,Renee,Makeup,Foundation,Top 10,Active,599,10,10,,2,1428,BGR South,3,2,,50,4,46.1,,
2025-12,OL1010,HG-GALLERIA BANGALORE 10,Health & Glow,MBO,Bangalore,Karnataka,South,SKU40595,Compact Powder Mocha 9Gm,Renee,Makeup,Foundation,Top 10,Active,449,29,32,,3,1606,BGR South,8,7,,50,4,46.1,,
2025-12,OL1010,HG-GALLERIA BANGALORE 10,Health & Glow,MBO,Bangalore,Karnataka,South,SKU40722,Compact Powder Berry 9Gm,Renee,Makeup,Foundation,Top 10,Active,799,5,5,,4,3810,BGR South,6,4,,50,4,46.1,,
2025-12,OL1010,HG-GALLERIA BANGALORE 10,Health & Glow,MBO,Bangalore,Karnataka,South,SKU40763,Blending Brush R6,Renee,Makeup,Brushes,Others,Active,349,9,11,,2,832,BGR South,6,4,,50,4,46.1,,
2025-12,OL1010,HG-GALLERIA BANGALORE 10,Health & Glow,MBO,Bangalore,Karnataka,South,SKU40812,Blending Brush R1,Renee,Makeup,Brushes,Top 10,Active,599,13,14,,4,2856,BGR South,8,5,,50,4,46.1,2025-09,
2025-12,OL1010,HG-GALLERIA BANGALORE 10,Health & Glow,MBO,Bangalore,Karnataka,South,SKU40836,Blending Brush R4,Renee,Makeup,Brushes,Top 10,Active,1199,8,11,,3,4288,BGR South,6,6,,50,4,46.1,,
2025-12,OL1010,HG-GALLERIA BANGALORE 10,Health & Glow,MBO,Bangalore,Karnataka,South,SKU40972,Sunscreen Gel Spf 50 70Ml,Renee,Skincare,Sunscreen,Top 25,Active,599,4,5,,3,2142,BGR South,6,4,,45,4,46.1,,
2025-12,OL1010,HG-GALLERIA BANGALORE 10,Health & Glow,MBO,Bangalore,Karnataka,South,SKU40979,Sunscreen Gel Spf 50 50Ml,Renee,Skincare,Sunscreen,Top 25,Active,799,36,37,,1,952,BGR South,3,2,,45,4,46.1,,
2025-12,OL1010,HG-GALLERIA BANGALORE 10,Health & Glow,MBO,Bangalore,Karnataka,South,SKU41032,Face Wash Hazelnut 60Ml,Renee,Skincare,Cleanser,Others,Active,499,11,10,,1,595,BGR South,1,0,,45,4,46.1,,
2025-12,OL1010,HG-GALLERIA BANGALORE 10,Health & Glow,MBO,Bangalore,Karnataka,South,SKU41048,Face Wash Ocean 20Ml,Renee,Skincare,Cleanser,Others,Active,349,17,18,,2,832,BGR South,4,3,,45,4,46.1,,
2025-12,OL1010,HG-GALLERIA BANGALORE 10,Health & Glow,MBO,Bangalore,Karnataka,South,SKU41129,Face Wash Vanilla 40Ml,Renee,Skincare,Cleanser,Others,Active,299,6,5,,0,0,BGR South,1,0,,45,4,46.1,,
2025-12,OL1010,HG-GALLERIA BANGALORE 10,Health & Glow,MBO,Bangalore,Karnataka,South,SKU41295,Perfume Rose 50Ml,Renee,Fragrance,EDP,Top 25,Active,599,3,4,,2,1428,BGR South,4,3,,55,4,46.1,,
2025-12,OL1010,HG-GALLERIA BANGALORE 10,Health & Glow,MBO,Bangalore,Karnataka,South,SKU41382,Perfume Peach 50Ml,Renee,Fragrance,EDP,Top 25,Active,499,6,6,,3,1785,BGR South,5,3,,55,4,46.1,2025-08,
2025-12,OL1010,HG-GALLERIA BANGALORE 10,Health & Glow,MBO,Bangalore,Karnataka,South,SKU41536,Body Mist Nude 100Ml,Renee,Fragrance,Body Mist,Top 25,Active,349,4,5,,3,1248,BGR South,5,4,,55,4,46.1,,
2025-12,OL1011,HG-NEXUS MUMBAI 11,Health & Glow,MBO,Mumbai,Maharashtra,West,SKU40078,Matte Lip Color Rose 4.2Ml,Renee,Makeup,Lipstick,Top 25,Active,650,2,2,,3,2257,BGR West,4,3,,50,3,52.2,,
2025-12,OL1011,HG-NEXUS MUMBAI 11,Health & Glow,MBO,Mumbai,Maharashtra,West,SKU40127,Matte Lip Color Coral 4.2Ml,Renee,Makeup,Lipstick,Top 25,Active,499,1,0,,3,1733,BGR West,2,1,,50,3,52.2,,
2025-12,OL1011,HG-NEXUS MUMBAI 11,Health & Glow,MBO,Mumbai,Maharashtra,West,SKU40266,Liquid Lipstick Nude 5Ml,Renee,Makeup,Lipstick,Top 10,Active,799,15,20,,10,9248,BGR West,15,15,,50,3,52.2,,
2025-12,OL1011,HG-NEXUS MUMBAI 11,Health & Glow,MBO,Mumbai,Maharashtra,West,SKU40281,Midnight Eyeliner Berry 2.5Ml,Renee,Makeup,Eyeliner,Others,Active,299,12,14,,2,692,BGR West,5,4,,50,3,52.2,,
2025-12,OL1011,HG-NEXUS MUMBAI 11,Health & Glow,MBO,Mumbai,Maharashtra,West,SKU40318,Midnight Eyeliner Hazelnut 2.5Ml,Renee,Makeup,Eyeliner,Others,Active,650,5,6,,4,3009,BGR West,6,5,,50,3,52.2,,
2025-12,OL1011,HG-NEXUS MUMBAI 11,Health & Glow,MBO,Mumbai,Maharashtra,West,SKU40588,Bb Cream Coral 30Ml,Renee,Makeup,Foundation,Top 10,Active,349,13,18,,6,2424,BGR West,11,11,,50,3,52.2,,
2025-12,OL1011,HG-NEXUS MUMBAI 11,Health & Glow,MBO,Mumbai,Maharashtra,West,SKU40595,Compact Powder Mocha 9Gm,Renee,Makeup,Foundation,Top 10,Active,449,24,28,,8,4158,BGR West,12,12,,50,3,52.2,,
2025-12,OL1011,HG-NEXUS MUMBAI 11,Health & Glow,MBO,Mumbai,Maharashtra,West,SKU40662,Compact Powder Nude 9Gm,Renee,Makeup,Foundation,Top 25,Active,1199,7,8,,1,1388,BGR West,3,2,,50,3,52.2,,
2025-12,OL1011,HG-NEXUS MUMBAI 11,Health & Glow,MBO,Mumbai,Maharashtra,West,SKU40722,Compact Powder Berry 9Gm,Renee,Makeup,Foundation,Top 10,Active,799,25,27,,4,3699,BGR West,6,6,,50,3,52.2,,
2025-12,OL1011,HG-NEXUS MUMBAI 11,Health & Glow,MBO,Mumbai,Maharashtra,West,SKU40812,Blending Brush R1,Renee,Makeup,Brushes,Top 10,Active,599,13,16,,8,5547,BGR West,14,11,,50,3,52.2,2025-09,
2025-12,OL1011,HG-NEXUS MUMBAI 11,Health & Glow,MBO,Mumbai,Maharashtra,West,SKU40951,Sunscreen Gel Spf 50 70Ml,Renee,Skincare,Sunscreen,Top 25,Active,999,5,6,,1,1156,BGR West,3,2,,45,3,52.2,,
2025-12,OL1011,HG-NEXUS MUMBAI 11,Health & Glow,MBO,Mumbai,Maharashtra,West,SKU40972,Sunscreen Gel Spf 50 70Ml,Renee,Skincare,Sunscreen,Top 25,Active,599,9,10,,4,2773,BGR West,6,5,,45,3,52.2,,
2025-12,OL1011,HG-NEXUS MUMBAI 11,Health & Glow,MBO,Mumbai,Maharashtra,West,SKU40979,Sunscreen Gel Spf 50 50Ml,Renee,Skincare,Sunscreen,Top 25,Active,799,19,20,,4,3699,BGR West,5,5,,45,3,52.2,,
2025-12,OL1011,HG-NEXUS MUMBAI 11,Health & Glow,MBO,Mumbai,Maharashtra,West,SKU41024,Vitamin C Serum 30Ml,Renee,Skincare,Serum,Others,Active,449,7,8,,3,1559,BGR West,6,4,,45,3,52.2,,
2025-12,OL1011,HG-NEXUS MUMBAI 11,Health & Glow,MBO,Mumbai,Maharashtra,West,SKU41048,Face Wash Ocean 20Ml,Renee,Skincare,Cleanser,Others,Active,349,9,22,,3,1212,BGR West,5,4,,45,3,52.2,,
2025-12,OL1011,HG-NEXUS MUMBAI 11,Health & Glow,MBO,Mumbai,Maharashtra,West,SKU41129,Face Wash Vanilla 40Ml,Renee,Skincare,Cleanser,Others,Active,299,24,27,,4,1384,BGR West,8,7,,45,3,52.2,,
2025-12,OL1011,HG-NEXUS MUMBAI 11,Health & Glow,MBO,Mumbai,Maharashtra,West,SKU41295,Perfume Rose 50Ml,Renee,Fragrance,EDP,Top 25,Active,599,0,6,,1,693,BGR West,4,4,,55,3,52.2,,
2025-12,OL1011,HG-NEXUS MUMBAI 11,Health & Glow,MBO,Mumbai,Maharashtra,West,SKU41382,Perfume Peach 50Ml,Renee,Fragrance,EDP,Top 25,Active,499,12,13,,3,1733,BGR West,6,4,,55,3,52.2,2025-08,
2025-12,OL1011,HG-NEXUS MUMBAI 11,Health & Glow,MBO,Mumbai,Maharashtra,West,SKU41476,Body Mist Mocha 100Ml,Renee,Fragrance,Body Mist,Top 10,Active,799,0,0,,3,2774,BGR West,2,1,,55,3,52.2,,
2025-12,OL1011,HG-NEXUS MUMBAI 11,Health & Glow,MBO,Mumbai,Maharashtra,West,SKU41608,Hair Oil Berry 100Ml,Renee,Haircare,Hair Oil,Others,Active,449,10,11,,2,1039,BGR West,4,3,,35,3,52.2,,
2025-12,OL1011,HG-NEXUS MUMBAI 11,Health & Glow,MBO,Mumbai,Maharashtra,West,SKU41647,Hair Oil Hazelnut 100Ml,Renee,Haircare,Hair Oil,Others,Active,799,3,2,,1,925,BGR West,1,0,,35,3,52.2,,
2025-12,OL1012,HG-INORBIT AHMEDABAD 12,Health & Glow,MBO,Ahmedabad,Gujarat,West,SKU40127,Matte Lip Color Coral 4.2Ml,Renee,Makeup,Lipstick,Top 25,Active,499,38,0,,5,2900,BGR West,12,11,,50,2,61.3,,
2025-12,OL1012,HG-INORBIT AHMEDABAD 12,Health & Glow,MBO,Ahmedabad,Gujarat,West,SKU40202,Liquid Lipstick Mocha 5Ml,Renee,Makeup,Lipstick,Top 25,Active,799,6,8,,3,2786,BGR West,5,5,,50,2,61.3,2025-11,
2025-12,OL1012,HG-INORBIT AHMEDABAD 12,Health & Glow,MBO,Ahmedabad,Gujarat,West,SKU40281,Midnight Eyeliner Berry 2.5Ml,Renee,Makeup,Eyeliner,Others,Active,299,14,13,,3,1043,BGR West,3,2,,50,2,61.3,,
2025-12,OL1012,HG-INORBIT AHMEDABAD 12,Health & Glow,MBO,Ahmedabad,Gujarat,West,SKU40381,Midnight Eyeliner Ocean 2.5Ml,Renee,Makeup,Eyeliner,Top 25,Active,699,6,6,,4,3250,BGR West,6,4,,50,2,61.3,,
2025-12,OL1012,HG-INORBIT AHMEDABAD 12,Health & Glow,MBO,Ahmedabad,Gujarat,West,SKU40490,Kajal Midnight 0.35Gm,Renee,Makeup,Eyeliner,Top 10,Active,599,35,39,,11,7659,BGR West,15,15,,50,2,61.3,,
2025-12,OL1012,HG-INORBIT AHMEDABAD 12,Health & Glow,MBO,Ahmedabad,Gujarat,West,SKU40544,Bb Cream Peach 30Ml,Renee,Makeup,Foundation,Top 10,Active,599,29,36,,9,6266,BGR West,20,16,,50,2,61.3,,
2025-12,OL1012,HG-INORBIT AHMEDABAD 12,Health & Glow,MBO,Ahmedabad,Gujarat,West,SKU40588,Bb Cream Coral 30Ml,Renee,Makeup,Foundation,Top 10,Active,349,80,85,,16,6491,BGR West,21,21,,50,2,61.3,,
2025-12,OL1012,HG-INORBIT AHMEDABAD 12,Health & Glow,MBO,Ahmedabad,Gujarat,West,SKU40722,Compact Powder Berry 9Gm,Renee,Makeup,Foundation,Top 10,Active,799,7,10,,0,0,BGR West,9,7,,50,2,61.3,,
2025-12,OL1012,HG-INORBIT AHMEDABAD 12,Health & Glow,MBO,Ahmedabad,Gujarat,West,SKU40763,Blending Brush R6,Renee,Makeup,Brushes,Others,Active,349,14,15,,4,1623,BGR West,8,5,,50,2,61.3,,
2025-12,OL1012,HG-INORBIT AHMEDABAD 12,Health & Glow,MBO,Ahmedabad,Gujarat,West,SKU40812,Blending Brush R1,Renee,Makeup,Brushes,Top 10,Active,599,28,32,,6,4178,BGR West,9,8,,50,2,61.3,2025-09,
2025-12,OL1012,HG-INORBIT AHMEDABAD 12,Health & Glow,MBO,Ahmedabad,Gujarat,West,SKU40836,Blending Brush R4,Renee,Makeup,Brushes,Top 10,Active,1199,24,22,,12,16724,BGR West,12,10,,50,2,61.3,,
2025-12,OL1012,HG-INORBIT AHMEDABAD 12,Health & Glow,MBO,Ahmedabad,Gujarat,West,SKU40972,Sunscreen Gel Spf 50 70Ml,Renee,Skincare,Sunscreen,Top 25,Active,599,24,25,,4,2785,BGR West,5,5,,45,2,61.3,,
2025-12,OL1012,HG-INORBIT AHMEDABAD 12,Health & Glow,MBO,Ahmedabad,Gujarat,West,SKU41032,Face Wash Hazelnut 60Ml,Renee,Skincare,Cleanser,Others,Active,499,18,16,,1,580,BGR West,1,0,,45,2,61.3,,
2025-12,OL1012,HG-INORBIT AHMEDABAD 12,Health & Glow,MBO,Ahmedabad,Gujarat,West,SKU41129,Face Wash Vanilla 40Ml,Renee,Skincare,Cleanser,Others,Active,299,7,7,,4,1390,BGR West,5,4,,45,2,61.3,,
2025-12,OL1012,HG-INORBIT AHMEDABAD 12,Health & Glow,MBO,Ahmedabad,Gujarat,West,SKU41295,Perfume Rose 50Ml,Renee,Fragrance,EDP,Top 25,Active,599,36,38,,6,4178,BGR West,12,8,,55,2,61.3,,
2025-12,OL1012,HG-INORBIT AHMEDABAD 12,Health & Glow,MBO,Ahmedabad,Gujarat,West,SKU41382,Perfume Peach 50Ml,Renee,Fragrance,EDP,Top 25,Active,499,13,16,,8,4640,BGR West,14,11,,55,2,61.3,2025-08,
2025-12,OL1012,HG-INORBIT AHMEDABAD 12,Health & Glow,MBO,Ahmedabad,Gujarat,West,SKU41476,Body Mist Mocha 100Ml,Renee,Fragrance,Body Mist,Top 10,Active,799,0,6,,10,9287,BGR West,20,16,,55,2,61.3,,
2025-12,OL1012,HG-INORBIT AHMEDABAD 12,Health & Glow,MBO,Ahmedabad,Gujarat,West,SKU41608,Hair Oil Berry 100Ml,Renee,Haircare,Hair Oil,Others,Active,449,6,5,,1,522,BGR West,1,0,,35,2,61.3,,
2025-12,OL1013,HG-SELECT SURAT 13,Health & Glow,MBO,Surat,Gujarat,West,SKU40078,Matte Lip Color Rose 4.2Ml,Renee,Makeup,Lipstick,Top 25,Active,650,35,38,,6,3819,BGR West,11,9,,50,2,89,,
2025-12,OL1013,HG-SELECT SURAT 13,Health & Glow,MBO,Surat,Gujarat,West,SKU40202,Liquid Lipstick Mocha 5Ml,Renee,Makeup,Lipstick,Top 25,Active,799,12,11,,4,3130,BGR West,4,3,,50,2,89,2025-11,
2025-12,OL1013,HG-SELECT SURAT 13,Health & Glow,MBO,Surat,Gujarat,West,SKU40281,Midnight Eyeliner Berry 2.5Ml,Renee,Makeup,Eyeliner,Others,Active,299,0,2,,4,1171,BGR West,7,6,,50,2,89,,
2025-12,OL1013,HG-SELECT SURAT 13,Health & Glow,MBO,Surat,Gujarat,West,SKU40544,Bb Cream Peach 30Ml,Renee,Makeup,Foundation,Top 10,Active,599,92,95,,12,7039,BGR West,15,15,,50,2,89,,
2025-12,OL1013,HG-SELECT SURAT 13,Health & Glow,MBO,Surat,Gujarat,West,SKU40588,Bb Cream Coral 30Ml,Renee,Makeup,Foundation,Top 10,Active,349,104,98,,18,6152,BGR West,18,12,,50,2,89,,
2025-12,OL1013,HG-SELECT SURAT 13,Health & Glow,MBO,Surat,Gujarat,West,SKU40595,Compact Powder Mocha 9Gm,Renee,Makeup,Foundation,Top 10,Active,449,30,31,,12,5276,BGR West,15,13,,50,2,89,,
2025-12,OL1013,HG-SELECT SURAT 13,Health & Glow,MBO,Surat,Gujarat,West,SKU40662,Compact Powder Nude 9Gm,Renee,Makeup,Foundation,Top 25,Active,1199,1,1,,2,2348,BGR West,3,2,,50,2,89,,
2025-12,OL1013,HG-SELECT SURAT 13,Health & Glow,MBO,Surat,Gujarat,West,SKU40763,Blending Brush R6,Renee,Makeup,Brushes,Others,Active,349,22,22,,4,1367,BGR West,7,4,,50,2,89,,
2025-12,OL1013,HG-SELECT SURAT 13,Health & Glow,MBO,Surat,Gujarat,West,SKU40836,Blending Brush R4,Renee,Makeup,Brushes,Top 10,Active,1199,28,32,,19,22309,BGR West,23,23,,50,2,89,,
2025-12,OL1013,HG-SELECT SURAT 13,Health & Glow,MBO,Surat,Gujarat,West,SKU40928,Powder Brush R4,Renee,Makeup,Brushes,Top 25,Active,650,0,7,,6,3819,BGR West,13,13,,50,2,89,,
2025-12,OL1013,HG-SELECT SURAT 13,Health & Glow,MBO,Surat,Gujarat,West,SKU40979,Sunscreen Gel Spf 50 50Ml,Renee,Skincare,Sunscreen,Top 25,Active,799,0,0,,2,1565,BGR West,4,4,,45,2,89,,
2025-12,OL1013,HG-SELECT SURAT 13,Health & Glow,MBO,Surat,Gujarat,West,SKU41024,Vitamin C Serum 30Ml,Renee,Skincare,Serum,Others,Active,449,10,13,,2,879,BGR West,6,5,,45,2,89,,
2025-12,OL1013,HG-SELECT SURAT 13,Health & Glow,MBO,Surat,Gujarat,West,SKU41048,Face Wash Ocean 20Ml,Renee,Skincare,Cleanser,Others,Active,349,17,16,,4,1367,BGR West,4,3,,45,2,89,,
2025-12,OL1013,HG-SELECT SURAT 13,Health & Glow,MBO,Surat,Gujarat,West,SKU41129,Face Wash Vanilla 40Ml,Renee,Skincare,Cleanser,Others,Active,299,8,9,,2,586,BGR West,5,4,,45,2,89,,
2025-12,OL1013,HG-SELECT SURAT 13,Health & Glow,MBO,Surat,Gujarat,West,SKU41295,Perfume Rose 50Ml,Renee,Fragrance,EDP,Top 25,Active,599,71,75,,10,5866,BGR West,15,14,,55,2,89,,
2025-12,OL1013,HG-SELECT SURAT 13,Health & Glow,MBO,Surat,Gujarat,West,SKU41382,Perfume Peach 50Ml,Renee,Fragrance,EDP,Top 25,Active,499,6,6,,8,3909,BGR West,8,8,,55,2,89,2025-08,
2025-12,OL1013,HG-SELECT SURAT 13,Health & Glow,MBO,Surat,Gujarat,West,SKU41420,Body Mist Coral 100Ml,Renee,Fragrance,Body Mist,Top 25,Active,399,4,8,,6,2344,BGR West,10,10,,55,2,89,,
2025-12,OL1013,HG-SELECT SURAT 13,Health & Glow,MBO,Surat,Gujarat,West,SKU41476,Body Mist Mocha 100Ml,Renee,Fragrance,Body Mist,Top 10,Active,799,10,15,,16,12519,BGR West,21,21,,55,2,89,,
2025-12,OL1013,HG-SELECT SURAT 13,Health & Glow,MBO,Surat,Gujarat,West,SKU41536,Body Mist Nude 100Ml,Renee,Fragrance,Body Mist,Top 25,Active,349,26,27,,6,2051,BGR West,10,10,,55,2,89,,
2025-12,OL1013,HG-SELECT SURAT 13,Health & Glow,MBO,Surat,Gujarat,West,SKU41608,Hair Oil Berry 100Ml,Renee,Haircare,Hair Oil,Others,Active,449,0,2,,2,879,BGR West,5,4,,35,2,89,,
2025-12,OL1013,HG-SELECT SURAT 13,Health & Glow,MBO,Surat,Gujarat,West,SKU41647,Hair Oil Hazelnut 100Ml,Renee,Haircare,Hair Oil,Others,Active,799,23,26,,3,2347,BGR West,6,6,,35,2,89,,
2025-12,OL1014,HG-FORUM CHANDIGARH 14,Health & Glow,MBO,Chandigarh,Punjab,North,SKU40266,Liquid Lipstick Nude 5Ml,Renee,Makeup,Lipstick,Top 10,Active,799,7,9,,4,3830,BGR North,6,6,,50,1,80.6,,
2025-12,OL1014,HG-FORUM CHANDIGARH 14,Health & Glow,MBO,Chandigarh,Punjab,North,SKU40318,Midnight Eyeliner Hazelnut 2.5Ml,Renee,Makeup,Eyeliner,Others,Active,650,1,1,,3,2337,BGR North,4,3,,50,1,80.6,,
2025-12,OL1014,HG-FORUM CHANDIGARH 14,Health & Glow,MBO,Chandigarh,Punjab,North,SKU40381,Midnight Eyeliner Ocean 2.5Ml,Renee,Makeup,Eyeliner,Top 25,Active,699,26,25,,1,838,BGR North,1,0,,50,1,80.6,,
2025-12,OL1014,HG-FORUM CHANDIGARH 14,Health & Glow,MBO,Chandigarh,Punjab,North,SKU40544,Bb Cream Peach 30Ml,Renee,Makeup,Foundation,Top 10,Active,599,6,7,,4,2871,BGR North,6,5,,50,1,80.6,,
2025-12,OL1014,HG-FORUM CHANDIGARH 14,Health & Glow,MBO,Chandigarh,Punjab,North,SKU40588,Bb Cream Coral 30Ml,Renee,Makeup,Foundation,Top 10,Active,349,19,21,,8,3346,BGR North,10,10,,50,1,80.6,,
2025-12,OL1014,HG-FORUM CHANDIGARH 14,Health & Glow,MBO,Chandigarh,Punjab,North,SKU40722,Compact Powder Berry 9Gm,Renee,Makeup,Foundation,Top 10,Active,799,14,14,,2,1915,BGR North,2,2,,50,1,80.6,,
2025-12,OL1014,HG-FORUM CHANDIGARH 14,Health & Glow,MBO,Chandigarh,Punjab,North,SKU40812,Blending Brush R1,Renee,Makeup,Brushes,Top 10,Active,599,0,0,,4,2871,BGR North,4,3,,50,1,80.6,2025-09,
2025-12,OL1014,HG-FORUM CHANDIGARH 14,Health & Glow,MBO,Chandigarh,Punjab,North,SKU40836,Blending Brush R4,Renee,Makeup,Brushes,Top 10,Active,1199,24,29,,2,2873,BGR North,8,8,,50,1,80.6,,
2025-12,OL1014,HG-FORUM CHANDIGARH 14,Health & Glow,MBO,Chandigarh,Punjab,North,SKU40928,Powder Brush R4,Renee,Makeup,Brushes,Top 25,Active,650,13,14,,0,0,BGR North,2,1,,50,1,80.6,,
2025-12,OL1014,HG-FORUM CHANDIGARH 14,Health & Glow,MBO,Chandigarh,Punjab,North,SKU40951,Sunscreen Gel Spf 50 70Ml,Renee,Skincare,Sunscreen,Top 25,Active,999,8,7,,4,4788,BGR North,4,3,,45,1,80.6,,
2025-12,OL1014,HG-FORUM CHANDIGARH 14,Health & Glow,MBO,Chandigarh,Punjab,North,SKU41024,Vitamin C Serum 30Ml,Renee,Skincare,Serum,Others,Active,449,4,8,,4,2152,BGR North,8,8,,45,1,80.6,,
2025-12,OL1014,HG-FORUM CHANDIGARH 14,Health & Glow,MBO,Chandigarh,Punjab,North,SKU41048,Face Wash Ocean 20Ml,Renee,Skincare,Cleanser,Others,Active,349,0,3,,4,1673,BGR North,7,7,,45,1,80.6,,
2025-12,OL1014,HG-FORUM CHANDIGARH 14,Health & Glow,MBO,Chandigarh,Punjab,North,SKU41129,Face Wash Vanilla 40Ml,Renee,Skincare,Cleanser,Others,Active,299,5,0,,3,1075,BGR North,8,8,,45,1,80.6,,
2025-12,OL1014,HG-FORUM CHANDIGARH 14,Health & Glow,MBO,Chandigarh,Punjab,North,SKU41382,Perfume Peach 50Ml,Renee,Fragrance,EDP,Top 25,Active,499,12,13,,4,2392,BGR North,6,5,,55,1,80.6,2025-08,
2025-12,OL1014,HG-FORUM CHANDIGARH 14,Health & Glow,MBO,Chandigarh,Punjab,North,SKU41420,Body Mist Coral 100Ml,Renee,Fragrance,Body Mist,Top 25,Active,399,18,21,,3,1434,BGR North,6,6,,55,1,80.6,,
2025-12,OL1014,HG-FORUM CHANDIGARH 14,Health & Glow,MBO,Chandigarh,Punjab,North,SKU41476,Body Mist Mocha 100Ml,Renee,Fragrance,Body Mist,Top 10,Active,799,2,4,,3,2872,BGR North,5,5,,55,1,80.6,,
2025-12,OL1014,HG-FORUM CHANDIGARH 14,Health & Glow,MBO,Chandigarh,Punjab,North,SKU41536,Body Mist Nude 100Ml,Renee,Fragrance,Body Mist,Top 25,Active,349,12,13,,3,1255,BGR North,6,4,,55,1,80.6,,
2025-12,OL1014,HG-FORUM CHANDIGARH 14,Health & Glow,MBO,Chandigarh,Punjab,North,SKU41608,Hair Oil Berry 100Ml,Renee,Haircare,Hair Oil,Others,Active,449,20,22,,3,1614,BGR North,6,5,,35,1,80.6,,
2025-12,OL1015,HG-FORUM NOIDA 15,Health & Glow,MBO,Noida,Uttar Pradesh,North,SKU40127,Matte Lip Color Coral 4.2Ml,Renee,Makeup,Lipstick,Top 25,Active,499,0,0,,4,2339,BGR North,5,4,,50,2,86.5,,
2025-12,OL1015,HG-FORUM NOIDA 15,Health & Glow,MBO,Noida,Uttar Pradesh,North,SKU40266,Liquid Lipstick Nude 5Ml,Renee,Makeup,Lipstick,Top 10,Active,799,1,9,,8,7490,BGR North,17,16,,50,2,86.5,,
2025-12,OL1015,HG-FORUM NOIDA 15,Health & Glow,MBO,Noida,Uttar Pradesh,North,SKU40490,Kajal Midnight 0.35Gm,Renee,Makeup,Eyeliner,Top 10,Active,599,14,14,,4,2808,BGR North,4,4,,50,2,86.5,,
2025-12,OL1015,HG-FORUM NOIDA 15,Health & Glow,MBO,Noida,Uttar Pradesh,North,SKU40544,Bb Cream Peach 30Ml,Renee,Makeup,Foundation,Top 10,Active,599,25,26,,3,2106,BGR North,6,4,,50,2,86.5,,
2025-12,OL1015,HG-FORUM NOIDA 15,Health & Glow,MBO,Noida,Uttar Pradesh,North,SKU40588,Bb Cream Coral 30Ml,Renee,Makeup,Foundation,Top 10,Active,349,19,19,,4,1636,BGR North,5,4,,50,2,86.5,,
2025-12,OL1015,HG-FORUM NOIDA 15,Health & Glow,MBO,Noida,Uttar Pradesh,North,SKU40595,Compact Powder Mocha 9Gm,Renee,Makeup,Foundation,Top 10,Active,449,13,10,,6,3157,BGR North,5,3,,50,2,86.5,,
2025-12,OL1015,HG-FORUM NOIDA 15,Health & Glow,MBO,Noida,Uttar Pradesh,North,SKU40662,Compact Powder Nude 9Gm,Renee,Makeup,Foundation,Top 25,Active,1199,5,6,,2,2810,BGR North,3,3,,50,2,86.5,,
2025-12,OL1015,HG-FORUM NOIDA 15,Health & Glow,MBO,Noida,Uttar Pradesh,North,SKU40722,Compact Powder Berry 9Gm,Renee,Makeup,Foundation,Top 10,Active,799,19,20,,3,2809,BGR North,7,4,,50,2,86.5,,
2025-12,OL1015,HG-FORUM NOIDA 15,Health & Glow,MBO,Noida,Uttar Pradesh,North,SKU40763,Blending Brush R6,Renee,Makeup,Brushes,Others,Active,349,22,23,,2,818,BGR North,3,3,,50,2,86.5,,
2025-12,OL1015,HG-FORUM NOIDA 15,Health & Glow,MBO,Noida,Uttar Pradesh,North,SKU40836,Blending Brush R4,Renee,Makeup,Brushes,Top 10,Active,1199,7,8,,6,8430,BGR North,10,7,,50,2,86.5,,
2025-12,OL1015,HG-FORUM NOIDA 15,Health & Glow,MBO,Noida,Uttar Pradesh,North,SKU40850,Powder Brush R8,Renee,Makeup,Brushes,Top 25,Active,650,9,13,,4,3047,BGR North,8,8,,50,2,86.5,,
2025-12,OL1015,HG-FORUM NOIDA 15,Health & Glow,MBO,Noida,Uttar Pradesh,North,SKU40928,Powder Brush R4,Renee,Makeup,Brushes,Top 25,Active,650,0,0,,2,1523,BGR North,3,3,,50,2,86.5,,
2025-12,OL1015,HG-FORUM NOIDA 15,Health & Glow,MBO,Noida,Uttar Pradesh,North,SKU40951,Sunscreen Gel Spf 50 70Ml,Renee,Skincare,Sunscreen,Top 25,Active,999,1,2,,1,1171,BGR North,3,2,,45,2,86.5,,
2025-12,OL1015,HG-FORUM NOIDA 15,Health & Glow,MBO,Noida,Uttar Pradesh,North,SKU40979,Sunscreen Gel Spf 50 50Ml,Renee,Skincare,Sunscreen,Top 25,Active,799,28,32,,3,2809,BGR North,10,8,,45,2,86.5,,
2025-12,OL1015,HG-FORUM NOIDA 15,Health & Glow,MBO,Noida,Uttar Pradesh,North,SKU41024,Vitamin C Serum 30Ml,Renee,Skincare,Serum,Others,Active,449,4,6,,4,2105,BGR North,7,6,,45,2,86.5,,
2025-12,OL1015,HG-FORUM NOIDA 15,Health & Glow,MBO,Noida,Uttar Pradesh,North,SKU41048,Face Wash Ocean 20Ml,Renee,Skincare,Cleanser,Others,Active,349,13,15,,4,1636,BGR North,7,6,,45,2,86.5,,
2025-12,OL1015,HG-FORUM NOIDA 15,Health & Glow,MBO,Noida,Uttar Pradesh,North,SKU41295,Perfume Rose 50Ml,Renee,Fragrance,EDP,Top 25,Active,599,13,14,,2,1404,BGR North,3,3,,55,2,86.5,,
2025-12,OL1015,HG-FORUM NOIDA 15,Health & Glow,MBO,Noida,Uttar Pradesh,North,SKU41382,Perfume Peach 50Ml,Renee,Fragrance,EDP,Top 25,Active,499,6,5,,4,2339,BGR North,4,3,,55,2,86.5,2025-08,
2025-12,OL1015,HG-FORUM NOIDA 15,Health & Glow,MBO,Noida,Uttar Pradesh,North,SKU41420,Body Mist Coral 100Ml,Renee,Fragrance,Body Mist,Top 25,Active,399,19,21,,2,935,BGR North,5,4,,55,2,86.5,,
2025-12,OL1015,HG-FORUM NOIDA 15,Health & Glow,MBO,Noida,Uttar Pradesh,North,SKU41536,Body Mist Nude 100Ml,Renee,Fragrance,Body Mist,Top 25,Active,349,47,48,,1,409,BGR North,3,2,,55,2,86.5,,
2025-12,OL1015,HG-FORUM NOIDA 15,Health & Glow,MBO,Noida,Uttar Pradesh,North,SKU41647,Hair Oil Hazelnut 100Ml,Renee,Haircare,Hair Oil,Others,Active,799,6,7,,4,3745,BGR North,5,5,,35,2,86.5,,
2025-12,OL1016,HG-INORBIT KOCHI 16,Health & Glow,MBO,Kochi,Kerala,South,SKU40078,Matte Lip Color Rose 4.2Ml,Renee,Makeup,Lipstick,Top 25,Active,650,1,5,,14,9971,BGR South,27,18,,50,4,61,,
2025-12,OL1016,HG-INORBIT KOCHI 16,Health & Glow,MBO,Kochi,Kerala,South,SKU40281,Midnight Eyeliner Berry 2.5Ml,Renee,Makeup,Eyeliner,Others,Active,299,0,0,,4,1311,BGR South,5,4,,50,4,61,,
2025-12,OL1016,HG-INORBIT KOCHI 16,Health & Glow,MBO,Kochi,Kerala,South,SKU40318,Midnight Eyeliner Hazelnut 2.5Ml,Renee,Makeup,Eyeliner,Others,Active,650,3,0,,0,0,BGR South,6,6,,50,4,61,,
2025-12,OL1016,HG-INORBIT KOCHI 16,Health & Glow,MBO,Kochi,Kerala,South,SKU40490,Kajal Midnight 0.35Gm,Renee,Makeup,Eyeliner,Top 10,Active,599,39,36,,17,11158,BGR South,20,14,,50,4,61,,
2025-12,OL1016,HG-INORBIT KOCHI 16,Health & Glow,MBO,Kochi,Kerala,South,SKU40544,Bb Cream Peach 30Ml,Renee,Makeup,Foundation,Top 10,Active,599,0,126,,16,10502,BGR South,14,12,,50,4,61,,
2025-12,OL1016,HG-INORBIT KOCHI 16,Health & Glow,MBO,Kochi,Kerala,South,SKU40588,Bb Cream Coral 30Ml,Renee,Makeup,Foundation,Top 10,Active,349,126,153,,20,7648,BGR South,29,29,,50,4,61,,
2025-12,OL1016,HG-INORBIT KOCHI 16,Health & Glow,MBO,Kochi,Kerala,South,SKU40662,Compact Powder Nude 9Gm,Renee,Makeup,Foundation,Top 25,Active,1199,0,4,,5,6569,BGR South,10,9,,50,4,61,,
2025-12,OL1016,HG-INORBIT KOCHI 16,Health & Glow,MBO,Kochi,Kerala,South,SKU40722,Compact Powder Berry 9Gm,Renee,Makeup,Foundation,Top 10,Active,799,9,11,,11,9631,BGR South,17,13,,50,4,61,,
2025-12,OL1016,HG-INORBIT KOCHI 16,Health & Glow,MBO,Kochi,Kerala,South,SKU40763,Blending Brush R6,Renee,Makeup,Brushes,Others,Active,349,19,0,,6,2295,BGR South,16,16,,50,4,61,,
2025-12,OL1016,HG-INORBIT KOCHI 16,Health & Glow,MBO,Kochi,Kerala,South,SKU40812,Blending Brush R1,Renee,Makeup,Brushes,Top 10,Active,599,19,25,,17,11158,BGR South,25,23,,50,4,61,2025-09,
2025-12,OL1016,HG-INORBIT KOCHI 16,Health & Glow,MBO,Kochi,Kerala,South,SKU41295,Perfume Rose 50Ml,Renee,Fragrance,EDP,Top 25,Active,599,54,54,,0,0,BGR South,1,0,,55,4,61,,
2025-12,OL1016,HG-INORBIT KOCHI 16,Health & Glow,MBO,Kochi,Kerala,South,SKU41382,Perfume Peach 50Ml,Renee,Fragrance,EDP,Top 25,Active,499,8,10,,3,1640,BGR South,9,6,,55,4,61,2025-08,
2025-12,OL1016,HG-INORBIT KOCHI 16,Health & Glow,MBO,Kochi,Kerala,South,SKU41420,Body Mist Coral 100Ml,Renee,Fragrance,Body Mist,Top 25,Active,399,9,12,,4,1749,BGR South,7,7,,55,4,61,,
2025-12,OL1016,HG-INORBIT KOCHI 16,Health & Glow,MBO,Kochi,Kerala,South,SKU41476,Body Mist Mocha 100Ml,Renee,Fragrance,Body Mist,Top 10,Active,799,1,3,,10,8755,BGR South,18,12,,55,4,61,,
2025-12,OL1016,HG-INORBIT KOCHI 16,Health & Glow,MBO,Kochi,Kerala,South,SKU41536,Body Mist Nude 100Ml,Renee,Fragrance,Body Mist,Top 25,Active,349,26,33,,12,4589,BGR South,19,19,,55,4,61,,
2025-12,OL1016,HG-INORBIT KOCHI 16,Health & Glow,MBO,Kochi,Kerala,South,SKU41647,Hair Oil Hazelnut 100Ml,Renee,Haircare,Hair Oil,Others,Active,799,7,8,,1,876,BGR South,3,2,,35,4,61,,
2025-12,OL1017,HG-PHOENIX NOIDA 17,Health & Glow,MBO,Noida,Uttar Pradesh,North,SKU40078,Matte Lip Color Rose 4.2Ml,Renee,Makeup,Lipstick,Top 25,Active,650,3,5,,8,6152,BGR North,12,10,,50,3,60.5,,
2025-12,OL1017,HG-PHOENIX NOIDA 17,Health & Glow,MBO,Noida,Uttar Pradesh,North,SKU40108,Matte Lip Color Peach 4.2Ml,Renee,Makeup,Lipstick,Top 10,Active,650,15,15,,8,6152,BGR North,11,8,,50,3,60.5,,
2025-12,OL1017,HG-PHOENIX NOIDA 17,Health & Glow,MBO,Noida,Uttar Pradesh,North,SKU40202,Liquid Lipstick Mocha 5Ml,Renee,Makeup,Lipstick,Top 25,Active,799,3,2,,3,2836,BGR North,3,2,,50,3,60.5,2025-11,
2025-12,OL1017,HG-PHOENIX NOIDA 17,Health & Glow,MBO,Noida,Uttar Pradesh,North,SKU40266,Liquid Lipstick Nude 5Ml,Renee,Makeup,Lipstick,Top 10,Active,799,5,26,,24,22687,BGR North,48,45,,50,3,60.5,,
2025-12,OL1017,HG-PHOENIX NOIDA 17,Health & Glow,MBO,Noida,Uttar Pradesh,North,SKU40281,Midnight Eyeliner Berry 2.5Ml,Renee,Makeup,Eyeliner,Others,Active,299,1,0,,6,2122,BGR North,8,5,,50,3,60.5,,
2025-12,OL1017,HG-PHOENIX NOIDA 17,Health & Glow,MBO,Noida,Uttar Pradesh,North,SKU40381,Midnight Eyeliner Ocean 2.5Ml,Renee,Makeup,Eyeliner,Top 25,Active,699,19,20,,3,2481,BGR North,6,4,,50,3,60.5,,
2025-12,OL1017,HG-PHOENIX NOIDA 17,Health & Glow,MBO,Noida,Uttar Pradesh,North,SKU40425,Kajal Vanilla 0.35Gm,Renee,Makeup,Eyeliner,Top 25,Active,299,42,48,,12,4245,BGR North,18,18,,50,3,60.5,,
2025-12,OL1017,HG-PHOENIX NOIDA 17,Health & Glow,MBO,Noida,Uttar Pradesh,North,SKU40490,Kajal Midnight 0.35Gm,Renee,Makeup,Eyeliner,Top 10,Active,599,31,44,,12,8504,BGR North,25,25,,50,3,60.5,,
2025-12,OL1017,HG-PHOENIX NOIDA 17,Health & Glow,MBO,Noida,Uttar Pradesh,North,SKU40544,Bb Cream Peach 30Ml,Renee,Makeup,Foundation,Top 10,Active,599,4,12,,12,8504,BGR North,20,20,,50,3,60.5,,
2025-12,OL1017,HG-PHOENIX NOIDA 17,Health & Glow,MBO,Noida,Uttar Pradesh,North,SKU40588,Bb Cream Coral 30Ml,Renee,Makeup,Foundation,Top 10,Active,349,14,12,,16,6606,BGR North,18,14,,50,3,60.5,,
2025-12,OL1017,HG-PHOENIX NOIDA 17,Health & Glow,MBO,Noida,Uttar Pradesh,North,SKU40595,Compact Powder Mocha 9Gm,Renee,Makeup,Foundation,Top 10,Active,449,35,35,,9,4781,BGR North,10,9,,50,3,60.5,,
2025-12,OL1017,HG-PHOENIX NOIDA 17,Health & Glow,MBO,Noida,Uttar Pradesh,North,SKU40763,Blending Brush R6,Renee,Makeup,Brushes,Others,Active,349,8,10,,4,1652,BGR North,6,6,,50,3,60.5,,
2025-12,OL1017,HG-PHOENIX NOIDA 17,Health & Glow,MBO,Noida,Uttar Pradesh,North,SKU40812,Blending Brush R1,Renee,Makeup,Brushes,Top 10,Active,599,15,14,,8,5669,BGR North,11,7,,50,3,60.5,2025-09,
2025-12,OL1017,HG-PHOENIX NOIDA 17,Health & Glow,MBO,Noida,Uttar Pradesh,North,SKU40836,Blending Brush R4,Renee,Makeup,Brushes,Top 10,Active,1199,15,14,,8,11348,BGR North,10,7,,50,3,60.5,,
2025-12,OL1017,HG-PHOENIX NOIDA 17,Health & Glow,MBO,Noida,Uttar Pradesh,North,SKU40850,Powder Brush R8,Renee,Makeup,Brushes,Top 25,Active,650,22,24,,2,1538,BGR North,4,4,,50,3,60.5,,
2025-12,OL1017,HG-PHOENIX NOIDA 17,Health & Glow,MBO,Noida,Uttar Pradesh,North,SKU40951,Sunscreen Gel Spf 50 70Ml,Renee,Skincare,Sunscreen,Top 25,Active,999,13,14,,2,2364,BGR North,3,3,,45,3,60.5,,
2025-12,OL1017,HG-PHOENIX NOIDA 17,Health & Glow,MBO,Noida,Uttar Pradesh,North,SKU40972,Sunscreen Gel Spf 50 70Ml,Renee,Skincare,Sunscreen,Top 25,Active,599,17,14,,5,3543,BGR North,4,2,,45,3,60.5,,
2025-12,OL1017,HG-PHOENIX NOIDA 17,Health & Glow,MBO,Noida,Uttar Pradesh,North,SKU41024,Vitamin C Serum 30Ml,Renee,Skincare,Serum,Others,Active,449,24,0,,3,1594,BGR North,3,3,,45,3,60.5,,
2025-12,OL1017,HG-PHOENIX NOIDA 17,Health & Glow,MBO,Noida,Uttar Pradesh,North,SKU41048,Face Wash Ocean 20Ml,Renee,Skincare,Cleanser,Others,Active,349,46,0,,3,1239,BGR North,7,5,,45,3,60.5,,
2025-12,OL1017,HG-PHOENIX NOIDA 17,Health & Glow,MBO,Noida,Uttar Pradesh,North,SKU41215,Perfume Midnight 50Ml,Renee,Fragrance,EDP,Others,Active,399,6,7,,1,472,BGR North,1,1,,55,3,60.5,,
2025-12,OL1017,HG-PHOENIX NOIDA 17,Health & Glow,MBO,Noida,Uttar Pradesh,North,SKU41420,Body Mist Coral 100Ml,Renee,Fragrance,Body Mist,Top 25,Active,399,9,13,,6,2832,BGR North,10,10,,55,3,60.5,,
2025-12,OL1017,HG-PHOENIX NOIDA 17,Health & Glow,MBO,Noida,Uttar Pradesh,North,SKU41476,Body Mist Mocha 100Ml,Renee,Fragrance,Body Mist,Top 10,Active,799,19,25,,0,0,BGR North,16,14,,55,3,60.5,,
2025-12,OL1017,HG-PHOENIX NOIDA 17,Health & Glow,MBO,Noida,Uttar Pradesh,North,SKU41608,Hair Oil Berry 100Ml,Renee,Haircare,Hair Oil,Others,Active,449,8,10,,2,1062,BGR North,4,4,,35,3,60.5,,
2025-12,OL1017,HG-PHOENIX NOIDA 17,Health & Glow,MBO,Noida,Uttar Pradesh,North,SKU41647,Hair Oil Hazelnut 100Ml,Renee,Haircare,Hair Oil,Others,Active,799,6,8,,4,3781,BGR North,8,6,,35,3,60.5,,
2025-12,OL1018,HG-FORUM CHENNAI 18,Health & Glow,MBO,Chennai,Tamil Nadu,South,SKU40078,Matte Lip Color Rose 4.2Ml,Renee,Makeup,Lipstick,Top 25,Active,650,42,43,,4,3083,BGR South,6,5,,50,3,56.9,,
2025-12,OL1018,HG-FORUM CHENNAI 18,Health & Glow,MBO,Chennai,Tamil Nadu,South,SKU40127,Matte Lip Color Coral 4.2Ml,Renee,Makeup,Lipstick,Top 25,Active,499,9,13,,4,2367,BGR South,12,10,,50,3,56.9,,
2025-12,OL1018,HG-FORUM CHENNAI 18,Health & Glow,MBO,Chennai,Tamil Nadu,South,SKU40266,Liquid Lipstick Nude 5Ml,Renee,Makeup,Lipstick,Top 10,Active,799,23,31,,9,8528,BGR South,17,17,,50,3,56.9,,
2025-12,OL1018,HG-FORUM CHENNAI 18,Health & Glow,MBO,Chennai,Tamil Nadu,South,SKU40281,Midnight Eyeliner Berry 2.5Ml,Renee,Makeup,Eyeliner,Others,Active,299,14,17,,3,1064,BGR South,7,6,,50,3,56.9,,
2025-12,OL1018,HG-FORUM CHENNAI 18,Health & Glow,MBO,Chennai,Tamil Nadu,South,SKU40318,Midnight Eyeliner Hazelnut 2.5Ml,Renee,Makeup,Eyeliner,Others,Active,650,7,9,,2,1542,BGR South,5,4,,50,3,56.9,,
2025-12,OL1018,HG-FORUM CHENNAI 18,Health & Glow,MBO,Chennai,Tamil Nadu,South,SKU40588,Bb Cream Coral 30Ml,Renee,Makeup,Foundation,Top 10,Active,349,21,20,,5,2069,BGR South,5,4,,50,3,56.9,,
2025-12,OL1018,HG-FORUM CHENNAI 18,Health & Glow,MBO,Chennai,Tamil Nadu,South,SKU40722,Compact Powder Berry 9Gm,Renee,Makeup,Foundation,Top 10,Active,799,12,15,,3,2843,BGR South,8,6,,50,3,56.9,,
2025-12,OL1018,HG-FORUM CHENNAI 18,Health & Glow,MBO,Chennai,Tamil Nadu,South,SKU40812,Blending Brush R1,Renee,Makeup,Brushes,Top 10,Active,599,16,20,,8,5683,BGR South,12,12,,50,3,56.9,2025-09,
2025-12,OL1018,HG-FORUM CHENNAI 18,Health & Glow,MBO,Chennai,Tamil Nadu,South,SKU41024,Vitamin C Serum 30Ml,Renee,Skincare,Serum,Others,Active,449,9,8,,1,532,BGR South,1,0,,45,3,56.9,,
2025-12,OL1018,HG-FORUM CHENNAI 18,Health & Glow,MBO,Chennai,Tamil Nadu,South,SKU41032,Face Wash Hazelnut 60Ml,Renee,Skincare,Cleanser,Others,Active,499,21,0,,1,592,BGR South,3,3,,45,3,56.9,,
2025-12,OL1018,HG-FORUM CHENNAI 18,Health & Glow,MBO,Chennai,Tamil Nadu,South,SKU41048,Face Wash Ocean 20Ml,Renee,Skincare,Cleanser,Others,Active,349,4,4,,4,1656,BGR South,7,4,,45,3,56.9,,
2025-12,OL1018,HG-FORUM CHENNAI 18,Health & Glow,MBO,Chennai,Tamil Nadu,South,SKU41129,Face Wash Vanilla 40Ml,Renee,Skincare,Cleanser,Others,Active,299,23,24,,2,709,BGR South,4,3,,45,3,56.9,,
2025-12,OL1018,HG-FORUM CHENNAI 18,Health & Glow,MBO,Chennai,Tamil Nadu,South,SKU41215,Perfume Midnight 50Ml,Renee,Fragrance,EDP,Others,Active,399,1,1,,0,0,BGR South,0,0,,55,3,56.9,,
2025-12,OL1018,HG-FORUM CHENNAI 18,Health & Glow,MBO,Chennai,Tamil Nadu,South,SKU41295,Perfume Rose 50Ml,Renee,Fragrance,EDP,Top 25,Active,599,0,5,,3,2131,BGR South,8,8,,55,3,56.9,,
2025-12,OL1018,HG-FORUM CHENNAI 18,Health & Glow,MBO,Chennai,Tamil Nadu,South,SKU41382,Perfume Peach 50Ml,Renee,Fragrance,EDP,Top 25,Active,499,14,17,,3,1775,BGR South,6,6,,55,3,56.9,2025-08,
2025-12,OL1019,HG-CITY CENTRE HYDERABAD 19,Health & Glow,MBO,Hyderabad,Telangana,South,SKU40078,Matte Lip Color Rose 4.2Ml,Renee,Makeup,Lipstick,Top 25,Active,650,6,7,,8,6417,BGR South,9,9,,50,3,92.9,,
2025-12,OL1019,HG-CITY CENTRE HYDERABAD 19,Health & Glow,MBO,Hyderabad,Telangana,South,SKU40127,Matte Lip Color Coral 4.2Ml,Renee,Makeup,Lipstick,Top 25,Active,499,12,15,,6,3695,BGR South,13,12,,50,3,92.9,,
2025-12,OL1019,HG-CITY CENTRE HYDERABAD 19,Health & Glow,MBO,Hyderabad,Telangana,South,SKU40202,Liquid Lipstick Mocha 5Ml,Renee,Makeup,Lipstick,Top 25,Active,799,2,0,,2,1972,BGR South,5,5,,50,3,92.9,2025-11,
2025-12,OL1019,HG-CITY CENTRE HYDERABAD 19,Health & Glow,MBO,Hyderabad,Telangana,South,SKU40281,Midnight Eyeliner Berry 2.5Ml,Renee,Makeup,Eyeliner,Others,Active,299,9,12,,6,2214,BGR South,12,9,,50,3,92.9,,
2025-12,OL1019,HG-CITY CENTRE HYDERABAD 19,Health & Glow,MBO,Hyderabad,Telangana,South,SKU40318,Midnight Eyeliner Hazelnut 2.5Ml,Renee,Makeup,Eyeliner,Others,Active,650,14,15,,4,3209,BGR South,5,5,,50,3,92.9,,
2025-12,OL1019,HG-CITY CENTRE HYDERABAD 19,Health & Glow,MBO,Hyderabad,Telangana,South,SKU40425,Kajal Vanilla 0.35Gm,Renee,Makeup,Eyeliner,Top 25,Active,299,32,31,,4,1476,BGR South,4,3,,50,3,92.9,,
2025-12,OL1019,HG-CITY CENTRE HYDERABAD 19,Health & Glow,MBO,Hyderabad,Telangana,South,SKU40544,Bb Cream Peach 30Ml,Renee,Makeup,Foundation,Top 10,Active,599,4,3,,8,5914,BGR South,7,7,,50,3,92.9,,
2025-12,OL1019,HG-CITY CENTRE HYDERABAD 19,Health & Glow,MBO,Hyderabad,Telangana,South,SKU40763,Blending Brush R6,Renee,Makeup,Brushes,Others,Active,349,3,4,,3,1292,BGR South,4,4,,50,3,92.9,,
2025-12,OL1019,HG-CITY CENTRE HYDERABAD 19,Health & Glow,MBO,Hyderabad,Telangana,South,SKU40836,Blending Brush R4,Renee,Makeup,Brushes,Top 10,Active,1199,5,8,,6,8878,BGR South,13,9,,50,3,92.9,,
2025-12,OL1019,HG-CITY CENTRE HYDERABAD 19,Health & Glow,MBO,Hyderabad,Telangana,South,SKU40928,Powder Brush R4,Renee,Makeup,Brushes,Top 25,Active,650,33,32,,3,2406,BGR South,3,2,,50,3,92.9,,
2025-12,OL1019,HG-CITY CENTRE HYDERABAD 19,Health & Glow,MBO,Hyderabad,Telangana,South,SKU40951,Sunscreen Gel Spf 50 70Ml,Renee,Skincare,Sunscreen,Top 25,Active,999,26,24,,1,1233,BGR South,1,0,,45,3,92.9,,
2025-12,OL1019,HG-CITY CENTRE HYDERABAD 19,Health & Glow,MBO,Hyderabad,Telangana,South,SKU40972,Sunscreen Gel Spf 50 70Ml,Renee,Skincare,Sunscreen,Top 25,Active,599,14,13,,3,2218,BGR South,3,2,,45,3,92.9,,
2025-12,OL1019,HG-CITY CENTRE HYDERABAD 19,Health & Glow,MBO,Hyderabad,Telangana,South,SKU41048,Face Wash Ocean 20Ml,Renee,Skincare,Cleanser,Others,Active,349,0,2,,6,2584,BGR South,9,8,,45,3,92.9,,
2025-12,OL1019,HG-CITY CENTRE HYDERABAD 19,Health & Glow,MBO,Hyderabad,Telangana,South,SKU41215,Perfume Midnight 50Ml,Renee,Fragrance,EDP,Others,Active,399,16,18,,2,985,BGR South,6,4,,55,3,92.9,,
2025-12,OL1019,HG-CITY CENTRE HYDERABAD 19,Health & Glow,MBO,Hyderabad,Telangana,South,SKU41295,Perfume Rose 50Ml,Renee,Fragrance,EDP,Top 25,Active,599,13,16,,5,3696,BGR South,9,8,,55,3,92.9,,
2025-12,OL1019,HG-CITY CENTRE HYDERABAD 19,Health & Glow,MBO,Hyderabad,Telangana,South,SKU41420,Body Mist Coral 100Ml,Renee,Fragrance,Body Mist,Top 25,Active,399,0,1,,4,1970,BGR South,6,5,,55,3,92.9,,
2025-12,OL1019,HG-CITY CENTRE HYDERABAD 19,Health & Glow,MBO,Hyderabad,Telangana,South,SKU41608,Hair Oil Berry 100Ml,Renee,Haircare,Hair Oil,Others,Active,449,24,25,,2,1108,BGR South,5,3,,35,3,92.9,,
2025-12,OL1019,HG-CITY CENTRE HYDERABAD 19,Health & Glow,MBO,Hyderabad,Telangana,South,SKU41647,Hair Oil Hazelnut 100Ml,Renee,Haircare,Hair Oil,Others,Active,799,6,5,,3,2958,BGR South,2,2,,35,3,92.9,,
2025-12,OL1020,HG-NEXUS SURAT 20,Health & Glow,MBO,Surat,Gujarat,West,SKU40078,Matte Lip Color Rose 4.2Ml,Renee,Makeup,Lipstick,Top 25,Active,650,10,9,,3,2632,BGR West,3,2,,50,4,71.7,,
2025-12,OL1020,HG-NEXUS SURAT 20,Health & Glow,MBO,Surat,Gujarat,West,SKU40108,Matte Lip Color Peach 4.2Ml,Renee,Makeup,Lipstick,Top 10,Active,650,9,9,,4,3510,BGR West,7,4,,50,4,71.7,,
2025-12,OL1020,HG-NEXUS SURAT 20,Health & Glow,MBO,Surat,Gujarat,West,SKU40127,Matte Lip Color Coral 4.2Ml,Renee,Makeup,Lipstick,Top 25,Active,499,7,5,,4,2694,BGR West,3,2,,50,4,71.7,,
2025-12,OL1020,HG-NEXUS SURAT 20,Health & Glow,MBO,Surat,Gujarat,West,SKU40202,Liquid Lipstick Mocha 5Ml,Renee,Makeup,Lipstick,Top 25,Active,799,4,5,,2,2157,BGR West,4,3,,50,4,71.7,2025-11,
2025-12,OL1020,HG-NEXUS SURAT 20,Health & Glow,MBO,Surat,Gujarat,West,SKU40266,Liquid Lipstick Nude 5Ml,Renee,Makeup,Lipstick,Top 10,Active,799,28,42,,4,4314,BGR West,7,7,,50,4,71.7,,
2025-12,OL1020,HG-NEXUS SURAT 20,Health & Glow,MBO,Surat,Gujarat,West,SKU40318,Midnight Eyeliner Hazelnut 2.5Ml,Renee,Makeup,Eyeliner,Others,Active,650,2,3,,3,2632,BGR West,4,4,,50,4,71.7,,
2025-12,OL1020,HG-NEXUS SURAT 20,Health & Glow,MBO,Surat,Gujarat,West,SKU40381,Midnight Eyeliner Ocean 2.5Ml,Renee,Makeup,Eyeliner,Top 25,Active,699,8,10,,4,3774,BGR West,6,6,,50,4,71.7,,
2025-12,OL1020,HG-NEXUS SURAT 20,Health & Glow,MBO,Surat,Gujarat,West,SKU40544,Bb Cream Peach 30Ml,Renee,Makeup,Foundation,Top 10,Active,599,0,1,,5,4043,BGR West,8,6,,50,4,71.7,,
2025-12,OL1020,HG-NEXUS SURAT 20,Health & Glow,MBO,Surat,Gujarat,West,SKU40595,Compact Powder Mocha 9Gm,Renee,Makeup,Foundation,Top 10,Active,449,24,22,,8,4849,BGR West,7,6,,50,4,71.7,,
2025-12,OL1020,HG-NEXUS SURAT 20,Health & Glow,MBO,Surat,Gujarat,West,SKU40850,Powder Brush R8,Renee,Makeup,Brushes,Top 25,Active,650,10,32,,2,1755,BGR West,4,3,,50,4,71.7,,
2025-12,OL1020,HG-NEXUS SURAT 20,Health & Glow,MBO,Surat,Gujarat,West,SKU40928,Powder Brush R4,Renee,Makeup,Brushes,Top 25,Active,650,4,4,,1,877,BGR West,2,1,,50,4,71.7,,
2025-12,OL1020,HG-NEXUS SURAT 20,Health & Glow,MBO,Surat,Gujarat,West,SKU40951,Sunscreen Gel Spf 50 70Ml,Renee,Skincare,Sunscreen,Top 25,Active,999,2,3,,3,4046,BGR West,5,4,,45,4,71.7,,
2025-12,OL1020,HG-NEXUS SURAT 20,Health & Glow,MBO,Surat,Gujarat,West,SKU40979,Sunscreen Gel Spf 50 50Ml,Renee,Skincare,Sunscreen,Top 25,Active,799,9,9,,3,3236,BGR West,5,3,,45,4,71.7,,
2025-12,OL1020,HG-NEXUS SURAT 20,Health & Glow,MBO,Surat,Gujarat,West,SKU41032,Face Wash Hazelnut 60Ml,Renee,Skincare,Cleanser,Others,Active,499,13,12,,4,2694,BGR West,5,3,,45,4,71.7,,
2025-12,OL1020,HG-NEXUS SURAT 20,Health & Glow,MBO,Surat,Gujarat,West,SKU41048,Face Wash Ocean 20Ml,Renee,Skincare,Cleanser,Others,Active,349,8,9,,2,942,BGR West,5,4,,45,4,71.7,,
2025-12,OL1020,HG-NEXUS SURAT 20,Health & Glow,MBO,Surat,Gujarat,West,SKU41129,Face Wash Vanilla 40Ml,Renee,Skincare,Cleanser,Others,Active,299,7,11,,4,1614,BGR West,8,8,,45,4,71.7,,
2025-12,OL1020,HG-NEXUS SURAT 20,Health & Glow,MBO,Surat,Gujarat,West,SKU41295,Perfume Rose 50Ml,Renee,Fragrance,EDP,Top 25,Active,599,5,5,,4,3234,BGR West,6,4,,55,4,71.7,,
2025-12,OL1020,HG-NEXUS SURAT 20,Health & Glow,MBO,Surat,Gujarat,West,SKU41382,Perfume Peach 50Ml,Renee,Fragrance,EDP,Top 25,Active,499,6,0,,2,1347,BGR West,3,2,,55,4,71.7,2025-08,
2025-12,OL1020,HG-NEXUS SURAT 20,Health & Glow,MBO,Surat,Gujarat,West,SKU41476,Body Mist Mocha 100Ml,Renee,Fragrance,Body Mist,Top 10,Active,799,5,10,,4,4314,BGR West,11,11,,55,4,71.7,,
2025-12,OL1020,HG-NEXUS SURAT 20,Health & Glow,MBO,Surat,Gujarat,West,SKU41536,Body Mist Nude 100Ml,Renee,Fragrance,Body Mist,Top 25,Active,349,5,5,,4,1884,BGR West,4,4,,55,4,71.7,,
2025-12,OL1021,HG-INORBIT NEW DELHI 21,Health & Glow,MBO,New Delhi,Delhi,North,SKU40202,Liquid Lipstick Mocha 5Ml,Renee,Makeup,Lipstick,Top 25,Active,799,4,6,,0,0,BGR North,4,4,,50,2,64.7,2025-11,
2025-12,OL1021,HG-INORBIT NEW DELHI 21,Health & Glow,MBO,New Delhi,Delhi,North,SKU40266,Liquid Lipstick Nude 5Ml,Renee,Makeup,Lipstick,Top 10,Active,799,37,38,,12,12194,BGR North,17,13,,50,2,64.7,,
2025-12,OL1021,HG-INORBIT NEW DELHI 21,Health & Glow,MBO,New Delhi,Delhi,North,SKU40281,Midnight Eyeliner Berry 2.5Ml,Renee,Makeup,Eyeliner,Others,Active,299,1,3,,4,1521,BGR North,7,6,,50,2,64.7,,
2025-12,OL1021,HG-INORBIT NEW DELHI 21,Health & Glow,MBO,New Delhi,Delhi,North,SKU40381,Midnight Eyeliner Ocean 2.5Ml,Renee,Makeup,Eyeliner,Top 25,Active,699,9,9,,2,1778,BGR North,4,4,,50,2,64.7,,
2025-12,OL1021,HG-INORBIT NEW DELHI 21,Health & Glow,MBO,New Delhi,Delhi,North,SKU40425,Kajal Vanilla 0.35Gm,Renee,Makeup,Eyeliner,Top 25,Active,299,13,15,,7,2662,BGR North,12,9,,50,2,64.7,,
2025-12,OL1021,HG-INORBIT NEW DELHI 21,Health & Glow,MBO,New Delhi,Delhi,North,SKU40490,Kajal Midnight 0.35Gm,Renee,Makeup,Eyeliner,Top 10,Active,599,10,12,,10,7618,BGR North,12,12,,50,2,64.7,,
2025-12,OL1021,HG-INORBIT NEW DELHI 21,Health & Glow,MBO,New Delhi,Delhi,North,SKU40544,Bb Cream Peach 30Ml,Renee,Makeup,Foundation,Top 10,Active,599,35,32,,8,6094,BGR North,8,5,,50,2,64.7,,
2025-12,OL1021,HG-INORBIT NEW DELHI 21,Health & Glow,MBO,New Delhi,Delhi,North,SKU40763,Blending Brush R6,Renee,Makeup,Brushes,Others,Active,349,0,1,,2,888,BGR North,3,3,,50,2,64.7,,
2025-12,OL1021,HG-INORBIT NEW DELHI 21,Health & Glow,MBO,New Delhi,Delhi,North,SKU40836,Blending Brush R4,Renee,Makeup,Brushes,Top 10,Active,1199,6,6,,16,24397,BGR North,16,16,,50,2,64.7,,
2025-12,OL1021,HG-INORBIT NEW DELHI 21,Health & Glow,MBO,New Delhi,Delhi,North,SKU40850,Powder Brush R8,Renee,Makeup,Brushes,Top 25,Active,650,5,3,,8,6613,BGR North,9,6,,50,2,64.7,,
2025-12,OL1021,HG-INORBIT NEW DELHI 21,Health & Glow,MBO,New Delhi,Delhi,North,SKU40951,Sunscreen Gel Spf 50 70Ml,Renee,Skincare,Sunscreen,Top 25,Active,999,19,18,,0,0,BGR North,1,0,,45,2,64.7,,
2025-12,OL1021,HG-INORBIT NEW DELHI 21,Health & Glow,MBO,New Delhi,Delhi,North,SKU40979,Sunscreen Gel Spf 50 50Ml,Renee,Skincare,Sunscreen,Top 25,Active,799,0,0,,1,1016,BGR North,1,0,,45,2,64.7,,
2025-12,OL1021,HG-INORBIT NEW DELHI 21,Health & Glow,MBO,New Delhi,Delhi,North,SKU41032,Face Wash Hazelnut 60Ml,Renee,Skincare,Cleanser,Others,Active,499,6,31,,4,2538,BGR North,6,5,,45,2,64.7,,
2025-12,OL1021,HG-INORBIT NEW DELHI 21,Health & Glow,MBO,New Delhi,Delhi,North,SKU41048,Face Wash Ocean 20Ml,Renee,Skincare,Cleanser,Others,Active,349,0,5,,6,2663,BGR North,11,11,,45,2,64.7,,
2025-12,OL1021,HG-INORBIT NEW DELHI 21,Health & Glow,MBO,New Delhi,Delhi,North,SKU41129,Face Wash Vanilla 40Ml,Renee,Skincare,Cleanser,Others,Active,299,12,12,,2,761,BGR North,2,2,,45,2,64.7,,
2025-12,OL1021,HG-INORBIT NEW DELHI 21,Health & Glow,MBO,New Delhi,Delhi,North,SKU41215,Perfume Midnight 50Ml,Renee,Fragrance,EDP,Others,Active,399,6,8,,3,1522,BGR North,6,5,,55,2,64.7,,
2025-12,OL1021,HG-INORBIT NEW DELHI 21,Health & Glow,MBO,New Delhi,Delhi,North,SKU41420,Body Mist Coral 100Ml,Renee,Fragrance,Body Mist,Top 25,Active,399,8,11,,3,1522,BGR North,8,6,,55,2,64.7,,
2025-12,OL1021,HG-INORBIT NEW DELHI 21,Health & Glow,MBO,New Delhi,Delhi,North,SKU41476,Body Mist Mocha 100Ml,Renee,Fragrance,Body Mist,Top 10,Active,799,44,55,,17,17274,BGR North,30,28,,55,2,64.7,,
2025-12,OL1021,HG-INORBIT NEW DELHI 21,Health & Glow,MBO,New Delhi,Delhi,North,SKU41608,Hair Oil Berry 100Ml,Renee,Haircare,Hair Oil,Others,Active,449,0,0,,1,571,BGR North,0,0,,35,2,64.7,,
2025-12,OL1022,HG-SELECT NEW DELHI 22,Health & Glow,MBO,New Delhi,Delhi,North,SKU40078,Matte Lip Color Rose 4.2Ml,Renee,Makeup,Lipstick,Top 25,Active,650,0,1,,8,5960,BGR North,11,9,,50,2,67.5,,
2025-12,OL1022,HG-SELECT NEW DELHI 22,Health & Glow,MBO,New Delhi,Delhi,North,SKU40127,Matte Lip Color Coral 4.2Ml,Renee,Makeup,Lipstick,Top 25,Active,499,15,13,,8,4576,BGR North,9,6,,50,2,67.5,,
2025-12,OL1022,HG-SELECT NEW DELHI 22,Health & Glow,MBO,New Delhi,Delhi,North,SKU40202,Liquid Lipstick Mocha 5Ml,Renee,Makeup,Lipstick,Top 25,Active,799,12,15,,4,3663,BGR North,7,7,,50,2,67.5,2025-11,
2025-12,OL1022,HG-SELECT NEW DELHI 22,Health & Glow,MBO,New Delhi,Delhi,North,SKU40266,Liquid Lipstick Nude 5Ml,Renee,Makeup,Lipstick,Top 10,Active,799,11,29,,24,21980,BGR North,47,42,,50,2,67.5,,
2025-12,OL1022,HG-SELECT NEW DELHI 22,Health & Glow,MBO,New Delhi,Delhi,North,SKU40281,Midnight Eyeliner Berry 2.5Ml,Renee,Makeup,Eyeliner,Others,Active,299,68,71,,8,2742,BGR North,11,11,,50,2,67.5,,
2025-12,OL1022,HG-SELECT NEW DELHI 22,Health & Glow,MBO,New Delhi,Delhi,North,SKU40381,Midnight Eyeliner Ocean 2.5Ml,Renee,Makeup,Eyeliner,Top 25,Active,699,18,17,,6,4807,BGR North,8,5,,50,2,67.5,,
2025-12,OL1022,HG-SELECT NEW DELHI 22,Health & Glow,MBO,New Delhi,Delhi,North,SKU40425,Kajal Vanilla 0.35Gm,Renee,Makeup,Eyeliner,Top 25,Active,299,42,54,,14,4798,BGR North,29,26,,50,2,67.5,,
2025-12,OL1022,HG-SELECT NEW DELHI 22,Health & Glow,MBO,New Delhi,Delhi,North,SKU40490,Kajal Midnight 0.35Gm,Renee,Makeup,Eyeliner,Top 10,Active,599,0,10,,24,16478,BGR North,43,34,,50,2,67.5,,
2025-12,OL1022,HG-SELECT NEW DELHI 22,Health & Glow,MBO,New Delhi,Delhi,North,SKU40544,Bb Cream Peach 30Ml,Renee,Makeup,Foundation,Top 10,Active,599,9,9,,12,8239,BGR North,15,12,,50,2,67.5,,
2025-12,OL1022,HG-SELECT NEW DELHI 22,Health & Glow,MBO,New Delhi,Delhi,North,SKU40595,Compact Powder Mocha 9Gm,Renee,Makeup,Foundation,Top 10,Active,449,41,43,,12,6176,BGR North,16,14,,50,2,67.5,,
2025-12,OL1022,HG-SELECT NEW DELHI 22,Health & Glow,MBO,New Delhi,Delhi,North,SKU40662,Compact Powder Nude 9Gm,Renee,Makeup,Foundation,Top 25,Active,1199,12,14,,4,5497,BGR North,7,6,,50,2,67.5,,
2025-12,OL1022,HG-SELECT NEW DELHI 22,Health & Glow,MBO,New Delhi,Delhi,North,SKU40722,Compact Powder Berry 9Gm,Renee,Makeup,Foundation,Top 10,Active,799,14,30,,16,14654,BGR North,32,32,,50,2,67.5,,
2025-12,OL1022,HG-SELECT NEW DELHI 22,Health & Glow,MBO,New Delhi,Delhi,North,SKU40972,Sunscreen Gel Spf 50 70Ml,Renee,Skincare,Sunscreen,Top 25,Active,599,64,66,,4,2746,BGR North,7,6,,45,2,67.5,,
2025-12,OL1022,HG-SELECT NEW DELHI 22,Health & Glow,MBO,New Delhi,Delhi,North,SKU41024,Vitamin C Serum 30Ml,Renee,Skincare,Serum,Others,Active,449,10,11,,2,1029,BGR North,4,3,,45,2,67.5,,
2025-12,OL1022,HG-SELECT NEW DELHI 22,Health & Glow,MBO,New Delhi,Delhi,North,SKU41032,Face Wash Hazelnut 60Ml,Renee,Skincare,Cleanser,Others,Active,499,27,28,,3,1716,BGR North,5,4,,45,2,67.5,,
2025-12,OL1022,HG-SELECT NEW DELHI 22,Health & Glow,MBO,New Delhi,Delhi,North,SKU41048,Face Wash Ocean 20Ml,Renee,Skincare,Cleanser,Others,Active,349,2,2,,4,1600,BGR North,7,4,,45,2,67.5,,
2025-12,OL1022,HG-SELECT NEW DELHI 22,Health & Glow,MBO,New Delhi,Delhi,North,SKU41295,Perfume Rose 50Ml,Renee,Fragrance,EDP,Top 25,Active,599,32,34,,8,5493,BGR North,12,10,,55,2,67.5,,
2025-12,OL1022,HG-SELECT NEW DELHI 22,Health & Glow,MBO,New Delhi,Delhi,North,SKU41382,Perfume Peach 50Ml,Renee,Fragrance,EDP,Top 25,Active,499,3,7,,5,2860,BGR North,9,9,,55,2,67.5,2025-08,
2025-12,OL1022,HG-SELECT NEW DELHI 22,Health & Glow,MBO,New Delhi,Delhi,North,SKU41476,Body Mist Mocha 100Ml,Renee,Fragrance,Body Mist,Top 10,Active,799,0,2,,10,9158,BGR North,12,12,,55,2,67.5,,
2025-12,OL1022,HG-SELECT NEW DELHI 22,Health & Glow,MBO,New Delhi,Delhi,North,SKU41536,Body Mist Nude 100Ml,Renee,Fragrance,Body Mist,Top 25,Active,349,22,25,,14,5601,BGR North,25,17,,55,2,67.5,,
2025-12,OL1022,HG-SELECT NEW DELHI 22,Health & Glow,MBO,New Delhi,Delhi,North,SKU41608,Hair Oil Berry 100Ml,Renee,Haircare,Hair Oil,Others,Active,449,10,9,,3,1544,BGR North,2,2,,35,2,67.5,,
2025-12,OL1023,HG-GALLERIA CHENNAI 23,Health & Glow,MBO,Chennai,Tamil Nadu,South,SKU40078,Matte Lip Color Rose 4.2Ml,Renee,Makeup,Lipstick,Top 25,Active,650,22,25,,5,3559,BGR South,8,8,,50,3,68.2,,
2025-12,OL1023,HG-GALLERIA CHENNAI 23,Health & Glow,MBO,Chennai,Tamil Nadu,South,SKU40108,Matte Lip Color Peach 4.2Ml,Renee,Makeup,Lipstick,Top 10,Active,650,10,0,,18,12812,BGR South,37,29,,50,3,68.2,,
2025-12,OL1023,HG-GALLERIA CHENNAI 23,Health & Glow,MBO,Chennai,Tamil Nadu,South,SKU40266,Liquid Lipstick Nude 5Ml,Renee,Makeup,Lipstick,Top 10,Active,799,40,0,,9,7875,BGR South,13,13,,50,3,68.2,,
2025-12,OL1023,HG-GALLERIA CHENNAI 23,Health & Glow,MBO,Chennai,Tamil Nadu,South,SKU40381,Midnight Eyeliner Ocean 2.5Ml,Renee,Makeup,Eyeliner,Top 25,Active,699,14,15,,4,3062,BGR South,8,5,,50,3,68.2,,
2025-12,OL1023,HG-GALLERIA CHENNAI 23,Health & Glow,MBO,Chennai,Tamil Nadu,South,SKU40425,Kajal Vanilla 0.35Gm,Renee,Makeup,Eyeliner,Top 25,Active,299,17,23,,12,3929,BGR South,24,22,,50,3,68.2,,
2025-12,OL1023,HG-GALLERIA CHENNAI 23,Health & Glow,MBO,Chennai,Tamil Nadu,South,SKU40588,Bb Cream Coral 30Ml,Renee,Makeup,Foundation,Top 10,Active,349,26,25,,11,4204,BGR South,12,10,,50,3,68.2,,
2025-12,OL1023,HG-GALLERIA CHENNAI 23,Health & Glow,MBO,Chennai,Tamil Nadu,South,SKU40595,Compact Powder Mocha 9Gm,Renee,Makeup,Foundation,Top 10,Active,449,18,23,,18,8850,BGR South,29,23,,50,3,68.2,,
2025-12,OL1023,HG-GALLERIA CHENNAI 23,Health & Glow,MBO,Chennai,Tamil Nadu,South,SKU40812,Blending Brush R1,Renee,Makeup,Brushes,Top 10,Active,599,54,71,,16,10495,BGR South,33,33,,50,3,68.2,2025-09,
2025-12,OL1023,HG-GALLERIA CHENNAI 23,Health & Glow,MBO,Chennai,Tamil Nadu,South,SKU40836,Blending Brush R4,Renee,Makeup,Brushes,Top 10,Active,1199,23,26,,12,15756,BGR South,28,19,,50,3,68.2,,
2025-12,OL1023,HG-GALLERIA CHENNAI 23,Health & Glow,MBO,Chennai,Tamil Nadu,South,SKU41129,Face Wash Vanilla 40Ml,Renee,Skincare,Cleanser,Others,Active,299,6,8,,3,982,BGR South,5,5,,45,3,68.2,,
2025-12,OL1023,HG-GALLERIA CHENNAI 23,Health & Glow,MBO,Chennai,Tamil Nadu,South,SKU41215,Perfume Midnight 50Ml,Renee,Fragrance,EDP,Others,Active,399,13,14,,4,1748,BGR South,6,5,,55,3,68.2,,
2025-12,OL1023,HG-GALLERIA CHENNAI 23,Health & Glow,MBO,Chennai,Tamil Nadu,South,SKU41420,Body Mist Coral 100Ml,Renee,Fragrance,Body Mist,Top 25,Active,399,8,12,,9,3932,BGR South,15,13,,55,3,68.2,,
2025-12,OL1023,HG-GALLERIA CHENNAI 23,Health & Glow,MBO,Chennai,Tamil Nadu,South,SKU41608,Hair Oil Berry 100Ml,Renee,Haircare,Hair Oil,Others,Active,449,13,16,,2,983,BGR South,5,5,,35,3,68.2,,
2025-12,OL1023,HG-GALLERIA CHENNAI 23,Health & Glow,MBO,Chennai,Tamil Nadu,South,SKU41647,Hair Oil Hazelnut 100Ml,Renee,Haircare,Hair Oil,Others,Active,799,13,13,,2,1750,BGR South,3,2,,35,3,68.2,,
2025-12,OL1024,HG-CITY CENTRE SURAT 24,Health & Glow,MBO,Surat,Gujarat,West,SKU40078,Matte Lip Color Rose 4.2Ml,Renee,Makeup,Lipstick,Top 25,Active,650,6,8,,4,3232,BGR West,7,6,,50,1,93.9,,
2025-12,OL1024,HG-CITY CENTRE SURAT 24,Health & Glow,MBO,Surat,Gujarat,West,SKU40202,Liquid Lipstick Mocha 5Ml,Renee,Makeup,Lipstick,Top 25,Active,799,6,8,,2,1986,BGR West,4,4,,50,1,93.9,2025-11,
2025-12,OL1024,HG-CITY CENTRE SURAT 24,Health & Glow,MBO,Surat,Gujarat,West,SKU40266,Liquid Lipstick Nude 5Ml,Renee,Makeup,Lipstick,Top 10,Active,799,42,42,,12,11917,BGR West,12,12,,50,1,93.9,,
2025-12,OL1024,HG-CITY CENTRE SURAT 24,Health & Glow,MBO,Surat,Gujarat,West,SKU40318,Midnight Eyeliner Hazelnut 2.5Ml,Renee,Makeup,Eyeliner,Others,Active,650,6,5,,4,3232,BGR West,4,3,,50,1,93.9,,
2025-12,OL1024,HG-CITY CENTRE SURAT 24,Health & Glow,MBO,Surat,Gujarat,West,SKU40381,Midnight Eyeliner Ocean 2.5Ml,Renee,Makeup,Eyeliner,Top 25,Active,699,7,9,,3,2606,BGR West,7,6,,50,1,93.9,,
2025-12,OL1024,HG-CITY CENTRE SURAT 24,Health & Glow,MBO,Surat,Gujarat,West,SKU40490,Kajal Midnight 0.35Gm,Renee,Makeup,Eyeliner,Top 10,Active,599,8,12,,12,8934,BGR West,17,16,,50,1,93.9,,
2025-12,OL1024,HG-CITY CENTRE SURAT 24,Health & Glow,MBO,Surat,Gujarat,West,SKU40595,Compact Powder Mocha 9Gm,Renee,Makeup,Foundation,Top 10,Active,449,14,18,,8,4464,BGR West,12,12,,50,1,93.9,,
2025-12,OL1024,HG-CITY CENTRE SURAT 24,Health & Glow,MBO,Surat,Gujarat,West,SKU40722,Compact Powder Berry 9Gm,Renee,Makeup,Foundation,Top 10,Active,799,7,10,,4,3972,BGR West,9,7,,50,1,93.9,,
2025-12,OL1024,HG-CITY CENTRE SURAT 24,Health & Glow,MBO,Surat,Gujarat,West,SKU40763,Blending Brush R6,Renee,Makeup,Brushes,Others,Active,349,0,2,,4,1735,BGR West,7,6,,50,1,93.9,,
2025-12,OL1024,HG-CITY CENTRE SURAT 24,Health & Glow,MBO,Surat,Gujarat,West,SKU40836,Blending Brush R4,Renee,Makeup,Brushes,Top 10,Active,1199,23,22,,6,8941,BGR West,10,8,,50,1,93.9,,
2025-12,OL1024,HG-CITY CENTRE SURAT 24,Health & Glow,MBO,Surat,Gujarat,West,SKU40850,Powder Brush R8,Renee,Makeup,Brushes,Top 25,Active,650,2,0,,4,3232,BGR West,4,2,,50,1,93.9,,
2025-12,OL1024,HG-CITY CENTRE SURAT 24,Health & Glow,MBO,Surat,Gujarat,West,SKU40928,Powder Brush R4,Renee,Makeup,Brushes,Top 25,Active,650,16,15,,4,3232,BGR West,4,3,,50,1,93.9,,
2025-12,OL1024,HG-CITY CENTRE SURAT 24,Health & Glow,MBO,Surat,Gujarat,West,SKU41024,Vitamin C Serum 30Ml,Renee,Skincare,Serum,Others,Active,449,7,8,,2,1116,BGR West,4,3,,45,1,93.9,,
2025-12,OL1024,HG-CITY CENTRE SURAT 24,Health & Glow,MBO,Surat,Gujarat,West,SKU41048,Face Wash Ocean 20Ml,Renee,Skincare,Cleanser,Others,Active,349,19,17,,4,1735,BGR West,3,2,,45,1,93.9,,
2025-12,OL1024,HG-CITY CENTRE SURAT 24,Health & Glow,MBO,Surat,Gujarat,West,SKU41129,Face Wash Vanilla 40Ml,Renee,Skincare,Cleanser,Others,Active,299,5,6,,2,743,BGR West,4,3,,45,1,93.9,,
2025-12,OL1024,HG-CITY CENTRE SURAT 24,Health & Glow,MBO,Surat,Gujarat,West,SKU41215,Perfume Midnight 50Ml,Renee,Fragrance,EDP,Others,Active,399,5,6,,3,1488,BGR West,5,4,,55,1,93.9,,
2025-12,OL1024,HG-CITY CENTRE SURAT 24,Health & Glow,MBO,Surat,Gujarat,West,SKU41420,Body Mist Coral 100Ml,Renee,Fragrance,Body Mist,Top 25,Active,399,18,20,,3,1488,BGR West,5,5,,55,1,93.9,,
2025-12,OL1024,HG-CITY CENTRE SURAT 24,Health & Glow,MBO,Surat,Gujarat,West,SKU41536,Body Mist Nude 100Ml,Renee,Fragrance,Body Mist,Top 25,Active,349,16,17,,6,2603,BGR West,9,7,,55,1,93.9,,
2025-12,OL1024,HG-CITY CENTRE SURAT 24,Health & Glow,MBO,Surat,Gujarat,West,SKU41647,Hair Oil Hazelnut 100Ml,Renee,Haircare,Hair Oil,Others,Active,799,5,5,,2,1986,BGR West,3,2,,35,1,93.9,,
2025-12,OL1025,HG-PHOENIX CHANDIGARH 25,Health & Glow,MBO,Chandigarh,Punjab,North,SKU40127,Matte Lip Color Coral 4.2Ml,Renee,Makeup,Lipstick,Top 25,Active,499,24,26,,2,1218,BGR North,5,5,,50,4,62.1,,
2025-12,OL1025,HG-PHOENIX CHANDIGARH 25,Health & Glow,MBO,Chandigarh,Punjab,North,SKU40202,Liquid Lipstick Mocha 5Ml,Renee,Makeup,Lipstick,Top 25,Active,799,3,6,,3,2926,BGR North,7,6,,50,4,62.1,2025-11,
2025-12,OL1025,HG-PHOENIX CHANDIGARH 25,Health & Glow,MBO,Chandigarh,Punjab,North,SKU40281,Midnight Eyeliner Berry 2.5Ml,Renee,Makeup,Eyeliner,Others,Active,299,17,18,,2,730,BGR North,4,3,,50,4,62.1,,
2025-12,OL1025,HG-PHOENIX CHANDIGARH 25,Health & Glow,MBO,Chandigarh,Punjab,North,SKU40318,Midnight Eyeliner Hazelnut 2.5Ml,Renee,Makeup,Eyeliner,Others,Active,650,7,0,,3,2380,BGR North,4,4,,50,4,62.1,,
2025-12,OL1025,HG-PHOENIX CHANDIGARH 25,Health & Glow,MBO,Chandigarh,Punjab,North,SKU40544,Bb Cream Peach 30Ml,Renee,Makeup,Foundation,Top 10,Active,599,4,0,,7,5118,BGR North,12,8,,50,4,62.1,,
2025-12,OL1025,HG-PHOENIX CHANDIGARH 25,Health & Glow,MBO,Chandigarh,Punjab,North,SKU40595,Compact Powder Mocha 9Gm,Renee,Makeup,Foundation,Top 10,Active,449,50,0,,8,4385,BGR North,17,11,,50,4,62.1,,
2025-12,OL1025,HG-PHOENIX CHANDIGARH 25,Health & Glow,MBO,Chandigarh,Punjab,North,SKU40662,Compact Powder Nude 9Gm,Renee,Makeup,Foundation,Top 25,Active,1199,22,23,,1,1464,BGR North,3,2,,50,4,62.1,,
2025-12,OL1025,HG-PHOENIX CHANDIGARH 25,Health & Glow,MBO,Chandigarh,Punjab,North,SKU40722,Compact Powder Berry 9Gm,Renee,Makeup,Foundation,Top 10,Active,799,3,7,,4,3901,BGR North,9,8,,50,4,62.1,,
2025-12,OL1025,HG-PHOENIX CHANDIGARH 25,Health & Glow,MBO,Chandigarh,Punjab,North,SKU40763,Blending Brush R6,Renee,Makeup,Brushes,Others,Active,349,10,9,,1,426,BGR North,2,1,,50,4,62.1,,
2025-12,OL1025,HG-PHOENIX CHANDIGARH 25,Health & Glow,MBO,Chandigarh,Punjab,North,SKU40812,Blending Brush R1,Renee,Makeup,Brushes,Top 10,Active,599,4,86,,11,8043,BGR North,16,16,,50,4,62.1,2025-09,
2025-12,OL1025,HG-PHOENIX CHANDIGARH 25,Health & Glow,MBO,Chandigarh,Punjab,North,SKU40850,Powder Brush R8,Renee,Makeup,Brushes,Top 25,Active,650,3,8,,5,3967,BGR North,11,10,,50,4,62.1,,
2025-12,OL1025,HG-PHOENIX CHANDIGARH 25,Health & Glow,MBO,Chandigarh,Punjab,North,SKU40928,Powder Brush R4,Renee,Makeup,Brushes,Top 25,Active,650,25,32,,6,4761,BGR North,13,13,,50,4,62.1,,
2025-12,OL1025,HG-PHOENIX CHANDIGARH 25,Health & Glow,MBO,Chandigarh,Punjab,North,SKU40979,Sunscreen Gel Spf 50 50Ml,Renee,Skincare,Sunscreen,Top 25,Active,799,2,4,,2,1951,BGR North,4,4,,45,4,62.1,,
2025-12,OL1025,HG-PHOENIX CHANDIGARH 25,Health & Glow,MBO,Chandigarh,Punjab,North,SKU41024,Vitamin C Serum 30Ml,Renee,Skincare,Serum,Others,Active,449,15,17,,3,1644,BGR North,6,5,,45,4,62.1,,
2025-12,OL1025,HG-PHOENIX CHANDIGARH 25,Health & Glow,MBO,Chandigarh,Punjab,North,SKU41032,Face Wash Hazelnut 60Ml,Renee,Skincare,Cleanser,Others,Active,499,36,39,,3,1827,BGR North,8,7,,45,4,62.1,,
2025-12,OL1025,HG-PHOENIX CHANDIGARH 25,Health & Glow,MBO,Chandigarh,Punjab,North,SKU41048,Face Wash Ocean 20Ml,Renee,Skincare,Cleanser,Others,Active,349,14,17,,6,2556,BGR North,13,9,,45,4,62.1,,
2025-12,OL1025,HG-PHOENIX CHANDIGARH 25,Health & Glow,MBO,Chandigarh,Punjab,North,SKU41129,Face Wash Vanilla 40Ml,Renee,Skincare,Cleanser,Others,Active,299,8,7,,1,365,BGR North,2,1,,45,4,62.1,,
2025-12,OL1025,HG-PHOENIX CHANDIGARH 25,Health & Glow,MBO,Chandigarh,Punjab,North,SKU41215,Perfume Midnight 50Ml,Renee,Fragrance,EDP,Others,Active,399,0,2,,3,1461,BGR North,5,5,,55,4,62.1,,
2025-12,OL1025,HG-PHOENIX CHANDIGARH 25,Health & Glow,MBO,Chandigarh,Punjab,North,SKU41295,Perfume Rose 50Ml,Renee,Fragrance,EDP,Top 25,Active,599,3,3,,3,2194,BGR North,5,3,,55,4,62.1,,
2025-12,OL1025,HG-PHOENIX CHANDIGARH 25,Health & Glow,MBO,Chandigarh,Punjab,North,SKU41382,Perfume Peach 50Ml,Renee,Fragrance,EDP,Top 25,Active,499,8,10,,0,0,BGR North,4,3,,55,4,62.1,2025-08,
2025-12,OL1025,HG-PHOENIX CHANDIGARH 25,Health & Glow,MBO,Chandigarh,Punjab,North,SKU41476,Body Mist Mocha 100Ml,Renee,Fragrance,Body Mist,Top 10,Active,799,7,17,,8,7803,BGR North,18,18,,55,4,62.1,,
2025-12,OL1025,HG-PHOENIX CHANDIGARH 25,Health & Glow,MBO,Chandigarh,Punjab,North,SKU41536,Body Mist Nude 100Ml,Renee,Fragrance,Body Mist,Top 25,Active,349,25,30,,4,1704,BGR North,9,9,,55,4,62.1,,
2025-12,OL1025,HG-PHOENIX CHANDIGARH 25,Health & Glow,MBO,Chandigarh,Punjab,North,SKU41608,Hair Oil Berry 100Ml,Renee,Haircare,Hair Oil,Others,Active,449,5,4,,4,2192,BGR North,4,3,,35,4,62.1,,
2025-12,OL1026,HG-PHOENIX NOIDA 26,Health & Glow,MBO,Noida,Uttar Pradesh,North,SKU40078,Matte Lip Color Rose 4.2Ml,Renee,Makeup,Lipstick,Top 25,Active,650,9,35,,4,2730,BGR North,6,5,,50,4,85,,
2025-12,OL1026,HG-PHOENIX NOIDA 26,Health & Glow,MBO,Noida,Uttar Pradesh,North,SKU40281,Midnight Eyeliner Berry 2.5Ml,Renee,Makeup,Eyeliner,Others,Active,299,16,17,,3,942,BGR North,5,4,,50,4,85,,
2025-12,OL1026,HG-PHOENIX NOIDA 26,Health & Glow,MBO,Noida,Uttar Pradesh,North,SKU40381,Midnight Eyeliner Ocean 2.5Ml,Renee,Makeup,Eyeliner,Top 25,Active,699,16,20,,1,734,BGR North,6,6,,50,4,85,,
2025-12,OL1026,HG-PHOENIX NOIDA 26,Health & Glow,MBO,Noida,Uttar Pradesh,North,SKU40490,Kajal Midnight 0.35Gm,Renee,Makeup,Eyeliner,Top 10,Active,599,8,11,,6,3774,BGR North,13,9,,50,4,85,,
2025-12,OL1026,HG-PHOENIX NOIDA 26,Health & Glow,MBO,Noida,Uttar Pradesh,North,SKU40588,Bb Cream Coral 30Ml,Renee,Makeup,Foundation,Top 10,Active,349,0,0,,12,4397,BGR North,16,11,,50,4,85,,
2025-12,OL1026,HG-PHOENIX NOIDA 26,Health & Glow,MBO,Noida,Uttar Pradesh,North,SKU40595,Compact Powder Mocha 9Gm,Renee,Makeup,Foundation,Top 10,Active,449,13,14,,4,1886,BGR North,7,5,,50,4,85,,
2025-12,OL1026,HG-PHOENIX NOIDA 26,Health & Glow,MBO,Noida,Uttar Pradesh,North,SKU40722,Compact Powder Berry 9Gm,Renee,Makeup,Foundation,Top 10,Active,799,6,8,,4,3356,BGR North,6,6,,50,4,85,,
2025-12,OL1026,HG-PHOENIX NOIDA 26,Health & Glow,MBO,Noida,Uttar Pradesh,North,SKU40763,Blending Brush R6,Renee,Makeup,Brushes,Others,Active,349,8,6,,4,1466,BGR North,4,2,,50,4,85,,
2025-12,OL1026,HG-PHOENIX NOIDA 26,Health & Glow,MBO,Noida,Uttar Pradesh,North,SKU40850,Powder Brush R8,Renee,Makeup,Brushes,Top 25,Active,650,6,10,,4,2730,BGR North,9,8,,50,4,85,,
2025-12,OL1026,HG-PHOENIX NOIDA 26,Health & Glow,MBO,Noida,Uttar Pradesh,North,SKU40928,Powder Brush R4,Renee,Makeup,Brushes,Top 25,Active,650,5,4,,3,2047,BGR North,3,2,,50,4,85,,
2025-12,OL1026,HG-PHOENIX NOIDA 26,Health & Glow,MBO,Noida,Uttar Pradesh,North,SKU41032,Face Wash Hazelnut 60Ml,Renee,Skincare,Cleanser,Others,Active,499,8,10,,2,1048,BGR North,4,4,,45,4,85,,
2025-12,OL1026,HG-PHOENIX NOIDA 26,Health & Glow,MBO,Noida,Uttar Pradesh,North,SKU41048,Face Wash Ocean 20Ml,Renee,Skincare,Cleanser,Others,Active,349,12,15,,4,1466,BGR North,9,7,,45,4,85,,
2025-12,OL1026,HG-PHOENIX NOIDA 26,Health & Glow,MBO,Noida,Uttar Pradesh,North,SKU41129,Face Wash Vanilla 40Ml,Renee,Skincare,Cleanser,Others,Active,299,7,7,,2,628,BGR North,3,2,,45,4,85,,
2025-12,OL1026,HG-PHOENIX NOIDA 26,Health & Glow,MBO,Noida,Uttar Pradesh,North,SKU41295,Perfume Rose 50Ml,Renee,Fragrance,EDP,Top 25,Active,599,11,14,,3,1887,BGR North,6,6,,55,4,85,,
2025-12,OL1026,HG-PHOENIX NOIDA 26,Health & Glow,MBO,Noida,Uttar Pradesh,North,SKU41382,Perfume Peach 50Ml,Renee,Fragrance,EDP,Top 25,Active,499,0,4,,4,2096,BGR North,8,8,,55,4,85,2025-08,
2025-12,OL1026,HG-PHOENIX NOIDA 26,Health & Glow,MBO,Noida,Uttar Pradesh,North,SKU41476,Body Mist Mocha 100Ml,Renee,Fragrance,Body Mist,Top 10,Active,799,11,18,,5,4195,BGR North,12,12,,55,4,85,,
2025-12,OL1026,HG-PHOENIX NOIDA 26,Health & Glow,MBO,Noida,Uttar Pradesh,North,SKU41647,Hair Oil Hazelnut 100Ml,Renee,Haircare,Hair Oil,Others,Active,799,2,2,,1,839,BGR North,1,1,,35,4,85,,
2025-12,OL1027,SSL-FORUM CHANDIGARH 1,Shoppers Stop,Department Store,Chandigarh,Punjab,North,SKU40078,Matte Lip Color Rose 4.2Ml,Renee,Makeup,Lipstick,Top 25,Active,650,6,7,,5,3433,BGR North,7,6,,50,4,92.3,,
2025-12,OL1027,SSL-FORUM CHANDIGARH 1,Shoppers Stop,Department Store,Chandigarh,Punjab,North,SKU40127,Matte Lip Color Coral 4.2Ml,Renee,Makeup,Lipstick,Top 25,Active,499,25,30,,5,2636,BGR North,11,10,,50,4,92.3,,
2025-12,OL1027,SSL-FORUM CHANDIGARH 1,Shoppers Stop,Department Store,Chandigarh,Punjab,North,SKU40202,Liquid Lipstick Mocha 5Ml,Renee,Makeup,Lipstick,Top 25,Active,799,1,1,,1,844,BGR North,1,1,,50,4,92.3,2025-11,
2025-12,OL1027,SSL-FORUM CHANDIGARH 1,Shoppers Stop,Department Store,Chandigarh,Punjab,North,SKU40266,Liquid Lipstick Nude 5Ml,Renee,Makeup,Lipstick,Top 10,Active,799,37,94,,11,9285,BGR North,11,11,,50,4,92.3,,
2025-12,OL1027,SSL-FORUM CHANDIGARH 1,Shoppers Stop,Department Store,Chandigarh,Punjab,North,SKU40281,Midnight Eyeliner Berry 2.5Ml,Renee,Makeup,Eyeliner,Others,Active,299,20,19,,5,1579,BGR North,6,4,,50,4,92.3,,
2025-12,OL1027,SSL-FORUM CHANDIGARH 1,Shoppers Stop,Department Store,Chandigarh,Punjab,North,SKU40381,Midnight Eyeliner Ocean 2.5Ml,Renee,Makeup,Eyeliner,Top 25,Active,699,2,4,,8,5908,BGR North,11,10,,50,4,92.3,,
2025-12,OL1027,SSL-FORUM CHANDIGARH 1,Shoppers Stop,Department Store,Chandigarh,Punjab,North,SKU40425,Kajal Vanilla 0.35Gm,Renee,Makeup,Eyeliner,Top 25,Active,299,9,16,,11,3475,BGR North,21,18,,50,4,92.3,,
2025-12,OL1027,SSL-FORUM CHANDIGARH 1,Shoppers Stop,Department Store,Chandigarh,Punjab,North,SKU40490,Kajal Midnight 0.35Gm,Renee,Makeup,Eyeliner,Top 10,Active,599,22,0,,8,5063,BGR North,7,4,,50,4,92.3,,
2025-12,OL1027,SSL-FORUM CHANDIGARH 1,Shoppers Stop,Department Store,Chandigarh,Punjab,North,SKU40544,Bb Cream Peach 30Ml,Renee,Makeup,Foundation,Top 10,Active,599,14,17,,6,3797,BGR North,9,9,,50,4,92.3,,
2025-12,OL1027,SSL-FORUM CHANDIGARH 1,Shoppers Stop,Department Store,Chandigarh,Punjab,North,SKU40588,Bb Cream Coral 30Ml,Renee,Makeup,Foundation,Top 10,Active,349,2,7,,9,3318,BGR North,14,14,,50,4,92.3,,
2025-12,OL1027,SSL-FORUM CHANDIGARH 1,Shoppers Stop,Department Store,Chandigarh,Punjab,North,SKU40595,Compact Powder Mocha 9Gm,Renee,Makeup,Foundation,Top 10,Active,449,24,38,,16,7590,BGR North,30,30,,50,4,92.3,,
2025-12,OL1027,SSL-FORUM CHANDIGARH 1,Shoppers Stop,Department Store,Chandigarh,Punjab,North,SKU40662,Compact Powder Nude 9Gm,Renee,Makeup,Foundation,Top 25,Active,1199,2,3,,1,1267,BGR North,3,2,,50,4,92.3,,
2025-12,OL1027,SSL-FORUM CHANDIGARH 1,Shoppers Stop,Department Store,Chandigarh,Punjab,North,SKU40763,Blending Brush R6,Renee,Makeup,Brushes,Others,Active,349,10,12,,4,1475,BGR North,7,6,,50,4,92.3,,
2025-12,OL1027,SSL-FORUM CHANDIGARH 1,Shoppers Stop,Department Store,Chandigarh,Punjab,North,SKU40850,Powder Brush R8,Renee,Makeup,Brushes,Top 25,Active,650,19,25,,9,6180,BGR North,16,15,,50,4,92.3,,
2025-12,OL1027,SSL-FORUM CHANDIGARH 1,Shoppers Stop,Department Store,Chandigarh,Punjab,North,SKU40928,Powder Brush R4,Renee,Makeup,Brushes,Top 25,Active,650,15,15,,4,2747,BGR North,7,4,,50,4,92.3,,
2025-12,OL1027,SSL-FORUM CHANDIGARH 1,Shoppers Stop,Department Store,Chandigarh,Punjab,North,SKU40951,Sunscreen Gel Spf 50 70Ml,Renee,Skincare,Sunscreen,Top 25,Active,999,3,3,,2,2111,BGR North,3,2,,45,4,92.3,,
2025-12,OL1027,SSL-FORUM CHANDIGARH 1,Shoppers Stop,Department Store,Chandigarh,Punjab,North,SKU41032,Face Wash Hazelnut 60Ml,Renee,Skincare,Cleanser,Others,Active,499,0,1,,1,527,BGR North,2,2,,45,4,92.3,,
2025-12,OL1027,SSL-FORUM CHANDIGARH 1,Shoppers Stop,Department Store,Chandigarh,Punjab,North,SKU41129,Face Wash Vanilla 40Ml,Renee,Skincare,Cleanser,Others,Active,299,18,18,,2,632,BGR North,3,2,,45,4,92.3,,
2025-12,OL1027,SSL-FORUM CHANDIGARH 1,Shoppers Stop,Department Store,Chandigarh,Punjab,North,SKU41295,Perfume Rose 50Ml,Renee,Fragrance,EDP,Top 25,Active,599,0,0,,7,4430,BGR North,7,4,,55,4,92.3,,
2025-12,OL1027,SSL-FORUM CHANDIGARH 1,Shoppers Stop,Department Store,Chandigarh,Punjab,North,SKU41647,Hair Oil Hazelnut 100Ml,Renee,Haircare,Hair Oil,Others,Active,799,2,6,,1,844,BGR North,3,3,,35,4,92.3,,
2025-12,OL1028,SSL-ORION BANGALORE 2,Shoppers Stop,Department Store,Bangalore,Karnataka,South,SKU40108,Matte Lip Color Peach 4.2Ml,Renee,Makeup,Lipstick,Top 10,Active,650,7,10,,6,4285,BGR South,9,9,,50,2,71.1,,
2025-12,OL1028,SSL-ORION BANGALORE 2,Shoppers Stop,Department Store,Bangalore,Karnataka,South,SKU40202,Liquid Lipstick Mocha 5Ml,Renee,Makeup,Lipstick,Top 25,Active,799,4,5,,2,1756,BGR South,3,3,,50,2,71.1,2025-11,
2025-12,OL1028,SSL-ORION BANGALORE 2,Shoppers Stop,Department Store,Bangalore,Karnataka,South,SKU40318,Midnight Eyeliner Hazelnut 2.5Ml,Renee,Makeup,Eyeliner,Others,Active,650,6,9,,2,1428,BGR South,6,5,,50,2,71.1,,
2025-12,OL1028,SSL-ORION BANGALORE 2,Shoppers Stop,Department Store,Bangalore,Karnataka,South,SKU40490,Kajal Midnight 0.35Gm,Renee,Makeup,Eyeliner,Top 10,Active,599,54,53,,5,3290,BGR South,6,4,,50,2,71.1,,
2025-12,OL1028,SSL-ORION BANGALORE 2,Shoppers Stop,Department Store,Bangalore,Karnataka,South,SKU40595,Compact Powder Mocha 9Gm,Renee,Makeup,Foundation,Top 10,Active,449,17,19,,11,5426,BGR South,19,13,,50,2,71.1,,
2025-12,OL1028,SSL-ORION BANGALORE 2,Shoppers Stop,Department Store,Bangalore,Karnataka,South,SKU40662,Compact Powder Nude 9Gm,Renee,Makeup,Foundation,Top 25,Active,1199,6,8,,1,1317,BGR South,3,3,,50,2,71.1,,
2025-12,OL1028,SSL-ORION BANGALORE 2,Shoppers Stop,Department Store,Bangalore,Karnataka,South,SKU40763,Blending Brush R6,Renee,Makeup,Brushes,Others,Active,349,5,0,,2,767,BGR South,3,2,,50,2,71.1,,
2025-12,OL1028,SSL-ORION BANGALORE 2,Shoppers Stop,Department Store,Bangalore,Karnataka,South,SKU40951,Sunscreen Gel Spf 50 70Ml,Renee,Skincare,Sunscreen,Top 25,Active,999,2,3,,2,2195,BGR South,4,3,,45,2,71.1,,
2025-12,OL1028,SSL-ORION BANGALORE 2,Shoppers Stop,Department Store,Bangalore,Karnataka,South,SKU41024,Vitamin C Serum 30Ml,Renee,Skincare,Serum,Others,Active,449,1,7,,1,493,BGR South,0,0,,45,2,71.1,,
2025-12,OL1028,SSL-ORION BANGALORE 2,Shoppers Stop,Department Store,Bangalore,Karnataka,South,SKU41032,Face Wash Hazelnut 60Ml,Renee,Skincare,Cleanser,Others,Active,499,3,5,,2,1096,BGR South,5,4,,45,2,71.1,,
2025-12,OL1028,SSL-ORION BANGALORE 2,Shoppers Stop,Department Store,Bangalore,Karnataka,South,SKU41048,Face Wash Ocean 20Ml,Renee,Skincare,Cleanser,Others,Active,349,13,36,,6,2301,BGR South,9,9,,45,2,71.1,,
2025-12,OL1028,SSL-ORION BANGALORE 2,Shoppers Stop,Department Store,Bangalore,Karnataka,South,SKU41536,Body Mist Nude 100Ml,Renee,Fragrance,Body Mist,Top 25,Active,349,39,36,,9,3451,BGR South,9,6,,55,2,71.1,,
2025-12,OL1028,SSL-ORION BANGALORE 2,Shoppers Stop,Department Store,Bangalore,Karnataka,South,SKU41608,Hair Oil Berry 100Ml,Renee,Haircare,Hair Oil,Others,Active,449,4,3,,1,493,BGR South,0,0,,35,2,71.1,,
2025-12,OL1028,SSL-ORION BANGALORE 2,Shoppers Stop,Department Store,Bangalore,Karnataka,South,SKU41647,Hair Oil Hazelnut 100Ml,Renee,Haircare,Hair Oil,Others,Active,799,2,1,,1,878,BGR South,0,0,,35,2,71.1,,
2025-12,OL1029,SSL-SELECT NOIDA 3,Shoppers Stop,Department Store,Noida,Uttar Pradesh,North,SKU40108,Matte Lip Color Peach 4.2Ml,Renee,Makeup,Lipstick,Top 10,Active,650,43,51,,14,8757,BGR North,24,22,,50,2,60.2,,
2025-12,OL1029,SSL-SELECT NOIDA 3,Shoppers Stop,Department Store,Noida,Uttar Pradesh,North,SKU40202,Liquid Lipstick Mocha 5Ml,Renee,Makeup,Lipstick,Top 25,Active,799,4,3,,2,1538,BGR North,2,1,,50,2,60.2,2025-11,
2025-12,OL1029,SSL-SELECT NOIDA 3,Shoppers Stop,Department Store,Noida,Uttar Pradesh,North,SKU40266,Liquid Lipstick Nude 5Ml,Renee,Makeup,Lipstick,Top 10,Active,799,45,48,,13,9996,BGR North,24,16,,50,2,60.2,,
2025-12,OL1029,SSL-SELECT NOIDA 3,Shoppers Stop,Department Store,Noida,Uttar Pradesh,North,SKU40318,Midnight Eyeliner Hazelnut 2.5Ml,Renee,Makeup,Eyeliner,Others,Active,650,10,12,,2,1251,BGR North,4,4,,50,2,60.2,,
2025-12,OL1029,SSL-SELECT NOIDA 3,Shoppers Stop,Department Store,Noida,Uttar Pradesh,North,SKU40425,Kajal Vanilla 0.35Gm,Renee,Makeup,Eyeliner,Top 25,Active,299,88,147,,18,5179,BGR North,29,26,,50,2,60.2,,
2025-12,OL1029,SSL-SELECT NOIDA 3,Shoppers Stop,Department Store,Noida,Uttar Pradesh,North,SKU40544,Bb Cream Peach 30Ml,Renee,Makeup,Foundation,Top 10,Active,599,46,54,,22,12682,BGR North,30,30,,50,2,60.2,,
2025-12,OL1029,SSL-SELECT NOIDA 3,Shoppers Stop,Department Store,Noida,Uttar Pradesh,North,SKU40595,Compact Powder Mocha 9Gm,Renee,Makeup,Foundation,Top 10,Active,449,30,28,,34,14691,BGR North,32,32,,50,2,60.2,,
2025-12,OL1029,SSL-SELECT NOIDA 3,Shoppers Stop,Department Store,Noida,Uttar Pradesh,North,SKU40662,Compact Powder Nude 9Gm,Renee,Makeup,Foundation,Top 25,Active,1199,10,11,,3,3462,BGR North,5,4,,50,2,60.2,,
2025-12,OL1029,SSL-SELECT NOIDA 3,Shoppers Stop,Department Store,Noida,Uttar Pradesh,North,SKU40763,Blending Brush R6,Renee,Makeup,Brushes,Others,Active,349,12,13,,7,2351,BGR North,8,8,,50,2,60.2,,
2025-12,OL1029,SSL-SELECT NOIDA 3,Shoppers Stop,Department Store,Noida,Uttar Pradesh,North,SKU40836,Blending Brush R4,Renee,Makeup,Brushes,Top 10,Active,1199,16,16,,9,10385,BGR North,14,9,,50,2,60.2,,
2025-12,OL1029,SSL-SELECT NOIDA 3,Shoppers Stop,Department Store,Noida,Uttar Pradesh,North,SKU40850,Powder Brush R8,Renee,Makeup,Brushes,Top 25,Active,650,18,16,,10,6255,BGR North,11,8,,50,2,60.2,,
2025-12,OL1029,SSL-SELECT NOIDA 3,Shoppers Stop,Department Store,Noida,Uttar Pradesh,North,SKU40951,Sunscreen Gel Spf 50 70Ml,Renee,Skincare,Sunscreen,Top 25,Active,999,17,16,,2,1923,BGR North,2,1,,45,2,60.2,,
2025-12,OL1029,SSL-SELECT NOIDA 3,Shoppers Stop,Department Store,Noida,Uttar Pradesh,North,SKU40972,Sunscreen Gel Spf 50 70Ml,Renee,Skincare,Sunscreen,Top 25,Active,599,11,13,,9,5188,BGR North,13,11,,45,2,60.2,,
2025-12,OL1029,SSL-SELECT NOIDA 3,Shoppers Stop,Department Store,Noida,Uttar Pradesh,North,SKU41032,Face Wash Hazelnut 60Ml,Renee,Skincare,Cleanser,Others,Active,499,0,4,,3,1441,BGR North,7,7,,45,2,60.2,,
2025-12,OL1029,SSL-SELECT NOIDA 3,Shoppers Stop,Department Store,Noida,Uttar Pradesh,North,SKU41048,Face Wash Ocean 20Ml,Renee,Skincare,Cleanser,Others,Active,349,3,1,,7,2351,BGR North,6,5,,45,2,60.2,,
2025-12,OL1029,SSL-SELECT NOIDA 3,Shoppers Stop,Department Store,Noida,Uttar Pradesh,North,SKU41129,Face Wash Vanilla 40Ml,Renee,Skincare,Cleanser,Others,Active,299,10,20,,4,1151,BGR North,4,3,,45,2,60.2,,
2025-12,OL1029,SSL-SELECT NOIDA 3,Shoppers Stop,Department Store,Noida,Uttar Pradesh,North,SKU41215,Perfume Midnight 50Ml,Renee,Fragrance,EDP,Others,Active,399,2,2,,2,768,BGR North,3,2,,55,2,60.2,,
2025-12,OL1029,SSL-SELECT NOIDA 3,Shoppers Stop,Department Store,Noida,Uttar Pradesh,North,SKU41382,Perfume Peach 50Ml,Renee,Fragrance,EDP,Top 25,Active,499,13,16,,6,2881,BGR North,10,9,,55,2,60.2,2025-08,
2025-12,OL1029,SSL-SELECT NOIDA 3,Shoppers Stop,Department Store,Noida,Uttar Pradesh,North,SKU41536,Body Mist Nude 100Ml,Renee,Fragrance,Body Mist,Top 25,Active,349,38,0,,0,0,BGR North,3,2,,55,2,60.2,,
2025-12,OL1029,SSL-SELECT NOIDA 3,Shoppers Stop,Department Store,Noida,Uttar Pradesh,North,SKU41647,Hair Oil Hazelnut 100Ml,Renee,Haircare,Hair Oil,Others,Active,799,3,6,,2,1538,BGR North,5,5,,35,2,60.2,,
2025-12,OL1030,SSL-NEXUS NOIDA 4,Shoppers Stop,Department Store,Noida,Uttar Pradesh,North,SKU40108,Matte Lip Color Peach 4.2Ml,Renee,Makeup,Lipstick,Top 10,Active,650,9,14,,5,3381,BGR North,10,10,,50,1,75.3,,
2025-12,OL1030,SSL-NEXUS NOIDA 4,Shoppers Stop,Department Store,Noida,Uttar Pradesh,North,SKU40127,Matte Lip Color Coral 4.2Ml,Renee,Makeup,Lipstick,Top 25,Active,499,50,52,,4,2077,BGR North,8,6,,50,1,75.3,,
2025-12,OL1030,SSL-NEXUS NOIDA 4,Shoppers Stop,Department Store,Noida,Uttar Pradesh,North,SKU40266,Liquid Lipstick Nude 5Ml,Renee,Makeup,Lipstick,Top 10,Active,799,17,19,,6,4987,BGR North,12,8,,50,1,75.3,,
2025-12,OL1030,SSL-NEXUS NOIDA 4,Shoppers Stop,Department Store,Noida,Uttar Pradesh,North,SKU40318,Midnight Eyeliner Hazelnut 2.5Ml,Renee,Makeup,Eyeliner,Others,Active,650,1,2,,1,676,BGR North,3,2,,50,1,75.3,,
2025-12,OL1030,SSL-NEXUS NOIDA 4,Shoppers Stop,Department Store,Noida,Uttar Pradesh,North,SKU40425,Kajal Vanilla 0.35Gm,Renee,Makeup,Eyeliner,Top 25,Active,299,10,14,,6,1866,BGR North,10,10,,50,1,75.3,,
2025-12,OL1030,SSL-NEXUS NOIDA 4,Shoppers Stop,Department Store,Noida,Uttar Pradesh,North,SKU40588,Bb Cream Coral 30Ml,Renee,Makeup,Foundation,Top 10,Active,349,13,18,,6,2179,BGR North,14,11,,50,1,75.3,,
2025-12,OL1030,SSL-NEXUS NOIDA 4,Shoppers Stop,Department Store,Noida,Uttar Pradesh,North,SKU40595,Compact Powder Mocha 9Gm,Renee,Makeup,Foundation,Top 10,Active,449,0,0,,8,3737,BGR North,9,7,,50,1,75.3,,
2025-12,OL1030,SSL-NEXUS NOIDA 4,Shoppers Stop,Department Store,Noida,Uttar Pradesh,North,SKU40662,Compact Powder Nude 9Gm,Renee,Makeup,Foundation,Top 25,Active,1199,4,4,,2,2495,BGR North,4,2,,50,1,75.3,,
2025-12,OL1030,SSL-NEXUS NOIDA 4,Shoppers Stop,Department Store,Noida,Uttar Pradesh,North,SKU40722,Compact Powder Berry 9Gm,Renee,Makeup,Foundation,Top 10,Active,799,15,17,,2,1662,BGR North,5,4,,50,1,75.3,,
2025-12,OL1030,SSL-NEXUS NOIDA 4,Shoppers Stop,Department Store,Noida,Uttar Pradesh,North,SKU40763,Blending Brush R6,Renee,Makeup,Brushes,Others,Active,349,1,1,,3,1089,BGR North,4,3,,50,1,75.3,,
2025-12,OL1030,SSL-NEXUS NOIDA 4,Shoppers Stop,Department Store,Noida,Uttar Pradesh,North,SKU40951,Sunscreen Gel Spf 50 70Ml,Renee,Skincare,Sunscreen,Top 25,Active,999,5,6,,1,1039,BGR North,3,2,,45,1,75.3,,
2025-12,OL1030,SSL-NEXUS NOIDA 4,Shoppers Stop,Department Store,Noida,Uttar Pradesh,North,SKU40972,Sunscreen Gel Spf 50 70Ml,Renee,Skincare,Sunscreen,Top 25,Active,599,0,0,,5,3116,BGR North,6,5,,45,1,75.3,,
2025-12,OL1030,SSL-NEXUS NOIDA 4,Shoppers Stop,Department Store,Noida,Uttar Pradesh,North,SKU41024,Vitamin C Serum 30Ml,Renee,Skincare,Serum,Others,Active,449,0,0,,1,467,BGR North,2,1,,45,1,75.3,,
2025-12,OL1030,SSL-NEXUS NOIDA 4,Shoppers Stop,Department Store,Noida,Uttar Pradesh,North,SKU41048,Face Wash Ocean 20Ml,Renee,Skincare,Cleanser,Others,Active,349,9,10,,2,726,BGR North,4,3,,45,1,75.3,,
2025-12,OL1030,SSL-NEXUS NOIDA 4,Shoppers Stop,Department Store,Noida,Uttar Pradesh,North,SKU41129,Face Wash Vanilla 40Ml,Renee,Skincare,Cleanser,Others,Active,299,6,7,,1,311,BGR North,2,2,,45,1,75.3,,
2025-12,OL1030,SSL-NEXUS NOIDA 4,Shoppers Stop,Department Store,Noida,Uttar Pradesh,North,SKU41295,Perfume Rose 50Ml,Renee,Fragrance,EDP,Top 25,Active,599,2,4,,5,3116,BGR North,7,7,,55,1,75.3,,
2025-12,OL1030,SSL-NEXUS NOIDA 4,Shoppers Stop,Department Store,Noida,Uttar Pradesh,North,SKU41382,Perfume Peach 50Ml,Renee,Fragrance,EDP,Top 25,Active,499,0,0,,2,1038,BGR North,2,1,,55,1,75.3,2025-08,
2025-12,OL1030,SSL-NEXUS NOIDA 4,Shoppers Stop,Department Store,Noida,Uttar Pradesh,North,SKU41420,Body Mist Coral 100Ml,Renee,Fragrance,Body Mist,Top 25,Active,399,2,0,,4,1660,BGR North,3,2,,55,1,75.3,,
2025-12,OL1031,SSL-SELECT HYDERABAD 5,Shoppers Stop,Department Store,Hyderabad,Telangana,South,SKU40078,Matte Lip Color Rose 4.2Ml,Renee,Makeup,Lipstick,Top 25,Active,650,14,16,,6,3777,BGR South,12,8,,50,1,69.6,,
2025-12,OL1031,SSL-SELECT HYDERABAD 5,Shoppers Stop,Department Store,Hyderabad,Telangana,South,SKU40108,Matte Lip Color Peach 4.2Ml,Renee,Makeup,Lipstick,Top 10,Active,650,0,3,,8,5036,BGR South,11,11,,50,1,69.6,,
2025-12,OL1031,SSL-SELECT HYDERABAD 5,Shoppers Stop,Department Store,Hyderabad,Telangana,South,SKU40127,Matte Lip Color Coral 4.2Ml,Renee,Makeup,Lipstick,Top 25,Active,499,20,24,,9,4350,BGR South,13,13,,50,1,69.6,,
2025-12,OL1031,SSL-SELECT HYDERABAD 5,Shoppers Stop,Department Store,Hyderabad,Telangana,South,SKU40202,Liquid Lipstick Mocha 5Ml,Renee,Makeup,Lipstick,Top 25,Active,799,7,9,,2,1548,BGR South,5,4,,50,1,69.6,2025-11,
2025-12,OL1031,SSL-SELECT HYDERABAD 5,Shoppers Stop,Department Store,Hyderabad,Telangana,South,SKU40425,Kajal Vanilla 0.35Gm,Renee,Makeup,Eyeliner,Top 25,Active,299,31,40,,15,4344,BGR South,27,24,,50,1,69.6,,
2025-12,OL1031,SSL-SELECT HYDERABAD 5,Shoppers Stop,Department Store,Hyderabad,Telangana,South,SKU40490,Kajal Midnight 0.35Gm,Renee,Makeup,Eyeliner,Top 10,Active,599,12,16,,16,9282,BGR South,26,20,,50,1,69.6,,
2025-12,OL1031,SSL-SELECT HYDERABAD 5,Shoppers Stop,Department Store,Hyderabad,Telangana,South,SKU40588,Bb Cream Coral 30Ml,Renee,Makeup,Foundation,Top 10,Active,349,27,24,,13,4394,BGR South,15,10,,50,1,69.6,,
2025-12,OL1031,SSL-SELECT HYDERABAD 5,Shoppers Stop,Department Store,Hyderabad,Telangana,South,SKU40850,Powder Brush R8,Renee,Makeup,Brushes,Top 25,Active,650,17,20,,6,3777,BGR South,10,9,,50,1,69.6,,
2025-12,OL1031,SSL-SELECT HYDERABAD 5,Shoppers Stop,Department Store,Hyderabad,Telangana,South,SKU40972,Sunscreen Gel Spf 50 70Ml,Renee,Skincare,Sunscreen,Top 25,Active,599,0,0,,4,2321,BGR South,3,2,,45,1,69.6,,
2025-12,OL1031,SSL-SELECT HYDERABAD 5,Shoppers Stop,Department Store,Hyderabad,Telangana,South,SKU40979,Sunscreen Gel Spf 50 50Ml,Renee,Skincare,Sunscreen,Top 25,Active,799,14,16,,3,2321,BGR South,6,5,,45,1,69.6,,
2025-12,OL1031,SSL-SELECT HYDERABAD 5,Shoppers Stop,Department Store,Hyderabad,Telangana,South,SKU41032,Face Wash Hazelnut 60Ml,Renee,Skincare,Cleanser,Others,Active,499,0,1,,1,483,BGR South,3,2,,45,1,69.6,,
2025-12,OL1031,SSL-SELECT HYDERABAD 5,Shoppers Stop,Department Store,Hyderabad,Telangana,South,SKU41129,Face Wash Vanilla 40Ml,Renee,Skincare,Cleanser,Others,Active,299,13,13,,2,579,BGR South,4,2,,45,1,69.6,,
2025-12,OL1031,SSL-SELECT HYDERABAD 5,Shoppers Stop,Department Store,Hyderabad,Telangana,South,SKU41295,Perfume Rose 50Ml,Renee,Fragrance,EDP,Top 25,Active,599,16,24,,9,5221,BGR South,17,17,,55,1,69.6,,
2025-12,OL1031,SSL-SELECT HYDERABAD 5,Shoppers Stop,Department Store,Hyderabad,Telangana,South,SKU41420,Body Mist Coral 100Ml,Renee,Fragrance,Body Mist,Top 25,Active,399,19,23,,4,1546,BGR South,9,8,,55,1,69.6,,
2025-12,OL1031,SSL-SELECT HYDERABAD 5,Shoppers Stop,Department Store,Hyderabad,Telangana,South,SKU41536,Body Mist Nude 100Ml,Renee,Fragrance,Body Mist,Top 25,Active,349,25,31,,10,3380,BGR South,17,16,,55,1,69.6,,
2025-12,OL1032,SSL-GALLERIA BANGALORE 6,Shoppers Stop,Department Store,Bangalore,Karnataka,South,SKU40202,Liquid Lipstick Mocha 5Ml,Renee,Makeup,Lipstick,Top 25,Active,799,2,2,,2,1764,BGR South,4,2,,50,4,58.5,2025-11,
2025-12,OL1032,SSL-GALLERIA BANGALORE 6,Shoppers Stop,Department Store,Bangalore,Karnataka,South,SKU40266,Liquid Lipstick Nude 5Ml,Renee,Makeup,Lipstick,Top 10,Active,799,0,0,,20,17639,BGR South,20,14,,50,4,58.5,,
2025-12,OL1032,SSL-GALLERIA BANGALORE 6,Shoppers Stop,Department Store,Bangalore,Karnataka,South,SKU40281,Midnight Eyeliner Berry 2.5Ml,Renee,Makeup,Eyeliner,Others,Active,299,13,16,,4,1320,BGR South,9,7,,50,4,58.5,,
2025-12,OL1032,SSL-GALLERIA BANGALORE 6,Shoppers Stop,Department Store,Bangalore,Karnataka,South,SKU40425,Kajal Vanilla 0.35Gm,Renee,Makeup,Eyeliner,Top 25,Active,299,0,0,,11,3630,BGR South,9,7,,50,4,58.5,,
2025-12,OL1032,SSL-GALLERIA BANGALORE 6,Shoppers Stop,Department Store,Bangalore,Karnataka,South,SKU40595,Compact Powder Mocha 9Gm,Renee,Makeup,Foundation,Top 10,Active,449,82,86,,7,3469,BGR South,12,11,,50,4,58.5,,
2025-12,OL1032,SSL-GALLERIA BANGALORE 6,Shoppers Stop,Department Store,Bangalore,Karnataka,South,SKU40662,Compact Powder Nude 9Gm,Renee,Makeup,Foundation,Top 25,Active,1199,7,7,,3,3970,BGR South,4,3,,50,4,58.5,,
2025-12,OL1032,SSL-GALLERIA BANGALORE 6,Shoppers Stop,Department Store,Bangalore,Karnataka,South,SKU40812,Blending Brush R1,Renee,Makeup,Brushes,Top 10,Active,599,0,8,,12,7934,BGR South,20,20,,50,4,58.5,2025-09,
2025-12,OL1032,SSL-GALLERIA BANGALORE 6,Shoppers Stop,Department Store,Bangalore,Karnataka,South,SKU40836,Blending Brush R4,Renee,Makeup,Brushes,Top 10,Active,1199,22,29,,10,13235,BGR South,17,17,,50,4,58.5,,
2025-12,OL1032,SSL-GALLERIA BANGALORE 6,Shoppers Stop,Department Store,Bangalore,Karnataka,South,SKU40850,Powder Brush R8,Renee,Makeup,Brushes,Top 25,Active,650,16,19,,7,5022,BGR South,15,10,,50,4,58.5,,
2025-12,OL1032,SSL-GALLERIA BANGALORE 6,Shoppers Stop,Department Store,Bangalore,Karnataka,South,SKU40972,Sunscreen Gel Spf 50 70Ml,Renee,Skincare,Sunscreen,Top 25,Active,599,2,3,,4,2645,BGR South,6,5,,45,4,58.5,,
2025-12,OL1032,SSL-GALLERIA BANGALORE 6,Shoppers Stop,Department Store,Bangalore,Karnataka,South,SKU41032,Face Wash Hazelnut 60Ml,Renee,Skincare,Cleanser,Others,Active,499,9,8,,1,551,BGR South,1,0,,45,4,58.5,,
2025-12,OL1032,SSL-GALLERIA BANGALORE 6,Shoppers Stop,Department Store,Bangalore,Karnataka,South,SKU41215,Perfume Midnight 50Ml,Renee,Fragrance,EDP,Others,Active,399,3,3,,1,440,BGR South,2,1,,55,4,58.5,,
2025-12,OL1032,SSL-GALLERIA BANGALORE 6,Shoppers Stop,Department Store,Bangalore,Karnataka,South,SKU41382,Perfume Peach 50Ml,Renee,Fragrance,EDP,Top 25,Active,499,8,8,,8,4406,BGR South,12,8,,55,4,58.5,2025-08,
2025-12,OL1032,SSL-GALLERIA BANGALORE 6,Shoppers Stop,Department Store,Bangalore,Karnataka,South,SKU41647,Hair Oil Hazelnut 100Ml,Renee,Haircare,Hair Oil,Others,Active,799,5,6,,1,882,BGR South,3,2,,35,4,58.5,,
2025-12,OL1033,SSL-SELECT PUNE 7,Shoppers Stop,Department Store,Pune,Maharashtra,West,SKU40127,Matte Lip Color Coral 4.2Ml,Renee,Makeup,Lipstick,Top 25,Active,499,14,12,,8,4096,BGR West,7,6,,50,4,71.2,,
2025-12,OL1033,SSL-SELECT PUNE 7,Shoppers Stop,Department Store,Pune,Maharashtra,West,SKU40202,Liquid Lipstick Mocha 5Ml,Renee,Makeup,Lipstick,Top 25,Active,799,3,4,,3,2459,BGR West,4,4,,50,4,71.2,2025-11,
2025-12,OL1033,SSL-SELECT PUNE 7,Shoppers Stop,Department Store,Pune,Maharashtra,West,SKU40266,Liquid Lipstick Nude 5Ml,Renee,Makeup,Lipstick,Top 10,Active,799,0,32,,30,24595,BGR West,62,62,,50,4,71.2,,
2025-12,OL1033,SSL-SELECT PUNE 7,Shoppers Stop,Department Store,Pune,Maharashtra,West,SKU40281,Midnight Eyeliner Berry 2.5Ml,Renee,Makeup,Eyeliner,Others,Active,299,7,4,,10,3068,BGR West,11,7,,50,4,71.2,,
2025-12,OL1033,SSL-SELECT PUNE 7,Shoppers Stop,Department Store,Pune,Maharashtra,West,SKU40381,Midnight Eyeliner Ocean 2.5Ml,Renee,Makeup,Eyeliner,Top 25,Active,699,27,26,,7,5021,BGR West,7,6,,50,4,71.2,,
2025-12,OL1033,SSL-SELECT PUNE 7,Shoppers Stop,Department Store,Pune,Maharashtra,West,SKU40425,Kajal Vanilla 0.35Gm,Renee,Makeup,Eyeliner,Top 25,Active,299,32,35,,10,3068,BGR West,14,13,,50,4,71.2,,
2025-12,OL1033,SSL-SELECT PUNE 7,Shoppers Stop,Department Store,Pune,Maharashtra,West,SKU40490,Kajal Midnight 0.35Gm,Renee,Makeup,Eyeliner,Top 10,Active,599,17,15,,13,7990,BGR West,14,11,,50,4,71.2,,
2025-12,OL1033,SSL-SELECT PUNE 7,Shoppers Stop,Department Store,Pune,Maharashtra,West,SKU40595,Compact Powder Mocha 9Gm,Renee,Makeup,Foundation,Top 10,Active,449,94,113,,21,9675,BGR West,40,40,,50,4,71.2,,
2025-12,OL1033,SSL-SELECT PUNE 7,Shoppers Stop,Department Store,Pune,Maharashtra,West,SKU40722,Compact Powder Berry 9Gm,Renee,Makeup,Foundation,Top 10,Active,799,14,13,,10,8198,BGR West,12,9,,50,4,71.2,,
2025-12,OL1033,SSL-SELECT PUNE 7,Shoppers Stop,Department Store,Pune,Maharashtra,West,SKU40763,Blending Brush R6,Renee,Makeup,Brushes,Others,Active,349,42,40,,3,1074,BGR West,2,1,,50,4,71.2,,
2025-12,OL1033,SSL-SELECT PUNE 7,Shoppers Stop,Department Store,Pune,Maharashtra,West,SKU40850,Powder Brush R8,Renee,Makeup,Brushes,Top 25,Active,650,36,39,,10,6669,BGR West,17,13,,50,4,71.2,,
2025-12,OL1033,SSL-SELECT PUNE 7,Shoppers Stop,Department Store,Pune,Maharashtra,West,SKU40928,Powder Brush R4,Renee,Makeup,Brushes,Top 25,Active,650,30,34,,5,3335,BGR West,10,9,,50,4,71.2,,
2025-12,OL1033,SSL-SELECT PUNE 7,Shoppers Stop,Department Store,Pune,Maharashtra,West,SKU40951,Sunscreen Gel Spf 50 70Ml,Renee,Skincare,Sunscreen,Top 25,Active,999,9,12,,4,4100,BGR West,7,7,,45,4,71.2,,
2025-12,OL1033,SSL-SELECT PUNE 7,Shoppers Stop,Department Store,Pune,Maharashtra,West,SKU40972,Sunscreen Gel Spf 50 70Ml,Renee,Skincare,Sunscreen,Top 25,Active,599,10,7,,9,5532,BGR West,8,6,,45,4,71.2,,
2025-12,OL1033,SSL-SELECT PUNE 7,Shoppers Stop,Department Store,Pune,Maharashtra,West,SKU40979,Sunscreen Gel Spf 50 50Ml,Renee,Skincare,Sunscreen,Top 25,Active,799,29,0,,4,3279,BGR West,7,7,,45,4,71.2,,
2025-12,OL1033,SSL-SELECT PUNE 7,Shoppers Stop,Department Store,Pune,Maharashtra,West,SKU41024,Vitamin C Serum 30Ml,Renee,Skincare,Serum,Others,Active,449,3,5,,1,461,BGR West,3,3,,45,4,71.2,,
2025-12,OL1033,SSL-SELECT PUNE 7,Shoppers Stop,Department Store,Pune,Maharashtra,West,SKU41032,Face Wash Hazelnut 60Ml,Renee,Skincare,Cleanser,Others,Active,499,14,15,,2,1024,BGR West,4,3,,45,4,71.2,,
2025-12,OL1033,SSL-SELECT PUNE 7,Shoppers Stop,Department Store,Pune,Maharashtra,West,SKU41048,Face Wash Ocean 20Ml,Renee,Skincare,Cleanser,Others,Active,349,10,10,,13,4655,BGR West,13,13,,45,4,71.2,,
2025-12,OL1033,SSL-SELECT PUNE 7,Shoppers Stop,Department Store,Pune,Maharashtra,West,SKU41382,Perfume Peach 50Ml,Renee,Fragrance,EDP,Top 25,Active,499,22,24,,7,3584,BGR West,9,9,,55,4,71.2,2025-08,
2025-12,OL1033,SSL-SELECT PUNE 7,Shoppers Stop,Department Store,Pune,Maharashtra,West,SKU41420,Body Mist Coral 100Ml,Renee,Fragrance,Body Mist,Top 25,Active,399,7,13,,6,2456,BGR West,13,12,,55,4,71.2,,
2025-12,OL1033,SSL-SELECT PUNE 7,Shoppers Stop,Department Store,Pune,Maharashtra,West,SKU41536,Body Mist Nude 100Ml,Renee,Fragrance,Body Mist,Top 25,Active,349,65,70,,11,3939,BGR West,18,16,,55,4,71.2,,
2025-12,OL1033,SSL-SELECT PUNE 7,Shoppers Stop,Department Store,Pune,Maharashtra,West,SKU41647,Hair Oil Hazelnut 100Ml,Renee,Haircare,Hair Oil,Others,Active,799,6,9,,2,1640,BGR West,5,5,,35,4,71.2,,
2025-12,OL1034,SSL-PHOENIX BHUBANESWAR 8,Shoppers Stop,Department Store,Bhubaneswar,Odisha,East,SKU40078,Matte Lip Color Rose 4.2Ml,Renee,Makeup,Lipstick,Top 25,Active,650,15,19,,6,4312,BGR East,10,10,,50,1,46.8,,
2025-12,OL1034,SSL-PHOENIX BHUBANESWAR 8,Shoppers Stop,Department Store,Bhubaneswar,Odisha,East,SKU40202,Liquid Lipstick Mocha 5Ml,Renee,Makeup,Lipstick,Top 25,Active,799,3,5,,1,883,BGR East,3,3,,50,1,46.8,2025-11,
2025-12,OL1034,SSL-PHOENIX BHUBANESWAR 8,Shoppers Stop,Department Store,Bhubaneswar,Odisha,East,SKU40266,Liquid Lipstick Nude 5Ml,Renee,Makeup,Lipstick,Top 10,Active,799,48,141,,21,18551,BGR East,26,26,,50,1,46.8,,
2025-12,OL1034,SSL-PHOENIX BHUBANESWAR 8,Shoppers Stop,Department Store,Bhubaneswar,Odisha,East,SKU40425,Kajal Vanilla 0.35Gm,Renee,Makeup,Eyeliner,Top 25,Active,299,90,92,,8,2645,BGR East,10,10,,50,1,46.8,,
2025-12,OL1034,SSL-PHOENIX BHUBANESWAR 8,Shoppers Stop,Department Store,Bhubaneswar,Odisha,East,SKU40588,Bb Cream Coral 30Ml,Renee,Makeup,Foundation,Top 10,Active,349,0,9,,19,7331,BGR East,30,28,,50,1,46.8,,
2025-12,OL1034,SSL-PHOENIX BHUBANESWAR 8,Shoppers Stop,Department Store,Bhubaneswar,Odisha,East,SKU40595,Compact Powder Mocha 9Gm,Renee,Makeup,Foundation,Top 10,Active,449,0,7,,11,5461,BGR East,19,18,,50,1,46.8,,
2025-12,OL1034,SSL-PHOENIX BHUBANESWAR 8,Shoppers Stop,Department Store,Bhubaneswar,Odisha,East,SKU40662,Compact Powder Nude 9Gm,Renee,Makeup,Foundation,Top 25,Active,1199,15,15,,2,2651,BGR East,3,2,,50,1,46.8,,
2025-12,OL1034,SSL-PHOENIX BHUBANESWAR 8,Shoppers Stop,Department Store,Bhubaneswar,Odisha,East,SKU40763,Blending Brush R6,Renee,Makeup,Brushes,Others,Active,349,0,0,,5,1929,BGR East,6,6,,50,1,46.8,,
2025-12,OL1034,SSL-PHOENIX BHUBANESWAR 8,Shoppers Stop,Department Store,Bhubaneswar,Odisha,East,SKU40928,Powder Brush R4,Renee,Makeup,Brushes,Top 25,Active,650,35,40,,8,5749,BGR East,13,13,,50,1,46.8,,
2025-12,OL1034,SSL-PHOENIX BHUBANESWAR 8,Shoppers Stop,Department Store,Bhubaneswar,Odisha,East,SKU40972,Sunscreen Gel Spf 50 70Ml,Renee,Skincare,Sunscreen,Top 25,Active,599,0,7,,7,4636,BGR East,14,14,,45,1,46.8,,
2025-12,OL1034,SSL-PHOENIX BHUBANESWAR 8,Shoppers Stop,Department Store,Bhubaneswar,Odisha,East,SKU41048,Face Wash Ocean 20Ml,Renee,Skincare,Cleanser,Others,Active,349,3,9,,6,2315,BGR East,14,12,,45,1,46.8,,
2025-12,OL1034,SSL-PHOENIX BHUBANESWAR 8,Shoppers Stop,Department Store,Bhubaneswar,Odisha,East,SKU41295,Perfume Rose 50Ml,Renee,Fragrance,EDP,Top 25,Active,599,27,0,,5,3311,BGR East,8,7,,55,1,46.8,,
2025-12,OL1034,SSL-PHOENIX BHUBANESWAR 8,Shoppers Stop,Department Store,Bhubaneswar,Odisha,East,SKU41420,Body Mist Coral 100Ml,Renee,Fragrance,Body Mist,Top 25,Active,399,5,9,,8,3529,BGR East,14,12,,55,1,46.8,,
2025-12,OL1034,SSL-PHOENIX BHUBANESWAR 8,Shoppers Stop,Department Store,Bhubaneswar,Odisha,East,SKU41608,Hair Oil Berry 100Ml,Renee,Haircare,Hair Oil,Others,Active,449,3,4,,2,993,BGR East,4,3,,35,1,46.8,,
2025-12,OL1034,SSL-PHOENIX BHUBANESWAR 8,Shoppers Stop,Department Store,Bhubaneswar,Odisha,East,SKU41647,Hair Oil Hazelnut 100Ml,Renee,Haircare,Hair Oil,Others,Active,799,7,7,,1,883,BGR East,1,1,,35,1,46.8,,
2025-12,OL1035,SSL-EXPRESS CHENNAI 9,Shoppers Stop,Department Store,Chennai,Tamil Nadu,South,SKU40108,Matte Lip Color Peach 4.2Ml,Renee,Makeup,Lipstick,Top 10,Active,650,6,7,,4,2777,BGR South,7,5,,50,4,50.2,,
2025-12,OL1035,SSL-EXPRESS CHENNAI 9,Shoppers Stop,Department Store,Chennai,Tamil Nadu,South,SKU40202,Liquid Lipstick Mocha 5Ml,Renee,Makeup,Lipstick,Top 25,Active,799,3,6,,1,853,BGR South,2,2,,50,4,50.2,2025-11,
2025-12,OL1035,SSL-EXPRESS CHENNAI 9,Shoppers Stop,Department Store,Chennai,Tamil Nadu,South,SKU40266,Liquid Lipstick Nude 5Ml,Renee,Makeup,Lipstick,Top 10,Active,799,8,12,,8,6827,BGR South,12,12,,50,4,50.2,,
2025-12,OL1035,SSL-EXPRESS CHENNAI 9,Shoppers Stop,Department Store,Chennai,Tamil Nadu,South,SKU40318,Midnight Eyeliner Hazelnut 2.5Ml,Renee,Makeup,Eyeliner,Others,Active,650,7,9,,1,694,BGR South,4,3,,50,4,50.2,,
2025-12,OL1035,SSL-EXPRESS CHENNAI 9,Shoppers Stop,Department Store,Chennai,Tamil Nadu,South,SKU40425,Kajal Vanilla 0.35Gm,Renee,Makeup,Eyeliner,Top 25,Active,299,13,12,,7,2236,BGR South,9,6,,50,4,50.2,,
2025-12,OL1035,SSL-EXPRESS CHENNAI 9,Shoppers Stop,Department Store,Chennai,Tamil Nadu,South,SKU40544,Bb Cream Peach 30Ml,Renee,Makeup,Foundation,Top 10,Active,599,53,55,,6,3839,BGR South,8,8,,50,4,50.2,,
2025-12,OL1035,SSL-EXPRESS CHENNAI 9,Shoppers Stop,Department Store,Chennai,Tamil Nadu,South,SKU40588,Bb Cream Coral 30Ml,Renee,Makeup,Foundation,Top 10,Active,349,16,0,,10,3728,BGR South,13,9,,50,4,50.2,,
2025-12,OL1035,SSL-EXPRESS CHENNAI 9,Shoppers Stop,Department Store,Chennai,Tamil Nadu,South,SKU40763,Blending Brush R6,Renee,Makeup,Brushes,Others,Active,349,0,6,,1,373,BGR South,1,0,,50,4,50.2,,
2025-12,OL1035,SSL-EXPRESS CHENNAI 9,Shoppers Stop,Department Store,Chennai,Tamil Nadu,South,SKU40836,Blending Brush R4,Renee,Makeup,Brushes,Top 10,Active,1199,30,33,,8,10245,BGR South,13,11,,50,4,50.2,,
2025-12,OL1035,SSL-EXPRESS CHENNAI 9,Shoppers Stop,Department Store,Chennai,Tamil Nadu,South,SKU40928,Powder Brush R4,Renee,Makeup,Brushes,Top 25,Active,650,10,10,,4,2777,BGR South,7,4,,50,4,50.2,,
2025-12,OL1035,SSL-EXPRESS CHENNAI 9,Shoppers Stop,Department Store,Chennai,Tamil Nadu,South,SKU40951,Sunscreen Gel Spf 50 70Ml,Renee,Skincare,Sunscreen,Top 25,Active,999,6,7,,1,1067,BGR South,4,2,,45,4,50.2,,
2025-12,OL1035,SSL-EXPRESS CHENNAI 9,Shoppers Stop,Department Store,Chennai,Tamil Nadu,South,SKU40972,Sunscreen Gel Spf 50 70Ml,Renee,Skincare,Sunscreen,Top 25,Active,599,5,4,,3,1919,BGR South,3,2,,45,4,50.2,,
2025-12,OL1035,SSL-EXPRESS CHENNAI 9,Shoppers Stop,Department Store,Chennai,Tamil Nadu,South,SKU40979,Sunscreen Gel Spf 50 50Ml,Renee,Skincare,Sunscreen,Top 25,Active,799,2,5,,1,853,BGR South,4,4,,45,4,50.2,,
2025-12,OL1035,SSL-EXPRESS CHENNAI 9,Shoppers Stop,Department Store,Chennai,Tamil Nadu,South,SKU41024,Vitamin C Serum 30Ml,Renee,Skincare,Serum,Others,Active,449,8,9,,1,480,BGR South,4,2,,45,4,50.2,,
2025-12,OL1035,SSL-EXPRESS CHENNAI 9,Shoppers Stop,Department Store,Chennai,Tamil Nadu,South,SKU41032,Face Wash Hazelnut 60Ml,Renee,Skincare,Cleanser,Others,Active,499,6,8,,1,533,BGR South,3,3,,45,4,50.2,,
2025-12,OL1035,SSL-EXPRESS CHENNAI 9,Shoppers Stop,Department Store,Chennai,Tamil Nadu,South,SKU41215,Perfume Midnight 50Ml,Renee,Fragrance,EDP,Others,Active,399,6,8,,1,426,BGR South,3,3,,55,4,50.2,,
2025-12,OL1035,SSL-EXPRESS CHENNAI 9,Shoppers Stop,Department Store,Chennai,Tamil Nadu,South,SKU41476,Body Mist Mocha 100Ml,Renee,Fragrance,Body Mist,Top 10,Active,799,29,33,,4,3414,BGR South,9,8,,55,4,50.2,,
2025-12,OL1035,SSL-EXPRESS CHENNAI 9,Shoppers Stop,Department Store,Chennai,Tamil Nadu,South,SKU41536,Body Mist Nude 100Ml,Renee,Fragrance,Body Mist,Top 25,Active,349,24,26,,6,2237,BGR South,10,8,,55,4,50.2,,
2025-12,OL1036,SSL-GALLERIA MUMBAI 10,Shoppers Stop,Department Store,Mumbai,Maharashtra,West,SKU40078,Matte Lip Color Rose 4.2Ml,Renee,Makeup,Lipstick,Top 25,Active,650,10,33,,4,2768,BGR West,5,5,,50,4,46.2,,
2025-12,OL1036,SSL-GALLERIA MUMBAI 10,Shoppers Stop,Department Store,Mumbai,Maharashtra,West,SKU40108,Matte Lip Color Peach 4.2Ml,Renee,Makeup,Lipstick,Top 10,Active,650,14,14,,7,4843,BGR West,8,7,,50,4,46.2,,
2025-12,OL1036,SSL-GALLERIA MUMBAI 10,Shoppers Stop,Department Store,Mumbai,Maharashtra,West,SKU40202,Liquid Lipstick Mocha 5Ml,Renee,Makeup,Lipstick,Top 25,Active,799,6,7,,2,1701,BGR West,3,3,,50,4,46.2,2025-11,
2025-12,OL1036,SSL-GALLERIA MUMBAI 10,Shoppers Stop,Department Store,Mumbai,Maharashtra,West,SKU40266,Liquid Lipstick Nude 5Ml,Renee,Makeup,Lipstick,Top 10,Active,799,25,30,,15,12758,BGR West,25,20,,50,4,46.2,,
2025-12,OL1036,SSL-GALLERIA MUMBAI 10,Shoppers Stop,Department Store,Mumbai,Maharashtra,West,SKU40281,Midnight Eyeliner Berry 2.5Ml,Renee,Makeup,Eyeliner,Others,Active,299,9,10,,3,955,BGR West,6,4,,50,4,46.2,,
2025-12,OL1036,SSL-GALLERIA MUMBAI 10,Shoppers Stop,Department Store,Mumbai,Maharashtra,West,SKU40318,Midnight Eyeliner Hazelnut 2.5Ml,Renee,Makeup,Eyeliner,Others,Active,650,0,2,,5,3460,BGR West,8,7,,50,4,46.2,,
2025-12,OL1036,SSL-GALLERIA MUMBAI 10,Shoppers Stop,Department Store,Mumbai,Maharashtra,West,SKU40381,Midnight Eyeliner Ocean 2.5Ml,Renee,Makeup,Eyeliner,Top 25,Active,699,25,27,,4,2976,BGR West,6,6,,50,4,46.2,,
2025-12,OL1036,SSL-GALLERIA MUMBAI 10,Shoppers Stop,Department Store,Mumbai,Maharashtra,West,SKU40544,Bb Cream Peach 30Ml,Renee,Makeup,Foundation,Top 10,Active,599,10,13,,9,5739,BGR West,12,12,,50,4,46.2,,
2025-12,OL1036,SSL-GALLERIA MUMBAI 10,Shoppers Stop,Department Store,Mumbai,Maharashtra,West,SKU40595,Compact Powder Mocha 9Gm,Renee,Makeup,Foundation,Top 10,Active,449,31,33,,10,4780,BGR West,18,12,,50,4,46.2,,
2025-12,OL1036,SSL-GALLERIA MUMBAI 10,Shoppers Stop,Department Store,Mumbai,Maharashtra,West,SKU40722,Compact Powder Berry 9Gm,Renee,Makeup,Foundation,Top 10,Active,799,25,27,,5,4253,BGR West,11,7,,50,4,46.2,,
2025-12,OL1036,SSL-GALLERIA MUMBAI 10,Shoppers Stop,Department Store,Mumbai,Maharashtra,West,SKU40763,Blending Brush R6,Renee,Makeup,Brushes,Others,Active,349,2,4,,4,1486,BGR West,7,6,,50,4,46.2,,
2025-12,OL1036,SSL-GALLERIA MUMBAI 10,Shoppers Stop,Department Store,Mumbai,Maharashtra,West,SKU40812,Blending Brush R1,Renee,Makeup,Brushes,Top 10,Active,599,31,34,,13,8289,BGR West,16,16,,50,4,46.2,2025-09,
2025-12,OL1036,SSL-GALLERIA MUMBAI 10,Shoppers Stop,Department Store,Mumbai,Maharashtra,West,SKU40850,Powder Brush R8,Renee,Makeup,Brushes,Top 25,Active,650,19,21,,10,6919,BGR West,14,12,,50,4,46.2,,
2025-12,OL1036,SSL-GALLERIA MUMBAI 10,Shoppers Stop,Department Store,Mumbai,Maharashtra,West,SKU40951,Sunscreen Gel Spf 50 70Ml,Renee,Skincare,Sunscreen,Top 25,Active,999,5,14,,2,2127,BGR West,2,2,,45,4,46.2,,
2025-12,OL1036,SSL-GALLERIA MUMBAI 10,Shoppers Stop,Department Store,Mumbai,Maharashtra,West,SKU40972,Sunscreen Gel Spf 50 70Ml,Renee,Skincare,Sunscreen,Top 25,Active,599,2,3,,7,4463,BGR West,10,8,,45,4,46.2,,
2025-12,OL1036,SSL-GALLERIA MUMBAI 10,Shoppers Stop,Department Store,Mumbai,Maharashtra,West,SKU40979,Sunscreen Gel Spf 50 50Ml,Renee,Skincare,Sunscreen,Top 25,Active,799,2,5,,3,2552,BGR West,7,6,,45,4,46.2,,
2025-12,OL1036,SSL-GALLERIA MUMBAI 10,Shoppers Stop,Department Store,Mumbai,Maharashtra,West,SKU41024,Vitamin C Serum 30Ml,Renee,Skincare,Serum,Others,Active,449,4,4,,1,478,BGR West,2,1,,45,4,46.2,,
2025-12,OL1036,SSL-GALLERIA MUMBAI 10,Shoppers Stop,Department Store,Mumbai,Maharashtra,West,SKU41032,Face Wash Hazelnut 60Ml,Renee,Skincare,Cleanser,Others,Active,499,2,1,,1,531,BGR West,0,0,,45,4,46.2,,
2025-12,OL1036,SSL-GALLERIA MUMBAI 10,Shoppers Stop,Department Store,Mumbai,Maharashtra,West,SKU41048,Face Wash Ocean 20Ml,Renee,Skincare,Cleanser,Others,Active,349,16,19,,6,2229,BGR West,10,9,,45,4,46.2,,
2025-12,OL1036,SSL-GALLERIA MUMBAI 10,Shoppers Stop,Department Store,Mumbai,Maharashtra,West,SKU41382,Perfume Peach 50Ml,Renee,Fragrance,EDP,Top 25,Active,499,0,4,,4,2125,BGR West,9,8,,55,4,46.2,2025-08,
2025-12,OL1036,SSL-GALLERIA MUMBAI 10,Shoppers Stop,Department Store,Mumbai,Maharashtra,West,SKU41536,Body Mist Nude 100Ml,Renee,Fragrance,Body Mist,Top 25,Active,349,25,26,,14,5201,BGR West,19,15,,55,4,46.2,,
2025-12,OL1036,SSL-GALLERIA MUMBAI 10,Shoppers Stop,Department Store,Mumbai,Maharashtra,West,SKU41608,Hair Oil Berry 100Ml,Renee,Haircare,Hair Oil,Others,Active,449,8,10,,0,0,BGR West,3,2,,35,4,46.2,,
2025-12,OL1037,SSL-ORION AHMEDABAD 11,Shoppers Stop,Department Store,Ahmedabad,Gujarat,West,SKU40078,Matte Lip Color Rose 4.2Ml,Renee,Makeup,Lipstick,Top 25,Active,650,23,21,,6,4135,BGR West,7,4,,50,2,71.5,,
2025-12,OL1037,SSL-ORION AHMEDABAD 11,Shoppers Stop,Department Store,Ahmedabad,Gujarat,West,SKU40108,Matte Lip Color Peach 4.2Ml,Renee,Makeup,Lipstick,Top 10,Active,650,22,0,,7,4824,BGR West,9,9,,50,2,71.5,,
2025-12,OL1037,SSL-ORION AHMEDABAD 11,Shoppers Stop,Department Store,Ahmedabad,Gujarat,West,SKU40202,Liquid Lipstick Mocha 5Ml,Renee,Makeup,Lipstick,Top 25,Active,799,2,2,,2,1694,BGR West,3,2,,50,2,71.5,2025-11,
2025-12,OL1037,SSL-ORION AHMEDABAD 11,Shoppers Stop,Department Store,Ahmedabad,Gujarat,West,SKU40266,Liquid Lipstick Nude 5Ml,Renee,Makeup,Lipstick,Top 10,Active,799,0,18,,20,16943,BGR West,40,38,,50,2,71.5,,
2025-12,OL1037,SSL-ORION AHMEDABAD 11,Shoppers Stop,Department Store,Ahmedabad,Gujarat,West,SKU40281,Midnight Eyeliner Berry 2.5Ml,Renee,Makeup,Eyeliner,Others,Active,299,63,59,,11,3487,BGR West,8,7,,50,2,71.5,,
2025-12,OL1037,SSL-ORION AHMEDABAD 11,Shoppers Stop,Department Store,Ahmedabad,Gujarat,West,SKU40425,Kajal Vanilla 0.35Gm,Renee,Makeup,Eyeliner,Top 25,Active,299,11,0,,12,3804,BGR West,19,13,,50,2,71.5,,
2025-12,OL1037,SSL-ORION AHMEDABAD 11,Shoppers Stop,Department Store,Ahmedabad,Gujarat,West,SKU40588,Bb Cream Coral 30Ml,Renee,Makeup,Foundation,Top 10,Active,349,61,75,,18,6661,BGR West,34,32,,50,2,71.5,,
2025-12,OL1037,SSL-ORION AHMEDABAD 11,Shoppers Stop,Department Store,Ahmedabad,Gujarat,West,SKU40595,Compact Powder Mocha 9Gm,Renee,Makeup,Foundation,Top 10,Active,449,17,33,,24,11426,BGR West,40,40,,50,2,71.5,,
2025-12,OL1037,SSL-ORION AHMEDABAD 11,Shoppers Stop,Department Store,Ahmedabad,Gujarat,West,SKU40662,Compact Powder Nude 9Gm,Renee,Makeup,Foundation,Top 25,Active,1199,8,10,,3,3814,BGR West,8,5,,50,2,71.5,,
2025-12,OL1037,SSL-ORION AHMEDABAD 11,Shoppers Stop,Department Store,Ahmedabad,Gujarat,West,SKU40763,Blending Brush R6,Renee,Makeup,Brushes,Others,Active,349,21,22,,4,1480,BGR West,6,5,,50,2,71.5,,
2025-12,OL1037,SSL-ORION AHMEDABAD 11,Shoppers Stop,Department Store,Ahmedabad,Gujarat,West,SKU40812,Blending Brush R1,Renee,Makeup,Brushes,Top 10,Active,599,31,30,,8,5081,BGR West,10,7,,50,2,71.5,2025-09,
2025-12,OL1037,SSL-ORION AHMEDABAD 11,Shoppers Stop,Department Store,Ahmedabad,Gujarat,West,SKU40928,Powder Brush R4,Renee,Makeup,Brushes,Top 25,Active,650,13,13,,0,0,BGR West,0,0,,50,2,71.5,,
2025-12,OL1037,SSL-ORION AHMEDABAD 11,Shoppers Stop,Department Store,Ahmedabad,Gujarat,West,SKU40979,Sunscreen Gel Spf 50 50Ml,Renee,Skincare,Sunscreen,Top 25,Active,799,18,22,,3,2542,BGR West,8,7,,45,2,71.5,,
2025-12,OL1037,SSL-ORION AHMEDABAD 11,Shoppers Stop,Department Store,Ahmedabad,Gujarat,West,SKU41032,Face Wash Hazelnut 60Ml,Renee,Skincare,Cleanser,Others,Active,499,9,11,,2,1058,BGR West,4,4,,45,2,71.5,,
2025-12,OL1037,SSL-ORION AHMEDABAD 11,Shoppers Stop,Department Store,Ahmedabad,Gujarat,West,SKU41048,Face Wash Ocean 20Ml,Renee,Skincare,Cleanser,Others,Active,349,8,14,,6,2220,BGR West,13,12,,45,2,71.5,,
2025-12,OL1037,SSL-ORION AHMEDABAD 11,Shoppers Stop,Department Store,Ahmedabad,Gujarat,West,SKU41215,Perfume Midnight 50Ml,Renee,Fragrance,EDP,Others,Active,399,0,0,,2,846,BGR West,4,4,,55,2,71.5,,
2025-12,OL1037,SSL-ORION AHMEDABAD 11,Shoppers Stop,Department Store,Ahmedabad,Gujarat,West,SKU41382,Perfume Peach 50Ml,Renee,Fragrance,EDP,Top 25,Active,499,14,14,,7,3704,BGR West,8,7,,55,2,71.5,2025-08,
2025-12,OL1037,SSL-ORION AHMEDABAD 11,Shoppers Stop,Department Store,Ahmedabad,Gujarat,West,SKU41608,Hair Oil Berry 100Ml,Renee,Haircare,Hair Oil,Others,Active,449,3,4,,3,1428,BGR West,4,4,,35,2,71.5,,
2025-12,OL1037,SSL-ORION AHMEDABAD 11,Shoppers Stop,Department Store,Ahmedabad,Gujarat,West,SKU41647,Hair Oil Hazelnut 100Ml,Renee,Haircare,Hair Oil,Others,Active,799,9,9,,1,847,BGR West,1,1,,35,2,71.5,,
2025-12,OL1038,SSL-INORBIT PUNE 12,Shoppers Stop,Department Store,Pune,Maharashtra,West,SKU40078,Matte Lip Color Rose 4.2Ml,Renee,Makeup,Lipstick,Top 25,Active,650,0,2,,6,3934,BGR West,9,8,,50,3,89.5,,
2025-12,OL1038,SSL-INORBIT PUNE 12,Shoppers Stop,Department Store,Pune,Maharashtra,West,SKU40127,Matte Lip Color Coral 4.2Ml,Renee,Makeup,Lipstick,Top 25,Active,499,16,15,,13,6543,BGR West,16,12,,50,3,89.5,,
2025-12,OL1038,SSL-INORBIT PUNE 12,Shoppers Stop,Department Store,Pune,Maharashtra,West,SKU40202,Liquid Lipstick Mocha 5Ml,Renee,Makeup,Lipstick,Top 25,Active,799,0,2,,2,1612,BGR West,5,4,,50,3,89.5,2025-11,
2025-12,OL1038,SSL-INORBIT PUNE 12,Shoppers Stop,Department Store,Pune,Maharashtra,West,SKU40266,Liquid Lipstick Nude 5Ml,Renee,Makeup,Lipstick,Top 10,Active,799,0,12,,23,18536,BGR West,35,35,,50,3,89.5,,
2025-12,OL1038,SSL-INORBIT PUNE 12,Shoppers Stop,Department Store,Pune,Maharashtra,West,SKU40281,Midnight Eyeliner Berry 2.5Ml,Renee,Makeup,Eyeliner,Others,Active,299,46,45,,8,2413,BGR West,7,7,,50,3,89.5,,
2025-12,OL1038,SSL-INORBIT PUNE 12,Shoppers Stop,Department Store,Pune,Maharashtra,West,SKU40318,Midnight Eyeliner Hazelnut 2.5Ml,Renee,Makeup,Eyeliner,Others,Active,650,14,17,,2,1311,BGR West,6,5,,50,3,89.5,,
2025-12,OL1038,SSL-INORBIT PUNE 12,Shoppers Stop,Department Store,Pune,Maharashtra,West,SKU40381,Midnight Eyeliner Ocean 2.5Ml,Renee,Makeup,Eyeliner,Top 25,Active,699,37,40,,3,2115,BGR West,8,6,,50,3,89.5,,
2025-12,OL1038,SSL-INORBIT PUNE 12,Shoppers Stop,Department Store,Pune,Maharashtra,West,SKU40425,Kajal Vanilla 0.35Gm,Renee,Makeup,Eyeliner,Top 25,Active,299,24,26,,14,4222,BGR West,20,16,,50,3,89.5,,
2025-12,OL1038,SSL-INORBIT PUNE 12,Shoppers Stop,Department Store,Pune,Maharashtra,West,SKU40588,Bb Cream Coral 30Ml,Renee,Makeup,Foundation,Top 10,Active,349,9,114,,17,5984,BGR West,20,16,,50,3,89.5,,
2025-12,OL1038,SSL-INORBIT PUNE 12,Shoppers Stop,Department Store,Pune,Maharashtra,West,SKU40595,Compact Powder Mocha 9Gm,Renee,Makeup,Foundation,Top 10,Active,449,3,9,,15,6793,BGR West,23,21,,50,3,89.5,,
2025-12,OL1038,SSL-INORBIT PUNE 12,Shoppers Stop,Department Store,Pune,Maharashtra,West,SKU40662,Compact Powder Nude 9Gm,Renee,Makeup,Foundation,Top 25,Active,1199,0,0,,0,0,BGR West,0,0,,50,3,89.5,,
2025-12,OL1038,SSL-INORBIT PUNE 12,Shoppers Stop,Department Store,Pune,Maharashtra,West,SKU40722,Compact Powder Berry 9Gm,Renee,Makeup,Foundation,Top 10,Active,799,18,22,,10,8059,BGR West,14,14,,50,3,89.5,,
2025-12,OL1038,SSL-INORBIT PUNE 12,Shoppers Stop,Department Store,Pune,Maharashtra,West,SKU40763,Blending Brush R6,Renee,Makeup,Brushes,Others,Active,349,2,1,,5,1760,BGR West,4,4,,50,3,89.5,,
2025-12,OL1038,SSL-INORBIT PUNE 12,Shoppers Stop,Department Store,Pune,Maharashtra,West,SKU40850,Powder Brush R8,Renee,Makeup,Brushes,Top 25,Active,650,15,15,,0,0,BGR West,0,0,,50,3,89.5,,
2025-12,OL1038,SSL-INORBIT PUNE 12,Shoppers Stop,Department Store,Pune,Maharashtra,West,SKU40928,Powder Brush R4,Renee,Makeup,Brushes,Top 25,Active,650,10,14,,5,3278,BGR West,11,9,,50,3,89.5,,
2025-12,OL1038,SSL-INORBIT PUNE 12,Shoppers Stop,Department Store,Pune,Maharashtra,West,SKU40979,Sunscreen Gel Spf 50 50Ml,Renee,Skincare,Sunscreen,Top 25,Active,799,13,15,,3,2418,BGR West,6,5,,45,3,89.5,,
2025-12,OL1038,SSL-INORBIT PUNE 12,Shoppers Stop,Department Store,Pune,Maharashtra,West,SKU41048,Face Wash Ocean 20Ml,Renee,Skincare,Cleanser,Others,Active,349,0,1,,4,1408,BGR West,6,5,,45,3,89.5,,
2025-12,OL1038,SSL-INORBIT PUNE 12,Shoppers Stop,Department Store,Pune,Maharashtra,West,SKU41215,Perfume Midnight 50Ml,Renee,Fragrance,EDP,Others,Active,399,5,6,,1,402,BGR West,2,2,,55,3,89.5,,
2025-12,OL1038,SSL-INORBIT PUNE 12,Shoppers Stop,Department Store,Pune,Maharashtra,West,SKU41295,Perfume Rose 50Ml,Renee,Fragrance,EDP,Top 25,Active,599,17,20,,8,4833,BGR West,14,11,,55,3,89.5,,
2025-12,OL1038,SSL-INORBIT PUNE 12,Shoppers Stop,Department Store,Pune,Maharashtra,West,SKU41420,Body Mist Coral 100Ml,Renee,Fragrance,Body Mist,Top 25,Active,399,14,16,,10,4025,BGR West,14,12,,55,3,89.5,,
2025-12,OL1038,SSL-INORBIT PUNE 12,Shoppers Stop,Department Store,Pune,Maharashtra,West,SKU41476,Body Mist Mocha 100Ml,Renee,Fragrance,Body Mist,Top 10,Active,799,27,35,,22,17730,BGR West,38,30,,55,3,89.5,,
2025-12,OL1038,SSL-INORBIT PUNE 12,Shoppers Stop,Department Store,Pune,Maharashtra,West,SKU41608,Hair Oil Berry 100Ml,Renee,Haircare,Hair Oil,Others,Active,449,23,25,,1,453,BGR West,3,3,,35,3,89.5,,
2025-12,OL1039,SSL-CITY CENTRE SURAT 13,Shoppers Stop,Department Store,Surat,Gujarat,West,SKU40078,Matte Lip Color Rose 4.2Ml,Renee,Makeup,Lipstick,Top 25,Active,650,5,4,,2,1298,BGR West,2,1,,50,1,58,,
2025-12,OL1039,SSL-CITY CENTRE SURAT 13,Shoppers Stop,Department Store,Surat,Gujarat,West,SKU40108,Matte Lip Color Peach 4.2Ml,Renee,Makeup,Lipstick,Top 10,Active,650,4,7,,4,2595,BGR West,7,7,,50,1,58,,
2025-12,OL1039,SSL-CITY CENTRE SURAT 13,Shoppers Stop,Department Store,Surat,Gujarat,West,SKU40127,Matte Lip Color Coral 4.2Ml,Renee,Makeup,Lipstick,Top 25,Active,499,17,22,,4,1993,BGR West,9,9,,50,1,58,,
2025-12,OL1039,SSL-CITY CENTRE SURAT 13,Shoppers Stop,Department Store,Surat,Gujarat,West,SKU40202,Liquid Lipstick Mocha 5Ml,Renee,Makeup,Lipstick,Top 25,Active,799,0,1,,1,798,BGR West,3,2,,50,1,58,2025-11,
2025-12,OL1039,SSL-CITY CENTRE SURAT 13,Shoppers Stop,Department Store,Surat,Gujarat,West,SKU40266,Liquid Lipstick Nude 5Ml,Renee,Makeup,Lipstick,Top 10,Active,799,9,8,,6,4786,BGR West,6,5,,50,1,58,,
2025-12,OL1039,SSL-CITY CENTRE SURAT 13,Shoppers Stop,Department Store,Surat,Gujarat,West,SKU40318,Midnight Eyeliner Hazelnut 2.5Ml,Renee,Makeup,Eyeliner,Others,Active,650,0,0,,1,649,BGR West,2,1,,50,1,58,,
2025-12,OL1039,SSL-CITY CENTRE SURAT 13,Shoppers Stop,Department Store,Surat,Gujarat,West,SKU40381,Midnight Eyeliner Ocean 2.5Ml,Renee,Makeup,Eyeliner,Top 25,Active,699,12,14,,1,698,BGR West,3,3,,50,1,58,,
2025-12,OL1039,SSL-CITY CENTRE SURAT 13,Shoppers Stop,Department Store,Surat,Gujarat,West,SKU40490,Kajal Midnight 0.35Gm,Renee,Makeup,Eyeliner,Top 10,Active,599,9,12,,5,2990,BGR West,9,8,,50,1,58,,
2025-12,OL1039,SSL-CITY CENTRE SURAT 13,Shoppers Stop,Department Store,Surat,Gujarat,West,SKU40544,Bb Cream Peach 30Ml,Renee,Makeup,Foundation,Top 10,Active,599,2,3,,5,2990,BGR West,7,6,,50,1,58,,
2025-12,OL1039,SSL-CITY CENTRE SURAT 13,Shoppers Stop,Department Store,Surat,Gujarat,West,SKU40595,Compact Powder Mocha 9Gm,Renee,Makeup,Foundation,Top 10,Active,449,0,0,,3,1345,BGR West,4,2,,50,1,58,,
2025-12,OL1039,SSL-CITY CENTRE SURAT 13,Shoppers Stop,Department Store,Surat,Gujarat,West,SKU40763,Blending Brush R6,Renee,Makeup,Brushes,Others,Active,349,6,7,,1,348,BGR West,2,1,,50,1,58,,
2025-12,OL1039,SSL-CITY CENTRE SURAT 13,Shoppers Stop,Department Store,Surat,Gujarat,West,SKU40836,Blending Brush R4,Renee,Makeup,Brushes,Top 10,Active,1199,4,3,,5,5984,BGR West,6,4,,50,1,58,,
2025-12,OL1039,SSL-CITY CENTRE SURAT 13,Shoppers Stop,Department Store,Surat,Gujarat,West,SKU40928,Powder Brush R4,Renee,Makeup,Brushes,Top 25,Active,650,11,12,,1,649,BGR West,3,2,,50,1,58,,
2025-12,OL1039,SSL-CITY CENTRE SURAT 13,Shoppers Stop,Department Store,Surat,Gujarat,West,SKU40972,Sunscreen Gel Spf 50 70Ml,Renee,Skincare,Sunscreen,Top 25,Active,599,10,9,,2,1196,BGR West,2,1,,45,1,58,,
2025-12,OL1039,SSL-CITY CENTRE SURAT 13,Shoppers Stop,Department Store,Surat,Gujarat,West,SKU41048,Face Wash Ocean 20Ml,Renee,Skincare,Cleanser,Others,Active,349,5,4,,3,1045,BGR West,4,2,,45,1,58,,
2025-12,OL1039,SSL-CITY CENTRE SURAT 13,Shoppers Stop,Department Store,Surat,Gujarat,West,SKU41129,Face Wash Vanilla 40Ml,Renee,Skincare,Cleanser,Others,Active,299,3,4,,1,298,BGR West,3,2,,45,1,58,,
2025-12,OL1039,SSL-CITY CENTRE SURAT 13,Shoppers Stop,Department Store,Surat,Gujarat,West,SKU41295,Perfume Rose 50Ml,Renee,Fragrance,EDP,Top 25,Active,599,3,4,,2,1196,BGR West,3,3,,55,1,58,,
2025-12,OL1039,SSL-CITY CENTRE SURAT 13,Shoppers Stop,Department Store,Surat,Gujarat,West,SKU41382,Perfume Peach 50Ml,Renee,Fragrance,EDP,Top 25,Active,499,2,2,,2,996,BGR West,3,2,,55,1,58,2025-08,
2025-12,OL1039,SSL-CITY CENTRE SURAT 13,Shoppers Stop,Department Store,Surat,Gujarat,West,SKU41420,Body Mist Coral 100Ml,Renee,Fragrance,Body Mist,Top 25,Active,399,6,7,,3,1195,BGR West,5,4,,55,1,58,,
2025-12,OL1040,SSL-FORUM BHUBANESWAR 14,Shoppers Stop,Department Store,Bhubaneswar,Odisha,East,SKU40108,Matte Lip Color Peach 4.2Ml,Renee,Makeup,Lipstick,Top 10,Active,650,8,12,,5,3353,BGR East,10,9,,50,1,49.8,,
2025-12,OL1040,SSL-FORUM BHUBANESWAR 14,Shoppers Stop,Department Store,Bhubaneswar,Odisha,East,SKU40127,Matte Lip Color Coral 4.2Ml,Renee,Makeup,Lipstick,Top 25,Active,499,7,9,,3,1544,BGR East,6,5,,50,1,49.8,,
2025-12,OL1040,SSL-FORUM BHUBANESWAR 14,Shoppers Stop,Department Store,Bhubaneswar,Odisha,East,SKU40202,Liquid Lipstick Mocha 5Ml,Renee,Makeup,Lipstick,Top 25,Active,799,1,0,,1,824,BGR East,1,0,,50,1,49.8,2025-11,
2025-12,OL1040,SSL-FORUM BHUBANESWAR 14,Shoppers Stop,Department Store,Bhubaneswar,Odisha,East,SKU40266,Liquid Lipstick Nude 5Ml,Renee,Makeup,Lipstick,Top 10,Active,799,7,0,,8,6595,BGR East,12,12,,50,1,49.8,,
2025-12,OL1040,SSL-FORUM BHUBANESWAR 14,Shoppers Stop,Department Store,Bhubaneswar,Odisha,East,SKU40381,Midnight Eyeliner Ocean 2.5Ml,Renee,Makeup,Eyeliner,Top 25,Active,699,3,6,,2,1442,BGR East,5,5,,50,1,49.8,,
2025-12,OL1040,SSL-FORUM BHUBANESWAR 14,Shoppers Stop,Department Store,Bhubaneswar,Odisha,East,SKU40425,Kajal Vanilla 0.35Gm,Renee,Makeup,Eyeliner,Top 25,Active,299,3,5,,4,1234,BGR East,9,6,,50,1,49.8,,
2025-12,OL1040,SSL-FORUM BHUBANESWAR 14,Shoppers Stop,Department Store,Bhubaneswar,Odisha,East,SKU40490,Kajal Midnight 0.35Gm,Renee,Makeup,Eyeliner,Top 10,Active,599,36,36,,4,2472,BGR East,4,4,,50,1,49.8,,
2025-12,OL1040,SSL-FORUM BHUBANESWAR 14,Shoppers Stop,Department Store,Bhubaneswar,Odisha,East,SKU40544,Bb Cream Peach 30Ml,Renee,Makeup,Foundation,Top 10,Active,599,3,0,,5,3090,BGR East,12,12,,50,1,49.8,,
2025-12,OL1040,SSL-FORUM BHUBANESWAR 14,Shoppers Stop,Department Store,Bhubaneswar,Odisha,East,SKU40588,Bb Cream Coral 30Ml,Renee,Makeup,Foundation,Top 10,Active,349,27,34,,10,3601,BGR East,17,17,,50,1,49.8,,
2025-12,OL1040,SSL-FORUM BHUBANESWAR 14,Shoppers Stop,Department Store,Bhubaneswar,Odisha,East,SKU40836,Blending Brush R4,Renee,Makeup,Brushes,Top 10,Active,1199,10,12,,6,7422,BGR East,12,8,,50,1,49.8,,
2025-12,OL1040,SSL-FORUM BHUBANESWAR 14,Shoppers Stop,Department Store,Bhubaneswar,Odisha,East,SKU40850,Powder Brush R8,Renee,Makeup,Brushes,Top 25,Active,650,12,11,,3,2012,BGR East,3,2,,50,1,49.8,,
2025-12,OL1040,SSL-FORUM BHUBANESWAR 14,Shoppers Stop,Department Store,Bhubaneswar,Odisha,East,SKU40951,Sunscreen Gel Spf 50 70Ml,Renee,Skincare,Sunscreen,Top 25,Active,999,5,5,,1,1031,BGR East,1,1,,45,1,49.8,,
2025-12,OL1040,SSL-FORUM BHUBANESWAR 14,Shoppers Stop,Department Store,Bhubaneswar,Odisha,East,SKU40972,Sunscreen Gel Spf 50 70Ml,Renee,Skincare,Sunscreen,Top 25,Active,599,22,24,,2,1236,BGR East,4,4,,45,1,49.8,,
2025-12,OL1040,SSL-FORUM BHUBANESWAR 14,Shoppers Stop,Department Store,Bhubaneswar,Odisha,East,SKU40979,Sunscreen Gel Spf 50 50Ml,Renee,Skincare,Sunscreen,Top 25,Active,799,8,10,,2,1649,BGR East,5,4,,45,1,49.8,,
2025-12,OL1040,SSL-FORUM BHUBANESWAR 14,Shoppers Stop,Department Store,Bhubaneswar,Odisha,East,SKU41024,Vitamin C Serum 30Ml,Renee,Skincare,Serum,Others,Active,449,2,2,,0,0,BGR East,0,0,,45,1,49.8,,
2025-12,OL1040,SSL-FORUM BHUBANESWAR 14,Shoppers Stop,Department Store,Bhubaneswar,Odisha,East,SKU41048,Face Wash Ocean 20Ml,Renee,Skincare,Cleanser,Others,Active,349,12,12,,2,720,BGR East,2,2,,45,1,49.8,,
2025-12,OL1040,SSL-FORUM BHUBANESWAR 14,Shoppers Stop,Department Store,Bhubaneswar,Odisha,East,SKU41295,Perfume Rose 50Ml,Renee,Fragrance,EDP,Top 25,Active,599,2,2,,4,2472,BGR East,5,4,,55,1,49.8,,
2025-12,OL1040,SSL-FORUM BHUBANESWAR 14,Shoppers Stop,Department Store,Bhubaneswar,Odisha,East,SKU41382,Perfume Peach 50Ml,Renee,Fragrance,EDP,Top 25,Active,499,0,1,,4,2059,BGR East,7,5,,55,1,49.8,2025-08,
2025-12,OL1040,SSL-FORUM BHUBANESWAR 14,Shoppers Stop,Department Store,Bhubaneswar,Odisha,East,SKU41608,Hair Oil Berry 100Ml,Renee,Haircare,Hair Oil,Others,Active,449,2,4,,1,463,BGR East,4,3,,35,1,49.8,,
2025-12,OL1040,SSL-FORUM BHUBANESWAR 14,Shoppers Stop,Department Store,Bhubaneswar,Odisha,East,SKU41647,Hair Oil Hazelnut 100Ml,Renee,Haircare,Hair Oil,Others,Active,799,4,3,,1,824,BGR East,0,0,,35,1,49.8,,
2025-12,OL1041,SSL-INORBIT JAIPUR 15,Shoppers Stop,Department Store,Jaipur,Rajasthan,North,SKU40108,Matte Lip Color Peach 4.2Ml,Renee,Makeup,Lipstick,Top 10,Active,650,5,7,,2,1567,BGR North,5,4,,50,3,70.1,,
2025-12,OL1041,SSL-INORBIT JAIPUR 15,Shoppers Stop,Department Store,Jaipur,Rajasthan,North,SKU40127,Matte Lip Color Coral 4.2Ml,Renee,Makeup,Lipstick,Top 25,Active,499,12,15,,4,2406,BGR North,8,7,,50,3,70.1,,
2025-12,OL1041,SSL-INORBIT JAIPUR 15,Shoppers Stop,Department Store,Jaipur,Rajasthan,North,SKU40425,Kajal Vanilla 0.35Gm,Renee,Makeup,Eyeliner,Top 25,Active,299,7,8,,5,1802,BGR North,7,6,,50,3,70.1,,
2025-12,OL1041,SSL-INORBIT JAIPUR 15,Shoppers Stop,Department Store,Jaipur,Rajasthan,North,SKU40544,Bb Cream Peach 30Ml,Renee,Makeup,Foundation,Top 10,Active,599,0,4,,6,4332,BGR North,10,10,,50,3,70.1,,
2025-12,OL1041,SSL-INORBIT JAIPUR 15,Shoppers Stop,Department Store,Jaipur,Rajasthan,North,SKU40588,Bb Cream Coral 30Ml,Renee,Makeup,Foundation,Top 10,Active,349,20,23,,4,1683,BGR North,8,7,,50,3,70.1,,
2025-12,OL1041,SSL-INORBIT JAIPUR 15,Shoppers Stop,Department Store,Jaipur,Rajasthan,North,SKU40722,Compact Powder Berry 9Gm,Renee,Makeup,Foundation,Top 10,Active,799,2,4,,3,2889,BGR North,6,5,,50,3,70.1,,
2025-12,OL1041,SSL-INORBIT JAIPUR 15,Shoppers Stop,Department Store,Jaipur,Rajasthan,North,SKU40763,Blending Brush R6,Renee,Makeup,Brushes,Others,Active,349,0,1,,1,421,BGR North,3,2,,50,3,70.1,,
2025-12,OL1041,SSL-INORBIT JAIPUR 15,Shoppers Stop,Department Store,Jaipur,Rajasthan,North,SKU40812,Blending Brush R1,Renee,Makeup,Brushes,Top 10,Active,599,5,7,,2,1444,BGR North,4,4,,50,3,70.1,2025-09,
2025-12,OL1041,SSL-INORBIT JAIPUR 15,Shoppers Stop,Department Store,Jaipur,Rajasthan,North,SKU40836,Blending Brush R4,Renee,Makeup,Brushes,Top 10,Active,1199,22,23,,3,4336,BGR North,5,4,,50,3,70.1,,
2025-12,OL1041,SSL-INORBIT JAIPUR 15,Shoppers Stop,Department Store,Jaipur,Rajasthan,North,SKU40850,Powder Brush R8,Renee,Makeup,Brushes,Top 25,Active,650,6,7,,2,1567,BGR North,3,3,,50,3,70.1,,
2025-12,OL1041,SSL-INORBIT JAIPUR 15,Shoppers Stop,Department Store,Jaipur,Rajasthan,North,SKU40951,Sunscreen Gel Spf 50 70Ml,Renee,Skincare,Sunscreen,Top 25,Active,999,2,0,,1,1204,BGR North,4,3,,45,3,70.1,,
2025-12,OL1041,SSL-INORBIT JAIPUR 15,Shoppers Stop,Department Store,Jaipur,Rajasthan,North,SKU40972,Sunscreen Gel Spf 50 70Ml,Renee,Skincare,Sunscreen,Top 25,Active,599,5,5,,2,1444,BGR North,3,2,,45,3,70.1,,
2025-12,OL1041,SSL-INORBIT JAIPUR 15,Shoppers Stop,Department Store,Jaipur,Rajasthan,North,SKU40979,Sunscreen Gel Spf 50 50Ml,Renee,Skincare,Sunscreen,Top 25,Active,799,8,8,,0,0,BGR North,0,0,,45,3,70.1,,
2025-12,OL1041,SSL-INORBIT JAIPUR 15,Shoppers Stop,Department Store,Jaipur,Rajasthan,North,SKU41024,Vitamin C Serum 30Ml,Renee,Skincare,Serum,Others,Active,449,3,5,,1,541,BGR North,4,3,,45,3,70.1,,
2025-12,OL1041,SSL-INORBIT JAIPUR 15,Shoppers Stop,Department Store,Jaipur,Rajasthan,North,SKU41032,Face Wash Hazelnut 60Ml,Renee,Skincare,Cleanser,Others,Active,499,5,6,,1,601,BGR North,3,2,,45,3,70.1,,
2025-12,OL1041,SSL-INORBIT JAIPUR 15,Shoppers Stop,Department Store,Jaipur,Rajasthan,North,SKU41295,Perfume Rose 50Ml,Renee,Fragrance,EDP,Top 25,Active,599,13,12,,3,2166,BGR North,2,2,,55,3,70.1,,
2025-12,OL1041,SSL-INORBIT JAIPUR 15,Shoppers Stop,Department Store,Jaipur,Rajasthan,North,SKU41382,Perfume Peach 50Ml,Renee,Fragrance,EDP,Top 25,Active,499,8,10,,3,1804,BGR North,5,5,,55,3,70.1,2025-08,
2025-12,OL1041,SSL-INORBIT JAIPUR 15,Shoppers Stop,Department Store,Jaipur,Rajasthan,North,SKU41476,Body Mist Mocha 100Ml,Renee,Fragrance,Body Mist,Top 10,Active,799,2,0,,7,6742,BGR North,6,4,,55,3,70.1,,
2025-12,OL1041,SSL-INORBIT JAIPUR 15,Shoppers Stop,Department Store,Jaipur,Rajasthan,North,SKU41608,Hair Oil Berry 100Ml,Renee,Haircare,Hair Oil,Others,Active,449,5,0,,1,541,BGR North,1,1,,35,3,70.1,,
2025-12,OL1042,SSL-CITY CENTRE SURAT 16,Shoppers Stop,Department Store,Surat,Gujarat,West,SKU40078,Matte Lip Color Rose 4.2Ml,Renee,Makeup,Lipstick,Top 25,Active,650,9,10,,3,2208,BGR West,7,4,,50,4,52.3,,
2025-12,OL1042,SSL-CITY CENTRE SURAT 16,Shoppers Stop,Department Store,Surat,Gujarat,West,SKU40108,Matte Lip Color Peach 4.2Ml,Renee,Makeup,Lipstick,Top 10,Active,650,23,24,,7,5152,BGR West,8,8,,50,4,52.3,,
2025-12,OL1042,SSL-CITY CENTRE SURAT 16,Shoppers Stop,Department Store,Surat,Gujarat,West,SKU40127,Matte Lip Color Coral 4.2Ml,Renee,Makeup,Lipstick,Top 25,Active,499,2,0,,3,1695,BGR West,7,7,,50,4,52.3,,
2025-12,OL1042,SSL-CITY CENTRE SURAT 16,Shoppers Stop,Department Store,Surat,Gujarat,West,SKU40266,Liquid Lipstick Nude 5Ml,Renee,Makeup,Lipstick,Top 10,Active,799,26,32,,13,11762,BGR West,19,19,,50,4,52.3,,
2025-12,OL1042,SSL-CITY CENTRE SURAT 16,Shoppers Stop,Department Store,Surat,Gujarat,West,SKU40490,Kajal Midnight 0.35Gm,Renee,Makeup,Eyeliner,Top 10,Active,599,29,31,,9,6104,BGR West,17,11,,50,4,52.3,,
2025-12,OL1042,SSL-CITY CENTRE SURAT 16,Shoppers Stop,Department Store,Surat,Gujarat,West,SKU40544,Bb Cream Peach 30Ml,Renee,Makeup,Foundation,Top 10,Active,599,0,1,,0,0,BGR West,1,1,,50,4,52.3,,
2025-12,OL1042,SSL-CITY CENTRE SURAT 16,Shoppers Stop,Department Store,Surat,Gujarat,West,SKU40662,Compact Powder Nude 9Gm,Renee,Makeup,Foundation,Top 25,Active,1199,0,0,,1,1358,BGR West,3,2,,50,4,52.3,,
2025-12,OL1042,SSL-CITY CENTRE SURAT 16,Shoppers Stop,Department Store,Surat,Gujarat,West,SKU40763,Blending Brush R6,Renee,Makeup,Brushes,Others,Active,349,9,11,,2,790,BGR West,6,4,,50,4,52.3,,
2025-12,OL1042,SSL-CITY CENTRE SURAT 16,Shoppers Stop,Department Store,Surat,Gujarat,West,SKU40928,Powder Brush R4,Renee,Makeup,Brushes,Top 25,Active,650,8,9,,5,3680,BGR West,8,6,,50,4,52.3,,
2025-12,OL1042,SSL-CITY CENTRE SURAT 16,Shoppers Stop,Department Store,Surat,Gujarat,West,SKU40951,Sunscreen Gel Spf 50 70Ml,Renee,Skincare,Sunscreen,Top 25,Active,999,8,0,,2,2262,BGR West,2,1,,45,4,52.3,,
2025-12,OL1042,SSL-CITY CENTRE SURAT 16,Shoppers Stop,Department Store,Surat,Gujarat,West,SKU40972,Sunscreen Gel Spf 50 70Ml,Renee,Skincare,Sunscreen,Top 25,Active,599,10,0,,4,2713,BGR West,9,7,,45,4,52.3,,
2025-12,OL1042,SSL-CITY CENTRE SURAT 16,Shoppers Stop,Department Store,Surat,Gujarat,West,SKU40979,Sunscreen Gel Spf 50 50Ml,Renee,Skincare,Sunscreen,Top 25,Active,799,4,6,,2,1809,BGR West,5,4,,45,4,52.3,,
2025-12,OL1042,SSL-CITY CENTRE SURAT 16,Shoppers Stop,Department Store,Surat,Gujarat,West,SKU41048,Face Wash Ocean 20Ml,Renee,Skincare,Cleanser,Others,Active,349,26,29,,3,1186,BGR West,8,6,,45,4,52.3,,
2025-12,OL1042,SSL-CITY CENTRE SURAT 16,Shoppers Stop,Department Store,Surat,Gujarat,West,SKU41129,Face Wash Vanilla 40Ml,Renee,Skincare,Cleanser,Others,Active,299,4,4,,2,677,BGR West,3,2,,45,4,52.3,,
2025-12,OL1042,SSL-CITY CENTRE SURAT 16,Shoppers Stop,Department Store,Surat,Gujarat,West,SKU41476,Body Mist Mocha 100Ml,Renee,Fragrance,Body Mist,Top 10,Active,799,10,14,,9,8143,BGR West,13,13,,55,4,52.3,,
2025-12,OL1042,SSL-CITY CENTRE SURAT 16,Shoppers Stop,Department Store,Surat,Gujarat,West,SKU41536,Body Mist Nude 100Ml,Renee,Fragrance,Body Mist,Top 25,Active,349,22,17,,12,4742,BGR West,11,7,,55,4,52.3,,
2025-12,OL1042,SSL-CITY CENTRE SURAT 16,Shoppers Stop,Department Store,Surat,Gujarat,West,SKU41647,Hair Oil Hazelnut 100Ml,Renee,Haircare,Hair Oil,Others,Active,799,3,4,,1,905,BGR West,3,2,,35,4,52.3,,
2025-12,OL1043,SSL-FORUM SURAT 17,Shoppers Stop,Department Store,Surat,Gujarat,West,SKU40202,Liquid Lipstick Mocha 5Ml,Renee,Makeup,Lipstick,Top 25,Active,799,11,12,,3,2869,BGR West,5,4,,50,1,74,2025-11,
2025-12,OL1043,SSL-FORUM SURAT 17,Shoppers Stop,Department Store,Surat,Gujarat,West,SKU40281,Midnight Eyeliner Berry 2.5Ml,Renee,Makeup,Eyeliner,Others,Active,299,2,5,,8,2863,BGR West,16,11,,50,1,74,,
2025-12,OL1043,SSL-FORUM SURAT 17,Shoppers Stop,Department Store,Surat,Gujarat,West,SKU40490,Kajal Midnight 0.35Gm,Renee,Makeup,Eyeliner,Top 10,Active,599,22,23,,11,7886,BGR West,16,12,,50,1,74,,
2025-12,OL1043,SSL-FORUM SURAT 17,Shoppers Stop,Department Store,Surat,Gujarat,West,SKU40544,Bb Cream Peach 30Ml,Renee,Makeup,Foundation,Top 10,Active,599,2,7,,8,5735,BGR West,14,13,,50,1,74,,
2025-12,OL1043,SSL-FORUM SURAT 17,Shoppers Stop,Department Store,Surat,Gujarat,West,SKU40662,Compact Powder Nude 9Gm,Renee,Makeup,Foundation,Top 25,Active,1199,7,10,,3,4305,BGR West,6,6,,50,1,74,,
2025-12,OL1043,SSL-FORUM SURAT 17,Shoppers Stop,Department Store,Surat,Gujarat,West,SKU40722,Compact Powder Berry 9Gm,Renee,Makeup,Foundation,Top 10,Active,799,21,25,,7,6694,BGR West,11,11,,50,1,74,,
2025-12,OL1043,SSL-FORUM SURAT 17,Shoppers Stop,Department Store,Surat,Gujarat,West,SKU40812,Blending Brush R1,Renee,Makeup,Brushes,Top 10,Active,599,32,32,,16,11471,BGR West,20,16,,50,1,74,2025-09,
2025-12,OL1043,SSL-FORUM SURAT 17,Shoppers Stop,Department Store,Surat,Gujarat,West,SKU40836,Blending Brush R4,Renee,Makeup,Brushes,Top 10,Active,1199,37,46,,20,28701,BGR West,37,29,,50,1,74,,
2025-12,OL1043,SSL-FORUM SURAT 17,Shoppers Stop,Department Store,Surat,Gujarat,West,SKU40850,Powder Brush R8,Renee,Makeup,Brushes,Top 25,Active,650,88,90,,12,9336,BGR West,18,14,,50,1,74,,
2025-12,OL1043,SSL-FORUM SURAT 17,Shoppers Stop,Department Store,Surat,Gujarat,West,SKU40928,Powder Brush R4,Renee,Makeup,Brushes,Top 25,Active,650,64,66,,9,7002,BGR West,11,11,,50,1,74,,
2025-12,OL1043,SSL-FORUM SURAT 17,Shoppers Stop,Department Store,Surat,Gujarat,West,SKU40951,Sunscreen Gel Spf 50 70Ml,Renee,Skincare,Sunscreen,Top 25,Active,999,4,5,,3,3587,BGR West,6,4,,45,1,74,,
2025-12,OL1043,SSL-FORUM SURAT 17,Shoppers Stop,Department Store,Surat,Gujarat,West,SKU40979,Sunscreen Gel Spf 50 50Ml,Renee,Skincare,Sunscreen,Top 25,Active,799,9,11,,3,2869,BGR West,5,5,,45,1,74,,
2025-12,OL1043,SSL-FORUM SURAT 17,Shoppers Stop,Department Store,Surat,Gujarat,West,SKU41048,Face Wash Ocean 20Ml,Renee,Skincare,Cleanser,Others,Active,349,35,36,,5,2089,BGR West,9,6,,45,1,74,,
2025-12,OL1043,SSL-FORUM SURAT 17,Shoppers Stop,Department Store,Surat,Gujarat,West,SKU41215,Perfume Midnight 50Ml,Renee,Fragrance,EDP,Others,Active,399,3,5,,2,955,BGR West,4,4,,55,1,74,,
2025-12,OL1043,SSL-FORUM SURAT 17,Shoppers Stop,Department Store,Surat,Gujarat,West,SKU41420,Body Mist Coral 100Ml,Renee,Fragrance,Body Mist,Top 25,Active,399,21,25,,9,4298,BGR West,14,13,,55,1,74,,
2025-12,OL1043,SSL-FORUM SURAT 17,Shoppers Stop,Department Store,Surat,Gujarat,West,SKU41476,Body Mist Mocha 100Ml,Renee,Fragrance,Body Mist,Top 10,Active,799,0,2,,15,14345,BGR West,17,17,,55,1,74,,
2025-12,OL1043,SSL-FORUM SURAT 17,Shoppers Stop,Department Store,Surat,Gujarat,West,SKU41536,Body Mist Nude 100Ml,Renee,Fragrance,Body Mist,Top 25,Active,349,33,47,,20,8354,BGR West,38,34,,55,1,74,,
2025-12,OL1043,SSL-FORUM SURAT 17,Shoppers Stop,Department Store,Surat,Gujarat,West,SKU41608,Hair Oil Berry 100Ml,Renee,Haircare,Hair Oil,Others,Active,449,3,0,,3,1612,BGR West,4,4,,35,1,74,,
2025-12,OL1043,SSL-FORUM SURAT 17,Shoppers Stop,Department Store,Surat,Gujarat,West,SKU41647,Hair Oil Hazelnut 100Ml,Renee,Haircare,Hair Oil,Others,Active,799,0,1,,2,1913,BGR West,4,3,,35,1,74,,
2025-12,OL1044,SSL-CITY CENTRE GUWAHATI 18,Shoppers Stop,Department Store,Guwahati,Assam,East,SKU40108,Matte Lip Color Peach 4.2Ml,Renee,Makeup,Lipstick,Top 10,Active,650,12,16,,9,5685,BGR East,13,13,,50,3,66.5,,
2025-12,OL1044,SSL-CITY CENTRE GUWAHATI 18,Shoppers Stop,Department Store,Guwahati,Assam,East,SKU40127,Matte Lip Color Coral 4.2Ml,Renee,Makeup,Lipstick,Top 25,Active,499,11,14,,4,1940,BGR East,7,7,,50,3,66.5,,
2025-12,OL1044,SSL-CITY CENTRE GUWAHATI 18,Shoppers Stop,Department Store,Guwahati,Assam,East,SKU40202,Liquid Lipstick Mocha 5Ml,Renee,Makeup,Lipstick,Top 25,Active,799,9,0,,1,776,BGR East,2,1,,50,3,66.5,2025-11,
2025-12,OL1044,SSL-CITY CENTRE GUWAHATI 18,Shoppers Stop,Department Store,Guwahati,Assam,East,SKU40318,Midnight Eyeliner Hazelnut 2.5Ml,Renee,Makeup,Eyeliner,Others,Active,650,6,9,,1,632,BGR East,4,4,,50,3,66.5,,
2025-12,OL1044,SSL-CITY CENTRE GUWAHATI 18,Shoppers Stop,Department Store,Guwahati,Assam,East,SKU40381,Midnight Eyeliner Ocean 2.5Ml,Renee,Makeup,Eyeliner,Top 25,Active,699,0,3,,3,2038,BGR East,6,6,,50,3,66.5,,
2025-12,OL1044,SSL-CITY CENTRE GUWAHATI 18,Shoppers Stop,Department Store,Guwahati,Assam,East,SKU40490,Kajal Midnight 0.35Gm,Renee,Makeup,Eyeliner,Top 10,Active,599,17,26,,9,5239,BGR East,18,18,,50,3,66.5,,
2025-12,OL1044,SSL-CITY CENTRE GUWAHATI 18,Shoppers Stop,Department Store,Guwahati,Assam,East,SKU40588,Bb Cream Coral 30Ml,Renee,Makeup,Foundation,Top 10,Active,349,0,3,,8,2713,BGR East,11,11,,50,3,66.5,,
2025-12,OL1044,SSL-CITY CENTRE GUWAHATI 18,Shoppers Stop,Department Store,Guwahati,Assam,East,SKU40662,Compact Powder Nude 9Gm,Renee,Makeup,Foundation,Top 25,Active,1199,10,12,,1,1165,BGR East,3,3,,50,3,66.5,,
2025-12,OL1044,SSL-CITY CENTRE GUWAHATI 18,Shoppers Stop,Department Store,Guwahati,Assam,East,SKU40812,Blending Brush R1,Renee,Makeup,Brushes,Top 10,Active,599,23,25,,6,3493,BGR East,11,8,,50,3,66.5,2025-09,
2025-12,OL1044,SSL-CITY CENTRE GUWAHATI 18,Shoppers Stop,Department Store,Guwahati,Assam,East,SKU40836,Blending Brush R4,Renee,Makeup,Brushes,Top 10,Active,1199,7,7,,5,5826,BGR East,8,5,,50,3,66.5,,
2025-12,OL1044,SSL-CITY CENTRE GUWAHATI 18,Shoppers Stop,Department Store,Guwahati,Assam,East,SKU40972,Sunscreen Gel Spf 50 70Ml,Renee,Skincare,Sunscreen,Top 25,Active,599,8,9,,2,1164,BGR East,4,3,,45,3,66.5,,
2025-12,OL1044,SSL-CITY CENTRE GUWAHATI 18,Shoppers Stop,Department Store,Guwahati,Assam,East,SKU41024,Vitamin C Serum 30Ml,Renee,Skincare,Serum,Others,Active,449,0,0,,1,436,BGR East,2,1,,45,3,66.5,,
2025-12,OL1044,SSL-CITY CENTRE GUWAHATI 18,Shoppers Stop,Department Store,Guwahati,Assam,East,SKU41032,Face Wash Hazelnut 60Ml,Renee,Skincare,Cleanser,Others,Active,499,0,2,,1,485,BGR East,4,3,,45,3,66.5,,
2025-12,OL1044,SSL-CITY CENTRE GUWAHATI 18,Shoppers Stop,Department Store,Guwahati,Assam,East,SKU41048,Face Wash Ocean 20Ml,Renee,Skincare,Cleanser,Others,Active,349,9,7,,3,1017,BGR East,2,1,,45,3,66.5,,
2025-12,OL1044,SSL-CITY CENTRE GUWAHATI 18,Shoppers Stop,Department Store,Guwahati,Assam,East,SKU41420,Body Mist Coral 100Ml,Renee,Fragrance,Body Mist,Top 25,Active,399,1,1,,4,1551,BGR East,6,4,,55,3,66.5,,
2025-12,OL1044,SSL-CITY CENTRE GUWAHATI 18,Shoppers Stop,Department Store,Guwahati,Assam,East,SKU41476,Body Mist Mocha 100Ml,Renee,Fragrance,Body Mist,Top 10,Active,799,2,10,,9,6988,BGR East,17,17,,55,3,66.5,,
2025-12,OL1044,SSL-CITY CENTRE GUWAHATI 18,Shoppers Stop,Department Store,Guwahati,Assam,East,SKU41536,Body Mist Nude 100Ml,Renee,Fragrance,Body Mist,Top 25,Active,349,30,37,,6,2035,BGR East,13,13,,55,3,66.5,,
2025-12,OL1044,SSL-CITY CENTRE GUWAHATI 18,Shoppers Stop,Department Store,Guwahati,Assam,East,SKU41608,Hair Oil Berry 100Ml,Renee,Haircare,Hair Oil,Others,Active,449,2,8,,1,436,BGR East,4,2,,35,3,66.5,,
2025-12,OL1044,SSL-CITY CENTRE GUWAHATI 18,Shoppers Stop,Department Store,Guwahati,Assam,East,SKU41647,Hair Oil Hazelnut 100Ml,Renee,Haircare,Hair Oil,Others,Active,799,7,7,,1,776,BGR East,2,1,,35,3,66.5,,
2025-12,OL1045,DAB-PHOENIX CHENNAI 1,Dabur,MBO,Chennai,Tamil Nadu,South,SKU40108,Matte Lip Color Peach 4.2Ml,Renee,Makeup,Lipstick,Top 10,Active,650,11,10,,12,7755,BGR South,13,11,,50,4,63,,
2025-12,OL1045,DAB-PHOENIX CHENNAI 1,Dabur,MBO,Chennai,Tamil Nadu,South,SKU40266,Liquid Lipstick Nude 5Ml,Renee,Makeup,Lipstick,Top 10,Active,799,50,49,,21,16681,BGR South,25,20,,50,4,63,,
2025-12,OL1045,DAB-PHOENIX CHENNAI 1,Dabur,MBO,Chennai,Tamil Nadu,South,SKU40318,Midnight Eyeliner Hazelnut 2.5Ml,Renee,Makeup,Eyeliner,Others,Active,650,5,5,,3,1939,BGR South,4,3,,50,4,63,,
2025-12,OL1045,DAB-PHOENIX CHENNAI 1,Dabur,MBO,Chennai,Tamil Nadu,South,SKU40490,Kajal Midnight 0.35Gm,Renee,Makeup,Eyeliner,Top 10,Active,599,28,35,,11,6551,BGR South,20,18,,50,4,63,,
2025-12,OL1045,DAB-PHOENIX CHENNAI 1,Dabur,MBO,Chennai,Tamil Nadu,South,SKU40588,Bb Cream Coral 30Ml,Renee,Makeup,Foundation,Top 10,Active,349,12,16,,12,4164,BGR South,23,16,,50,4,63,,
2025-12,OL1045,DAB-PHOENIX CHENNAI 1,Dabur,MBO,Chennai,Tamil Nadu,South,SKU40662,Compact Powder Nude 9Gm,Renee,Makeup,Foundation,Top 25,Active,1199,6,6,,4,4768,BGR South,7,4,,50,4,63,,
2025-12,OL1045,DAB-PHOENIX CHENNAI 1,Dabur,MBO,Chennai,Tamil Nadu,South,SKU40763,Blending Brush R6,Renee,Makeup,Brushes,Others,Active,349,11,17,,4,1388,BGR South,10,10,,50,4,63,,
2025-12,OL1045,DAB-PHOENIX CHENNAI 1,Dabur,MBO,Chennai,Tamil Nadu,South,SKU40812,Blending Brush R1,Renee,Makeup,Brushes,Top 10,Active,599,24,30,,8,4764,BGR South,16,14,,50,4,63,2025-09,
2025-12,OL1045,DAB-PHOENIX CHENNAI 1,Dabur,MBO,Chennai,Tamil Nadu,South,SKU40836,Blending Brush R4,Renee,Makeup,Brushes,Top 10,Active,1199,12,17,,8,9536,BGR South,13,13,,50,4,63,,
2025-12,OL1045,DAB-PHOENIX CHENNAI 1,Dabur,MBO,Chennai,Tamil Nadu,South,SKU40850,Powder Brush R8,Renee,Makeup,Brushes,Top 25,Active,650,24,35,,12,7755,BGR South,23,23,,50,4,63,,
2025-12,OL1045,DAB-PHOENIX CHENNAI 1,Dabur,MBO,Chennai,Tamil Nadu,South,SKU40979,Sunscreen Gel Spf 50 50Ml,Renee,Skincare,Sunscreen,Top 25,Active,799,7,7,,3,2383,BGR South,3,3,,45,4,63,,
2025-12,OL1045,DAB-PHOENIX CHENNAI 1,Dabur,MBO,Chennai,Tamil Nadu,South,SKU41032,Face Wash Hazelnut 60Ml,Renee,Skincare,Cleanser,Others,Active,499,7,11,,2,992,BGR South,6,6,,45,4,63,,
2025-12,OL1045,DAB-PHOENIX CHENNAI 1,Dabur,MBO,Chennai,Tamil Nadu,South,SKU41129,Face Wash Vanilla 40Ml,Renee,Skincare,Cleanser,Others,Active,299,23,23,,4,1189,BGR South,4,4,,45,4,63,,
2025-12,OL1045,DAB-PHOENIX CHENNAI 1,Dabur,MBO,Chennai,Tamil Nadu,South,SKU41215,Perfume Midnight 50Ml,Renee,Fragrance,EDP,Others,Active,399,0,0,,0,0,BGR South,0,0,,55,4,63,,
2025-12,OL1045,DAB-PHOENIX CHENNAI 1,Dabur,MBO,Chennai,Tamil Nadu,South,SKU41295,Perfume Rose 50Ml,Renee,Fragrance,EDP,Top 25,Active,599,50,51,,6,3573,BGR South,8,7,,55,4,63,,
2025-12,OL1045,DAB-PHOENIX CHENNAI 1,Dabur,MBO,Chennai,Tamil Nadu,South,SKU41382,Perfume Peach 50Ml,Renee,Fragrance,EDP,Top 25,Active,499,13,15,,6,2977,BGR South,11,8,,55,4,63,2025-08,
2025-12,OL1045,DAB-PHOENIX CHENNAI 1,Dabur,MBO,Chennai,Tamil Nadu,South,SKU41420,Body Mist Coral 100Ml,Renee,Fragrance,Body Mist,Top 25,Active,399,8,14,,6,2380,BGR South,12,12,,55,4,63,,
2025-12,OL1045,DAB-PHOENIX CHENNAI 1,Dabur,MBO,Chennai,Tamil Nadu,South,SKU41536,Body Mist Nude 100Ml,Renee,Fragrance,Body Mist,Top 25,Active,349,29,38,,10,3470,BGR South,21,19,,55,4,63,,
2025-12,OL1045,DAB-PHOENIX CHENNAI 1,Dabur,MBO,Chennai,Tamil Nadu,South,SKU41608,Hair Oil Berry 100Ml,Renee,Haircare,Hair Oil,Others,Active,449,13,13,,2,893,BGR South,2,2,,35,4,63,,
2025-12,OL1045,DAB-PHOENIX CHENNAI 1,Dabur,MBO,Chennai,Tamil Nadu,South,SKU41647,Hair Oil Hazelnut 100Ml,Renee,Haircare,Hair Oil,Others,Active,799,10,9,,1,794,BGR South,1,0,,35,4,63,,
2025-12,OL1046,DAB-FORUM SURAT 2,Dabur,MBO,Surat,Gujarat,West,SKU40108,Matte Lip Color Peach 4.2Ml,Renee,Makeup,Lipstick,Top 10,Active,650,30,32,,2,1303,BGR West,4,4,,50,3,89.7,,
2025-12,OL1046,DAB-FORUM SURAT 2,Dabur,MBO,Surat,Gujarat,West,SKU40202,Liquid Lipstick Mocha 5Ml,Renee,Makeup,Lipstick,Top 25,Active,799,18,19,,1,801,BGR West,3,2,,50,3,89.7,2025-11,
2025-12,OL1046,DAB-FORUM SURAT 2,Dabur,MBO,Surat,Gujarat,West,SKU40266,Liquid Lipstick Nude 5Ml,Renee,Makeup,Lipstick,Top 10,Active,799,22,21,,8,6408,BGR West,10,7,,50,3,89.7,,
2025-12,OL1046,DAB-FORUM SURAT 2,Dabur,MBO,Surat,Gujarat,West,SKU40318,Midnight Eyeliner Hazelnut 2.5Ml,Renee,Makeup,Eyeliner,Others,Active,650,4,8,,4,2607,BGR West,8,8,,50,3,89.7,,
2025-12,OL1046,DAB-FORUM SURAT 2,Dabur,MBO,Surat,Gujarat,West,SKU40490,Kajal Midnight 0.35Gm,Renee,Makeup,Eyeliner,Top 10,Active,599,24,26,,4,2402,BGR West,7,6,,50,3,89.7,,
2025-12,OL1046,DAB-FORUM SURAT 2,Dabur,MBO,Surat,Gujarat,West,SKU40544,Bb Cream Peach 30Ml,Renee,Makeup,Foundation,Top 10,Active,599,18,20,,3,1802,BGR West,6,5,,50,3,89.7,,
2025-12,OL1046,DAB-FORUM SURAT 2,Dabur,MBO,Surat,Gujarat,West,SKU40588,Bb Cream Coral 30Ml,Renee,Makeup,Foundation,Top 10,Active,349,15,18,,5,1749,BGR West,9,8,,50,3,89.7,,
2025-12,OL1046,DAB-FORUM SURAT 2,Dabur,MBO,Surat,Gujarat,West,SKU40595,Compact Powder Mocha 9Gm,Renee,Makeup,Foundation,Top 10,Active,449,7,9,,5,2251,BGR West,7,7,,50,3,89.7,,
2025-12,OL1046,DAB-FORUM SURAT 2,Dabur,MBO,Surat,Gujarat,West,SKU40763,Blending Brush R6,Renee,Makeup,Brushes,Others,Active,349,11,14,,2,700,BGR West,5,5,,50,3,89.7,,
2025-12,OL1046,DAB-FORUM SURAT 2,Dabur,MBO,Surat,Gujarat,West,SKU40812,Blending Brush R1,Renee,Makeup,Brushes,Top 10,Active,599,29,33,,3,1802,BGR West,8,7,,50,3,89.7,2025-09,
2025-12,OL1046,DAB-FORUM SURAT 2,Dabur,MBO,Surat,Gujarat,West,SKU40836,Blending Brush R4,Renee,Makeup,Brushes,Top 10,Active,1199,16,20,,6,7212,BGR West,13,10,,50,3,89.7,,
2025-12,OL1046,DAB-FORUM SURAT 2,Dabur,MBO,Surat,Gujarat,West,SKU40928,Powder Brush R4,Renee,Makeup,Brushes,Top 25,Active,650,4,6,,4,2607,BGR West,8,6,,50,3,89.7,,
2025-12,OL1046,DAB-FORUM SURAT 2,Dabur,MBO,Surat,Gujarat,West,SKU40951,Sunscreen Gel Spf 50 70Ml,Renee,Skincare,Sunscreen,Top 25,Active,999,14,14,,1,1002,BGR West,2,1,,45,3,89.7,,
2025-12,OL1046,DAB-FORUM SURAT 2,Dabur,MBO,Surat,Gujarat,West,SKU41048,Face Wash Ocean 20Ml,Renee,Skincare,Cleanser,Others,Active,349,10,13,,3,1050,BGR West,6,6,,45,3,89.7,,
2025-12,OL1046,DAB-FORUM SURAT 2,Dabur,MBO,Surat,Gujarat,West,SKU41129,Face Wash Vanilla 40Ml,Renee,Skincare,Cleanser,Others,Active,299,7,9,,2,600,BGR West,4,4,,45,3,89.7,,
2025-12,OL1046,DAB-FORUM SURAT 2,Dabur,MBO,Surat,Gujarat,West,SKU41295,Perfume Rose 50Ml,Renee,Fragrance,EDP,Top 25,Active,599,18,17,,3,1802,BGR West,2,2,,55,3,89.7,,
2025-12,OL1046,DAB-FORUM SURAT 2,Dabur,MBO,Surat,Gujarat,West,SKU41420,Body Mist Coral 100Ml,Renee,Fragrance,Body Mist,Top 25,Active,399,17,16,,4,1600,BGR West,4,3,,55,3,89.7,,
2025-12,OL1047,DAB-ORION KOLKATA 3,Dabur,MBO,Kolkata,West Bengal,East,SKU40281,Midnight Eyeliner Berry 2.5Ml,Renee,Makeup,Eyeliner,Others,Active,299,14,18,,2,686,BGR East,6,6,,50,3,59,,
2025-12,OL1047,DAB-ORION KOLKATA 3,Dabur,MBO,Kolkata,West Bengal,East,SKU40381,Midnight Eyeliner Ocean 2.5Ml,Renee,Makeup,Eyeliner,Top 25,Active,699,21,23,,3,2405,BGR East,5,5,,50,3,59,,
2025-12,OL1047,DAB-ORION KOLKATA 3,Dabur,MBO,Kolkata,West Bengal,East,SKU40490,Kajal Midnight 0.35Gm,Renee,Makeup,Eyeliner,Top 10,Active,599,15,17,,24,16486,BGR East,29,26,,50,3,59,,
2025-12,OL1047,DAB-ORION KOLKATA 3,Dabur,MBO,Kolkata,West Bengal,East,SKU40544,Bb Cream Peach 30Ml,Renee,Makeup,Foundation,Top 10,Active,599,22,0,,14,9617,BGR East,30,28,,50,3,59,,
2025-12,OL1047,DAB-ORION KOLKATA 3,Dabur,MBO,Kolkata,West Bengal,East,SKU40595,Compact Powder Mocha 9Gm,Renee,Makeup,Foundation,Top 10,Active,449,22,22,,12,6179,BGR East,14,12,,50,3,59,,
2025-12,OL1047,DAB-ORION KOLKATA 3,Dabur,MBO,Kolkata,West Bengal,East,SKU40662,Compact Powder Nude 9Gm,Renee,Makeup,Foundation,Top 25,Active,1199,1,2,,3,4125,BGR East,5,4,,50,3,59,,
2025-12,OL1047,DAB-ORION KOLKATA 3,Dabur,MBO,Kolkata,West Bengal,East,SKU40763,Blending Brush R6,Renee,Makeup,Brushes,Others,Active,349,20,0,,3,1201,BGR East,6,6,,50,3,59,,
2025-12,OL1047,DAB-ORION KOLKATA 3,Dabur,MBO,Kolkata,West Bengal,East,SKU40836,Blending Brush R4,Renee,Makeup,Brushes,Top 10,Active,1199,12,13,,10,13750,BGR East,11,11,,50,3,59,,
2025-12,OL1047,DAB-ORION KOLKATA 3,Dabur,MBO,Kolkata,West Bengal,East,SKU40850,Powder Brush R8,Renee,Makeup,Brushes,Top 25,Active,650,7,10,,4,2982,BGR East,7,7,,50,3,59,,
2025-12,OL1047,DAB-ORION KOLKATA 3,Dabur,MBO,Kolkata,West Bengal,East,SKU40928,Powder Brush R4,Renee,Makeup,Brushes,Top 25,Active,650,14,0,,4,2982,BGR East,8,8,,50,3,59,,
2025-12,OL1047,DAB-ORION KOLKATA 3,Dabur,MBO,Kolkata,West Bengal,East,SKU40951,Sunscreen Gel Spf 50 70Ml,Renee,Skincare,Sunscreen,Top 25,Active,999,4,4,,2,2291,BGR East,3,2,,45,3,59,,
2025-12,OL1047,DAB-ORION KOLKATA 3,Dabur,MBO,Kolkata,West Bengal,East,SKU40972,Sunscreen Gel Spf 50 70Ml,Renee,Skincare,Sunscreen,Top 25,Active,599,20,24,,8,5495,BGR East,12,12,,45,3,59,,
2025-12,OL1047,DAB-ORION KOLKATA 3,Dabur,MBO,Kolkata,West Bengal,East,SKU41032,Face Wash Hazelnut 60Ml,Renee,Skincare,Cleanser,Others,Active,499,10,11,,3,1717,BGR East,6,4,,45,3,59,,
2025-12,OL1047,DAB-ORION KOLKATA 3,Dabur,MBO,Kolkata,West Bengal,East,SKU41048,Face Wash Ocean 20Ml,Renee,Skincare,Cleanser,Others,Active,349,4,2,,6,2401,BGR East,5,4,,45,3,59,,
2025-12,OL1047,DAB-ORION KOLKATA 3,Dabur,MBO,Kolkata,West Bengal,East,SKU41382,Perfume Peach 50Ml,Renee,Fragrance,EDP,Top 25,Active,499,0,0,,4,2289,BGR East,6,4,,55,3,59,2025-08,
2025-12,OL1047,DAB-ORION KOLKATA 3,Dabur,MBO,Kolkata,West Bengal,East,SKU41420,Body Mist Coral 100Ml,Renee,Fragrance,Body Mist,Top 25,Active,399,37,41,,8,3660,BGR East,14,12,,55,3,59,,
2025-12,OL1047,DAB-ORION KOLKATA 3,Dabur,MBO,Kolkata,West Bengal,East,SKU41608,Hair Oil Berry 100Ml,Renee,Haircare,Hair Oil,Others,Active,449,8,11,,3,1545,BGR East,6,6,,35,3,59,,
2025-12,OL1047,DAB-ORION KOLKATA 3,Dabur,MBO,Kolkata,West Bengal,East,SKU41647,Hair Oil Hazelnut 100Ml,Renee,Haircare,Hair Oil,Others,Active,799,21,22,,3,2749,BGR East,6,4,,35,3,59,,
2025-12,OL1048,DAB-SELECT AHMEDABAD 4,Dabur,MBO,Ahmedabad,Gujarat,West,SKU40078,Matte Lip Color Rose 4.2Ml,Renee,Makeup,Lipstick,Top 25,Active,650,2,3,,4,2744,BGR West,8,5,,50,3,83.4,,
2025-12,OL1048,DAB-SELECT AHMEDABAD 4,Dabur,MBO,Ahmedabad,Gujarat,West,SKU40108,Matte Lip Color Peach 4.2Ml,Renee,Makeup,Lipstick,Top 10,Active,650,19,23,,5,3430,BGR West,9,9,,50,3,83.4,,
2025-12,OL1048,DAB-SELECT AHMEDABAD 4,Dabur,MBO,Ahmedabad,Gujarat,West,SKU40127,Matte Lip Color Coral 4.2Ml,Renee,Makeup,Lipstick,Top 25,Active,499,17,21,,4,2107,BGR West,8,8,,50,3,83.4,,
2025-12,OL1048,DAB-SELECT AHMEDABAD 4,Dabur,MBO,Ahmedabad,Gujarat,West,SKU40318,Midnight Eyeliner Hazelnut 2.5Ml,Renee,Makeup,Eyeliner,Others,Active,650,7,13,,4,2744,BGR West,10,10,,50,3,83.4,,
2025-12,OL1048,DAB-SELECT AHMEDABAD 4,Dabur,MBO,Ahmedabad,Gujarat,West,SKU40425,Kajal Vanilla 0.35Gm,Renee,Makeup,Eyeliner,Top 25,Active,299,14,0,,4,1262,BGR West,6,6,,50,3,83.4,,
2025-12,OL1048,DAB-SELECT AHMEDABAD 4,Dabur,MBO,Ahmedabad,Gujarat,West,SKU40544,Bb Cream Peach 30Ml,Renee,Makeup,Foundation,Top 10,Active,599,11,12,,5,3161,BGR West,7,6,,50,3,83.4,,
2025-12,OL1048,DAB-SELECT AHMEDABAD 4,Dabur,MBO,Ahmedabad,Gujarat,West,SKU40595,Compact Powder Mocha 9Gm,Renee,Makeup,Foundation,Top 10,Active,449,12,16,,8,3791,BGR West,12,12,,50,3,83.4,,
2025-12,OL1048,DAB-SELECT AHMEDABAD 4,Dabur,MBO,Ahmedabad,Gujarat,West,SKU40662,Compact Powder Nude 9Gm,Renee,Makeup,Foundation,Top 25,Active,1199,3,4,,1,1266,BGR West,2,2,,50,3,83.4,,
2025-12,OL1048,DAB-SELECT AHMEDABAD 4,Dabur,MBO,Ahmedabad,Gujarat,West,SKU40722,Compact Powder Berry 9Gm,Renee,Makeup,Foundation,Top 10,Active,799,19,16,,3,2530,BGR West,3,2,,50,3,83.4,,
2025-12,OL1048,DAB-SELECT AHMEDABAD 4,Dabur,MBO,Ahmedabad,Gujarat,West,SKU40850,Powder Brush R8,Renee,Makeup,Brushes,Top 25,Active,650,13,0,,3,2058,BGR West,7,4,,50,3,83.4,,
2025-12,OL1048,DAB-SELECT AHMEDABAD 4,Dabur,MBO,Ahmedabad,Gujarat,West,SKU41024,Vitamin C Serum 30Ml,Renee,Skincare,Serum,Others,Active,449,3,2,,2,948,BGR West,1,1,,45,3,83.4,,
2025-12,OL1048,DAB-SELECT AHMEDABAD 4,Dabur,MBO,Ahmedabad,Gujarat,West,SKU41048,Face Wash Ocean 20Ml,Renee,Skincare,Cleanser,Others,Active,349,6,8,,3,1105,BGR West,7,5,,45,3,83.4,,
2025-12,OL1048,DAB-SELECT AHMEDABAD 4,Dabur,MBO,Ahmedabad,Gujarat,West,SKU41215,Perfume Midnight 50Ml,Renee,Fragrance,EDP,Others,Active,399,2,2,,4,1685,BGR West,5,4,,55,3,83.4,,
2025-12,OL1048,DAB-SELECT AHMEDABAD 4,Dabur,MBO,Ahmedabad,Gujarat,West,SKU41382,Perfume Peach 50Ml,Renee,Fragrance,EDP,Top 25,Active,499,2,3,,3,1580,BGR West,7,4,,55,3,83.4,2025-08,
2025-12,OL1048,DAB-SELECT AHMEDABAD 4,Dabur,MBO,Ahmedabad,Gujarat,West,SKU41476,Body Mist Mocha 100Ml,Renee,Fragrance,Body Mist,Top 10,Active,799,0,7,,8,6747,BGR West,15,15,,55,3,83.4,,
2025-12,OL1049,DAB-FORUM KOLKATA 5,Dabur,MBO,Kolkata,West Bengal,East,SKU40078,Matte Lip Color Rose 4.2Ml,Renee,Makeup,Lipstick,Top 25,Active,650,7,7,,2,1268,BGR East,3,2,,50,4,50,,
2025-12,OL1049,DAB-FORUM KOLKATA 5,Dabur,MBO,Kolkata,West Bengal,East,SKU40108,Matte Lip Color Peach 4.2Ml,Renee,Makeup,Lipstick,Top 10,Active,650,1,4,,4,2537,BGR East,8,7,,50,4,50,,
2025-12,OL1049,DAB-FORUM KOLKATA 5,Dabur,MBO,Kolkata,West Bengal,East,SKU40127,Matte Lip Color Coral 4.2Ml,Renee,Makeup,Lipstick,Top 25,Active,499,0,0,,3,1461,BGR East,5,3,,50,4,50,,
2025-12,OL1049,DAB-FORUM KOLKATA 5,Dabur,MBO,Kolkata,West Bengal,East,SKU40202,Liquid Lipstick Mocha 5Ml,Renee,Makeup,Lipstick,Top 25,Active,799,12,14,,2,1559,BGR East,4,4,,50,4,50,2025-11,
2025-12,OL1049,DAB-FORUM KOLKATA 5,Dabur,MBO,Kolkata,West Bengal,East,SKU40281,Midnight Eyeliner Berry 2.5Ml,Renee,Makeup,Eyeliner,Others,Active,299,16,19,,1,292,BGR East,4,4,,50,4,50,,
2025-12,OL1049,DAB-FORUM KOLKATA 5,Dabur,MBO,Kolkata,West Bengal,East,SKU40381,Midnight Eyeliner Ocean 2.5Ml,Renee,Makeup,Eyeliner,Top 25,Active,699,10,11,,4,2728,BGR East,7,5,,50,4,50,,
2025-12,OL1049,DAB-FORUM KOLKATA 5,Dabur,MBO,Kolkata,West Bengal,East,SKU40425,Kajal Vanilla 0.35Gm,Renee,Makeup,Eyeliner,Top 25,Active,299,33,34,,6,1750,BGR East,7,7,,50,4,50,,
2025-12,OL1049,DAB-FORUM KOLKATA 5,Dabur,MBO,Kolkata,West Bengal,East,SKU40544,Bb Cream Peach 30Ml,Renee,Makeup,Foundation,Top 10,Active,599,18,0,,2,1169,BGR East,3,2,,50,4,50,,
2025-12,OL1049,DAB-FORUM KOLKATA 5,Dabur,MBO,Kolkata,West Bengal,East,SKU40595,Compact Powder Mocha 9Gm,Renee,Makeup,Foundation,Top 10,Active,449,0,0,,4,1752,BGR East,7,4,,50,4,50,,
2025-12,OL1049,DAB-FORUM KOLKATA 5,Dabur,MBO,Kolkata,West Bengal,East,SKU40662,Compact Powder Nude 9Gm,Renee,Makeup,Foundation,Top 25,Active,1199,16,20,,3,3510,BGR East,7,7,,50,4,50,,
2025-12,OL1049,DAB-FORUM KOLKATA 5,Dabur,MBO,Kolkata,West Bengal,East,SKU40763,Blending Brush R6,Renee,Makeup,Brushes,Others,Active,349,7,0,,2,681,BGR East,2,1,,50,4,50,,
2025-12,OL1049,DAB-FORUM KOLKATA 5,Dabur,MBO,Kolkata,West Bengal,East,SKU40812,Blending Brush R1,Renee,Makeup,Brushes,Top 10,Active,599,7,7,,3,1753,BGR East,3,3,,50,4,50,2025-09,
2025-12,OL1049,DAB-FORUM KOLKATA 5,Dabur,MBO,Kolkata,West Bengal,East,SKU40850,Powder Brush R8,Renee,Makeup,Brushes,Top 25,Active,650,10,14,,3,1903,BGR East,7,7,,50,4,50,,
2025-12,OL1049,DAB-FORUM KOLKATA 5,Dabur,MBO,Kolkata,West Bengal,East,SKU40928,Powder Brush R4,Renee,Makeup,Brushes,Top 25,Active,650,5,10,,4,2537,BGR East,10,9,,50,4,50,,
2025-12,OL1049,DAB-FORUM KOLKATA 5,Dabur,MBO,Kolkata,West Bengal,East,SKU40951,Sunscreen Gel Spf 50 70Ml,Renee,Skincare,Sunscreen,Top 25,Active,999,8,9,,3,2924,BGR East,4,4,,45,4,50,,
2025-12,OL1049,DAB-FORUM KOLKATA 5,Dabur,MBO,Kolkata,West Bengal,East,SKU41048,Face Wash Ocean 20Ml,Renee,Skincare,Cleanser,Others,Active,349,23,24,,3,1022,BGR East,5,4,,45,4,50,,
2025-12,OL1049,DAB-FORUM KOLKATA 5,Dabur,MBO,Kolkata,West Bengal,East,SKU41129,Face Wash Vanilla 40Ml,Renee,Skincare,Cleanser,Others,Active,299,7,8,,4,1167,BGR East,6,5,,45,4,50,,
2025-12,OL1049,DAB-FORUM KOLKATA 5,Dabur,MBO,Kolkata,West Bengal,East,SKU41295,Perfume Rose 50Ml,Renee,Fragrance,EDP,Top 25,Active,599,16,22,,4,2338,BGR East,7,5,,55,4,50,,
2025-12,OL1049,DAB-FORUM KOLKATA 5,Dabur,MBO,Kolkata,West Bengal,East,SKU41420,Body Mist Coral 100Ml,Renee,Fragrance,Body Mist,Top 25,Active,399,10,10,,1,389,BGR East,2,1,,55,4,50,,
2025-12,OL1049,DAB-FORUM KOLKATA 5,Dabur,MBO,Kolkata,West Bengal,East,SKU41476,Body Mist Mocha 100Ml,Renee,Fragrance,Body Mist,Top 10,Active,799,18,19,,4,3118,BGR East,7,5,,55,4,50,,
2025-12,OL1049,DAB-FORUM KOLKATA 5,Dabur,MBO,Kolkata,West Bengal,East,SKU41536,Body Mist Nude 100Ml,Renee,Fragrance,Body Mist,Top 25,Active,349,13,15,,6,2043,BGR East,8,8,,55,4,50,,
2025-12,OL1050,DAB-EXPRESS HYDERABAD 6,Dabur,MBO,Hyderabad,Telangana,South,SKU40078,Matte Lip Color Rose 4.2Ml,Renee,Makeup,Lipstick,Top 25,Active,650,24,25,,0,0,BGR South,2,1,,50,3,55.8,,
2025-12,OL1050,DAB-EXPRESS HYDERABAD 6,Dabur,MBO,Hyderabad,Telangana,South,SKU40202,Liquid Lipstick Mocha 5Ml,Renee,Makeup,Lipstick,Top 25,Active,799,11,14,,4,3533,BGR South,8,7,,50,3,55.8,2025-11,
2025-12,OL1050,DAB-EXPRESS HYDERABAD 6,Dabur,MBO,Hyderabad,Telangana,South,SKU40266,Liquid Lipstick Nude 5Ml,Renee,Makeup,Lipstick,Top 10,Active,799,20,28,,16,14131,BGR South,24,24,,50,3,55.8,,
2025-12,OL1050,DAB-EXPRESS HYDERABAD 6,Dabur,MBO,Hyderabad,Telangana,South,SKU40318,Midnight Eyeliner Hazelnut 2.5Ml,Renee,Makeup,Eyeliner,Others,Active,650,2,7,,4,2874,BGR South,9,9,,50,3,55.8,,
2025-12,OL1050,DAB-EXPRESS HYDERABAD 6,Dabur,MBO,Hyderabad,Telangana,South,SKU40381,Midnight Eyeliner Ocean 2.5Ml,Renee,Makeup,Eyeliner,Top 25,Active,699,10,18,,8,6181,BGR South,17,16,,50,3,55.8,,
2025-12,OL1050,DAB-EXPRESS HYDERABAD 6,Dabur,MBO,Hyderabad,Telangana,South,SKU40490,Kajal Midnight 0.35Gm,Renee,Makeup,Eyeliner,Top 10,Active,599,11,108,,16,10594,BGR South,24,24,,50,3,55.8,,
2025-12,OL1050,DAB-EXPRESS HYDERABAD 6,Dabur,MBO,Hyderabad,Telangana,South,SKU40588,Bb Cream Coral 30Ml,Renee,Makeup,Foundation,Top 10,Active,349,38,43,,18,6944,BGR South,29,23,,50,3,55.8,,
2025-12,OL1050,DAB-EXPRESS HYDERABAD 6,Dabur,MBO,Hyderabad,Telangana,South,SKU40662,Compact Powder Nude 9Gm,Renee,Makeup,Foundation,Top 25,Active,1199,11,14,,3,3976,BGR South,6,6,,50,3,55.8,,
2025-12,OL1050,DAB-EXPRESS HYDERABAD 6,Dabur,MBO,Hyderabad,Telangana,South,SKU40763,Blending Brush R6,Renee,Makeup,Brushes,Others,Active,349,2,5,,5,1929,BGR South,10,8,,50,3,55.8,,
2025-12,OL1050,DAB-EXPRESS HYDERABAD 6,Dabur,MBO,Hyderabad,Telangana,South,SKU40972,Sunscreen Gel Spf 50 70Ml,Renee,Skincare,Sunscreen,Top 25,Active,599,8,9,,5,3311,BGR South,6,6,,45,3,55.8,,
2025-12,OL1050,DAB-EXPRESS HYDERABAD 6,Dabur,MBO,Hyderabad,Telangana,South,SKU41024,Vitamin C Serum 30Ml,Renee,Skincare,Serum,Others,Active,449,22,14,,2,993,BGR South,6,4,,45,3,55.8,,
2025-12,OL1050,DAB-EXPRESS HYDERABAD 6,Dabur,MBO,Hyderabad,Telangana,South,SKU41032,Face Wash Hazelnut 60Ml,Renee,Skincare,Cleanser,Others,Active,499,6,5,,4,2206,BGR South,4,3,,45,3,55.8,,
2025-12,OL1050,DAB-EXPRESS HYDERABAD 6,Dabur,MBO,Hyderabad,Telangana,South,SKU41048,Face Wash Ocean 20Ml,Renee,Skincare,Cleanser,Others,Active,349,18,18,,6,2315,BGR South,7,6,,45,3,55.8,,
2025-12,OL1050,DAB-EXPRESS HYDERABAD 6,Dabur,MBO,Hyderabad,Telangana,South,SKU41215,Perfume Midnight 50Ml,Renee,Fragrance,EDP,Others,Active,399,0,1,,3,1323,BGR South,6,4,,55,3,55.8,,
2025-12,OL1050,DAB-EXPRESS HYDERABAD 6,Dabur,MBO,Hyderabad,Telangana,South,SKU41295,Perfume Rose 50Ml,Renee,Fragrance,EDP,Top 25,Active,599,32,40,,6,3973,BGR South,14,14,,55,3,55.8,,
2025-12,OL1050,DAB-EXPRESS HYDERABAD 6,Dabur,MBO,Hyderabad,Telangana,South,SKU41382,Perfume Peach 50Ml,Renee,Fragrance,EDP,Top 25,Active,499,23,24,,6,3310,BGR South,11,7,,55,3,55.8,2025-08,
2025-12,OL1050,DAB-EXPRESS HYDERABAD 6,Dabur,MBO,Hyderabad,Telangana,South,SKU41476,Body Mist Mocha 100Ml,Renee,Fragrance,Body Mist,Top 10,Active,799,39,47,,12,10598,BGR South,23,20,,55,3,55.8,,
2025-12,OL1051,DAB-CITY CENTRE AHMEDABAD 7,Dabur,MBO,Ahmedabad,Gujarat,West,SKU40078,Matte Lip Color Rose 4.2Ml,Renee,Makeup,Lipstick,Top 25,Active,650,11,0,,4,2981,BGR West,5,4,,50,2,80.1,,
2025-12,OL1051,DAB-CITY CENTRE AHMEDABAD 7,Dabur,MBO,Ahmedabad,Gujarat,West,SKU40108,Matte Lip Color Peach 4.2Ml,Renee,Makeup,Lipstick,Top 10,Active,650,14,14,,3,2235,BGR West,4,3,,50,2,80.1,,
2025-12,OL1051,DAB-CITY CENTRE AHMEDABAD 7,Dabur,MBO,Ahmedabad,Gujarat,West,SKU40202,Liquid Lipstick Mocha 5Ml,Renee,Makeup,Lipstick,Top 25,Active,799,10,12,,4,3664,BGR West,7,6,,50,2,80.1,2025-11,
2025-12,OL1051,DAB-CITY CENTRE AHMEDABAD 7,Dabur,MBO,Ahmedabad,Gujarat,West,SKU40281,Midnight Eyeliner Berry 2.5Ml,Renee,Makeup,Eyeliner,Others,Active,299,17,18,,4,1371,BGR West,5,5,,50,2,80.1,,
2025-12,OL1051,DAB-CITY CENTRE AHMEDABAD 7,Dabur,MBO,Ahmedabad,Gujarat,West,SKU40318,Midnight Eyeliner Hazelnut 2.5Ml,Renee,Makeup,Eyeliner,Others,Active,650,0,3,,4,2981,BGR West,9,7,,50,2,80.1,,
2025-12,OL1051,DAB-CITY CENTRE AHMEDABAD 7,Dabur,MBO,Ahmedabad,Gujarat,West,SKU40490,Kajal Midnight 0.35Gm,Renee,Makeup,Eyeliner,Top 10,Active,599,6,5,,8,5494,BGR West,10,7,,50,2,80.1,,
2025-12,OL1051,DAB-CITY CENTRE AHMEDABAD 7,Dabur,MBO,Ahmedabad,Gujarat,West,SKU40588,Bb Cream Coral 30Ml,Renee,Makeup,Foundation,Top 10,Active,349,0,4,,9,3601,BGR West,14,13,,50,2,80.1,,
2025-12,OL1051,DAB-CITY CENTRE AHMEDABAD 7,Dabur,MBO,Ahmedabad,Gujarat,West,SKU40722,Compact Powder Berry 9Gm,Renee,Makeup,Foundation,Top 10,Active,799,24,24,,4,3664,BGR West,6,4,,50,2,80.1,,
2025-12,OL1051,DAB-CITY CENTRE AHMEDABAD 7,Dabur,MBO,Ahmedabad,Gujarat,West,SKU40763,Blending Brush R6,Renee,Makeup,Brushes,Others,Active,349,4,3,,3,1200,BGR West,3,2,,50,2,80.1,,
2025-12,OL1051,DAB-CITY CENTRE AHMEDABAD 7,Dabur,MBO,Ahmedabad,Gujarat,West,SKU40836,Blending Brush R4,Renee,Makeup,Brushes,Top 10,Active,1199,10,11,,8,10996,BGR West,10,9,,50,2,80.1,,
2025-12,OL1051,DAB-CITY CENTRE AHMEDABAD 7,Dabur,MBO,Ahmedabad,Gujarat,West,SKU40951,Sunscreen Gel Spf 50 70Ml,Renee,Skincare,Sunscreen,Top 25,Active,999,10,10,,3,3436,BGR West,4,3,,45,2,80.1,,
2025-12,OL1051,DAB-CITY CENTRE AHMEDABAD 7,Dabur,MBO,Ahmedabad,Gujarat,West,SKU40972,Sunscreen Gel Spf 50 70Ml,Renee,Skincare,Sunscreen,Top 25,Active,599,1,0,,7,4807,BGR West,9,6,,45,2,80.1,,
2025-12,OL1051,DAB-CITY CENTRE AHMEDABAD 7,Dabur,MBO,Ahmedabad,Gujarat,West,SKU41024,Vitamin C Serum 30Ml,Renee,Skincare,Serum,Others,Active,449,6,7,,3,1544,BGR West,5,4,,45,2,80.1,,
2025-12,OL1051,DAB-CITY CENTRE AHMEDABAD 7,Dabur,MBO,Ahmedabad,Gujarat,West,SKU41129,Face Wash Vanilla 40Ml,Renee,Skincare,Cleanser,Others,Active,299,21,23,,2,686,BGR West,5,4,,45,2,80.1,,
2025-12,OL1051,DAB-CITY CENTRE AHMEDABAD 7,Dabur,MBO,Ahmedabad,Gujarat,West,SKU41295,Perfume Rose 50Ml,Renee,Fragrance,EDP,Top 25,Active,599,21,24,,6,4120,BGR West,9,9,,55,2,80.1,,
2025-12,OL1051,DAB-CITY CENTRE AHMEDABAD 7,Dabur,MBO,Ahmedabad,Gujarat,West,SKU41420,Body Mist Coral 100Ml,Renee,Fragrance,Body Mist,Top 25,Active,399,13,20,,8,3659,BGR West,15,15,,55,2,80.1,,
2025-12,OL1051,DAB-CITY CENTRE AHMEDABAD 7,Dabur,MBO,Ahmedabad,Gujarat,West,SKU41476,Body Mist Mocha 100Ml,Renee,Fragrance,Body Mist,Top 10,Active,799,22,21,,10,9160,BGR West,12,9,,55,2,80.1,,
2025-12,OL1051,DAB-CITY CENTRE AHMEDABAD 7,Dabur,MBO,Ahmedabad,Gujarat,West,SKU41536,Body Mist Nude 100Ml,Renee,Fragrance,Body Mist,Top 25,Active,349,14,0,,5,2000,BGR West,10,9,,55,2,80.1,,
2025-12,OL1051,DAB-CITY CENTRE AHMEDABAD 7,Dabur,MBO,Ahmedabad,Gujarat,West,SKU41608,Hair Oil Berry 100Ml,Renee,Haircare,Hair Oil,Others,Active,449,10,12,,2,1029,BGR West,5,4,,35,2,80.1,,
2025-12,OL1051,DAB-CITY CENTRE AHMEDABAD 7,Dabur,MBO,Ahmedabad,Gujarat,West,SKU41647,Hair Oil Hazelnut 100Ml,Renee,Haircare,Hair Oil,Others,Active,799,2,3,,2,1832,BGR West,3,3,,35,2,80.1,,
2025-12,OL1052,DAB-CITY CENTRE CHENNAI 8,Dabur,MBO,Chennai,Tamil Nadu,South,SKU40078,Matte Lip Color Rose 4.2Ml,Renee,Makeup,Lipstick,Top 25,Active,650,12,14,,4,2834,BGR South,6,6,,50,4,70.2,,
2025-12,OL1052,DAB-CITY CENTRE CHENNAI 8,Dabur,MBO,Chennai,Tamil Nadu,South,SKU40108,Matte Lip Color Peach 4.2Ml,Renee,Makeup,Lipstick,Top 10,Active,650,10,9,,8,5669,BGR South,8,7,,50,4,70.2,,
2025-12,OL1052,DAB-CITY CENTRE CHENNAI 8,Dabur,MBO,Chennai,Tamil Nadu,South,SKU40266,Liquid Lipstick Nude 5Ml,Renee,Makeup,Lipstick,Top 10,Active,799,8,14,,15,13065,BGR South,23,21,,50,4,70.2,,
2025-12,OL1052,DAB-CITY CENTRE CHENNAI 8,Dabur,MBO,Chennai,Tamil Nadu,South,SKU40281,Midnight Eyeliner Berry 2.5Ml,Renee,Makeup,Eyeliner,Others,Active,299,10,30,,4,1304,BGR South,6,4,,50,4,70.2,,
2025-12,OL1052,DAB-CITY CENTRE CHENNAI 8,Dabur,MBO,Chennai,Tamil Nadu,South,SKU40318,Midnight Eyeliner Hazelnut 2.5Ml,Renee,Makeup,Eyeliner,Others,Active,650,2,5,,2,1417,BGR South,6,5,,50,4,70.2,,
2025-12,OL1052,DAB-CITY CENTRE CHENNAI 8,Dabur,MBO,Chennai,Tamil Nadu,South,SKU40425,Kajal Vanilla 0.35Gm,Renee,Makeup,Eyeliner,Top 25,Active,299,6,4,,12,3911,BGR South,12,10,,50,4,70.2,,
2025-12,OL1052,DAB-CITY CENTRE CHENNAI 8,Dabur,MBO,Chennai,Tamil Nadu,South,SKU40588,Bb Cream Coral 30Ml,Renee,Makeup,Foundation,Top 10,Active,349,45,51,,12,4565,BGR South,23,18,,50,4,70.2,,
2025-12,OL1052,DAB-CITY CENTRE CHENNAI 8,Dabur,MBO,Chennai,Tamil Nadu,South,SKU40662,Compact Powder Nude 9Gm,Renee,Makeup,Foundation,Top 25,Active,1199,0,2,,4,5228,BGR South,6,6,,50,4,70.2,,
2025-12,OL1052,DAB-CITY CENTRE CHENNAI 8,Dabur,MBO,Chennai,Tamil Nadu,South,SKU40763,Blending Brush R6,Renee,Makeup,Brushes,Others,Active,349,15,14,,6,2283,BGR South,8,5,,50,4,70.2,,
2025-12,OL1052,DAB-CITY CENTRE CHENNAI 8,Dabur,MBO,Chennai,Tamil Nadu,South,SKU40812,Blending Brush R1,Renee,Makeup,Brushes,Top 10,Active,599,22,29,,11,7183,BGR South,23,18,,50,4,70.2,2025-09,
2025-12,OL1052,DAB-CITY CENTRE CHENNAI 8,Dabur,MBO,Chennai,Tamil Nadu,South,SKU40836,Blending Brush R4,Renee,Makeup,Brushes,Top 10,Active,1199,30,34,,6,7842,BGR South,10,10,,50,4,70.2,,
2025-12,OL1052,DAB-CITY CENTRE CHENNAI 8,Dabur,MBO,Chennai,Tamil Nadu,South,SKU40928,Powder Brush R4,Renee,Makeup,Brushes,Top 25,Active,650,0,0,,4,2834,BGR South,5,4,,50,4,70.2,,
2025-12,OL1052,DAB-CITY CENTRE CHENNAI 8,Dabur,MBO,Chennai,Tamil Nadu,South,SKU40979,Sunscreen Gel Spf 50 50Ml,Renee,Skincare,Sunscreen,Top 25,Active,799,15,14,,2,1742,BGR South,2,1,,45,4,70.2,,
2025-12,OL1052,DAB-CITY CENTRE CHENNAI 8,Dabur,MBO,Chennai,Tamil Nadu,South,SKU41024,Vitamin C Serum 30Ml,Renee,Skincare,Serum,Others,Active,449,8,8,,2,979,BGR South,3,2,,45,4,70.2,,
2025-12,OL1052,DAB-CITY CENTRE CHENNAI 8,Dabur,MBO,Chennai,Tamil Nadu,South,SKU41032,Face Wash Hazelnut 60Ml,Renee,Skincare,Cleanser,Others,Active,499,0,29,,4,2176,BGR South,5,4,,45,4,70.2,,
2025-12,OL1052,DAB-CITY CENTRE CHENNAI 8,Dabur,MBO,Chennai,Tamil Nadu,South,SKU41295,Perfume Rose 50Ml,Renee,Fragrance,EDP,Top 25,Active,599,4,40,,8,5224,BGR South,7,7,,55,4,70.2,,
2025-12,OL1052,DAB-CITY CENTRE CHENNAI 8,Dabur,MBO,Chennai,Tamil Nadu,South,SKU41476,Body Mist Mocha 100Ml,Renee,Fragrance,Body Mist,Top 10,Active,799,0,2,,16,13936,BGR South,18,18,,55,4,70.2,,
2025-12,OL1052,DAB-CITY CENTRE CHENNAI 8,Dabur,MBO,Chennai,Tamil Nadu,South,SKU41647,Hair Oil Hazelnut 100Ml,Renee,Haircare,Hair Oil,Others,Active,799,7,5,,2,1742,BGR South,1,0,,35,4,70.2,,
2025-12,OL1053,DAB-CITY CENTRE KOLKATA 9,Dabur,MBO,Kolkata,West Bengal,East,SKU40078,Matte Lip Color Rose 4.2Ml,Renee,Makeup,Lipstick,Top 25,Active,650,25,29,,4,2543,BGR East,5,5,,50,3,72.5,,
2025-12,OL1053,DAB-CITY CENTRE KOLKATA 9,Dabur,MBO,Kolkata,West Bengal,East,SKU40318,Midnight Eyeliner Hazelnut 2.5Ml,Renee,Makeup,Eyeliner,Others,Active,650,15,15,,3,1907,BGR East,3,3,,50,3,72.5,,
2025-12,OL1053,DAB-CITY CENTRE KOLKATA 9,Dabur,MBO,Kolkata,West Bengal,East,SKU40381,Midnight Eyeliner Ocean 2.5Ml,Renee,Makeup,Eyeliner,Top 25,Active,699,2,4,,3,2051,BGR East,6,5,,50,3,72.5,,
2025-12,OL1053,DAB-CITY CENTRE KOLKATA 9,Dabur,MBO,Kolkata,West Bengal,East,SKU40490,Kajal Midnight 0.35Gm,Renee,Makeup,Eyeliner,Top 10,Active,599,53,62,,10,5858,BGR East,19,19,,50,3,72.5,,
2025-12,OL1053,DAB-CITY CENTRE KOLKATA 9,Dabur,MBO,Kolkata,West Bengal,East,SKU40544,Bb Cream Peach 30Ml,Renee,Makeup,Foundation,Top 10,Active,599,5,4,,6,3515,BGR East,6,5,,50,3,72.5,,
2025-12,OL1053,DAB-CITY CENTRE KOLKATA 9,Dabur,MBO,Kolkata,West Bengal,East,SKU40595,Compact Powder Mocha 9Gm,Renee,Makeup,Foundation,Top 10,Active,449,19,21,,4,1757,BGR East,6,6,,50,3,72.5,,
2025-12,OL1053,DAB-CITY CENTRE KOLKATA 9,Dabur,MBO,Kolkata,West Bengal,East,SKU40763,Blending Brush R6,Renee,Makeup,Brushes,Others,Active,349,1,1,,1,341,BGR East,2,1,,50,3,72.5,,
2025-12,OL1053,DAB-CITY CENTRE KOLKATA 9,Dabur,MBO,Kolkata,West Bengal,East,SKU40812,Blending Brush R1,Renee,Makeup,Brushes,Top 10,Active,599,8,11,,4,2343,BGR East,8,7,,50,3,72.5,2025-09,
2025-12,OL1053,DAB-CITY CENTRE KOLKATA 9,Dabur,MBO,Kolkata,West Bengal,East,SKU40850,Powder Brush R8,Renee,Makeup,Brushes,Top 25,Active,650,7,6,,2,1271,BGR East,2,1,,50,3,72.5,,
2025-12,OL1053,DAB-CITY CENTRE KOLKATA 9,Dabur,MBO,Kolkata,West Bengal,East,SKU40951,Sunscreen Gel Spf 50 70Ml,Renee,Skincare,Sunscreen,Top 25,Active,999,18,19,,3,2931,BGR East,4,4,,45,3,72.5,,
2025-12,OL1053,DAB-CITY CENTRE KOLKATA 9,Dabur,MBO,Kolkata,West Bengal,East,SKU41024,Vitamin C Serum 30Ml,Renee,Skincare,Serum,Others,Active,449,4,5,,1,439,BGR East,2,2,,45,3,72.5,,
2025-12,OL1053,DAB-CITY CENTRE KOLKATA 9,Dabur,MBO,Kolkata,West Bengal,East,SKU41032,Face Wash Hazelnut 60Ml,Renee,Skincare,Cleanser,Others,Active,499,4,4,,3,1464,BGR East,4,3,,45,3,72.5,,
2025-12,OL1053,DAB-CITY CENTRE KOLKATA 9,Dabur,MBO,Kolkata,West Bengal,East,SKU41048,Face Wash Ocean 20Ml,Renee,Skincare,Cleanser,Others,Active,349,35,36,,2,683,BGR East,5,3,,45,3,72.5,,
2025-12,OL1053,DAB-CITY CENTRE KOLKATA 9,Dabur,MBO,Kolkata,West Bengal,East,SKU41129,Face Wash Vanilla 40Ml,Renee,Skincare,Cleanser,Others,Active,299,8,8,,3,877,BGR East,4,3,,45,3,72.5,,
2025-12,OL1053,DAB-CITY CENTRE KOLKATA 9,Dabur,MBO,Kolkata,West Bengal,East,SKU41215,Perfume Midnight 50Ml,Renee,Fragrance,EDP,Others,Active,399,5,6,,4,1561,BGR East,5,5,,55,3,72.5,,
2025-12,OL1053,DAB-CITY CENTRE KOLKATA 9,Dabur,MBO,Kolkata,West Bengal,East,SKU41295,Perfume Rose 50Ml,Renee,Fragrance,EDP,Top 25,Active,599,2,4,,4,2343,BGR East,7,6,,55,3,72.5,,
2025-12,OL1053,DAB-CITY CENTRE KOLKATA 9,Dabur,MBO,Kolkata,West Bengal,East,SKU41382,Perfume Peach 50Ml,Renee,Fragrance,EDP,Top 25,Active,499,5,5,,1,488,BGR East,1,1,,55,3,72.5,2025-08,
2025-12,OL1053,DAB-CITY CENTRE KOLKATA 9,Dabur,MBO,Kolkata,West Bengal,East,SKU41476,Body Mist Mocha 100Ml,Renee,Fragrance,Body Mist,Top 10,Active,799,9,15,,6,4689,BGR East,12,12,,55,3,72.5,,
2025-12,OL1053,DAB-CITY CENTRE KOLKATA 9,Dabur,MBO,Kolkata,West Bengal,East,SKU41536,Body Mist Nude 100Ml,Renee,Fragrance,Body Mist,Top 25,Active,349,0,7,,7,2389,BGR East,15,14,,55,3,72.5,,
2025-12,OL1054,DAB-NEXUS MUMBAI 10,Dabur,MBO,Mumbai,Maharashtra,West,SKU40078,Matte Lip Color Rose 4.2Ml,Renee,Makeup,Lipstick,Top 25,Active,650,6,8,,6,4414,BGR West,11,8,,50,1,64.3,,
2025-12,OL1054,DAB-NEXUS MUMBAI 10,Dabur,MBO,Mumbai,Maharashtra,West,SKU40127,Matte Lip Color Coral 4.2Ml,Renee,Makeup,Lipstick,Top 25,Active,499,10,0,,4,2259,BGR West,8,7,,50,1,64.3,,
2025-12,OL1054,DAB-NEXUS MUMBAI 10,Dabur,MBO,Mumbai,Maharashtra,West,SKU40202,Liquid Lipstick Mocha 5Ml,Renee,Makeup,Lipstick,Top 25,Active,799,6,5,,2,1808,BGR West,2,1,,50,1,64.3,2025-11,
2025-12,OL1054,DAB-NEXUS MUMBAI 10,Dabur,MBO,Mumbai,Maharashtra,West,SKU40318,Midnight Eyeliner Hazelnut 2.5Ml,Renee,Makeup,Eyeliner,Others,Active,650,9,10,,4,2942,BGR West,8,5,,50,1,64.3,,
2025-12,OL1054,DAB-NEXUS MUMBAI 10,Dabur,MBO,Mumbai,Maharashtra,West,SKU40490,Kajal Midnight 0.35Gm,Renee,Makeup,Eyeliner,Top 10,Active,599,48,54,,8,5423,BGR West,16,14,,50,1,64.3,,
2025-12,OL1054,DAB-NEXUS MUMBAI 10,Dabur,MBO,Mumbai,Maharashtra,West,SKU40595,Compact Powder Mocha 9Gm,Renee,Makeup,Foundation,Top 10,Active,449,31,30,,20,10163,BGR West,19,19,,50,1,64.3,,
2025-12,OL1054,DAB-NEXUS MUMBAI 10,Dabur,MBO,Mumbai,Maharashtra,West,SKU40812,Blending Brush R1,Renee,Makeup,Brushes,Top 10,Active,599,18,16,,12,8135,BGR West,12,10,,50,1,64.3,2025-09,
2025-12,OL1054,DAB-NEXUS MUMBAI 10,Dabur,MBO,Mumbai,Maharashtra,West,SKU40836,Blending Brush R4,Renee,Makeup,Brushes,Top 10,Active,1199,20,24,,6,8142,BGR West,10,10,,50,1,64.3,,
2025-12,OL1054,DAB-NEXUS MUMBAI 10,Dabur,MBO,Mumbai,Maharashtra,West,SKU40850,Powder Brush R8,Renee,Makeup,Brushes,Top 25,Active,650,61,61,,8,5885,BGR West,12,8,,50,1,64.3,,
2025-12,OL1054,DAB-NEXUS MUMBAI 10,Dabur,MBO,Mumbai,Maharashtra,West,SKU40951,Sunscreen Gel Spf 50 70Ml,Renee,Skincare,Sunscreen,Top 25,Active,999,1,15,,3,3392,BGR West,4,4,,45,1,64.3,,
2025-12,OL1054,DAB-NEXUS MUMBAI 10,Dabur,MBO,Mumbai,Maharashtra,West,SKU40972,Sunscreen Gel Spf 50 70Ml,Renee,Skincare,Sunscreen,Top 25,Active,599,5,6,,3,2034,BGR West,4,4,,45,1,64.3,,
2025-12,OL1054,DAB-NEXUS MUMBAI 10,Dabur,MBO,Mumbai,Maharashtra,West,SKU40979,Sunscreen Gel Spf 50 50Ml,Renee,Skincare,Sunscreen,Top 25,Active,799,7,10,,5,4521,BGR West,9,8,,45,1,64.3,,
2025-12,OL1054,DAB-NEXUS MUMBAI 10,Dabur,MBO,Mumbai,Maharashtra,West,SKU41032,Face Wash Hazelnut 60Ml,Renee,Skincare,Cleanser,Others,Active,499,8,8,,1,565,BGR West,1,1,,45,1,64.3,,
2025-12,OL1054,DAB-NEXUS MUMBAI 10,Dabur,MBO,Mumbai,Maharashtra,West,SKU41129,Face Wash Vanilla 40Ml,Renee,Skincare,Cleanser,Others,Active,299,18,20,,4,1354,BGR West,7,6,,45,1,64.3,,
2025-12,OL1054,DAB-NEXUS MUMBAI 10,Dabur,MBO,Mumbai,Maharashtra,West,SKU41295,Perfume Rose 50Ml,Renee,Fragrance,EDP,Top 25,Active,599,19,0,,12,8135,BGR West,13,9,,55,1,64.3,,
2025-12,OL1054,DAB-NEXUS MUMBAI 10,Dabur,MBO,Mumbai,Maharashtra,West,SKU41420,Body Mist Coral 100Ml,Renee,Fragrance,Body Mist,Top 25,Active,399,31,0,,6,2709,BGR West,11,9,,55,1,64.3,,
2025-12,OL1054,DAB-NEXUS MUMBAI 10,Dabur,MBO,Mumbai,Maharashtra,West,SKU41647,Hair Oil Hazelnut 100Ml,Renee,Haircare,Hair Oil,Others,Active,799,7,8,,3,2713,BGR West,6,4,,35,1,64.3,,
2025-12,OL1055,DAB-FORUM KOLKATA 11,Dabur,MBO,Kolkata,West Bengal,East,SKU40202,Liquid Lipstick Mocha 5Ml,Renee,Makeup,Lipstick,Top 25,Active,799,12,14,,4,3211,BGR East,7,6,,50,1,66.5,2025-11,
2025-12,OL1055,DAB-FORUM KOLKATA 11,Dabur,MBO,Kolkata,West Bengal,East,SKU40281,Midnight Eyeliner Berry 2.5Ml,Renee,Makeup,Eyeliner,Others,Active,299,11,17,,7,2103,BGR East,15,13,,50,1,66.5,,
2025-12,OL1055,DAB-FORUM KOLKATA 11,Dabur,MBO,Kolkata,West Bengal,East,SKU40318,Midnight Eyeliner Hazelnut 2.5Ml,Renee,Makeup,Eyeliner,Others,Active,650,11,11,,1,653,BGR East,2,1,,50,1,66.5,,
2025-12,OL1055,DAB-FORUM KOLKATA 11,Dabur,MBO,Kolkata,West Bengal,East,SKU40490,Kajal Midnight 0.35Gm,Renee,Makeup,Eyeliner,Top 10,Active,599,38,47,,14,8425,BGR East,23,23,,50,1,66.5,,
2025-12,OL1055,DAB-FORUM KOLKATA 11,Dabur,MBO,Kolkata,West Bengal,East,SKU40595,Compact Powder Mocha 9Gm,Renee,Makeup,Foundation,Top 10,Active,449,14,18,,18,8120,BGR East,32,22,,50,1,66.5,,
2025-12,OL1055,DAB-FORUM KOLKATA 11,Dabur,MBO,Kolkata,West Bengal,East,SKU40722,Compact Powder Berry 9Gm,Renee,Makeup,Foundation,Top 10,Active,799,23,23,,2,1605,BGR East,3,2,,50,1,66.5,,
2025-12,OL1055,DAB-FORUM KOLKATA 11,Dabur,MBO,Kolkata,West Bengal,East,SKU40836,Blending Brush R4,Renee,Makeup,Brushes,Top 10,Active,1199,21,22,,12,14455,BGR East,17,13,,50,1,66.5,,
2025-12,OL1055,DAB-FORUM KOLKATA 11,Dabur,MBO,Kolkata,West Bengal,East,SKU40951,Sunscreen Gel Spf 50 70Ml,Renee,Skincare,Sunscreen,Top 25,Active,999,9,22,,3,3011,BGR East,3,2,,45,1,66.5,,
2025-12,OL1055,DAB-FORUM KOLKATA 11,Dabur,MBO,Kolkata,West Bengal,East,SKU40972,Sunscreen Gel Spf 50 70Ml,Renee,Skincare,Sunscreen,Top 25,Active,599,34,32,,4,2407,BGR East,4,2,,45,1,66.5,,
2025-12,OL1055,DAB-FORUM KOLKATA 11,Dabur,MBO,Kolkata,West Bengal,East,SKU40979,Sunscreen Gel Spf 50 50Ml,Renee,Skincare,Sunscreen,Top 25,Active,799,3,0,,6,4816,BGR East,13,11,,45,1,66.5,,
2025-12,OL1055,DAB-FORUM KOLKATA 11,Dabur,MBO,Kolkata,West Bengal,East,SKU41295,Perfume Rose 50Ml,Renee,Fragrance,EDP,Top 25,Active,599,17,18,,8,4814,BGR East,13,9,,55,1,66.5,,
2025-12,OL1055,DAB-FORUM KOLKATA 11,Dabur,MBO,Kolkata,West Bengal,East,SKU41382,Perfume Peach 50Ml,Renee,Fragrance,EDP,Top 25,Active,499,22,21,,6,3008,BGR East,5,5,,55,1,66.5,2025-08,
2025-12,OL1055,DAB-FORUM KOLKATA 11,Dabur,MBO,Kolkata,West Bengal,East,SKU41536,Body Mist Nude 100Ml,Renee,Fragrance,Body Mist,Top 25,Active,349,19,14,,16,5610,BGR East,14,11,,55,1,66.5,,
2025-12,OL1055,DAB-FORUM KOLKATA 11,Dabur,MBO,Kolkata,West Bengal,East,SKU41608,Hair Oil Berry 100Ml,Renee,Haircare,Hair Oil,Others,Active,449,8,9,,4,1804,BGR East,6,5,,35,1,66.5,,
2025-12,OL1056,DAB-SELECT LUCKNOW 12,Dabur,MBO,Lucknow,Uttar Pradesh,North,SKU40078,Matte Lip Color Rose 4.2Ml,Renee,Makeup,Lipstick,Top 25,Active,650,6,8,,4,2544,BGR North,6,6,,50,3,69.2,,
2025-12,OL1056,DAB-SELECT LUCKNOW 12,Dabur,MBO,Lucknow,Uttar Pradesh,North,SKU40202,Liquid Lipstick Mocha 5Ml,Renee,Makeup,Lipstick,Top 25,Active,799,14,0,,2,1564,BGR North,5,3,,50,3,69.2,2025-11,
2025-12,OL1056,DAB-SELECT LUCKNOW 12,Dabur,MBO,Lucknow,Uttar Pradesh,North,SKU40381,Midnight Eyeliner Ocean 2.5Ml,Renee,Makeup,Eyeliner,Top 25,Active,699,4,3,,8,5472,BGR North,10,7,,50,3,69.2,,
2025-12,OL1056,DAB-SELECT LUCKNOW 12,Dabur,MBO,Lucknow,Uttar Pradesh,North,SKU40544,Bb Cream Peach 30Ml,Renee,Makeup,Foundation,Top 10,Active,599,0,6,,6,3517,BGR North,12,12,,50,3,69.2,,
2025-12,OL1056,DAB-SELECT LUCKNOW 12,Dabur,MBO,Lucknow,Uttar Pradesh,North,SKU40588,Bb Cream Coral 30Ml,Renee,Makeup,Foundation,Top 10,Active,349,28,31,,12,4098,BGR North,22,15,,50,3,69.2,,
2025-12,OL1056,DAB-SELECT LUCKNOW 12,Dabur,MBO,Lucknow,Uttar Pradesh,North,SKU40595,Compact Powder Mocha 9Gm,Renee,Makeup,Foundation,Top 10,Active,449,5,6,,16,7029,BGR North,17,17,,50,3,69.2,,
2025-12,OL1056,DAB-SELECT LUCKNOW 12,Dabur,MBO,Lucknow,Uttar Pradesh,North,SKU40662,Compact Powder Nude 9Gm,Renee,Makeup,Foundation,Top 25,Active,1199,21,25,,2,2346,BGR North,6,6,,50,3,69.2,,
2025-12,OL1056,DAB-SELECT LUCKNOW 12,Dabur,MBO,Lucknow,Uttar Pradesh,North,SKU40836,Blending Brush R4,Renee,Makeup,Brushes,Top 10,Active,1199,110,112,,7,8212,BGR North,11,9,,50,3,69.2,,
2025-12,OL1056,DAB-SELECT LUCKNOW 12,Dabur,MBO,Lucknow,Uttar Pradesh,North,SKU40951,Sunscreen Gel Spf 50 70Ml,Renee,Skincare,Sunscreen,Top 25,Active,999,11,0,,4,3910,BGR North,6,4,,45,3,69.2,,
2025-12,OL1056,DAB-SELECT LUCKNOW 12,Dabur,MBO,Lucknow,Uttar Pradesh,North,SKU40972,Sunscreen Gel Spf 50 70Ml,Renee,Skincare,Sunscreen,Top 25,Active,599,15,17,,3,1758,BGR North,5,5,,45,3,69.2,,
2025-12,OL1056,DAB-SELECT LUCKNOW 12,Dabur,MBO,Lucknow,Uttar Pradesh,North,SKU40979,Sunscreen Gel Spf 50 50Ml,Renee,Skincare,Sunscreen,Top 25,Active,799,4,10,,4,3127,BGR North,10,10,,45,3,69.2,,
2025-12,OL1056,DAB-SELECT LUCKNOW 12,Dabur,MBO,Lucknow,Uttar Pradesh,North,SKU41024,Vitamin C Serum 30Ml,Renee,Skincare,Serum,Others,Active,449,14,15,,4,1757,BGR North,7,5,,45,3,69.2,,
2025-12,OL1056,DAB-SELECT LUCKNOW 12,Dabur,MBO,Lucknow,Uttar Pradesh,North,SKU41032,Face Wash Hazelnut 60Ml,Renee,Skincare,Cleanser,Others,Active,499,1,3,,0,0,BGR North,3,2,,45,3,69.2,,
2025-12,OL1056,DAB-SELECT LUCKNOW 12,Dabur,MBO,Lucknow,Uttar Pradesh,North,SKU41129,Face Wash Vanilla 40Ml,Renee,Skincare,Cleanser,Others,Active,299,0,1,,3,878,BGR North,5,4,,45,3,69.2,,
2025-12,OL1056,DAB-SELECT LUCKNOW 12,Dabur,MBO,Lucknow,Uttar Pradesh,North,SKU41382,Perfume Peach 50Ml,Renee,Fragrance,EDP,Top 25,Active,499,14,14,,3,1465,BGR North,4,3,,55,3,69.2,2025-08,
2025-12,OL1056,DAB-SELECT LUCKNOW 12,Dabur,MBO,Lucknow,Uttar Pradesh,North,SKU41420,Body Mist Coral 100Ml,Renee,Fragrance,Body Mist,Top 25,Active,399,3,10,,8,3123,BGR North,16,15,,55,3,69.2,,
2025-12,OL1056,DAB-SELECT LUCKNOW 12,Dabur,MBO,Lucknow,Uttar Pradesh,North,SKU41476,Body Mist Mocha 100Ml,Renee,Fragrance,Body Mist,Top 10,Active,799,20,21,,10,7818,BGR North,11,11,,55,3,69.2,,
2025-12,OL1056,DAB-SELECT LUCKNOW 12,Dabur,MBO,Lucknow,Uttar Pradesh,North,SKU41536,Body Mist Nude 100Ml,Renee,Fragrance,Body Mist,Top 25,Active,349,5,9,,9,3073,BGR North,14,13,,55,3,69.2,,
2025-12,OL1057,DAB-EXPRESS LUCKNOW 13,Dabur,MBO,Lucknow,Uttar Pradesh,North,SKU40108,Matte Lip Color Peach 4.2Ml,Renee,Makeup,Lipstick,Top 10,Active,650,22,22,,0,0,BGR North,1,0,,50,1,76.6,,
2025-12,OL1057,DAB-EXPRESS LUCKNOW 13,Dabur,MBO,Lucknow,Uttar Pradesh,North,SKU40127,Matte Lip Color Coral 4.2Ml,Renee,Makeup,Lipstick,Top 25,Active,499,0,2,,4,2240,BGR North,9,6,,50,1,76.6,,
2025-12,OL1057,DAB-EXPRESS LUCKNOW 13,Dabur,MBO,Lucknow,Uttar Pradesh,North,SKU40202,Liquid Lipstick Mocha 5Ml,Renee,Makeup,Lipstick,Top 25,Active,799,8,7,,4,3587,BGR North,4,3,,50,1,76.6,2025-11,
2025-12,OL1057,DAB-EXPRESS LUCKNOW 13,Dabur,MBO,Lucknow,Uttar Pradesh,North,SKU40266,Liquid Lipstick Nude 5Ml,Renee,Makeup,Lipstick,Top 10,Active,799,34,36,,6,5380,BGR North,11,8,,50,1,76.6,,
2025-12,OL1057,DAB-EXPRESS LUCKNOW 13,Dabur,MBO,Lucknow,Uttar Pradesh,North,SKU40544,Bb Cream Peach 30Ml,Renee,Makeup,Foundation,Top 10,Active,599,0,1,,6,4033,BGR North,10,7,,50,1,76.6,,
2025-12,OL1057,DAB-EXPRESS LUCKNOW 13,Dabur,MBO,Lucknow,Uttar Pradesh,North,SKU40588,Bb Cream Coral 30Ml,Renee,Makeup,Foundation,Top 10,Active,349,4,0,,4,1567,BGR North,8,5,,50,1,76.6,,
2025-12,OL1057,DAB-EXPRESS LUCKNOW 13,Dabur,MBO,Lucknow,Uttar Pradesh,North,SKU40595,Compact Powder Mocha 9Gm,Renee,Makeup,Foundation,Top 10,Active,449,0,8,,6,3023,BGR North,14,14,,50,1,76.6,,
2025-12,OL1057,DAB-EXPRESS LUCKNOW 13,Dabur,MBO,Lucknow,Uttar Pradesh,North,SKU40722,Compact Powder Berry 9Gm,Renee,Makeup,Foundation,Top 10,Active,799,7,8,,4,3587,BGR North,6,5,,50,1,76.6,,
2025-12,OL1057,DAB-EXPRESS LUCKNOW 13,Dabur,MBO,Lucknow,Uttar Pradesh,North,SKU40763,Blending Brush R6,Renee,Makeup,Brushes,Others,Active,349,1,4,,3,1175,BGR North,7,6,,50,1,76.6,,
2025-12,OL1057,DAB-EXPRESS LUCKNOW 13,Dabur,MBO,Lucknow,Uttar Pradesh,North,SKU40812,Blending Brush R1,Renee,Makeup,Brushes,Top 10,Active,599,3,4,,3,2017,BGR North,4,4,,50,1,76.6,2025-09,
2025-12,OL1057,DAB-EXPRESS LUCKNOW 13,Dabur,MBO,Lucknow,Uttar Pradesh,North,SKU40928,Powder Brush R4,Renee,Makeup,Brushes,Top 25,Active,650,8,13,,4,2918,BGR North,10,9,,50,1,76.6,,
2025-12,OL1057,DAB-EXPRESS LUCKNOW 13,Dabur,MBO,Lucknow,Uttar Pradesh,North,SKU40972,Sunscreen Gel Spf 50 70Ml,Renee,Skincare,Sunscreen,Top 25,Active,599,11,13,,1,672,BGR North,3,3,,45,1,76.6,,
2025-12,OL1057,DAB-EXPRESS LUCKNOW 13,Dabur,MBO,Lucknow,Uttar Pradesh,North,SKU41476,Body Mist Mocha 100Ml,Renee,Fragrance,Body Mist,Top 10,Active,799,17,16,,3,2690,BGR North,3,2,,55,1,76.6,,
2025-12,OL1057,DAB-EXPRESS LUCKNOW 13,Dabur,MBO,Lucknow,Uttar Pradesh,North,SKU41536,Body Mist Nude 100Ml,Renee,Fragrance,Body Mist,Top 25,Active,349,4,6,,6,2350,BGR North,12,8,,55,1,76.6,,
2025-12,OL1057,DAB-EXPRESS LUCKNOW 13,Dabur,MBO,Lucknow,Uttar Pradesh,North,SKU41608,Hair Oil Berry 100Ml,Renee,Haircare,Hair Oil,Others,Active,449,1,0,,4,2016,BGR North,10,8,,35,1,76.6,,
2025-12,OL1058,DAB-INORBIT KOLKATA 14,Dabur,MBO,Kolkata,West Bengal,East,SKU40078,Matte Lip Color Rose 4.2Ml,Renee,Makeup,Lipstick,Top 25,Active,650,10,11,,4,2793,BGR East,7,5,,50,3,48.7,,
2025-12,OL1058,DAB-INORBIT KOLKATA 14,Dabur,MBO,Kolkata,West Bengal,East,SKU40127,Matte Lip Color Coral 4.2Ml,Renee,Makeup,Lipstick,Top 25,Active,499,9,12,,6,3217,BGR East,12,9,,50,3,48.7,,
2025-12,OL1058,DAB-INORBIT KOLKATA 14,Dabur,MBO,Kolkata,West Bengal,East,SKU40266,Liquid Lipstick Nude 5Ml,Renee,Makeup,Lipstick,Top 10,Active,799,24,26,,12,10301,BGR East,18,14,,50,3,48.7,,
2025-12,OL1058,DAB-INORBIT KOLKATA 14,Dabur,MBO,Kolkata,West Bengal,East,SKU40281,Midnight Eyeliner Berry 2.5Ml,Renee,Makeup,Eyeliner,Others,Active,299,0,2,,0,0,BGR East,3,2,,50,3,48.7,,
2025-12,OL1058,DAB-INORBIT KOLKATA 14,Dabur,MBO,Kolkata,West Bengal,East,SKU40381,Midnight Eyeliner Ocean 2.5Ml,Renee,Makeup,Eyeliner,Top 25,Active,699,7,0,,6,4506,BGR East,9,8,,50,3,48.7,,
2025-12,OL1058,DAB-INORBIT KOLKATA 14,Dabur,MBO,Kolkata,West Bengal,East,SKU40588,Bb Cream Coral 30Ml,Renee,Makeup,Foundation,Top 10,Active,349,0,2,,17,6374,BGR East,22,19,,50,3,48.7,,
2025-12,OL1058,DAB-INORBIT KOLKATA 14,Dabur,MBO,Kolkata,West Bengal,East,SKU40662,Compact Powder Nude 9Gm,Renee,Makeup,Foundation,Top 25,Active,1199,15,18,,2,2576,BGR East,5,5,,50,3,48.7,,
2025-12,OL1058,DAB-INORBIT KOLKATA 14,Dabur,MBO,Kolkata,West Bengal,East,SKU40763,Blending Brush R6,Renee,Makeup,Brushes,Others,Active,349,1,0,,3,1125,BGR East,7,7,,50,3,48.7,,
2025-12,OL1058,DAB-INORBIT KOLKATA 14,Dabur,MBO,Kolkata,West Bengal,East,SKU40812,Blending Brush R1,Renee,Makeup,Brushes,Top 10,Active,599,8,7,,16,10296,BGR East,19,15,,50,3,48.7,2025-09,
2025-12,OL1058,DAB-INORBIT KOLKATA 14,Dabur,MBO,Kolkata,West Bengal,East,SKU40928,Powder Brush R4,Renee,Makeup,Brushes,Top 25,Active,650,21,0,,3,2095,BGR East,6,4,,50,3,48.7,,
2025-12,OL1058,DAB-INORBIT KOLKATA 14,Dabur,MBO,Kolkata,West Bengal,East,SKU40951,Sunscreen Gel Spf 50 70Ml,Renee,Skincare,Sunscreen,Top 25,Active,999,3,5,,2,2147,BGR East,5,4,,45,3,48.7,,
2025-12,OL1058,DAB-INORBIT KOLKATA 14,Dabur,MBO,Kolkata,West Bengal,East,SKU41024,Vitamin C Serum 30Ml,Renee,Skincare,Serum,Others,Active,449,6,6,,3,1447,BGR East,5,3,,45,3,48.7,,
2025-12,OL1058,DAB-INORBIT KOLKATA 14,Dabur,MBO,Kolkata,West Bengal,East,SKU41032,Face Wash Hazelnut 60Ml,Renee,Skincare,Cleanser,Others,Active,499,0,4,,3,1608,BGR East,7,7,,45,3,48.7,,
2025-12,OL1058,DAB-INORBIT KOLKATA 14,Dabur,MBO,Kolkata,West Bengal,East,SKU41129,Face Wash Vanilla 40Ml,Renee,Skincare,Cleanser,Others,Active,299,7,7,,2,642,BGR East,4,2,,45,3,48.7,,
2025-12,OL1058,DAB-INORBIT KOLKATA 14,Dabur,MBO,Kolkata,West Bengal,East,SKU41215,Perfume Midnight 50Ml,Renee,Fragrance,EDP,Others,Active,399,5,6,,1,429,BGR East,3,2,,55,3,48.7,,
2025-12,OL1058,DAB-INORBIT KOLKATA 14,Dabur,MBO,Kolkata,West Bengal,East,SKU41295,Perfume Rose 50Ml,Renee,Fragrance,EDP,Top 25,Active,599,22,21,,4,2574,BGR East,4,3,,55,3,48.7,,
2025-12,OL1058,DAB-INORBIT KOLKATA 14,Dabur,MBO,Kolkata,West Bengal,East,SKU41382,Perfume Peach 50Ml,Renee,Fragrance,EDP,Top 25,Active,499,10,14,,6,3217,BGR East,12,10,,55,3,48.7,2025-08,
2025-12,OL1058,DAB-INORBIT KOLKATA 14,Dabur,MBO,Kolkata,West Bengal,East,SKU41420,Body Mist Coral 100Ml,Renee,Fragrance,Body Mist,Top 25,Active,399,13,17,,4,1715,BGR East,8,8,,55,3,48.7,,
2025-12,OL1058,DAB-INORBIT KOLKATA 14,Dabur,MBO,Kolkata,West Bengal,East,SKU41476,Body Mist Mocha 100Ml,Renee,Fragrance,Body Mist,Top 10,Active,799,0,11,,12,10301,BGR East,25,23,,55,3,48.7,,
2025-12,OL1058,DAB-INORBIT KOLKATA 14,Dabur,MBO,Kolkata,West Bengal,East,SKU41536,Body Mist Nude 100Ml,Renee,Fragrance,Body Mist,Top 25,Active,349,55,0,,6,2250,BGR East,7,4,,55,3,48.7,,
2025-12,OL1059,DAB-NEXUS BHUBANESWAR 15,Dabur,MBO,Bhubaneswar,Odisha,East,SKU40078,Matte Lip Color Rose 4.2Ml,Renee,Makeup,Lipstick,Top 25,Active,650,9,31,,5,3315,BGR East,9,9,,50,1,71.2,,
2025-12,OL1059,DAB-NEXUS BHUBANESWAR 15,Dabur,MBO,Bhubaneswar,Odisha,East,SKU40127,Matte Lip Color Coral 4.2Ml,Renee,Makeup,Lipstick,Top 25,Active,499,19,20,,6,3054,BGR East,8,7,,50,1,71.2,,
2025-12,OL1059,DAB-NEXUS BHUBANESWAR 15,Dabur,MBO,Bhubaneswar,Odisha,East,SKU40202,Liquid Lipstick Mocha 5Ml,Renee,Makeup,Lipstick,Top 25,Active,799,5,8,,2,1630,BGR East,6,5,,50,1,71.2,2025-11,
2025-12,OL1059,DAB-NEXUS BHUBANESWAR 15,Dabur,MBO,Bhubaneswar,Odisha,East,SKU40266,Liquid Lipstick Nude 5Ml,Renee,Makeup,Lipstick,Top 10,Active,799,18,19,,14,11409,BGR East,22,15,,50,1,71.2,,
2025-12,OL1059,DAB-NEXUS BHUBANESWAR 15,Dabur,MBO,Bhubaneswar,Odisha,East,SKU40281,Midnight Eyeliner Berry 2.5Ml,Renee,Makeup,Eyeliner,Others,Active,299,4,5,,4,1220,BGR East,7,5,,50,1,71.2,,
2025-12,OL1059,DAB-NEXUS BHUBANESWAR 15,Dabur,MBO,Bhubaneswar,Odisha,East,SKU40318,Midnight Eyeliner Hazelnut 2.5Ml,Renee,Makeup,Eyeliner,Others,Active,650,11,13,,2,1326,BGR East,5,4,,50,1,71.2,,
2025-12,OL1059,DAB-NEXUS BHUBANESWAR 15,Dabur,MBO,Bhubaneswar,Odisha,East,SKU40381,Midnight Eyeliner Ocean 2.5Ml,Renee,Makeup,Eyeliner,Top 25,Active,699,5,4,,2,1426,BGR East,2,1,,50,1,71.2,,
2025-12,OL1059,DAB-NEXUS BHUBANESWAR 15,Dabur,MBO,Bhubaneswar,Odisha,East,SKU40490,Kajal Midnight 0.35Gm,Renee,Makeup,Eyeliner,Top 10,Active,599,34,35,,4,2444,BGR East,8,5,,50,1,71.2,,
2025-12,OL1059,DAB-NEXUS BHUBANESWAR 15,Dabur,MBO,Bhubaneswar,Odisha,East,SKU40588,Bb Cream Coral 30Ml,Renee,Makeup,Foundation,Top 10,Active,349,26,28,,6,2136,BGR East,12,8,,50,1,71.2,,
2025-12,OL1059,DAB-NEXUS BHUBANESWAR 15,Dabur,MBO,Bhubaneswar,Odisha,East,SKU40662,Compact Powder Nude 9Gm,Renee,Makeup,Foundation,Top 25,Active,1199,25,25,,1,1223,BGR East,2,1,,50,1,71.2,,
2025-12,OL1059,DAB-NEXUS BHUBANESWAR 15,Dabur,MBO,Bhubaneswar,Odisha,East,SKU40722,Compact Powder Berry 9Gm,Renee,Makeup,Foundation,Top 10,Active,799,23,10,,2,1630,BGR East,3,2,,50,1,71.2,,
2025-12,OL1059,DAB-NEXUS BHUBANESWAR 15,Dabur,MBO,Bhubaneswar,Odisha,East,SKU40763,Blending Brush R6,Renee,Makeup,Brushes,Others,Active,349,1,2,,0,0,BGR East,2,1,,50,1,71.2,,
2025-12,OL1059,DAB-NEXUS BHUBANESWAR 15,Dabur,MBO,Bhubaneswar,Odisha,East,SKU40812,Blending Brush R1,Renee,Makeup,Brushes,Top 10,Active,599,10,11,,10,6109,BGR East,16,11,,50,1,71.2,2025-09,
2025-12,OL1059,DAB-NEXUS BHUBANESWAR 15,Dabur,MBO,Bhubaneswar,Odisha,East,SKU40928,Powder Brush R4,Renee,Makeup,Brushes,Top 25,Active,650,9,7,,2,1326,BGR East,1,0,,50,1,71.2,,
2025-12,OL1059,DAB-NEXUS BHUBANESWAR 15,Dabur,MBO,Bhubaneswar,Odisha,East,SKU40951,Sunscreen Gel Spf 50 70Ml,Renee,Skincare,Sunscreen,Top 25,Active,999,7,7,,1,1019,BGR East,2,1,,45,1,71.2,,
2025-12,OL1059,DAB-NEXUS BHUBANESWAR 15,Dabur,MBO,Bhubaneswar,Odisha,East,SKU40972,Sunscreen Gel Spf 50 70Ml,Renee,Skincare,Sunscreen,Top 25,Active,599,0,3,,3,1833,BGR East,6,6,,45,1,71.2,,
2025-12,OL1059,DAB-NEXUS BHUBANESWAR 15,Dabur,MBO,Bhubaneswar,Odisha,East,SKU41048,Face Wash Ocean 20Ml,Renee,Skincare,Cleanser,Others,Active,349,3,8,,4,1424,BGR East,10,9,,45,1,71.2,,
2025-12,OL1059,DAB-NEXUS BHUBANESWAR 15,Dabur,MBO,Bhubaneswar,Odisha,East,SKU41129,Face Wash Vanilla 40Ml,Renee,Skincare,Cleanser,Others,Active,299,14,17,,2,610,BGR East,5,5,,45,1,71.2,,
2025-12,OL1059,DAB-NEXUS BHUBANESWAR 15,Dabur,MBO,Bhubaneswar,Odisha,East,SKU41420,Body Mist Coral 100Ml,Renee,Fragrance,Body Mist,Top 25,Active,399,12,13,,1,407,BGR East,3,2,,55,1,71.2,,
2025-12,OL1059,DAB-NEXUS BHUBANESWAR 15,Dabur,MBO,Bhubaneswar,Odisha,East,SKU41536,Body Mist Nude 100Ml,Renee,Fragrance,Body Mist,Top 25,Active,349,28,36,,10,3560,BGR East,18,18,,55,1,71.2,,
2025-12,OL1060,DAB-ORION GUWAHATI 16,Dabur,MBO,Guwahati,Assam,East,SKU40202,Liquid Lipstick Mocha 5Ml,Renee,Makeup,Lipstick,Top 25,Active,799,5,6,,2,1927,BGR East,4,3,,50,4,67.8,2025-11,
2025-12,OL1060,DAB-ORION GUWAHATI 16,Dabur,MBO,Guwahati,Assam,East,SKU40281,Midnight Eyeliner Berry 2.5Ml,Renee,Makeup,Eyeliner,Others,Active,299,16,18,,4,1442,BGR East,8,6,,50,4,67.8,,
2025-12,OL1060,DAB-ORION GUWAHATI 16,Dabur,MBO,Guwahati,Assam,East,SKU40318,Midnight Eyeliner Hazelnut 2.5Ml,Renee,Makeup,Eyeliner,Others,Active,650,10,0,,3,2351,BGR East,3,2,,50,4,67.8,,
2025-12,OL1060,DAB-ORION GUWAHATI 16,Dabur,MBO,Guwahati,Assam,East,SKU40381,Midnight Eyeliner Ocean 2.5Ml,Renee,Makeup,Eyeliner,Top 25,Active,699,11,12,,3,2528,BGR East,6,4,,50,4,67.8,,
2025-12,OL1060,DAB-ORION GUWAHATI 16,Dabur,MBO,Guwahati,Assam,East,SKU40490,Kajal Midnight 0.35Gm,Renee,Makeup,Eyeliner,Top 10,Active,599,12,12,,5,3611,BGR East,5,5,,50,4,67.8,,
2025-12,OL1060,DAB-ORION GUWAHATI 16,Dabur,MBO,Guwahati,Assam,East,SKU40544,Bb Cream Peach 30Ml,Renee,Makeup,Foundation,Top 10,Active,599,22,20,,12,8666,BGR East,13,10,,50,4,67.8,,
2025-12,OL1060,DAB-ORION GUWAHATI 16,Dabur,MBO,Guwahati,Assam,East,SKU40836,Blending Brush R4,Renee,Makeup,Brushes,Top 10,Active,1199,11,10,,8,11564,BGR East,9,7,,50,4,67.8,,
2025-12,OL1060,DAB-ORION GUWAHATI 16,Dabur,MBO,Guwahati,Assam,East,SKU40850,Powder Brush R8,Renee,Makeup,Brushes,Top 25,Active,650,12,15,,6,4702,BGR East,12,9,,50,4,67.8,,
2025-12,OL1060,DAB-ORION GUWAHATI 16,Dabur,MBO,Guwahati,Assam,East,SKU40928,Powder Brush R4,Renee,Makeup,Brushes,Top 25,Active,650,18,0,,4,3135,BGR East,7,6,,50,4,67.8,,
2025-12,OL1060,DAB-ORION GUWAHATI 16,Dabur,MBO,Guwahati,Assam,East,SKU40972,Sunscreen Gel Spf 50 70Ml,Renee,Skincare,Sunscreen,Top 25,Active,599,22,23,,3,2167,BGR East,6,4,,45,4,67.8,,
2025-12,OL1060,DAB-ORION GUWAHATI 16,Dabur,MBO,Guwahati,Assam,East,SKU40979,Sunscreen Gel Spf 50 50Ml,Renee,Skincare,Sunscreen,Top 25,Active,799,3,1,,3,2890,BGR East,2,1,,45,4,67.8,,
2025-12,OL1060,DAB-ORION GUWAHATI 16,Dabur,MBO,Guwahati,Assam,East,SKU41024,Vitamin C Serum 30Ml,Renee,Skincare,Serum,Others,Active,449,15,14,,2,1083,BGR East,2,1,,45,4,67.8,,
2025-12,OL1060,DAB-ORION GUWAHATI 16,Dabur,MBO,Guwahati,Assam,East,SKU41295,Perfume Rose 50Ml,Renee,Fragrance,EDP,Top 25,Active,599,25,27,,3,2167,BGR East,5,5,,55,4,67.8,,
2025-12,OL1060,DAB-ORION GUWAHATI 16,Dabur,MBO,Guwahati,Assam,East,SKU41382,Perfume Peach 50Ml,Renee,Fragrance,EDP,Top 25,Active,499,13,12,,3,1805,BGR East,4,2,,55,4,67.8,2025-08,
2025-12,OL1060,DAB-ORION GUWAHATI 16,Dabur,MBO,Guwahati,Assam,East,SKU41420,Body Mist Coral 100Ml,Renee,Fragrance,Body Mist,Top 25,Active,399,18,19,,3,1443,BGR East,4,4,,55,4,67.8,,
2025-12,OL1060,DAB-ORION GUWAHATI 16,Dabur,MBO,Guwahati,Assam,East,SKU41536,Body Mist Nude 100Ml,Renee,Fragrance,Body Mist,Top 25,Active,349,25,25,,11,4628,BGR East,13,11,,55,4,67.8,,
2025-12,OL1061,DAB-GALLERIA HYDERABAD 17,Dabur,MBO,Hyderabad,Telangana,South,SKU40078,Matte Lip Color Rose 4.2Ml,Renee,Makeup,Lipstick,Top 25,Active,650,14,18,,2,1356,BGR South,6,6,,50,2,78.4,,
2025-12,OL1061,DAB-GALLERIA HYDERABAD 17,Dabur,MBO,Hyderabad,Telangana,South,SKU40108,Matte Lip Color Peach 4.2Ml,Renee,Makeup,Lipstick,Top 10,Active,650,10,10,,1,678,BGR South,2,1,,50,2,78.4,,
2025-12,OL1061,DAB-GALLERIA HYDERABAD 17,Dabur,MBO,Hyderabad,Telangana,South,SKU40127,Matte Lip Color Coral 4.2Ml,Renee,Makeup,Lipstick,Top 25,Active,499,17,20,,4,2083,BGR South,10,7,,50,2,78.4,,
2025-12,OL1061,DAB-GALLERIA HYDERABAD 17,Dabur,MBO,Hyderabad,Telangana,South,SKU40281,Midnight Eyeliner Berry 2.5Ml,Renee,Makeup,Eyeliner,Others,Active,299,9,8,,4,1248,BGR South,4,3,,50,2,78.4,,
2025-12,OL1061,DAB-GALLERIA HYDERABAD 17,Dabur,MBO,Hyderabad,Telangana,South,SKU40544,Bb Cream Peach 30Ml,Renee,Makeup,Foundation,Top 10,Active,599,1,0,,4,2500,BGR South,3,2,,50,2,78.4,,
2025-12,OL1061,DAB-GALLERIA HYDERABAD 17,Dabur,MBO,Hyderabad,Telangana,South,SKU40588,Bb Cream Coral 30Ml,Renee,Makeup,Foundation,Top 10,Active,349,15,20,,9,3277,BGR South,15,14,,50,2,78.4,,
2025-12,OL1061,DAB-GALLERIA HYDERABAD 17,Dabur,MBO,Hyderabad,Telangana,South,SKU40595,Compact Powder Mocha 9Gm,Renee,Makeup,Foundation,Top 10,Active,449,0,0,,5,2342,BGR South,10,8,,50,2,78.4,,
2025-12,OL1061,DAB-GALLERIA HYDERABAD 17,Dabur,MBO,Hyderabad,Telangana,South,SKU40812,Blending Brush R1,Renee,Makeup,Brushes,Top 10,Active,599,16,8,,1,625,BGR South,2,2,,50,2,78.4,2025-09,
2025-12,OL1061,DAB-GALLERIA HYDERABAD 17,Dabur,MBO,Hyderabad,Telangana,South,SKU40836,Blending Brush R4,Renee,Makeup,Brushes,Top 10,Active,1199,7,9,,4,5004,BGR South,9,6,,50,2,78.4,,
2025-12,OL1061,DAB-GALLERIA HYDERABAD 17,Dabur,MBO,Hyderabad,Telangana,South,SKU40850,Powder Brush R8,Renee,Makeup,Brushes,Top 25,Active,650,15,21,,4,2713,BGR South,10,10,,50,2,78.4,,
2025-12,OL1061,DAB-GALLERIA HYDERABAD 17,Dabur,MBO,Hyderabad,Telangana,South,SKU41032,Face Wash Hazelnut 60Ml,Renee,Skincare,Cleanser,Others,Active,499,5,7,,3,1562,BGR South,5,5,,45,2,78.4,,
2025-12,OL1061,DAB-GALLERIA HYDERABAD 17,Dabur,MBO,Hyderabad,Telangana,South,SKU41295,Perfume Rose 50Ml,Renee,Fragrance,EDP,Top 25,Active,599,0,0,,4,2500,BGR South,7,6,,55,2,78.4,,
2025-12,OL1061,DAB-GALLERIA HYDERABAD 17,Dabur,MBO,Hyderabad,Telangana,South,SKU41420,Body Mist Coral 100Ml,Renee,Fragrance,Body Mist,Top 25,Active,399,8,12,,2,833,BGR South,6,6,,55,2,78.4,,
2025-12,OL1061,DAB-GALLERIA HYDERABAD 17,Dabur,MBO,Hyderabad,Telangana,South,SKU41536,Body Mist Nude 100Ml,Renee,Fragrance,Body Mist,Top 25,Active,349,9,9,,4,1457,BGR South,4,4,,55,2,78.4,,
2025-12,OL1061,DAB-GALLERIA HYDERABAD 17,Dabur,MBO,Hyderabad,Telangana,South,SKU41608,Hair Oil Berry 100Ml,Renee,Haircare,Hair Oil,Others,Active,449,8,7,,1,468,BGR South,1,0,,35,2,78.4,,
2025-12,OL1062,DAB-SELECT NOIDA 18,Dabur,MBO,Noida,Uttar Pradesh,North,SKU40108,Matte Lip Color Peach 4.2Ml,Renee,Makeup,Lipstick,Top 10,Active,650,15,16,,2,1546,BGR North,4,3,,50,2,92.6,,
2025-12,OL1062,DAB-SELECT NOIDA 18,Dabur,MBO,Noida,Uttar Pradesh,North,SKU40127,Matte Lip Color Coral 4.2Ml,Renee,Makeup,Lipstick,Top 25,Active,499,18,23,,3,1781,BGR North,8,8,,50,2,92.6,,
2025-12,OL1062,DAB-SELECT NOIDA 18,Dabur,MBO,Noida,Uttar Pradesh,North,SKU40266,Liquid Lipstick Nude 5Ml,Renee,Makeup,Lipstick,Top 10,Active,799,6,8,,12,11404,BGR North,20,14,,50,2,92.6,,
2025-12,OL1062,DAB-SELECT NOIDA 18,Dabur,MBO,Noida,Uttar Pradesh,North,SKU40425,Kajal Vanilla 0.35Gm,Renee,Makeup,Eyeliner,Top 25,Active,299,0,3,,4,1423,BGR North,8,7,,50,2,92.6,,
2025-12,OL1062,DAB-SELECT NOIDA 18,Dabur,MBO,Noida,Uttar Pradesh,North,SKU40490,Kajal Midnight 0.35Gm,Renee,Makeup,Eyeliner,Top 10,Active,599,18,19,,8,5700,BGR North,12,9,,50,2,92.6,,
2025-12,OL1062,DAB-SELECT NOIDA 18,Dabur,MBO,Noida,Uttar Pradesh,North,SKU40544,Bb Cream Peach 30Ml,Renee,Makeup,Foundation,Top 10,Active,599,32,31,,9,6412,BGR North,12,8,,50,2,92.6,,
2025-12,OL1062,DAB-SELECT NOIDA 18,Dabur,MBO,Noida,Uttar Pradesh,North,SKU40588,Bb Cream Coral 30Ml,Renee,Makeup,Foundation,Top 10,Active,349,0,8,,9,3736,BGR North,18,17,,50,2,92.6,,
2025-12,OL1062,DAB-SELECT NOIDA 18,Dabur,MBO,Noida,Uttar Pradesh,North,SKU40595,Compact Powder Mocha 9Gm,Renee,Makeup,Foundation,Top 10,Active,449,22,19,,7,3738,BGR North,6,4,,50,2,92.6,,
2025-12,OL1062,DAB-SELECT NOIDA 18,Dabur,MBO,Noida,Uttar Pradesh,North,SKU40662,Compact Powder Nude 9Gm,Renee,Makeup,Foundation,Top 25,Active,1199,4,8,,3,4278,BGR North,7,7,,50,2,92.6,,
2025-12,OL1062,DAB-SELECT NOIDA 18,Dabur,MBO,Noida,Uttar Pradesh,North,SKU40722,Compact Powder Berry 9Gm,Renee,Makeup,Foundation,Top 10,Active,799,7,39,,5,4752,BGR North,5,4,,50,2,92.6,,
2025-12,OL1062,DAB-SELECT NOIDA 18,Dabur,MBO,Noida,Uttar Pradesh,North,SKU40763,Blending Brush R6,Renee,Makeup,Brushes,Others,Active,349,1,2,,4,1660,BGR North,7,5,,50,2,92.6,,
2025-12,OL1062,DAB-SELECT NOIDA 18,Dabur,MBO,Noida,Uttar Pradesh,North,SKU40850,Powder Brush R8,Renee,Makeup,Brushes,Top 25,Active,650,15,0,,4,3093,BGR North,8,5,,50,2,92.6,,
2025-12,OL1062,DAB-SELECT NOIDA 18,Dabur,MBO,Noida,Uttar Pradesh,North,SKU40928,Powder Brush R4,Renee,Makeup,Brushes,Top 25,Active,650,10,12,,4,3093,BGR North,8,6,,50,2,92.6,,
2025-12,OL1062,DAB-SELECT NOIDA 18,Dabur,MBO,Noida,Uttar Pradesh,North,SKU40979,Sunscreen Gel Spf 50 50Ml,Renee,Skincare,Sunscreen,Top 25,Active,799,0,1,,3,2851,BGR North,5,4,,45,2,92.6,,
2025-12,OL1062,DAB-SELECT NOIDA 18,Dabur,MBO,Noida,Uttar Pradesh,North,SKU41024,Vitamin C Serum 30Ml,Renee,Skincare,Serum,Others,Active,449,6,8,,4,2136,BGR North,6,6,,45,2,92.6,,
2025-12,OL1062,DAB-SELECT NOIDA 18,Dabur,MBO,Noida,Uttar Pradesh,North,SKU41032,Face Wash Hazelnut 60Ml,Renee,Skincare,Cleanser,Others,Active,499,10,15,,4,2374,BGR North,9,9,,45,2,92.6,,
2025-12,OL1062,DAB-SELECT NOIDA 18,Dabur,MBO,Noida,Uttar Pradesh,North,SKU41215,Perfume Midnight 50Ml,Renee,Fragrance,EDP,Others,Active,399,15,0,,4,1898,BGR North,10,7,,55,2,92.6,,
2025-12,OL1062,DAB-SELECT NOIDA 18,Dabur,MBO,Noida,Uttar Pradesh,North,SKU41295,Perfume Rose 50Ml,Renee,Fragrance,EDP,Top 25,Active,599,14,16,,4,2850,BGR North,9,6,,55,2,92.6,,
2025-12,OL1062,DAB-SELECT NOIDA 18,Dabur,MBO,Noida,Uttar Pradesh,North,SKU41382,Perfume Peach 50Ml,Renee,Fragrance,EDP,Top 25,Active,499,13,15,,4,2374,BGR North,6,6,,55,2,92.6,2025-08,
2025-12,OL1062,DAB-SELECT NOIDA 18,Dabur,MBO,Noida,Uttar Pradesh,North,SKU41420,Body Mist Coral 100Ml,Renee,Fragrance,Body Mist,Top 25,Active,399,25,26,,3,1424,BGR North,5,4,,55,2,92.6,,
2025-12,OL1062,DAB-SELECT NOIDA 18,Dabur,MBO,Noida,Uttar Pradesh,North,SKU41476,Body Mist Mocha 100Ml,Renee,Fragrance,Body Mist,Top 10,Active,799,5,6,,7,6653,BGR North,8,8,,55,2,92.6,,
2025-12,OL1062,DAB-SELECT NOIDA 18,Dabur,MBO,Noida,Uttar Pradesh,North,SKU41536,Body Mist Nude 100Ml,Renee,Fragrance,Body Mist,Top 25,Active,349,45,0,,8,3321,BGR North,16,14,,55,2,92.6,,
2025-12,OL1062,DAB-SELECT NOIDA 18,Dabur,MBO,Noida,Uttar Pradesh,North,SKU41608,Hair Oil Berry 100Ml,Renee,Haircare,Hair Oil,Others,Active,449,18,17,,1,534,BGR North,1,0,,35,2,92.6,,
2025-12,OL1063,DAB-CITY CENTRE NEW DELHI 19,Dabur,MBO,New Delhi,Delhi,North,SKU40108,Matte Lip Color Peach 4.2Ml,Renee,Makeup,Lipstick,Top 10,Active,650,3,7,,3,2259,BGR North,7,7,,50,3,58.7,,
2025-12,OL1063,DAB-CITY CENTRE NEW DELHI 19,Dabur,MBO,New Delhi,Delhi,North,SKU40127,Matte Lip Color Coral 4.2Ml,Renee,Makeup,Lipstick,Top 25,Active,499,18,16,,4,2312,BGR North,3,2,,50,3,58.7,,
2025-12,OL1063,DAB-CITY CENTRE NEW DELHI 19,Dabur,MBO,New Delhi,Delhi,North,SKU40281,Midnight Eyeliner Berry 2.5Ml,Renee,Makeup,Eyeliner,Others,Active,299,18,21,,3,1039,BGR North,6,6,,50,3,58.7,,
2025-12,OL1063,DAB-CITY CENTRE NEW DELHI 19,Dabur,MBO,New Delhi,Delhi,North,SKU40318,Midnight Eyeliner Hazelnut 2.5Ml,Renee,Makeup,Eyeliner,Others,Active,650,5,4,,4,3012,BGR North,4,3,,50,3,58.7,,
2025-12,OL1063,DAB-CITY CENTRE NEW DELHI 19,Dabur,MBO,New Delhi,Delhi,North,SKU40381,Midnight Eyeliner Ocean 2.5Ml,Renee,Makeup,Eyeliner,Top 25,Active,699,5,10,,4,3239,BGR North,10,9,,50,3,58.7,,
2025-12,OL1063,DAB-CITY CENTRE NEW DELHI 19,Dabur,MBO,New Delhi,Delhi,North,SKU40425,Kajal Vanilla 0.35Gm,Renee,Makeup,Eyeliner,Top 25,Active,299,15,18,,8,2771,BGR North,11,11,,50,3,58.7,,
2025-12,OL1063,DAB-CITY CENTRE NEW DELHI 19,Dabur,MBO,New Delhi,Delhi,North,SKU40544,Bb Cream Peach 30Ml,Renee,Makeup,Foundation,Top 10,Active,599,29,30,,18,12490,BGR North,21,19,,50,3,58.7,,
2025-12,OL1063,DAB-CITY CENTRE NEW DELHI 19,Dabur,MBO,New Delhi,Delhi,North,SKU40722,Compact Powder Berry 9Gm,Renee,Makeup,Foundation,Top 10,Active,799,13,12,,4,3702,BGR North,4,3,,50,3,58.7,,
2025-12,OL1063,DAB-CITY CENTRE NEW DELHI 19,Dabur,MBO,New Delhi,Delhi,North,SKU40850,Powder Brush R8,Renee,Makeup,Brushes,Top 25,Active,650,0,2,,4,3012,BGR North,6,6,,50,3,58.7,,
2025-12,OL1063,DAB-CITY CENTRE NEW DELHI 19,Dabur,MBO,New Delhi,Delhi,North,SKU40951,Sunscreen Gel Spf 50 70Ml,Renee,Skincare,Sunscreen,Top 25,Active,999,18,0,,1,1157,BGR North,3,3,,45,3,58.7,,
2025-12,OL1063,DAB-CITY CENTRE NEW DELHI 19,Dabur,MBO,New Delhi,Delhi,North,SKU40972,Sunscreen Gel Spf 50 70Ml,Renee,Skincare,Sunscreen,Top 25,Active,599,19,21,,3,2082,BGR North,5,5,,45,3,58.7,,
2025-12,OL1063,DAB-CITY CENTRE NEW DELHI 19,Dabur,MBO,New Delhi,Delhi,North,SKU40979,Sunscreen Gel Spf 50 50Ml,Renee,Skincare,Sunscreen,Top 25,Active,799,0,0,,4,3702,BGR North,4,3,,45,3,58.7,,
2025-12,OL1063,DAB-CITY CENTRE NEW DELHI 19,Dabur,MBO,New Delhi,Delhi,North,SKU41032,Face Wash Hazelnut 60Ml,Renee,Skincare,Cleanser,Others,Active,499,13,12,,2,1156,BGR North,6,6,,45,3,58.7,,
2025-12,OL1063,DAB-CITY CENTRE NEW DELHI 19,Dabur,MBO,New Delhi,Delhi,North,SKU41048,Face Wash Ocean 20Ml,Renee,Skincare,Cleanser,Others,Active,349,14,14,,4,1617,BGR North,4,4,,45,3,58.7,,
2025-12,OL1063,DAB-CITY CENTRE NEW DELHI 19,Dabur,MBO,New Delhi,Delhi,North,SKU41215,Perfume Midnight 50Ml,Renee,Fragrance,EDP,Others,Active,399,23,24,,0,0,BGR North,2,1,,55,3,58.7,,
2025-12,OL1063,DAB-CITY CENTRE NEW DELHI 19,Dabur,MBO,New Delhi,Delhi,North,SKU41382,Perfume Peach 50Ml,Renee,Fragrance,EDP,Top 25,Active,499,42,0,,4,2312,BGR North,8,5,,55,3,58.7,2025-08,
2025-12,OL1063,DAB-CITY CENTRE NEW DELHI 19,Dabur,MBO,New Delhi,Delhi,North,SKU41420,Body Mist Coral 100Ml,Renee,Fragrance,Body Mist,Top 25,Active,399,0,4,,5,2311,BGR North,12,9,,55,3,58.7,,
2025-12,OL1063,DAB-CITY CENTRE NEW DELHI 19,Dabur,MBO,New Delhi,Delhi,North,SKU41536,Body Mist Nude 100Ml,Renee,Fragrance,Body Mist,Top 25,Active,349,0,1,,12,4851,BGR North,17,13,,55,3,58.7,,
2025-12,OL1063,DAB-CITY CENTRE NEW DELHI 19,Dabur,MBO,New Delhi,Delhi,North,SKU41608,Hair Oil Berry 100Ml,Renee,Haircare,Hair Oil,Others,Active,449,6,8,,4,2080,BGR North,6,6,,35,3,58.7,,
2025-12,OL1063,DAB-CITY CENTRE NEW DELHI 19,Dabur,MBO,New Delhi,Delhi,North,SKU41647,Hair Oil Hazelnut 100Ml,Renee,Haircare,Hair Oil,Others,Active,799,2,3,,1,926,BGR North,2,2,,35,3,58.7,,
2025-12,OL1064,DAB-EXPRESS SURAT 20,Dabur,MBO,Surat,Gujarat,West,SKU40078,Matte Lip Color Rose 4.2Ml,Renee,Makeup,Lipstick,Top 25,Active,650,1,2,,3,2200,BGR West,5,4,,50,2,70.1,,
2025-12,OL1064,DAB-EXPRESS SURAT 20,Dabur,MBO,Surat,Gujarat,West,SKU40202,Liquid Lipstick Mocha 5Ml,Renee,Makeup,Lipstick,Top 25,Active,799,6,5,,2,1803,BGR West,2,1,,50,2,70.1,2025-11,
2025-12,OL1064,DAB-EXPRESS SURAT 20,Dabur,MBO,Surat,Gujarat,West,SKU40266,Liquid Lipstick Nude 5Ml,Renee,Makeup,Lipstick,Top 10,Active,799,161,0,,15,13524,BGR West,31,27,,50,2,70.1,,
2025-12,OL1064,DAB-EXPRESS SURAT 20,Dabur,MBO,Surat,Gujarat,West,SKU40318,Midnight Eyeliner Hazelnut 2.5Ml,Renee,Makeup,Eyeliner,Others,Active,650,8,8,,2,1467,BGR West,3,2,,50,2,70.1,,
2025-12,OL1064,DAB-EXPRESS SURAT 20,Dabur,MBO,Surat,Gujarat,West,SKU40381,Midnight Eyeliner Ocean 2.5Ml,Renee,Makeup,Eyeliner,Top 25,Active,699,11,13,,8,6310,BGR West,15,10,,50,2,70.1,,
2025-12,OL1064,DAB-EXPRESS SURAT 20,Dabur,MBO,Surat,Gujarat,West,SKU40490,Kajal Midnight 0.35Gm,Renee,Makeup,Eyeliner,Top 10,Active,599,16,24,,14,9463,BGR West,22,22,,50,2,70.1,,
2025-12,OL1064,DAB-EXPRESS SURAT 20,Dabur,MBO,Surat,Gujarat,West,SKU40544,Bb Cream Peach 30Ml,Renee,Makeup,Foundation,Top 10,Active,599,64,65,,16,10814,BGR West,22,17,,50,2,70.1,,
2025-12,OL1064,DAB-EXPRESS SURAT 20,Dabur,MBO,Surat,Gujarat,West,SKU40588,Bb Cream Coral 30Ml,Renee,Makeup,Foundation,Top 10,Active,349,10,9,,8,3150,BGR West,10,7,,50,2,70.1,,
2025-12,OL1064,DAB-EXPRESS SURAT 20,Dabur,MBO,Surat,Gujarat,West,SKU40662,Compact Powder Nude 9Gm,Renee,Makeup,Foundation,Top 25,Active,1199,11,11,,3,4059,BGR West,5,3,,50,2,70.1,,
2025-12,OL1064,DAB-EXPRESS SURAT 20,Dabur,MBO,Surat,Gujarat,West,SKU40763,Blending Brush R6,Renee,Makeup,Brushes,Others,Active,349,13,0,,4,1575,BGR West,6,4,,50,2,70.1,,
2025-12,OL1064,DAB-EXPRESS SURAT 20,Dabur,MBO,Surat,Gujarat,West,SKU40812,Blending Brush R1,Renee,Makeup,Brushes,Top 10,Active,599,25,26,,8,5407,BGR West,14,9,,50,2,70.1,2025-09,
2025-12,OL1064,DAB-EXPRESS SURAT 20,Dabur,MBO,Surat,Gujarat,West,SKU40850,Powder Brush R8,Renee,Makeup,Brushes,Top 25,Active,650,12,14,,4,2934,BGR West,8,6,,50,2,70.1,,
2025-12,OL1064,DAB-EXPRESS SURAT 20,Dabur,MBO,Surat,Gujarat,West,SKU40928,Powder Brush R4,Renee,Makeup,Brushes,Top 25,Active,650,41,42,,4,2934,BGR West,6,5,,50,2,70.1,,
2025-12,OL1064,DAB-EXPRESS SURAT 20,Dabur,MBO,Surat,Gujarat,West,SKU41129,Face Wash Vanilla 40Ml,Renee,Skincare,Cleanser,Others,Active,299,12,13,,1,337,BGR West,3,2,,45,2,70.1,,
2025-12,OL1064,DAB-EXPRESS SURAT 20,Dabur,MBO,Surat,Gujarat,West,SKU41295,Perfume Rose 50Ml,Renee,Fragrance,EDP,Top 25,Active,599,47,47,,4,2704,BGR West,7,4,,55,2,70.1,,
2025-12,OL1064,DAB-EXPRESS SURAT 20,Dabur,MBO,Surat,Gujarat,West,SKU41382,Perfume Peach 50Ml,Renee,Fragrance,EDP,Top 25,Active,499,8,11,,3,1689,BGR West,6,6,,55,2,70.1,2025-08,
2025-12,OL1064,DAB-EXPRESS SURAT 20,Dabur,MBO,Surat,Gujarat,West,SKU41420,Body Mist Coral 100Ml,Renee,Fragrance,Body Mist,Top 25,Active,399,21,22,,4,1801,BGR West,5,5,,55,2,70.1,,
2025-12,OL1064,DAB-EXPRESS SURAT 20,Dabur,MBO,Surat,Gujarat,West,SKU41647,Hair Oil Hazelnut 100Ml,Renee,Haircare,Hair Oil,Others,Active,799,7,11,,2,1803,BGR West,6,6,,35,2,70.1,,
2025-12,OL1065,DAB-PHOENIX SURAT 21,Dabur,MBO,Surat,Gujarat,West,SKU40108,Matte Lip Color Peach 4.2Ml,Renee,Makeup,Lipstick,Top 10,Active,650,42,0,,6,4164,BGR West,8,7,,50,3,66.3,,
2025-12,OL1065,DAB-PHOENIX SURAT 21,Dabur,MBO,Surat,Gujarat,West,SKU40281,Midnight Eyeliner Berry 2.5Ml,Renee,Makeup,Eyeliner,Others,Active,299,15,16,,4,1277,BGR West,6,5,,50,3,66.3,,
2025-12,OL1065,DAB-PHOENIX SURAT 21,Dabur,MBO,Surat,Gujarat,West,SKU40318,Midnight Eyeliner Hazelnut 2.5Ml,Renee,Makeup,Eyeliner,Others,Active,650,11,12,,3,2082,BGR West,6,4,,50,3,66.3,,
2025-12,OL1065,DAB-PHOENIX SURAT 21,Dabur,MBO,Surat,Gujarat,West,SKU40381,Midnight Eyeliner Ocean 2.5Ml,Renee,Makeup,Eyeliner,Top 25,Active,699,24,24,,4,2985,BGR West,7,4,,50,3,66.3,,
2025-12,OL1065,DAB-PHOENIX SURAT 21,Dabur,MBO,Surat,Gujarat,West,SKU40425,Kajal Vanilla 0.35Gm,Renee,Makeup,Eyeliner,Top 25,Active,299,23,27,,6,1916,BGR West,10,10,,50,3,66.3,,
2025-12,OL1065,DAB-PHOENIX SURAT 21,Dabur,MBO,Surat,Gujarat,West,SKU40490,Kajal Midnight 0.35Gm,Renee,Makeup,Eyeliner,Top 10,Active,599,23,0,,6,3838,BGR West,6,4,,50,3,66.3,,
2025-12,OL1065,DAB-PHOENIX SURAT 21,Dabur,MBO,Surat,Gujarat,West,SKU40544,Bb Cream Peach 30Ml,Renee,Makeup,Foundation,Top 10,Active,599,2,2,,12,7675,BGR West,16,12,,50,3,66.3,,
2025-12,OL1065,DAB-PHOENIX SURAT 21,Dabur,MBO,Surat,Gujarat,West,SKU40595,Compact Powder Mocha 9Gm,Renee,Makeup,Foundation,Top 10,Active,449,31,29,,9,4315,BGR West,10,7,,50,3,66.3,,
2025-12,OL1065,DAB-PHOENIX SURAT 21,Dabur,MBO,Surat,Gujarat,West,SKU40722,Compact Powder Berry 9Gm,Renee,Makeup,Foundation,Top 10,Active,799,16,19,,8,6825,BGR West,11,11,,50,3,66.3,,
2025-12,OL1065,DAB-PHOENIX SURAT 21,Dabur,MBO,Surat,Gujarat,West,SKU40763,Blending Brush R6,Renee,Makeup,Brushes,Others,Active,349,10,11,,2,745,BGR West,4,3,,50,3,66.3,,
2025-12,OL1065,DAB-PHOENIX SURAT 21,Dabur,MBO,Surat,Gujarat,West,SKU40812,Blending Brush R1,Renee,Makeup,Brushes,Top 10,Active,599,27,26,,9,5756,BGR West,11,8,,50,3,66.3,2025-09,
2025-12,OL1065,DAB-PHOENIX SURAT 21,Dabur,MBO,Surat,Gujarat,West,SKU40836,Blending Brush R4,Renee,Makeup,Brushes,Top 10,Active,1199,0,9,,12,15363,BGR West,23,21,,50,3,66.3,,
2025-12,OL1065,DAB-PHOENIX SURAT 21,Dabur,MBO,Surat,Gujarat,West,SKU40850,Powder Brush R8,Renee,Makeup,Brushes,Top 25,Active,650,16,18,,4,2776,BGR West,6,6,,50,3,66.3,,
2025-12,OL1065,DAB-PHOENIX SURAT 21,Dabur,MBO,Surat,Gujarat,West,SKU40928,Powder Brush R4,Renee,Makeup,Brushes,Top 25,Active,650,8,0,,0,0,BGR West,2,2,,50,3,66.3,,
2025-12,OL1065,DAB-PHOENIX SURAT 21,Dabur,MBO,Surat,Gujarat,West,SKU40951,Sunscreen Gel Spf 50 70Ml,Renee,Skincare,Sunscreen,Top 25,Active,999,9,11,,3,3200,BGR West,5,5,,45,3,66.3,,
2025-12,OL1065,DAB-PHOENIX SURAT 21,Dabur,MBO,Surat,Gujarat,West,SKU40979,Sunscreen Gel Spf 50 50Ml,Renee,Skincare,Sunscreen,Top 25,Active,799,5,9,,4,3413,BGR West,8,8,,45,3,66.3,,
2025-12,OL1065,DAB-PHOENIX SURAT 21,Dabur,MBO,Surat,Gujarat,West,SKU41129,Face Wash Vanilla 40Ml,Renee,Skincare,Cleanser,Others,Active,299,17,19,,2,639,BGR West,5,4,,45,3,66.3,,
2025-12,OL1065,DAB-PHOENIX SURAT 21,Dabur,MBO,Surat,Gujarat,West,SKU41476,Body Mist Mocha 100Ml,Renee,Fragrance,Body Mist,Top 10,Active,799,19,16,,12,10238,BGR West,14,9,,55,3,66.3,,
2025-12,OL1065,DAB-PHOENIX SURAT 21,Dabur,MBO,Surat,Gujarat,West,SKU41536,Body Mist Nude 100Ml,Renee,Fragrance,Body Mist,Top 25,Active,349,22,28,,8,2981,BGR West,14,14,,55,3,66.3,,
2025-12,OL1065,DAB-PHOENIX SURAT 21,Dabur,MBO,Surat,Gujarat,West,SKU41608,Hair Oil Berry 100Ml,Renee,Haircare,Hair Oil,Others,Active,449,9,10,,1,479,BGR West,2,2,,35,3,66.3,,
2025-12,OL1065,DAB-PHOENIX SURAT 21,Dabur,MBO,Surat,Gujarat,West,SKU41647,Hair Oil Hazelnut 100Ml,Renee,Haircare,Hair Oil,Others,Active,799,15,16,,1,853,BGR West,3,2,,35,3,66.3,,
2025-12,OL1066,DAB-GALLERIA MUMBAI 22,Dabur,MBO,Mumbai,Maharashtra,West,SKU40078,Matte Lip Color Rose 4.2Ml,Renee,Makeup,Lipstick,Top 25,Active,650,34,37,,2,1462,BGR West,5,5,,50,2,72.5,,
2025-12,OL1066,DAB-GALLERIA MUMBAI 22,Dabur,MBO,Mumbai,Maharashtra,West,SKU40108,Matte Lip Color Peach 4.2Ml,Renee,Makeup,Lipstick,Top 10,Active,650,16,15,,3,2193,BGR West,3,2,,50,2,72.5,,
2025-12,OL1066,DAB-GALLERIA MUMBAI 22,Dabur,MBO,Mumbai,Maharashtra,West,SKU40202,Liquid Lipstick Mocha 5Ml,Renee,Makeup,Lipstick,Top 25,Active,799,4,3,,3,2695,BGR West,3,2,,50,2,72.5,2025-11,
2025-12,OL1066,DAB-GALLERIA MUMBAI 22,Dabur,MBO,Mumbai,Maharashtra,West,SKU40381,Midnight Eyeliner Ocean 2.5Ml,Renee,Makeup,Eyeliner,Top 25,Active,699,9,12,,3,2358,BGR West,6,6,,50,2,72.5,,
2025-12,OL1066,DAB-GALLERIA MUMBAI 22,Dabur,MBO,Mumbai,Maharashtra,West,SKU40425,Kajal Vanilla 0.35Gm,Renee,Makeup,Eyeliner,Top 25,Active,299,14,14,,10,3362,BGR West,10,10,,50,2,72.5,,
2025-12,OL1066,DAB-GALLERIA MUMBAI 22,Dabur,MBO,Mumbai,Maharashtra,West,SKU40490,Kajal Midnight 0.35Gm,Renee,Makeup,Eyeliner,Top 10,Active,599,7,8,,8,5389,BGR West,13,9,,50,2,72.5,,
2025-12,OL1066,DAB-GALLERIA MUMBAI 22,Dabur,MBO,Mumbai,Maharashtra,West,SKU40544,Bb Cream Peach 30Ml,Renee,Makeup,Foundation,Top 10,Active,599,16,19,,2,1347,BGR West,5,5,,50,2,72.5,,
2025-12,OL1066,DAB-GALLERIA MUMBAI 22,Dabur,MBO,Mumbai,Maharashtra,West,SKU40588,Bb Cream Coral 30Ml,Renee,Makeup,Foundation,Top 10,Active,349,34,42,,9,3532,BGR West,19,17,,50,2,72.5,,
2025-12,OL1066,DAB-GALLERIA MUMBAI 22,Dabur,MBO,Mumbai,Maharashtra,West,SKU40722,Compact Powder Berry 9Gm,Renee,Makeup,Foundation,Top 10,Active,799,26,27,,4,3594,BGR West,6,5,,50,2,72.5,,
2025-12,OL1066,DAB-GALLERIA MUMBAI 22,Dabur,MBO,Mumbai,Maharashtra,West,SKU40812,Blending Brush R1,Renee,Makeup,Brushes,Top 10,Active,599,18,21,,6,4041,BGR West,10,9,,50,2,72.5,2025-09,
2025-12,OL1066,DAB-GALLERIA MUMBAI 22,Dabur,MBO,Mumbai,Maharashtra,West,SKU40836,Blending Brush R4,Renee,Makeup,Brushes,Top 10,Active,1199,0,9,,11,14831,BGR West,23,20,,50,2,72.5,,
2025-12,OL1066,DAB-GALLERIA MUMBAI 22,Dabur,MBO,Mumbai,Maharashtra,West,SKU40850,Powder Brush R8,Renee,Makeup,Brushes,Top 25,Active,650,0,0,,5,3655,BGR West,6,4,,50,2,72.5,,
2025-12,OL1066,DAB-GALLERIA MUMBAI 22,Dabur,MBO,Mumbai,Maharashtra,West,SKU40928,Powder Brush R4,Renee,Makeup,Brushes,Top 25,Active,650,15,15,,3,2193,BGR West,5,3,,50,2,72.5,,
2025-12,OL1066,DAB-GALLERIA MUMBAI 22,Dabur,MBO,Mumbai,Maharashtra,West,SKU41129,Face Wash Vanilla 40Ml,Renee,Skincare,Cleanser,Others,Active,299,13,14,,2,672,BGR West,4,3,,45,2,72.5,,
2025-12,OL1066,DAB-GALLERIA MUMBAI 22,Dabur,MBO,Mumbai,Maharashtra,West,SKU41382,Perfume Peach 50Ml,Renee,Fragrance,EDP,Top 25,Active,499,7,7,,4,2245,BGR West,6,4,,55,2,72.5,2025-08,
2025-12,OL1066,DAB-GALLERIA MUMBAI 22,Dabur,MBO,Mumbai,Maharashtra,West,SKU41420,Body Mist Coral 100Ml,Renee,Fragrance,Body Mist,Top 25,Active,399,11,11,,4,1795,BGR West,6,4,,55,2,72.5,,
2025-12,OL1066,DAB-GALLERIA MUMBAI 22,Dabur,MBO,Mumbai,Maharashtra,West,SKU41476,Body Mist Mocha 100Ml,Renee,Fragrance,Body Mist,Top 10,Active,799,58,58,,3,2695,BGR West,5,3,,55,2,72.5,,
2025-12,OL1066,DAB-GALLERIA MUMBAI 22,Dabur,MBO,Mumbai,Maharashtra,West,SKU41536,Body Mist Nude 100Ml,Renee,Fragrance,Body Mist,Top 25,Active,349,17,20,,6,2355,BGR West,10,9,,55,2,72.5,,
2025-12,OL1066,DAB-GALLERIA MUMBAI 22,Dabur,MBO,Mumbai,Maharashtra,West,SKU41608,Hair Oil Berry 100Ml,Renee,Haircare,Hair Oil,Others,Active,449,1,2,,2,1010,BGR West,3,3,,35,2,72.5,,
2025-12,OL1066,DAB-GALLERIA MUMBAI 22,Dabur,MBO,Mumbai,Maharashtra,West,SKU41647,Hair Oil Hazelnut 100Ml,Renee,Haircare,Hair Oil,Others,Active,799,2,2,,3,2695,BGR West,4,3,,35,2,72.5,,
2025-12,OL1067,LS-NEXUS JAIPUR 1,Lifestyle,Department Store,Jaipur,Rajasthan,North,SKU40108,Matte Lip Color Peach 4.2Ml,Renee,Makeup,Lipstick,Top 10,Active,650,33,35,,4,2926,BGR North,6,6,,50,4,82.2,,
2025-12,OL1067,LS-NEXUS JAIPUR 1,Lifestyle,Department Store,Jaipur,Rajasthan,North,SKU40127,Matte Lip Color Coral 4.2Ml,Renee,Makeup,Lipstick,Top 25,Active,499,31,33,,4,2246,BGR North,9,6,,50,4,82.2,,
2025-12,OL1067,LS-NEXUS JAIPUR 1,Lifestyle,Department Store,Jaipur,Rajasthan,North,SKU40202,Liquid Lipstick Mocha 5Ml,Renee,Makeup,Lipstick,Top 25,Active,799,5,7,,2,1798,BGR North,4,4,,50,4,82.2,2025-11,
2025-12,OL1067,LS-NEXUS JAIPUR 1,Lifestyle,Department Store,Jaipur,Rajasthan,North,SKU40281,Midnight Eyeliner Berry 2.5Ml,Renee,Makeup,Eyeliner,Others,Active,299,4,7,,3,1009,BGR North,6,6,,50,4,82.2,,
2025-12,OL1067,LS-NEXUS JAIPUR 1,Lifestyle,Department Store,Jaipur,Rajasthan,North,SKU40318,Midnight Eyeliner Hazelnut 2.5Ml,Renee,Makeup,Eyeliner,Others,Active,650,19,21,,2,1463,BGR North,4,4,,50,4,82.2,,
2025-12,OL1067,LS-NEXUS JAIPUR 1,Lifestyle,Department Store,Jaipur,Rajasthan,North,SKU40381,Midnight Eyeliner Ocean 2.5Ml,Renee,Makeup,Eyeliner,Top 25,Active,699,16,17,,4,3147,BGR North,7,5,,50,4,82.2,,
2025-12,OL1067,LS-NEXUS JAIPUR 1,Lifestyle,Department Store,Jaipur,Rajasthan,North,SKU40490,Kajal Midnight 0.35Gm,Renee,Makeup,Eyeliner,Top 10,Active,599,1,3,,6,4045,BGR North,8,8,,50,4,82.2,,
2025-12,OL1067,LS-NEXUS JAIPUR 1,Lifestyle,Department Store,Jaipur,Rajasthan,North,SKU40544,Bb Cream Peach 30Ml,Renee,Makeup,Foundation,Top 10,Active,599,13,20,,9,6067,BGR North,16,16,,50,4,82.2,,
2025-12,OL1067,LS-NEXUS JAIPUR 1,Lifestyle,Department Store,Jaipur,Rajasthan,North,SKU40595,Compact Powder Mocha 9Gm,Renee,Makeup,Foundation,Top 10,Active,449,39,38,,8,4042,BGR North,8,7,,50,4,82.2,,
2025-12,OL1067,LS-NEXUS JAIPUR 1,Lifestyle,Department Store,Jaipur,Rajasthan,North,SKU40662,Compact Powder Nude 9Gm,Renee,Makeup,Foundation,Top 25,Active,1199,4,11,,2,2699,BGR North,5,4,,50,4,82.2,,
2025-12,OL1067,LS-NEXUS JAIPUR 1,Lifestyle,Department Store,Jaipur,Rajasthan,North,SKU40722,Compact Powder Berry 9Gm,Renee,Makeup,Foundation,Top 10,Active,799,7,8,,3,2698,BGR North,5,4,,50,4,82.2,,
2025-12,OL1067,LS-NEXUS JAIPUR 1,Lifestyle,Department Store,Jaipur,Rajasthan,North,SKU40763,Blending Brush R6,Renee,Makeup,Brushes,Others,Active,349,26,0,,3,1178,BGR North,6,5,,50,4,82.2,,
2025-12,OL1067,LS-NEXUS JAIPUR 1,Lifestyle,Department Store,Jaipur,Rajasthan,North,SKU40836,Blending Brush R4,Renee,Makeup,Brushes,Top 10,Active,1199,12,13,,5,6747,BGR North,8,6,,50,4,82.2,,
2025-12,OL1067,LS-NEXUS JAIPUR 1,Lifestyle,Department Store,Jaipur,Rajasthan,North,SKU40850,Powder Brush R8,Renee,Makeup,Brushes,Top 25,Active,650,23,28,,7,5120,BGR North,14,12,,50,4,82.2,,
2025-12,OL1067,LS-NEXUS JAIPUR 1,Lifestyle,Department Store,Jaipur,Rajasthan,North,SKU40972,Sunscreen Gel Spf 50 70Ml,Renee,Skincare,Sunscreen,Top 25,Active,599,8,9,,4,2696,BGR North,7,5,,45,4,82.2,,
2025-12,OL1067,LS-NEXUS JAIPUR 1,Lifestyle,Department Store,Jaipur,Rajasthan,North,SKU40979,Sunscreen Gel Spf 50 50Ml,Renee,Skincare,Sunscreen,Top 25,Active,799,0,2,,2,1798,BGR North,6,4,,45,4,82.2,,
2025-12,OL1067,LS-NEXUS JAIPUR 1,Lifestyle,Department Store,Jaipur,Rajasthan,North,SKU41032,Face Wash Hazelnut 60Ml,Renee,Skincare,Cleanser,Others,Active,499,0,0,,3,1685,BGR North,2,1,,45,4,82.2,,
2025-12,OL1067,LS-NEXUS JAIPUR 1,Lifestyle,Department Store,Jaipur,Rajasthan,North,SKU41129,Face Wash Vanilla 40Ml,Renee,Skincare,Cleanser,Others,Active,299,7,7,,1,336,BGR North,1,1,,45,4,82.2,,
2025-12,OL1067,LS-NEXUS JAIPUR 1,Lifestyle,Department Store,Jaipur,Rajasthan,North,SKU41382,Perfume Peach 50Ml,Renee,Fragrance,EDP,Top 25,Active,499,6,4,,4,2246,BGR North,3,2,,55,4,82.2,2025-08,
2025-12,OL1067,LS-NEXUS JAIPUR 1,Lifestyle,Department Store,Jaipur,Rajasthan,North,SKU41476,Body Mist Mocha 100Ml,Renee,Fragrance,Body Mist,Top 10,Active,799,13,19,,8,7193,BGR North,14,14,,55,4,82.2,,
2025-12,OL1068,LS-CITY CENTRE BANGALORE 2,Lifestyle,Department Store,Bangalore,Karnataka,South,SKU40078,Matte Lip Color Rose 4.2Ml,Renee,Makeup,Lipstick,Top 25,Active,650,14,42,,5,3317,BGR South,10,9,,50,2,67.2,,
2025-12,OL1068,LS-CITY CENTRE BANGALORE 2,Lifestyle,Department Store,Bangalore,Karnataka,South,SKU40108,Matte Lip Color Peach 4.2Ml,Renee,Makeup,Lipstick,Top 10,Active,650,8,7,,9,5971,BGR South,10,8,,50,2,67.2,,
2025-12,OL1068,LS-CITY CENTRE BANGALORE 2,Lifestyle,Department Store,Bangalore,Karnataka,South,SKU40127,Matte Lip Color Coral 4.2Ml,Renee,Makeup,Lipstick,Top 25,Active,499,44,44,,4,2037,BGR South,5,4,,50,2,67.2,,
2025-12,OL1068,LS-CITY CENTRE BANGALORE 2,Lifestyle,Department Store,Bangalore,Karnataka,South,SKU40202,Liquid Lipstick Mocha 5Ml,Renee,Makeup,Lipstick,Top 25,Active,799,0,0,,0,0,BGR South,1,0,,50,2,67.2,2025-11,
2025-12,OL1068,LS-CITY CENTRE BANGALORE 2,Lifestyle,Department Store,Bangalore,Karnataka,South,SKU40281,Midnight Eyeliner Berry 2.5Ml,Renee,Makeup,Eyeliner,Others,Active,299,4,6,,8,2441,BGR South,15,10,,50,2,67.2,,
2025-12,OL1068,LS-CITY CENTRE BANGALORE 2,Lifestyle,Department Store,Bangalore,Karnataka,South,SKU40318,Midnight Eyeliner Hazelnut 2.5Ml,Renee,Makeup,Eyeliner,Others,Active,650,0,0,,2,1327,BGR South,1,1,,50,2,67.2,,
2025-12,OL1068,LS-CITY CENTRE BANGALORE 2,Lifestyle,Department Store,Bangalore,Karnataka,South,SKU40381,Midnight Eyeliner Ocean 2.5Ml,Renee,Makeup,Eyeliner,Top 25,Active,699,4,11,,6,4280,BGR South,13,13,,50,2,67.2,,
2025-12,OL1068,LS-CITY CENTRE BANGALORE 2,Lifestyle,Department Store,Bangalore,Karnataka,South,SKU40490,Kajal Midnight 0.35Gm,Renee,Makeup,Eyeliner,Top 10,Active,599,5,7,,8,4891,BGR South,12,10,,50,2,67.2,,
2025-12,OL1068,LS-CITY CENTRE BANGALORE 2,Lifestyle,Department Store,Bangalore,Karnataka,South,SKU40544,Bb Cream Peach 30Ml,Renee,Makeup,Foundation,Top 10,Active,599,19,18,,7,4279,BGR South,7,6,,50,2,67.2,,
2025-12,OL1068,LS-CITY CENTRE BANGALORE 2,Lifestyle,Department Store,Bangalore,Karnataka,South,SKU40588,Bb Cream Coral 30Ml,Renee,Makeup,Foundation,Top 10,Active,349,15,24,,11,3918,BGR South,22,20,,50,2,67.2,,
2025-12,OL1068,LS-CITY CENTRE BANGALORE 2,Lifestyle,Department Store,Bangalore,Karnataka,South,SKU40595,Compact Powder Mocha 9Gm,Renee,Makeup,Foundation,Top 10,Active,449,33,105,,16,7332,BGR South,16,14,,50,2,67.2,,
2025-12,OL1068,LS-CITY CENTRE BANGALORE 2,Lifestyle,Department Store,Bangalore,Karnataka,South,SKU40722,Compact Powder Berry 9Gm,Renee,Makeup,Foundation,Top 10,Active,799,1,32,,4,3262,BGR South,10,9,,50,2,67.2,,
2025-12,OL1068,LS-CITY CENTRE BANGALORE 2,Lifestyle,Department Store,Bangalore,Karnataka,South,SKU40763,Blending Brush R6,Renee,Makeup,Brushes,Others,Active,349,3,4,,2,712,BGR South,3,3,,50,2,67.2,,
2025-12,OL1068,LS-CITY CENTRE BANGALORE 2,Lifestyle,Department Store,Bangalore,Karnataka,South,SKU40812,Blending Brush R1,Renee,Makeup,Brushes,Top 10,Active,599,17,18,,8,4891,BGR South,12,9,,50,2,67.2,2025-09,
2025-12,OL1068,LS-CITY CENTRE BANGALORE 2,Lifestyle,Department Store,Bangalore,Karnataka,South,SKU40850,Powder Brush R8,Renee,Makeup,Brushes,Top 25,Active,650,8,9,,3,1990,BGR South,4,4,,50,2,67.2,,
2025-12,OL1068,LS-CITY CENTRE BANGALORE 2,Lifestyle,Department Store,Bangalore,Karnataka,South,SKU40928,Powder Brush R4,Renee,Makeup,Brushes,Top 25,Active,650,8,7,,3,1990,BGR South,4,2,,50,2,67.2,,
2025-12,OL1068,LS-CITY CENTRE BANGALORE 2,Lifestyle,Department Store,Bangalore,Karnataka,South,SKU41032,Face Wash Hazelnut 60Ml,Renee,Skincare,Cleanser,Others,Active,499,9,9,,3,1528,BGR South,5,3,,45,2,67.2,,
2025-12,OL1068,LS-CITY CENTRE BANGALORE 2,Lifestyle,Department Store,Bangalore,Karnataka,South,SKU41129,Face Wash Vanilla 40Ml,Renee,Skincare,Cleanser,Others,Active,299,7,9,,2,610,BGR South,4,4,,45,2,67.2,,
2025-12,OL1068,LS-CITY CENTRE BANGALORE 2,Lifestyle,Department Store,Bangalore,Karnataka,South,SKU41215,Perfume Midnight 50Ml,Renee,Fragrance,EDP,Others,Active,399,13,14,,1,407,BGR South,3,2,,55,2,67.2,,
2025-12,OL1068,LS-CITY CENTRE BANGALORE 2,Lifestyle,Department Store,Bangalore,Karnataka,South,SKU41382,Perfume Peach 50Ml,Renee,Fragrance,EDP,Top 25,Active,499,14,15,,5,2546,BGR South,8,6,,55,2,67.2,2025-08,
2025-12,OL1068,LS-CITY CENTRE BANGALORE 2,Lifestyle,Department Store,Bangalore,Karnataka,South,SKU41420,Body Mist Coral 100Ml,Renee,Fragrance,Body Mist,Top 25,Active,399,5,4,,5,2036,BGR South,6,4,,55,2,67.2,,
2025-12,OL1068,LS-CITY CENTRE BANGALORE 2,Lifestyle,Department Store,Bangalore,Karnataka,South,SKU41647,Hair Oil Hazelnut 100Ml,Renee,Haircare,Hair Oil,Others,Active,799,2,3,,1,815,BGR South,2,2,,35,2,67.2,,
2025-12,OL1069,LS-FORUM KOLKATA 3,Lifestyle,Department Store,Kolkata,West Bengal,East,SKU40108,Matte Lip Color Peach 4.2Ml,Renee,Makeup,Lipstick,Top 10,Active,650,26,0,,4,2538,BGR East,6,5,,50,3,59.5,,
2025-12,OL1069,LS-FORUM KOLKATA 3,Lifestyle,Department Store,Kolkata,West Bengal,East,SKU40266,Liquid Lipstick Nude 5Ml,Renee,Makeup,Lipstick,Top 10,Active,799,67,65,,8,6239,BGR East,7,6,,50,3,59.5,,
2025-12,OL1069,LS-FORUM KOLKATA 3,Lifestyle,Department Store,Kolkata,West Bengal,East,SKU40281,Midnight Eyeliner Berry 2.5Ml,Renee,Makeup,Eyeliner,Others,Active,299,13,16,,4,1167,BGR East,7,7,,50,3,59.5,,
2025-12,OL1069,LS-FORUM KOLKATA 3,Lifestyle,Department Store,Kolkata,West Bengal,East,SKU40588,Bb Cream Coral 30Ml,Renee,Makeup,Foundation,Top 10,Active,349,27,28,,6,2044,BGR East,8,7,,50,3,59.5,,
2025-12,OL1069,LS-FORUM KOLKATA 3,Lifestyle,Department Store,Kolkata,West Bengal,East,SKU40662,Compact Powder Nude 9Gm,Renee,Makeup,Foundation,Top 25,Active,1199,3,11,,2,2340,BGR East,2,2,,50,3,59.5,,
2025-12,OL1069,LS-FORUM KOLKATA 3,Lifestyle,Department Store,Kolkata,West Bengal,East,SKU40722,Compact Powder Berry 9Gm,Renee,Makeup,Foundation,Top 10,Active,799,24,24,,4,3119,BGR East,7,4,,50,3,59.5,,
2025-12,OL1069,LS-FORUM KOLKATA 3,Lifestyle,Department Store,Kolkata,West Bengal,East,SKU40928,Powder Brush R4,Renee,Makeup,Brushes,Top 25,Active,650,10,10,,6,3806,BGR East,7,6,,50,3,59.5,,
2025-12,OL1069,LS-FORUM KOLKATA 3,Lifestyle,Department Store,Kolkata,West Bengal,East,SKU40951,Sunscreen Gel Spf 50 70Ml,Renee,Skincare,Sunscreen,Top 25,Active,999,2,2,,4,3900,BGR East,5,4,,45,3,59.5,,
2025-12,OL1069,LS-FORUM KOLKATA 3,Lifestyle,Department Store,Kolkata,West Bengal,East,SKU40972,Sunscreen Gel Spf 50 70Ml,Renee,Skincare,Sunscreen,Top 25,Active,599,3,6,,4,2339,BGR East,7,7,,45,3,59.5,,
2025-12,OL1069,LS-FORUM KOLKATA 3,Lifestyle,Department Store,Kolkata,West Bengal,East,SKU41024,Vitamin C Serum 30Ml,Renee,Skincare,Serum,Others,Active,449,8,10,,2,876,BGR East,5,4,,45,3,59.5,,
2025-12,OL1069,LS-FORUM KOLKATA 3,Lifestyle,Department Store,Kolkata,West Bengal,East,SKU41032,Face Wash Hazelnut 60Ml,Renee,Skincare,Cleanser,Others,Active,499,0,0,,4,1948,BGR East,4,3,,45,3,59.5,,
2025-12,OL1069,LS-FORUM KOLKATA 3,Lifestyle,Department Store,Kolkata,West Bengal,East,SKU41048,Face Wash Ocean 20Ml,Renee,Skincare,Cleanser,Others,Active,349,19,18,,3,1022,BGR East,3,2,,45,3,59.5,,
2025-12,OL1069,LS-FORUM KOLKATA 3,Lifestyle,Department Store,Kolkata,West Bengal,East,SKU41215,Perfume Midnight 50Ml,Renee,Fragrance,EDP,Others,Active,399,0,4,,2,779,BGR East,6,6,,55,3,59.5,,
2025-12,OL1069,LS-FORUM KOLKATA 3,Lifestyle,Department Store,Kolkata,West Bengal,East,SKU41382,Perfume Peach 50Ml,Renee,Fragrance,EDP,Top 25,Active,499,6,0,,2,974,BGR East,4,3,,55,3,59.5,2025-08,
2025-12,OL1069,LS-FORUM KOLKATA 3,Lifestyle,Department Store,Kolkata,West Bengal,East,SKU41420,Body Mist Coral 100Ml,Renee,Fragrance,Body Mist,Top 25,Active,399,1,3,,4,1558,BGR East,7,6,,55,3,59.5,,
2025-12,OL1069,LS-FORUM KOLKATA 3,Lifestyle,Department Store,Kolkata,West Bengal,East,SKU41476,Body Mist Mocha 100Ml,Renee,Fragrance,Body Mist,Top 10,Active,799,17,20,,8,6239,BGR East,11,11,,55,3,59.5,,
2025-12,OL1069,LS-FORUM KOLKATA 3,Lifestyle,Department Store,Kolkata,West Bengal,East,SKU41536,Body Mist Nude 100Ml,Renee,Fragrance,Body Mist,Top 25,Active,349,11,16,,3,1022,BGR East,8,8,,55,3,59.5,,
2025-12,OL1070,LS-INORBIT AHMEDABAD 4,Lifestyle,Department Store,Ahmedabad,Gujarat,West,SKU40108,Matte Lip Color Peach 4.2Ml,Renee,Makeup,Lipstick,Top 10,Active,650,7,11,,8,6053,BGR West,14,12,,50,3,48.9,,
2025-12,OL1070,LS-INORBIT AHMEDABAD 4,Lifestyle,Department Store,Ahmedabad,Gujarat,West,SKU40202,Liquid Lipstick Mocha 5Ml,Renee,Makeup,Lipstick,Top 25,Active,799,2,5,,2,1860,BGR West,5,5,,50,3,48.9,2025-11,
2025-12,OL1070,LS-INORBIT AHMEDABAD 4,Lifestyle,Department Store,Ahmedabad,Gujarat,West,SKU40266,Liquid Lipstick Nude 5Ml,Renee,Makeup,Lipstick,Top 10,Active,799,30,25,,14,13022,BGR West,14,9,,50,3,48.9,,
2025-12,OL1070,LS-INORBIT AHMEDABAD 4,Lifestyle,Department Store,Ahmedabad,Gujarat,West,SKU40318,Midnight Eyeliner Hazelnut 2.5Ml,Renee,Makeup,Eyeliner,Others,Active,650,6,7,,4,3027,BGR West,5,5,,50,3,48.9,,
2025-12,OL1070,LS-INORBIT AHMEDABAD 4,Lifestyle,Department Store,Ahmedabad,Gujarat,West,SKU40381,Midnight Eyeliner Ocean 2.5Ml,Renee,Makeup,Eyeliner,Top 25,Active,699,15,23,,9,7323,BGR West,17,17,,50,3,48.9,,
2025-12,OL1070,LS-INORBIT AHMEDABAD 4,Lifestyle,Department Store,Ahmedabad,Gujarat,West,SKU40425,Kajal Vanilla 0.35Gm,Renee,Makeup,Eyeliner,Top 25,Active,299,29,33,,16,5569,BGR West,25,20,,50,3,48.9,,
2025-12,OL1070,LS-INORBIT AHMEDABAD 4,Lifestyle,Department Store,Ahmedabad,Gujarat,West,SKU40544,Bb Cream Peach 30Ml,Renee,Makeup,Foundation,Top 10,Active,599,35,37,,10,6973,BGR West,15,12,,50,3,48.9,,
2025-12,OL1070,LS-INORBIT AHMEDABAD 4,Lifestyle,Department Store,Ahmedabad,Gujarat,West,SKU40595,Compact Powder Mocha 9Gm,Renee,Makeup,Foundation,Top 10,Active,449,0,0,,9,4704,BGR West,11,9,,50,3,48.9,,
2025-12,OL1070,LS-INORBIT AHMEDABAD 4,Lifestyle,Department Store,Ahmedabad,Gujarat,West,SKU40763,Blending Brush R6,Renee,Makeup,Brushes,Others,Active,349,17,0,,2,813,BGR West,1,1,,50,3,48.9,,
2025-12,OL1070,LS-INORBIT AHMEDABAD 4,Lifestyle,Department Store,Ahmedabad,Gujarat,West,SKU40812,Blending Brush R1,Renee,Makeup,Brushes,Top 10,Active,599,17,25,,11,7670,BGR West,20,19,,50,3,48.9,2025-09,
2025-12,OL1070,LS-INORBIT AHMEDABAD 4,Lifestyle,Department Store,Ahmedabad,Gujarat,West,SKU40836,Blending Brush R4,Renee,Makeup,Brushes,Top 10,Active,1199,1,0,,9,12562,BGR West,10,8,,50,3,48.9,,
2025-12,OL1070,LS-INORBIT AHMEDABAD 4,Lifestyle,Department Store,Ahmedabad,Gujarat,West,SKU40850,Powder Brush R8,Renee,Makeup,Brushes,Top 25,Active,650,0,0,,14,10593,BGR West,12,8,,50,3,48.9,,
2025-12,OL1070,LS-INORBIT AHMEDABAD 4,Lifestyle,Department Store,Ahmedabad,Gujarat,West,SKU40928,Powder Brush R4,Renee,Makeup,Brushes,Top 25,Active,650,5,13,,8,6053,BGR West,16,16,,50,3,48.9,,
2025-12,OL1070,LS-INORBIT AHMEDABAD 4,Lifestyle,Department Store,Ahmedabad,Gujarat,West,SKU40972,Sunscreen Gel Spf 50 70Ml,Renee,Skincare,Sunscreen,Top 25,Active,599,0,2,,6,4184,BGR West,8,8,,45,3,48.9,,
2025-12,OL1070,LS-INORBIT AHMEDABAD 4,Lifestyle,Department Store,Ahmedabad,Gujarat,West,SKU40979,Sunscreen Gel Spf 50 50Ml,Renee,Skincare,Sunscreen,Top 25,Active,799,0,2,,2,1860,BGR West,5,4,,45,3,48.9,,
2025-12,OL1070,LS-INORBIT AHMEDABAD 4,Lifestyle,Department Store,Ahmedabad,Gujarat,West,SKU41024,Vitamin C Serum 30Ml,Renee,Skincare,Serum,Others,Active,449,18,20,,3,1568,BGR West,5,5,,45,3,48.9,,
2025-12,OL1070,LS-INORBIT AHMEDABAD 4,Lifestyle,Department Store,Ahmedabad,Gujarat,West,SKU41032,Face Wash Hazelnut 60Ml,Renee,Skincare,Cleanser,Others,Active,499,14,16,,3,1743,BGR West,7,5,,45,3,48.9,,
2025-12,OL1070,LS-INORBIT AHMEDABAD 4,Lifestyle,Department Store,Ahmedabad,Gujarat,West,SKU41048,Face Wash Ocean 20Ml,Renee,Skincare,Cleanser,Others,Active,349,18,48,,6,2438,BGR West,6,6,,45,3,48.9,,
2025-12,OL1070,LS-INORBIT AHMEDABAD 4,Lifestyle,Department Store,Ahmedabad,Gujarat,West,SKU41295,Perfume Rose 50Ml,Renee,Fragrance,EDP,Top 25,Active,599,4,4,,4,2789,BGR West,7,4,,55,3,48.9,,
2025-12,OL1070,LS-INORBIT AHMEDABAD 4,Lifestyle,Department Store,Ahmedabad,Gujarat,West,SKU41382,Perfume Peach 50Ml,Renee,Fragrance,EDP,Top 25,Active,499,4,3,,4,2324,BGR West,4,3,,55,3,48.9,2025-08,
2025-12,OL1070,LS-INORBIT AHMEDABAD 4,Lifestyle,Department Store,Ahmedabad,Gujarat,West,SKU41420,Body Mist Coral 100Ml,Renee,Fragrance,Body Mist,Top 25,Active,399,5,7,,6,2787,BGR West,8,8,,55,3,48.9,,
2025-12,OL1070,LS-INORBIT AHMEDABAD 4,Lifestyle,Department Store,Ahmedabad,Gujarat,West,SKU41536,Body Mist Nude 100Ml,Renee,Fragrance,Body Mist,Top 25,Active,349,0,0,,6,2438,BGR West,9,7,,55,3,48.9,,
2025-12,OL1070,LS-INORBIT AHMEDABAD 4,Lifestyle,Department Store,Ahmedabad,Gujarat,West,SKU41608,Hair Oil Berry 100Ml,Renee,Haircare,Hair Oil,Others,Active,449,12,0,,2,1045,BGR West,4,4,,35,3,48.9,,
2025-12,OL1070,LS-INORBIT AHMEDABAD 4,Lifestyle,Department Store,Ahmedabad,Gujarat,West,SKU41647,Hair Oil Hazelnut 100Ml,Renee,Haircare,Hair Oil,Others,Active,799,5,0,,2,1860,BGR West,4,3,,35,3,48.9,,
2025-12,OL1071,LS-NEXUS KOCHI 5,Lifestyle,Department Store,Kochi,Kerala,South,SKU40127,Matte Lip Color Coral 4.2Ml,Renee,Makeup,Lipstick,Top 25,Active,499,6,13,,8,4433,BGR South,15,15,,50,1,60.5,,
2025-12,OL1071,LS-NEXUS KOCHI 5,Lifestyle,Department Store,Kochi,Kerala,South,SKU40202,Liquid Lipstick Mocha 5Ml,Renee,Makeup,Lipstick,Top 25,Active,799,1,0,,1,887,BGR South,1,0,,50,1,60.5,2025-11,
2025-12,OL1071,LS-NEXUS KOCHI 5,Lifestyle,Department Store,Kochi,Kerala,South,SKU40266,Liquid Lipstick Nude 5Ml,Renee,Makeup,Lipstick,Top 10,Active,799,31,32,,8,7098,BGR South,12,9,,50,1,60.5,,
2025-12,OL1071,LS-NEXUS KOCHI 5,Lifestyle,Department Store,Kochi,Kerala,South,SKU40281,Midnight Eyeliner Berry 2.5Ml,Renee,Makeup,Eyeliner,Others,Active,299,9,0,,6,1992,BGR South,12,10,,50,1,60.5,,
2025-12,OL1071,LS-NEXUS KOCHI 5,Lifestyle,Department Store,Kochi,Kerala,South,SKU40490,Kajal Midnight 0.35Gm,Renee,Makeup,Eyeliner,Top 10,Active,599,40,0,,8,5321,BGR South,16,16,,50,1,60.5,,
2025-12,OL1071,LS-NEXUS KOCHI 5,Lifestyle,Department Store,Kochi,Kerala,South,SKU40544,Bb Cream Peach 30Ml,Renee,Makeup,Foundation,Top 10,Active,599,22,24,,8,5321,BGR South,12,10,,50,1,60.5,,
2025-12,OL1071,LS-NEXUS KOCHI 5,Lifestyle,Department Store,Kochi,Kerala,South,SKU40588,Bb Cream Coral 30Ml,Renee,Makeup,Foundation,Top 10,Active,349,7,50,,8,3100,BGR South,13,13,,50,1,60.5,,
2025-12,OL1071,LS-NEXUS KOCHI 5,Lifestyle,Department Store,Kochi,Kerala,South,SKU40595,Compact Powder Mocha 9Gm,Renee,Makeup,Foundation,Top 10,Active,449,31,35,,8,3989,BGR South,12,12,,50,1,60.5,,
2025-12,OL1071,LS-NEXUS KOCHI 5,Lifestyle,Department Store,Kochi,Kerala,South,SKU40763,Blending Brush R6,Renee,Makeup,Brushes,Others,Active,349,5,16,,3,1163,BGR South,4,3,,50,1,60.5,,
2025-12,OL1071,LS-NEXUS KOCHI 5,Lifestyle,Department Store,Kochi,Kerala,South,SKU40972,Sunscreen Gel Spf 50 70Ml,Renee,Skincare,Sunscreen,Top 25,Active,599,10,10,,4,2661,BGR South,5,4,,45,1,60.5,,
2025-12,OL1071,LS-NEXUS KOCHI 5,Lifestyle,Department Store,Kochi,Kerala,South,SKU40979,Sunscreen Gel Spf 50 50Ml,Renee,Skincare,Sunscreen,Top 25,Active,799,11,13,,4,3549,BGR South,7,6,,45,1,60.5,,
2025-12,OL1071,LS-NEXUS KOCHI 5,Lifestyle,Department Store,Kochi,Kerala,South,SKU41024,Vitamin C Serum 30Ml,Renee,Skincare,Serum,Others,Active,449,12,14,,2,997,BGR South,5,4,,45,1,60.5,,
2025-12,OL1071,LS-NEXUS KOCHI 5,Lifestyle,Department Store,Kochi,Kerala,South,SKU41032,Face Wash Hazelnut 60Ml,Renee,Skincare,Cleanser,Others,Active,499,24,25,,2,1108,BGR South,4,3,,45,1,60.5,,
2025-12,OL1071,LS-NEXUS KOCHI 5,Lifestyle,Department Store,Kochi,Kerala,South,SKU41048,Face Wash Ocean 20Ml,Renee,Skincare,Cleanser,Others,Active,349,3,3,,3,1163,BGR South,4,3,,45,1,60.5,,
2025-12,OL1071,LS-NEXUS KOCHI 5,Lifestyle,Department Store,Kochi,Kerala,South,SKU41129,Face Wash Vanilla 40Ml,Renee,Skincare,Cleanser,Others,Active,299,7,7,,2,664,BGR South,4,2,,45,1,60.5,,
2025-12,OL1071,LS-NEXUS KOCHI 5,Lifestyle,Department Store,Kochi,Kerala,South,SKU41295,Perfume Rose 50Ml,Renee,Fragrance,EDP,Top 25,Active,599,0,5,,6,3991,BGR South,11,11,,55,1,60.5,,
2025-12,OL1071,LS-NEXUS KOCHI 5,Lifestyle,Department Store,Kochi,Kerala,South,SKU41420,Body Mist Coral 100Ml,Renee,Fragrance,Body Mist,Top 25,Active,399,1,6,,4,1772,BGR South,9,9,,55,1,60.5,,
2025-12,OL1071,LS-NEXUS KOCHI 5,Lifestyle,Department Store,Kochi,Kerala,South,SKU41476,Body Mist Mocha 100Ml,Renee,Fragrance,Body Mist,Top 10,Active,799,32,35,,8,7098,BGR South,14,11,,55,1,60.5,,
2025-12,OL1071,LS-NEXUS KOCHI 5,Lifestyle,Department Store,Kochi,Kerala,South,SKU41536,Body Mist Nude 100Ml,Renee,Fragrance,Body Mist,Top 25,Active,349,23,26,,8,3100,BGR South,11,11,,55,1,60.5,,
2025-12,OL1072,LS-EXPRESS BANGALORE 6,Lifestyle,Department Store,Bangalore,Karnataka,South,SKU40127,Matte Lip Color Coral 4.2Ml,Renee,Makeup,Lipstick,Top 25,Active,499,29,31,,2,1077,BGR South,5,4,,50,3,59.1,,
2025-12,OL1072,LS-EXPRESS BANGALORE 6,Lifestyle,Department Store,Bangalore,Karnataka,South,SKU40266,Liquid Lipstick Nude 5Ml,Renee,Makeup,Lipstick,Top 10,Active,799,0,1,,8,6898,BGR South,9,9,,50,3,59.1,,
2025-12,OL1072,LS-EXPRESS BANGALORE 6,Lifestyle,Department Store,Bangalore,Karnataka,South,SKU40318,Midnight Eyeliner Hazelnut 2.5Ml,Renee,Makeup,Eyeliner,Others,Active,650,8,9,,4,2806,BGR South,5,5,,50,3,59.1,,
2025-12,OL1072,LS-EXPRESS BANGALORE 6,Lifestyle,Department Store,Bangalore,Karnataka,South,SKU40381,Midnight Eyeliner Ocean 2.5Ml,Renee,Makeup,Eyeliner,Top 25,Active,699,25,27,,4,3017,BGR South,6,6,,50,3,59.1,,
2025-12,OL1072,LS-EXPRESS BANGALORE 6,Lifestyle,Department Store,Bangalore,Karnataka,South,SKU40425,Kajal Vanilla 0.35Gm,Renee,Makeup,Eyeliner,Top 25,Active,299,55,55,,0,0,BGR South,0,0,,50,3,59.1,,
2025-12,OL1072,LS-EXPRESS BANGALORE 6,Lifestyle,Department Store,Bangalore,Karnataka,South,SKU40490,Kajal Midnight 0.35Gm,Renee,Makeup,Eyeliner,Top 10,Active,599,6,4,,16,10342,BGR South,18,14,,50,3,59.1,,
2025-12,OL1072,LS-EXPRESS BANGALORE 6,Lifestyle,Department Store,Bangalore,Karnataka,South,SKU40544,Bb Cream Peach 30Ml,Renee,Makeup,Foundation,Top 10,Active,599,16,17,,8,5171,BGR South,9,9,,50,3,59.1,,
2025-12,OL1072,LS-EXPRESS BANGALORE 6,Lifestyle,Department Store,Bangalore,Karnataka,South,SKU40588,Bb Cream Coral 30Ml,Renee,Makeup,Foundation,Top 10,Active,349,26,91,,12,4519,BGR South,18,12,,50,3,59.1,,
2025-12,OL1072,LS-EXPRESS BANGALORE 6,Lifestyle,Department Store,Bangalore,Karnataka,South,SKU40722,Compact Powder Berry 9Gm,Renee,Makeup,Foundation,Top 10,Active,799,24,26,,6,5173,BGR South,9,8,,50,3,59.1,,
2025-12,OL1072,LS-EXPRESS BANGALORE 6,Lifestyle,Department Store,Bangalore,Karnataka,South,SKU40763,Blending Brush R6,Renee,Makeup,Brushes,Others,Active,349,0,23,,4,1506,BGR South,7,5,,50,3,59.1,,
2025-12,OL1072,LS-EXPRESS BANGALORE 6,Lifestyle,Department Store,Bangalore,Karnataka,South,SKU40812,Blending Brush R1,Renee,Makeup,Brushes,Top 10,Active,599,19,22,,12,7757,BGR South,16,15,,50,3,59.1,2025-09,
2025-12,OL1072,LS-EXPRESS BANGALORE 6,Lifestyle,Department Store,Bangalore,Karnataka,South,SKU40850,Powder Brush R8,Renee,Makeup,Brushes,Top 25,Active,650,8,0,,6,4209,BGR South,13,10,,50,3,59.1,,
2025-12,OL1072,LS-EXPRESS BANGALORE 6,Lifestyle,Department Store,Bangalore,Karnataka,South,SKU40928,Powder Brush R4,Renee,Makeup,Brushes,Top 25,Active,650,12,13,,4,2806,BGR South,8,5,,50,3,59.1,,
2025-12,OL1072,LS-EXPRESS BANGALORE 6,Lifestyle,Department Store,Bangalore,Karnataka,South,SKU40951,Sunscreen Gel Spf 50 70Ml,Renee,Skincare,Sunscreen,Top 25,Active,999,1,1,,2,2156,BGR South,3,2,,45,3,59.1,,
2025-12,OL1072,LS-EXPRESS BANGALORE 6,Lifestyle,Department Store,Bangalore,Karnataka,South,SKU40979,Sunscreen Gel Spf 50 50Ml,Renee,Skincare,Sunscreen,Top 25,Active,799,9,9,,4,3449,BGR South,6,4,,45,3,59.1,,
2025-12,OL1072,LS-EXPRESS BANGALORE 6,Lifestyle,Department Store,Bangalore,Karnataka,South,SKU41024,Vitamin C Serum 30Ml,Renee,Skincare,Serum,Others,Active,449,2,5,,4,1938,BGR South,8,7,,45,3,59.1,,
2025-12,OL1072,LS-EXPRESS BANGALORE 6,Lifestyle,Department Store,Bangalore,Karnataka,South,SKU41032,Face Wash Hazelnut 60Ml,Renee,Skincare,Cleanser,Others,Active,499,8,10,,2,1077,BGR South,5,4,,45,3,59.1,,
2025-12,OL1072,LS-EXPRESS BANGALORE 6,Lifestyle,Department Store,Bangalore,Karnataka,South,SKU41048,Face Wash Ocean 20Ml,Renee,Skincare,Cleanser,Others,Active,349,42,48,,6,2260,BGR South,13,12,,45,3,59.1,,
2025-12,OL1072,LS-EXPRESS BANGALORE 6,Lifestyle,Department Store,Bangalore,Karnataka,South,SKU41129,Face Wash Vanilla 40Ml,Renee,Skincare,Cleanser,Others,Active,299,5,4,,3,968,BGR South,2,2,,45,3,59.1,,
2025-12,OL1072,LS-EXPRESS BANGALORE 6,Lifestyle,Department Store,Bangalore,Karnataka,South,SKU41382,Perfume Peach 50Ml,Renee,Fragrance,EDP,Top 25,Active,499,16,17,,3,1615,BGR South,6,4,,55,3,59.1,2025-08,
2025-12,OL1072,LS-EXPRESS BANGALORE 6,Lifestyle,Department Store,Bangalore,Karnataka,South,SKU41420,Body Mist Coral 100Ml,Renee,Fragrance,Body Mist,Top 25,Active,399,0,35,,6,2583,BGR South,12,9,,55,3,59.1,,
2025-12,OL1072,LS-EXPRESS BANGALORE 6,Lifestyle,Department Store,Bangalore,Karnataka,South,SKU41536,Body Mist Nude 100Ml,Renee,Fragrance,Body Mist,Top 25,Active,349,26,24,,12,4519,BGR South,10,10,,55,3,59.1,,
2025-12,OL1072,LS-EXPRESS BANGALORE 6,Lifestyle,Department Store,Bangalore,Karnataka,South,SKU41647,Hair Oil Hazelnut 100Ml,Renee,Haircare,Hair Oil,Others,Active,799,5,5,,0,0,BGR South,1,0,,35,3,59.1,,
2025-12,OL1073,LS-INORBIT JAIPUR 7,Lifestyle,Department Store,Jaipur,Rajasthan,North,SKU40078,Matte Lip Color Rose 4.2Ml,Renee,Makeup,Lipstick,Top 25,Active,650,0,0,,3,2141,BGR North,3,2,,50,4,73.5,,
2025-12,OL1073,LS-INORBIT JAIPUR 7,Lifestyle,Department Store,Jaipur,Rajasthan,North,SKU40202,Liquid Lipstick Mocha 5Ml,Renee,Makeup,Lipstick,Top 25,Active,799,13,24,,3,2632,BGR North,6,6,,50,4,73.5,2025-11,
2025-12,OL1073,LS-INORBIT JAIPUR 7,Lifestyle,Department Store,Jaipur,Rajasthan,North,SKU40266,Liquid Lipstick Nude 5Ml,Renee,Makeup,Lipstick,Top 10,Active,799,52,53,,9,7896,BGR North,15,10,,50,4,73.5,,
2025-12,OL1073,LS-INORBIT JAIPUR 7,Lifestyle,Department Store,Jaipur,Rajasthan,North,SKU40381,Midnight Eyeliner Ocean 2.5Ml,Renee,Makeup,Eyeliner,Top 25,Active,699,5,6,,4,3070,BGR North,7,5,,50,4,73.5,,
2025-12,OL1073,LS-INORBIT JAIPUR 7,Lifestyle,Department Store,Jaipur,Rajasthan,North,SKU40425,Kajal Vanilla 0.35Gm,Renee,Makeup,Eyeliner,Top 25,Active,299,31,35,,8,2626,BGR North,12,12,,50,4,73.5,,
2025-12,OL1073,LS-INORBIT JAIPUR 7,Lifestyle,Department Store,Jaipur,Rajasthan,North,SKU40544,Bb Cream Peach 30Ml,Renee,Makeup,Foundation,Top 10,Active,599,17,0,,6,3946,BGR North,12,12,,50,4,73.5,,
2025-12,OL1073,LS-INORBIT JAIPUR 7,Lifestyle,Department Store,Jaipur,Rajasthan,North,SKU40588,Bb Cream Coral 30Ml,Renee,Makeup,Foundation,Top 10,Active,349,23,24,,9,3449,BGR North,13,10,,50,4,73.5,,
2025-12,OL1073,LS-INORBIT JAIPUR 7,Lifestyle,Department Store,Jaipur,Rajasthan,North,SKU40662,Compact Powder Nude 9Gm,Renee,Makeup,Foundation,Top 25,Active,1199,0,0,,2,2633,BGR North,2,1,,50,4,73.5,,
2025-12,OL1073,LS-INORBIT JAIPUR 7,Lifestyle,Department Store,Jaipur,Rajasthan,North,SKU40722,Compact Powder Berry 9Gm,Renee,Makeup,Foundation,Top 10,Active,799,20,21,,2,1755,BGR North,5,3,,50,4,73.5,,
2025-12,OL1073,LS-INORBIT JAIPUR 7,Lifestyle,Department Store,Jaipur,Rajasthan,North,SKU40979,Sunscreen Gel Spf 50 50Ml,Renee,Skincare,Sunscreen,Top 25,Active,799,5,6,,3,2632,BGR North,5,4,,45,4,73.5,,
2025-12,OL1073,LS-INORBIT JAIPUR 7,Lifestyle,Department Store,Jaipur,Rajasthan,North,SKU41024,Vitamin C Serum 30Ml,Renee,Skincare,Serum,Others,Active,449,12,13,,3,1479,BGR North,5,4,,45,4,73.5,,
2025-12,OL1073,LS-INORBIT JAIPUR 7,Lifestyle,Department Store,Jaipur,Rajasthan,North,SKU41032,Face Wash Hazelnut 60Ml,Renee,Skincare,Cleanser,Others,Active,499,16,16,,1,548,BGR North,1,1,,45,4,73.5,,
2025-12,OL1073,LS-INORBIT JAIPUR 7,Lifestyle,Department Store,Jaipur,Rajasthan,North,SKU41295,Perfume Rose 50Ml,Renee,Fragrance,EDP,Top 25,Active,599,7,10,,4,2631,BGR North,7,7,,55,4,73.5,,
2025-12,OL1073,LS-INORBIT JAIPUR 7,Lifestyle,Department Store,Jaipur,Rajasthan,North,SKU41382,Perfume Peach 50Ml,Renee,Fragrance,EDP,Top 25,Active,499,11,14,,4,2192,BGR North,9,7,,55,4,73.5,2025-08,
2025-12,OL1073,LS-INORBIT JAIPUR 7,Lifestyle,Department Store,Jaipur,Rajasthan,North,SKU41536,Body Mist Nude 100Ml,Renee,Fragrance,Body Mist,Top 25,Active,349,23,23,,6,2299,BGR North,8,6,,55,4,73.5,,
2025-12,OL1073,LS-INORBIT JAIPUR 7,Lifestyle,Department Store,Jaipur,Rajasthan,North,SKU41608,Hair Oil Berry 100Ml,Renee,Haircare,Hair Oil,Others,Active,449,0,1,,1,493,BGR North,4,2,,35,4,73.5,,
2025-12,OL1073,LS-INORBIT JAIPUR 7,Lifestyle,Department Store,Jaipur,Rajasthan,North,SKU41647,Hair Oil Hazelnut 100Ml,Renee,Haircare,Hair Oil,Others,Active,799,12,12,,4,3509,BGR North,5,4,,35,4,73.5,,
2025-12,OL1074,LS-GALLERIA NOIDA 8,Lifestyle,Department Store,Noida,Uttar Pradesh,North,SKU40127,Matte Lip Color Coral 4.2Ml,Renee,Makeup,Lipstick,Top 25,Active,499,9,7,,6,3295,BGR North,6,4,,50,3,56.1,,
2025-12,OL1074,LS-GALLERIA NOIDA 8,Lifestyle,Department Store,Noida,Uttar Pradesh,North,SKU40202,Liquid Lipstick Mocha 5Ml,Renee,Makeup,Lipstick,Top 25,Active,799,5,7,,4,3517,BGR North,6,6,,50,3,56.1,2025-11,
2025-12,OL1074,LS-GALLERIA NOIDA 8,Lifestyle,Department Store,Noida,Uttar Pradesh,North,SKU40266,Liquid Lipstick Nude 5Ml,Renee,Makeup,Lipstick,Top 10,Active,799,0,2,,24,21102,BGR North,26,26,,50,3,56.1,,
2025-12,OL1074,LS-GALLERIA NOIDA 8,Lifestyle,Department Store,Noida,Uttar Pradesh,North,SKU40318,Midnight Eyeliner Hazelnut 2.5Ml,Renee,Makeup,Eyeliner,Others,Active,650,12,15,,4,2861,BGR North,9,7,,50,3,56.1,,
2025-12,OL1074,LS-GALLERIA NOIDA 8,Lifestyle,Department Store,Noida,Uttar Pradesh,North,SKU40425,Kajal Vanilla 0.35Gm,Renee,Makeup,Eyeliner,Top 25,Active,299,4,100,,14,4606,BGR North,13,11,,50,3,56.1,,
2025-12,OL1074,LS-GALLERIA NOIDA 8,Lifestyle,Department Store,Noida,Uttar Pradesh,North,SKU40722,Compact Powder Berry 9Gm,Renee,Makeup,Foundation,Top 10,Active,799,0,3,,8,7034,BGR North,16,11,,50,3,56.1,,
2025-12,OL1074,LS-GALLERIA NOIDA 8,Lifestyle,Department Store,Noida,Uttar Pradesh,North,SKU40836,Blending Brush R4,Renee,Makeup,Brushes,Top 10,Active,1199,8,12,,8,10555,BGR North,14,12,,50,3,56.1,,
2025-12,OL1074,LS-GALLERIA NOIDA 8,Lifestyle,Department Store,Noida,Uttar Pradesh,North,SKU40928,Powder Brush R4,Renee,Makeup,Brushes,Top 25,Active,650,5,6,,5,3576,BGR North,7,6,,50,3,56.1,,
2025-12,OL1074,LS-GALLERIA NOIDA 8,Lifestyle,Department Store,Noida,Uttar Pradesh,North,SKU40972,Sunscreen Gel Spf 50 70Ml,Renee,Skincare,Sunscreen,Top 25,Active,599,21,20,,5,3296,BGR North,6,4,,45,3,56.1,,
2025-12,OL1074,LS-GALLERIA NOIDA 8,Lifestyle,Department Store,Noida,Uttar Pradesh,North,SKU40979,Sunscreen Gel Spf 50 50Ml,Renee,Skincare,Sunscreen,Top 25,Active,799,12,13,,4,3517,BGR North,8,5,,45,3,56.1,,
2025-12,OL1074,LS-GALLERIA NOIDA 8,Lifestyle,Department Store,Noida,Uttar Pradesh,North,SKU41024,Vitamin C Serum 30Ml,Renee,Skincare,Serum,Others,Active,449,15,14,,1,494,BGR North,1,0,,45,3,56.1,,
2025-12,OL1074,LS-GALLERIA NOIDA 8,Lifestyle,Department Store,Noida,Uttar Pradesh,North,SKU41215,Perfume Midnight 50Ml,Renee,Fragrance,EDP,Others,Active,399,0,3,,2,878,BGR North,5,5,,55,3,56.1,,
2025-12,OL1074,LS-GALLERIA NOIDA 8,Lifestyle,Department Store,Noida,Uttar Pradesh,North,SKU41476,Body Mist Mocha 100Ml,Renee,Fragrance,Body Mist,Top 10,Active,799,12,14,,11,9672,BGR North,17,13,,55,3,56.1,,
2025-12,OL1074,LS-GALLERIA NOIDA 8,Lifestyle,Department Store,Noida,Uttar Pradesh,North,SKU41536,Body Mist Nude 100Ml,Renee,Fragrance,Body Mist,Top 25,Active,349,25,27,,12,4609,BGR North,20,14,,55,3,56.1,,
2025-12,OL1075,LS-INORBIT NEW DELHI 9,Lifestyle,Department Store,New Delhi,Delhi,North,SKU40202,Liquid Lipstick Mocha 5Ml,Renee,Makeup,Lipstick,Top 25,Active,799,0,1,,3,2785,BGR North,5,4,,50,4,74.2,2025-11,
2025-12,OL1075,LS-INORBIT NEW DELHI 9,Lifestyle,Department Store,New Delhi,Delhi,North,SKU40281,Midnight Eyeliner Berry 2.5Ml,Renee,Makeup,Eyeliner,Others,Active,299,1,16,,3,1042,BGR North,5,5,,50,4,74.2,,
2025-12,OL1075,LS-INORBIT NEW DELHI 9,Lifestyle,Department Store,New Delhi,Delhi,North,SKU40490,Kajal Midnight 0.35Gm,Renee,Makeup,Eyeliner,Top 10,Active,599,101,101,,15,10438,BGR North,15,15,,50,4,74.2,,
2025-12,OL1075,LS-INORBIT NEW DELHI 9,Lifestyle,Department Store,New Delhi,Delhi,North,SKU40544,Bb Cream Peach 30Ml,Renee,Makeup,Foundation,Top 10,Active,599,28,29,,12,8351,BGR North,15,13,,50,4,74.2,,
2025-12,OL1075,LS-INORBIT NEW DELHI 9,Lifestyle,Department Store,New Delhi,Delhi,North,SKU40588,Bb Cream Coral 30Ml,Renee,Makeup,Foundation,Top 10,Active,349,79,85,,15,6082,BGR North,23,21,,50,4,74.2,,
2025-12,OL1075,LS-INORBIT NEW DELHI 9,Lifestyle,Department Store,New Delhi,Delhi,North,SKU40812,Blending Brush R1,Renee,Makeup,Brushes,Top 10,Active,599,126,127,,9,6263,BGR North,15,10,,50,4,74.2,2025-09,
2025-12,OL1075,LS-INORBIT NEW DELHI 9,Lifestyle,Department Store,New Delhi,Delhi,North,SKU40928,Powder Brush R4,Renee,Makeup,Brushes,Top 25,Active,650,11,13,,3,2265,BGR North,6,5,,50,4,74.2,,
2025-12,OL1075,LS-INORBIT NEW DELHI 9,Lifestyle,Department Store,New Delhi,Delhi,North,SKU40972,Sunscreen Gel Spf 50 70Ml,Renee,Skincare,Sunscreen,Top 25,Active,599,19,22,,8,5567,BGR North,13,11,,45,4,74.2,,
2025-12,OL1075,LS-INORBIT NEW DELHI 9,Lifestyle,Department Store,New Delhi,Delhi,North,SKU41024,Vitamin C Serum 30Ml,Renee,Skincare,Serum,Others,Active,449,25,26,,1,522,BGR North,3,2,,45,4,74.2,,
2025-12,OL1075,LS-INORBIT NEW DELHI 9,Lifestyle,Department Store,New Delhi,Delhi,North,SKU41048,Face Wash Ocean 20Ml,Renee,Skincare,Cleanser,Others,Active,349,17,18,,3,1216,BGR North,5,4,,45,4,74.2,,
2025-12,OL1075,LS-INORBIT NEW DELHI 9,Lifestyle,Department Store,New Delhi,Delhi,North,SKU41129,Face Wash Vanilla 40Ml,Renee,Skincare,Cleanser,Others,Active,299,28,0,,2,695,BGR North,3,3,,45,4,74.2,,
2025-12,OL1075,LS-INORBIT NEW DELHI 9,Lifestyle,Department Store,New Delhi,Delhi,North,SKU41215,Perfume Midnight 50Ml,Renee,Fragrance,EDP,Others,Active,399,18,21,,4,1854,BGR North,8,7,,55,4,74.2,,
2025-12,OL1075,LS-INORBIT NEW DELHI 9,Lifestyle,Department Store,New Delhi,Delhi,North,SKU41647,Hair Oil Hazelnut 100Ml,Renee,Haircare,Hair Oil,Others,Active,799,33,37,,4,3713,BGR North,8,8,,35,4,74.2,,
2025-12,OL1076,LS-SELECT JAIPUR 10,Lifestyle,Department Store,Jaipur,Rajasthan,North,SKU40078,Matte Lip Color Rose 4.2Ml,Renee,Makeup,Lipstick,Top 25,Active,650,9,0,,3,2333,BGR North,6,4,,50,2,53.8,,
2025-12,OL1076,LS-SELECT JAIPUR 10,Lifestyle,Department Store,Jaipur,Rajasthan,North,SKU40202,Liquid Lipstick Mocha 5Ml,Renee,Makeup,Lipstick,Top 25,Active,799,9,10,,3,2868,BGR North,5,4,,50,2,53.8,2025-11,
2025-12,OL1076,LS-SELECT JAIPUR 10,Lifestyle,Department Store,Jaipur,Rajasthan,North,SKU40266,Liquid Lipstick Nude 5Ml,Renee,Makeup,Lipstick,Top 10,Active,799,118,127,,12,11473,BGR North,23,21,,50,2,53.8,,
2025-12,OL1076,LS-SELECT JAIPUR 10,Lifestyle,Department Store,Jaipur,Rajasthan,North,SKU40281,Midnight Eyeliner Berry 2.5Ml,Renee,Makeup,Eyeliner,Others,Active,299,22,26,,4,1431,BGR North,8,8,,50,2,53.8,,
2025-12,OL1076,LS-SELECT JAIPUR 10,Lifestyle,Department Store,Jaipur,Rajasthan,North,SKU40425,Kajal Vanilla 0.35Gm,Renee,Makeup,Eyeliner,Top 25,Active,299,12,16,,9,3220,BGR North,13,13,,50,2,53.8,,
2025-12,OL1076,LS-SELECT JAIPUR 10,Lifestyle,Department Store,Jaipur,Rajasthan,North,SKU40490,Kajal Midnight 0.35Gm,Renee,Makeup,Eyeliner,Top 10,Active,599,23,24,,8,5734,BGR North,10,9,,50,2,53.8,,
2025-12,OL1076,LS-SELECT JAIPUR 10,Lifestyle,Department Store,Jaipur,Rajasthan,North,SKU40588,Bb Cream Coral 30Ml,Renee,Makeup,Foundation,Top 10,Active,349,17,22,,16,6682,BGR North,21,21,,50,2,53.8,,
2025-12,OL1076,LS-SELECT JAIPUR 10,Lifestyle,Department Store,Jaipur,Rajasthan,North,SKU40595,Compact Powder Mocha 9Gm,Renee,Makeup,Foundation,Top 10,Active,449,25,21,,18,9671,BGR North,16,14,,50,2,53.8,,
2025-12,OL1076,LS-SELECT JAIPUR 10,Lifestyle,Department Store,Jaipur,Rajasthan,North,SKU40722,Compact Powder Berry 9Gm,Renee,Makeup,Foundation,Top 10,Active,799,11,16,,6,5737,BGR North,14,11,,50,2,53.8,,
2025-12,OL1076,LS-SELECT JAIPUR 10,Lifestyle,Department Store,Jaipur,Rajasthan,North,SKU40763,Blending Brush R6,Renee,Makeup,Brushes,Others,Active,349,15,14,,3,1253,BGR North,3,2,,50,2,53.8,,
2025-12,OL1076,LS-SELECT JAIPUR 10,Lifestyle,Department Store,Jaipur,Rajasthan,North,SKU40850,Powder Brush R8,Renee,Makeup,Brushes,Top 25,Active,650,24,0,,4,3111,BGR North,6,5,,50,2,53.8,,
2025-12,OL1076,LS-SELECT JAIPUR 10,Lifestyle,Department Store,Jaipur,Rajasthan,North,SKU40928,Powder Brush R4,Renee,Makeup,Brushes,Top 25,Active,650,45,47,,8,6222,BGR North,13,10,,50,2,53.8,,
2025-12,OL1076,LS-SELECT JAIPUR 10,Lifestyle,Department Store,Jaipur,Rajasthan,North,SKU40951,Sunscreen Gel Spf 50 70Ml,Renee,Skincare,Sunscreen,Top 25,Active,999,14,0,,3,3586,BGR North,7,6,,45,2,53.8,,
2025-12,OL1076,LS-SELECT JAIPUR 10,Lifestyle,Department Store,Jaipur,Rajasthan,North,SKU41024,Vitamin C Serum 30Ml,Renee,Skincare,Serum,Others,Active,449,9,11,,2,1075,BGR North,5,4,,45,2,53.8,,
2025-12,OL1076,LS-SELECT JAIPUR 10,Lifestyle,Department Store,Jaipur,Rajasthan,North,SKU41032,Face Wash Hazelnut 60Ml,Renee,Skincare,Cleanser,Others,Active,499,7,6,,2,1194,BGR North,2,1,,45,2,53.8,,
2025-12,OL1076,LS-SELECT JAIPUR 10,Lifestyle,Department Store,Jaipur,Rajasthan,North,SKU41048,Face Wash Ocean 20Ml,Renee,Skincare,Cleanser,Others,Active,349,34,34,,4,1670,BGR North,6,4,,45,2,53.8,,
2025-12,OL1076,LS-SELECT JAIPUR 10,Lifestyle,Department Store,Jaipur,Rajasthan,North,SKU41129,Face Wash Vanilla 40Ml,Renee,Skincare,Cleanser,Others,Active,299,4,0,,2,716,BGR North,3,2,,45,2,53.8,,
2025-12,OL1076,LS-SELECT JAIPUR 10,Lifestyle,Department Store,Jaipur,Rajasthan,North,SKU41215,Perfume Midnight 50Ml,Renee,Fragrance,EDP,Others,Active,399,5,7,,2,955,BGR North,4,4,,55,2,53.8,,
2025-12,OL1076,LS-SELECT JAIPUR 10,Lifestyle,Department Store,Jaipur,Rajasthan,North,SKU41382,Perfume Peach 50Ml,Renee,Fragrance,EDP,Top 25,Active,499,10,0,,8,4777,BGR North,11,11,,55,2,53.8,2025-08,
2025-12,OL1076,LS-SELECT JAIPUR 10,Lifestyle,Department Store,Jaipur,Rajasthan,North,SKU41476,Body Mist Mocha 100Ml,Renee,Fragrance,Body Mist,Top 10,Active,799,31,35,,7,6693,BGR North,11,11,,55,2,53.8,,
2025-12,OL1076,LS-SELECT JAIPUR 10,Lifestyle,Department Store,Jaipur,Rajasthan,North,SKU41536,Body Mist Nude 100Ml,Renee,Fragrance,Body Mist,Top 25,Active,349,34,35,,3,1253,BGR North,6,4,,55,2,53.8,,
2025-12,OL1076,LS-SELECT JAIPUR 10,Lifestyle,Department Store,Jaipur,Rajasthan,North,SKU41608,Hair Oil Berry 100Ml,Renee,Haircare,Hair Oil,Others,Active,449,13,14,,2,1075,BGR North,4,3,,35,2,53.8,,
2025-12,OL1076,LS-SELECT JAIPUR 10,Lifestyle,Department Store,Jaipur,Rajasthan,North,SKU41647,Hair Oil Hazelnut 100Ml,Renee,Haircare,Hair Oil,Others,Active,799,1,3,,2,1912,BGR North,6,4,,35,2,53.8,,
2025-12,OL1077,LS-PHOENIX LUCKNOW 11,Lifestyle,Department Store,Lucknow,Uttar Pradesh,North,SKU40078,Matte Lip Color Rose 4.2Ml,Renee,Makeup,Lipstick,Top 25,Active,650,15,18,,2,1452,BGR North,5,5,,50,2,73.4,,
2025-12,OL1077,LS-PHOENIX LUCKNOW 11,Lifestyle,Department Store,Lucknow,Uttar Pradesh,North,SKU40127,Matte Lip Color Coral 4.2Ml,Renee,Makeup,Lipstick,Top 25,Active,499,20,20,,2,1115,BGR North,2,2,,50,2,73.4,,
2025-12,OL1077,LS-PHOENIX LUCKNOW 11,Lifestyle,Department Store,Lucknow,Uttar Pradesh,North,SKU40202,Liquid Lipstick Mocha 5Ml,Renee,Makeup,Lipstick,Top 25,Active,799,0,1,,0,0,BGR North,2,1,,50,2,73.4,2025-11,
2025-12,OL1077,LS-PHOENIX LUCKNOW 11,Lifestyle,Department Store,Lucknow,Uttar Pradesh,North,SKU40281,Midnight Eyeliner Berry 2.5Ml,Renee,Makeup,Eyeliner,Others,Active,299,49,52,,4,1336,BGR North,7,7,,50,2,73.4,,
2025-12,OL1077,LS-PHOENIX LUCKNOW 11,Lifestyle,Department Store,Lucknow,Uttar Pradesh,North,SKU40318,Midnight Eyeliner Hazelnut 2.5Ml,Renee,Makeup,Eyeliner,Others,Active,650,8,7,,1,726,BGR North,1,0,,50,2,73.4,,
2025-12,OL1077,LS-PHOENIX LUCKNOW 11,Lifestyle,Department Store,Lucknow,Uttar Pradesh,North,SKU40381,Midnight Eyeliner Ocean 2.5Ml,Renee,Makeup,Eyeliner,Top 25,Active,699,0,0,,2,1562,BGR North,3,2,,50,2,73.4,,
2025-12,OL1077,LS-PHOENIX LUCKNOW 11,Lifestyle,Department Store,Lucknow,Uttar Pradesh,North,SKU40595,Compact Powder Mocha 9Gm,Renee,Makeup,Foundation,Top 10,Active,449,16,16,,4,2006,BGR North,7,4,,50,2,73.4,,
2025-12,OL1077,LS-PHOENIX LUCKNOW 11,Lifestyle,Department Store,Lucknow,Uttar Pradesh,North,SKU40662,Compact Powder Nude 9Gm,Renee,Makeup,Foundation,Top 25,Active,1199,20,21,,3,4018,BGR North,6,4,,50,2,73.4,,
2025-12,OL1077,LS-PHOENIX LUCKNOW 11,Lifestyle,Department Store,Lucknow,Uttar Pradesh,North,SKU40763,Blending Brush R6,Renee,Makeup,Brushes,Others,Active,349,25,30,,4,1559,BGR North,9,9,,50,2,73.4,,
2025-12,OL1077,LS-PHOENIX LUCKNOW 11,Lifestyle,Department Store,Lucknow,Uttar Pradesh,North,SKU40812,Blending Brush R1,Renee,Makeup,Brushes,Top 10,Active,599,90,91,,4,2676,BGR North,5,5,,50,2,73.4,2025-09,
2025-12,OL1077,LS-PHOENIX LUCKNOW 11,Lifestyle,Department Store,Lucknow,Uttar Pradesh,North,SKU40836,Blending Brush R4,Renee,Makeup,Brushes,Top 10,Active,1199,21,23,,6,8036,BGR North,12,8,,50,2,73.4,,
2025-12,OL1077,LS-PHOENIX LUCKNOW 11,Lifestyle,Department Store,Lucknow,Uttar Pradesh,North,SKU40850,Powder Brush R8,Renee,Makeup,Brushes,Top 25,Active,650,9,11,,4,2904,BGR North,7,6,,50,2,73.4,,
2025-12,OL1077,LS-PHOENIX LUCKNOW 11,Lifestyle,Department Store,Lucknow,Uttar Pradesh,North,SKU40972,Sunscreen Gel Spf 50 70Ml,Renee,Skincare,Sunscreen,Top 25,Active,599,3,4,,4,2676,BGR North,6,5,,45,2,73.4,,
2025-12,OL1077,LS-PHOENIX LUCKNOW 11,Lifestyle,Department Store,Lucknow,Uttar Pradesh,North,SKU41032,Face Wash Hazelnut 60Ml,Renee,Skincare,Cleanser,Others,Active,499,12,0,,2,1115,BGR North,4,3,,45,2,73.4,,
2025-12,OL1077,LS-PHOENIX LUCKNOW 11,Lifestyle,Department Store,Lucknow,Uttar Pradesh,North,SKU41129,Face Wash Vanilla 40Ml,Renee,Skincare,Cleanser,Others,Active,299,3,4,,2,668,BGR North,4,3,,45,2,73.4,,
2025-12,OL1077,LS-PHOENIX LUCKNOW 11,Lifestyle,Department Store,Lucknow,Uttar Pradesh,North,SKU41215,Perfume Midnight 50Ml,Renee,Fragrance,EDP,Others,Active,399,7,10,,4,1783,BGR North,8,7,,55,2,73.4,,
2025-12,OL1077,LS-PHOENIX LUCKNOW 11,Lifestyle,Department Store,Lucknow,Uttar Pradesh,North,SKU41382,Perfume Peach 50Ml,Renee,Fragrance,EDP,Top 25,Active,499,9,11,,4,2230,BGR North,9,6,,55,2,73.4,2025-08,
2025-12,OL1077,LS-PHOENIX LUCKNOW 11,Lifestyle,Department Store,Lucknow,Uttar Pradesh,North,SKU41476,Body Mist Mocha 100Ml,Renee,Fragrance,Body Mist,Top 10,Active,799,12,12,,4,3570,BGR North,4,4,,55,2,73.4,,
2025-12,OL1077,LS-PHOENIX LUCKNOW 11,Lifestyle,Department Store,Lucknow,Uttar Pradesh,North,SKU41608,Hair Oil Berry 100Ml,Renee,Haircare,Hair Oil,Others,Active,449,5,6,,1,502,BGR North,2,2,,35,2,73.4,,
2025-12,OL1078,LS-GALLERIA BHUBANESWAR 12,Lifestyle,Department Store,Bhubaneswar,Odisha,East,SKU40078,Matte Lip Color Rose 4.2Ml,Renee,Makeup,Lipstick,Top 25,Active,650,23,0,,2,1508,BGR East,6,5,,50,3,49.1,,
2025-12,OL1078,LS-GALLERIA BHUBANESWAR 12,Lifestyle,Department Store,Bhubaneswar,Odisha,East,SKU40127,Matte Lip Color Coral 4.2Ml,Renee,Makeup,Lipstick,Top 25,Active,499,23,25,,2,1157,BGR East,5,4,,50,3,49.1,,
2025-12,OL1078,LS-GALLERIA BHUBANESWAR 12,Lifestyle,Department Store,Bhubaneswar,Odisha,East,SKU40281,Midnight Eyeliner Berry 2.5Ml,Renee,Makeup,Eyeliner,Others,Active,299,32,37,,4,1387,BGR East,9,9,,50,3,49.1,,
2025-12,OL1078,LS-GALLERIA BHUBANESWAR 12,Lifestyle,Department Store,Bhubaneswar,Odisha,East,SKU40318,Midnight Eyeliner Hazelnut 2.5Ml,Renee,Makeup,Eyeliner,Others,Active,650,9,0,,1,754,BGR East,2,1,,50,3,49.1,,
2025-12,OL1078,LS-GALLERIA BHUBANESWAR 12,Lifestyle,Department Store,Bhubaneswar,Odisha,East,SKU40490,Kajal Midnight 0.35Gm,Renee,Makeup,Eyeliner,Top 10,Active,599,7,0,,4,2779,BGR East,6,4,,50,3,49.1,,
2025-12,OL1078,LS-GALLERIA BHUBANESWAR 12,Lifestyle,Department Store,Bhubaneswar,Odisha,East,SKU40544,Bb Cream Peach 30Ml,Renee,Makeup,Foundation,Top 10,Active,599,12,13,,6,4168,BGR East,8,7,,50,3,49.1,,
2025-12,OL1078,LS-GALLERIA BHUBANESWAR 12,Lifestyle,Department Store,Bhubaneswar,Odisha,East,SKU40812,Blending Brush R1,Renee,Makeup,Brushes,Top 10,Active,599,11,13,,12,8336,BGR East,21,14,,50,3,49.1,2025-09,
2025-12,OL1078,LS-GALLERIA BHUBANESWAR 12,Lifestyle,Department Store,Bhubaneswar,Odisha,East,SKU40850,Powder Brush R8,Renee,Makeup,Brushes,Top 25,Active,650,17,5,,1,754,BGR East,3,2,,50,3,49.1,,
2025-12,OL1078,LS-GALLERIA BHUBANESWAR 12,Lifestyle,Department Store,Bhubaneswar,Odisha,East,SKU40928,Powder Brush R4,Renee,Makeup,Brushes,Top 25,Active,650,0,0,,5,3769,BGR East,6,6,,50,3,49.1,,
2025-12,OL1078,LS-GALLERIA BHUBANESWAR 12,Lifestyle,Department Store,Bhubaneswar,Odisha,East,SKU40951,Sunscreen Gel Spf 50 70Ml,Renee,Skincare,Sunscreen,Top 25,Active,999,8,8,,0,0,BGR East,0,0,,45,3,49.1,,
2025-12,OL1078,LS-GALLERIA BHUBANESWAR 12,Lifestyle,Department Store,Bhubaneswar,Odisha,East,SKU41024,Vitamin C Serum 30Ml,Renee,Skincare,Serum,Others,Active,449,4,8,,4,2083,BGR East,8,8,,45,3,49.1,,
2025-12,OL1078,LS-GALLERIA BHUBANESWAR 12,Lifestyle,Department Store,Bhubaneswar,Odisha,East,SKU41048,Face Wash Ocean 20Ml,Renee,Skincare,Cleanser,Others,Active,349,11,13,,6,2428,BGR East,9,8,,45,3,49.1,,
2025-12,OL1078,LS-GALLERIA BHUBANESWAR 12,Lifestyle,Department Store,Bhubaneswar,Odisha,East,SKU41295,Perfume Rose 50Ml,Renee,Fragrance,EDP,Top 25,Active,599,6,7,,8,5557,BGR East,9,9,,55,3,49.1,,
2025-12,OL1078,LS-GALLERIA BHUBANESWAR 12,Lifestyle,Department Store,Bhubaneswar,Odisha,East,SKU41420,Body Mist Coral 100Ml,Renee,Fragrance,Body Mist,Top 25,Active,399,12,13,,2,925,BGR East,3,3,,55,3,49.1,,
2025-12,OL1078,LS-GALLERIA BHUBANESWAR 12,Lifestyle,Department Store,Bhubaneswar,Odisha,East,SKU41608,Hair Oil Berry 100Ml,Renee,Haircare,Hair Oil,Others,Active,449,5,7,,2,1041,BGR East,4,4,,35,3,49.1,,
2025-12,OL1079,LS-PHOENIX CHANDIGARH 13,Lifestyle,Department Store,Chandigarh,Punjab,North,SKU40078,Matte Lip Color Rose 4.2Ml,Renee,Makeup,Lipstick,Top 25,Active,650,11,11,,0,0,BGR North,0,0,,50,4,57.3,,
2025-12,OL1079,LS-PHOENIX CHANDIGARH 13,Lifestyle,Department Store,Chandigarh,Punjab,North,SKU40202,Liquid Lipstick Mocha 5Ml,Renee,Makeup,Lipstick,Top 25,Active,799,8,12,,3,2808,BGR North,7,7,,50,4,57.3,2025-11,
2025-12,OL1079,LS-PHOENIX CHANDIGARH 13,Lifestyle,Department Store,Chandigarh,Punjab,North,SKU40266,Liquid Lipstick Nude 5Ml,Renee,Makeup,Lipstick,Top 10,Active,799,14,49,,6,5617,BGR North,8,7,,50,4,57.3,,
2025-12,OL1079,LS-PHOENIX CHANDIGARH 13,Lifestyle,Department Store,Chandigarh,Punjab,North,SKU40281,Midnight Eyeliner Berry 2.5Ml,Renee,Makeup,Eyeliner,Others,Active,299,6,9,,4,1401,BGR North,7,7,,50,4,57.3,,
2025-12,OL1079,LS-PHOENIX CHANDIGARH 13,Lifestyle,Department Store,Chandigarh,Punjab,North,SKU40318,Midnight Eyeliner Hazelnut 2.5Ml,Renee,Makeup,Eyeliner,Others,Active,650,18,18,,4,3046,BGR North,4,4,,50,4,57.3,,
2025-12,OL1079,LS-PHOENIX CHANDIGARH 13,Lifestyle,Department Store,Chandigarh,Punjab,North,SKU40381,Midnight Eyeliner Ocean 2.5Ml,Renee,Makeup,Eyeliner,Top 25,Active,699,3,6,,6,4914,BGR North,10,9,,50,4,57.3,,
2025-12,OL1079,LS-PHOENIX CHANDIGARH 13,Lifestyle,Department Store,Chandigarh,Punjab,North,SKU40490,Kajal Midnight 0.35Gm,Renee,Makeup,Eyeliner,Top 10,Active,599,0,4,,4,2807,BGR North,8,8,,50,4,57.3,,
2025-12,OL1079,LS-PHOENIX CHANDIGARH 13,Lifestyle,Department Store,Chandigarh,Punjab,North,SKU40544,Bb Cream Peach 30Ml,Renee,Makeup,Foundation,Top 10,Active,599,0,0,,10,7018,BGR North,13,9,,50,4,57.3,,
2025-12,OL1079,LS-PHOENIX CHANDIGARH 13,Lifestyle,Department Store,Chandigarh,Punjab,North,SKU40588,Bb Cream Coral 30Ml,Renee,Makeup,Foundation,Top 10,Active,349,9,4,,12,4907,BGR North,10,7,,50,4,57.3,,
2025-12,OL1079,LS-PHOENIX CHANDIGARH 13,Lifestyle,Department Store,Chandigarh,Punjab,North,SKU40595,Compact Powder Mocha 9Gm,Renee,Makeup,Foundation,Top 10,Active,449,35,34,,12,6313,BGR North,11,11,,50,4,57.3,,
2025-12,OL1079,LS-PHOENIX CHANDIGARH 13,Lifestyle,Department Store,Chandigarh,Punjab,North,SKU40662,Compact Powder Nude 9Gm,Renee,Makeup,Foundation,Top 25,Active,1199,12,8,,1,1405,BGR North,2,2,,50,4,57.3,,
2025-12,OL1079,LS-PHOENIX CHANDIGARH 13,Lifestyle,Department Store,Chandigarh,Punjab,North,SKU40850,Powder Brush R8,Renee,Makeup,Brushes,Top 25,Active,650,5,7,,6,4569,BGR North,9,8,,50,4,57.3,,
2025-12,OL1079,LS-PHOENIX CHANDIGARH 13,Lifestyle,Department Store,Chandigarh,Punjab,North,SKU40928,Powder Brush R4,Renee,Makeup,Brushes,Top 25,Active,650,41,22,,4,3046,BGR North,7,6,,50,4,57.3,,
2025-12,OL1079,LS-PHOENIX CHANDIGARH 13,Lifestyle,Department Store,Chandigarh,Punjab,North,SKU41024,Vitamin C Serum 30Ml,Renee,Skincare,Serum,Others,Active,449,10,0,,2,1052,BGR North,3,3,,45,4,57.3,,
2025-12,OL1079,LS-PHOENIX CHANDIGARH 13,Lifestyle,Department Store,Chandigarh,Punjab,North,SKU41032,Face Wash Hazelnut 60Ml,Renee,Skincare,Cleanser,Others,Active,499,12,14,,1,585,BGR North,3,3,,45,4,57.3,,
2025-12,OL1079,LS-PHOENIX CHANDIGARH 13,Lifestyle,Department Store,Chandigarh,Punjab,North,SKU41048,Face Wash Ocean 20Ml,Renee,Skincare,Cleanser,Others,Active,349,0,4,,4,1636,BGR North,8,8,,45,4,57.3,,
2025-12,OL1079,LS-PHOENIX CHANDIGARH 13,Lifestyle,Department Store,Chandigarh,Punjab,North,SKU41382,Perfume Peach 50Ml,Renee,Fragrance,EDP,Top 25,Active,499,16,16,,3,1754,BGR North,4,3,,55,4,57.3,2025-08,
2025-12,OL1079,LS-PHOENIX CHANDIGARH 13,Lifestyle,Department Store,Chandigarh,Punjab,North,SKU41476,Body Mist Mocha 100Ml,Renee,Fragrance,Body Mist,Top 10,Active,799,0,4,,12,11233,BGR North,16,16,,55,4,57.3,,
2025-12,OL1079,LS-PHOENIX CHANDIGARH 13,Lifestyle,Department Store,Chandigarh,Punjab,North,SKU41608,Hair Oil Berry 100Ml,Renee,Haircare,Hair Oil,Others,Active,449,0,5,,1,526,BGR North,3,2,,35,4,57.3,,
2025-12,OL1079,LS-PHOENIX CHANDIGARH 13,Lifestyle,Department Store,Chandigarh,Punjab,North,SKU41647,Hair Oil Hazelnut 100Ml,Renee,Haircare,Hair Oil,Others,Active,799,12,14,,2,1872,BGR North,5,4,,35,4,57.3,,
2025-12,OL1080,LS-NEXUS CHANDIGARH 14,Lifestyle,Department Store,Chandigarh,Punjab,North,SKU40127,Matte Lip Color Coral 4.2Ml,Renee,Makeup,Lipstick,Top 25,Active,499,13,13,,4,2299,BGR North,6,4,,50,3,78.6,,
2025-12,OL1080,LS-NEXUS CHANDIGARH 14,Lifestyle,Department Store,Chandigarh,Punjab,North,SKU40202,Liquid Lipstick Mocha 5Ml,Renee,Makeup,Lipstick,Top 25,Active,799,0,1,,2,1840,BGR North,4,3,,50,3,78.6,2025-11,
2025-12,OL1080,LS-NEXUS CHANDIGARH 14,Lifestyle,Department Store,Chandigarh,Punjab,North,SKU40266,Liquid Lipstick Nude 5Ml,Renee,Makeup,Lipstick,Top 10,Active,799,0,1,,12,11042,BGR North,19,13,,50,3,78.6,,
2025-12,OL1080,LS-NEXUS CHANDIGARH 14,Lifestyle,Department Store,Chandigarh,Punjab,North,SKU40318,Midnight Eyeliner Hazelnut 2.5Ml,Renee,Makeup,Eyeliner,Others,Active,650,5,5,,4,2994,BGR North,5,4,,50,3,78.6,,
2025-12,OL1080,LS-NEXUS CHANDIGARH 14,Lifestyle,Department Store,Chandigarh,Punjab,North,SKU40425,Kajal Vanilla 0.35Gm,Renee,Makeup,Eyeliner,Top 25,Active,299,23,27,,6,2066,BGR North,10,10,,50,3,78.6,,
2025-12,OL1080,LS-NEXUS CHANDIGARH 14,Lifestyle,Department Store,Chandigarh,Punjab,North,SKU40490,Kajal Midnight 0.35Gm,Renee,Makeup,Eyeliner,Top 10,Active,599,19,21,,9,6209,BGR North,13,11,,50,3,78.6,,
2025-12,OL1080,LS-NEXUS CHANDIGARH 14,Lifestyle,Department Store,Chandigarh,Punjab,North,SKU40544,Bb Cream Peach 30Ml,Renee,Makeup,Foundation,Top 10,Active,599,24,24,,9,6209,BGR North,9,9,,50,3,78.6,,
2025-12,OL1080,LS-NEXUS CHANDIGARH 14,Lifestyle,Department Store,Chandigarh,Punjab,North,SKU40588,Bb Cream Coral 30Ml,Renee,Makeup,Foundation,Top 10,Active,349,13,13,,4,1608,BGR North,6,4,,50,3,78.6,,
2025-12,OL1080,LS-NEXUS CHANDIGARH 14,Lifestyle,Department Store,Chandigarh,Punjab,North,SKU40595,Compact Powder Mocha 9Gm,Renee,Makeup,Foundation,Top 10,Active,449,41,0,,6,3103,BGR North,9,6,,50,3,78.6,,
2025-12,OL1080,LS-NEXUS CHANDIGARH 14,Lifestyle,Department Store,Chandigarh,Punjab,North,SKU40662,Compact Powder Nude 9Gm,Renee,Makeup,Foundation,Top 25,Active,1199,17,19,,0,0,BGR North,2,2,,50,3,78.6,,
2025-12,OL1080,LS-NEXUS CHANDIGARH 14,Lifestyle,Department Store,Chandigarh,Punjab,North,SKU40722,Compact Powder Berry 9Gm,Renee,Makeup,Foundation,Top 10,Active,799,5,8,,3,2761,BGR North,6,6,,50,3,78.6,,
2025-12,OL1080,LS-NEXUS CHANDIGARH 14,Lifestyle,Department Store,Chandigarh,Punjab,North,SKU40812,Blending Brush R1,Renee,Makeup,Brushes,Top 10,Active,599,12,9,,12,8278,BGR North,12,9,,50,3,78.6,2025-09,
2025-12,OL1080,LS-NEXUS CHANDIGARH 14,Lifestyle,Department Store,Chandigarh,Punjab,North,SKU40972,Sunscreen Gel Spf 50 70Ml,Renee,Skincare,Sunscreen,Top 25,Active,599,17,18,,4,2759,BGR North,8,5,,45,3,78.6,,
2025-12,OL1080,LS-NEXUS CHANDIGARH 14,Lifestyle,Department Store,Chandigarh,Punjab,North,SKU41215,Perfume Midnight 50Ml,Renee,Fragrance,EDP,Others,Active,399,16,17,,1,460,BGR North,2,2,,55,3,78.6,,
2025-12,OL1080,LS-NEXUS CHANDIGARH 14,Lifestyle,Department Store,Chandigarh,Punjab,North,SKU41295,Perfume Rose 50Ml,Renee,Fragrance,EDP,Top 25,Active,599,16,21,,8,5519,BGR North,13,13,,55,3,78.6,,
2025-12,OL1080,LS-NEXUS CHANDIGARH 14,Lifestyle,Department Store,Chandigarh,Punjab,North,SKU41420,Body Mist Coral 100Ml,Renee,Fragrance,Body Mist,Top 25,Active,399,17,18,,4,1838,BGR North,8,5,,55,3,78.6,,
2025-12,OL1080,LS-NEXUS CHANDIGARH 14,Lifestyle,Department Store,Chandigarh,Punjab,North,SKU41608,Hair Oil Berry 100Ml,Renee,Haircare,Hair Oil,Others,Active,449,12,13,,2,1034,BGR North,4,3,,35,3,78.6,,
2025-12,OL1081,LS-PHOENIX BANGALORE 15,Lifestyle,Department Store,Bangalore,Karnataka,South,SKU40078,Matte Lip Color Rose 4.2Ml,Renee,Makeup,Lipstick,Top 25,Active,650,26,29,,5,3093,BGR South,9,8,,50,3,87.7,,
2025-12,OL1081,LS-PHOENIX BANGALORE 15,Lifestyle,Department Store,Bangalore,Karnataka,South,SKU40108,Matte Lip Color Peach 4.2Ml,Renee,Makeup,Lipstick,Top 10,Active,650,14,21,,8,4949,BGR South,15,15,,50,3,87.7,,
2025-12,OL1081,LS-PHOENIX BANGALORE 15,Lifestyle,Department Store,Bangalore,Karnataka,South,SKU40266,Liquid Lipstick Nude 5Ml,Renee,Makeup,Lipstick,Top 10,Active,799,28,33,,12,9126,BGR South,17,17,,50,3,87.7,,
2025-12,OL1081,LS-PHOENIX BANGALORE 15,Lifestyle,Department Store,Bangalore,Karnataka,South,SKU40318,Midnight Eyeliner Hazelnut 2.5Ml,Renee,Makeup,Eyeliner,Others,Active,650,0,0,,2,1237,BGR South,3,2,,50,3,87.7,,
2025-12,OL1081,LS-PHOENIX BANGALORE 15,Lifestyle,Department Store,Bangalore,Karnataka,South,SKU40381,Midnight Eyeliner Ocean 2.5Ml,Renee,Makeup,Eyeliner,Top 25,Active,699,0,1,,5,3327,BGR South,7,6,,50,3,87.7,,
2025-12,OL1081,LS-PHOENIX BANGALORE 15,Lifestyle,Department Store,Bangalore,Karnataka,South,SKU40425,Kajal Vanilla 0.35Gm,Renee,Makeup,Eyeliner,Top 25,Active,299,45,49,,6,1708,BGR South,10,10,,50,3,87.7,,
2025-12,OL1081,LS-PHOENIX BANGALORE 15,Lifestyle,Department Store,Bangalore,Karnataka,South,SKU40490,Kajal Midnight 0.35Gm,Renee,Makeup,Eyeliner,Top 10,Active,599,13,17,,4,2281,BGR South,9,8,,50,3,87.7,,
2025-12,OL1081,LS-PHOENIX BANGALORE 15,Lifestyle,Department Store,Bangalore,Karnataka,South,SKU40544,Bb Cream Peach 30Ml,Renee,Makeup,Foundation,Top 10,Active,599,0,3,,9,5131,BGR South,12,12,,50,3,87.7,,
2025-12,OL1081,LS-PHOENIX BANGALORE 15,Lifestyle,Department Store,Bangalore,Karnataka,South,SKU40662,Compact Powder Nude 9Gm,Renee,Makeup,Foundation,Top 25,Active,1199,7,8,,1,1141,BGR South,3,2,,50,3,87.7,,
2025-12,OL1081,LS-PHOENIX BANGALORE 15,Lifestyle,Department Store,Bangalore,Karnataka,South,SKU40722,Compact Powder Berry 9Gm,Renee,Makeup,Foundation,Top 10,Active,799,13,12,,5,3802,BGR South,7,4,,50,3,87.7,,
2025-12,OL1081,LS-PHOENIX BANGALORE 15,Lifestyle,Department Store,Bangalore,Karnataka,South,SKU40812,Blending Brush R1,Renee,Makeup,Brushes,Top 10,Active,599,17,16,,8,4561,BGR South,8,7,,50,3,87.7,2025-09,
2025-12,OL1081,LS-PHOENIX BANGALORE 15,Lifestyle,Department Store,Bangalore,Karnataka,South,SKU40836,Blending Brush R4,Renee,Makeup,Brushes,Top 10,Active,1199,18,14,,8,9130,BGR South,7,4,,50,3,87.7,,
2025-12,OL1081,LS-PHOENIX BANGALORE 15,Lifestyle,Department Store,Bangalore,Karnataka,South,SKU40850,Powder Brush R8,Renee,Makeup,Brushes,Top 25,Active,650,22,22,,9,5568,BGR South,13,9,,50,3,87.7,,
2025-12,OL1081,LS-PHOENIX BANGALORE 15,Lifestyle,Department Store,Bangalore,Karnataka,South,SKU40951,Sunscreen Gel Spf 50 70Ml,Renee,Skincare,Sunscreen,Top 25,Active,999,7,0,,2,1902,BGR South,2,1,,45,3,87.7,,
2025-12,OL1081,LS-PHOENIX BANGALORE 15,Lifestyle,Department Store,Bangalore,Karnataka,South,SKU40972,Sunscreen Gel Spf 50 70Ml,Renee,Skincare,Sunscreen,Top 25,Active,599,22,24,,6,3421,BGR South,9,8,,45,3,87.7,,
2025-12,OL1081,LS-PHOENIX BANGALORE 15,Lifestyle,Department Store,Bangalore,Karnataka,South,SKU41048,Face Wash Ocean 20Ml,Renee,Skincare,Cleanser,Others,Active,349,8,7,,4,1329,BGR South,4,3,,45,3,87.7,,
2025-12,OL1081,LS-PHOENIX BANGALORE 15,Lifestyle,Department Store,Bangalore,Karnataka,South,SKU41129,Face Wash Vanilla 40Ml,Renee,Skincare,Cleanser,Others,Active,299,8,9,,3,854,BGR South,5,4,,45,3,87.7,,
2025-12,OL1081,LS-PHOENIX BANGALORE 15,Lifestyle,Department Store,Bangalore,Karnataka,South,SKU41215,Perfume Midnight 50Ml,Renee,Fragrance,EDP,Others,Active,399,19,23,,4,1519,BGR South,8,8,,55,3,87.7,,
2025-12,OL1081,LS-PHOENIX BANGALORE 15,Lifestyle,Department Store,Bangalore,Karnataka,South,SKU41382,Perfume Peach 50Ml,Renee,Fragrance,EDP,Top 25,Active,499,13,16,,3,1425,BGR South,7,6,,55,3,87.7,2025-08,
2025-12,OL1081,LS-PHOENIX BANGALORE 15,Lifestyle,Department Store,Bangalore,Karnataka,South,SKU41536,Body Mist Nude 100Ml,Renee,Fragrance,Body Mist,Top 25,Active,349,28,98,,12,3986,BGR South,22,20,,55,3,87.7,,
2025-12,OL1081,LS-PHOENIX BANGALORE 15,Lifestyle,Department Store,Bangalore,Karnataka,South,SKU41608,Hair Oil Berry 100Ml,Renee,Haircare,Hair Oil,Others,Active,449,0,1,,1,427,BGR South,2,2,,35,3,87.7,,
2025-12,OL1082,LS-NEXUS BANGALORE 16,Lifestyle,Department Store,Bangalore,Karnataka,South,SKU40078,Matte Lip Color Rose 4.2Ml,Renee,Makeup,Lipstick,Top 25,Active,650,8,9,,9,6441,BGR South,10,10,,50,3,80.5,,
2025-12,OL1082,LS-NEXUS BANGALORE 16,Lifestyle,Department Store,Bangalore,Karnataka,South,SKU40127,Matte Lip Color Coral 4.2Ml,Renee,Makeup,Lipstick,Top 25,Active,499,40,37,,7,3846,BGR South,11,11,,50,3,80.5,,
2025-12,OL1082,LS-NEXUS BANGALORE 16,Lifestyle,Department Store,Bangalore,Karnataka,South,SKU40266,Liquid Lipstick Nude 5Ml,Renee,Makeup,Lipstick,Top 10,Active,799,24,21,,15,13196,BGR South,18,12,,50,3,80.5,,
2025-12,OL1082,LS-NEXUS BANGALORE 16,Lifestyle,Department Store,Bangalore,Karnataka,South,SKU40318,Midnight Eyeliner Hazelnut 2.5Ml,Renee,Makeup,Eyeliner,Others,Active,650,4,4,,4,2863,BGR South,5,4,,50,3,80.5,,
2025-12,OL1082,LS-NEXUS BANGALORE 16,Lifestyle,Department Store,Bangalore,Karnataka,South,SKU40425,Kajal Vanilla 0.35Gm,Renee,Makeup,Eyeliner,Top 25,Active,299,138,142,,12,3951,BGR South,17,16,,50,3,80.5,,
2025-12,OL1082,LS-NEXUS BANGALORE 16,Lifestyle,Department Store,Bangalore,Karnataka,South,SKU40490,Kajal Midnight 0.35Gm,Renee,Makeup,Eyeliner,Top 10,Active,599,57,58,,11,7255,BGR South,15,12,,50,3,80.5,,
2025-12,OL1082,LS-NEXUS BANGALORE 16,Lifestyle,Department Store,Bangalore,Karnataka,South,SKU40544,Bb Cream Peach 30Ml,Renee,Makeup,Foundation,Top 10,Active,599,24,146,,22,14510,BGR South,18,18,,50,3,80.5,,
2025-12,OL1082,LS-NEXUS BANGALORE 16,Lifestyle,Department Store,Bangalore,Karnataka,South,SKU40588,Bb Cream Coral 30Ml,Renee,Makeup,Foundation,Top 10,Active,349,5,15,,18,6917,BGR South,28,28,,50,3,80.5,,
2025-12,OL1082,LS-NEXUS BANGALORE 16,Lifestyle,Department Store,Bangalore,Karnataka,South,SKU40595,Compact Powder Mocha 9Gm,Renee,Makeup,Foundation,Top 10,Active,449,0,216,,28,13843,BGR South,46,41,,50,3,80.5,,
2025-12,OL1082,LS-NEXUS BANGALORE 16,Lifestyle,Department Store,Bangalore,Karnataka,South,SKU40662,Compact Powder Nude 9Gm,Renee,Makeup,Foundation,Top 25,Active,1199,1,3,,3,3961,BGR South,7,5,,50,3,80.5,,
2025-12,OL1082,LS-NEXUS BANGALORE 16,Lifestyle,Department Store,Bangalore,Karnataka,South,SKU40722,Compact Powder Berry 9Gm,Renee,Makeup,Foundation,Top 10,Active,799,14,11,,9,7918,BGR South,7,6,,50,3,80.5,,
2025-12,OL1082,LS-NEXUS BANGALORE 16,Lifestyle,Department Store,Bangalore,Karnataka,South,SKU40812,Blending Brush R1,Renee,Makeup,Brushes,Top 10,Active,599,0,0,,16,10553,BGR South,21,14,,50,3,80.5,2025-09,
2025-12,OL1082,LS-NEXUS BANGALORE 16,Lifestyle,Department Store,Bangalore,Karnataka,South,SKU40836,Blending Brush R4,Renee,Makeup,Brushes,Top 10,Active,1199,2,0,,15,19803,BGR South,13,11,,50,3,80.5,,
2025-12,OL1082,LS-NEXUS BANGALORE 16,Lifestyle,Department Store,Bangalore,Karnataka,South,SKU40951,Sunscreen Gel Spf 50 70Ml,Renee,Skincare,Sunscreen,Top 25,Active,999,15,14,,4,4400,BGR South,5,3,,45,3,80.5,,
2025-12,OL1082,LS-NEXUS BANGALORE 16,Lifestyle,Department Store,Bangalore,Karnataka,South,SKU40972,Sunscreen Gel Spf 50 70Ml,Renee,Skincare,Sunscreen,Top 25,Active,599,30,29,,6,3957,BGR South,8,5,,45,3,80.5,,
2025-12,OL1082,LS-NEXUS BANGALORE 16,Lifestyle,Department Store,Bangalore,Karnataka,South,SKU41048,Face Wash Ocean 20Ml,Renee,Skincare,Cleanser,Others,Active,349,9,8,,8,3074,BGR South,11,7,,45,3,80.5,,
2025-12,OL1082,LS-NEXUS BANGALORE 16,Lifestyle,Department Store,Bangalore,Karnataka,South,SKU41295,Perfume Rose 50Ml,Renee,Fragrance,EDP,Top 25,Active,599,20,20,,8,5276,BGR South,11,8,,55,3,80.5,,
2025-12,OL1082,LS-NEXUS BANGALORE 16,Lifestyle,Department Store,Bangalore,Karnataka,South,SKU41382,Perfume Peach 50Ml,Renee,Fragrance,EDP,Top 25,Active,499,79,83,,5,2747,BGR South,9,9,,55,3,80.5,2025-08,
2025-12,OL1082,LS-NEXUS BANGALORE 16,Lifestyle,Department Store,Bangalore,Karnataka,South,SKU41420,Body Mist Coral 100Ml,Renee,Fragrance,Body Mist,Top 25,Active,399,7,9,,8,3515,BGR South,11,10,,55,3,80.5,,
2025-12,OL1082,LS-NEXUS BANGALORE 16,Lifestyle,Department Store,Bangalore,Karnataka,South,SKU41536,Body Mist Nude 100Ml,Renee,Fragrance,Body Mist,Top 25,Active,349,42,45,,0,0,BGR South,3,3,,55,3,80.5,,
2025-12,OL1082,LS-NEXUS BANGALORE 16,Lifestyle,Department Store,Bangalore,Karnataka,South,SKU41608,Hair Oil Berry 100Ml,Renee,Haircare,Hair Oil,Others,Active,449,5,9,,4,1978,BGR South,8,8,,35,3,80.5,,
2025-12,OL1082,LS-NEXUS BANGALORE 16,Lifestyle,Department Store,Bangalore,Karnataka,South,SKU41647,Hair Oil Hazelnut 100Ml,Renee,Haircare,Hair Oil,Others,Active,799,8,9,,2,1760,BGR South,3,3,,35,3,80.5,,
2025-12,OL1083,LS-SELECT BHUBANESWAR 17,Lifestyle,Department Store,Bhubaneswar,Odisha,East,SKU40108,Matte Lip Color Peach 4.2Ml,Renee,Makeup,Lipstick,Top 10,Active,650,0,1,,6,4071,BGR East,8,7,,50,2,94.6,,
2025-12,OL1083,LS-SELECT BHUBANESWAR 17,Lifestyle,Department Store,Bhubaneswar,Odisha,East,SKU40202,Liquid Lipstick Mocha 5Ml,Renee,Makeup,Lipstick,Top 25,Active,799,13,14,,2,1668,BGR East,3,3,,50,2,94.6,2025-11,
2025-12,OL1083,LS-SELECT BHUBANESWAR 17,Lifestyle,Department Store,Bhubaneswar,Odisha,East,SKU40281,Midnight Eyeliner Berry 2.5Ml,Renee,Makeup,Eyeliner,Others,Active,299,20,26,,8,2497,BGR East,14,14,,50,2,94.6,,
2025-12,OL1083,LS-SELECT BHUBANESWAR 17,Lifestyle,Department Store,Bhubaneswar,Odisha,East,SKU40381,Midnight Eyeliner Ocean 2.5Ml,Renee,Makeup,Eyeliner,Top 25,Active,699,16,18,,7,5108,BGR East,14,9,,50,2,94.6,,
2025-12,OL1083,LS-SELECT BHUBANESWAR 17,Lifestyle,Department Store,Bhubaneswar,Odisha,East,SKU40425,Kajal Vanilla 0.35Gm,Renee,Makeup,Eyeliner,Top 25,Active,299,25,27,,8,2497,BGR East,11,10,,50,2,94.6,,
2025-12,OL1083,LS-SELECT BHUBANESWAR 17,Lifestyle,Department Store,Bhubaneswar,Odisha,East,SKU40544,Bb Cream Peach 30Ml,Renee,Makeup,Foundation,Top 10,Active,599,86,84,,14,8754,BGR East,18,12,,50,2,94.6,,
2025-12,OL1083,LS-SELECT BHUBANESWAR 17,Lifestyle,Department Store,Bhubaneswar,Odisha,East,SKU40595,Compact Powder Mocha 9Gm,Renee,Makeup,Foundation,Top 10,Active,449,13,11,,24,11249,BGR East,25,22,,50,2,94.6,,
2025-12,OL1083,LS-SELECT BHUBANESWAR 17,Lifestyle,Department Store,Bhubaneswar,Odisha,East,SKU40812,Blending Brush R1,Renee,Makeup,Brushes,Top 10,Active,599,12,0,,15,9379,BGR East,28,22,,50,2,94.6,2025-09,
2025-12,OL1083,LS-SELECT BHUBANESWAR 17,Lifestyle,Department Store,Bhubaneswar,Odisha,East,SKU40928,Powder Brush R4,Renee,Makeup,Brushes,Top 25,Active,650,5,6,,4,2714,BGR East,5,5,,50,2,94.6,,
2025-12,OL1083,LS-SELECT BHUBANESWAR 17,Lifestyle,Department Store,Bhubaneswar,Odisha,East,SKU40951,Sunscreen Gel Spf 50 70Ml,Renee,Skincare,Sunscreen,Top 25,Active,999,10,12,,3,3128,BGR East,6,5,,45,2,94.6,,
2025-12,OL1083,LS-SELECT BHUBANESWAR 17,Lifestyle,Department Store,Bhubaneswar,Odisha,East,SKU41048,Face Wash Ocean 20Ml,Renee,Skincare,Cleanser,Others,Active,349,12,13,,6,2186,BGR East,9,7,,45,2,94.6,,
2025-12,OL1083,LS-SELECT BHUBANESWAR 17,Lifestyle,Department Store,Bhubaneswar,Odisha,East,SKU41129,Face Wash Vanilla 40Ml,Renee,Skincare,Cleanser,Others,Active,299,0,3,,1,312,BGR East,4,4,,45,2,94.6,,
2025-12,OL1083,LS-SELECT BHUBANESWAR 17,Lifestyle,Department Store,Bhubaneswar,Odisha,East,SKU41476,Body Mist Mocha 100Ml,Renee,Fragrance,Body Mist,Top 10,Active,799,4,11,,12,10008,BGR East,19,19,,55,2,94.6,,
2025-12,OL1083,LS-SELECT BHUBANESWAR 17,Lifestyle,Department Store,Bhubaneswar,Odisha,East,SKU41536,Body Mist Nude 100Ml,Renee,Fragrance,Body Mist,Top 25,Active,349,44,45,,15,5465,BGR East,23,16,,55,2,94.6,,
2025-12,OL1083,LS-SELECT BHUBANESWAR 17,Lifestyle,Department Store,Bhubaneswar,Odisha,East,SKU41608,Hair Oil Berry 100Ml,Renee,Haircare,Hair Oil,Others,Active,449,9,14,,4,1875,BGR East,10,9,,35,2,94.6,,
2025-12,OL1083,LS-SELECT BHUBANESWAR 17,Lifestyle,Department Store,Bhubaneswar,Odisha,East,SKU41647,Hair Oil Hazelnut 100Ml,Renee,Haircare,Hair Oil,Others,Active,799,1,16,,2,1668,BGR East,3,3,,35,2,94.6,,
2025-12,OL1084,LS-ORION AHMEDABAD 18,Lifestyle,Department Store,Ahmedabad,Gujarat,West,SKU40078,Matte Lip Color Rose 4.2Ml,Renee,Makeup,Lipstick,Top 25,Active,650,1,6,,4,2867,BGR West,9,9,,50,3,93.5,,
2025-12,OL1084,LS-ORION AHMEDABAD 18,Lifestyle,Department Store,Ahmedabad,Gujarat,West,SKU40108,Matte Lip Color Peach 4.2Ml,Renee,Makeup,Lipstick,Top 10,Active,650,2,27,,4,2867,BGR West,7,7,,50,3,93.5,,
2025-12,OL1084,LS-ORION AHMEDABAD 18,Lifestyle,Department Store,Ahmedabad,Gujarat,West,SKU40202,Liquid Lipstick Mocha 5Ml,Renee,Makeup,Lipstick,Top 25,Active,799,6,7,,3,2643,BGR West,5,4,,50,3,93.5,2025-11,
2025-12,OL1084,LS-ORION AHMEDABAD 18,Lifestyle,Department Store,Ahmedabad,Gujarat,West,SKU40281,Midnight Eyeliner Berry 2.5Ml,Renee,Makeup,Eyeliner,Others,Active,299,18,18,,4,1319,BGR West,7,4,,50,3,93.5,,
2025-12,OL1084,LS-ORION AHMEDABAD 18,Lifestyle,Department Store,Ahmedabad,Gujarat,West,SKU40425,Kajal Vanilla 0.35Gm,Renee,Makeup,Eyeliner,Top 25,Active,299,0,1,,7,2308,BGR West,8,8,,50,3,93.5,,
2025-12,OL1084,LS-ORION AHMEDABAD 18,Lifestyle,Department Store,Ahmedabad,Gujarat,West,SKU40595,Compact Powder Mocha 9Gm,Renee,Makeup,Foundation,Top 10,Active,449,21,27,,6,2970,BGR West,12,12,,50,3,93.5,,
2025-12,OL1084,LS-ORION AHMEDABAD 18,Lifestyle,Department Store,Ahmedabad,Gujarat,West,SKU40722,Compact Powder Berry 9Gm,Renee,Makeup,Foundation,Top 10,Active,799,4,6,,3,2643,BGR West,5,5,,50,3,93.5,,
2025-12,OL1084,LS-ORION AHMEDABAD 18,Lifestyle,Department Store,Ahmedabad,Gujarat,West,SKU40812,Blending Brush R1,Renee,Makeup,Brushes,Top 10,Active,599,0,50,,10,6604,BGR West,17,17,,50,3,93.5,2025-09,
2025-12,OL1084,LS-ORION AHMEDABAD 18,Lifestyle,Department Store,Ahmedabad,Gujarat,West,SKU40928,Powder Brush R4,Renee,Makeup,Brushes,Top 25,Active,650,6,6,,5,3583,BGR West,5,5,,50,3,93.5,,
2025-12,OL1084,LS-ORION AHMEDABAD 18,Lifestyle,Department Store,Ahmedabad,Gujarat,West,SKU40972,Sunscreen Gel Spf 50 70Ml,Renee,Skincare,Sunscreen,Top 25,Active,599,12,16,,5,3302,BGR West,10,9,,45,3,93.5,,
2025-12,OL1084,LS-ORION AHMEDABAD 18,Lifestyle,Department Store,Ahmedabad,Gujarat,West,SKU41024,Vitamin C Serum 30Ml,Renee,Skincare,Serum,Others,Active,449,6,10,,2,990,BGR West,6,6,,45,3,93.5,,
2025-12,OL1084,LS-ORION AHMEDABAD 18,Lifestyle,Department Store,Ahmedabad,Gujarat,West,SKU41048,Face Wash Ocean 20Ml,Renee,Skincare,Cleanser,Others,Active,349,10,26,,4,1539,BGR West,7,6,,45,3,93.5,,
2025-12,OL1084,LS-ORION AHMEDABAD 18,Lifestyle,Department Store,Ahmedabad,Gujarat,West,SKU41476,Body Mist Mocha 100Ml,Renee,Fragrance,Body Mist,Top 10,Active,799,7,15,,9,7928,BGR West,17,17,,55,3,93.5,,
2025-12,OL1084,LS-ORION AHMEDABAD 18,Lifestyle,Department Store,Ahmedabad,Gujarat,West,SKU41647,Hair Oil Hazelnut 100Ml,Renee,Haircare,Hair Oil,Others,Active,799,8,12,,4,3524,BGR West,9,8,,35,3,93.5,,
2025-12,OL1085,LS-CITY CENTRE LUCKNOW 19,Lifestyle,Department Store,Lucknow,Uttar Pradesh,North,SKU40078,Matte Lip Color Rose 4.2Ml,Renee,Makeup,Lipstick,Top 25,Active,650,18,22,,3,2241,BGR North,7,7,,50,2,90.6,,
2025-12,OL1085,LS-CITY CENTRE LUCKNOW 19,Lifestyle,Department Store,Lucknow,Uttar Pradesh,North,SKU40108,Matte Lip Color Peach 4.2Ml,Renee,Makeup,Lipstick,Top 10,Active,650,9,0,,3,2241,BGR North,3,2,,50,2,90.6,,
2025-12,OL1085,LS-CITY CENTRE LUCKNOW 19,Lifestyle,Department Store,Lucknow,Uttar Pradesh,North,SKU40127,Matte Lip Color Coral 4.2Ml,Renee,Makeup,Lipstick,Top 25,Active,499,0,0,,4,2294,BGR North,5,4,,50,2,90.6,,
2025-12,OL1085,LS-CITY CENTRE LUCKNOW 19,Lifestyle,Department Store,Lucknow,Uttar Pradesh,North,SKU40266,Liquid Lipstick Nude 5Ml,Renee,Makeup,Lipstick,Top 10,Active,799,6,0,,8,7345,BGR North,12,12,,50,2,90.6,,
2025-12,OL1085,LS-CITY CENTRE LUCKNOW 19,Lifestyle,Department Store,Lucknow,Uttar Pradesh,North,SKU40318,Midnight Eyeliner Hazelnut 2.5Ml,Renee,Makeup,Eyeliner,Others,Active,650,2,1,,4,2988,BGR North,4,3,,50,2,90.6,,
2025-12,OL1085,LS-CITY CENTRE LUCKNOW 19,Lifestyle,Department Store,Lucknow,Uttar Pradesh,North,SKU40381,Midnight Eyeliner Ocean 2.5Ml,Renee,Makeup,Eyeliner,Top 25,Active,699,15,21,,4,3213,BGR North,10,10,,50,2,90.6,,
2025-12,OL1085,LS-CITY CENTRE LUCKNOW 19,Lifestyle,Department Store,Lucknow,Uttar Pradesh,North,SKU40490,Kajal Midnight 0.35Gm,Renee,Makeup,Eyeliner,Top 10,Active,599,33,33,,8,5506,BGR North,10,8,,50,2,90.6,,
2025-12,OL1085,LS-CITY CENTRE LUCKNOW 19,Lifestyle,Department Store,Lucknow,Uttar Pradesh,North,SKU40544,Bb Cream Peach 30Ml,Renee,Makeup,Foundation,Top 10,Active,599,4,4,,4,2753,BGR North,4,4,,50,2,90.6,,
2025-12,OL1085,LS-CITY CENTRE LUCKNOW 19,Lifestyle,Department Store,Lucknow,Uttar Pradesh,North,SKU40588,Bb Cream Coral 30Ml,Renee,Makeup,Foundation,Top 10,Active,349,30,26,,11,4411,BGR North,10,7,,50,2,90.6,,
2025-12,OL1085,LS-CITY CENTRE LUCKNOW 19,Lifestyle,Department Store,Lucknow,Uttar Pradesh,North,SKU40722,Compact Powder Berry 9Gm,Renee,Makeup,Foundation,Top 10,Active,799,5,6,,3,2754,BGR North,7,4,,50,2,90.6,,
2025-12,OL1085,LS-CITY CENTRE LUCKNOW 19,Lifestyle,Department Store,Lucknow,Uttar Pradesh,North,SKU40972,Sunscreen Gel Spf 50 70Ml,Renee,Skincare,Sunscreen,Top 25,Active,599,8,9,,3,2065,BGR North,6,4,,45,2,90.6,,
2025-12,OL1085,LS-CITY CENTRE LUCKNOW 19,Lifestyle,Department Store,Lucknow,Uttar Pradesh,North,SKU40979,Sunscreen Gel Spf 50 50Ml,Renee,Skincare,Sunscreen,Top 25,Active,799,7,7,,4,3672,BGR North,5,4,,45,2,90.6,,
2025-12,OL1085,LS-CITY CENTRE LUCKNOW 19,Lifestyle,Department Store,Lucknow,Uttar Pradesh,North,SKU41024,Vitamin C Serum 30Ml,Renee,Skincare,Serum,Others,Active,449,3,4,,3,1548,BGR North,5,4,,45,2,90.6,,
2025-12,OL1085,LS-CITY CENTRE LUCKNOW 19,Lifestyle,Department Store,Lucknow,Uttar Pradesh,North,SKU41048,Face Wash Ocean 20Ml,Renee,Skincare,Cleanser,Others,Active,349,19,21,,3,1203,BGR North,5,5,,45,2,90.6,,
2025-12,OL1085,LS-CITY CENTRE LUCKNOW 19,Lifestyle,Department Store,Lucknow,Uttar Pradesh,North,SKU41129,Face Wash Vanilla 40Ml,Renee,Skincare,Cleanser,Others,Active,299,10,11,,2,687,BGR North,4,3,,45,2,90.6,,
2025-12,OL1085,LS-CITY CENTRE LUCKNOW 19,Lifestyle,Department Store,Lucknow,Uttar Pradesh,North,SKU41295,Perfume Rose 50Ml,Renee,Fragrance,EDP,Top 25,Active,599,8,8,,4,2753,BGR North,7,4,,55,2,90.6,,
2025-12,OL1085,LS-CITY CENTRE LUCKNOW 19,Lifestyle,Department Store,Lucknow,Uttar Pradesh,North,SKU41420,Body Mist Coral 100Ml,Renee,Fragrance,Body Mist,Top 25,Active,399,0,3,,2,917,BGR North,6,5,,55,2,90.6,,
2025-12,OL1085,LS-CITY CENTRE LUCKNOW 19,Lifestyle,Department Store,Lucknow,Uttar Pradesh,North,SKU41476,Body Mist Mocha 100Ml,Renee,Fragrance,Body Mist,Top 10,Active,799,24,24,,4,3672,BGR North,5,4,,55,2,90.6,,
2025-12,OL1085,LS-CITY CENTRE LUCKNOW 19,Lifestyle,Department Store,Lucknow,Uttar Pradesh,North,SKU41608,Hair Oil Berry 100Ml,Renee,Haircare,Hair Oil,Others,Active,449,4,6,,2,1032,BGR North,4,4,,35,2,90.6,,
2025-12,OL1086,LS-NEXUS CHENNAI 20,Lifestyle,Department Store,Chennai,Tamil Nadu,South,SKU40078,Matte Lip Color Rose 4.2Ml,Renee,Makeup,Lipstick,Top 25,Active,650,9,10,,4,3022,BGR South,6,5,,50,1,54.9,,
2025-12,OL1086,LS-NEXUS CHENNAI 20,Lifestyle,Department Store,Chennai,Tamil Nadu,South,SKU40127,Matte Lip Color Coral 4.2Ml,Renee,Makeup,Lipstick,Top 25,Active,499,13,15,,8,4640,BGR South,10,10,,50,1,54.9,,
2025-12,OL1086,LS-NEXUS CHENNAI 20,Lifestyle,Department Store,Chennai,Tamil Nadu,South,SKU40318,Midnight Eyeliner Hazelnut 2.5Ml,Renee,Makeup,Eyeliner,Others,Active,650,14,17,,3,2267,BGR South,7,6,,50,1,54.9,,
2025-12,OL1086,LS-NEXUS CHENNAI 20,Lifestyle,Department Store,Chennai,Tamil Nadu,South,SKU40381,Midnight Eyeliner Ocean 2.5Ml,Renee,Makeup,Eyeliner,Top 25,Active,699,32,34,,8,6500,BGR South,11,10,,50,1,54.9,,
2025-12,OL1086,LS-NEXUS CHENNAI 20,Lifestyle,Department Store,Chennai,Tamil Nadu,South,SKU40425,Kajal Vanilla 0.35Gm,Renee,Makeup,Eyeliner,Top 25,Active,299,20,23,,8,2781,BGR South,16,11,,50,1,54.9,,
2025-12,OL1086,LS-NEXUS CHENNAI 20,Lifestyle,Department Store,Chennai,Tamil Nadu,South,SKU40490,Kajal Midnight 0.35Gm,Renee,Makeup,Eyeliner,Top 10,Active,599,49,53,,10,6963,BGR South,16,14,,50,1,54.9,,
2025-12,OL1086,LS-NEXUS CHENNAI 20,Lifestyle,Department Store,Chennai,Tamil Nadu,South,SKU40544,Bb Cream Peach 30Ml,Renee,Makeup,Foundation,Top 10,Active,599,11,0,,11,7659,BGR South,11,7,,50,1,54.9,,
2025-12,OL1086,LS-NEXUS CHENNAI 20,Lifestyle,Department Store,Chennai,Tamil Nadu,South,SKU40588,Bb Cream Coral 30Ml,Renee,Makeup,Foundation,Top 10,Active,349,0,19,,24,9737,BGR South,46,43,,50,1,54.9,,
2025-12,OL1086,LS-NEXUS CHENNAI 20,Lifestyle,Department Store,Chennai,Tamil Nadu,South,SKU40595,Compact Powder Mocha 9Gm,Renee,Makeup,Foundation,Top 10,Active,449,39,44,,24,12527,BGR South,33,29,,50,1,54.9,,
2025-12,OL1086,LS-NEXUS CHENNAI 20,Lifestyle,Department Store,Chennai,Tamil Nadu,South,SKU40722,Compact Powder Berry 9Gm,Renee,Makeup,Foundation,Top 10,Active,799,0,2,,4,3715,BGR South,7,6,,50,1,54.9,,
2025-12,OL1086,LS-NEXUS CHENNAI 20,Lifestyle,Department Store,Chennai,Tamil Nadu,South,SKU40836,Blending Brush R4,Renee,Makeup,Brushes,Top 10,Active,1199,12,77,,10,13938,BGR South,9,6,,50,1,54.9,,
2025-12,OL1086,LS-NEXUS CHENNAI 20,Lifestyle,Department Store,Chennai,Tamil Nadu,South,SKU40850,Powder Brush R8,Renee,Makeup,Brushes,Top 25,Active,650,21,27,,10,7556,BGR South,16,16,,50,1,54.9,,
2025-12,OL1086,LS-NEXUS CHENNAI 20,Lifestyle,Department Store,Chennai,Tamil Nadu,South,SKU40972,Sunscreen Gel Spf 50 70Ml,Renee,Skincare,Sunscreen,Top 25,Active,599,13,16,,4,2785,BGR South,8,7,,45,1,54.9,,
2025-12,OL1086,LS-NEXUS CHENNAI 20,Lifestyle,Department Store,Chennai,Tamil Nadu,South,SKU41048,Face Wash Ocean 20Ml,Renee,Skincare,Cleanser,Others,Active,349,24,26,,4,1623,BGR South,6,6,,45,1,54.9,,
2025-12,OL1086,LS-NEXUS CHENNAI 20,Lifestyle,Department Store,Chennai,Tamil Nadu,South,SKU41129,Face Wash Vanilla 40Ml,Renee,Skincare,Cleanser,Others,Active,299,2,5,,4,1390,BGR South,8,7,,45,1,54.9,,
2025-12,OL1086,LS-NEXUS CHENNAI 20,Lifestyle,Department Store,Chennai,Tamil Nadu,South,SKU41215,Perfume Midnight 50Ml,Renee,Fragrance,EDP,Others,Active,399,8,10,,1,464,BGR South,4,3,,55,1,54.9,,
2025-12,OL1086,LS-NEXUS CHENNAI 20,Lifestyle,Department Store,Chennai,Tamil Nadu,South,SKU41382,Perfume Peach 50Ml,Renee,Fragrance,EDP,Top 25,Active,499,1,5,,4,2320,BGR South,9,8,,55,1,54.9,2025-08,
2025-12,OL1086,LS-NEXUS CHENNAI 20,Lifestyle,Department Store,Chennai,Tamil Nadu,South,SKU41420,Body Mist Coral 100Ml,Renee,Fragrance,Body Mist,Top 25,Active,399,17,18,,5,2319,BGR South,8,6,,55,1,54.9,,
2025-12,OL1086,LS-NEXUS CHENNAI 20,Lifestyle,Department Store,Chennai,Tamil Nadu,South,SKU41476,Body Mist Mocha 100Ml,Renee,Fragrance,Body Mist,Top 10,Active,799,18,19,,7,6502,BGR South,8,8,,55,1,54.9,,
2025-12,OL1086,LS-NEXUS CHENNAI 20,Lifestyle,Department Store,Chennai,Tamil Nadu,South,SKU41536,Body Mist Nude 100Ml,Renee,Fragrance,Body Mist,Top 25,Active,349,54,63,,12,4868,BGR South,23,21,,55,1,54.9,,
2025-12,OL1086,LS-NEXUS CHENNAI 20,Lifestyle,Department Store,Chennai,Tamil Nadu,South,SKU41608,Hair Oil Berry 100Ml,Renee,Haircare,Hair Oil,Others,Active,449,8,10,,4,2088,BGR South,8,6,,35,1,54.9,,
