Month,Outlet Code,Outlet Name,Chain Name,Chain Type,City,State,Region,SKU Code,SKU,Brand,Category,Sub Category,Pareto,Status,MRP,OP Stock,CL Stock,Stock Qty,Tertiary Qty,Target Value,BGR,Order Qty,Filled Qty,Fill Rate %,Margin %
2025-07,OUT0001,Shoppers Stop - Ahmedabad 1,Shoppers Stop,Department Store,Ahmedabad,Gujarat,West,SKU0002,Verde Moisturizer B,Verde,Skincare,Moisturizer,Top 10,Active,1179,26,30,,4,5116,BGR West,11,8,,44
2025-07,OUT0001,Shoppers Stop - Ahmedabad 1,Shoppers Stop,Department Store,Ahmedabad,Gujarat,West,SKU0003,Verde Serum A,Verde,Skincare,Serum,Top 25,Active,2419,17,16,,4,12100,BGR West,5,3,,47
2025-07,OUT0001,Shoppers Stop - Ahmedabad 1,Shoppers Stop,Department Store,Ahmedabad,Gujarat,West,SKU0006,Blush & Co Cleanser A,Blush & Co,Skincare,Cleanser,Top 10,Active,289,30,30,,11,3539,BGR West,16,11,,48
2025-07,OUT0001,Shoppers Stop - Ahmedabad 1,Shoppers Stop,Department Store,Ahmedabad,Gujarat,West,SKU0007,Northline Cleanser B,Northline,Skincare,Cleanser,Others,Active,1809,5,8,,0,0,BGR West,3,3,,43
2025-07,OUT0001,Shoppers Stop - Ahmedabad 1,Shoppers Stop,Department Store,Ahmedabad,Gujarat,West,SKU0008,Lumina Sunscreen A,Lumina,Skincare,Sunscreen,Others,Active,1599,4,4,,0,0,BGR West,0,0,,46
2025-07,OUT0001,Shoppers Stop - Ahmedabad 1,Shoppers Stop,Department Store,Ahmedabad,Gujarat,West,SKU0010,Blush & Co Foundation A,Blush & Co,Makeup,Foundation,Others,Active,1419,8,8,,1,1321,BGR West,2,1,,49
2025-07,OUT0001,Shoppers Stop - Ahmedabad 1,Shoppers Stop,Department Store,Ahmedabad,Gujarat,West,SKU0011,Lumina Foundation B,Lumina,Makeup,Foundation,Top 10,Inactive,1889,9,13,,6,13241,BGR West,13,10,,49
2025-07,OUT0001,Shoppers Stop - Ahmedabad 1,Shoppers Stop,Department Store,Ahmedabad,Gujarat,West,SKU0013,Northline Lipstick B,Northline,Makeup,Lipstick,Others,Active,2469,5,6,,0,0,BGR West,2,1,,53
2025-07,OUT0001,Shoppers Stop - Ahmedabad 1,Shoppers Stop,Department Store,Ahmedabad,Gujarat,West,SKU0015,Blush & Co Mascara A,Blush & Co,Makeup,Mascara,Top 25,Active,1219,33,43,,5,7022,BGR West,13,13,,49
2025-07,OUT0001,Shoppers Stop - Ahmedabad 1,Shoppers Stop,Department Store,Ahmedabad,Gujarat,West,SKU0017,Lumina Mascara C,Lumina,Makeup,Mascara,Top 10,Active,529,17,19,,7,3666,BGR West,10,9,,49
2025-07,OUT0001,Shoppers Stop - Ahmedabad 1,Shoppers Stop,Department Store,Ahmedabad,Gujarat,West,SKU0018,Northline Eyeliner A,Northline,Makeup,Eyeliner,Others,Active,1959,5,9,,0,0,BGR West,4,4,,52
2025-07,OUT0001,Shoppers Stop - Ahmedabad 1,Shoppers Stop,Department Store,Ahmedabad,Gujarat,West,SKU0020,Lumina Shampoo A,Lumina,Haircare,Shampoo,Top 10,Active,509,13,15,,6,3639,BGR West,8,8,,38
2025-07,OUT0001,Shoppers Stop - Ahmedabad 1,Shoppers Stop,Department Store,Ahmedabad,Gujarat,West,SKU0021,Verde Shampoo B,Verde,Haircare,Shampoo,Others,Active,1319,8,9,,0,0,BGR West,2,1,,37
2025-07,OUT0001,Shoppers Stop - Ahmedabad 1,Shoppers Stop,Department Store,Ahmedabad,Gujarat,West,SKU0023,Northline Conditioner B,Northline,Haircare,Conditioner,Others,Active,379,5,9,,0,0,BGR West,4,4,,33
2025-07,OUT0001,Shoppers Stop - Ahmedabad 1,Shoppers Stop,Department Store,Ahmedabad,Gujarat,West,SKU0027,Lumina EDP B,Lumina,Fragrance,EDP,Top 10,Active,529,14,0,,10,6215,BGR West,14,14,,57
2025-07,OUT0001,Shoppers Stop - Ahmedabad 1,Shoppers Stop,Department Store,Ahmedabad,Gujarat,West,SKU0028,Northline EDT A,Northline,Fragrance,EDT,Top 25,Active,1109,1,3,,4,4972,BGR West,6,6,,58
2025-07,OUT0001,Shoppers Stop - Ahmedabad 1,Shoppers Stop,Department Store,Ahmedabad,Gujarat,West,SKU0030,Blush & Co EDT C,Blush & Co,Fragrance,EDT,Others,Active,779,2,2,,1,883,BGR West,2,1,,55
2025-07,OUT0001,Shoppers Stop - Ahmedabad 1,Shoppers Stop,Department Store,Ahmedabad,Gujarat,West,SKU0031,Lumina Body Mist A,Lumina,Fragrance,Body Mist,Top 25,Active,2119,3,10,,2,3966,BGR West,9,9,,55
2025-07,OUT0001,Shoppers Stop - Ahmedabad 1,Shoppers Stop,Department Store,Ahmedabad,Gujarat,West,SKU0033,Northline Body Lotion A,Northline,Bath & Body,Body Lotion,Top 10,Active,1239,0,6,,12,16687,BGR West,19,18,,42
2025-07,OUT0001,Shoppers Stop - Ahmedabad 1,Shoppers Stop,Department Store,Ahmedabad,Gujarat,West,SKU0034,Northline Body Lotion B,Northline,Bath & Body,Body Lotion,Top 25,Active,989,11,28,,4,4824,BGR West,9,6,,41
2025-07,OUT0001,Shoppers Stop - Ahmedabad 1,Shoppers Stop,Department Store,Ahmedabad,Gujarat,West,SKU0036,Northline Body Wash B,Northline,Bath & Body,Body Wash,Others,Active,1179,10,13,,0,0,BGR West,4,3,,40
2025-07,OUT0001,Shoppers Stop - Ahmedabad 1,Shoppers Stop,Department Store,Ahmedabad,Gujarat,West,SKU0037,Verde Body Wash C,Verde,Bath & Body,Body Wash,Top 25,Active,2239,4,6,,2,4167,BGR West,7,4,,38
2025-07,OUT0001,Shoppers Stop - Ahmedabad 1,Shoppers Stop,Department Store,Ahmedabad,Gujarat,West,SKU0039,Northline Hand Cream B,Northline,Bath & Body,Hand Cream,Others,Active,1189,6,5,,1,1321,BGR West,1,0,,37
2025-07,OUT0002,Shoppers Stop - Hyderabad 2,Shoppers Stop,Department Store,Hyderabad,Telangana,South,SKU0001,Blush & Co Moisturizer A,Blush & Co,Skincare,Moisturizer,Others,Active,2319,10,10,,1,2661,BGR South,2,1,,42
2025-07,OUT0002,Shoppers Stop - Hyderabad 2,Shoppers Stop,Department Store,Hyderabad,Telangana,South,SKU0002,Verde Moisturizer B,Verde,Skincare,Moisturizer,Top 10,Active,1179,54,65,,16,20582,BGR South,27,27,,42
2025-07,OUT0002,Shoppers Stop - Hyderabad 2,Shoppers Stop,Department Store,Hyderabad,Telangana,South,SKU0003,Verde Serum A,Verde,Skincare,Serum,Top 25,Active,2419,59,76,,19,47541,BGR South,41,36,,45
2025-07,OUT0002,Shoppers Stop - Hyderabad 2,Shoppers Stop,Department Store,Hyderabad,Telangana,South,SKU0004,Northline Serum B,Northline,Skincare,Serum,Top 25,Active,2489,28,34,,6,14906,BGR South,15,12,,43
2025-07,OUT0002,Shoppers Stop - Hyderabad 2,Shoppers Stop,Department Store,Hyderabad,Telangana,South,SKU0006,Blush & Co Cleanser A,Blush & Co,Skincare,Cleanser,Top 10,Active,289,0,12,,32,10379,BGR South,55,44,,46
2025-07,OUT0002,Shoppers Stop - Hyderabad 2,Shoppers Stop,Department Store,Hyderabad,Telangana,South,SKU0007,Northline Cleanser B,Northline,Skincare,Cleanser,Others,Active,1809,10,0,,1,2209,BGR South,2,2,,42
2025-07,OUT0002,Shoppers Stop - Hyderabad 2,Shoppers Stop,Department Store,Hyderabad,Telangana,South,SKU0009,Blush & Co Sunscreen B,Blush & Co,Skincare,Sunscreen,Others,Inactive,1629,14,15,,5,8780,BGR South,8,6,,46
2025-07,OUT0002,Shoppers Stop - Hyderabad 2,Shoppers Stop,Department Store,Hyderabad,Telangana,South,SKU0010,Blush & Co Foundation A,Blush & Co,Makeup,Foundation,Others,Active,1419,12,12,,2,3503,BGR South,2,2,,49
2025-07,OUT0002,Shoppers Stop - Hyderabad 2,Shoppers Stop,Department Store,Hyderabad,Telangana,South,SKU0011,Lumina Foundation B,Lumina,Makeup,Foundation,Top 10,Inactive,1889,58,71,,17,33339,BGR South,30,30,,52
2025-07,OUT0002,Shoppers Stop - Hyderabad 2,Shoppers Stop,Department Store,Hyderabad,Telangana,South,SKU0013,Northline Lipstick B,Northline,Makeup,Lipstick,Others,Active,2469,4,8,,0,0,BGR South,4,4,,49
2025-07,OUT0002,Shoppers Stop - Hyderabad 2,Shoppers Stop,Department Store,Hyderabad,Telangana,South,SKU0014,Lumina Lipstick C,Lumina,Makeup,Lipstick,Top 25,Active,1729,30,35,,7,11598,BGR South,13,12,,53
2025-07,OUT0002,Shoppers Stop - Hyderabad 2,Shoppers Stop,Department Store,Hyderabad,Telangana,South,SKU0015,Blush & Co Mascara A,Blush & Co,Makeup,Mascara,Top 25,Active,1219,44,52,,6,6605,BGR South,14,14,,53
2025-07,OUT0002,Shoppers Stop - Hyderabad 2,Shoppers Stop,Department Store,Hyderabad,Telangana,South,SKU0016,Verde Mascara B,Verde,Makeup,Mascara,Top 25,Active,199,3,9,,8,1609,BGR South,14,14,,47
2025-07,OUT0002,Shoppers Stop - Hyderabad 2,Shoppers Stop,Department Store,Hyderabad,Telangana,South,SKU0017,Lumina Mascara C,Lumina,Makeup,Mascara,Top 10,Active,529,56,62,,22,14175,BGR South,32,28,,48
2025-07,OUT0002,Shoppers Stop - Hyderabad 2,Shoppers Stop,Department Store,Hyderabad,Telangana,South,SKU0020,Lumina Shampoo A,Lumina,Haircare,Shampoo,Top 10,Active,509,62,59,,23,10918,BGR South,23,20,,32
2025-07,OUT0002,Shoppers Stop - Hyderabad 2,Shoppers Stop,Department Store,Hyderabad,Telangana,South,SKU0021,Verde Shampoo B,Verde,Haircare,Shampoo,Others,Active,1319,7,6,,3,4934,BGR South,4,2,,36
2025-07,OUT0002,Shoppers Stop - Hyderabad 2,Shoppers Stop,Department Store,Hyderabad,Telangana,South,SKU0022,Northline Conditioner A,Northline,Haircare,Conditioner,Others,Active,779,10,14,,4,3833,BGR South,8,8,,32
2025-07,OUT0002,Shoppers Stop - Hyderabad 2,Shoppers Stop,Department Store,Hyderabad,Telangana,South,SKU0023,Northline Conditioner B,Northline,Haircare,Conditioner,Others,Active,379,10,11,,0,0,BGR South,2,1,,33
2025-07,OUT0002,Shoppers Stop - Hyderabad 2,Shoppers Stop,Department Store,Hyderabad,Telangana,South,SKU0027,Lumina EDP B,Lumina,Fragrance,EDP,Top 10,Active,529,68,84,,24,15111,BGR South,40,40,,55
2025-07,OUT0002,Shoppers Stop - Hyderabad 2,Shoppers Stop,Department Store,Hyderabad,Telangana,South,SKU0029,Blush & Co EDT B,Blush & Co,Fragrance,EDT,Top 25,Active,479,35,0,,4,2280,BGR South,10,8,,55
2025-07,OUT0002,Shoppers Stop - Hyderabad 2,Shoppers Stop,Department Store,Hyderabad,Telangana,South,SKU0030,Blush & Co EDT C,Blush & Co,Fragrance,EDT,Others,Active,779,8,10,,3,2176,BGR South,5,5,,53
2025-07,OUT0002,Shoppers Stop - Hyderabad 2,Shoppers Stop,Department Store,Hyderabad,Telangana,South,SKU0031,Lumina Body Mist A,Lumina,Fragrance,Body Mist,Top 25,Active,2119,59,75,,15,36850,BGR South,31,31,,55
2025-07,OUT0002,Shoppers Stop - Hyderabad 2,Shoppers Stop,Department Store,Hyderabad,Telangana,South,SKU0033,Northline Body Lotion A,Northline,Bath & Body,Body Lotion,Top 10,Active,1239,58,71,,24,34676,BGR South,37,37,,42
2025-07,OUT0002,Shoppers Stop - Hyderabad 2,Shoppers Stop,Department Store,Hyderabad,Telangana,South,SKU0034,Northline Body Lotion B,Northline,Bath & Body,Body Lotion,Top 25,Active,989,7,10,,7,7344,BGR South,15,10,,42
2025-07,OUT0002,Shoppers Stop - Hyderabad 2,Shoppers Stop,Department Store,Hyderabad,Telangana,South,SKU0037,Verde Body Wash C,Verde,Bath & Body,Body Wash,Top 25,Active,2239,53,52,,8,18236,BGR South,10,7,,41
2025-07,OUT0002,Shoppers Stop - Hyderabad 2,Shoppers Stop,Department Store,Hyderabad,Telangana,South,SKU0039,Northline Hand Cream B,Northline,Bath & Body,Hand Cream,Others,Active,1189,3,9,,4,5213,BGR South,11,10,,42
2025-07,OUT0003,Shoppers Stop - Ludhiana 3,Shoppers Stop,Department Store,Ludhiana,Punjab,North,SKU0003,Verde Serum A,Verde,Skincare,Serum,Top 25,Active,2419,11,16,,4,9950,BGR North,10,9,,48
2025-07,OUT0003,Shoppers Stop - Ludhiana 3,Shoppers Stop,Department Store,Ludhiana,Punjab,North,SKU0004,Northline Serum B,Northline,Skincare,Serum,Top 25,Active,2489,5,6,,1,2364,BGR North,3,2,,46
2025-07,OUT0003,Shoppers Stop - Ludhiana 3,Shoppers Stop,Department Store,Ludhiana,Punjab,North,SKU0006,Blush & Co Cleanser A,Blush & Co,Skincare,Cleanser,Top 10,Active,289,39,39,,8,2569,BGR North,11,8,,43
2025-07,OUT0003,Shoppers Stop - Ludhiana 3,Shoppers Stop,Department Store,Ludhiana,Punjab,North,SKU0008,Lumina Sunscreen A,Lumina,Skincare,Sunscreen,Others,Active,1599,2,3,,0,0,BGR North,1,1,,47
2025-07,OUT0003,Shoppers Stop - Ludhiana 3,Shoppers Stop,Department Store,Ludhiana,Punjab,North,SKU0009,Blush & Co Sunscreen B,Blush & Co,Skincare,Sunscreen,Others,Inactive,1629,8,13,,1,1913,BGR North,6,6,,44
2025-07,OUT0003,Shoppers Stop - Ludhiana 3,Shoppers Stop,Department Store,Ludhiana,Punjab,North,SKU0011,Lumina Foundation B,Lumina,Makeup,Foundation,Top 10,Inactive,1889,21,22,,6,13269,BGR North,8,7,,50
2025-07,OUT0003,Shoppers Stop - Ludhiana 3,Shoppers Stop,Department Store,Ludhiana,Punjab,North,SKU0012,Northline Lipstick A,Northline,Makeup,Lipstick,Others,Active,2429,4,6,,0,0,BGR North,4,2,,48
2025-07,OUT0003,Shoppers Stop - Ludhiana 3,Shoppers Stop,Department Store,Ludhiana,Punjab,North,SKU0013,Northline Lipstick B,Northline,Makeup,Lipstick,Others,Active,2469,0,3,,0,0,BGR North,3,3,,52
2025-07,OUT0003,Shoppers Stop - Ludhiana 3,Shoppers Stop,Department Store,Ludhiana,Punjab,North,SKU0014,Lumina Lipstick C,Lumina,Makeup,Lipstick,Top 25,Active,1729,6,12,,1,2081,BGR North,7,7,,53
2025-07,OUT0003,Shoppers Stop - Ludhiana 3,Shoppers Stop,Department Store,Ludhiana,Punjab,North,SKU0015,Blush & Co Mascara A,Blush & Co,Makeup,Mascara,Top 25,Active,1219,17,19,,2,2296,BGR North,4,4,,48
2025-07,OUT0003,Shoppers Stop - Ludhiana 3,Shoppers Stop,Department Store,Ludhiana,Punjab,North,SKU0016,Verde Mascara B,Verde,Makeup,Mascara,Top 25,Active,199,8,9,,3,554,BGR North,6,4,,53
2025-07,OUT0003,Shoppers Stop - Ludhiana 3,Shoppers Stop,Department Store,Ludhiana,Punjab,North,SKU0017,Lumina Mascara C,Lumina,Makeup,Mascara,Top 10,Active,529,13,19,,7,4598,BGR North,15,13,,49
2025-07,OUT0003,Shoppers Stop - Ludhiana 3,Shoppers Stop,Department Store,Ludhiana,Punjab,North,SKU0018,Northline Eyeliner A,Northline,Makeup,Eyeliner,Others,Active,1959,8,8,,0,0,BGR North,1,0,,47
2025-07,OUT0003,Shoppers Stop - Ludhiana 3,Shoppers Stop,Department Store,Ludhiana,Punjab,North,SKU0019,Northline Eyeliner B,Northline,Makeup,Eyeliner,Others,Active,1889,7,10,,0,0,BGR North,4,3,,52
2025-07,OUT0003,Shoppers Stop - Ludhiana 3,Shoppers Stop,Department Store,Ludhiana,Punjab,North,SKU0020,Lumina Shampoo A,Lumina,Haircare,Shampoo,Top 10,Active,509,13,16,,6,3279,BGR North,12,9,,36
2025-07,OUT0003,Shoppers Stop - Ludhiana 3,Shoppers Stop,Department Store,Ludhiana,Punjab,North,SKU0023,Northline Conditioner B,Northline,Haircare,Conditioner,Others,Active,379,7,7,,0,0,BGR North,0,0,,34
2025-07,OUT0003,Shoppers Stop - Ludhiana 3,Shoppers Stop,Department Store,Ludhiana,Punjab,North,SKU0027,Lumina EDP B,Lumina,Fragrance,EDP,Top 10,Active,529,24,27,,6,3347,BGR North,9,9,,56
2025-07,OUT0003,Shoppers Stop - Ludhiana 3,Shoppers Stop,Department Store,Ludhiana,Punjab,North,SKU0029,Blush & Co EDT B,Blush & Co,Fragrance,EDT,Top 25,Active,479,8,8,,2,931,BGR North,3,2,,55
2025-07,OUT0003,Shoppers Stop - Ludhiana 3,Shoppers Stop,Department Store,Ludhiana,Punjab,North,SKU0031,Lumina Body Mist A,Lumina,Fragrance,Body Mist,Top 25,Active,2119,14,18,,4,8591,BGR North,10,8,,56
2025-07,OUT0003,Shoppers Stop - Ludhiana 3,Shoppers Stop,Department Store,Ludhiana,Punjab,North,SKU0033,Northline Body Lotion A,Northline,Bath & Body,Body Lotion,Top 10,Active,1239,27,30,,9,11005,BGR North,14,12,,42
2025-07,OUT0003,Shoppers Stop - Ludhiana 3,Shoppers Stop,Department Store,Ludhiana,Punjab,North,SKU0035,Northline Body Wash A,Northline,Bath & Body,Body Wash,Others,Active,469,6,8,,0,0,BGR North,3,2,,39
2025-07,OUT0003,Shoppers Stop - Ludhiana 3,Shoppers Stop,Department Store,Ludhiana,Punjab,North,SKU0037,Verde Body Wash C,Verde,Bath & Body,Body Wash,Top 25,Active,2239,15,14,,3,6570,BGR North,3,2,,37
2025-07,OUT0003,Shoppers Stop - Ludhiana 3,Shoppers Stop,Department Store,Ludhiana,Punjab,North,SKU0039,Northline Hand Cream B,Northline,Bath & Body,Hand Cream,Others,Active,1189,9,11,,1,1483,BGR North,4,3,,42
2025-07,OUT0004,Shoppers Stop - Kolkata 4,Shoppers Stop,Department Store,Kolkata,West Bengal,East,SKU0001,Blush & Co Moisturizer A,Blush & Co,Skincare,Moisturizer,Others,Active,2319,11,15,,2,5383,BGR East,7,6,,44
2025-07,OUT0004,Shoppers Stop - Kolkata 4,Shoppers Stop,Department Store,Kolkata,West Bengal,East,SKU0002,Verde Moisturizer B,Verde,Skincare,Moisturizer,Top 10,Active,1179,38,34,,18,25795,BGR East,21,14,,45
2025-07,OUT0004,Shoppers Stop - Kolkata 4,Shoppers Stop,Department Store,Kolkata,West Bengal,East,SKU0003,Verde Serum A,Verde,Skincare,Serum,Top 25,Active,2419,42,55,,16,40251,BGR East,33,29,,46
2025-07,OUT0004,Shoppers Stop - Kolkata 4,Shoppers Stop,Department Store,Kolkata,West Bengal,East,SKU0004,Northline Serum B,Northline,Skincare,Serum,Top 25,Active,2489,26,48,,6,17090,BGR East,14,14,,46
2025-07,OUT0004,Shoppers Stop - Kolkata 4,Shoppers Stop,Department Store,Kolkata,West Bengal,East,SKU0005,Northline Serum C,Northline,Skincare,Serum,Others,Inactive,1819,8,9,,1,2239,BGR East,3,2,,45
2025-07,OUT0004,Shoppers Stop - Kolkata 4,Shoppers Stop,Department Store,Kolkata,West Bengal,East,SKU0006,Blush & Co Cleanser A,Blush & Co,Skincare,Cleanser,Top 10,Active,289,30,26,,38,9837,BGR East,49,34,,45
2025-07,OUT0004,Shoppers Stop - Kolkata 4,Shoppers Stop,Department Store,Kolkata,West Bengal,East,SKU0007,Northline Cleanser B,Northline,Skincare,Cleanser,Others,Active,1809,5,0,,2,4426,BGR East,8,6,,46
2025-07,OUT0004,Shoppers Stop - Kolkata 4,Shoppers Stop,Department Store,Kolkata,West Bengal,East,SKU0008,Lumina Sunscreen A,Lumina,Skincare,Sunscreen,Others,Active,1599,7,8,,1,1590,BGR East,2,2,,47
2025-07,OUT0004,Shoppers Stop - Kolkata 4,Shoppers Stop,Department Store,Kolkata,West Bengal,East,SKU0009,Blush & Co Sunscreen B,Blush & Co,Skincare,Sunscreen,Others,Inactive,1629,19,22,,3,5365,BGR East,7,6,,42
2025-07,OUT0004,Shoppers Stop - Kolkata 4,Shoppers Stop,Department Store,Kolkata,West Bengal,East,SKU0011,Lumina Foundation B,Lumina,Makeup,Foundation,Top 10,Inactive,1889,91,95,,18,32873,BGR East,24,22,,47
2025-07,OUT0004,Shoppers Stop - Kolkata 4,Shoppers Stop,Department Store,Kolkata,West Bengal,East,SKU0012,Northline Lipstick A,Northline,Makeup,Lipstick,Others,Active,2429,3,6,,1,2406,BGR East,7,4,,52
2025-07,OUT0004,Shoppers Stop - Kolkata 4,Shoppers Stop,Department Store,Kolkata,West Bengal,East,SKU0013,Northline Lipstick B,Northline,Makeup,Lipstick,Others,Active,2469,7,11,,0,0,BGR East,4,4,,53
2025-07,OUT0004,Shoppers Stop - Kolkata 4,Shoppers Stop,Department Store,Kolkata,West Bengal,East,SKU0014,Lumina Lipstick C,Lumina,Makeup,Lipstick,Top 25,Active,1729,30,36,,6,11274,BGR East,12,12,,51
2025-07,OUT0004,Shoppers Stop - Kolkata 4,Shoppers Stop,Department Store,Kolkata,West Bengal,East,SKU0015,Blush & Co Mascara A,Blush & Co,Makeup,Mascara,Top 25,Active,1219,54,55,,17,25528,BGR East,27,18,,52
2025-07,OUT0004,Shoppers Stop - Kolkata 4,Shoppers Stop,Department Store,Kolkata,West Bengal,East,SKU0016,Verde Mascara B,Verde,Makeup,Mascara,Top 25,Active,199,16,21,,7,1452,BGR East,12,12,,50
2025-07,OUT0004,Shoppers Stop - Kolkata 4,Shoppers Stop,Department Store,Kolkata,West Bengal,East,SKU0018,Northline Eyeliner A,Northline,Makeup,Eyeliner,Others,Active,1959,10,12,,1,2400,BGR East,4,3,,52
2025-07,OUT0004,Shoppers Stop - Kolkata 4,Shoppers Stop,Department Store,Kolkata,West Bengal,East,SKU0020,Lumina Shampoo A,Lumina,Haircare,Shampoo,Top 10,Active,509,45,58,,22,13056,BGR East,35,35,,35
2025-07,OUT0004,Shoppers Stop - Kolkata 4,Shoppers Stop,Department Store,Kolkata,West Bengal,East,SKU0022,Northline Conditioner A,Northline,Haircare,Conditioner,Others,Active,779,16,16,,4,3595,BGR East,5,4,,32
2025-07,OUT0004,Shoppers Stop - Kolkata 4,Shoppers Stop,Department Store,Kolkata,West Bengal,East,SKU0027,Lumina EDP B,Lumina,Fragrance,EDP,Top 10,Active,529,56,70,,22,12082,BGR East,41,36,,57
2025-07,OUT0004,Shoppers Stop - Kolkata 4,Shoppers Stop,Department Store,Kolkata,West Bengal,East,SKU0029,Blush & Co EDT B,Blush & Co,Fragrance,EDT,Top 25,Active,479,10,14,,10,5171,BGR East,16,14,,55
2025-07,OUT0004,Shoppers Stop - Kolkata 4,Shoppers Stop,Department Store,Kolkata,West Bengal,East,SKU0031,Lumina Body Mist A,Lumina,Fragrance,Body Mist,Top 25,Active,2119,34,40,,13,26442,BGR East,19,19,,53
2025-07,OUT0004,Shoppers Stop - Kolkata 4,Shoppers Stop,Department Store,Kolkata,West Bengal,East,SKU0033,Northline Body Lotion A,Northline,Bath & Body,Body Lotion,Top 10,Active,1239,66,63,,16,22706,BGR East,17,13,,41
2025-07,OUT0004,Shoppers Stop - Kolkata 4,Shoppers Stop,Department Store,Kolkata,West Bengal,East,SKU0036,Northline Body Wash B,Northline,Bath & Body,Body Wash,Others,Active,1179,3,6,,1,1107,BGR East,4,4,,41
2025-07,OUT0004,Shoppers Stop - Kolkata 4,Shoppers Stop,Department Store,Kolkata,West Bengal,East,SKU0037,Verde Body Wash C,Verde,Bath & Body,Body Wash,Top 25,Active,2239,0,7,,10,26532,BGR East,19,17,,39
2025-07,OUT0004,Shoppers Stop - Kolkata 4,Shoppers Stop,Department Store,Kolkata,West Bengal,East,SKU0038,Blush & Co Hand Cream A,Blush & Co,Bath & Body,Hand Cream,Others,Active,489,30,33,,3,1571,BGR East,8,6,,37
2025-07,OUT0005,Shoppers Stop - Noida 5,Shoppers Stop,Department Store,Noida,UP,North,SKU0001,Blush & Co Moisturizer A,Blush & Co,Skincare,Moisturizer,Others,Active,2319,2,2,,0,0,BGR North,1,0,,47
2025-07,OUT0005,Shoppers Stop - Noida 5,Shoppers Stop,Department Store,Noida,UP,North,SKU0002,Verde Moisturizer B,Verde,Skincare,Moisturizer,Top 10,Active,1179,23,24,,5,6978,BGR North,9,6,,43
2025-07,OUT0005,Shoppers Stop - Noida 5,Shoppers Stop,Department Store,Noida,UP,North,SKU0003,Verde Serum A,Verde,Skincare,Serum,Top 25,Active,2419,30,31,,6,15546,BGR North,11,7,,45
2025-07,OUT0005,Shoppers Stop - Noida 5,Shoppers Stop,Department Store,Noida,UP,North,SKU0004,Northline Serum B,Northline,Skincare,Serum,Top 25,Active,2489,0,3,,2,6049,BGR North,6,5,,46
2025-07,OUT0005,Shoppers Stop - Noida 5,Shoppers Stop,Department Store,Noida,UP,North,SKU0006,Blush & Co Cleanser A,Blush & Co,Skincare,Cleanser,Top 10,Active,289,38,46,,9,3254,BGR North,19,17,,43
2025-07,OUT0005,Shoppers Stop - Noida 5,Shoppers Stop,Department Store,Noida,UP,North,SKU0010,Blush & Co Foundation A,Blush & Co,Makeup,Foundation,Others,Active,1419,6,7,,1,1584,BGR North,3,2,,50
2025-07,OUT0005,Shoppers Stop - Noida 5,Shoppers Stop,Department Store,Noida,UP,North,SKU0011,Lumina Foundation B,Lumina,Makeup,Foundation,Top 10,Inactive,1889,0,2,,4,9144,BGR North,9,6,,51
2025-07,OUT0005,Shoppers Stop - Noida 5,Shoppers Stop,Department Store,Noida,UP,North,SKU0012,Northline Lipstick A,Northline,Makeup,Lipstick,Others,Active,2429,2,4,,0,0,BGR North,3,2,,47
2025-07,OUT0005,Shoppers Stop - Noida 5,Shoppers Stop,Department Store,Noida,UP,North,SKU0014,Lumina Lipstick C,Lumina,Makeup,Lipstick,Top 25,Active,1729,13,20,,2,4146,BGR North,9,9,,50
2025-07,OUT0005,Shoppers Stop - Noida 5,Shoppers Stop,Department Store,Noida,UP,North,SKU0015,Blush & Co Mascara A,Blush & Co,Makeup,Mascara,Top 25,Active,1219,1,3,,3,3731,BGR North,7,5,,50
2025-07,OUT0005,Shoppers Stop - Noida 5,Shoppers Stop,Department Store,Noida,UP,North,SKU0016,Verde Mascara B,Verde,Makeup,Mascara,Top 25,Active,199,0,6,,2,360,BGR North,8,8,,53
2025-07,OUT0005,Shoppers Stop - Noida 5,Shoppers Stop,Department Store,Noida,UP,North,SKU0017,Lumina Mascara C,Lumina,Makeup,Mascara,Top 10,Active,529,18,25,,10,5978,BGR North,22,17,,48
2025-07,OUT0005,Shoppers Stop - Noida 5,Shoppers Stop,Department Store,Noida,UP,North,SKU0018,Northline Eyeliner A,Northline,Makeup,Eyeliner,Others,Active,1959,8,13,,0,0,BGR North,5,5,,49
2025-07,OUT0005,Shoppers Stop - Noida 5,Shoppers Stop,Department Store,Noida,UP,North,SKU0019,Northline Eyeliner B,Northline,Makeup,Eyeliner,Others,Active,1889,0,1,,0,0,BGR North,2,1,,48
2025-07,OUT0005,Shoppers Stop - Noida 5,Shoppers Stop,Department Store,Noida,UP,North,SKU0020,Lumina Shampoo A,Lumina,Haircare,Shampoo,Top 10,Active,509,30,0,,5,2539,BGR North,5,3,,35
2025-07,OUT0005,Shoppers Stop - Noida 5,Shoppers Stop,Department Store,Noida,UP,North,SKU0021,Verde Shampoo B,Verde,Haircare,Shampoo,Others,Active,1319,0,3,,1,1209,BGR North,4,4,,38
2025-07,OUT0005,Shoppers Stop - Noida 5,Shoppers Stop,Department Store,Noida,UP,North,SKU0022,Northline Conditioner A,Northline,Haircare,Conditioner,Others,Active,779,9,13,,1,744,BGR North,5,5,,37
2025-07,OUT0005,Shoppers Stop - Noida 5,Shoppers Stop,Department Store,Noida,UP,North,SKU0027,Lumina EDP B,Lumina,Fragrance,EDP,Top 10,Active,529,11,19,,5,3108,BGR North,13,13,,54
2025-07,OUT0005,Shoppers Stop - Noida 5,Shoppers Stop,Department Store,Noida,UP,North,SKU0029,Blush & Co EDT B,Blush & Co,Fragrance,EDT,Top 25,Active,479,0,4,,2,1086,BGR North,6,6,,56
2025-07,OUT0005,Shoppers Stop - Noida 5,Shoppers Stop,Department Store,Noida,UP,North,SKU0033,Northline Body Lotion A,Northline,Bath & Body,Body Lotion,Top 10,Active,1239,24,29,,5,6206,BGR North,13,13,,43
2025-07,OUT0005,Shoppers Stop - Noida 5,Shoppers Stop,Department Store,Noida,UP,North,SKU0034,Northline Body Lotion B,Northline,Bath & Body,Body Lotion,Top 25,Active,989,16,19,,3,2881,BGR North,7,6,,40
2025-07,OUT0005,Shoppers Stop - Noida 5,Shoppers Stop,Department Store,Noida,UP,North,SKU0035,Northline Body Wash A,Northline,Bath & Body,Body Wash,Others,Active,469,6,8,,0,0,BGR North,4,2,,39
2025-07,OUT0005,Shoppers Stop - Noida 5,Shoppers Stop,Department Store,Noida,UP,North,SKU0036,Northline Body Wash B,Northline,Bath & Body,Body Wash,Others,Active,1179,5,6,,0,0,BGR North,2,1,,39
2025-07,OUT0005,Shoppers Stop - Noida 5,Shoppers Stop,Department Store,Noida,UP,North,SKU0037,Verde Body Wash C,Verde,Bath & Body,Body Wash,Top 25,Active,2239,0,3,,2,4655,BGR North,5,5,,40
2025-07,OUT0005,Shoppers Stop - Noida 5,Shoppers Stop,Department Store,Noida,UP,North,SKU0038,Blush & Co Hand Cream A,Blush & Co,Bath & Body,Hand Cream,Others,Active,489,4,8,,0,0,BGR North,5,4,,41
2025-07,OUT0005,Shoppers Stop - Noida 5,Shoppers Stop,Department Store,Noida,UP,North,SKU0039,Northline Hand Cream B,Northline,Bath & Body,Hand Cream,Others,Active,1189,4,4,,1,1203,BGR North,1,1,,40
2025-07,OUT0006,Shoppers Stop - Surat 6,Shoppers Stop,Department Store,Surat,Gujarat,West,SKU0001,Blush & Co Moisturizer A,Blush & Co,Skincare,Moisturizer,Others,Active,2319,0,2,,1,2615,BGR West,3,3,,45
2025-07,OUT0006,Shoppers Stop - Surat 6,Shoppers Stop,Department Store,Surat,Gujarat,West,SKU0002,Verde Moisturizer B,Verde,Skincare,Moisturizer,Top 10,Active,1179,26,25,,6,8814,BGR West,8,5,,46
2025-07,OUT0006,Shoppers Stop - Surat 6,Shoppers Stop,Department Store,Surat,Gujarat,West,SKU0003,Verde Serum A,Verde,Skincare,Serum,Top 25,Active,2419,16,24,,6,17096,BGR West,14,14,,45
2025-07,OUT0006,Shoppers Stop - Surat 6,Shoppers Stop,Department Store,Surat,Gujarat,West,SKU0005,Northline Serum C,Northline,Skincare,Serum,Others,Inactive,1819,4,5,,0,0,BGR West,1,1,,45
2025-07,OUT0006,Shoppers Stop - Surat 6,Shoppers Stop,Department Store,Surat,Gujarat,West,SKU0006,Blush & Co Cleanser A,Blush & Co,Skincare,Cleanser,Top 10,Active,289,26,27,,7,2256,BGR West,11,8,,43
2025-07,OUT0006,Shoppers Stop - Surat 6,Shoppers Stop,Department Store,Surat,Gujarat,West,SKU0007,Northline Cleanser B,Northline,Skincare,Cleanser,Others,Active,1809,8,9,,0,0,BGR West,2,1,,46
2025-07,OUT0006,Shoppers Stop - Surat 6,Shoppers Stop,Department Store,Surat,Gujarat,West,SKU0008,Lumina Sunscreen A,Lumina,Skincare,Sunscreen,Others,Active,1599,6,10,,0,0,BGR West,4,4,,46
2025-07,OUT0006,Shoppers Stop - Surat 6,Shoppers Stop,Department Store,Surat,Gujarat,West,SKU0011,Lumina Foundation B,Lumina,Makeup,Foundation,Top 10,Inactive,1889,31,39,,8,15908,BGR West,18,16,,49
2025-07,OUT0006,Shoppers Stop - Surat 6,Shoppers Stop,Department Store,Surat,Gujarat,West,SKU0012,Northline Lipstick A,Northline,Makeup,Lipstick,Others,Active,2429,5,7,,0,0,BGR West,3,2,,52
2025-07,OUT0006,Shoppers Stop - Surat 6,Shoppers Stop,Department Store,Surat,Gujarat,West,SKU0013,Northline Lipstick B,Northline,Makeup,Lipstick,Others,Active,2469,4,4,,0,0,BGR West,0,0,,48
2025-07,OUT0006,Shoppers Stop - Surat 6,Shoppers Stop,Department Store,Surat,Gujarat,West,SKU0014,Lumina Lipstick C,Lumina,Makeup,Lipstick,Top 25,Active,1729,8,11,,2,3421,BGR West,5,5,,50
2025-07,OUT0006,Shoppers Stop - Surat 6,Shoppers Stop,Department Store,Surat,Gujarat,West,SKU0016,Verde Mascara B,Verde,Makeup,Mascara,Top 25,Active,199,10,14,,3,730,BGR West,8,7,,47
2025-07,OUT0006,Shoppers Stop - Surat 6,Shoppers Stop,Department Store,Surat,Gujarat,West,SKU0017,Lumina Mascara C,Lumina,Makeup,Mascara,Top 10,Active,529,29,28,,9,4732,BGR West,9,8,,47
2025-07,OUT0006,Shoppers Stop - Surat 6,Shoppers Stop,Department Store,Surat,Gujarat,West,SKU0018,Northline Eyeliner A,Northline,Makeup,Eyeliner,Others,Active,1959,2,2,,0,0,BGR West,1,0,,50
2025-07,OUT0006,Shoppers Stop - Surat 6,Shoppers Stop,Department Store,Surat,Gujarat,West,SKU0020,Lumina Shampoo A,Lumina,Haircare,Shampoo,Top 10,Active,509,26,0,,29,14570,BGR West,44,35,,35
2025-07,OUT0006,Shoppers Stop - Surat 6,Shoppers Stop,Department Store,Surat,Gujarat,West,SKU0021,Verde Shampoo B,Verde,Haircare,Shampoo,Others,Active,1319,0,0,,1,1393,BGR West,1,0,,38
2025-07,OUT0006,Shoppers Stop - Surat 6,Shoppers Stop,Department Store,Surat,Gujarat,West,SKU0027,Lumina EDP B,Lumina,Fragrance,EDP,Top 10,Active,529,2,7,,5,2932,BGR West,11,10,,54
2025-07,OUT0006,Shoppers Stop - Surat 6,Shoppers Stop,Department Store,Surat,Gujarat,West,SKU0028,Northline EDT A,Northline,Fragrance,EDT,Top 25,Active,1109,5,5,,6,8224,BGR West,8,6,,56
2025-07,OUT0006,Shoppers Stop - Surat 6,Shoppers Stop,Department Store,Surat,Gujarat,West,SKU0031,Lumina Body Mist A,Lumina,Fragrance,Body Mist,Top 25,Active,2119,0,6,,3,7405,BGR West,10,9,,56
2025-07,OUT0006,Shoppers Stop - Surat 6,Shoppers Stop,Department Store,Surat,Gujarat,West,SKU0033,Northline Body Lotion A,Northline,Bath & Body,Body Lotion,Top 10,Active,1239,30,32,,8,12054,BGR West,11,10,,38
2025-07,OUT0006,Shoppers Stop - Surat 6,Shoppers Stop,Department Store,Surat,Gujarat,West,SKU0034,Northline Body Lotion B,Northline,Bath & Body,Body Lotion,Top 25,Active,989,2,1,,6,6410,BGR West,8,5,,39
2025-07,OUT0006,Shoppers Stop - Surat 6,Shoppers Stop,Department Store,Surat,Gujarat,West,SKU0035,Northline Body Wash A,Northline,Bath & Body,Body Wash,Others,Active,469,7,0,,1,524,BGR West,2,1,,41
2025-07,OUT0006,Shoppers Stop - Surat 6,Shoppers Stop,Department Store,Surat,Gujarat,West,SKU0036,Northline Body Wash B,Northline,Bath & Body,Body Wash,Others,Active,1179,6,9,,0,0,BGR West,4,3,,41
2025-07,OUT0006,Shoppers Stop - Surat 6,Shoppers Stop,Department Store,Surat,Gujarat,West,SKU0037,Verde Body Wash C,Verde,Bath & Body,Body Wash,Top 25,Active,2239,13,17,,3,6920,BGR West,8,7,,40
2025-07,OUT0006,Shoppers Stop - Surat 6,Shoppers Stop,Department Store,Surat,Gujarat,West,SKU0039,Northline Hand Cream B,Northline,Bath & Body,Hand Cream,Others,Active,1189,12,12,,1,1318,BGR West,2,1,,42
2025-07,OUT0007,Shoppers Stop - Hyderabad 7,Shoppers Stop,Department Store,Hyderabad,Telangana,South,SKU0002,Verde Moisturizer B,Verde,Skincare,Moisturizer,Top 10,Active,1179,11,12,,4,4936,BGR South,6,5,,45
2025-07,OUT0007,Shoppers Stop - Hyderabad 7,Shoppers Stop,Department Store,Hyderabad,Telangana,South,SKU0005,Northline Serum C,Northline,Skincare,Serum,Others,Inactive,1819,3,4,,0,0,BGR South,2,1,,42
2025-07,OUT0007,Shoppers Stop - Hyderabad 7,Shoppers Stop,Department Store,Hyderabad,Telangana,South,SKU0006,Blush & Co Cleanser A,Blush & Co,Skincare,Cleanser,Top 10,Active,289,10,14,,10,2811,BGR South,14,14,,42
2025-07,OUT0007,Shoppers Stop - Hyderabad 7,Shoppers Stop,Department Store,Hyderabad,Telangana,South,SKU0008,Lumina Sunscreen A,Lumina,Skincare,Sunscreen,Others,Active,1599,3,5,,0,0,BGR South,3,2,,43
2025-07,OUT0007,Shoppers Stop - Hyderabad 7,Shoppers Stop,Department Store,Hyderabad,Telangana,South,SKU0009,Blush & Co Sunscreen B,Blush & Co,Skincare,Sunscreen,Others,Inactive,1629,3,4,,1,1619,BGR South,3,2,,43
2025-07,OUT0007,Shoppers Stop - Hyderabad 7,Shoppers Stop,Department Store,Hyderabad,Telangana,South,SKU0010,Blush & Co Foundation A,Blush & Co,Makeup,Foundation,Others,Active,1419,4,5,,0,0,BGR South,2,1,,51
2025-07,OUT0007,Shoppers Stop - Hyderabad 7,Shoppers Stop,Department Store,Hyderabad,Telangana,South,SKU0011,Lumina Foundation B,Lumina,Makeup,Foundation,Top 10,Inactive,1889,30,40,,7,12282,BGR South,17,17,,49
2025-07,OUT0007,Shoppers Stop - Hyderabad 7,Shoppers Stop,Department Store,Hyderabad,Telangana,South,SKU0012,Northline Lipstick A,Northline,Makeup,Lipstick,Others,Active,2429,1,4,,0,0,BGR South,5,3,,48
2025-07,OUT0007,Shoppers Stop - Hyderabad 7,Shoppers Stop,Department Store,Hyderabad,Telangana,South,SKU0014,Lumina Lipstick C,Lumina,Makeup,Lipstick,Top 25,Active,1729,20,19,,3,5172,BGR South,4,2,,48
2025-07,OUT0007,Shoppers Stop - Hyderabad 7,Shoppers Stop,Department Store,Hyderabad,Telangana,South,SKU0015,Blush & Co Mascara A,Blush & Co,Makeup,Mascara,Top 25,Active,1219,15,19,,6,7770,BGR South,12,10,,50
2025-07,OUT0007,Shoppers Stop - Hyderabad 7,Shoppers Stop,Department Store,Hyderabad,Telangana,South,SKU0016,Verde Mascara B,Verde,Makeup,Mascara,Top 25,Active,199,4,7,,4,964,BGR South,7,7,,49
2025-07,OUT0007,Shoppers Stop - Hyderabad 7,Shoppers Stop,Department Store,Hyderabad,Telangana,South,SKU0017,Lumina Mascara C,Lumina,Makeup,Mascara,Top 10,Active,529,15,17,,9,5419,BGR South,11,11,,52
2025-07,OUT0007,Shoppers Stop - Hyderabad 7,Shoppers Stop,Department Store,Hyderabad,Telangana,South,SKU0018,Northline Eyeliner A,Northline,Makeup,Eyeliner,Others,Active,1959,7,0,,0,0,BGR South,0,0,,49
2025-07,OUT0007,Shoppers Stop - Hyderabad 7,Shoppers Stop,Department Store,Hyderabad,Telangana,South,SKU0019,Northline Eyeliner B,Northline,Makeup,Eyeliner,Others,Active,1889,6,7,,3,6017,BGR South,7,4,,53
2025-07,OUT0007,Shoppers Stop - Hyderabad 7,Shoppers Stop,Department Store,Hyderabad,Telangana,South,SKU0022,Northline Conditioner A,Northline,Haircare,Conditioner,Others,Active,779,4,0,,1,825,BGR South,4,3,,34
2025-07,OUT0007,Shoppers Stop - Hyderabad 7,Shoppers Stop,Department Store,Hyderabad,Telangana,South,SKU0023,Northline Conditioner B,Northline,Haircare,Conditioner,Others,Active,379,0,2,,0,0,BGR South,3,2,,34
2025-07,OUT0007,Shoppers Stop - Hyderabad 7,Shoppers Stop,Department Store,Hyderabad,Telangana,South,SKU0027,Lumina EDP B,Lumina,Fragrance,EDP,Top 10,Active,529,22,31,,7,4256,BGR South,17,16,,58
2025-07,OUT0007,Shoppers Stop - Hyderabad 7,Shoppers Stop,Department Store,Hyderabad,Telangana,South,SKU0031,Lumina Body Mist A,Lumina,Fragrance,Body Mist,Top 25,Active,2119,15,19,,5,9794,BGR South,11,9,,54
2025-07,OUT0007,Shoppers Stop - Hyderabad 7,Shoppers Stop,Department Store,Hyderabad,Telangana,South,SKU0032,Northline Body Mist B,Northline,Fragrance,Body Mist,Others,Inactive,2229,8,10,,0,0,BGR South,3,2,,56
2025-07,OUT0007,Shoppers Stop - Hyderabad 7,Shoppers Stop,Department Store,Hyderabad,Telangana,South,SKU0034,Northline Body Lotion B,Northline,Bath & Body,Body Lotion,Top 25,Active,989,26,26,,3,3407,BGR South,6,5,,38
2025-07,OUT0007,Shoppers Stop - Hyderabad 7,Shoppers Stop,Department Store,Hyderabad,Telangana,South,SKU0035,Northline Body Wash A,Northline,Bath & Body,Body Wash,Others,Active,469,5,6,,0,0,BGR South,1,1,,43
2025-07,OUT0007,Shoppers Stop - Hyderabad 7,Shoppers Stop,Department Store,Hyderabad,Telangana,South,SKU0036,Northline Body Wash B,Northline,Bath & Body,Body Wash,Others,Active,1179,1,3,,0,0,BGR South,4,2,,39
2025-07,OUT0007,Shoppers Stop - Hyderabad 7,Shoppers Stop,Department Store,Hyderabad,Telangana,South,SKU0037,Verde Body Wash C,Verde,Bath & Body,Body Wash,Top 25,Active,2239,0,0,,3,7367,BGR South,4,2,,38
2025-07,OUT0007,Shoppers Stop - Hyderabad 7,Shoppers Stop,Department Store,Hyderabad,Telangana,South,SKU0039,Northline Hand Cream B,Northline,Bath & Body,Hand Cream,Others,Active,1189,6,8,,1,1271,BGR South,4,3,,40
2025-07,OUT0008,Shoppers Stop - Ahmedabad 8,Shoppers Stop,Department Store,Ahmedabad,Gujarat,West,SKU0002,Verde Moisturizer B,Verde,Skincare,Moisturizer,Top 10,Active,1179,32,38,,10,12894,BGR West,18,16,,43
2025-07,OUT0008,Shoppers Stop - Ahmedabad 8,Shoppers Stop,Department Store,Ahmedabad,Gujarat,West,SKU0003,Verde Serum A,Verde,Skincare,Serum,Top 25,Active,2419,0,0,,8,23068,BGR West,11,8,,44
2025-07,OUT0008,Shoppers Stop - Ahmedabad 8,Shoppers Stop,Department Store,Ahmedabad,Gujarat,West,SKU0004,Northline Serum B,Northline,Skincare,Serum,Top 25,Active,2489,20,21,,5,13079,BGR West,6,6,,42
2025-07,OUT0008,Shoppers Stop - Ahmedabad 8,Shoppers Stop,Department Store,Ahmedabad,Gujarat,West,SKU0006,Blush & Co Cleanser A,Blush & Co,Skincare,Cleanser,Top 10,Active,289,60,68,,11,3019,BGR West,19,19,,43
2025-07,OUT0008,Shoppers Stop - Ahmedabad 8,Shoppers Stop,Department Store,Ahmedabad,Gujarat,West,SKU0010,Blush & Co Foundation A,Blush & Co,Makeup,Foundation,Others,Active,1419,3,6,,1,1680,BGR West,5,4,,47
2025-07,OUT0008,Shoppers Stop - Ahmedabad 8,Shoppers Stop,Department Store,Ahmedabad,Gujarat,West,SKU0011,Lumina Foundation B,Lumina,Makeup,Foundation,Top 10,Inactive,1889,10,20,,14,30527,BGR West,24,24,,52
2025-07,OUT0008,Shoppers Stop - Ahmedabad 8,Shoppers Stop,Department Store,Ahmedabad,Gujarat,West,SKU0012,Northline Lipstick A,Northline,Makeup,Lipstick,Others,Active,2429,8,9,,1,2949,BGR West,3,2,,53
2025-07,OUT0008,Shoppers Stop - Ahmedabad 8,Shoppers Stop,Department Store,Ahmedabad,Gujarat,West,SKU0013,Northline Lipstick B,Northline,Makeup,Lipstick,Others,Active,2469,7,9,,0,0,BGR West,3,2,,53
2025-07,OUT0008,Shoppers Stop - Ahmedabad 8,Shoppers Stop,Department Store,Ahmedabad,Gujarat,West,SKU0014,Lumina Lipstick C,Lumina,Makeup,Lipstick,Top 25,Active,1729,6,8,,5,8182,BGR West,10,7,,51
2025-07,OUT0008,Shoppers Stop - Ahmedabad 8,Shoppers Stop,Department Store,Ahmedabad,Gujarat,West,SKU0015,Blush & Co Mascara A,Blush & Co,Makeup,Mascara,Top 25,Active,1219,29,32,,6,9066,BGR West,11,9,,49
2025-07,OUT0008,Shoppers Stop - Ahmedabad 8,Shoppers Stop,Department Store,Ahmedabad,Gujarat,West,SKU0017,Lumina Mascara C,Lumina,Makeup,Mascara,Top 10,Active,529,36,116,,14,8742,BGR West,31,21,,53
2025-07,OUT0008,Shoppers Stop - Ahmedabad 8,Shoppers Stop,Department Store,Ahmedabad,Gujarat,West,SKU0019,Northline Eyeliner B,Northline,Makeup,Eyeliner,Others,Active,1889,8,7,,2,3984,BGR West,2,1,,52
2025-07,OUT0008,Shoppers Stop - Ahmedabad 8,Shoppers Stop,Department Store,Ahmedabad,Gujarat,West,SKU0020,Lumina Shampoo A,Lumina,Haircare,Shampoo,Top 10,Active,509,38,43,,10,4980,BGR West,16,15,,32
2025-07,OUT0008,Shoppers Stop - Ahmedabad 8,Shoppers Stop,Department Store,Ahmedabad,Gujarat,West,SKU0021,Verde Shampoo B,Verde,Haircare,Shampoo,Others,Active,1319,8,6,,2,2867,BGR West,1,0,,38
2025-07,OUT0008,Shoppers Stop - Ahmedabad 8,Shoppers Stop,Department Store,Ahmedabad,Gujarat,West,SKU0023,Northline Conditioner B,Northline,Haircare,Conditioner,Others,Active,379,2,5,,0,0,BGR West,4,3,,36
2025-07,OUT0008,Shoppers Stop - Ahmedabad 8,Shoppers Stop,Department Store,Ahmedabad,Gujarat,West,SKU0027,Lumina EDP B,Lumina,Fragrance,EDP,Top 10,Active,529,0,6,,15,9909,BGR West,21,21,,52
2025-07,OUT0008,Shoppers Stop - Ahmedabad 8,Shoppers Stop,Department Store,Ahmedabad,Gujarat,West,SKU0028,Northline EDT A,Northline,Fragrance,EDT,Top 25,Active,1109,31,41,,10,12800,BGR West,25,20,,58
2025-07,OUT0008,Shoppers Stop - Ahmedabad 8,Shoppers Stop,Department Store,Ahmedabad,Gujarat,West,SKU0033,Northline Body Lotion A,Northline,Bath & Body,Body Lotion,Top 10,Active,1239,32,44,,17,25973,BGR West,29,29,,40
2025-07,OUT0008,Shoppers Stop - Ahmedabad 8,Shoppers Stop,Department Store,Ahmedabad,Gujarat,West,SKU0034,Northline Body Lotion B,Northline,Bath & Body,Body Lotion,Top 25,Active,989,25,25,,8,7140,BGR West,12,8,,43
2025-07,OUT0008,Shoppers Stop - Ahmedabad 8,Shoppers Stop,Department Store,Ahmedabad,Gujarat,West,SKU0035,Northline Body Wash A,Northline,Bath & Body,Body Wash,Others,Active,469,7,8,,1,478,BGR West,2,2,,39
2025-07,OUT0008,Shoppers Stop - Ahmedabad 8,Shoppers Stop,Department Store,Ahmedabad,Gujarat,West,SKU0037,Verde Body Wash C,Verde,Bath & Body,Body Wash,Top 25,Active,2239,26,29,,5,13739,BGR West,11,8,,41
2025-07,OUT0008,Shoppers Stop - Ahmedabad 8,Shoppers Stop,Department Store,Ahmedabad,Gujarat,West,SKU0039,Northline Hand Cream B,Northline,Bath & Body,Hand Cream,Others,Active,1189,12,14,,2,2905,BGR West,4,4,,39
2025-07,OUT0009,Shoppers Stop - Lucknow 9,Shoppers Stop,Department Store,Lucknow,UP,North,SKU0001,Blush & Co Moisturizer A,Blush & Co,Skincare,Moisturizer,Others,Active,2319,0,1,,1,2836,BGR North,2,2,,43
2025-07,OUT0009,Shoppers Stop - Lucknow 9,Shoppers Stop,Department Store,Lucknow,UP,North,SKU0002,Verde Moisturizer B,Verde,Skincare,Moisturizer,Top 10,Active,1179,40,48,,17,20967,BGR North,25,25,,44
2025-07,OUT0009,Shoppers Stop - Lucknow 9,Shoppers Stop,Department Store,Lucknow,UP,North,SKU0005,Northline Serum C,Northline,Skincare,Serum,Others,Inactive,1819,0,4,,1,1959,BGR North,5,5,,47
2025-07,OUT0009,Shoppers Stop - Lucknow 9,Shoppers Stop,Department Store,Lucknow,UP,North,SKU0006,Blush & Co Cleanser A,Blush & Co,Skincare,Cleanser,Top 10,Active,289,1,10,,14,4293,BGR North,25,23,,44
2025-07,OUT0009,Shoppers Stop - Lucknow 9,Shoppers Stop,Department Store,Lucknow,UP,North,SKU0010,Blush & Co Foundation A,Blush & Co,Makeup,Foundation,Others,Active,1419,4,5,,1,1398,BGR North,3,2,,50
2025-07,OUT0009,Shoppers Stop - Lucknow 9,Shoppers Stop,Department Store,Lucknow,UP,North,SKU0011,Lumina Foundation B,Lumina,Makeup,Foundation,Top 10,Inactive,1889,47,49,,12,26088,BGR North,20,14,,48
2025-07,OUT0009,Shoppers Stop - Lucknow 9,Shoppers Stop,Department Store,Lucknow,UP,North,SKU0012,Northline Lipstick A,Northline,Makeup,Lipstick,Others,Active,2429,9,10,,1,2260,BGR North,2,2,,50
2025-07,OUT0009,Shoppers Stop - Lucknow 9,Shoppers Stop,Department Store,Lucknow,UP,North,SKU0015,Blush & Co Mascara A,Blush & Co,Makeup,Mascara,Top 25,Active,1219,15,17,,9,12839,BGR North,11,11,,50
2025-07,OUT0009,Shoppers Stop - Lucknow 9,Shoppers Stop,Department Store,Lucknow,UP,North,SKU0016,Verde Mascara B,Verde,Makeup,Mascara,Top 25,Active,199,15,20,,4,802,BGR North,10,9,,47
2025-07,OUT0009,Shoppers Stop - Lucknow 9,Shoppers Stop,Department Store,Lucknow,UP,North,SKU0017,Lumina Mascara C,Lumina,Makeup,Mascara,Top 10,Active,529,19,19,,19,12098,BGR North,21,19,,47
2025-07,OUT0009,Shoppers Stop - Lucknow 9,Shoppers Stop,Department Store,Lucknow,UP,North,SKU0018,Northline Eyeliner A,Northline,Makeup,Eyeliner,Others,Active,1959,6,8,,0,0,BGR North,3,2,,50
2025-07,OUT0009,Shoppers Stop - Lucknow 9,Shoppers Stop,Department Store,Lucknow,UP,North,SKU0019,Northline Eyeliner B,Northline,Makeup,Eyeliner,Others,Active,1889,10,14,,1,2170,BGR North,5,5,,53
2025-07,OUT0009,Shoppers Stop - Lucknow 9,Shoppers Stop,Department Store,Lucknow,UP,North,SKU0020,Lumina Shampoo A,Lumina,Haircare,Shampoo,Top 10,Active,509,19,24,,13,7854,BGR North,19,18,,32
2025-07,OUT0009,Shoppers Stop - Lucknow 9,Shoppers Stop,Department Store,Lucknow,UP,North,SKU0021,Verde Shampoo B,Verde,Haircare,Shampoo,Others,Active,1319,16,18,,2,2958,BGR North,5,4,,32
2025-07,OUT0009,Shoppers Stop - Lucknow 9,Shoppers Stop,Department Store,Lucknow,UP,North,SKU0022,Northline Conditioner A,Northline,Haircare,Conditioner,Others,Active,779,7,9,,2,1888,BGR North,5,4,,34
2025-07,OUT0009,Shoppers Stop - Lucknow 9,Shoppers Stop,Department Store,Lucknow,UP,North,SKU0027,Lumina EDP B,Lumina,Fragrance,EDP,Top 10,Active,529,41,52,,11,5807,BGR North,24,22,,58
2025-07,OUT0009,Shoppers Stop - Lucknow 9,Shoppers Stop,Department Store,Lucknow,UP,North,SKU0030,Blush & Co EDT C,Blush & Co,Fragrance,EDT,Others,Active,779,0,5,,2,1609,BGR North,7,7,,54
2025-07,OUT0009,Shoppers Stop - Lucknow 9,Shoppers Stop,Department Store,Lucknow,UP,North,SKU0031,Lumina Body Mist A,Lumina,Fragrance,Body Mist,Top 25,Active,2119,24,30,,6,14955,BGR North,13,12,,54
2025-07,OUT0009,Shoppers Stop - Lucknow 9,Shoppers Stop,Department Store,Lucknow,UP,North,SKU0032,Northline Body Mist B,Northline,Fragrance,Body Mist,Others,Inactive,2229,8,10,,2,4440,BGR North,6,4,,56
2025-07,OUT0009,Shoppers Stop - Lucknow 9,Shoppers Stop,Department Store,Lucknow,UP,North,SKU0033,Northline Body Lotion A,Northline,Bath & Body,Body Lotion,Top 10,Active,1239,25,25,,14,17761,BGR North,15,14,,40
2025-07,OUT0009,Shoppers Stop - Lucknow 9,Shoppers Stop,Department Store,Lucknow,UP,North,SKU0037,Verde Body Wash C,Verde,Bath & Body,Body Wash,Top 25,Active,2239,29,33,,5,12106,BGR North,14,9,,40
2025-07,OUT0009,Shoppers Stop - Lucknow 9,Shoppers Stop,Department Store,Lucknow,UP,North,SKU0038,Blush & Co Hand Cream A,Blush & Co,Bath & Body,Hand Cream,Others,Active,489,14,25,,9,4582,BGR North,20,20,,39
2025-07,OUT0010,Shoppers Stop - Coimbatore 10,Shoppers Stop,Department Store,Coimbatore,Tamil Nadu,South,SKU0001,Blush & Co Moisturizer A,Blush & Co,Skincare,Moisturizer,Others,Active,2319,8,13,,0,0,BGR South,5,5,,48
2025-07,OUT0010,Shoppers Stop - Coimbatore 10,Shoppers Stop,Department Store,Coimbatore,Tamil Nadu,South,SKU0002,Verde Moisturizer B,Verde,Skincare,Moisturizer,Top 10,Active,1179,37,40,,7,10071,BGR South,10,10,,47
2025-07,OUT0010,Shoppers Stop - Coimbatore 10,Shoppers Stop,Department Store,Coimbatore,Tamil Nadu,South,SKU0003,Verde Serum A,Verde,Skincare,Serum,Top 25,Active,2419,31,36,,8,23924,BGR South,19,13,,43
2025-07,OUT0010,Shoppers Stop - Coimbatore 10,Shoppers Stop,Department Store,Coimbatore,Tamil Nadu,South,SKU0006,Blush & Co Cleanser A,Blush & Co,Skincare,Cleanser,Top 10,Active,289,36,45,,17,5670,BGR South,28,26,,46
2025-07,OUT0010,Shoppers Stop - Coimbatore 10,Shoppers Stop,Department Store,Coimbatore,Tamil Nadu,South,SKU0008,Lumina Sunscreen A,Lumina,Skincare,Sunscreen,Others,Active,1599,2,2,,0,0,BGR South,1,0,,48
2025-07,OUT0010,Shoppers Stop - Coimbatore 10,Shoppers Stop,Department Store,Coimbatore,Tamil Nadu,South,SKU0009,Blush & Co Sunscreen B,Blush & Co,Skincare,Sunscreen,Others,Inactive,1629,0,1,,4,6531,BGR South,5,5,,45
2025-07,OUT0010,Shoppers Stop - Coimbatore 10,Shoppers Stop,Department Store,Coimbatore,Tamil Nadu,South,SKU0011,Lumina Foundation B,Lumina,Makeup,Foundation,Top 10,Inactive,1889,19,53,,35,74576,BGR South,69,69,,47
2025-07,OUT0010,Shoppers Stop - Coimbatore 10,Shoppers Stop,Department Store,Coimbatore,Tamil Nadu,South,SKU0012,Northline Lipstick A,Northline,Makeup,Lipstick,Others,Active,2429,9,10,,0,0,BGR South,1,1,,51
2025-07,OUT0010,Shoppers Stop - Coimbatore 10,Shoppers Stop,Department Store,Coimbatore,Tamil Nadu,South,SKU0013,Northline Lipstick B,Northline,Makeup,Lipstick,Others,Active,2469,2,2,,0,0,BGR South,1,0,,47
2025-07,OUT0010,Shoppers Stop - Coimbatore 10,Shoppers Stop,Department Store,Coimbatore,Tamil Nadu,South,SKU0015,Blush & Co Mascara A,Blush & Co,Makeup,Mascara,Top 25,Active,1219,28,31,,8,12177,BGR South,11,11,,53
2025-07,OUT0010,Shoppers Stop - Coimbatore 10,Shoppers Stop,Department Store,Coimbatore,Tamil Nadu,South,SKU0017,Lumina Mascara C,Lumina,Makeup,Mascara,Top 10,Active,529,8,5,,14,6995,BGR South,13,11,,47
2025-07,OUT0010,Shoppers Stop - Coimbatore 10,Shoppers Stop,Department Store,Coimbatore,Tamil Nadu,South,SKU0020,Lumina Shampoo A,Lumina,Haircare,Shampoo,Top 10,Active,509,22,26,,10,5736,BGR South,15,14,,38
2025-07,OUT0010,Shoppers Stop - Coimbatore 10,Shoppers Stop,Department Store,Coimbatore,Tamil Nadu,South,SKU0023,Northline Conditioner B,Northline,Haircare,Conditioner,Others,Active,379,4,4,,0,0,BGR South,0,0,,34
2025-07,OUT0010,Shoppers Stop - Coimbatore 10,Shoppers Stop,Department Store,Coimbatore,Tamil Nadu,South,SKU0027,Lumina EDP B,Lumina,Fragrance,EDP,Top 10,Active,529,31,35,,11,6115,BGR South,16,15,,54
2025-07,OUT0010,Shoppers Stop - Coimbatore 10,Shoppers Stop,Department Store,Coimbatore,Tamil Nadu,South,SKU0028,Northline EDT A,Northline,Fragrance,EDT,Top 25,Active,1109,21,32,,7,7940,BGR South,18,18,,58
2025-07,OUT0010,Shoppers Stop - Coimbatore 10,Shoppers Stop,Department Store,Coimbatore,Tamil Nadu,South,SKU0030,Blush & Co EDT C,Blush & Co,Fragrance,EDT,Others,Active,779,0,2,,2,1811,BGR South,6,4,,57
2025-07,OUT0010,Shoppers Stop - Coimbatore 10,Shoppers Stop,Department Store,Coimbatore,Tamil Nadu,South,SKU0031,Lumina Body Mist A,Lumina,Fragrance,Body Mist,Top 25,Active,2119,16,18,,7,14238,BGR South,14,9,,56
2025-07,OUT0010,Shoppers Stop - Coimbatore 10,Shoppers Stop,Department Store,Coimbatore,Tamil Nadu,South,SKU0033,Northline Body Lotion A,Northline,Bath & Body,Body Lotion,Top 10,Active,1239,51,60,,14,17567,BGR South,29,23,,38
2025-07,OUT0010,Shoppers Stop - Coimbatore 10,Shoppers Stop,Department Store,Coimbatore,Tamil Nadu,South,SKU0034,Northline Body Lotion B,Northline,Bath & Body,Body Lotion,Top 25,Active,989,12,10,,8,7961,BGR South,8,6,,38
2025-07,OUT0010,Shoppers Stop - Coimbatore 10,Shoppers Stop,Department Store,Coimbatore,Tamil Nadu,South,SKU0035,Northline Body Wash A,Northline,Bath & Body,Body Wash,Others,Active,469,10,11,,1,501,BGR South,2,2,,38
2025-07,OUT0010,Shoppers Stop - Coimbatore 10,Shoppers Stop,Department Store,Coimbatore,Tamil Nadu,South,SKU0036,Northline Body Wash B,Northline,Bath & Body,Body Wash,Others,Active,1179,4,5,,0,0,BGR South,2,1,,39
2025-07,OUT0010,Shoppers Stop - Coimbatore 10,Shoppers Stop,Department Store,Coimbatore,Tamil Nadu,South,SKU0037,Verde Body Wash C,Verde,Bath & Body,Body Wash,Top 25,Active,2239,15,19,,3,6666,BGR South,7,7,,42
2025-07,OUT0010,Shoppers Stop - Coimbatore 10,Shoppers Stop,Department Store,Coimbatore,Tamil Nadu,South,SKU0038,Blush & Co Hand Cream A,Blush & Co,Bath & Body,Hand Cream,Others,Active,489,15,15,,2,909,BGR South,3,2,,40
2025-07,OUT0010,Shoppers Stop - Coimbatore 10,Shoppers Stop,Department Store,Coimbatore,Tamil Nadu,South,SKU0039,Northline Hand Cream B,Northline,Bath & Body,Hand Cream,Others,Active,1189,14,15,,2,2697,BGR South,4,3,,42
2025-07,OUT0011,Nykaa Luxe - Pune 1,Nykaa Luxe,MBO,Pune,Maharashtra,West,SKU0001,Blush & Co Moisturizer A,Blush & Co,Skincare,Moisturizer,Others,Active,2319,6,9,,1,2266,BGR West,5,4,,46
2025-07,OUT0011,Nykaa Luxe - Pune 1,Nykaa Luxe,MBO,Pune,Maharashtra,West,SKU0002,Verde Moisturizer B,Verde,Skincare,Moisturizer,Top 10,Active,1179,71,71,,21,25449,BGR West,21,21,,45
2025-07,OUT0011,Nykaa Luxe - Pune 1,Nykaa Luxe,MBO,Pune,Maharashtra,West,SKU0003,Verde Serum A,Verde,Skincare,Serum,Top 25,Active,2419,0,0,,11,32806,BGR West,13,9,,46
2025-07,OUT0011,Nykaa Luxe - Pune 1,Nykaa Luxe,MBO,Pune,Maharashtra,West,SKU0005,Northline Serum C,Northline,Skincare,Serum,Others,Inactive,1819,0,0,,1,2147,BGR West,1,1,,44
2025-07,OUT0011,Nykaa Luxe - Pune 1,Nykaa Luxe,MBO,Pune,Maharashtra,West,SKU0006,Blush & Co Cleanser A,Blush & Co,Skincare,Cleanser,Top 10,Active,289,53,59,,19,4990,BGR West,25,25,,47
2025-07,OUT0011,Nykaa Luxe - Pune 1,Nykaa Luxe,MBO,Pune,Maharashtra,West,SKU0008,Lumina Sunscreen A,Lumina,Skincare,Sunscreen,Others,Active,1599,4,5,,1,1875,BGR West,4,2,,42
2025-07,OUT0011,Nykaa Luxe - Pune 1,Nykaa Luxe,MBO,Pune,Maharashtra,West,SKU0011,Lumina Foundation B,Lumina,Makeup,Foundation,Top 10,Inactive,1889,5,0,,14,31504,BGR West,29,27,,48
2025-07,OUT0011,Nykaa Luxe - Pune 1,Nykaa Luxe,MBO,Pune,Maharashtra,West,SKU0012,Northline Lipstick A,Northline,Makeup,Lipstick,Others,Active,2429,8,8,,1,2798,BGR West,2,1,,50
2025-07,OUT0011,Nykaa Luxe - Pune 1,Nykaa Luxe,MBO,Pune,Maharashtra,West,SKU0015,Blush & Co Mascara A,Blush & Co,Makeup,Mascara,Top 25,Active,1219,10,12,,11,14983,BGR West,17,13,,50
2025-07,OUT0011,Nykaa Luxe - Pune 1,Nykaa Luxe,MBO,Pune,Maharashtra,West,SKU0016,Verde Mascara B,Verde,Makeup,Mascara,Top 25,Active,199,4,9,,8,1432,BGR West,17,13,,53
2025-07,OUT0011,Nykaa Luxe - Pune 1,Nykaa Luxe,MBO,Pune,Maharashtra,West,SKU0017,Lumina Mascara C,Lumina,Makeup,Mascara,Top 10,Active,529,59,68,,19,12220,BGR West,32,28,,51
2025-07,OUT0011,Nykaa Luxe - Pune 1,Nykaa Luxe,MBO,Pune,Maharashtra,West,SKU0018,Northline Eyeliner A,Northline,Makeup,Eyeliner,Others,Active,1959,9,14,,1,1963,BGR West,6,6,,47
2025-07,OUT0011,Nykaa Luxe - Pune 1,Nykaa Luxe,MBO,Pune,Maharashtra,West,SKU0019,Northline Eyeliner B,Northline,Makeup,Eyeliner,Others,Active,1889,2,6,,1,1816,BGR West,6,5,,50
2025-07,OUT0011,Nykaa Luxe - Pune 1,Nykaa Luxe,MBO,Pune,Maharashtra,West,SKU0020,Lumina Shampoo A,Lumina,Haircare,Shampoo,Top 10,Active,509,110,115,,16,7572,BGR West,24,21,,37
2025-07,OUT0011,Nykaa Luxe - Pune 1,Nykaa Luxe,MBO,Pune,Maharashtra,West,SKU0021,Verde Shampoo B,Verde,Haircare,Shampoo,Others,Active,1319,3,2,,3,4065,BGR West,3,2,,34
2025-07,OUT0011,Nykaa Luxe - Pune 1,Nykaa Luxe,MBO,Pune,Maharashtra,West,SKU0022,Northline Conditioner A,Northline,Haircare,Conditioner,Others,Active,779,16,14,,3,2452,BGR West,2,1,,38
2025-07,OUT0011,Nykaa Luxe - Pune 1,Nykaa Luxe,MBO,Pune,Maharashtra,West,SKU0027,Lumina EDP B,Lumina,Fragrance,EDP,Top 10,Active,529,0,2,,12,6332,BGR West,14,14,,57
2025-07,OUT0011,Nykaa Luxe - Pune 1,Nykaa Luxe,MBO,Pune,Maharashtra,West,SKU0033,Northline Body Lotion A,Northline,Bath & Body,Body Lotion,Top 10,Active,1239,66,85,,35,41520,BGR West,57,54,,41
2025-07,OUT0011,Nykaa Luxe - Pune 1,Nykaa Luxe,MBO,Pune,Maharashtra,West,SKU0034,Northline Body Lotion B,Northline,Bath & Body,Body Lotion,Top 25,Active,989,4,7,,10,9717,BGR West,13,13,,43
2025-07,OUT0011,Nykaa Luxe - Pune 1,Nykaa Luxe,MBO,Pune,Maharashtra,West,SKU0035,Northline Body Wash A,Northline,Bath & Body,Body Wash,Others,Active,469,0,1,,2,1051,BGR West,5,3,,40
2025-07,OUT0011,Nykaa Luxe - Pune 1,Nykaa Luxe,MBO,Pune,Maharashtra,West,SKU0037,Verde Body Wash C,Verde,Bath & Body,Body Wash,Top 25,Active,2239,26,29,,6,12105,BGR West,9,9,,37
2025-07,OUT0011,Nykaa Luxe - Pune 1,Nykaa Luxe,MBO,Pune,Maharashtra,West,SKU0038,Blush & Co Hand Cream A,Blush & Co,Bath & Body,Hand Cream,Others,Active,489,14,15,,3,1693,BGR West,5,4,,39
2025-07,OUT0011,Nykaa Luxe - Pune 1,Nykaa Luxe,MBO,Pune,Maharashtra,West,SKU0039,Northline Hand Cream B,Northline,Bath & Body,Hand Cream,Others,Active,1189,18,19,,4,5001,BGR West,8,5,,40
2025-07,OUT0012,Nykaa Luxe - Bhubaneswar 2,Nykaa Luxe,MBO,Bhubaneswar,Odisha,East,SKU0001,Blush & Co Moisturizer A,Blush & Co,Skincare,Moisturizer,Others,Active,2319,7,7,,1,2565,BGR East,2,1,,43
2025-07,OUT0012,Nykaa Luxe - Bhubaneswar 2,Nykaa Luxe,MBO,Bhubaneswar,Odisha,East,SKU0002,Verde Moisturizer B,Verde,Skincare,Moisturizer,Top 10,Active,1179,13,16,,6,6619,BGR East,10,9,,43
2025-07,OUT0012,Nykaa Luxe - Bhubaneswar 2,Nykaa Luxe,MBO,Bhubaneswar,Odisha,East,SKU0003,Verde Serum A,Verde,Skincare,Serum,Top 25,Active,2419,27,49,,32,74084,BGR East,61,54,,47
2025-07,OUT0012,Nykaa Luxe - Bhubaneswar 2,Nykaa Luxe,MBO,Bhubaneswar,Odisha,East,SKU0004,Northline Serum B,Northline,Skincare,Serum,Top 25,Active,2489,10,16,,2,5994,BGR East,8,8,,46
2025-07,OUT0012,Nykaa Luxe - Bhubaneswar 2,Nykaa Luxe,MBO,Bhubaneswar,Odisha,East,SKU0006,Blush & Co Cleanser A,Blush & Co,Skincare,Cleanser,Top 10,Active,289,28,31,,15,3987,BGR East,18,18,,47
2025-07,OUT0012,Nykaa Luxe - Bhubaneswar 2,Nykaa Luxe,MBO,Bhubaneswar,Odisha,East,SKU0009,Blush & Co Sunscreen B,Blush & Co,Skincare,Sunscreen,Others,Inactive,1629,6,6,,2,3170,BGR East,3,2,,43
2025-07,OUT0012,Nykaa Luxe - Bhubaneswar 2,Nykaa Luxe,MBO,Bhubaneswar,Odisha,East,SKU0010,Blush & Co Foundation A,Blush & Co,Makeup,Foundation,Others,Active,1419,2,8,,1,1729,BGR East,7,7,,47
2025-07,OUT0012,Nykaa Luxe - Bhubaneswar 2,Nykaa Luxe,MBO,Bhubaneswar,Odisha,East,SKU0011,Lumina Foundation B,Lumina,Makeup,Foundation,Top 10,Inactive,1889,16,22,,10,22729,BGR East,21,16,,53
2025-07,OUT0012,Nykaa Luxe - Bhubaneswar 2,Nykaa Luxe,MBO,Bhubaneswar,Odisha,East,SKU0012,Northline Lipstick A,Northline,Makeup,Lipstick,Others,Active,2429,3,7,,0,0,BGR East,4,4,,52
2025-07,OUT0012,Nykaa Luxe - Bhubaneswar 2,Nykaa Luxe,MBO,Bhubaneswar,Odisha,East,SKU0014,Lumina Lipstick C,Lumina,Makeup,Lipstick,Top 25,Active,1729,22,25,,3,6227,BGR East,6,6,,52
2025-07,OUT0012,Nykaa Luxe - Bhubaneswar 2,Nykaa Luxe,MBO,Bhubaneswar,Odisha,East,SKU0015,Blush & Co Mascara A,Blush & Co,Makeup,Mascara,Top 25,Active,1219,29,34,,3,4069,BGR East,8,8,,48
2025-07,OUT0012,Nykaa Luxe - Bhubaneswar 2,Nykaa Luxe,MBO,Bhubaneswar,Odisha,East,SKU0017,Lumina Mascara C,Lumina,Makeup,Mascara,Top 10,Active,529,13,0,,8,4390,BGR East,10,7,,48
2025-07,OUT0012,Nykaa Luxe - Bhubaneswar 2,Nykaa Luxe,MBO,Bhubaneswar,Odisha,East,SKU0018,Northline Eyeliner A,Northline,Makeup,Eyeliner,Others,Active,1959,13,13,,0,0,BGR East,0,0,,51
2025-07,OUT0012,Nykaa Luxe - Bhubaneswar 2,Nykaa Luxe,MBO,Bhubaneswar,Odisha,East,SKU0019,Northline Eyeliner B,Northline,Makeup,Eyeliner,Others,Active,1889,2,5,,1,2375,BGR East,4,4,,47
2025-07,OUT0012,Nykaa Luxe - Bhubaneswar 2,Nykaa Luxe,MBO,Bhubaneswar,Odisha,East,SKU0020,Lumina Shampoo A,Lumina,Haircare,Shampoo,Top 10,Active,509,27,27,,9,4729,BGR East,12,9,,37
2025-07,OUT0012,Nykaa Luxe - Bhubaneswar 2,Nykaa Luxe,MBO,Bhubaneswar,Odisha,East,SKU0022,Northline Conditioner A,Northline,Haircare,Conditioner,Others,Active,779,8,11,,1,778,BGR East,5,4,,38
2025-07,OUT0012,Nykaa Luxe - Bhubaneswar 2,Nykaa Luxe,MBO,Bhubaneswar,Odisha,East,SKU0027,Lumina EDP B,Lumina,Fragrance,EDP,Top 10,Active,529,14,19,,14,7712,BGR East,28,19,,52
2025-07,OUT0012,Nykaa Luxe - Bhubaneswar 2,Nykaa Luxe,MBO,Bhubaneswar,Odisha,East,SKU0028,Northline EDT A,Northline,Fragrance,EDT,Top 25,Active,1109,30,29,,7,8333,BGR East,9,6,,55
2025-07,OUT0012,Nykaa Luxe - Bhubaneswar 2,Nykaa Luxe,MBO,Bhubaneswar,Odisha,East,SKU0029,Blush & Co EDT B,Blush & Co,Fragrance,EDT,Top 25,Active,479,3,1,,3,1750,BGR East,2,1,,55
2025-07,OUT0012,Nykaa Luxe - Bhubaneswar 2,Nykaa Luxe,MBO,Bhubaneswar,Odisha,East,SKU0031,Lumina Body Mist A,Lumina,Fragrance,Body Mist,Top 25,Active,2119,3,10,,7,13920,BGR East,16,14,,53
2025-07,OUT0012,Nykaa Luxe - Bhubaneswar 2,Nykaa Luxe,MBO,Bhubaneswar,Odisha,East,SKU0032,Northline Body Mist B,Northline,Fragrance,Body Mist,Others,Inactive,2229,7,9,,2,4984,BGR East,4,4,,56
2025-07,OUT0012,Nykaa Luxe - Bhubaneswar 2,Nykaa Luxe,MBO,Bhubaneswar,Odisha,East,SKU0033,Northline Body Lotion A,Northline,Bath & Body,Body Lotion,Top 10,Active,1239,52,59,,9,10382,BGR East,17,16,,40
2025-07,OUT0012,Nykaa Luxe - Bhubaneswar 2,Nykaa Luxe,MBO,Bhubaneswar,Odisha,East,SKU0034,Northline Body Lotion B,Northline,Bath & Body,Body Lotion,Top 25,Active,989,10,13,,4,4638,BGR East,8,7,,39
2025-07,OUT0012,Nykaa Luxe - Bhubaneswar 2,Nykaa Luxe,MBO,Bhubaneswar,Odisha,East,SKU0035,Northline Body Wash A,Northline,Bath & Body,Body Wash,Others,Active,469,1,3,,1,480,BGR East,4,3,,37
2025-07,OUT0012,Nykaa Luxe - Bhubaneswar 2,Nykaa Luxe,MBO,Bhubaneswar,Odisha,East,SKU0036,Northline Body Wash B,Northline,Bath & Body,Body Wash,Others,Active,1179,1,4,,0,0,BGR East,3,3,,39
2025-07,OUT0012,Nykaa Luxe - Bhubaneswar 2,Nykaa Luxe,MBO,Bhubaneswar,Odisha,East,SKU0037,Verde Body Wash C,Verde,Bath & Body,Body Wash,Top 25,Active,2239,12,12,,3,6885,BGR East,5,3,,42
2025-07,OUT0012,Nykaa Luxe - Bhubaneswar 2,Nykaa Luxe,MBO,Bhubaneswar,Odisha,East,SKU0038,Blush & Co Hand Cream A,Blush & Co,Bath & Body,Hand Cream,Others,Active,489,10,10,,0,0,BGR East,0,0,,39
2025-07,OUT0013,Nykaa Luxe - Mysore 3,Nykaa Luxe,MBO,Mysore,Karnataka,South,SKU0001,Blush & Co Moisturizer A,Blush & Co,Skincare,Moisturizer,Others,Active,2319,10,13,,2,4266,BGR South,6,5,,48
2025-07,OUT0013,Nykaa Luxe - Mysore 3,Nykaa Luxe,MBO,Mysore,Karnataka,South,SKU0002,Verde Moisturizer B,Verde,Skincare,Moisturizer,Top 10,Active,1179,67,64,,12,15968,BGR South,11,9,,44
2025-07,OUT0013,Nykaa Luxe - Mysore 3,Nykaa Luxe,MBO,Mysore,Karnataka,South,SKU0003,Verde Serum A,Verde,Skincare,Serum,Top 25,Active,2419,41,45,,13,30560,BGR South,19,17,,45
2025-07,OUT0013,Nykaa Luxe - Mysore 3,Nykaa Luxe,MBO,Mysore,Karnataka,South,SKU0004,Northline Serum B,Northline,Skincare,Serum,Top 25,Active,2489,27,31,,4,10889,BGR South,9,8,,45
2025-07,OUT0013,Nykaa Luxe - Mysore 3,Nykaa Luxe,MBO,Mysore,Karnataka,South,SKU0005,Northline Serum C,Northline,Skincare,Serum,Others,Inactive,1819,8,0,,1,1885,BGR South,2,1,,43
2025-07,OUT0013,Nykaa Luxe - Mysore 3,Nykaa Luxe,MBO,Mysore,Karnataka,South,SKU0006,Blush & Co Cleanser A,Blush & Co,Skincare,Cleanser,Top 10,Active,289,115,106,,25,8216,BGR South,23,16,,42
2025-07,OUT0013,Nykaa Luxe - Mysore 3,Nykaa Luxe,MBO,Mysore,Karnataka,South,SKU0009,Blush & Co Sunscreen B,Blush & Co,Skincare,Sunscreen,Others,Inactive,1629,21,24,,4,7145,BGR South,8,7,,42
2025-07,OUT0013,Nykaa Luxe - Mysore 3,Nykaa Luxe,MBO,Mysore,Karnataka,South,SKU0011,Lumina Foundation B,Lumina,Makeup,Foundation,Top 10,Inactive,1889,52,52,,16,33085,BGR South,20,16,,51
2025-07,OUT0013,Nykaa Luxe - Mysore 3,Nykaa Luxe,MBO,Mysore,Karnataka,South,SKU0012,Northline Lipstick A,Northline,Makeup,Lipstick,Others,Active,2429,7,9,,1,2853,BGR South,5,3,,53
2025-07,OUT0013,Nykaa Luxe - Mysore 3,Nykaa Luxe,MBO,Mysore,Karnataka,South,SKU0015,Blush & Co Mascara A,Blush & Co,Makeup,Mascara,Top 25,Active,1219,8,19,,17,24285,BGR South,28,28,,50
2025-07,OUT0013,Nykaa Luxe - Mysore 3,Nykaa Luxe,MBO,Mysore,Karnataka,South,SKU0016,Verde Mascara B,Verde,Makeup,Mascara,Top 25,Active,199,31,35,,6,1214,BGR South,11,10,,48
2025-07,OUT0013,Nykaa Luxe - Mysore 3,Nykaa Luxe,MBO,Mysore,Karnataka,South,SKU0017,Lumina Mascara C,Lumina,Makeup,Mascara,Top 10,Active,529,21,21,,17,11321,BGR South,19,17,,50
2025-07,OUT0013,Nykaa Luxe - Mysore 3,Nykaa Luxe,MBO,Mysore,Karnataka,South,SKU0018,Northline Eyeliner A,Northline,Makeup,Eyeliner,Others,Active,1959,6,0,,0,0,BGR South,1,0,,49
2025-07,OUT0013,Nykaa Luxe - Mysore 3,Nykaa Luxe,MBO,Mysore,Karnataka,South,SKU0019,Northline Eyeliner B,Northline,Makeup,Eyeliner,Others,Active,1889,10,11,,2,3587,BGR South,5,3,,49
2025-07,OUT0013,Nykaa Luxe - Mysore 3,Nykaa Luxe,MBO,Mysore,Karnataka,South,SKU0020,Lumina Shampoo A,Lumina,Haircare,Shampoo,Top 10,Active,509,53,0,,14,6856,BGR South,30,28,,32
2025-07,OUT0013,Nykaa Luxe - Mysore 3,Nykaa Luxe,MBO,Mysore,Karnataka,South,SKU0021,Verde Shampoo B,Verde,Haircare,Shampoo,Others,Active,1319,12,17,,3,4702,BGR South,8,8,,38
2025-07,OUT0013,Nykaa Luxe - Mysore 3,Nykaa Luxe,MBO,Mysore,Karnataka,South,SKU0023,Northline Conditioner B,Northline,Haircare,Conditioner,Others,Active,379,6,0,,0,0,BGR South,2,1,,34
2025-07,OUT0013,Nykaa Luxe - Mysore 3,Nykaa Luxe,MBO,Mysore,Karnataka,South,SKU0027,Lumina EDP B,Lumina,Fragrance,EDP,Top 10,Active,529,57,63,,15,8899,BGR South,30,21,,55
2025-07,OUT0013,Nykaa Luxe - Mysore 3,Nykaa Luxe,MBO,Mysore,Karnataka,South,SKU0031,Lumina Body Mist A,Lumina,Fragrance,Body Mist,Top 25,Active,2119,32,0,,10,22747,BGR South,16,14,,53
2025-07,OUT0013,Nykaa Luxe - Mysore 3,Nykaa Luxe,MBO,Mysore,Karnataka,South,SKU0032,Northline Body Mist B,Northline,Fragrance,Body Mist,Others,Inactive,2229,2,5,,3,7921,BGR South,9,6,,58
2025-07,OUT0013,Nykaa Luxe - Mysore 3,Nykaa Luxe,MBO,Mysore,Karnataka,South,SKU0033,Northline Body Lotion A,Northline,Bath & Body,Body Lotion,Top 10,Active,1239,51,53,,20,30332,BGR South,25,22,,41
2025-07,OUT0013,Nykaa Luxe - Mysore 3,Nykaa Luxe,MBO,Mysore,Karnataka,South,SKU0034,Northline Body Lotion B,Northline,Bath & Body,Body Lotion,Top 25,Active,989,18,40,,8,9548,BGR South,13,9,,41
2025-07,OUT0013,Nykaa Luxe - Mysore 3,Nykaa Luxe,MBO,Mysore,Karnataka,South,SKU0038,Blush & Co Hand Cream A,Blush & Co,Bath & Body,Hand Cream,Others,Active,489,8,10,,2,1207,BGR South,5,4,,39
2025-07,OUT0014,Nykaa Luxe - Noida 4,Nykaa Luxe,MBO,Noida,UP,North,SKU0002,Verde Moisturizer B,Verde,Skincare,Moisturizer,Top 10,Active,1179,32,47,,10,13612,BGR North,25,25,,48
2025-07,OUT0014,Nykaa Luxe - Noida 4,Nykaa Luxe,MBO,Noida,UP,North,SKU0003,Verde Serum A,Verde,Skincare,Serum,Top 25,Active,2419,33,39,,9,22042,BGR North,19,15,,43
2025-07,OUT0014,Nykaa Luxe - Noida 4,Nykaa Luxe,MBO,Noida,UP,North,SKU0004,Northline Serum B,Northline,Skincare,Serum,Top 25,Active,2489,19,27,,7,15718,BGR North,17,15,,45
2025-07,OUT0014,Nykaa Luxe - Noida 4,Nykaa Luxe,MBO,Noida,UP,North,SKU0006,Blush & Co Cleanser A,Blush & Co,Skincare,Cleanser,Top 10,Active,289,65,63,,21,6765,BGR North,19,19,,42
2025-07,OUT0014,Nykaa Luxe - Noida 4,Nykaa Luxe,MBO,Noida,UP,North,SKU0007,Northline Cleanser B,Northline,Skincare,Cleanser,Others,Active,1809,7,7,,2,3388,BGR North,3,2,,42
2025-07,OUT0014,Nykaa Luxe - Noida 4,Nykaa Luxe,MBO,Noida,UP,North,SKU0008,Lumina Sunscreen A,Lumina,Skincare,Sunscreen,Others,Active,1599,7,11,,1,1877,BGR North,5,5,,48
2025-07,OUT0014,Nykaa Luxe - Noida 4,Nykaa Luxe,MBO,Noida,UP,North,SKU0010,Blush & Co Foundation A,Blush & Co,Makeup,Foundation,Others,Active,1419,11,12,,3,3827,BGR North,5,4,,52
2025-07,OUT0014,Nykaa Luxe - Noida 4,Nykaa Luxe,MBO,Noida,UP,North,SKU0011,Lumina Foundation B,Lumina,Makeup,Foundation,Top 10,Inactive,1889,32,36,,15,26145,BGR North,21,19,,50
2025-07,OUT0014,Nykaa Luxe - Noida 4,Nykaa Luxe,MBO,Noida,UP,North,SKU0013,Northline Lipstick B,Northline,Makeup,Lipstick,Others,Active,2469,0,1,,0,0,BGR North,2,1,,49
2025-07,OUT0014,Nykaa Luxe - Noida 4,Nykaa Luxe,MBO,Noida,UP,North,SKU0017,Lumina Mascara C,Lumina,Makeup,Mascara,Top 10,Active,529,67,69,,12,7303,BGR North,16,14,,49
2025-07,OUT0014,Nykaa Luxe - Noida 4,Nykaa Luxe,MBO,Noida,UP,North,SKU0019,Northline Eyeliner B,Northline,Makeup,Eyeliner,Others,Active,1889,10,12,,2,3987,BGR North,4,4,,48
2025-07,OUT0014,Nykaa Luxe - Noida 4,Nykaa Luxe,MBO,Noida,UP,North,SKU0020,Lumina Shampoo A,Lumina,Haircare,Shampoo,Top 10,Active,509,51,59,,12,7009,BGR North,25,20,,35
2025-07,OUT0014,Nykaa Luxe - Noida 4,Nykaa Luxe,MBO,Noida,UP,North,SKU0021,Verde Shampoo B,Verde,Haircare,Shampoo,Others,Active,1319,6,8,,1,1536,BGR North,4,3,,35
2025-07,OUT0014,Nykaa Luxe - Noida 4,Nykaa Luxe,MBO,Noida,UP,North,SKU0022,Northline Conditioner A,Northline,Haircare,Conditioner,Others,Active,779,8,8,,2,1758,BGR North,2,2,,37
2025-07,OUT0014,Nykaa Luxe - Noida 4,Nykaa Luxe,MBO,Noida,UP,North,SKU0027,Lumina EDP B,Lumina,Fragrance,EDP,Top 10,Active,529,34,33,,16,7806,BGR North,15,15,,55
2025-07,OUT0014,Nykaa Luxe - Noida 4,Nykaa Luxe,MBO,Noida,UP,North,SKU0028,Northline EDT A,Northline,Fragrance,EDT,Top 25,Active,1109,14,21,,13,13929,BGR North,25,20,,52
2025-07,OUT0014,Nykaa Luxe - Noida 4,Nykaa Luxe,MBO,Noida,UP,North,SKU0029,Blush & Co EDT B,Blush & Co,Fragrance,EDT,Top 25,Active,479,16,23,,6,3304,BGR North,13,13,,56
2025-07,OUT0014,Nykaa Luxe - Noida 4,Nykaa Luxe,MBO,Noida,UP,North,SKU0030,Blush & Co EDT C,Blush & Co,Fragrance,EDT,Others,Active,779,13,17,,2,1406,BGR North,8,6,,57
2025-07,OUT0014,Nykaa Luxe - Noida 4,Nykaa Luxe,MBO,Noida,UP,North,SKU0031,Lumina Body Mist A,Lumina,Fragrance,Body Mist,Top 25,Active,2119,0,7,,11,24464,BGR North,20,18,,56
2025-07,OUT0014,Nykaa Luxe - Noida 4,Nykaa Luxe,MBO,Noida,UP,North,SKU0032,Northline Body Mist B,Northline,Fragrance,Body Mist,Others,Inactive,2229,34,36,,3,8237,BGR North,5,5,,57
2025-07,OUT0014,Nykaa Luxe - Noida 4,Nykaa Luxe,MBO,Noida,UP,North,SKU0033,Northline Body Lotion A,Northline,Bath & Body,Body Lotion,Top 10,Active,1239,46,59,,19,27246,BGR North,32,32,,42
2025-07,OUT0014,Nykaa Luxe - Noida 4,Nykaa Luxe,MBO,Noida,UP,North,SKU0034,Northline Body Lotion B,Northline,Bath & Body,Body Lotion,Top 25,Active,989,8,16,,7,6841,BGR North,16,15,,43
2025-07,OUT0014,Nykaa Luxe - Noida 4,Nykaa Luxe,MBO,Noida,UP,North,SKU0037,Verde Body Wash C,Verde,Bath & Body,Body Wash,Top 25,Active,2239,18,22,,3,6162,BGR North,7,7,,43
2025-07,OUT0014,Nykaa Luxe - Noida 4,Nykaa Luxe,MBO,Noida,UP,North,SKU0038,Blush & Co Hand Cream A,Blush & Co,Bath & Body,Hand Cream,Others,Active,489,8,12,,1,502,BGR North,5,5,,42
2025-07,OUT0015,Nykaa Luxe - Bhubaneswar 5,Nykaa Luxe,MBO,Bhubaneswar,Odisha,East,SKU0001,Blush & Co Moisturizer A,Blush & Co,Skincare,Moisturizer,Others,Active,2319,4,9,,2,5769,BGR East,9,7,,48
2025-07,OUT0015,Nykaa Luxe - Bhubaneswar 5,Nykaa Luxe,MBO,Bhubaneswar,Odisha,East,SKU0002,Verde Moisturizer B,Verde,Skincare,Moisturizer,Top 10,Active,1179,93,105,,33,37670,BGR East,65,45,,48
2025-07,OUT0015,Nykaa Luxe - Bhubaneswar 5,Nykaa Luxe,MBO,Bhubaneswar,Odisha,East,SKU0003,Verde Serum A,Verde,Skincare,Serum,Top 25,Active,2419,14,10,,15,38015,BGR East,17,11,,46
2025-07,OUT0015,Nykaa Luxe - Bhubaneswar 5,Nykaa Luxe,MBO,Bhubaneswar,Odisha,East,SKU0006,Blush & Co Cleanser A,Blush & Co,Skincare,Cleanser,Top 10,Active,289,77,100,,37,12247,BGR East,60,60,,43
2025-07,OUT0015,Nykaa Luxe - Bhubaneswar 5,Nykaa Luxe,MBO,Bhubaneswar,Odisha,East,SKU0011,Lumina Foundation B,Lumina,Makeup,Foundation,Top 10,Inactive,1889,16,19,,22,48129,BGR East,27,25,,50
2025-07,OUT0015,Nykaa Luxe - Bhubaneswar 5,Nykaa Luxe,MBO,Bhubaneswar,Odisha,East,SKU0013,Northline Lipstick B,Northline,Makeup,Lipstick,Others,Active,2469,8,10,,0,0,BGR East,4,2,,53
2025-07,OUT0015,Nykaa Luxe - Bhubaneswar 5,Nykaa Luxe,MBO,Bhubaneswar,Odisha,East,SKU0014,Lumina Lipstick C,Lumina,Makeup,Lipstick,Top 25,Active,1729,39,51,,14,29001,BGR East,29,26,,49
2025-07,OUT0015,Nykaa Luxe - Bhubaneswar 5,Nykaa Luxe,MBO,Bhubaneswar,Odisha,East,SKU0015,Blush & Co Mascara A,Blush & Co,Makeup,Mascara,Top 25,Active,1219,44,53,,18,22571,BGR East,27,27,,53
2025-07,OUT0015,Nykaa Luxe - Bhubaneswar 5,Nykaa Luxe,MBO,Bhubaneswar,Odisha,East,SKU0016,Verde Mascara B,Verde,Makeup,Mascara,Top 25,Active,199,20,18,,14,3301,BGR East,13,12,,52
2025-07,OUT0015,Nykaa Luxe - Bhubaneswar 5,Nykaa Luxe,MBO,Bhubaneswar,Odisha,East,SKU0020,Lumina Shampoo A,Lumina,Haircare,Shampoo,Top 10,Active,509,6,0,,45,21117,BGR East,45,40,,38
2025-07,OUT0015,Nykaa Luxe - Bhubaneswar 5,Nykaa Luxe,MBO,Bhubaneswar,Odisha,East,SKU0023,Northline Conditioner B,Northline,Haircare,Conditioner,Others,Active,379,5,0,,0,0,BGR East,2,1,,35
2025-07,OUT0015,Nykaa Luxe - Bhubaneswar 5,Nykaa Luxe,MBO,Bhubaneswar,Odisha,East,SKU0027,Lumina EDP B,Lumina,Fragrance,EDP,Top 10,Active,529,75,92,,22,11725,BGR East,39,39,,58
2025-07,OUT0015,Nykaa Luxe - Bhubaneswar 5,Nykaa Luxe,MBO,Bhubaneswar,Odisha,East,SKU0028,Northline EDT A,Northline,Fragrance,EDT,Top 25,Active,1109,34,48,,22,28666,BGR East,45,36,,55
2025-07,OUT0015,Nykaa Luxe - Bhubaneswar 5,Nykaa Luxe,MBO,Bhubaneswar,Odisha,East,SKU0029,Blush & Co EDT B,Blush & Co,Fragrance,EDT,Top 25,Active,479,0,85,,11,5429,BGR East,23,23,,55
2025-07,OUT0015,Nykaa Luxe - Bhubaneswar 5,Nykaa Luxe,MBO,Bhubaneswar,Odisha,East,SKU0030,Blush & Co EDT C,Blush & Co,Fragrance,EDT,Others,Active,779,18,20,,7,6562,BGR East,14,9,,56
2025-07,OUT0015,Nykaa Luxe - Bhubaneswar 5,Nykaa Luxe,MBO,Bhubaneswar,Odisha,East,SKU0032,Northline Body Mist B,Northline,Fragrance,Body Mist,Others,Inactive,2229,21,23,,5,10471,BGR East,11,7,,56
2025-07,OUT0015,Nykaa Luxe - Bhubaneswar 5,Nykaa Luxe,MBO,Bhubaneswar,Odisha,East,SKU0033,Northline Body Lotion A,Northline,Bath & Body,Body Lotion,Top 10,Active,1239,93,95,,23,34664,BGR East,37,25,,41
2025-07,OUT0015,Nykaa Luxe - Bhubaneswar 5,Nykaa Luxe,MBO,Bhubaneswar,Odisha,East,SKU0037,Verde Body Wash C,Verde,Bath & Body,Body Wash,Top 25,Active,2239,21,21,,17,36712,BGR East,17,17,,37
2025-07,OUT0015,Nykaa Luxe - Bhubaneswar 5,Nykaa Luxe,MBO,Bhubaneswar,Odisha,East,SKU0038,Blush & Co Hand Cream A,Blush & Co,Bath & Body,Hand Cream,Others,Active,489,29,34,,3,1395,BGR East,10,8,,43
2025-07,OUT0016,Nykaa Luxe - Kolkata 6,Nykaa Luxe,MBO,Kolkata,West Bengal,East,SKU0002,Verde Moisturizer B,Verde,Skincare,Moisturizer,Top 10,Active,1179,6,23,,27,36937,BGR East,44,44,,44
2025-07,OUT0016,Nykaa Luxe - Kolkata 6,Nykaa Luxe,MBO,Kolkata,West Bengal,East,SKU0003,Verde Serum A,Verde,Skincare,Serum,Top 25,Active,2419,32,35,,12,27375,BGR East,22,15,,46
2025-07,OUT0016,Nykaa Luxe - Kolkata 6,Nykaa Luxe,MBO,Kolkata,West Bengal,East,SKU0004,Northline Serum B,Northline,Skincare,Serum,Top 25,Active,2489,13,15,,7,19476,BGR East,10,9,,47
2025-07,OUT0016,Nykaa Luxe - Kolkata 6,Nykaa Luxe,MBO,Kolkata,West Bengal,East,SKU0005,Northline Serum C,Northline,Skincare,Serum,Others,Inactive,1819,10,11,,2,4322,BGR East,3,3,,44
2025-07,OUT0016,Nykaa Luxe - Kolkata 6,Nykaa Luxe,MBO,Kolkata,West Bengal,East,SKU0006,Blush & Co Cleanser A,Blush & Co,Skincare,Cleanser,Top 10,Active,289,20,23,,18,6310,BGR East,31,21,,48
2025-07,OUT0016,Nykaa Luxe - Kolkata 6,Nykaa Luxe,MBO,Kolkata,West Bengal,East,SKU0011,Lumina Foundation B,Lumina,Makeup,Foundation,Top 10,Inactive,1889,82,78,,26,58715,BGR East,25,22,,47
2025-07,OUT0016,Nykaa Luxe - Kolkata 6,Nykaa Luxe,MBO,Kolkata,West Bengal,East,SKU0012,Northline Lipstick A,Northline,Makeup,Lipstick,Others,Active,2429,6,7,,1,2266,BGR East,4,2,,50
2025-07,OUT0016,Nykaa Luxe - Kolkata 6,Nykaa Luxe,MBO,Kolkata,West Bengal,East,SKU0014,Lumina Lipstick C,Lumina,Makeup,Lipstick,Top 25,Active,1729,31,0,,12,25756,BGR East,28,25,,47
2025-07,OUT0016,Nykaa Luxe - Kolkata 6,Nykaa Luxe,MBO,Kolkata,West Bengal,East,SKU0016,Verde Mascara B,Verde,Makeup,Mascara,Top 25,Active,199,29,30,,9,2057,BGR East,10,10,,52
2025-07,OUT0016,Nykaa Luxe - Kolkata 6,Nykaa Luxe,MBO,Kolkata,West Bengal,East,SKU0017,Lumina Mascara C,Lumina,Makeup,Mascara,Top 10,Active,529,156,163,,34,18257,BGR East,59,41,,49
2025-07,OUT0016,Nykaa Luxe - Kolkata 6,Nykaa Luxe,MBO,Kolkata,West Bengal,East,SKU0018,Northline Eyeliner A,Northline,Makeup,Eyeliner,Others,Active,1959,0,3,,1,2320,BGR East,5,4,,49
2025-07,OUT0016,Nykaa Luxe - Kolkata 6,Nykaa Luxe,MBO,Kolkata,West Bengal,East,SKU0020,Lumina Shampoo A,Lumina,Haircare,Shampoo,Top 10,Active,509,66,0,,15,7170,BGR East,23,16,,34
2025-07,OUT0016,Nykaa Luxe - Kolkata 6,Nykaa Luxe,MBO,Kolkata,West Bengal,East,SKU0027,Lumina EDP B,Lumina,Fragrance,EDP,Top 10,Active,529,246,239,,23,11127,BGR East,20,16,,55
2025-07,OUT0016,Nykaa Luxe - Kolkata 6,Nykaa Luxe,MBO,Kolkata,West Bengal,East,SKU0029,Blush & Co EDT B,Blush & Co,Fragrance,EDT,Top 25,Active,479,2,12,,8,3722,BGR East,18,18,,54
2025-07,OUT0016,Nykaa Luxe - Kolkata 6,Nykaa Luxe,MBO,Kolkata,West Bengal,East,SKU0030,Blush & Co EDT C,Blush & Co,Fragrance,EDT,Others,Active,779,26,29,,4,3366,BGR East,9,7,,57
2025-07,OUT0016,Nykaa Luxe - Kolkata 6,Nykaa Luxe,MBO,Kolkata,West Bengal,East,SKU0033,Northline Body Lotion A,Northline,Bath & Body,Body Lotion,Top 10,Active,1239,20,32,,37,41508,BGR East,55,49,,41
2025-07,OUT0016,Nykaa Luxe - Kolkata 6,Nykaa Luxe,MBO,Kolkata,West Bengal,East,SKU0036,Northline Body Wash B,Northline,Bath & Body,Body Wash,Others,Active,1179,6,6,,1,1272,BGR East,1,1,,40
2025-07,OUT0016,Nykaa Luxe - Kolkata 6,Nykaa Luxe,MBO,Kolkata,West Bengal,East,SKU0037,Verde Body Wash C,Verde,Bath & Body,Body Wash,Top 25,Active,2239,9,15,,7,19038,BGR East,17,13,,40
2025-07,OUT0016,Nykaa Luxe - Kolkata 6,Nykaa Luxe,MBO,Kolkata,West Bengal,East,SKU0038,Blush & Co Hand Cream A,Blush & Co,Bath & Body,Hand Cream,Others,Active,489,15,16,,3,1568,BGR East,5,4,,38
2025-07,OUT0017,Nykaa Luxe - Bhubaneswar 7,Nykaa Luxe,MBO,Bhubaneswar,Odisha,East,SKU0002,Verde Moisturizer B,Verde,Skincare,Moisturizer,Top 10,Active,1179,32,49,,21,29281,BGR East,38,38,,45
2025-07,OUT0017,Nykaa Luxe - Bhubaneswar 7,Nykaa Luxe,MBO,Bhubaneswar,Odisha,East,SKU0003,Verde Serum A,Verde,Skincare,Serum,Top 25,Active,2419,55,55,,14,39475,BGR East,20,14,,48
2025-07,OUT0017,Nykaa Luxe - Bhubaneswar 7,Nykaa Luxe,MBO,Bhubaneswar,Odisha,East,SKU0004,Northline Serum B,Northline,Skincare,Serum,Top 25,Active,2489,41,0,,7,19218,BGR East,10,8,,42
2025-07,OUT0017,Nykaa Luxe - Bhubaneswar 7,Nykaa Luxe,MBO,Bhubaneswar,Odisha,East,SKU0005,Northline Serum C,Northline,Skincare,Serum,Others,Inactive,1819,12,13,,2,3878,BGR East,4,3,,42
2025-07,OUT0017,Nykaa Luxe - Bhubaneswar 7,Nykaa Luxe,MBO,Bhubaneswar,Odisha,East,SKU0006,Blush & Co Cleanser A,Blush & Co,Skincare,Cleanser,Top 10,Active,289,315,330,,19,4927,BGR East,38,34,,48
2025-07,OUT0017,Nykaa Luxe - Bhubaneswar 7,Nykaa Luxe,MBO,Bhubaneswar,Odisha,East,SKU0007,Northline Cleanser B,Northline,Skincare,Cleanser,Others,Active,1809,12,16,,4,8110,BGR East,9,8,,42
2025-07,OUT0017,Nykaa Luxe - Bhubaneswar 7,Nykaa Luxe,MBO,Bhubaneswar,Odisha,East,SKU0009,Blush & Co Sunscreen B,Blush & Co,Skincare,Sunscreen,Others,Inactive,1629,16,19,,4,5974,BGR East,8,7,,43
2025-07,OUT0017,Nykaa Luxe - Bhubaneswar 7,Nykaa Luxe,MBO,Bhubaneswar,Odisha,East,SKU0011,Lumina Foundation B,Lumina,Makeup,Foundation,Top 10,Inactive,1889,44,42,,24,54625,BGR East,24,22,,53
2025-07,OUT0017,Nykaa Luxe - Bhubaneswar 7,Nykaa Luxe,MBO,Bhubaneswar,Odisha,East,SKU0013,Northline Lipstick B,Northline,Makeup,Lipstick,Others,Active,2469,6,9,,1,2463,BGR East,6,4,,49
2025-07,OUT0017,Nykaa Luxe - Bhubaneswar 7,Nykaa Luxe,MBO,Bhubaneswar,Odisha,East,SKU0014,Lumina Lipstick C,Lumina,Makeup,Lipstick,Top 25,Active,1729,32,36,,8,12947,BGR East,12,12,,48
2025-07,OUT0017,Nykaa Luxe - Bhubaneswar 7,Nykaa Luxe,MBO,Bhubaneswar,Odisha,East,SKU0015,Blush & Co Mascara A,Blush & Co,Makeup,Mascara,Top 25,Active,1219,29,33,,9,10250,BGR East,19,13,,53
2025-07,OUT0017,Nykaa Luxe - Bhubaneswar 7,Nykaa Luxe,MBO,Bhubaneswar,Odisha,East,SKU0016,Verde Mascara B,Verde,Makeup,Mascara,Top 25,Active,199,20,19,,16,3316,BGR East,19,15,,49
2025-07,OUT0017,Nykaa Luxe - Bhubaneswar 7,Nykaa Luxe,MBO,Bhubaneswar,Odisha,East,SKU0017,Lumina Mascara C,Lumina,Makeup,Mascara,Top 10,Active,529,85,80,,27,16854,BGR East,25,22,,49
2025-07,OUT0017,Nykaa Luxe - Bhubaneswar 7,Nykaa Luxe,MBO,Bhubaneswar,Odisha,East,SKU0020,Lumina Shampoo A,Lumina,Haircare,Shampoo,Top 10,Active,509,96,112,,19,11179,BGR East,37,35,,35
2025-07,OUT0017,Nykaa Luxe - Bhubaneswar 7,Nykaa Luxe,MBO,Bhubaneswar,Odisha,East,SKU0021,Verde Shampoo B,Verde,Haircare,Shampoo,Others,Active,1319,0,5,,4,5100,BGR East,10,9,,33
2025-07,OUT0017,Nykaa Luxe - Bhubaneswar 7,Nykaa Luxe,MBO,Bhubaneswar,Odisha,East,SKU0023,Northline Conditioner B,Northline,Haircare,Conditioner,Others,Active,379,9,11,,1,436,BGR East,4,3,,33
2025-07,OUT0017,Nykaa Luxe - Bhubaneswar 7,Nykaa Luxe,MBO,Bhubaneswar,Odisha,East,SKU0027,Lumina EDP B,Lumina,Fragrance,EDP,Top 10,Active,529,60,63,,20,11087,BGR East,34,23,,58
2025-07,OUT0017,Nykaa Luxe - Bhubaneswar 7,Nykaa Luxe,MBO,Bhubaneswar,Odisha,East,SKU0028,Northline EDT A,Northline,Fragrance,EDT,Top 25,Active,1109,50,50,,16,20903,BGR East,20,16,,52
2025-07,OUT0017,Nykaa Luxe - Bhubaneswar 7,Nykaa Luxe,MBO,Bhubaneswar,Odisha,East,SKU0029,Blush & Co EDT B,Blush & Co,Fragrance,EDT,Top 25,Active,479,54,60,,8,3433,BGR East,15,14,,55
2025-07,OUT0017,Nykaa Luxe - Bhubaneswar 7,Nykaa Luxe,MBO,Bhubaneswar,Odisha,East,SKU0031,Lumina Body Mist A,Lumina,Fragrance,Body Mist,Top 25,Active,2119,37,36,,20,45950,BGR East,19,19,,53
2025-07,OUT0017,Nykaa Luxe - Bhubaneswar 7,Nykaa Luxe,MBO,Bhubaneswar,Odisha,East,SKU0032,Northline Body Mist B,Northline,Fragrance,Body Mist,Others,Inactive,2229,14,20,,6,12327,BGR East,13,12,,53
2025-07,OUT0017,Nykaa Luxe - Bhubaneswar 7,Nykaa Luxe,MBO,Bhubaneswar,Odisha,East,SKU0033,Northline Body Lotion A,Northline,Bath & Body,Body Lotion,Top 10,Active,1239,113,147,,44,54777,BGR East,78,78,,39
2025-07,OUT0018,Nykaa Luxe - Bhubaneswar 8,Nykaa Luxe,MBO,Bhubaneswar,Odisha,East,SKU0001,Blush & Co Moisturizer A,Blush & Co,Skincare,Moisturizer,Others,Active,2319,3,0,,2,5351,BGR East,5,4,,43
2025-07,OUT0018,Nykaa Luxe - Bhubaneswar 8,Nykaa Luxe,MBO,Bhubaneswar,Odisha,East,SKU0002,Verde Moisturizer B,Verde,Skincare,Moisturizer,Top 10,Active,1179,169,164,,26,29237,BGR East,31,21,,45
2025-07,OUT0018,Nykaa Luxe - Bhubaneswar 8,Nykaa Luxe,MBO,Bhubaneswar,Odisha,East,SKU0004,Northline Serum B,Northline,Skincare,Serum,Top 25,Active,2489,51,57,,7,18280,BGR East,13,13,,47
2025-07,OUT0018,Nykaa Luxe - Bhubaneswar 8,Nykaa Luxe,MBO,Bhubaneswar,Odisha,East,SKU0007,Northline Cleanser B,Northline,Skincare,Cleanser,Others,Active,1809,10,10,,4,6715,BGR East,5,4,,44
2025-07,OUT0018,Nykaa Luxe - Bhubaneswar 8,Nykaa Luxe,MBO,Bhubaneswar,Odisha,East,SKU0009,Blush & Co Sunscreen B,Blush & Co,Skincare,Sunscreen,Others,Inactive,1629,16,15,,4,6823,BGR East,5,3,,43
2025-07,OUT0018,Nykaa Luxe - Bhubaneswar 8,Nykaa Luxe,MBO,Bhubaneswar,Odisha,East,SKU0010,Blush & Co Foundation A,Blush & Co,Makeup,Foundation,Others,Active,1419,0,0,,4,6223,BGR East,3,3,,48
2025-07,OUT0018,Nykaa Luxe - Bhubaneswar 8,Nykaa Luxe,MBO,Bhubaneswar,Odisha,East,SKU0011,Lumina Foundation B,Lumina,Makeup,Foundation,Top 10,Inactive,1889,24,0,,25,53956,BGR East,28,28,,48
2025-07,OUT0018,Nykaa Luxe - Bhubaneswar 8,Nykaa Luxe,MBO,Bhubaneswar,Odisha,East,SKU0012,Northline Lipstick A,Northline,Makeup,Lipstick,Others,Active,2429,9,12,,1,2486,BGR East,4,4,,53
2025-07,OUT0018,Nykaa Luxe - Bhubaneswar 8,Nykaa Luxe,MBO,Bhubaneswar,Odisha,East,SKU0013,Northline Lipstick B,Northline,Makeup,Lipstick,Others,Active,2469,10,10,,1,2213,BGR East,2,1,,49
2025-07,OUT0018,Nykaa Luxe - Bhubaneswar 8,Nykaa Luxe,MBO,Bhubaneswar,Odisha,East,SKU0014,Lumina Lipstick C,Lumina,Makeup,Lipstick,Top 25,Active,1729,53,55,,5,9488,BGR East,7,7,,49
2025-07,OUT0018,Nykaa Luxe - Bhubaneswar 8,Nykaa Luxe,MBO,Bhubaneswar,Odisha,East,SKU0015,Blush & Co Mascara A,Blush & Co,Makeup,Mascara,Top 25,Active,1219,34,41,,12,14437,BGR East,24,19,,47
2025-07,OUT0018,Nykaa Luxe - Bhubaneswar 8,Nykaa Luxe,MBO,Bhubaneswar,Odisha,East,SKU0017,Lumina Mascara C,Lumina,Makeup,Mascara,Top 10,Active,529,208,219,,17,8983,BGR East,28,28,,48
2025-07,OUT0018,Nykaa Luxe - Bhubaneswar 8,Nykaa Luxe,MBO,Bhubaneswar,Odisha,East,SKU0019,Northline Eyeliner B,Northline,Makeup,Eyeliner,Others,Active,1889,30,32,,2,4713,BGR East,5,4,,50
2025-07,OUT0018,Nykaa Luxe - Bhubaneswar 8,Nykaa Luxe,MBO,Bhubaneswar,Odisha,East,SKU0020,Lumina Shampoo A,Lumina,Haircare,Shampoo,Top 10,Active,509,6,17,,19,12135,BGR East,38,30,,33
2025-07,OUT0018,Nykaa Luxe - Bhubaneswar 8,Nykaa Luxe,MBO,Bhubaneswar,Odisha,East,SKU0022,Northline Conditioner A,Northline,Haircare,Conditioner,Others,Active,779,11,14,,5,4600,BGR East,8,8,,37
2025-07,OUT0018,Nykaa Luxe - Bhubaneswar 8,Nykaa Luxe,MBO,Bhubaneswar,Odisha,East,SKU0023,Northline Conditioner B,Northline,Haircare,Conditioner,Others,Active,379,5,7,,0,0,BGR East,4,2,,36
2025-07,OUT0018,Nykaa Luxe - Bhubaneswar 8,Nykaa Luxe,MBO,Bhubaneswar,Odisha,East,SKU0027,Lumina EDP B,Lumina,Fragrance,EDP,Top 10,Active,529,72,89,,21,12816,BGR East,38,38,,52
2025-07,OUT0018,Nykaa Luxe - Bhubaneswar 8,Nykaa Luxe,MBO,Bhubaneswar,Odisha,East,SKU0028,Northline EDT A,Northline,Fragrance,EDT,Top 25,Active,1109,7,10,,12,11995,BGR East,19,15,,58
2025-07,OUT0018,Nykaa Luxe - Bhubaneswar 8,Nykaa Luxe,MBO,Bhubaneswar,Odisha,East,SKU0029,Blush & Co EDT B,Blush & Co,Fragrance,EDT,Top 25,Active,479,24,30,,5,2558,BGR East,11,11,,58
2025-07,OUT0018,Nykaa Luxe - Bhubaneswar 8,Nykaa Luxe,MBO,Bhubaneswar,Odisha,East,SKU0030,Blush & Co EDT C,Blush & Co,Fragrance,EDT,Others,Active,779,0,3,,3,2924,BGR East,7,6,,58
2025-07,OUT0018,Nykaa Luxe - Bhubaneswar 8,Nykaa Luxe,MBO,Bhubaneswar,Odisha,East,SKU0033,Northline Body Lotion A,Northline,Bath & Body,Body Lotion,Top 10,Active,1239,46,75,,34,52538,BGR East,70,63,,39
2025-07,OUT0018,Nykaa Luxe - Bhubaneswar 8,Nykaa Luxe,MBO,Bhubaneswar,Odisha,East,SKU0034,Northline Body Lotion B,Northline,Bath & Body,Body Lotion,Top 25,Active,989,40,79,,9,11097,BGR East,12,11,,41
2025-07,OUT0018,Nykaa Luxe - Bhubaneswar 8,Nykaa Luxe,MBO,Bhubaneswar,Odisha,East,SKU0037,Verde Body Wash C,Verde,Bath & Body,Body Wash,Top 25,Active,2239,4,7,,4,10699,BGR East,8,7,,40
2025-07,OUT0019,Nykaa Luxe - Ahmedabad 9,Nykaa Luxe,MBO,Ahmedabad,Gujarat,West,SKU0002,Verde Moisturizer B,Verde,Skincare,Moisturizer,Top 10,Active,1179,45,45,,26,28122,BGR West,33,26,,44
2025-07,OUT0019,Nykaa Luxe - Ahmedabad 9,Nykaa Luxe,MBO,Ahmedabad,Gujarat,West,SKU0003,Verde Serum A,Verde,Skincare,Serum,Top 25,Active,2419,82,86,,19,54544,BGR West,34,23,,44
2025-07,OUT0019,Nykaa Luxe - Ahmedabad 9,Nykaa Luxe,MBO,Ahmedabad,Gujarat,West,SKU0004,Northline Serum B,Northline,Skincare,Serum,Top 25,Active,2489,24,26,,11,29440,BGR West,14,13,,43
2025-07,OUT0019,Nykaa Luxe - Ahmedabad 9,Nykaa Luxe,MBO,Ahmedabad,Gujarat,West,SKU0005,Northline Serum C,Northline,Skincare,Serum,Others,Inactive,1819,3,6,,1,1923,BGR West,5,4,,44
2025-07,OUT0019,Nykaa Luxe - Ahmedabad 9,Nykaa Luxe,MBO,Ahmedabad,Gujarat,West,SKU0006,Blush & Co Cleanser A,Blush & Co,Skincare,Cleanser,Top 10,Active,289,67,86,,30,8411,BGR West,52,49,,48
2025-07,OUT0019,Nykaa Luxe - Ahmedabad 9,Nykaa Luxe,MBO,Ahmedabad,Gujarat,West,SKU0009,Blush & Co Sunscreen B,Blush & Co,Skincare,Sunscreen,Others,Inactive,1629,21,23,,3,6090,BGR West,5,5,,46
2025-07,OUT0019,Nykaa Luxe - Ahmedabad 9,Nykaa Luxe,MBO,Ahmedabad,Gujarat,West,SKU0010,Blush & Co Foundation A,Blush & Co,Makeup,Foundation,Others,Active,1419,13,0,,3,4280,BGR West,5,4,,50
2025-07,OUT0019,Nykaa Luxe - Ahmedabad 9,Nykaa Luxe,MBO,Ahmedabad,Gujarat,West,SKU0011,Lumina Foundation B,Lumina,Makeup,Foundation,Top 10,Inactive,1889,60,0,,25,51589,BGR West,28,26,,48
2025-07,OUT0019,Nykaa Luxe - Ahmedabad 9,Nykaa Luxe,MBO,Ahmedabad,Gujarat,West,SKU0012,Northline Lipstick A,Northline,Makeup,Lipstick,Others,Active,2429,8,12,,1,2751,BGR West,6,5,,51
2025-07,OUT0019,Nykaa Luxe - Ahmedabad 9,Nykaa Luxe,MBO,Ahmedabad,Gujarat,West,SKU0014,Lumina Lipstick C,Lumina,Makeup,Lipstick,Top 25,Active,1729,37,52,,13,26876,BGR West,28,28,,47
2025-07,OUT0019,Nykaa Luxe - Ahmedabad 9,Nykaa Luxe,MBO,Ahmedabad,Gujarat,West,SKU0015,Blush & Co Mascara A,Blush & Co,Makeup,Mascara,Top 25,Active,1219,15,19,,11,16530,BGR West,15,15,,50
2025-07,OUT0019,Nykaa Luxe - Ahmedabad 9,Nykaa Luxe,MBO,Ahmedabad,Gujarat,West,SKU0017,Lumina Mascara C,Lumina,Makeup,Mascara,Top 10,Active,529,49,52,,32,16323,BGR West,35,35,,52
2025-07,OUT0019,Nykaa Luxe - Ahmedabad 9,Nykaa Luxe,MBO,Ahmedabad,Gujarat,West,SKU0020,Lumina Shampoo A,Lumina,Haircare,Shampoo,Top 10,Active,509,18,27,,24,11668,BGR West,35,33,,33
2025-07,OUT0019,Nykaa Luxe - Ahmedabad 9,Nykaa Luxe,MBO,Ahmedabad,Gujarat,West,SKU0021,Verde Shampoo B,Verde,Haircare,Shampoo,Others,Active,1319,21,24,,3,4709,BGR West,9,6,,38
2025-07,OUT0019,Nykaa Luxe - Ahmedabad 9,Nykaa Luxe,MBO,Ahmedabad,Gujarat,West,SKU0022,Northline Conditioner A,Northline,Haircare,Conditioner,Others,Active,779,13,15,,3,2181,BGR West,7,5,,37
2025-07,OUT0019,Nykaa Luxe - Ahmedabad 9,Nykaa Luxe,MBO,Ahmedabad,Gujarat,West,SKU0027,Lumina EDP B,Lumina,Fragrance,EDP,Top 10,Active,529,44,46,,19,12245,BGR West,21,21,,55
2025-07,OUT0019,Nykaa Luxe - Ahmedabad 9,Nykaa Luxe,MBO,Ahmedabad,Gujarat,West,SKU0028,Northline EDT A,Northline,Fragrance,EDT,Top 25,Active,1109,33,34,,16,17566,BGR West,17,17,,57
2025-07,OUT0019,Nykaa Luxe - Ahmedabad 9,Nykaa Luxe,MBO,Ahmedabad,Gujarat,West,SKU0030,Blush & Co EDT C,Blush & Co,Fragrance,EDT,Others,Active,779,18,22,,4,3303,BGR West,8,8,,52
2025-07,OUT0019,Nykaa Luxe - Ahmedabad 9,Nykaa Luxe,MBO,Ahmedabad,Gujarat,West,SKU0031,Lumina Body Mist A,Lumina,Fragrance,Body Mist,Top 25,Active,2119,52,62,,9,22604,BGR West,19,19,,55
2025-07,OUT0019,Nykaa Luxe - Ahmedabad 9,Nykaa Luxe,MBO,Ahmedabad,Gujarat,West,SKU0033,Northline Body Lotion A,Northline,Bath & Body,Body Lotion,Top 10,Active,1239,25,44,,23,28394,BGR West,45,42,,42
2025-07,OUT0019,Nykaa Luxe - Ahmedabad 9,Nykaa Luxe,MBO,Ahmedabad,Gujarat,West,SKU0034,Northline Body Lotion B,Northline,Bath & Body,Body Lotion,Top 25,Active,989,110,121,,14,14465,BGR West,27,25,,41
2025-07,OUT0019,Nykaa Luxe - Ahmedabad 9,Nykaa Luxe,MBO,Ahmedabad,Gujarat,West,SKU0035,Northline Body Wash A,Northline,Bath & Body,Body Wash,Others,Active,469,13,14,,2,974,BGR West,3,3,,39
2025-07,OUT0019,Nykaa Luxe - Ahmedabad 9,Nykaa Luxe,MBO,Ahmedabad,Gujarat,West,SKU0036,Northline Body Wash B,Northline,Bath & Body,Body Wash,Others,Active,1179,8,9,,0,0,BGR West,2,1,,40
2025-07,OUT0019,Nykaa Luxe - Ahmedabad 9,Nykaa Luxe,MBO,Ahmedabad,Gujarat,West,SKU0038,Blush & Co Hand Cream A,Blush & Co,Bath & Body,Hand Cream,Others,Active,489,18,20,,5,2327,BGR West,7,7,,42
2025-07,OUT0019,Nykaa Luxe - Ahmedabad 9,Nykaa Luxe,MBO,Ahmedabad,Gujarat,West,SKU0039,Northline Hand Cream B,Northline,Bath & Body,Hand Cream,Others,Active,1189,14,16,,3,3323,BGR West,5,5,,37
2025-07,OUT0020,Reliance Beauty - New Delhi 1,Reliance Beauty,Department Store,New Delhi,Delhi,North,SKU0002,Verde Moisturizer B,Verde,Skincare,Moisturizer,Top 10,Active,1179,6,7,,9,9966,BGR North,15,10,,46
2025-07,OUT0020,Reliance Beauty - New Delhi 1,Reliance Beauty,Department Store,New Delhi,Delhi,North,SKU0004,Northline Serum B,Northline,Skincare,Serum,Top 25,Active,2489,14,19,,4,10952,BGR North,10,9,,42
2025-07,OUT0020,Reliance Beauty - New Delhi 1,Reliance Beauty,Department Store,New Delhi,Delhi,North,SKU0010,Blush & Co Foundation A,Blush & Co,Makeup,Foundation,Others,Active,1419,7,10,,2,3027,BGR North,7,5,,49
2025-07,OUT0020,Reliance Beauty - New Delhi 1,Reliance Beauty,Department Store,New Delhi,Delhi,North,SKU0011,Lumina Foundation B,Lumina,Makeup,Foundation,Top 10,Inactive,1889,47,48,,10,20106,BGR North,11,11,,52
2025-07,OUT0020,Reliance Beauty - New Delhi 1,Reliance Beauty,Department Store,New Delhi,Delhi,North,SKU0012,Northline Lipstick A,Northline,Makeup,Lipstick,Others,Active,2429,3,5,,0,0,BGR North,3,2,,48
2025-07,OUT0020,Reliance Beauty - New Delhi 1,Reliance Beauty,Department Store,New Delhi,Delhi,North,SKU0013,Northline Lipstick B,Northline,Makeup,Lipstick,Others,Active,2469,2,5,,0,0,BGR North,5,3,,49
2025-07,OUT0020,Reliance Beauty - New Delhi 1,Reliance Beauty,Department Store,New Delhi,Delhi,North,SKU0015,Blush & Co Mascara A,Blush & Co,Makeup,Mascara,Top 25,Active,1219,2,7,,6,7747,BGR North,12,11,,53
2025-07,OUT0020,Reliance Beauty - New Delhi 1,Reliance Beauty,Department Store,New Delhi,Delhi,North,SKU0016,Verde Mascara B,Verde,Makeup,Mascara,Top 25,Active,199,22,0,,3,664,BGR North,7,5,,48
2025-07,OUT0020,Reliance Beauty - New Delhi 1,Reliance Beauty,Department Store,New Delhi,Delhi,North,SKU0017,Lumina Mascara C,Lumina,Makeup,Mascara,Top 10,Active,529,0,3,,13,8248,BGR North,16,16,,52
2025-07,OUT0020,Reliance Beauty - New Delhi 1,Reliance Beauty,Department Store,New Delhi,Delhi,North,SKU0018,Northline Eyeliner A,Northline,Makeup,Eyeliner,Others,Active,1959,3,3,,0,0,BGR North,1,0,,49
2025-07,OUT0020,Reliance Beauty - New Delhi 1,Reliance Beauty,Department Store,New Delhi,Delhi,North,SKU0019,Northline Eyeliner B,Northline,Makeup,Eyeliner,Others,Active,1889,9,11,,1,2041,BGR North,3,3,,47
2025-07,OUT0020,Reliance Beauty - New Delhi 1,Reliance Beauty,Department Store,New Delhi,Delhi,North,SKU0020,Lumina Shampoo A,Lumina,Haircare,Shampoo,Top 10,Active,509,33,0,,8,5042,BGR North,16,11,,35
2025-07,OUT0020,Reliance Beauty - New Delhi 1,Reliance Beauty,Department Store,New Delhi,Delhi,North,SKU0028,Northline EDT A,Northline,Fragrance,EDT,Top 25,Active,1109,20,28,,8,10409,BGR North,16,16,,55
2025-07,OUT0020,Reliance Beauty - New Delhi 1,Reliance Beauty,Department Store,New Delhi,Delhi,North,SKU0030,Blush & Co EDT C,Blush & Co,Fragrance,EDT,Others,Active,779,0,6,,2,1604,BGR North,8,8,,55
2025-07,OUT0020,Reliance Beauty - New Delhi 1,Reliance Beauty,Department Store,New Delhi,Delhi,North,SKU0031,Lumina Body Mist A,Lumina,Fragrance,Body Mist,Top 25,Active,2119,19,17,,6,15525,BGR North,7,4,,57
2025-07,OUT0020,Reliance Beauty - New Delhi 1,Reliance Beauty,Department Store,New Delhi,Delhi,North,SKU0033,Northline Body Lotion A,Northline,Bath & Body,Body Lotion,Top 10,Active,1239,85,91,,11,16461,BGR North,17,17,,38
2025-07,OUT0020,Reliance Beauty - New Delhi 1,Reliance Beauty,Department Store,New Delhi,Delhi,North,SKU0034,Northline Body Lotion B,Northline,Bath & Body,Body Lotion,Top 25,Active,989,13,18,,7,8641,BGR North,16,12,,38
2025-07,OUT0020,Reliance Beauty - New Delhi 1,Reliance Beauty,Department Store,New Delhi,Delhi,North,SKU0038,Blush & Co Hand Cream A,Blush & Co,Bath & Body,Hand Cream,Others,Active,489,5,4,,1,455,BGR North,1,0,,38
2025-07,OUT0021,Reliance Beauty - Surat 2,Reliance Beauty,Department Store,Surat,Gujarat,West,SKU0002,Verde Moisturizer B,Verde,Skincare,Moisturizer,Top 10,Active,1179,32,91,,15,16492,BGR West,20,19,,45
2025-07,OUT0021,Reliance Beauty - Surat 2,Reliance Beauty,Department Store,Surat,Gujarat,West,SKU0004,Northline Serum B,Northline,Skincare,Serum,Top 25,Active,2489,12,19,,6,17411,BGR West,15,13,,45
2025-07,OUT0021,Reliance Beauty - Surat 2,Reliance Beauty,Department Store,Surat,Gujarat,West,SKU0006,Blush & Co Cleanser A,Blush & Co,Skincare,Cleanser,Top 10,Active,289,51,57,,21,7490,BGR West,39,27,,45
2025-07,OUT0021,Reliance Beauty - Surat 2,Reliance Beauty,Department Store,Surat,Gujarat,West,SKU0011,Lumina Foundation B,Lumina,Makeup,Foundation,Top 10,Inactive,1889,69,76,,14,24617,BGR West,24,21,,48
2025-07,OUT0021,Reliance Beauty - Surat 2,Reliance Beauty,Department Store,Surat,Gujarat,West,SKU0014,Lumina Lipstick C,Lumina,Makeup,Lipstick,Top 25,Active,1729,14,22,,9,19254,BGR West,17,17,,47
2025-07,OUT0021,Reliance Beauty - Surat 2,Reliance Beauty,Department Store,Surat,Gujarat,West,SKU0015,Blush & Co Mascara A,Blush & Co,Makeup,Mascara,Top 25,Active,1219,3,8,,12,17636,BGR West,19,17,,52
2025-07,OUT0021,Reliance Beauty - Surat 2,Reliance Beauty,Department Store,Surat,Gujarat,West,SKU0016,Verde Mascara B,Verde,Makeup,Mascara,Top 25,Active,199,49,52,,7,1482,BGR West,12,10,,49
2025-07,OUT0021,Reliance Beauty - Surat 2,Reliance Beauty,Department Store,Surat,Gujarat,West,SKU0017,Lumina Mascara C,Lumina,Makeup,Mascara,Top 10,Active,529,41,83,,16,10656,BGR West,28,19,,48
2025-07,OUT0021,Reliance Beauty - Surat 2,Reliance Beauty,Department Store,Surat,Gujarat,West,SKU0019,Northline Eyeliner B,Northline,Makeup,Eyeliner,Others,Active,1889,6,10,,1,1913,BGR West,5,5,,50
2025-07,OUT0021,Reliance Beauty - Surat 2,Reliance Beauty,Department Store,Surat,Gujarat,West,SKU0020,Lumina Shampoo A,Lumina,Haircare,Shampoo,Top 10,Active,509,30,36,,16,9377,BGR West,22,22,,36
2025-07,OUT0021,Reliance Beauty - Surat 2,Reliance Beauty,Department Store,Surat,Gujarat,West,SKU0021,Verde Shampoo B,Verde,Haircare,Shampoo,Others,Active,1319,8,11,,1,1210,BGR West,6,4,,33
2025-07,OUT0021,Reliance Beauty - Surat 2,Reliance Beauty,Department Store,Surat,Gujarat,West,SKU0022,Northline Conditioner A,Northline,Haircare,Conditioner,Others,Active,779,7,8,,3,2127,BGR West,6,4,,35
2025-07,OUT0021,Reliance Beauty - Surat 2,Reliance Beauty,Department Store,Surat,Gujarat,West,SKU0023,Northline Conditioner B,Northline,Haircare,Conditioner,Others,Active,379,4,0,,0,0,BGR West,4,3,,36
2025-07,OUT0021,Reliance Beauty - Surat 2,Reliance Beauty,Department Store,Surat,Gujarat,West,SKU0028,Northline EDT A,Northline,Fragrance,EDT,Top 25,Active,1109,33,34,,15,17352,BGR West,16,16,,55
2025-07,OUT0021,Reliance Beauty - Surat 2,Reliance Beauty,Department Store,Surat,Gujarat,West,SKU0029,Blush & Co EDT B,Blush & Co,Fragrance,EDT,Top 25,Active,479,21,26,,6,3257,BGR West,11,11,,55
2025-07,OUT0021,Reliance Beauty - Surat 2,Reliance Beauty,Department Store,Surat,Gujarat,West,SKU0031,Lumina Body Mist A,Lumina,Fragrance,Body Mist,Top 25,Active,2119,13,15,,7,15813,BGR West,11,9,,57
2025-07,OUT0021,Reliance Beauty - Surat 2,Reliance Beauty,Department Store,Surat,Gujarat,West,SKU0032,Northline Body Mist B,Northline,Fragrance,Body Mist,Others,Inactive,2229,15,18,,2,4045,BGR West,6,5,,54
2025-07,OUT0021,Reliance Beauty - Surat 2,Reliance Beauty,Department Store,Surat,Gujarat,West,SKU0033,Northline Body Lotion A,Northline,Bath & Body,Body Lotion,Top 10,Active,1239,34,34,,19,23288,BGR West,28,19,,37
2025-07,OUT0021,Reliance Beauty - Surat 2,Reliance Beauty,Department Store,Surat,Gujarat,West,SKU0034,Northline Body Lotion B,Northline,Bath & Body,Body Lotion,Top 25,Active,989,25,34,,8,7935,BGR West,17,17,,39
2025-07,OUT0021,Reliance Beauty - Surat 2,Reliance Beauty,Department Store,Surat,Gujarat,West,SKU0038,Blush & Co Hand Cream A,Blush & Co,Bath & Body,Hand Cream,Others,Active,489,39,20,,4,2226,BGR West,12,12,,37
2025-07,OUT0021,Reliance Beauty - Surat 2,Reliance Beauty,Department Store,Surat,Gujarat,West,SKU0039,Northline Hand Cream B,Northline,Bath & Body,Hand Cream,Others,Active,1189,3,5,,4,4844,BGR West,6,6,,41
2025-07,OUT0022,Reliance Beauty - Kolkata 3,Reliance Beauty,Department Store,Kolkata,West Bengal,East,SKU0002,Verde Moisturizer B,Verde,Skincare,Moisturizer,Top 10,Active,1179,28,32,,3,4368,BGR East,7,7,,48
2025-07,OUT0022,Reliance Beauty - Kolkata 3,Reliance Beauty,Department Store,Kolkata,West Bengal,East,SKU0003,Verde Serum A,Verde,Skincare,Serum,Top 25,Active,2419,19,24,,4,10965,BGR East,12,9,,46
2025-07,OUT0022,Reliance Beauty - Kolkata 3,Reliance Beauty,Department Store,Kolkata,West Bengal,East,SKU0004,Northline Serum B,Northline,Skincare,Serum,Top 25,Active,2489,18,20,,3,7871,BGR East,7,5,,43
2025-07,OUT0022,Reliance Beauty - Kolkata 3,Reliance Beauty,Department Store,Kolkata,West Bengal,East,SKU0006,Blush & Co Cleanser A,Blush & Co,Skincare,Cleanser,Top 10,Active,289,6,14,,10,3163,BGR East,20,18,,46
2025-07,OUT0022,Reliance Beauty - Kolkata 3,Reliance Beauty,Department Store,Kolkata,West Bengal,East,SKU0008,Lumina Sunscreen A,Lumina,Skincare,Sunscreen,Others,Active,1599,0,0,,0,0,BGR East,0,0,,44
2025-07,OUT0022,Reliance Beauty - Kolkata 3,Reliance Beauty,Department Store,Kolkata,West Bengal,East,SKU0011,Lumina Foundation B,Lumina,Makeup,Foundation,Top 10,Inactive,1889,26,31,,5,10350,BGR East,12,10,,47
2025-07,OUT0022,Reliance Beauty - Kolkata 3,Reliance Beauty,Department Store,Kolkata,West Bengal,East,SKU0012,Northline Lipstick A,Northline,Makeup,Lipstick,Others,Active,2429,0,0,,0,0,BGR East,1,0,,51
2025-07,OUT0022,Reliance Beauty - Kolkata 3,Reliance Beauty,Department Store,Kolkata,West Bengal,East,SKU0013,Northline Lipstick B,Northline,Makeup,Lipstick,Others,Active,2469,2,3,,0,0,BGR East,2,1,,53
2025-07,OUT0022,Reliance Beauty - Kolkata 3,Reliance Beauty,Department Store,Kolkata,West Bengal,East,SKU0014,Lumina Lipstick C,Lumina,Makeup,Lipstick,Top 25,Active,1729,14,17,,1,1557,BGR East,4,4,,50
2025-07,OUT0022,Reliance Beauty - Kolkata 3,Reliance Beauty,Department Store,Kolkata,West Bengal,East,SKU0015,Blush & Co Mascara A,Blush & Co,Makeup,Mascara,Top 25,Active,1219,8,11,,3,4030,BGR East,6,6,,48
2025-07,OUT0022,Reliance Beauty - Kolkata 3,Reliance Beauty,Department Store,Kolkata,West Bengal,East,SKU0017,Lumina Mascara C,Lumina,Makeup,Mascara,Top 10,Active,529,37,40,,5,3259,BGR East,10,8,,50
2025-07,OUT0022,Reliance Beauty - Kolkata 3,Reliance Beauty,Department Store,Kolkata,West Bengal,East,SKU0018,Northline Eyeliner A,Northline,Makeup,Eyeliner,Others,Active,1959,6,0,,0,0,BGR East,3,3,,51
2025-07,OUT0022,Reliance Beauty - Kolkata 3,Reliance Beauty,Department Store,Kolkata,West Bengal,East,SKU0019,Northline Eyeliner B,Northline,Makeup,Eyeliner,Others,Active,1889,6,8,,0,0,BGR East,4,2,,51
2025-07,OUT0022,Reliance Beauty - Kolkata 3,Reliance Beauty,Department Store,Kolkata,West Bengal,East,SKU0020,Lumina Shampoo A,Lumina,Haircare,Shampoo,Top 10,Active,509,3,5,,6,2963,BGR East,11,8,,35
2025-07,OUT0022,Reliance Beauty - Kolkata 3,Reliance Beauty,Department Store,Kolkata,West Bengal,East,SKU0022,Northline Conditioner A,Northline,Haircare,Conditioner,Others,Active,779,8,12,,1,893,BGR East,5,5,,34
2025-07,OUT0022,Reliance Beauty - Kolkata 3,Reliance Beauty,Department Store,Kolkata,West Bengal,East,SKU0027,Lumina EDP B,Lumina,Fragrance,EDP,Top 10,Active,529,17,0,,4,2443,BGR East,5,3,,56
2025-07,OUT0022,Reliance Beauty - Kolkata 3,Reliance Beauty,Department Store,Kolkata,West Bengal,East,SKU0028,Northline EDT A,Northline,Fragrance,EDT,Top 25,Active,1109,19,22,,3,3342,BGR East,7,6,,57
2025-07,OUT0022,Reliance Beauty - Kolkata 3,Reliance Beauty,Department Store,Kolkata,West Bengal,East,SKU0029,Blush & Co EDT B,Blush & Co,Fragrance,EDT,Top 25,Active,479,18,19,,1,598,BGR East,4,2,,56
2025-07,OUT0022,Reliance Beauty - Kolkata 3,Reliance Beauty,Department Store,Kolkata,West Bengal,East,SKU0031,Lumina Body Mist A,Lumina,Fragrance,Body Mist,Top 25,Active,2119,0,5,,3,7118,BGR East,8,8,,56
2025-07,OUT0022,Reliance Beauty - Kolkata 3,Reliance Beauty,Department Store,Kolkata,West Bengal,East,SKU0032,Northline Body Mist B,Northline,Fragrance,Body Mist,Others,Inactive,2229,8,9,,0,0,BGR East,1,1,,54
2025-07,OUT0022,Reliance Beauty - Kolkata 3,Reliance Beauty,Department Store,Kolkata,West Bengal,East,SKU0033,Northline Body Lotion A,Northline,Bath & Body,Body Lotion,Top 10,Active,1239,41,40,,8,9574,BGR East,9,7,,37
2025-07,OUT0022,Reliance Beauty - Kolkata 3,Reliance Beauty,Department Store,Kolkata,West Bengal,East,SKU0034,Northline Body Lotion B,Northline,Bath & Body,Body Lotion,Top 25,Active,989,5,8,,3,3180,BGR East,6,6,,37
2025-07,OUT0022,Reliance Beauty - Kolkata 3,Reliance Beauty,Department Store,Kolkata,West Bengal,East,SKU0035,Northline Body Wash A,Northline,Bath & Body,Body Wash,Others,Active,469,9,11,,0,0,BGR East,2,2,,40
2025-07,OUT0022,Reliance Beauty - Kolkata 3,Reliance Beauty,Department Store,Kolkata,West Bengal,East,SKU0036,Northline Body Wash B,Northline,Bath & Body,Body Wash,Others,Active,1179,5,9,,0,0,BGR East,4,4,,42
2025-07,OUT0022,Reliance Beauty - Kolkata 3,Reliance Beauty,Department Store,Kolkata,West Bengal,East,SKU0037,Verde Body Wash C,Verde,Bath & Body,Body Wash,Top 25,Active,2239,17,19,,1,2160,BGR East,3,3,,37
2025-07,OUT0023,Reliance Beauty - Pune 4,Reliance Beauty,Department Store,Pune,Maharashtra,West,SKU0001,Blush & Co Moisturizer A,Blush & Co,Skincare,Moisturizer,Others,Active,2319,15,15,,2,5353,BGR West,3,2,,44
2025-07,OUT0023,Reliance Beauty - Pune 4,Reliance Beauty,Department Store,Pune,Maharashtra,West,SKU0002,Verde Moisturizer B,Verde,Skincare,Moisturizer,Top 10,Active,1179,24,0,,17,24333,BGR West,27,27,,44
2025-07,OUT0023,Reliance Beauty - Pune 4,Reliance Beauty,Department Store,Pune,Maharashtra,West,SKU0003,Verde Serum A,Verde,Skincare,Serum,Top 25,Active,2419,35,38,,16,37776,BGR West,24,19,,45
2025-07,OUT0023,Reliance Beauty - Pune 4,Reliance Beauty,Department Store,Pune,Maharashtra,West,SKU0004,Northline Serum B,Northline,Skincare,Serum,Top 25,Active,2489,16,18,,3,7855,BGR West,5,5,,45
2025-07,OUT0023,Reliance Beauty - Pune 4,Reliance Beauty,Department Store,Pune,Maharashtra,West,SKU0005,Northline Serum C,Northline,Skincare,Serum,Others,Inactive,1819,8,8,,1,1829,BGR West,2,1,,43
2025-07,OUT0023,Reliance Beauty - Pune 4,Reliance Beauty,Department Store,Pune,Maharashtra,West,SKU0006,Blush & Co Cleanser A,Blush & Co,Skincare,Cleanser,Top 10,Active,289,0,6,,14,4866,BGR West,20,20,,42
2025-07,OUT0023,Reliance Beauty - Pune 4,Reliance Beauty,Department Store,Pune,Maharashtra,West,SKU0009,Blush & Co Sunscreen B,Blush & Co,Skincare,Sunscreen,Others,Inactive,1629,2,4,,3,5508,BGR West,5,5,,42
2025-07,OUT0023,Reliance Beauty - Pune 4,Reliance Beauty,Department Store,Pune,Maharashtra,West,SKU0010,Blush & Co Foundation A,Blush & Co,Makeup,Foundation,Others,Active,1419,9,0,,2,3212,BGR West,2,2,,51
2025-07,OUT0023,Reliance Beauty - Pune 4,Reliance Beauty,Department Store,Pune,Maharashtra,West,SKU0011,Lumina Foundation B,Lumina,Makeup,Foundation,Top 10,Inactive,1889,23,26,,10,19687,BGR West,13,13,,50
2025-07,OUT0023,Reliance Beauty - Pune 4,Reliance Beauty,Department Store,Pune,Maharashtra,West,SKU0012,Northline Lipstick A,Northline,Makeup,Lipstick,Others,Active,2429,8,7,,1,2649,BGR West,0,0,,47
2025-07,OUT0023,Reliance Beauty - Pune 4,Reliance Beauty,Department Store,Pune,Maharashtra,West,SKU0013,Northline Lipstick B,Northline,Makeup,Lipstick,Others,Active,2469,2,5,,0,0,BGR West,4,3,,50
2025-07,OUT0023,Reliance Beauty - Pune 4,Reliance Beauty,Department Store,Pune,Maharashtra,West,SKU0014,Lumina Lipstick C,Lumina,Makeup,Lipstick,Top 25,Active,1729,28,26,,9,13963,BGR West,9,7,,50
2025-07,OUT0023,Reliance Beauty - Pune 4,Reliance Beauty,Department Store,Pune,Maharashtra,West,SKU0015,Blush & Co Mascara A,Blush & Co,Makeup,Mascara,Top 25,Active,1219,0,0,,11,13844,BGR West,10,9,,49
2025-07,OUT0023,Reliance Beauty - Pune 4,Reliance Beauty,Department Store,Pune,Maharashtra,West,SKU0016,Verde Mascara B,Verde,Makeup,Mascara,Top 25,Active,199,16,15,,6,1385,BGR West,5,5,,51
2025-07,OUT0023,Reliance Beauty - Pune 4,Reliance Beauty,Department Store,Pune,Maharashtra,West,SKU0017,Lumina Mascara C,Lumina,Makeup,Mascara,Top 10,Active,529,53,57,,20,10318,BGR West,27,24,,53
2025-07,OUT0023,Reliance Beauty - Pune 4,Reliance Beauty,Department Store,Pune,Maharashtra,West,SKU0018,Northline Eyeliner A,Northline,Makeup,Eyeliner,Others,Active,1959,13,12,,1,2295,BGR West,1,0,,49
2025-07,OUT0023,Reliance Beauty - Pune 4,Reliance Beauty,Department Store,Pune,Maharashtra,West,SKU0020,Lumina Shampoo A,Lumina,Haircare,Shampoo,Top 10,Active,509,21,24,,13,5918,BGR West,16,16,,33
2025-07,OUT0023,Reliance Beauty - Pune 4,Reliance Beauty,Department Store,Pune,Maharashtra,West,SKU0022,Northline Conditioner A,Northline,Haircare,Conditioner,Others,Active,779,16,18,,2,1729,BGR West,5,4,,37
2025-07,OUT0023,Reliance Beauty - Pune 4,Reliance Beauty,Department Store,Pune,Maharashtra,West,SKU0023,Northline Conditioner B,Northline,Haircare,Conditioner,Others,Active,379,5,7,,0,0,BGR West,3,2,,33
2025-07,OUT0023,Reliance Beauty - Pune 4,Reliance Beauty,Department Store,Pune,Maharashtra,West,SKU0027,Lumina EDP B,Lumina,Fragrance,EDP,Top 10,Active,529,49,50,,14,7485,BGR West,16,15,,56
2025-07,OUT0023,Reliance Beauty - Pune 4,Reliance Beauty,Department Store,Pune,Maharashtra,West,SKU0028,Northline EDT A,Northline,Fragrance,EDT,Top 25,Active,1109,5,16,,16,16256,BGR West,29,27,,56
2025-07,OUT0023,Reliance Beauty - Pune 4,Reliance Beauty,Department Store,Pune,Maharashtra,West,SKU0029,Blush & Co EDT B,Blush & Co,Fragrance,EDT,Top 25,Active,479,8,25,,19,9826,BGR West,36,36,,57
2025-07,OUT0023,Reliance Beauty - Pune 4,Reliance Beauty,Department Store,Pune,Maharashtra,West,SKU0032,Northline Body Mist B,Northline,Fragrance,Body Mist,Others,Inactive,2229,15,17,,3,7241,BGR West,5,5,,56
2025-07,OUT0023,Reliance Beauty - Pune 4,Reliance Beauty,Department Store,Pune,Maharashtra,West,SKU0033,Northline Body Lotion A,Northline,Bath & Body,Body Lotion,Top 10,Active,1239,67,71,,14,17893,BGR West,18,18,,41
2025-07,OUT0023,Reliance Beauty - Pune 4,Reliance Beauty,Department Store,Pune,Maharashtra,West,SKU0034,Northline Body Lotion B,Northline,Bath & Body,Body Lotion,Top 25,Active,989,19,27,,11,9723,BGR West,22,19,,37
2025-07,OUT0023,Reliance Beauty - Pune 4,Reliance Beauty,Department Store,Pune,Maharashtra,West,SKU0035,Northline Body Wash A,Northline,Bath & Body,Body Wash,Others,Active,469,6,9,,1,451,BGR West,4,4,,42
2025-07,OUT0023,Reliance Beauty - Pune 4,Reliance Beauty,Department Store,Pune,Maharashtra,West,SKU0036,Northline Body Wash B,Northline,Bath & Body,Body Wash,Others,Active,1179,4,5,,0,0,BGR West,1,1,,43
2025-07,OUT0023,Reliance Beauty - Pune 4,Reliance Beauty,Department Store,Pune,Maharashtra,West,SKU0037,Verde Body Wash C,Verde,Bath & Body,Body Wash,Top 25,Active,2239,15,14,,5,11701,BGR West,6,4,,40
2025-07,OUT0023,Reliance Beauty - Pune 4,Reliance Beauty,Department Store,Pune,Maharashtra,West,SKU0038,Blush & Co Hand Cream A,Blush & Co,Bath & Body,Hand Cream,Others,Active,489,9,12,,2,1076,BGR West,8,5,,42
2025-07,OUT0024,Reliance Beauty - Bangalore 5,Reliance Beauty,Department Store,Bangalore,Karnataka,South,SKU0001,Blush & Co Moisturizer A,Blush & Co,Skincare,Moisturizer,Others,Active,2319,7,0,,1,2588,BGR South,3,3,,44
2025-07,OUT0024,Reliance Beauty - Bangalore 5,Reliance Beauty,Department Store,Bangalore,Karnataka,South,SKU0003,Verde Serum A,Verde,Skincare,Serum,Top 25,Active,2419,38,41,,5,10878,BGR South,10,8,,43
2025-07,OUT0024,Reliance Beauty - Bangalore 5,Reliance Beauty,Department Store,Bangalore,Karnataka,South,SKU0004,Northline Serum B,Northline,Skincare,Serum,Top 25,Active,2489,15,19,,5,12019,BGR South,12,9,,47
2025-07,OUT0024,Reliance Beauty - Bangalore 5,Reliance Beauty,Department Store,Bangalore,Karnataka,South,SKU0005,Northline Serum C,Northline,Skincare,Serum,Others,Inactive,1819,6,9,,1,1654,BGR South,5,4,,45
2025-07,OUT0024,Reliance Beauty - Bangalore 5,Reliance Beauty,Department Store,Bangalore,Karnataka,South,SKU0006,Blush & Co Cleanser A,Blush & Co,Skincare,Cleanser,Top 10,Active,289,82,84,,16,4378,BGR South,26,18,,42
2025-07,OUT0024,Reliance Beauty - Bangalore 5,Reliance Beauty,Department Store,Bangalore,Karnataka,South,SKU0007,Northline Cleanser B,Northline,Skincare,Cleanser,Others,Active,1809,15,15,,1,1695,BGR South,2,1,,47
2025-07,OUT0024,Reliance Beauty - Bangalore 5,Reliance Beauty,Department Store,Bangalore,Karnataka,South,SKU0008,Lumina Sunscreen A,Lumina,Skincare,Sunscreen,Others,Active,1599,8,13,,0,0,BGR South,5,5,,45
2025-07,OUT0024,Reliance Beauty - Bangalore 5,Reliance Beauty,Department Store,Bangalore,Karnataka,South,SKU0009,Blush & Co Sunscreen B,Blush & Co,Skincare,Sunscreen,Others,Inactive,1629,14,0,,1,1565,BGR South,4,2,,47
2025-07,OUT0024,Reliance Beauty - Bangalore 5,Reliance Beauty,Department Store,Bangalore,Karnataka,South,SKU0011,Lumina Foundation B,Lumina,Makeup,Foundation,Top 10,Inactive,1889,19,26,,7,15292,BGR South,14,14,,47
2025-07,OUT0024,Reliance Beauty - Bangalore 5,Reliance Beauty,Department Store,Bangalore,Karnataka,South,SKU0013,Northline Lipstick B,Northline,Makeup,Lipstick,Others,Active,2469,5,0,,0,0,BGR South,3,2,,47
2025-07,OUT0024,Reliance Beauty - Bangalore 5,Reliance Beauty,Department Store,Bangalore,Karnataka,South,SKU0014,Lumina Lipstick C,Lumina,Makeup,Lipstick,Top 25,Active,1729,16,18,,4,8476,BGR South,8,6,,50
2025-07,OUT0024,Reliance Beauty - Bangalore 5,Reliance Beauty,Department Store,Bangalore,Karnataka,South,SKU0015,Blush & Co Mascara A,Blush & Co,Makeup,Mascara,Top 25,Active,1219,23,32,,6,8812,BGR South,15,15,,53
2025-07,OUT0024,Reliance Beauty - Bangalore 5,Reliance Beauty,Department Store,Bangalore,Karnataka,South,SKU0016,Verde Mascara B,Verde,Makeup,Mascara,Top 25,Active,199,5,7,,3,534,BGR South,7,5,,47
2025-07,OUT0024,Reliance Beauty - Bangalore 5,Reliance Beauty,Department Store,Bangalore,Karnataka,South,SKU0017,Lumina Mascara C,Lumina,Makeup,Mascara,Top 10,Active,529,45,52,,15,7805,BGR South,22,22,,52
2025-07,OUT0024,Reliance Beauty - Bangalore 5,Reliance Beauty,Department Store,Bangalore,Karnataka,South,SKU0020,Lumina Shampoo A,Lumina,Haircare,Shampoo,Top 10,Active,509,16,19,,9,5172,BGR South,14,12,,32
2025-07,OUT0024,Reliance Beauty - Bangalore 5,Reliance Beauty,Department Store,Bangalore,Karnataka,South,SKU0021,Verde Shampoo B,Verde,Haircare,Shampoo,Others,Active,1319,6,6,,1,1402,BGR South,2,1,,35
2025-07,OUT0024,Reliance Beauty - Bangalore 5,Reliance Beauty,Department Store,Bangalore,Karnataka,South,SKU0022,Northline Conditioner A,Northline,Haircare,Conditioner,Others,Active,779,15,16,,1,799,BGR South,3,2,,37
2025-07,OUT0024,Reliance Beauty - Bangalore 5,Reliance Beauty,Department Store,Bangalore,Karnataka,South,SKU0027,Lumina EDP B,Lumina,Fragrance,EDP,Top 10,Active,529,28,31,,6,2952,BGR South,14,9,,56
2025-07,OUT0024,Reliance Beauty - Bangalore 5,Reliance Beauty,Department Store,Bangalore,Karnataka,South,SKU0028,Northline EDT A,Northline,Fragrance,EDT,Top 25,Active,1109,19,18,,8,10694,BGR South,8,7,,55
2025-07,OUT0024,Reliance Beauty - Bangalore 5,Reliance Beauty,Department Store,Bangalore,Karnataka,South,SKU0029,Blush & Co EDT B,Blush & Co,Fragrance,EDT,Top 25,Active,479,25,22,,5,2154,BGR South,4,2,,56
2025-07,OUT0024,Reliance Beauty - Bangalore 5,Reliance Beauty,Department Store,Bangalore,Karnataka,South,SKU0031,Lumina Body Mist A,Lumina,Fragrance,Body Mist,Top 25,Active,2119,23,26,,5,11759,BGR South,10,8,,52
2025-07,OUT0024,Reliance Beauty - Bangalore 5,Reliance Beauty,Department Store,Bangalore,Karnataka,South,SKU0033,Northline Body Lotion A,Northline,Bath & Body,Body Lotion,Top 10,Active,1239,37,42,,8,11502,BGR South,15,13,,38
2025-07,OUT0024,Reliance Beauty - Bangalore 5,Reliance Beauty,Department Store,Bangalore,Karnataka,South,SKU0034,Northline Body Lotion B,Northline,Bath & Body,Body Lotion,Top 25,Active,989,16,20,,4,4780,BGR South,9,8,,43
2025-07,OUT0024,Reliance Beauty - Bangalore 5,Reliance Beauty,Department Store,Bangalore,Karnataka,South,SKU0037,Verde Body Wash C,Verde,Bath & Body,Body Wash,Top 25,Active,2239,17,19,,0,0,BGR South,2,2,,43
2025-07,OUT0024,Reliance Beauty - Bangalore 5,Reliance Beauty,Department Store,Bangalore,Karnataka,South,SKU0038,Blush & Co Hand Cream A,Blush & Co,Bath & Body,Hand Cream,Others,Active,489,8,12,,2,912,BGR South,6,6,,43
2025-07,OUT0024,Reliance Beauty - Bangalore 5,Reliance Beauty,Department Store,Bangalore,Karnataka,South,SKU0039,Northline Hand Cream B,Northline,Bath & Body,Hand Cream,Others,Active,1189,8,11,,1,1448,BGR South,5,4,,38
2025-07,OUT0025,Reliance Beauty - Bangalore 6,Reliance Beauty,Department Store,Bangalore,Karnataka,South,SKU0002,Verde Moisturizer B,Verde,Skincare,Moisturizer,Top 10,Active,1179,25,24,,9,9508,BGR South,12,8,,44
2025-07,OUT0025,Reliance Beauty - Bangalore 6,Reliance Beauty,Department Store,Bangalore,Karnataka,South,SKU0004,Northline Serum B,Northline,Skincare,Serum,Top 25,Active,2489,20,0,,5,12126,BGR South,11,9,,46
2025-07,OUT0025,Reliance Beauty - Bangalore 6,Reliance Beauty,Department Store,Bangalore,Karnataka,South,SKU0006,Blush & Co Cleanser A,Blush & Co,Skincare,Cleanser,Top 10,Active,289,37,41,,14,5041,BGR South,21,18,,43
2025-07,OUT0025,Reliance Beauty - Bangalore 6,Reliance Beauty,Department Store,Bangalore,Karnataka,South,SKU0008,Lumina Sunscreen A,Lumina,Skincare,Sunscreen,Others,Active,1599,3,5,,0,0,BGR South,3,2,,45
2025-07,OUT0025,Reliance Beauty - Bangalore 6,Reliance Beauty,Department Store,Bangalore,Karnataka,South,SKU0010,Blush & Co Foundation A,Blush & Co,Makeup,Foundation,Others,Active,1419,0,2,,2,3147,BGR South,7,4,,51
2025-07,OUT0025,Reliance Beauty - Bangalore 6,Reliance Beauty,Department Store,Bangalore,Karnataka,South,SKU0011,Lumina Foundation B,Lumina,Makeup,Foundation,Top 10,Inactive,1889,37,38,,9,18056,BGR South,10,10,,50
2025-07,OUT0025,Reliance Beauty - Bangalore 6,Reliance Beauty,Department Store,Bangalore,Karnataka,South,SKU0015,Blush & Co Mascara A,Blush & Co,Makeup,Mascara,Top 25,Active,1219,10,13,,6,7747,BGR South,14,9,,48
2025-07,OUT0025,Reliance Beauty - Bangalore 6,Reliance Beauty,Department Store,Bangalore,Karnataka,South,SKU0016,Verde Mascara B,Verde,Makeup,Mascara,Top 25,Active,199,4,6,,5,947,BGR South,8,7,,49
2025-07,OUT0025,Reliance Beauty - Bangalore 6,Reliance Beauty,Department Store,Bangalore,Karnataka,South,SKU0017,Lumina Mascara C,Lumina,Makeup,Mascara,Top 10,Active,529,44,53,,13,7259,BGR South,22,22,,48
2025-07,OUT0025,Reliance Beauty - Bangalore 6,Reliance Beauty,Department Store,Bangalore,Karnataka,South,SKU0019,Northline Eyeliner B,Northline,Makeup,Eyeliner,Others,Active,1889,5,6,,1,2315,BGR South,3,2,,52
2025-07,OUT0025,Reliance Beauty - Bangalore 6,Reliance Beauty,Department Store,Bangalore,Karnataka,South,SKU0020,Lumina Shampoo A,Lumina,Haircare,Shampoo,Top 10,Active,509,36,48,,10,6219,BGR South,22,22,,34
2025-07,OUT0025,Reliance Beauty - Bangalore 6,Reliance Beauty,Department Store,Bangalore,Karnataka,South,SKU0023,Northline Conditioner B,Northline,Haircare,Conditioner,Others,Active,379,1,2,,0,0,BGR South,2,1,,34
2025-07,OUT0025,Reliance Beauty - Bangalore 6,Reliance Beauty,Department Store,Bangalore,Karnataka,South,SKU0027,Lumina EDP B,Lumina,Fragrance,EDP,Top 10,Active,529,8,18,,15,7444,BGR South,25,25,,56
2025-07,OUT0025,Reliance Beauty - Bangalore 6,Reliance Beauty,Department Store,Bangalore,Karnataka,South,SKU0028,Northline EDT A,Northline,Fragrance,EDT,Top 25,Active,1109,27,33,,9,11127,BGR South,16,15,,55
2025-07,OUT0025,Reliance Beauty - Bangalore 6,Reliance Beauty,Department Store,Bangalore,Karnataka,South,SKU0029,Blush & Co EDT B,Blush & Co,Fragrance,EDT,Top 25,Active,479,22,34,,4,1959,BGR South,8,8,,56
2025-07,OUT0025,Reliance Beauty - Bangalore 6,Reliance Beauty,Department Store,Bangalore,Karnataka,South,SKU0030,Blush & Co EDT C,Blush & Co,Fragrance,EDT,Others,Active,779,0,3,,1,916,BGR South,6,4,,58
2025-07,OUT0025,Reliance Beauty - Bangalore 6,Reliance Beauty,Department Store,Bangalore,Karnataka,South,SKU0031,Lumina Body Mist A,Lumina,Fragrance,Body Mist,Top 25,Active,2119,20,25,,8,20804,BGR South,15,13,,52
2025-07,OUT0025,Reliance Beauty - Bangalore 6,Reliance Beauty,Department Store,Bangalore,Karnataka,South,SKU0033,Northline Body Lotion A,Northline,Bath & Body,Body Lotion,Top 10,Active,1239,28,32,,13,15326,BGR South,17,17,,43
2025-07,OUT0025,Reliance Beauty - Bangalore 6,Reliance Beauty,Department Store,Bangalore,Karnataka,South,SKU0034,Northline Body Lotion B,Northline,Bath & Body,Body Lotion,Top 25,Active,989,16,21,,5,4661,BGR South,10,10,,42
2025-07,OUT0025,Reliance Beauty - Bangalore 6,Reliance Beauty,Department Store,Bangalore,Karnataka,South,SKU0036,Northline Body Wash B,Northline,Bath & Body,Body Wash,Others,Active,1179,3,5,,0,0,BGR South,3,2,,42
2025-07,OUT0025,Reliance Beauty - Bangalore 6,Reliance Beauty,Department Store,Bangalore,Karnataka,South,SKU0037,Verde Body Wash C,Verde,Bath & Body,Body Wash,Top 25,Active,2239,6,11,,5,13339,BGR South,10,10,,42
2025-07,OUT0025,Reliance Beauty - Bangalore 6,Reliance Beauty,Department Store,Bangalore,Karnataka,South,SKU0039,Northline Hand Cream B,Northline,Bath & Body,Hand Cream,Others,Active,1189,13,15,,2,2214,BGR South,5,4,,40
2025-07,OUT0026,Reliance Beauty - Bhubaneswar 7,Reliance Beauty,Department Store,Bhubaneswar,Odisha,East,SKU0002,Verde Moisturizer B,Verde,Skincare,Moisturizer,Top 10,Active,1179,20,20,,9,10157,BGR East,14,9,,46
2025-07,OUT0026,Reliance Beauty - Bhubaneswar 7,Reliance Beauty,Department Store,Bhubaneswar,Odisha,East,SKU0003,Verde Serum A,Verde,Skincare,Serum,Top 25,Active,2419,22,0,,10,28913,BGR East,14,14,,47
2025-07,OUT0026,Reliance Beauty - Bhubaneswar 7,Reliance Beauty,Department Store,Bhubaneswar,Odisha,East,SKU0004,Northline Serum B,Northline,Skincare,Serum,Top 25,Active,2489,13,15,,4,11465,BGR East,6,6,,42
2025-07,OUT0026,Reliance Beauty - Bhubaneswar 7,Reliance Beauty,Department Store,Bhubaneswar,Odisha,East,SKU0006,Blush & Co Cleanser A,Blush & Co,Skincare,Cleanser,Top 10,Active,289,27,27,,12,3448,BGR East,16,12,,48
2025-07,OUT0026,Reliance Beauty - Bhubaneswar 7,Reliance Beauty,Department Store,Bhubaneswar,Odisha,East,SKU0008,Lumina Sunscreen A,Lumina,Skincare,Sunscreen,Others,Active,1599,5,6,,0,0,BGR East,1,1,,43
2025-07,OUT0026,Reliance Beauty - Bhubaneswar 7,Reliance Beauty,Department Store,Bhubaneswar,Odisha,East,SKU0009,Blush & Co Sunscreen B,Blush & Co,Skincare,Sunscreen,Others,Inactive,1629,5,10,,1,1501,BGR East,6,6,,42
2025-07,OUT0026,Reliance Beauty - Bhubaneswar 7,Reliance Beauty,Department Store,Bhubaneswar,Odisha,East,SKU0010,Blush & Co Foundation A,Blush & Co,Makeup,Foundation,Others,Active,1419,0,1,,1,1642,BGR East,3,2,,49
2025-07,OUT0026,Reliance Beauty - Bhubaneswar 7,Reliance Beauty,Department Store,Bhubaneswar,Odisha,East,SKU0011,Lumina Foundation B,Lumina,Makeup,Foundation,Top 10,Inactive,1889,12,19,,11,23421,BGR East,19,18,,49
2025-07,OUT0026,Reliance Beauty - Bhubaneswar 7,Reliance Beauty,Department Store,Bhubaneswar,Odisha,East,SKU0014,Lumina Lipstick C,Lumina,Makeup,Lipstick,Top 25,Active,1729,15,27,,5,8422,BGR East,6,4,,47
2025-07,OUT0026,Reliance Beauty - Bhubaneswar 7,Reliance Beauty,Department Store,Bhubaneswar,Odisha,East,SKU0015,Blush & Co Mascara A,Blush & Co,Makeup,Mascara,Top 25,Active,1219,29,32,,5,6470,BGR East,11,8,,50
2025-07,OUT0026,Reliance Beauty - Bhubaneswar 7,Reliance Beauty,Department Store,Bhubaneswar,Odisha,East,SKU0016,Verde Mascara B,Verde,Makeup,Mascara,Top 25,Active,199,24,24,,5,965,BGR East,5,5,,49
2025-07,OUT0026,Reliance Beauty - Bhubaneswar 7,Reliance Beauty,Department Store,Bhubaneswar,Odisha,East,SKU0020,Lumina Shampoo A,Lumina,Haircare,Shampoo,Top 10,Active,509,0,2,,10,5509,BGR East,15,12,,34
2025-07,OUT0026,Reliance Beauty - Bhubaneswar 7,Reliance Beauty,Department Store,Bhubaneswar,Odisha,East,SKU0023,Northline Conditioner B,Northline,Haircare,Conditioner,Others,Active,379,5,0,,0,0,BGR East,1,1,,37
2025-07,OUT0026,Reliance Beauty - Bhubaneswar 7,Reliance Beauty,Department Store,Bhubaneswar,Odisha,East,SKU0028,Northline EDT A,Northline,Fragrance,EDT,Top 25,Active,1109,13,12,,9,11473,BGR East,11,8,,53
2025-07,OUT0026,Reliance Beauty - Bhubaneswar 7,Reliance Beauty,Department Store,Bhubaneswar,Odisha,East,SKU0030,Blush & Co EDT C,Blush & Co,Fragrance,EDT,Others,Active,779,7,0,,2,1599,BGR East,7,4,,58
2025-07,OUT0026,Reliance Beauty - Bhubaneswar 7,Reliance Beauty,Department Store,Bhubaneswar,Odisha,East,SKU0032,Northline Body Mist B,Northline,Fragrance,Body Mist,Others,Inactive,2229,8,10,,1,2236,BGR East,4,3,,52
2025-07,OUT0026,Reliance Beauty - Bhubaneswar 7,Reliance Beauty,Department Store,Bhubaneswar,Odisha,East,SKU0033,Northline Body Lotion A,Northline,Bath & Body,Body Lotion,Top 10,Active,1239,33,42,,10,14547,BGR East,19,19,,40
2025-07,OUT0026,Reliance Beauty - Bhubaneswar 7,Reliance Beauty,Department Store,Bhubaneswar,Odisha,East,SKU0035,Northline Body Wash A,Northline,Bath & Body,Body Wash,Others,Active,469,10,0,,1,537,BGR East,1,1,,39
2025-07,OUT0026,Reliance Beauty - Bhubaneswar 7,Reliance Beauty,Department Store,Bhubaneswar,Odisha,East,SKU0036,Northline Body Wash B,Northline,Bath & Body,Body Wash,Others,Active,1179,5,6,,0,0,BGR East,1,1,,40
2025-07,OUT0026,Reliance Beauty - Bhubaneswar 7,Reliance Beauty,Department Store,Bhubaneswar,Odisha,East,SKU0037,Verde Body Wash C,Verde,Bath & Body,Body Wash,Top 25,Active,2239,0,2,,4,9886,BGR East,7,6,,43
2025-07,OUT0027,Reliance Beauty - Kolkata 8,Reliance Beauty,Department Store,Kolkata,West Bengal,East,SKU0002,Verde Moisturizer B,Verde,Skincare,Moisturizer,Top 10,Active,1179,11,18,,7,10326,BGR East,15,14,,44
2025-07,OUT0027,Reliance Beauty - Kolkata 8,Reliance Beauty,Department Store,Kolkata,West Bengal,East,SKU0003,Verde Serum A,Verde,Skincare,Serum,Top 25,Active,2419,18,23,,5,12687,BGR East,10,10,,44
2025-07,OUT0027,Reliance Beauty - Kolkata 8,Reliance Beauty,Department Store,Kolkata,West Bengal,East,SKU0004,Northline Serum B,Northline,Skincare,Serum,Top 25,Active,2489,11,15,,2,5421,BGR East,8,6,,42
2025-07,OUT0027,Reliance Beauty - Kolkata 8,Reliance Beauty,Department Store,Kolkata,West Bengal,East,SKU0005,Northline Serum C,Northline,Skincare,Serum,Others,Inactive,1819,4,6,,0,0,BGR East,2,2,,42
2025-07,OUT0027,Reliance Beauty - Kolkata 8,Reliance Beauty,Department Store,Kolkata,West Bengal,East,SKU0006,Blush & Co Cleanser A,Blush & Co,Skincare,Cleanser,Top 10,Active,289,38,41,,7,2497,BGR East,10,10,,42
2025-07,OUT0027,Reliance Beauty - Kolkata 8,Reliance Beauty,Department Store,Kolkata,West Bengal,East,SKU0009,Blush & Co Sunscreen B,Blush & Co,Skincare,Sunscreen,Others,Inactive,1629,7,7,,1,1897,BGR East,1,1,,43
2025-07,OUT0027,Reliance Beauty - Kolkata 8,Reliance Beauty,Department Store,Kolkata,West Bengal,East,SKU0010,Blush & Co Foundation A,Blush & Co,Makeup,Foundation,Others,Active,1419,4,7,,1,1534,BGR East,4,4,,49
2025-07,OUT0027,Reliance Beauty - Kolkata 8,Reliance Beauty,Department Store,Kolkata,West Bengal,East,SKU0011,Lumina Foundation B,Lumina,Makeup,Foundation,Top 10,Inactive,1889,26,27,,7,12030,BGR East,8,8,,48
2025-07,OUT0027,Reliance Beauty - Kolkata 8,Reliance Beauty,Department Store,Kolkata,West Bengal,East,SKU0013,Northline Lipstick B,Northline,Makeup,Lipstick,Others,Active,2469,5,5,,0,0,BGR East,1,0,,50
2025-07,OUT0027,Reliance Beauty - Kolkata 8,Reliance Beauty,Department Store,Kolkata,West Bengal,East,SKU0014,Lumina Lipstick C,Lumina,Makeup,Lipstick,Top 25,Active,1729,9,11,,3,6261,BGR East,6,5,,47
2025-07,OUT0027,Reliance Beauty - Kolkata 8,Reliance Beauty,Department Store,Kolkata,West Bengal,East,SKU0015,Blush & Co Mascara A,Blush & Co,Makeup,Mascara,Top 25,Active,1219,7,15,,10,11577,BGR East,20,18,,50
2025-07,OUT0027,Reliance Beauty - Kolkata 8,Reliance Beauty,Department Store,Kolkata,West Bengal,East,SKU0016,Verde Mascara B,Verde,Makeup,Mascara,Top 25,Active,199,4,3,,2,371,BGR East,2,1,,49
2025-07,OUT0027,Reliance Beauty - Kolkata 8,Reliance Beauty,Department Store,Kolkata,West Bengal,East,SKU0017,Lumina Mascara C,Lumina,Makeup,Mascara,Top 10,Active,529,0,3,,5,3024,BGR East,12,8,,50
2025-07,OUT0027,Reliance Beauty - Kolkata 8,Reliance Beauty,Department Store,Kolkata,West Bengal,East,SKU0018,Northline Eyeliner A,Northline,Makeup,Eyeliner,Others,Active,1959,2,5,,0,0,BGR East,4,3,,50
2025-07,OUT0027,Reliance Beauty - Kolkata 8,Reliance Beauty,Department Store,Kolkata,West Bengal,East,SKU0020,Lumina Shampoo A,Lumina,Haircare,Shampoo,Top 10,Active,509,5,8,,4,2129,BGR East,8,7,,38
2025-07,OUT0027,Reliance Beauty - Kolkata 8,Reliance Beauty,Department Store,Kolkata,West Bengal,East,SKU0022,Northline Conditioner A,Northline,Haircare,Conditioner,Others,Active,779,4,0,,1,774,BGR East,6,6,,34
2025-07,OUT0027,Reliance Beauty - Kolkata 8,Reliance Beauty,Department Store,Kolkata,West Bengal,East,SKU0023,Northline Conditioner B,Northline,Haircare,Conditioner,Others,Active,379,7,8,,0,0,BGR East,2,1,,37
2025-07,OUT0027,Reliance Beauty - Kolkata 8,Reliance Beauty,Department Store,Kolkata,West Bengal,East,SKU0029,Blush & Co EDT B,Blush & Co,Fragrance,EDT,Top 25,Active,479,5,10,,1,504,BGR East,6,6,,57
2025-07,OUT0027,Reliance Beauty - Kolkata 8,Reliance Beauty,Department Store,Kolkata,West Bengal,East,SKU0031,Lumina Body Mist A,Lumina,Fragrance,Body Mist,Top 25,Active,2119,0,0,,2,5201,BGR East,3,2,,58
2025-07,OUT0027,Reliance Beauty - Kolkata 8,Reliance Beauty,Department Store,Kolkata,West Bengal,East,SKU0033,Northline Body Lotion A,Northline,Bath & Body,Body Lotion,Top 10,Active,1239,27,34,,10,14640,BGR East,17,17,,41
2025-07,OUT0027,Reliance Beauty - Kolkata 8,Reliance Beauty,Department Store,Kolkata,West Bengal,East,SKU0034,Northline Body Lotion B,Northline,Bath & Body,Body Lotion,Top 25,Active,989,8,7,,2,2086,BGR East,2,1,,40
2025-07,OUT0027,Reliance Beauty - Kolkata 8,Reliance Beauty,Department Store,Kolkata,West Bengal,East,SKU0035,Northline Body Wash A,Northline,Bath & Body,Body Wash,Others,Active,469,9,9,,0,0,BGR East,1,0,,39
2025-07,OUT0027,Reliance Beauty - Kolkata 8,Reliance Beauty,Department Store,Kolkata,West Bengal,East,SKU0037,Verde Body Wash C,Verde,Bath & Body,Body Wash,Top 25,Active,2239,10,14,,2,4131,BGR East,7,6,,43
2025-07,OUT0027,Reliance Beauty - Kolkata 8,Reliance Beauty,Department Store,Kolkata,West Bengal,East,SKU0039,Northline Hand Cream B,Northline,Bath & Body,Hand Cream,Others,Active,1189,7,8,,1,1403,BGR East,3,2,,39
2025-07,OUT0028,Reliance Beauty - Pune 9,Reliance Beauty,Department Store,Pune,Maharashtra,West,SKU0001,Blush & Co Moisturizer A,Blush & Co,Skincare,Moisturizer,Others,Active,2319,11,13,,1,2220,BGR West,4,3,,42
2025-07,OUT0028,Reliance Beauty - Pune 9,Reliance Beauty,Department Store,Pune,Maharashtra,West,SKU0002,Verde Moisturizer B,Verde,Skincare,Moisturizer,Top 10,Active,1179,41,40,,8,10181,BGR West,11,7,,47
2025-07,OUT0028,Reliance Beauty - Pune 9,Reliance Beauty,Department Store,Pune,Maharashtra,West,SKU0003,Verde Serum A,Verde,Skincare,Serum,Top 25,Active,2419,24,0,,10,21735,BGR West,24,19,,45
2025-07,OUT0028,Reliance Beauty - Pune 9,Reliance Beauty,Department Store,Pune,Maharashtra,West,SKU0006,Blush & Co Cleanser A,Blush & Co,Skincare,Cleanser,Top 10,Active,289,42,46,,14,4770,BGR West,19,18,,43
2025-07,OUT0028,Reliance Beauty - Pune 9,Reliance Beauty,Department Store,Pune,Maharashtra,West,SKU0007,Northline Cleanser B,Northline,Skincare,Cleanser,Others,Active,1809,14,14,,1,1835,BGR West,1,1,,43
2025-07,OUT0028,Reliance Beauty - Pune 9,Reliance Beauty,Department Store,Pune,Maharashtra,West,SKU0010,Blush & Co Foundation A,Blush & Co,Makeup,Foundation,Others,Active,1419,9,11,,2,3074,BGR West,5,4,,52
2025-07,OUT0028,Reliance Beauty - Pune 9,Reliance Beauty,Department Store,Pune,Maharashtra,West,SKU0011,Lumina Foundation B,Lumina,Makeup,Foundation,Top 10,Inactive,1889,47,71,,10,18973,BGR West,17,16,,53
2025-07,OUT0028,Reliance Beauty - Pune 9,Reliance Beauty,Department Store,Pune,Maharashtra,West,SKU0012,Northline Lipstick A,Northline,Makeup,Lipstick,Others,Active,2429,10,0,,0,0,BGR West,4,4,,52
2025-07,OUT0028,Reliance Beauty - Pune 9,Reliance Beauty,Department Store,Pune,Maharashtra,West,SKU0014,Lumina Lipstick C,Lumina,Makeup,Lipstick,Top 25,Active,1729,21,23,,0,0,BGR West,3,2,,48
2025-07,OUT0028,Reliance Beauty - Pune 9,Reliance Beauty,Department Store,Pune,Maharashtra,West,SKU0016,Verde Mascara B,Verde,Makeup,Mascara,Top 25,Active,199,17,20,,6,1421,BGR West,9,9,,51
2025-07,OUT0028,Reliance Beauty - Pune 9,Reliance Beauty,Department Store,Pune,Maharashtra,West,SKU0017,Lumina Mascara C,Lumina,Makeup,Mascara,Top 10,Active,529,47,45,,9,5614,BGR West,11,7,,48
2025-07,OUT0028,Reliance Beauty - Pune 9,Reliance Beauty,Department Store,Pune,Maharashtra,West,SKU0018,Northline Eyeliner A,Northline,Makeup,Eyeliner,Others,Active,1959,10,0,,1,2281,BGR West,3,2,,53
2025-07,OUT0028,Reliance Beauty - Pune 9,Reliance Beauty,Department Store,Pune,Maharashtra,West,SKU0019,Northline Eyeliner B,Northline,Makeup,Eyeliner,Others,Active,1889,14,16,,1,1694,BGR West,3,3,,48
2025-07,OUT0028,Reliance Beauty - Pune 9,Reliance Beauty,Department Store,Pune,Maharashtra,West,SKU0020,Lumina Shampoo A,Lumina,Haircare,Shampoo,Top 10,Active,509,29,29,,18,9107,BGR West,19,18,,35
2025-07,OUT0028,Reliance Beauty - Pune 9,Reliance Beauty,Department Store,Pune,Maharashtra,West,SKU0022,Northline Conditioner A,Northline,Haircare,Conditioner,Others,Active,779,8,13,,3,2543,BGR West,8,8,,37
2025-07,OUT0028,Reliance Beauty - Pune 9,Reliance Beauty,Department Store,Pune,Maharashtra,West,SKU0027,Lumina EDP B,Lumina,Fragrance,EDP,Top 10,Active,529,52,49,,13,6714,BGR West,13,10,,56
2025-07,OUT0028,Reliance Beauty - Pune 9,Reliance Beauty,Department Store,Pune,Maharashtra,West,SKU0029,Blush & Co EDT B,Blush & Co,Fragrance,EDT,Top 25,Active,479,13,14,,4,2158,BGR West,6,5,,53
2025-07,OUT0028,Reliance Beauty - Pune 9,Reliance Beauty,Department Store,Pune,Maharashtra,West,SKU0031,Lumina Body Mist A,Lumina,Fragrance,Body Mist,Top 25,Active,2119,36,0,,12,30945,BGR West,21,21,,54
2025-07,OUT0028,Reliance Beauty - Pune 9,Reliance Beauty,Department Store,Pune,Maharashtra,West,SKU0032,Northline Body Mist B,Northline,Fragrance,Body Mist,Others,Inactive,2229,8,14,,1,2562,BGR West,7,7,,55
2025-07,OUT0028,Reliance Beauty - Pune 9,Reliance Beauty,Department Store,Pune,Maharashtra,West,SKU0033,Northline Body Lotion A,Northline,Bath & Body,Body Lotion,Top 10,Active,1239,55,60,,21,30831,BGR West,28,26,,42
2025-07,OUT0028,Reliance Beauty - Pune 9,Reliance Beauty,Department Store,Pune,Maharashtra,West,SKU0034,Northline Body Lotion B,Northline,Bath & Body,Body Lotion,Top 25,Active,989,22,24,,8,8782,BGR West,10,10,,37
2025-07,OUT0028,Reliance Beauty - Pune 9,Reliance Beauty,Department Store,Pune,Maharashtra,West,SKU0035,Northline Body Wash A,Northline,Bath & Body,Body Wash,Others,Active,469,8,9,,1,517,BGR West,3,2,,40
2025-07,OUT0028,Reliance Beauty - Pune 9,Reliance Beauty,Department Store,Pune,Maharashtra,West,SKU0036,Northline Body Wash B,Northline,Bath & Body,Body Wash,Others,Active,1179,7,11,,0,0,BGR West,4,4,,38
2025-07,OUT0028,Reliance Beauty - Pune 9,Reliance Beauty,Department Store,Pune,Maharashtra,West,SKU0037,Verde Body Wash C,Verde,Bath & Body,Body Wash,Top 25,Active,2239,20,20,,4,10473,BGR West,6,4,,40
2025-07,OUT0028,Reliance Beauty - Pune 9,Reliance Beauty,Department Store,Pune,Maharashtra,West,SKU0038,Blush & Co Hand Cream A,Blush & Co,Bath & Body,Hand Cream,Others,Active,489,16,16,,3,1343,BGR West,5,3,,42
2025-07,OUT0028,Reliance Beauty - Pune 9,Reliance Beauty,Department Store,Pune,Maharashtra,West,SKU0039,Northline Hand Cream B,Northline,Bath & Body,Hand Cream,Others,Active,1189,18,22,,1,1369,BGR West,5,5,,40
2025-07,OUT0029,Reliance Beauty - Pune 10,Reliance Beauty,Department Store,Pune,Maharashtra,West,SKU0002,Verde Moisturizer B,Verde,Skincare,Moisturizer,Top 10,Active,1179,20,22,,12,13100,BGR West,14,14,,43
2025-07,OUT0029,Reliance Beauty - Pune 10,Reliance Beauty,Department Store,Pune,Maharashtra,West,SKU0003,Verde Serum A,Verde,Skincare,Serum,Top 25,Active,2419,33,33,,7,20833,BGR West,7,7,,45
2025-07,OUT0029,Reliance Beauty - Pune 10,Reliance Beauty,Department Store,Pune,Maharashtra,West,SKU0004,Northline Serum B,Northline,Skincare,Serum,Top 25,Active,2489,17,19,,3,7354,BGR West,6,5,,46
2025-07,OUT0029,Reliance Beauty - Pune 10,Reliance Beauty,Department Store,Pune,Maharashtra,West,SKU0006,Blush & Co Cleanser A,Blush & Co,Skincare,Cleanser,Top 10,Active,289,40,42,,19,6068,BGR West,31,21,,48
2025-07,OUT0029,Reliance Beauty - Pune 10,Reliance Beauty,Department Store,Pune,Maharashtra,West,SKU0007,Northline Cleanser B,Northline,Skincare,Cleanser,Others,Active,1809,7,10,,2,3497,BGR West,5,5,,44
2025-07,OUT0029,Reliance Beauty - Pune 10,Reliance Beauty,Department Store,Pune,Maharashtra,West,SKU0008,Lumina Sunscreen A,Lumina,Skincare,Sunscreen,Others,Active,1599,13,17,,0,0,BGR West,4,4,,47
2025-07,OUT0029,Reliance Beauty - Pune 10,Reliance Beauty,Department Store,Pune,Maharashtra,West,SKU0011,Lumina Foundation B,Lumina,Makeup,Foundation,Top 10,Inactive,1889,14,26,,9,20630,BGR West,23,21,,49
2025-07,OUT0029,Reliance Beauty - Pune 10,Reliance Beauty,Department Store,Pune,Maharashtra,West,SKU0013,Northline Lipstick B,Northline,Makeup,Lipstick,Others,Active,2469,3,3,,0,0,BGR West,0,0,,50
2025-07,OUT0029,Reliance Beauty - Pune 10,Reliance Beauty,Department Store,Pune,Maharashtra,West,SKU0015,Blush & Co Mascara A,Blush & Co,Makeup,Mascara,Top 25,Active,1219,48,49,,11,14395,BGR West,14,12,,51
2025-07,OUT0029,Reliance Beauty - Pune 10,Reliance Beauty,Department Store,Pune,Maharashtra,West,SKU0016,Verde Mascara B,Verde,Makeup,Mascara,Top 25,Active,199,13,17,,5,1030,BGR West,9,9,,53
2025-07,OUT0029,Reliance Beauty - Pune 10,Reliance Beauty,Department Store,Pune,Maharashtra,West,SKU0017,Lumina Mascara C,Lumina,Makeup,Mascara,Top 10,Active,529,38,39,,14,7891,BGR West,22,15,,50
2025-07,OUT0029,Reliance Beauty - Pune 10,Reliance Beauty,Department Store,Pune,Maharashtra,West,SKU0018,Northline Eyeliner A,Northline,Makeup,Eyeliner,Others,Active,1959,10,11,,0,0,BGR West,2,1,,50
2025-07,OUT0029,Reliance Beauty - Pune 10,Reliance Beauty,Department Store,Pune,Maharashtra,West,SKU0020,Lumina Shampoo A,Lumina,Haircare,Shampoo,Top 10,Active,509,15,22,,9,5069,BGR West,17,16,,36
2025-07,OUT0029,Reliance Beauty - Pune 10,Reliance Beauty,Department Store,Pune,Maharashtra,West,SKU0027,Lumina EDP B,Lumina,Fragrance,EDP,Top 10,Active,529,49,0,,10,6386,BGR West,20,16,,54
2025-07,OUT0029,Reliance Beauty - Pune 10,Reliance Beauty,Department Store,Pune,Maharashtra,West,SKU0028,Northline EDT A,Northline,Fragrance,EDT,Top 25,Active,1109,30,31,,7,7065,BGR West,9,8,,58
2025-07,OUT0029,Reliance Beauty - Pune 10,Reliance Beauty,Department Store,Pune,Maharashtra,West,SKU0029,Blush & Co EDT B,Blush & Co,Fragrance,EDT,Top 25,Active,479,0,0,,5,2719,BGR West,11,10,,52
2025-07,OUT0029,Reliance Beauty - Pune 10,Reliance Beauty,Department Store,Pune,Maharashtra,West,SKU0030,Blush & Co EDT C,Blush & Co,Fragrance,EDT,Others,Active,779,11,15,,1,756,BGR West,5,5,,58
2025-07,OUT0029,Reliance Beauty - Pune 10,Reliance Beauty,Department Store,Pune,Maharashtra,West,SKU0033,Northline Body Lotion A,Northline,Bath & Body,Body Lotion,Top 10,Active,1239,41,43,,6,7463,BGR West,8,8,,42
2025-07,OUT0029,Reliance Beauty - Pune 10,Reliance Beauty,Department Store,Pune,Maharashtra,West,SKU0035,Northline Body Wash A,Northline,Bath & Body,Body Wash,Others,Active,469,8,13,,1,555,BGR West,6,6,,41
2025-07,OUT0029,Reliance Beauty - Pune 10,Reliance Beauty,Department Store,Pune,Maharashtra,West,SKU0036,Northline Body Wash B,Northline,Bath & Body,Body Wash,Others,Active,1179,1,1,,0,0,BGR West,0,0,,40
2025-07,OUT0029,Reliance Beauty - Pune 10,Reliance Beauty,Department Store,Pune,Maharashtra,West,SKU0037,Verde Body Wash C,Verde,Bath & Body,Body Wash,Top 25,Active,2239,4,5,,4,10489,BGR West,6,5,,40
2025-07,OUT0029,Reliance Beauty - Pune 10,Reliance Beauty,Department Store,Pune,Maharashtra,West,SKU0038,Blush & Co Hand Cream A,Blush & Co,Bath & Body,Hand Cream,Others,Active,489,7,10,,1,615,BGR West,4,4,,39
2025-07,OUT0030,Reliance Beauty - Ahmedabad 11,Reliance Beauty,Department Store,Ahmedabad,Gujarat,West,SKU0002,Verde Moisturizer B,Verde,Skincare,Moisturizer,Top 10,Active,1179,50,62,,12,13074,BGR West,19,15,,43
2025-07,OUT0030,Reliance Beauty - Ahmedabad 11,Reliance Beauty,Department Store,Ahmedabad,Gujarat,West,SKU0003,Verde Serum A,Verde,Skincare,Serum,Top 25,Active,2419,45,43,,15,33690,BGR West,13,13,,46
2025-07,OUT0030,Reliance Beauty - Ahmedabad 11,Reliance Beauty,Department Store,Ahmedabad,Gujarat,West,SKU0004,Northline Serum B,Northline,Skincare,Serum,Top 25,Active,2489,9,17,,6,14302,BGR West,14,14,,42
2025-07,OUT0030,Reliance Beauty - Ahmedabad 11,Reliance Beauty,Department Store,Ahmedabad,Gujarat,West,SKU0006,Blush & Co Cleanser A,Blush & Co,Skincare,Cleanser,Top 10,Active,289,0,13,,22,8006,BGR West,37,35,,43
2025-07,OUT0030,Reliance Beauty - Ahmedabad 11,Reliance Beauty,Department Store,Ahmedabad,Gujarat,West,SKU0010,Blush & Co Foundation A,Blush & Co,Makeup,Foundation,Others,Active,1419,12,15,,3,4025,BGR West,9,6,,47
2025-07,OUT0030,Reliance Beauty - Ahmedabad 11,Reliance Beauty,Department Store,Ahmedabad,Gujarat,West,SKU0011,Lumina Foundation B,Lumina,Makeup,Foundation,Top 10,Inactive,1889,50,51,,13,25069,BGR West,14,14,,53
2025-07,OUT0030,Reliance Beauty - Ahmedabad 11,Reliance Beauty,Department Store,Ahmedabad,Gujarat,West,SKU0012,Northline Lipstick A,Northline,Makeup,Lipstick,Others,Active,2429,8,10,,1,2614,BGR West,4,3,,49
2025-07,OUT0030,Reliance Beauty - Ahmedabad 11,Reliance Beauty,Department Store,Ahmedabad,Gujarat,West,SKU0013,Northline Lipstick B,Northline,Makeup,Lipstick,Others,Active,2469,0,1,,0,0,BGR West,2,1,,52
2025-07,OUT0030,Reliance Beauty - Ahmedabad 11,Reliance Beauty,Department Store,Ahmedabad,Gujarat,West,SKU0014,Lumina Lipstick C,Lumina,Makeup,Lipstick,Top 25,Active,1729,20,22,,6,11208,BGR West,8,8,,49
2025-07,OUT0030,Reliance Beauty - Ahmedabad 11,Reliance Beauty,Department Store,Ahmedabad,Gujarat,West,SKU0015,Blush & Co Mascara A,Blush & Co,Makeup,Mascara,Top 25,Active,1219,56,60,,5,7625,BGR West,13,9,,51
2025-07,OUT0030,Reliance Beauty - Ahmedabad 11,Reliance Beauty,Department Store,Ahmedabad,Gujarat,West,SKU0016,Verde Mascara B,Verde,Makeup,Mascara,Top 25,Active,199,21,23,,5,1242,BGR West,9,7,,53
2025-07,OUT0030,Reliance Beauty - Ahmedabad 11,Reliance Beauty,Department Store,Ahmedabad,Gujarat,West,SKU0017,Lumina Mascara C,Lumina,Makeup,Mascara,Top 10,Active,529,50,103,,15,9973,BGR West,31,27,,52
2025-07,OUT0030,Reliance Beauty - Ahmedabad 11,Reliance Beauty,Department Store,Ahmedabad,Gujarat,West,SKU0019,Northline Eyeliner B,Northline,Makeup,Eyeliner,Others,Active,1889,6,8,,1,2324,BGR West,4,3,,47
2025-07,OUT0030,Reliance Beauty - Ahmedabad 11,Reliance Beauty,Department Store,Ahmedabad,Gujarat,West,SKU0020,Lumina Shampoo A,Lumina,Haircare,Shampoo,Top 10,Active,509,38,35,,14,6538,BGR West,17,11,,34
2025-07,OUT0030,Reliance Beauty - Ahmedabad 11,Reliance Beauty,Department Store,Ahmedabad,Gujarat,West,SKU0021,Verde Shampoo B,Verde,Haircare,Shampoo,Others,Active,1319,5,8,,2,2760,BGR West,8,5,,33
2025-07,OUT0030,Reliance Beauty - Ahmedabad 11,Reliance Beauty,Department Store,Ahmedabad,Gujarat,West,SKU0022,Northline Conditioner A,Northline,Haircare,Conditioner,Others,Active,779,12,16,,3,2260,BGR West,9,7,,35
2025-07,OUT0030,Reliance Beauty - Ahmedabad 11,Reliance Beauty,Department Store,Ahmedabad,Gujarat,West,SKU0023,Northline Conditioner B,Northline,Haircare,Conditioner,Others,Active,379,8,11,,0,0,BGR West,3,3,,34
2025-07,OUT0030,Reliance Beauty - Ahmedabad 11,Reliance Beauty,Department Store,Ahmedabad,Gujarat,West,SKU0027,Lumina EDP B,Lumina,Fragrance,EDP,Top 10,Active,529,5,8,,20,13072,BGR West,29,23,,55
2025-07,OUT0030,Reliance Beauty - Ahmedabad 11,Reliance Beauty,Department Store,Ahmedabad,Gujarat,West,SKU0028,Northline EDT A,Northline,Fragrance,EDT,Top 25,Active,1109,22,23,,10,10299,BGR West,16,11,,55
2025-07,OUT0030,Reliance Beauty - Ahmedabad 11,Reliance Beauty,Department Store,Ahmedabad,Gujarat,West,SKU0031,Lumina Body Mist A,Lumina,Fragrance,Body Mist,Top 25,Active,2119,20,30,,9,22554,BGR West,21,19,,57
2025-07,OUT0030,Reliance Beauty - Ahmedabad 11,Reliance Beauty,Department Store,Ahmedabad,Gujarat,West,SKU0033,Northline Body Lotion A,Northline,Bath & Body,Body Lotion,Top 10,Active,1239,39,48,,17,24724,BGR West,26,26,,42
2025-07,OUT0030,Reliance Beauty - Ahmedabad 11,Reliance Beauty,Department Store,Ahmedabad,Gujarat,West,SKU0034,Northline Body Lotion B,Northline,Bath & Body,Body Lotion,Top 25,Active,989,47,47,,10,11365,BGR West,11,10,,37
2025-07,OUT0030,Reliance Beauty - Ahmedabad 11,Reliance Beauty,Department Store,Ahmedabad,Gujarat,West,SKU0035,Northline Body Wash A,Northline,Bath & Body,Body Wash,Others,Active,469,5,6,,1,571,BGR West,2,2,,38
2025-07,OUT0031,Sephora - Kolkata 1,Sephora,MBO,Kolkata,West Bengal,East,SKU0001,Blush & Co Moisturizer A,Blush & Co,Skincare,Moisturizer,Others,Active,2319,5,8,,1,2898,BGR East,5,4,,46
2025-07,OUT0031,Sephora - Kolkata 1,Sephora,MBO,Kolkata,West Bengal,East,SKU0002,Verde Moisturizer B,Verde,Skincare,Moisturizer,Top 10,Active,1179,28,27,,31,44181,BGR East,38,30,,46
2025-07,OUT0031,Sephora - Kolkata 1,Sephora,MBO,Kolkata,West Bengal,East,SKU0003,Verde Serum A,Verde,Skincare,Serum,Top 25,Active,2419,39,40,,22,53897,BGR East,33,23,,45
2025-07,OUT0031,Sephora - Kolkata 1,Sephora,MBO,Kolkata,West Bengal,East,SKU0005,Northline Serum C,Northline,Skincare,Serum,Others,Inactive,1819,10,13,,1,1748,BGR East,5,4,,43
2025-07,OUT0031,Sephora - Kolkata 1,Sephora,MBO,Kolkata,West Bengal,East,SKU0006,Blush & Co Cleanser A,Blush & Co,Skincare,Cleanser,Top 10,Active,289,46,52,,23,6191,BGR East,31,29,,43
2025-07,OUT0031,Sephora - Kolkata 1,Sephora,MBO,Kolkata,West Bengal,East,SKU0007,Northline Cleanser B,Northline,Skincare,Cleanser,Others,Active,1809,7,10,,3,6069,BGR East,6,6,,46
2025-07,OUT0031,Sephora - Kolkata 1,Sephora,MBO,Kolkata,West Bengal,East,SKU0008,Lumina Sunscreen A,Lumina,Skincare,Sunscreen,Others,Active,1599,5,7,,1,1902,BGR East,3,3,,46
2025-07,OUT0031,Sephora - Kolkata 1,Sephora,MBO,Kolkata,West Bengal,East,SKU0009,Blush & Co Sunscreen B,Blush & Co,Skincare,Sunscreen,Others,Inactive,1629,18,16,,4,7352,BGR East,3,2,,45
2025-07,OUT0031,Sephora - Kolkata 1,Sephora,MBO,Kolkata,West Bengal,East,SKU0011,Lumina Foundation B,Lumina,Makeup,Foundation,Top 10,Inactive,1889,0,0,,24,55628,BGR East,29,23,,49
2025-07,OUT0031,Sephora - Kolkata 1,Sephora,MBO,Kolkata,West Bengal,East,SKU0012,Northline Lipstick A,Northline,Makeup,Lipstick,Others,Active,2429,9,0,,2,4421,BGR East,5,4,,53
2025-07,OUT0031,Sephora - Kolkata 1,Sephora,MBO,Kolkata,West Bengal,East,SKU0014,Lumina Lipstick C,Lumina,Makeup,Lipstick,Top 25,Active,1729,17,18,,7,10857,BGR East,8,8,,51
2025-07,OUT0031,Sephora - Kolkata 1,Sephora,MBO,Kolkata,West Bengal,East,SKU0015,Blush & Co Mascara A,Blush & Co,Makeup,Mascara,Top 25,Active,1219,25,23,,11,16003,BGR East,13,9,,52
2025-07,OUT0031,Sephora - Kolkata 1,Sephora,MBO,Kolkata,West Bengal,East,SKU0016,Verde Mascara B,Verde,Makeup,Mascara,Top 25,Active,199,28,32,,10,2313,BGR East,14,14,,53
2025-07,OUT0031,Sephora - Kolkata 1,Sephora,MBO,Kolkata,West Bengal,East,SKU0017,Lumina Mascara C,Lumina,Makeup,Mascara,Top 10,Active,529,50,54,,21,11866,BGR East,27,25,,52
2025-07,OUT0031,Sephora - Kolkata 1,Sephora,MBO,Kolkata,West Bengal,East,SKU0018,Northline Eyeliner A,Northline,Makeup,Eyeliner,Others,Active,1959,12,14,,2,3731,BGR East,5,4,,52
2025-07,OUT0031,Sephora - Kolkata 1,Sephora,MBO,Kolkata,West Bengal,East,SKU0020,Lumina Shampoo A,Lumina,Haircare,Shampoo,Top 10,Active,509,41,51,,25,13527,BGR East,39,35,,38
2025-07,OUT0031,Sephora - Kolkata 1,Sephora,MBO,Kolkata,West Bengal,East,SKU0022,Northline Conditioner A,Northline,Haircare,Conditioner,Others,Active,779,13,18,,4,2824,BGR East,9,9,,35
2025-07,OUT0031,Sephora - Kolkata 1,Sephora,MBO,Kolkata,West Bengal,East,SKU0023,Northline Conditioner B,Northline,Haircare,Conditioner,Others,Active,379,10,11,,1,371,BGR East,3,2,,35
2025-07,OUT0031,Sephora - Kolkata 1,Sephora,MBO,Kolkata,West Bengal,East,SKU0027,Lumina EDP B,Lumina,Fragrance,EDP,Top 10,Active,529,93,93,,34,20552,BGR East,43,34,,57
2025-07,OUT0031,Sephora - Kolkata 1,Sephora,MBO,Kolkata,West Bengal,East,SKU0028,Northline EDT A,Northline,Fragrance,EDT,Top 25,Active,1109,36,41,,17,23463,BGR East,25,22,,53
2025-07,OUT0031,Sephora - Kolkata 1,Sephora,MBO,Kolkata,West Bengal,East,SKU0031,Lumina Body Mist A,Lumina,Fragrance,Body Mist,Top 25,Active,2119,33,36,,13,26022,BGR East,18,16,,55
2025-07,OUT0031,Sephora - Kolkata 1,Sephora,MBO,Kolkata,West Bengal,East,SKU0033,Northline Body Lotion A,Northline,Bath & Body,Body Lotion,Top 10,Active,1239,14,17,,25,33513,BGR East,32,28,,42
2025-07,OUT0031,Sephora - Kolkata 1,Sephora,MBO,Kolkata,West Bengal,East,SKU0036,Northline Body Wash B,Northline,Bath & Body,Body Wash,Others,Active,1179,8,9,,1,1092,BGR East,3,2,,38
2025-07,OUT0031,Sephora - Kolkata 1,Sephora,MBO,Kolkata,West Bengal,East,SKU0037,Verde Body Wash C,Verde,Bath & Body,Body Wash,Top 25,Active,2239,0,4,,8,20410,BGR East,14,12,,37
2025-07,OUT0031,Sephora - Kolkata 1,Sephora,MBO,Kolkata,West Bengal,East,SKU0038,Blush & Co Hand Cream A,Blush & Co,Bath & Body,Hand Cream,Others,Active,489,3,0,,4,1923,BGR East,6,6,,42
2025-07,OUT0031,Sephora - Kolkata 1,Sephora,MBO,Kolkata,West Bengal,East,SKU0039,Northline Hand Cream B,Northline,Bath & Body,Hand Cream,Others,Active,1189,17,21,,4,4736,BGR East,8,8,,42
2025-07,OUT0032,Sephora - Bhubaneswar 2,Sephora,MBO,Bhubaneswar,Odisha,East,SKU0001,Blush & Co Moisturizer A,Blush & Co,Skincare,Moisturizer,Others,Active,2319,3,3,,1,2244,BGR East,2,1,,43
2025-07,OUT0032,Sephora - Bhubaneswar 2,Sephora,MBO,Bhubaneswar,Odisha,East,SKU0002,Verde Moisturizer B,Verde,Skincare,Moisturizer,Top 10,Active,1179,0,10,,8,10494,BGR East,18,18,,45
2025-07,OUT0032,Sephora - Bhubaneswar 2,Sephora,MBO,Bhubaneswar,Odisha,East,SKU0003,Verde Serum A,Verde,Skincare,Serum,Top 25,Active,2419,17,61,,7,15334,BGR East,13,13,,45
2025-07,OUT0032,Sephora - Bhubaneswar 2,Sephora,MBO,Bhubaneswar,Odisha,East,SKU0006,Blush & Co Cleanser A,Blush & Co,Skincare,Cleanser,Top 10,Active,289,0,12,,10,2859,BGR East,22,22,,44
2025-07,OUT0032,Sephora - Bhubaneswar 2,Sephora,MBO,Bhubaneswar,Odisha,East,SKU0008,Lumina Sunscreen A,Lumina,Skincare,Sunscreen,Others,Active,1599,4,0,,0,0,BGR East,0,0,,46
2025-07,OUT0032,Sephora - Bhubaneswar 2,Sephora,MBO,Bhubaneswar,Odisha,East,SKU0011,Lumina Foundation B,Lumina,Makeup,Foundation,Top 10,Inactive,1889,29,31,,8,14646,BGR East,11,10,,49
2025-07,OUT0032,Sephora - Bhubaneswar 2,Sephora,MBO,Bhubaneswar,Odisha,East,SKU0014,Lumina Lipstick C,Lumina,Makeup,Lipstick,Top 25,Active,1729,16,0,,4,7831,BGR East,6,5,,47
2025-07,OUT0032,Sephora - Bhubaneswar 2,Sephora,MBO,Bhubaneswar,Odisha,East,SKU0015,Blush & Co Mascara A,Blush & Co,Makeup,Mascara,Top 25,Active,1219,30,31,,6,8027,BGR East,11,7,,50
2025-07,OUT0032,Sephora - Bhubaneswar 2,Sephora,MBO,Bhubaneswar,Odisha,East,SKU0016,Verde Mascara B,Verde,Makeup,Mascara,Top 25,Active,199,16,20,,3,636,BGR East,9,7,,50
2025-07,OUT0032,Sephora - Bhubaneswar 2,Sephora,MBO,Bhubaneswar,Odisha,East,SKU0017,Lumina Mascara C,Lumina,Makeup,Mascara,Top 10,Active,529,0,1,,11,5496,BGR East,12,12,,51
2025-07,OUT0032,Sephora - Bhubaneswar 2,Sephora,MBO,Bhubaneswar,Odisha,East,SKU0018,Northline Eyeliner A,Northline,Makeup,Eyeliner,Others,Active,1959,5,8,,1,2345,BGR East,4,4,,47
2025-07,OUT0032,Sephora - Bhubaneswar 2,Sephora,MBO,Bhubaneswar,Odisha,East,SKU0019,Northline Eyeliner B,Northline,Makeup,Eyeliner,Others,Active,1889,2,5,,1,2042,BGR East,5,4,,47
2025-07,OUT0032,Sephora - Bhubaneswar 2,Sephora,MBO,Bhubaneswar,Odisha,East,SKU0020,Lumina Shampoo A,Lumina,Haircare,Shampoo,Top 10,Active,509,16,30,,10,6128,BGR East,24,24,,32
2025-07,OUT0032,Sephora - Bhubaneswar 2,Sephora,MBO,Bhubaneswar,Odisha,East,SKU0022,Northline Conditioner A,Northline,Haircare,Conditioner,Others,Active,779,14,15,,0,0,BGR East,1,1,,33
2025-07,OUT0032,Sephora - Bhubaneswar 2,Sephora,MBO,Bhubaneswar,Odisha,East,SKU0023,Northline Conditioner B,Northline,Haircare,Conditioner,Others,Active,379,1,3,,0,0,BGR East,3,2,,36
2025-07,OUT0032,Sephora - Bhubaneswar 2,Sephora,MBO,Bhubaneswar,Odisha,East,SKU0027,Lumina EDP B,Lumina,Fragrance,EDP,Top 10,Active,529,35,43,,10,6163,BGR East,18,18,,56
2025-07,OUT0032,Sephora - Bhubaneswar 2,Sephora,MBO,Bhubaneswar,Odisha,East,SKU0029,Blush & Co EDT B,Blush & Co,Fragrance,EDT,Top 25,Active,479,18,0,,3,1429,BGR East,9,9,,55
2025-07,OUT0032,Sephora - Bhubaneswar 2,Sephora,MBO,Bhubaneswar,Odisha,East,SKU0030,Blush & Co EDT C,Blush & Co,Fragrance,EDT,Others,Active,779,12,14,,1,966,BGR East,5,3,,54
2025-07,OUT0032,Sephora - Bhubaneswar 2,Sephora,MBO,Bhubaneswar,Odisha,East,SKU0031,Lumina Body Mist A,Lumina,Fragrance,Body Mist,Top 25,Active,2119,25,32,,7,17513,BGR East,16,14,,53
2025-07,OUT0032,Sephora - Bhubaneswar 2,Sephora,MBO,Bhubaneswar,Odisha,East,SKU0033,Northline Body Lotion A,Northline,Bath & Body,Body Lotion,Top 10,Active,1239,50,57,,10,15397,BGR East,17,17,,37
2025-07,OUT0032,Sephora - Bhubaneswar 2,Sephora,MBO,Bhubaneswar,Odisha,East,SKU0034,Northline Body Lotion B,Northline,Bath & Body,Body Lotion,Top 25,Active,989,14,16,,7,6188,BGR East,14,9,,40
2025-07,OUT0032,Sephora - Bhubaneswar 2,Sephora,MBO,Bhubaneswar,Odisha,East,SKU0035,Northline Body Wash A,Northline,Bath & Body,Body Wash,Others,Active,469,11,13,,1,451,BGR East,4,3,,38
2025-07,OUT0032,Sephora - Bhubaneswar 2,Sephora,MBO,Bhubaneswar,Odisha,East,SKU0037,Verde Body Wash C,Verde,Bath & Body,Body Wash,Top 25,Active,2239,22,25,,5,10764,BGR East,11,8,,38
2025-07,OUT0033,Sephora - Hyderabad 3,Sephora,MBO,Hyderabad,Telangana,South,SKU0002,Verde Moisturizer B,Verde,Skincare,Moisturizer,Top 10,Active,1179,106,107,,10,12914,BGR South,11,11,,45
2025-07,OUT0033,Sephora - Hyderabad 3,Sephora,MBO,Hyderabad,Telangana,South,SKU0003,Verde Serum A,Verde,Skincare,Serum,Top 25,Active,2419,27,32,,6,14359,BGR South,11,11,,45
2025-07,OUT0033,Sephora - Hyderabad 3,Sephora,MBO,Hyderabad,Telangana,South,SKU0004,Northline Serum B,Northline,Skincare,Serum,Top 25,Active,2489,27,0,,5,13111,BGR South,8,6,,48
2025-07,OUT0033,Sephora - Hyderabad 3,Sephora,MBO,Hyderabad,Telangana,South,SKU0006,Blush & Co Cleanser A,Blush & Co,Skincare,Cleanser,Top 10,Active,289,29,148,,28,7421,BGR South,31,29,,44
2025-07,OUT0033,Sephora - Hyderabad 3,Sephora,MBO,Hyderabad,Telangana,South,SKU0007,Northline Cleanser B,Northline,Skincare,Cleanser,Others,Active,1809,10,12,,2,4376,BGR South,7,4,,45
2025-07,OUT0033,Sephora - Hyderabad 3,Sephora,MBO,Hyderabad,Telangana,South,SKU0009,Blush & Co Sunscreen B,Blush & Co,Skincare,Sunscreen,Others,Inactive,1629,9,11,,8,12324,BGR South,12,10,,46
2025-07,OUT0033,Sephora - Hyderabad 3,Sephora,MBO,Hyderabad,Telangana,South,SKU0011,Lumina Foundation B,Lumina,Makeup,Foundation,Top 10,Inactive,1889,45,46,,21,40181,BGR South,28,22,,50
2025-07,OUT0033,Sephora - Hyderabad 3,Sephora,MBO,Hyderabad,Telangana,South,SKU0014,Lumina Lipstick C,Lumina,Makeup,Lipstick,Top 25,Active,1729,15,17,,8,17109,BGR South,10,10,,49
2025-07,OUT0033,Sephora - Hyderabad 3,Sephora,MBO,Hyderabad,Telangana,South,SKU0015,Blush & Co Mascara A,Blush & Co,Makeup,Mascara,Top 25,Active,1219,30,28,,9,12111,BGR South,11,7,,50
2025-07,OUT0033,Sephora - Hyderabad 3,Sephora,MBO,Hyderabad,Telangana,South,SKU0016,Verde Mascara B,Verde,Makeup,Mascara,Top 25,Active,199,0,0,,6,1258,BGR South,9,6,,47
2025-07,OUT0033,Sephora - Hyderabad 3,Sephora,MBO,Hyderabad,Telangana,South,SKU0017,Lumina Mascara C,Lumina,Makeup,Mascara,Top 10,Active,529,45,103,,13,8081,BGR South,18,16,,53
2025-07,OUT0033,Sephora - Hyderabad 3,Sephora,MBO,Hyderabad,Telangana,South,SKU0018,Northline Eyeliner A,Northline,Makeup,Eyeliner,Others,Active,1959,8,10,,2,3537,BGR South,5,4,,47
2025-07,OUT0033,Sephora - Hyderabad 3,Sephora,MBO,Hyderabad,Telangana,South,SKU0021,Verde Shampoo B,Verde,Haircare,Shampoo,Others,Active,1319,5,7,,2,2676,BGR South,6,4,,37
2025-07,OUT0033,Sephora - Hyderabad 3,Sephora,MBO,Hyderabad,Telangana,South,SKU0022,Northline Conditioner A,Northline,Haircare,Conditioner,Others,Active,779,0,5,,2,1688,BGR South,7,7,,38
2025-07,OUT0033,Sephora - Hyderabad 3,Sephora,MBO,Hyderabad,Telangana,South,SKU0023,Northline Conditioner B,Northline,Haircare,Conditioner,Others,Active,379,0,2,,0,0,BGR South,4,2,,37
2025-07,OUT0033,Sephora - Hyderabad 3,Sephora,MBO,Hyderabad,Telangana,South,SKU0027,Lumina EDP B,Lumina,Fragrance,EDP,Top 10,Active,529,37,0,,11,6599,BGR South,19,15,,58
2025-07,OUT0033,Sephora - Hyderabad 3,Sephora,MBO,Hyderabad,Telangana,South,SKU0028,Northline EDT A,Northline,Fragrance,EDT,Top 25,Active,1109,46,51,,13,15999,BGR South,20,18,,58
2025-07,OUT0033,Sephora - Hyderabad 3,Sephora,MBO,Hyderabad,Telangana,South,SKU0030,Blush & Co EDT C,Blush & Co,Fragrance,EDT,Others,Active,779,10,14,,4,3626,BGR South,8,8,,56
2025-07,OUT0033,Sephora - Hyderabad 3,Sephora,MBO,Hyderabad,Telangana,South,SKU0031,Lumina Body Mist A,Lumina,Fragrance,Body Mist,Top 25,Active,2119,23,23,,8,19633,BGR South,11,8,,56
2025-07,OUT0033,Sephora - Hyderabad 3,Sephora,MBO,Hyderabad,Telangana,South,SKU0033,Northline Body Lotion A,Northline,Bath & Body,Body Lotion,Top 10,Active,1239,47,56,,22,28288,BGR South,39,31,,38
2025-07,OUT0033,Sephora - Hyderabad 3,Sephora,MBO,Hyderabad,Telangana,South,SKU0034,Northline Body Lotion B,Northline,Bath & Body,Body Lotion,Top 25,Active,989,29,34,,8,8715,BGR South,15,13,,42
2025-07,OUT0033,Sephora - Hyderabad 3,Sephora,MBO,Hyderabad,Telangana,South,SKU0036,Northline Body Wash B,Northline,Bath & Body,Body Wash,Others,Active,1179,8,10,,0,0,BGR South,3,2,,43
2025-07,OUT0033,Sephora - Hyderabad 3,Sephora,MBO,Hyderabad,Telangana,South,SKU0037,Verde Body Wash C,Verde,Bath & Body,Body Wash,Top 25,Active,2239,17,19,,0,0,BGR South,3,2,,38
2025-07,OUT0033,Sephora - Hyderabad 3,Sephora,MBO,Hyderabad,Telangana,South,SKU0038,Blush & Co Hand Cream A,Blush & Co,Bath & Body,Hand Cream,Others,Active,489,7,6,,3,1709,BGR South,3,2,,42
2025-07,OUT0034,Sephora - New Delhi 4,Sephora,MBO,New Delhi,Delhi,North,SKU0001,Blush & Co Moisturizer A,Blush & Co,Skincare,Moisturizer,Others,Active,2319,2,2,,0,0,BGR North,1,0,,46
2025-07,OUT0034,Sephora - New Delhi 4,Sephora,MBO,New Delhi,Delhi,North,SKU0002,Verde Moisturizer B,Verde,Skincare,Moisturizer,Top 10,Active,1179,6,5,,5,5586,BGR North,6,4,,42
2025-07,OUT0034,Sephora - New Delhi 4,Sephora,MBO,New Delhi,Delhi,North,SKU0003,Verde Serum A,Verde,Skincare,Serum,Top 25,Active,2419,30,36,,6,13706,BGR North,12,12,,43
2025-07,OUT0034,Sephora - New Delhi 4,Sephora,MBO,New Delhi,Delhi,North,SKU0005,Northline Serum C,Northline,Skincare,Serum,Others,Inactive,1819,6,6,,0,0,BGR North,0,0,,46
2025-07,OUT0034,Sephora - New Delhi 4,Sephora,MBO,New Delhi,Delhi,North,SKU0008,Lumina Sunscreen A,Lumina,Skincare,Sunscreen,Others,Active,1599,10,14,,0,0,BGR North,4,4,,42
2025-07,OUT0034,Sephora - New Delhi 4,Sephora,MBO,New Delhi,Delhi,North,SKU0011,Lumina Foundation B,Lumina,Makeup,Foundation,Top 10,Inactive,1889,25,0,,8,14321,BGR North,8,6,,51
2025-07,OUT0034,Sephora - New Delhi 4,Sephora,MBO,New Delhi,Delhi,North,SKU0012,Northline Lipstick A,Northline,Makeup,Lipstick,Others,Active,2429,7,8,,0,0,BGR North,1,1,,51
2025-07,OUT0034,Sephora - New Delhi 4,Sephora,MBO,New Delhi,Delhi,North,SKU0013,Northline Lipstick B,Northline,Makeup,Lipstick,Others,Active,2469,4,6,,0,0,BGR North,3,2,,47
2025-07,OUT0034,Sephora - New Delhi 4,Sephora,MBO,New Delhi,Delhi,North,SKU0014,Lumina Lipstick C,Lumina,Makeup,Lipstick,Top 25,Active,1729,17,24,,3,6175,BGR North,10,10,,47
2025-07,OUT0034,Sephora - New Delhi 4,Sephora,MBO,New Delhi,Delhi,North,SKU0015,Blush & Co Mascara A,Blush & Co,Makeup,Mascara,Top 25,Active,1219,11,14,,4,5851,BGR North,11,7,,51
2025-07,OUT0034,Sephora - New Delhi 4,Sephora,MBO,New Delhi,Delhi,North,SKU0016,Verde Mascara B,Verde,Makeup,Mascara,Top 25,Active,199,9,10,,2,501,BGR North,3,3,,53
2025-07,OUT0034,Sephora - New Delhi 4,Sephora,MBO,New Delhi,Delhi,North,SKU0017,Lumina Mascara C,Lumina,Makeup,Mascara,Top 10,Active,529,19,21,,12,5760,BGR North,14,14,,50
2025-07,OUT0034,Sephora - New Delhi 4,Sephora,MBO,New Delhi,Delhi,North,SKU0018,Northline Eyeliner A,Northline,Makeup,Eyeliner,Others,Active,1959,9,13,,0,0,BGR North,4,4,,48
2025-07,OUT0034,Sephora - New Delhi 4,Sephora,MBO,New Delhi,Delhi,North,SKU0020,Lumina Shampoo A,Lumina,Haircare,Shampoo,Top 10,Active,509,31,30,,6,3604,BGR North,8,5,,36
2025-07,OUT0034,Sephora - New Delhi 4,Sephora,MBO,New Delhi,Delhi,North,SKU0021,Verde Shampoo B,Verde,Haircare,Shampoo,Others,Active,1319,7,12,,1,1408,BGR North,6,6,,33
2025-07,OUT0034,Sephora - New Delhi 4,Sephora,MBO,New Delhi,Delhi,North,SKU0022,Northline Conditioner A,Northline,Haircare,Conditioner,Others,Active,779,8,9,,1,941,BGR North,4,2,,33
2025-07,OUT0034,Sephora - New Delhi 4,Sephora,MBO,New Delhi,Delhi,North,SKU0027,Lumina EDP B,Lumina,Fragrance,EDP,Top 10,Active,529,24,30,,9,5784,BGR North,19,15,,58
2025-07,OUT0034,Sephora - New Delhi 4,Sephora,MBO,New Delhi,Delhi,North,SKU0028,Northline EDT A,Northline,Fragrance,EDT,Top 25,Active,1109,15,22,,5,6548,BGR North,12,12,,53
2025-07,OUT0034,Sephora - New Delhi 4,Sephora,MBO,New Delhi,Delhi,North,SKU0029,Blush & Co EDT B,Blush & Co,Fragrance,EDT,Top 25,Active,479,14,18,,3,1334,BGR North,9,7,,55
2025-07,OUT0034,Sephora - New Delhi 4,Sephora,MBO,New Delhi,Delhi,North,SKU0031,Lumina Body Mist A,Lumina,Fragrance,Body Mist,Top 25,Active,2119,10,8,,4,7953,BGR North,3,2,,52
2025-07,OUT0034,Sephora - New Delhi 4,Sephora,MBO,New Delhi,Delhi,North,SKU0033,Northline Body Lotion A,Northline,Bath & Body,Body Lotion,Top 10,Active,1239,27,28,,12,16103,BGR North,13,13,,38
2025-07,OUT0034,Sephora - New Delhi 4,Sephora,MBO,New Delhi,Delhi,North,SKU0034,Northline Body Lotion B,Northline,Bath & Body,Body Lotion,Top 25,Active,989,15,19,,4,3735,BGR North,8,8,,39
2025-07,OUT0034,Sephora - New Delhi 4,Sephora,MBO,New Delhi,Delhi,North,SKU0036,Northline Body Wash B,Northline,Bath & Body,Body Wash,Others,Active,1179,0,0,,0,0,BGR North,1,0,,40
2025-07,OUT0034,Sephora - New Delhi 4,Sephora,MBO,New Delhi,Delhi,North,SKU0038,Blush & Co Hand Cream A,Blush & Co,Bath & Body,Hand Cream,Others,Active,489,7,8,,1,595,BGR North,3,2,,39
2025-07,OUT0034,Sephora - New Delhi 4,Sephora,MBO,New Delhi,Delhi,North,SKU0039,Northline Hand Cream B,Northline,Bath & Body,Hand Cream,Others,Active,1189,3,2,,1,1247,BGR North,1,0,,43
2025-07,OUT0035,Sephora - Noida 5,Sephora,MBO,Noida,UP,North,SKU0001,Blush & Co Moisturizer A,Blush & Co,Skincare,Moisturizer,Others,Active,2319,8,12,,2,5493,BGR North,6,6,,48
2025-07,OUT0035,Sephora - Noida 5,Sephora,MBO,Noida,UP,North,SKU0002,Verde Moisturizer B,Verde,Skincare,Moisturizer,Top 10,Active,1179,15,18,,26,32930,BGR North,29,29,,48
2025-07,OUT0035,Sephora - Noida 5,Sephora,MBO,Noida,UP,North,SKU0003,Verde Serum A,Verde,Skincare,Serum,Top 25,Active,2419,0,15,,18,38955,BGR North,37,33,,47
2025-07,OUT0035,Sephora - Noida 5,Sephora,MBO,Noida,UP,North,SKU0007,Northline Cleanser B,Northline,Skincare,Cleanser,Others,Active,1809,1,2,,3,6724,BGR North,4,4,,47
2025-07,OUT0035,Sephora - Noida 5,Sephora,MBO,Noida,UP,North,SKU0008,Lumina Sunscreen A,Lumina,Skincare,Sunscreen,Others,Active,1599,5,5,,1,1952,BGR North,2,1,,44
2025-07,OUT0035,Sephora - Noida 5,Sephora,MBO,Noida,UP,North,SKU0010,Blush & Co Foundation A,Blush & Co,Makeup,Foundation,Others,Active,1419,14,17,,2,2722,BGR North,6,5,,51
2025-07,OUT0035,Sephora - Noida 5,Sephora,MBO,Noida,UP,North,SKU0011,Lumina Foundation B,Lumina,Makeup,Foundation,Top 10,Inactive,1889,0,0,,28,49862,BGR North,25,25,,50
2025-07,OUT0035,Sephora - Noida 5,Sephora,MBO,Noida,UP,North,SKU0013,Northline Lipstick B,Northline,Makeup,Lipstick,Others,Active,2469,6,9,,1,2446,BGR North,5,4,,53
2025-07,OUT0035,Sephora - Noida 5,Sephora,MBO,Noida,UP,North,SKU0015,Blush & Co Mascara A,Blush & Co,Makeup,Mascara,Top 25,Active,1219,21,19,,12,15566,BGR North,12,10,,51
2025-07,OUT0035,Sephora - Noida 5,Sephora,MBO,Noida,UP,North,SKU0016,Verde Mascara B,Verde,Makeup,Mascara,Top 25,Active,199,27,27,,6,1319,BGR North,8,6,,51
2025-07,OUT0035,Sephora - Noida 5,Sephora,MBO,Noida,UP,North,SKU0017,Lumina Mascara C,Lumina,Makeup,Mascara,Top 10,Active,529,80,93,,32,19336,BGR North,65,45,,49
2025-07,OUT0035,Sephora - Noida 5,Sephora,MBO,Noida,UP,North,SKU0018,Northline Eyeliner A,Northline,Makeup,Eyeliner,Others,Active,1959,6,10,,2,3562,BGR North,6,6,,47
2025-07,OUT0035,Sephora - Noida 5,Sephora,MBO,Noida,UP,North,SKU0019,Northline Eyeliner B,Northline,Makeup,Eyeliner,Others,Active,1889,12,15,,3,6185,BGR North,7,6,,53
2025-07,OUT0035,Sephora - Noida 5,Sephora,MBO,Noida,UP,North,SKU0020,Lumina Shampoo A,Lumina,Haircare,Shampoo,Top 10,Active,509,61,63,,28,15088,BGR North,30,30,,35
2025-07,OUT0035,Sephora - Noida 5,Sephora,MBO,Noida,UP,North,SKU0022,Northline Conditioner A,Northline,Haircare,Conditioner,Others,Active,779,22,25,,4,3419,BGR North,7,7,,33
2025-07,OUT0035,Sephora - Noida 5,Sephora,MBO,Noida,UP,North,SKU0023,Northline Conditioner B,Northline,Haircare,Conditioner,Others,Active,379,6,8,,0,0,BGR North,3,2,,35
2025-07,OUT0035,Sephora - Noida 5,Sephora,MBO,Noida,UP,North,SKU0027,Lumina EDP B,Lumina,Fragrance,EDP,Top 10,Active,529,61,54,,25,14097,BGR North,21,18,,56
2025-07,OUT0035,Sephora - Noida 5,Sephora,MBO,Noida,UP,North,SKU0030,Blush & Co EDT C,Blush & Co,Fragrance,EDT,Others,Active,779,5,6,,5,4795,BGR North,7,6,,54
2025-07,OUT0035,Sephora - Noida 5,Sephora,MBO,Noida,UP,North,SKU0033,Northline Body Lotion A,Northline,Bath & Body,Body Lotion,Top 10,Active,1239,8,6,,16,18405,BGR North,20,14,,43
2025-07,OUT0035,Sephora - Noida 5,Sephora,MBO,Noida,UP,North,SKU0034,Northline Body Lotion B,Northline,Bath & Body,Body Lotion,Top 25,Active,989,19,0,,10,9423,BGR North,10,8,,41
2025-07,OUT0035,Sephora - Noida 5,Sephora,MBO,Noida,UP,North,SKU0037,Verde Body Wash C,Verde,Bath & Body,Body Wash,Top 25,Active,2239,24,32,,10,24396,BGR North,20,18,,41
2025-07,OUT0035,Sephora - Noida 5,Sephora,MBO,Noida,UP,North,SKU0038,Blush & Co Hand Cream A,Blush & Co,Bath & Body,Hand Cream,Others,Active,489,7,7,,3,1735,BGR North,4,3,,40
2025-07,OUT0035,Sephora - Noida 5,Sephora,MBO,Noida,UP,North,SKU0039,Northline Hand Cream B,Northline,Bath & Body,Hand Cream,Others,Active,1189,0,5,,3,3578,BGR North,9,8,,38
2025-07,OUT0036,Sephora - Hyderabad 6,Sephora,MBO,Hyderabad,Telangana,South,SKU0001,Blush & Co Moisturizer A,Blush & Co,Skincare,Moisturizer,Others,Active,2319,6,6,,2,4315,BGR South,3,2,,48
2025-07,OUT0036,Sephora - Hyderabad 6,Sephora,MBO,Hyderabad,Telangana,South,SKU0002,Verde Moisturizer B,Verde,Skincare,Moisturizer,Top 10,Active,1179,42,45,,13,17847,BGR South,21,16,,42
2025-07,OUT0036,Sephora - Hyderabad 6,Sephora,MBO,Hyderabad,Telangana,South,SKU0003,Verde Serum A,Verde,Skincare,Serum,Top 25,Active,2419,9,13,,12,28854,BGR South,20,16,,47
2025-07,OUT0036,Sephora - Hyderabad 6,Sephora,MBO,Hyderabad,Telangana,South,SKU0004,Northline Serum B,Northline,Skincare,Serum,Top 25,Active,2489,18,25,,15,38789,BGR South,32,22,,45
2025-07,OUT0036,Sephora - Hyderabad 6,Sephora,MBO,Hyderabad,Telangana,South,SKU0005,Northline Serum C,Northline,Skincare,Serum,Others,Inactive,1819,8,8,,1,1855,BGR South,2,1,,47
2025-07,OUT0036,Sephora - Hyderabad 6,Sephora,MBO,Hyderabad,Telangana,South,SKU0006,Blush & Co Cleanser A,Blush & Co,Skincare,Cleanser,Top 10,Active,289,255,0,,27,8902,BGR South,52,36,,44
2025-07,OUT0036,Sephora - Hyderabad 6,Sephora,MBO,Hyderabad,Telangana,South,SKU0007,Northline Cleanser B,Northline,Skincare,Cleanser,Others,Active,1809,11,0,,4,6755,BGR South,9,8,,45
2025-07,OUT0036,Sephora - Hyderabad 6,Sephora,MBO,Hyderabad,Telangana,South,SKU0011,Lumina Foundation B,Lumina,Makeup,Foundation,Top 10,Inactive,1889,34,43,,19,32075,BGR South,40,28,,52
2025-07,OUT0036,Sephora - Hyderabad 6,Sephora,MBO,Hyderabad,Telangana,South,SKU0014,Lumina Lipstick C,Lumina,Makeup,Lipstick,Top 25,Active,1729,30,36,,8,14005,BGR South,14,14,,52
2025-07,OUT0036,Sephora - Hyderabad 6,Sephora,MBO,Hyderabad,Telangana,South,SKU0015,Blush & Co Mascara A,Blush & Co,Makeup,Mascara,Top 25,Active,1219,54,61,,13,14220,BGR South,23,20,,51
2025-07,OUT0036,Sephora - Hyderabad 6,Sephora,MBO,Hyderabad,Telangana,South,SKU0017,Lumina Mascara C,Lumina,Makeup,Mascara,Top 10,Active,529,61,80,,20,12997,BGR South,39,39,,51
2025-07,OUT0036,Sephora - Hyderabad 6,Sephora,MBO,Hyderabad,Telangana,South,SKU0019,Northline Eyeliner B,Northline,Makeup,Eyeliner,Others,Active,1889,22,23,,1,2045,BGR South,3,2,,50
2025-07,OUT0036,Sephora - Hyderabad 6,Sephora,MBO,Hyderabad,Telangana,South,SKU0020,Lumina Shampoo A,Lumina,Haircare,Shampoo,Top 10,Active,509,55,58,,15,9112,BGR South,19,18,,33
2025-07,OUT0036,Sephora - Hyderabad 6,Sephora,MBO,Hyderabad,Telangana,South,SKU0022,Northline Conditioner A,Northline,Haircare,Conditioner,Others,Active,779,11,15,,4,3650,BGR South,9,8,,36
2025-07,OUT0036,Sephora - Hyderabad 6,Sephora,MBO,Hyderabad,Telangana,South,SKU0023,Northline Conditioner B,Northline,Haircare,Conditioner,Others,Active,379,8,0,,0,0,BGR South,1,0,,38
2025-07,OUT0036,Sephora - Hyderabad 6,Sephora,MBO,Hyderabad,Telangana,South,SKU0027,Lumina EDP B,Lumina,Fragrance,EDP,Top 10,Active,529,172,174,,20,12244,BGR South,25,22,,52
2025-07,OUT0036,Sephora - Hyderabad 6,Sephora,MBO,Hyderabad,Telangana,South,SKU0028,Northline EDT A,Northline,Fragrance,EDT,Top 25,Active,1109,31,39,,14,16167,BGR South,24,22,,52
2025-07,OUT0036,Sephora - Hyderabad 6,Sephora,MBO,Hyderabad,Telangana,South,SKU0030,Blush & Co EDT C,Blush & Co,Fragrance,EDT,Others,Active,779,18,22,,2,1696,BGR South,8,6,,58
2025-07,OUT0036,Sephora - Hyderabad 6,Sephora,MBO,Hyderabad,Telangana,South,SKU0031,Lumina Body Mist A,Lumina,Fragrance,Body Mist,Top 25,Active,2119,78,88,,15,36320,BGR South,29,29,,58
2025-07,OUT0036,Sephora - Hyderabad 6,Sephora,MBO,Hyderabad,Telangana,South,SKU0033,Northline Body Lotion A,Northline,Bath & Body,Body Lotion,Top 10,Active,1239,93,83,,23,30439,BGR South,19,13,,37
2025-07,OUT0036,Sephora - Hyderabad 6,Sephora,MBO,Hyderabad,Telangana,South,SKU0034,Northline Body Lotion B,Northline,Bath & Body,Body Lotion,Top 25,Active,989,83,86,,9,10298,BGR South,18,12,,37
2025-07,OUT0036,Sephora - Hyderabad 6,Sephora,MBO,Hyderabad,Telangana,South,SKU0035,Northline Body Wash A,Northline,Bath & Body,Body Wash,Others,Active,469,7,12,,2,1118,BGR South,7,7,,38
2025-07,OUT0036,Sephora - Hyderabad 6,Sephora,MBO,Hyderabad,Telangana,South,SKU0038,Blush & Co Hand Cream A,Blush & Co,Bath & Body,Hand Cream,Others,Active,489,0,0,,5,2546,BGR South,7,5,,37
2025-07,OUT0037,Sephora - Ahmedabad 7,Sephora,MBO,Ahmedabad,Gujarat,West,SKU0001,Blush & Co Moisturizer A,Blush & Co,Skincare,Moisturizer,Others,Active,2319,1,2,,2,5231,BGR West,5,3,,45
2025-07,OUT0037,Sephora - Ahmedabad 7,Sephora,MBO,Ahmedabad,Gujarat,West,SKU0003,Verde Serum A,Verde,Skincare,Serum,Top 25,Active,2419,34,38,,12,26756,BGR West,20,16,,44
2025-07,OUT0037,Sephora - Ahmedabad 7,Sephora,MBO,Ahmedabad,Gujarat,West,SKU0004,Northline Serum B,Northline,Skincare,Serum,Top 25,Active,2489,18,20,,7,21804,BGR West,9,9,,46
2025-07,OUT0037,Sephora - Ahmedabad 7,Sephora,MBO,Ahmedabad,Gujarat,West,SKU0005,Northline Serum C,Northline,Skincare,Serum,Others,Inactive,1819,9,8,,1,1833,BGR West,1,0,,46
2025-07,OUT0037,Sephora - Ahmedabad 7,Sephora,MBO,Ahmedabad,Gujarat,West,SKU0006,Blush & Co Cleanser A,Blush & Co,Skincare,Cleanser,Top 10,Active,289,47,64,,16,5087,BGR West,35,33,,48
2025-07,OUT0037,Sephora - Ahmedabad 7,Sephora,MBO,Ahmedabad,Gujarat,West,SKU0007,Northline Cleanser B,Northline,Skincare,Cleanser,Others,Active,1809,9,13,,2,3925,BGR West,4,4,,42
2025-07,OUT0037,Sephora - Ahmedabad 7,Sephora,MBO,Ahmedabad,Gujarat,West,SKU0008,Lumina Sunscreen A,Lumina,Skincare,Sunscreen,Others,Active,1599,9,8,,1,1749,BGR West,1,0,,48
2025-07,OUT0037,Sephora - Ahmedabad 7,Sephora,MBO,Ahmedabad,Gujarat,West,SKU0009,Blush & Co Sunscreen B,Blush & Co,Skincare,Sunscreen,Others,Inactive,1629,12,16,,3,4608,BGR West,8,7,,45
2025-07,OUT0037,Sephora - Ahmedabad 7,Sephora,MBO,Ahmedabad,Gujarat,West,SKU0011,Lumina Foundation B,Lumina,Makeup,Foundation,Top 10,Inactive,1889,45,42,,15,29020,BGR West,18,12,,48
2025-07,OUT0037,Sephora - Ahmedabad 7,Sephora,MBO,Ahmedabad,Gujarat,West,SKU0012,Northline Lipstick A,Northline,Makeup,Lipstick,Others,Active,2429,4,6,,1,2387,BGR West,5,3,,50
2025-07,OUT0037,Sephora - Ahmedabad 7,Sephora,MBO,Ahmedabad,Gujarat,West,SKU0014,Lumina Lipstick C,Lumina,Makeup,Lipstick,Top 25,Active,1729,27,32,,8,13045,BGR West,13,13,,52
2025-07,OUT0037,Sephora - Ahmedabad 7,Sephora,MBO,Ahmedabad,Gujarat,West,SKU0016,Verde Mascara B,Verde,Makeup,Mascara,Top 25,Active,199,17,17,,8,1870,BGR West,10,8,,52
2025-07,OUT0037,Sephora - Ahmedabad 7,Sephora,MBO,Ahmedabad,Gujarat,West,SKU0017,Lumina Mascara C,Lumina,Makeup,Mascara,Top 10,Active,529,4,4,,15,8651,BGR West,17,15,,53
2025-07,OUT0037,Sephora - Ahmedabad 7,Sephora,MBO,Ahmedabad,Gujarat,West,SKU0020,Lumina Shampoo A,Lumina,Haircare,Shampoo,Top 10,Active,509,32,28,,12,7096,BGR West,11,8,,34
2025-07,OUT0037,Sephora - Ahmedabad 7,Sephora,MBO,Ahmedabad,Gujarat,West,SKU0022,Northline Conditioner A,Northline,Haircare,Conditioner,Others,Active,779,10,24,,3,2340,BGR West,8,5,,35
2025-07,OUT0037,Sephora - Ahmedabad 7,Sephora,MBO,Ahmedabad,Gujarat,West,SKU0027,Lumina EDP B,Lumina,Fragrance,EDP,Top 10,Active,529,50,55,,23,14447,BGR West,28,28,,55
2025-07,OUT0037,Sephora - Ahmedabad 7,Sephora,MBO,Ahmedabad,Gujarat,West,SKU0029,Blush & Co EDT B,Blush & Co,Fragrance,EDT,Top 25,Active,479,37,35,,6,3594,BGR West,6,4,,52
2025-07,OUT0037,Sephora - Ahmedabad 7,Sephora,MBO,Ahmedabad,Gujarat,West,SKU0033,Northline Body Lotion A,Northline,Bath & Body,Body Lotion,Top 10,Active,1239,4,5,,18,22598,BGR West,24,19,,41
2025-07,OUT0037,Sephora - Ahmedabad 7,Sephora,MBO,Ahmedabad,Gujarat,West,SKU0034,Northline Body Lotion B,Northline,Bath & Body,Body Lotion,Top 25,Active,989,39,53,,11,11301,BGR West,25,25,,41
2025-07,OUT0037,Sephora - Ahmedabad 7,Sephora,MBO,Ahmedabad,Gujarat,West,SKU0037,Verde Body Wash C,Verde,Bath & Body,Body Wash,Top 25,Active,2239,19,22,,4,9310,BGR West,9,7,,37
2025-07,OUT0037,Sephora - Ahmedabad 7,Sephora,MBO,Ahmedabad,Gujarat,West,SKU0038,Blush & Co Hand Cream A,Blush & Co,Bath & Body,Hand Cream,Others,Active,489,8,0,,2,980,BGR West,6,6,,37
2025-07,OUT0037,Sephora - Ahmedabad 7,Sephora,MBO,Ahmedabad,Gujarat,West,SKU0039,Northline Hand Cream B,Northline,Bath & Body,Hand Cream,Others,Active,1189,0,3,,4,5572,BGR West,8,7,,42
2025-07,OUT0038,Sephora - Pune 8,Sephora,MBO,Pune,Maharashtra,West,SKU0002,Verde Moisturizer B,Verde,Skincare,Moisturizer,Top 10,Active,1179,43,41,,9,12599,BGR West,11,7,,42
2025-07,OUT0038,Sephora - Pune 8,Sephora,MBO,Pune,Maharashtra,West,SKU0003,Verde Serum A,Verde,Skincare,Serum,Top 25,Active,2419,31,43,,12,32161,BGR West,24,24,,44
2025-07,OUT0038,Sephora - Pune 8,Sephora,MBO,Pune,Maharashtra,West,SKU0005,Northline Serum C,Northline,Skincare,Serum,Others,Inactive,1819,5,9,,1,1662,BGR West,5,5,,45
2025-07,OUT0038,Sephora - Pune 8,Sephora,MBO,Pune,Maharashtra,West,SKU0006,Blush & Co Cleanser A,Blush & Co,Skincare,Cleanser,Top 10,Active,289,54,61,,20,5763,BGR West,27,27,,48
2025-07,OUT0038,Sephora - Pune 8,Sephora,MBO,Pune,Maharashtra,West,SKU0007,Northline Cleanser B,Northline,Skincare,Cleanser,Others,Active,1809,15,16,,3,6811,BGR West,7,4,,47
2025-07,OUT0038,Sephora - Pune 8,Sephora,MBO,Pune,Maharashtra,West,SKU0009,Blush & Co Sunscreen B,Blush & Co,Skincare,Sunscreen,Others,Inactive,1629,13,16,,3,6008,BGR West,9,6,,46
2025-07,OUT0038,Sephora - Pune 8,Sephora,MBO,Pune,Maharashtra,West,SKU0011,Lumina Foundation B,Lumina,Makeup,Foundation,Top 10,Inactive,1889,7,13,,19,37848,BGR West,25,25,,47
2025-07,OUT0038,Sephora - Pune 8,Sephora,MBO,Pune,Maharashtra,West,SKU0012,Northline Lipstick A,Northline,Makeup,Lipstick,Others,Active,2429,6,6,,1,2426,BGR West,2,1,,53
2025-07,OUT0038,Sephora - Pune 8,Sephora,MBO,Pune,Maharashtra,West,SKU0013,Northline Lipstick B,Northline,Makeup,Lipstick,Others,Active,2469,8,10,,0,0,BGR West,3,2,,48
2025-07,OUT0038,Sephora - Pune 8,Sephora,MBO,Pune,Maharashtra,West,SKU0014,Lumina Lipstick C,Lumina,Makeup,Lipstick,Top 25,Active,1729,13,17,,8,12754,BGR West,13,12,,49
2025-07,OUT0038,Sephora - Pune 8,Sephora,MBO,Pune,Maharashtra,West,SKU0015,Blush & Co Mascara A,Blush & Co,Makeup,Mascara,Top 25,Active,1219,9,12,,9,13723,BGR West,12,12,,50
2025-07,OUT0038,Sephora - Pune 8,Sephora,MBO,Pune,Maharashtra,West,SKU0016,Verde Mascara B,Verde,Makeup,Mascara,Top 25,Active,199,21,24,,11,2614,BGR West,20,14,,53
2025-07,OUT0038,Sephora - Pune 8,Sephora,MBO,Pune,Maharashtra,West,SKU0017,Lumina Mascara C,Lumina,Makeup,Mascara,Top 10,Active,529,48,62,,17,10009,BGR West,31,31,,52
2025-07,OUT0038,Sephora - Pune 8,Sephora,MBO,Pune,Maharashtra,West,SKU0018,Northline Eyeliner A,Northline,Makeup,Eyeliner,Others,Active,1959,11,11,,1,2138,BGR West,2,1,,51
2025-07,OUT0038,Sephora - Pune 8,Sephora,MBO,Pune,Maharashtra,West,SKU0021,Verde Shampoo B,Verde,Haircare,Shampoo,Others,Active,1319,7,11,,3,3590,BGR West,7,7,,38
2025-07,OUT0038,Sephora - Pune 8,Sephora,MBO,Pune,Maharashtra,West,SKU0022,Northline Conditioner A,Northline,Haircare,Conditioner,Others,Active,779,0,3,,2,1551,BGR West,6,5,,34
2025-07,OUT0038,Sephora - Pune 8,Sephora,MBO,Pune,Maharashtra,West,SKU0027,Lumina EDP B,Lumina,Fragrance,EDP,Top 10,Active,529,48,0,,22,13272,BGR West,25,20,,57
2025-07,OUT0038,Sephora - Pune 8,Sephora,MBO,Pune,Maharashtra,West,SKU0029,Blush & Co EDT B,Blush & Co,Fragrance,EDT,Top 25,Active,479,2,7,,9,4986,BGR West,20,14,,53
2025-07,OUT0038,Sephora - Pune 8,Sephora,MBO,Pune,Maharashtra,West,SKU0031,Lumina Body Mist A,Lumina,Fragrance,Body Mist,Top 25,Active,2119,32,60,,10,20911,BGR West,20,20,,55
2025-07,OUT0038,Sephora - Pune 8,Sephora,MBO,Pune,Maharashtra,West,SKU0032,Northline Body Mist B,Northline,Fragrance,Body Mist,Others,Inactive,2229,15,15,,4,10000,BGR West,7,4,,52
2025-07,OUT0038,Sephora - Pune 8,Sephora,MBO,Pune,Maharashtra,West,SKU0033,Northline Body Lotion A,Northline,Bath & Body,Body Lotion,Top 10,Active,1239,127,135,,23,26728,BGR West,33,31,,40
2025-07,OUT0038,Sephora - Pune 8,Sephora,MBO,Pune,Maharashtra,West,SKU0037,Verde Body Wash C,Verde,Bath & Body,Body Wash,Top 25,Active,2239,30,0,,8,20240,BGR West,14,11,,38
2025-07,OUT0038,Sephora - Pune 8,Sephora,MBO,Pune,Maharashtra,West,SKU0038,Blush & Co Hand Cream A,Blush & Co,Bath & Body,Hand Cream,Others,Active,489,8,10,,2,980,BGR West,5,4,,39
2025-07,OUT0039,Sephora - Bhubaneswar 9,Sephora,MBO,Bhubaneswar,Odisha,East,SKU0001,Blush & Co Moisturizer A,Blush & Co,Skincare,Moisturizer,Others,Active,2319,13,20,,3,6797,BGR East,10,10,,44
2025-07,OUT0039,Sephora - Bhubaneswar 9,Sephora,MBO,Bhubaneswar,Odisha,East,SKU0002,Verde Moisturizer B,Verde,Skincare,Moisturizer,Top 10,Active,1179,66,83,,20,26285,BGR East,37,37,,46
2025-07,OUT0039,Sephora - Bhubaneswar 9,Sephora,MBO,Bhubaneswar,Odisha,East,SKU0003,Verde Serum A,Verde,Skincare,Serum,Top 25,Active,2419,79,84,,15,36161,BGR East,20,20,,45
2025-07,OUT0039,Sephora - Bhubaneswar 9,Sephora,MBO,Bhubaneswar,Odisha,East,SKU0004,Northline Serum B,Northline,Skincare,Serum,Top 25,Active,2489,26,29,,9,22840,BGR East,12,12,,45
2025-07,OUT0039,Sephora - Bhubaneswar 9,Sephora,MBO,Bhubaneswar,Odisha,East,SKU0005,Northline Serum C,Northline,Skincare,Serum,Others,Inactive,1819,6,5,,1,1946,BGR East,1,0,,48
2025-07,OUT0039,Sephora - Bhubaneswar 9,Sephora,MBO,Bhubaneswar,Odisha,East,SKU0006,Blush & Co Cleanser A,Blush & Co,Skincare,Cleanser,Top 10,Active,289,94,112,,28,9912,BGR East,46,46,,48
2025-07,OUT0039,Sephora - Bhubaneswar 9,Sephora,MBO,Bhubaneswar,Odisha,East,SKU0008,Lumina Sunscreen A,Lumina,Skincare,Sunscreen,Others,Active,1599,3,4,,2,3331,BGR East,4,3,,47
2025-07,OUT0039,Sephora - Bhubaneswar 9,Sephora,MBO,Bhubaneswar,Odisha,East,SKU0009,Blush & Co Sunscreen B,Blush & Co,Skincare,Sunscreen,Others,Inactive,1629,0,3,,4,7472,BGR East,7,7,,43
2025-07,OUT0039,Sephora - Bhubaneswar 9,Sephora,MBO,Bhubaneswar,Odisha,East,SKU0010,Blush & Co Foundation A,Blush & Co,Makeup,Foundation,Others,Active,1419,10,13,,4,7060,BGR East,10,7,,53
2025-07,OUT0039,Sephora - Bhubaneswar 9,Sephora,MBO,Bhubaneswar,Odisha,East,SKU0011,Lumina Foundation B,Lumina,Makeup,Foundation,Top 10,Inactive,1889,50,62,,26,48516,BGR East,40,38,,48
2025-07,OUT0039,Sephora - Bhubaneswar 9,Sephora,MBO,Bhubaneswar,Odisha,East,SKU0012,Northline Lipstick A,Northline,Makeup,Lipstick,Others,Active,2429,7,9,,2,5669,BGR East,6,4,,49
2025-07,OUT0039,Sephora - Bhubaneswar 9,Sephora,MBO,Bhubaneswar,Odisha,East,SKU0013,Northline Lipstick B,Northline,Makeup,Lipstick,Others,Active,2469,5,5,,1,2670,BGR East,2,1,,52
2025-07,OUT0039,Sephora - Bhubaneswar 9,Sephora,MBO,Bhubaneswar,Odisha,East,SKU0014,Lumina Lipstick C,Lumina,Makeup,Lipstick,Top 25,Active,1729,28,28,,8,12550,BGR East,9,8,,50
2025-07,OUT0039,Sephora - Bhubaneswar 9,Sephora,MBO,Bhubaneswar,Odisha,East,SKU0015,Blush & Co Mascara A,Blush & Co,Makeup,Mascara,Top 25,Active,1219,0,2,,11,13522,BGR East,19,13,,52
2025-07,OUT0039,Sephora - Bhubaneswar 9,Sephora,MBO,Bhubaneswar,Odisha,East,SKU0016,Verde Mascara B,Verde,Makeup,Mascara,Top 25,Active,199,36,38,,10,2238,BGR East,13,12,,52
2025-07,OUT0039,Sephora - Bhubaneswar 9,Sephora,MBO,Bhubaneswar,Odisha,East,SKU0017,Lumina Mascara C,Lumina,Makeup,Mascara,Top 10,Active,529,40,62,,26,13681,BGR East,51,48,,48
2025-07,OUT0039,Sephora - Bhubaneswar 9,Sephora,MBO,Bhubaneswar,Odisha,East,SKU0020,Lumina Shampoo A,Lumina,Haircare,Shampoo,Top 10,Active,509,38,50,,27,13701,BGR East,39,39,,34
2025-07,OUT0039,Sephora - Bhubaneswar 9,Sephora,MBO,Bhubaneswar,Odisha,East,SKU0021,Verde Shampoo B,Verde,Haircare,Shampoo,Others,Active,1319,15,18,,3,4489,BGR East,7,6,,33
2025-07,OUT0039,Sephora - Bhubaneswar 9,Sephora,MBO,Bhubaneswar,Odisha,East,SKU0022,Northline Conditioner A,Northline,Haircare,Conditioner,Others,Active,779,6,11,,4,2899,BGR East,9,9,,36
2025-07,OUT0039,Sephora - Bhubaneswar 9,Sephora,MBO,Bhubaneswar,Odisha,East,SKU0023,Northline Conditioner B,Northline,Haircare,Conditioner,Others,Active,379,10,10,,0,0,BGR East,0,0,,33
2025-07,OUT0039,Sephora - Bhubaneswar 9,Sephora,MBO,Bhubaneswar,Odisha,East,SKU0027,Lumina EDP B,Lumina,Fragrance,EDP,Top 10,Active,529,68,88,,30,15837,BGR East,63,50,,57
2025-07,OUT0039,Sephora - Bhubaneswar 9,Sephora,MBO,Bhubaneswar,Odisha,East,SKU0028,Northline EDT A,Northline,Fragrance,EDT,Top 25,Active,1109,1,0,,34,36604,BGR East,39,27,,57
2025-07,OUT0039,Sephora - Bhubaneswar 9,Sephora,MBO,Bhubaneswar,Odisha,East,SKU0029,Blush & Co EDT B,Blush & Co,Fragrance,EDT,Top 25,Active,479,33,35,,8,4087,BGR East,10,10,,58
2025-07,OUT0039,Sephora - Bhubaneswar 9,Sephora,MBO,Bhubaneswar,Odisha,East,SKU0030,Blush & Co EDT C,Blush & Co,Fragrance,EDT,Others,Active,779,12,13,,4,3582,BGR East,6,5,,58
2025-07,OUT0039,Sephora - Bhubaneswar 9,Sephora,MBO,Bhubaneswar,Odisha,East,SKU0031,Lumina Body Mist A,Lumina,Fragrance,Body Mist,Top 25,Active,2119,32,30,,12,30558,BGR East,13,10,,54
2025-07,OUT0039,Sephora - Bhubaneswar 9,Sephora,MBO,Bhubaneswar,Odisha,East,SKU0032,Northline Body Mist B,Northline,Fragrance,Body Mist,Others,Inactive,2229,0,8,,5,12227,BGR East,13,13,,52
2025-07,OUT0039,Sephora - Bhubaneswar 9,Sephora,MBO,Bhubaneswar,Odisha,East,SKU0033,Northline Body Lotion A,Northline,Bath & Body,Body Lotion,Top 10,Active,1239,63,82,,41,52428,BGR East,67,60,,43
2025-07,OUT0039,Sephora - Bhubaneswar 9,Sephora,MBO,Bhubaneswar,Odisha,East,SKU0034,Northline Body Lotion B,Northline,Bath & Body,Body Lotion,Top 25,Active,989,72,77,,10,9123,BGR East,19,15,,38
2025-07,OUT0039,Sephora - Bhubaneswar 9,Sephora,MBO,Bhubaneswar,Odisha,East,SKU0036,Northline Body Wash B,Northline,Bath & Body,Body Wash,Others,Active,1179,5,5,,1,1380,BGR East,2,1,,41
2025-07,OUT0039,Sephora - Bhubaneswar 9,Sephora,MBO,Bhubaneswar,Odisha,East,SKU0037,Verde Body Wash C,Verde,Bath & Body,Body Wash,Top 25,Active,2239,38,47,,11,30957,BGR East,22,20,,40
2025-07,OUT0040,Sephora - Bhubaneswar 10,Sephora,MBO,Bhubaneswar,Odisha,East,SKU0002,Verde Moisturizer B,Verde,Skincare,Moisturizer,Top 10,Active,1179,45,49,,18,20414,BGR East,25,22,,47
2025-07,OUT0040,Sephora - Bhubaneswar 10,Sephora,MBO,Bhubaneswar,Odisha,East,SKU0003,Verde Serum A,Verde,Skincare,Serum,Top 25,Active,2419,57,79,,14,33093,BGR East,23,18,,44
2025-07,OUT0040,Sephora - Bhubaneswar 10,Sephora,MBO,Bhubaneswar,Odisha,East,SKU0005,Northline Serum C,Northline,Skincare,Serum,Others,Inactive,1819,9,9,,1,2059,BGR East,2,1,,47
2025-07,OUT0040,Sephora - Bhubaneswar 10,Sephora,MBO,Bhubaneswar,Odisha,East,SKU0006,Blush & Co Cleanser A,Blush & Co,Skincare,Cleanser,Top 10,Active,289,15,0,,20,5358,BGR East,22,17,,43
2025-07,OUT0040,Sephora - Bhubaneswar 10,Sephora,MBO,Bhubaneswar,Odisha,East,SKU0007,Northline Cleanser B,Northline,Skincare,Cleanser,Others,Active,1809,5,5,,2,3991,BGR East,3,2,,46
2025-07,OUT0040,Sephora - Bhubaneswar 10,Sephora,MBO,Bhubaneswar,Odisha,East,SKU0008,Lumina Sunscreen A,Lumina,Skincare,Sunscreen,Others,Active,1599,4,5,,1,1831,BGR East,3,2,,45
2025-07,OUT0040,Sephora - Bhubaneswar 10,Sephora,MBO,Bhubaneswar,Odisha,East,SKU0010,Blush & Co Foundation A,Blush & Co,Makeup,Foundation,Others,Active,1419,14,16,,2,3133,BGR East,7,4,,50
2025-07,OUT0040,Sephora - Bhubaneswar 10,Sephora,MBO,Bhubaneswar,Odisha,East,SKU0011,Lumina Foundation B,Lumina,Makeup,Foundation,Top 10,Inactive,1889,44,51,,15,26622,BGR East,22,22,,47
2025-07,OUT0040,Sephora - Bhubaneswar 10,Sephora,MBO,Bhubaneswar,Odisha,East,SKU0014,Lumina Lipstick C,Lumina,Makeup,Lipstick,Top 25,Active,1729,21,24,,7,13599,BGR East,10,10,,53
2025-07,OUT0040,Sephora - Bhubaneswar 10,Sephora,MBO,Bhubaneswar,Odisha,East,SKU0015,Blush & Co Mascara A,Blush & Co,Makeup,Mascara,Top 25,Active,1219,32,29,,14,15581,BGR East,14,11,,53
2025-07,OUT0040,Sephora - Bhubaneswar 10,Sephora,MBO,Bhubaneswar,Odisha,East,SKU0016,Verde Mascara B,Verde,Makeup,Mascara,Top 25,Active,199,17,23,,10,1995,BGR East,21,16,,47
2025-07,OUT0040,Sephora - Bhubaneswar 10,Sephora,MBO,Bhubaneswar,Odisha,East,SKU0017,Lumina Mascara C,Lumina,Makeup,Mascara,Top 10,Active,529,0,0,,26,12785,BGR East,28,19,,48
2025-07,OUT0040,Sephora - Bhubaneswar 10,Sephora,MBO,Bhubaneswar,Odisha,East,SKU0020,Lumina Shampoo A,Lumina,Haircare,Shampoo,Top 10,Active,509,32,38,,13,8265,BGR East,20,19,,35
2025-07,OUT0040,Sephora - Bhubaneswar 10,Sephora,MBO,Bhubaneswar,Odisha,East,SKU0021,Verde Shampoo B,Verde,Haircare,Shampoo,Others,Active,1319,15,21,,2,2444,BGR East,8,8,,35
2025-07,OUT0040,Sephora - Bhubaneswar 10,Sephora,MBO,Bhubaneswar,Odisha,East,SKU0022,Northline Conditioner A,Northline,Haircare,Conditioner,Others,Active,779,12,15,,3,2158,BGR East,6,6,,34
2025-07,OUT0040,Sephora - Bhubaneswar 10,Sephora,MBO,Bhubaneswar,Odisha,East,SKU0023,Northline Conditioner B,Northline,Haircare,Conditioner,Others,Active,379,7,9,,0,0,BGR East,3,2,,32
2025-07,OUT0040,Sephora - Bhubaneswar 10,Sephora,MBO,Bhubaneswar,Odisha,East,SKU0027,Lumina EDP B,Lumina,Fragrance,EDP,Top 10,Active,529,29,27,,11,6355,BGR East,12,9,,57
2025-07,OUT0040,Sephora - Bhubaneswar 10,Sephora,MBO,Bhubaneswar,Odisha,East,SKU0029,Blush & Co EDT B,Blush & Co,Fragrance,EDT,Top 25,Active,479,16,26,,10,5101,BGR East,20,20,,53
2025-07,OUT0040,Sephora - Bhubaneswar 10,Sephora,MBO,Bhubaneswar,Odisha,East,SKU0030,Blush & Co EDT C,Blush & Co,Fragrance,EDT,Others,Active,779,17,17,,4,3212,BGR East,6,4,,55
2025-07,OUT0040,Sephora - Bhubaneswar 10,Sephora,MBO,Bhubaneswar,Odisha,East,SKU0031,Lumina Body Mist A,Lumina,Fragrance,Body Mist,Top 25,Active,2119,50,48,,13,29396,BGR East,16,11,,52
2025-07,OUT0040,Sephora - Bhubaneswar 10,Sephora,MBO,Bhubaneswar,Odisha,East,SKU0033,Northline Body Lotion A,Northline,Bath & Body,Body Lotion,Top 10,Active,1239,35,47,,23,25468,BGR East,37,35,,39
2025-07,OUT0040,Sephora - Bhubaneswar 10,Sephora,MBO,Bhubaneswar,Odisha,East,SKU0034,Northline Body Lotion B,Northline,Bath & Body,Body Lotion,Top 25,Active,989,24,31,,14,16686,BGR East,21,21,,38
2025-07,OUT0040,Sephora - Bhubaneswar 10,Sephora,MBO,Bhubaneswar,Odisha,East,SKU0036,Northline Body Wash B,Northline,Bath & Body,Body Wash,Others,Active,1179,6,6,,1,1361,BGR East,2,1,,37
2025-07,OUT0040,Sephora - Bhubaneswar 10,Sephora,MBO,Bhubaneswar,Odisha,East,SKU0037,Verde Body Wash C,Verde,Bath & Body,Body Wash,Top 25,Active,2239,4,8,,9,22277,BGR East,13,13,,43
2025-07,OUT0040,Sephora - Bhubaneswar 10,Sephora,MBO,Bhubaneswar,Odisha,East,SKU0039,Northline Hand Cream B,Northline,Bath & Body,Hand Cream,Others,Active,1189,11,13,,4,4943,BGR East,7,6,,42
2025-07,OUT0041,Renee EBO - Chennai 1,Renee EBO,EBO,Chennai,Tamil Nadu,South,SKU0001,Blush & Co Moisturizer A,Blush & Co,Skincare,Moisturizer,Others,Active,2319,3,0,,0,0,BGR South,1,0,,44
2025-07,OUT0041,Renee EBO - Chennai 1,Renee EBO,EBO,Chennai,Tamil Nadu,South,SKU0002,Verde Moisturizer B,Verde,Skincare,Moisturizer,Top 10,Active,1179,28,34,,7,8081,BGR South,15,13,,47
2025-07,OUT0041,Renee EBO - Chennai 1,Renee EBO,EBO,Chennai,Tamil Nadu,South,SKU0004,Northline Serum B,Northline,Skincare,Serum,Top 25,Active,2489,14,17,,2,4487,BGR South,5,5,,43
2025-07,OUT0041,Renee EBO - Chennai 1,Renee EBO,EBO,Chennai,Tamil Nadu,South,SKU0006,Blush & Co Cleanser A,Blush & Co,Skincare,Cleanser,Top 10,Active,289,32,34,,12,3417,BGR South,15,14,,48
2025-07,OUT0041,Renee EBO - Chennai 1,Renee EBO,EBO,Chennai,Tamil Nadu,South,SKU0007,Northline Cleanser B,Northline,Skincare,Cleanser,Others,Active,1809,3,5,,1,2104,BGR South,3,3,,45
2025-07,OUT0041,Renee EBO - Chennai 1,Renee EBO,EBO,Chennai,Tamil Nadu,South,SKU0008,Lumina Sunscreen A,Lumina,Skincare,Sunscreen,Others,Active,1599,5,7,,0,0,BGR South,2,2,,46
2025-07,OUT0041,Renee EBO - Chennai 1,Renee EBO,EBO,Chennai,Tamil Nadu,South,SKU0009,Blush & Co Sunscreen B,Blush & Co,Skincare,Sunscreen,Others,Inactive,1629,3,4,,1,1847,BGR South,3,2,,43
2025-07,OUT0041,Renee EBO - Chennai 1,Renee EBO,EBO,Chennai,Tamil Nadu,South,SKU0010,Blush & Co Foundation A,Blush & Co,Makeup,Foundation,Others,Active,1419,2,3,,1,1427,BGR South,4,2,,51
2025-07,OUT0041,Renee EBO - Chennai 1,Renee EBO,EBO,Chennai,Tamil Nadu,South,SKU0011,Lumina Foundation B,Lumina,Makeup,Foundation,Top 10,Inactive,1889,23,25,,6,10664,BGR South,12,8,,50
2025-07,OUT0041,Renee EBO - Chennai 1,Renee EBO,EBO,Chennai,Tamil Nadu,South,SKU0014,Lumina Lipstick C,Lumina,Makeup,Lipstick,Top 25,Active,1729,5,11,,2,3667,BGR South,8,8,,50
2025-07,OUT0041,Renee EBO - Chennai 1,Renee EBO,EBO,Chennai,Tamil Nadu,South,SKU0015,Blush & Co Mascara A,Blush & Co,Makeup,Mascara,Top 25,Active,1219,17,18,,3,3695,BGR South,4,4,,47
2025-07,OUT0041,Renee EBO - Chennai 1,Renee EBO,EBO,Chennai,Tamil Nadu,South,SKU0016,Verde Mascara B,Verde,Makeup,Mascara,Top 25,Active,199,12,13,,3,673,BGR South,6,4,,48
2025-07,OUT0041,Renee EBO - Chennai 1,Renee EBO,EBO,Chennai,Tamil Nadu,South,SKU0017,Lumina Mascara C,Lumina,Makeup,Mascara,Top 10,Active,529,18,26,,8,3954,BGR South,16,16,,52
2025-07,OUT0041,Renee EBO - Chennai 1,Renee EBO,EBO,Chennai,Tamil Nadu,South,SKU0018,Northline Eyeliner A,Northline,Makeup,Eyeliner,Others,Active,1959,0,5,,0,0,BGR South,5,5,,50
2025-07,OUT0041,Renee EBO - Chennai 1,Renee EBO,EBO,Chennai,Tamil Nadu,South,SKU0019,Northline Eyeliner B,Northline,Makeup,Eyeliner,Others,Active,1889,8,11,,0,0,BGR South,3,3,,53
2025-07,OUT0041,Renee EBO - Chennai 1,Renee EBO,EBO,Chennai,Tamil Nadu,South,SKU0020,Lumina Shampoo A,Lumina,Haircare,Shampoo,Top 10,Active,509,38,37,,5,2578,BGR South,5,4,,38
2025-07,OUT0041,Renee EBO - Chennai 1,Renee EBO,EBO,Chennai,Tamil Nadu,South,SKU0021,Verde Shampoo B,Verde,Haircare,Shampoo,Others,Active,1319,7,8,,1,1504,BGR South,3,2,,32
2025-07,OUT0041,Renee EBO - Chennai 1,Renee EBO,EBO,Chennai,Tamil Nadu,South,SKU0022,Northline Conditioner A,Northline,Haircare,Conditioner,Others,Active,779,0,1,,0,0,BGR South,2,1,,32
2025-07,OUT0041,Renee EBO - Chennai 1,Renee EBO,EBO,Chennai,Tamil Nadu,South,SKU0023,Northline Conditioner B,Northline,Haircare,Conditioner,Others,Active,379,3,3,,0,0,BGR South,0,0,,35
2025-07,OUT0041,Renee EBO - Chennai 1,Renee EBO,EBO,Chennai,Tamil Nadu,South,SKU0027,Lumina EDP B,Lumina,Fragrance,EDP,Top 10,Active,529,6,0,,7,3835,BGR South,11,10,,55
2025-07,OUT0041,Renee EBO - Chennai 1,Renee EBO,EBO,Chennai,Tamil Nadu,South,SKU0028,Northline EDT A,Northline,Fragrance,EDT,Top 25,Active,1109,15,15,,4,4279,BGR South,6,4,,54
2025-07,OUT0041,Renee EBO - Chennai 1,Renee EBO,EBO,Chennai,Tamil Nadu,South,SKU0030,Blush & Co EDT C,Blush & Co,Fragrance,EDT,Others,Active,779,1,6,,1,947,BGR South,7,6,,55
2025-07,OUT0041,Renee EBO - Chennai 1,Renee EBO,EBO,Chennai,Tamil Nadu,South,SKU0031,Lumina Body Mist A,Lumina,Fragrance,Body Mist,Top 25,Active,2119,19,22,,4,10604,BGR South,11,7,,53
2025-07,OUT0041,Renee EBO - Chennai 1,Renee EBO,EBO,Chennai,Tamil Nadu,South,SKU0032,Northline Body Mist B,Northline,Fragrance,Body Mist,Others,Inactive,2229,3,3,,1,2364,BGR South,2,1,,53
2025-07,OUT0041,Renee EBO - Chennai 1,Renee EBO,EBO,Chennai,Tamil Nadu,South,SKU0033,Northline Body Lotion A,Northline,Bath & Body,Body Lotion,Top 10,Active,1239,0,3,,11,13733,BGR South,14,14,,43
2025-07,OUT0041,Renee EBO - Chennai 1,Renee EBO,EBO,Chennai,Tamil Nadu,South,SKU0035,Northline Body Wash A,Northline,Bath & Body,Body Wash,Others,Active,469,6,9,,1,554,BGR South,6,4,,39
2025-07,OUT0041,Renee EBO - Chennai 1,Renee EBO,EBO,Chennai,Tamil Nadu,South,SKU0037,Verde Body Wash C,Verde,Bath & Body,Body Wash,Top 25,Active,2239,8,10,,2,5479,BGR South,5,4,,43
2025-07,OUT0041,Renee EBO - Chennai 1,Renee EBO,EBO,Chennai,Tamil Nadu,South,SKU0039,Northline Hand Cream B,Northline,Bath & Body,Hand Cream,Others,Active,1189,7,9,,1,1313,BGR South,3,3,,43
2025-07,OUT0042,Renee EBO - Ahmedabad 2,Renee EBO,EBO,Ahmedabad,Gujarat,West,SKU0001,Blush & Co Moisturizer A,Blush & Co,Skincare,Moisturizer,Others,Active,2319,8,11,,1,2145,BGR West,4,4,,48
2025-07,OUT0042,Renee EBO - Ahmedabad 2,Renee EBO,EBO,Ahmedabad,Gujarat,West,SKU0002,Verde Moisturizer B,Verde,Skincare,Moisturizer,Top 10,Active,1179,23,27,,9,9657,BGR West,14,13,,44
2025-07,OUT0042,Renee EBO - Ahmedabad 2,Renee EBO,EBO,Ahmedabad,Gujarat,West,SKU0003,Verde Serum A,Verde,Skincare,Serum,Top 25,Active,2419,29,36,,7,19646,BGR West,16,14,,42
2025-07,OUT0042,Renee EBO - Ahmedabad 2,Renee EBO,EBO,Ahmedabad,Gujarat,West,SKU0005,Northline Serum C,Northline,Skincare,Serum,Others,Inactive,1819,6,8,,1,1853,BGR West,3,3,,48
2025-07,OUT0042,Renee EBO - Ahmedabad 2,Renee EBO,EBO,Ahmedabad,Gujarat,West,SKU0006,Blush & Co Cleanser A,Blush & Co,Skincare,Cleanser,Top 10,Active,289,6,13,,11,3220,BGR West,19,18,,47
2025-07,OUT0042,Renee EBO - Ahmedabad 2,Renee EBO,EBO,Ahmedabad,Gujarat,West,SKU0007,Northline Cleanser B,Northline,Skincare,Cleanser,Others,Active,1809,7,10,,1,2094,BGR West,5,4,,42
2025-07,OUT0042,Renee EBO - Ahmedabad 2,Renee EBO,EBO,Ahmedabad,Gujarat,West,SKU0008,Lumina Sunscreen A,Lumina,Skincare,Sunscreen,Others,Active,1599,9,14,,0,0,BGR West,5,5,,48
2025-07,OUT0042,Renee EBO - Ahmedabad 2,Renee EBO,EBO,Ahmedabad,Gujarat,West,SKU0010,Blush & Co Foundation A,Blush & Co,Makeup,Foundation,Others,Active,1419,7,10,,1,1750,BGR West,6,4,,51
2025-07,OUT0042,Renee EBO - Ahmedabad 2,Renee EBO,EBO,Ahmedabad,Gujarat,West,SKU0011,Lumina Foundation B,Lumina,Makeup,Foundation,Top 10,Inactive,1889,23,22,,16,30440,BGR West,17,15,,49
2025-07,OUT0042,Renee EBO - Ahmedabad 2,Renee EBO,EBO,Ahmedabad,Gujarat,West,SKU0012,Northline Lipstick A,Northline,Makeup,Lipstick,Others,Active,2429,8,11,,1,2411,BGR West,4,4,,47
2025-07,OUT0042,Renee EBO - Ahmedabad 2,Renee EBO,EBO,Ahmedabad,Gujarat,West,SKU0014,Lumina Lipstick C,Lumina,Makeup,Lipstick,Top 25,Active,1729,16,17,,4,6517,BGR West,6,5,,47
2025-07,OUT0042,Renee EBO - Ahmedabad 2,Renee EBO,EBO,Ahmedabad,Gujarat,West,SKU0015,Blush & Co Mascara A,Blush & Co,Makeup,Mascara,Top 25,Active,1219,15,18,,5,6629,BGR West,10,8,,50
2025-07,OUT0042,Renee EBO - Ahmedabad 2,Renee EBO,EBO,Ahmedabad,Gujarat,West,SKU0017,Lumina Mascara C,Lumina,Makeup,Mascara,Top 10,Active,529,45,52,,9,5640,BGR West,16,16,,47
2025-07,OUT0042,Renee EBO - Ahmedabad 2,Renee EBO,EBO,Ahmedabad,Gujarat,West,SKU0020,Lumina Shampoo A,Lumina,Haircare,Shampoo,Top 10,Active,509,29,0,,7,3417,BGR West,8,8,,32
2025-07,OUT0042,Renee EBO - Ahmedabad 2,Renee EBO,EBO,Ahmedabad,Gujarat,West,SKU0021,Verde Shampoo B,Verde,Haircare,Shampoo,Others,Active,1319,13,15,,1,1364,BGR West,4,3,,37
2025-07,OUT0042,Renee EBO - Ahmedabad 2,Renee EBO,EBO,Ahmedabad,Gujarat,West,SKU0022,Northline Conditioner A,Northline,Haircare,Conditioner,Others,Active,779,9,11,,2,1490,BGR West,4,4,,37
2025-07,OUT0042,Renee EBO - Ahmedabad 2,Renee EBO,EBO,Ahmedabad,Gujarat,West,SKU0023,Northline Conditioner B,Northline,Haircare,Conditioner,Others,Active,379,8,9,,0,0,BGR West,2,1,,33
2025-07,OUT0042,Renee EBO - Ahmedabad 2,Renee EBO,EBO,Ahmedabad,Gujarat,West,SKU0027,Lumina EDP B,Lumina,Fragrance,EDP,Top 10,Active,529,32,35,,9,5024,BGR West,12,12,,57
2025-07,OUT0042,Renee EBO - Ahmedabad 2,Renee EBO,EBO,Ahmedabad,Gujarat,West,SKU0028,Northline EDT A,Northline,Fragrance,EDT,Top 25,Active,1109,0,1,,5,6044,BGR West,8,6,,53
2025-07,OUT0042,Renee EBO - Ahmedabad 2,Renee EBO,EBO,Ahmedabad,Gujarat,West,SKU0029,Blush & Co EDT B,Blush & Co,Fragrance,EDT,Top 25,Active,479,0,2,,3,1803,BGR West,8,5,,53
2025-07,OUT0042,Renee EBO - Ahmedabad 2,Renee EBO,EBO,Ahmedabad,Gujarat,West,SKU0033,Northline Body Lotion A,Northline,Bath & Body,Body Lotion,Top 10,Active,1239,25,40,,15,20605,BGR West,30,30,,37
2025-07,OUT0042,Renee EBO - Ahmedabad 2,Renee EBO,EBO,Ahmedabad,Gujarat,West,SKU0035,Northline Body Wash A,Northline,Bath & Body,Body Wash,Others,Active,469,6,9,,0,0,BGR West,3,3,,39
2025-07,OUT0042,Renee EBO - Ahmedabad 2,Renee EBO,EBO,Ahmedabad,Gujarat,West,SKU0036,Northline Body Wash B,Northline,Bath & Body,Body Wash,Others,Active,1179,4,8,,0,0,BGR West,4,4,,41
2025-07,OUT0042,Renee EBO - Ahmedabad 2,Renee EBO,EBO,Ahmedabad,Gujarat,West,SKU0037,Verde Body Wash C,Verde,Bath & Body,Body Wash,Top 25,Active,2239,17,20,,4,10694,BGR West,7,7,,40
2025-07,OUT0042,Renee EBO - Ahmedabad 2,Renee EBO,EBO,Ahmedabad,Gujarat,West,SKU0038,Blush & Co Hand Cream A,Blush & Co,Bath & Body,Hand Cream,Others,Active,489,9,12,,3,1457,BGR West,6,6,,40
2025-07,OUT0043,Renee EBO - Ludhiana 3,Renee EBO,EBO,Ludhiana,Punjab,North,SKU0002,Verde Moisturizer B,Verde,Skincare,Moisturizer,Top 10,Active,1179,29,28,,11,13462,BGR North,10,10,,48
2025-07,OUT0043,Renee EBO - Ludhiana 3,Renee EBO,EBO,Ludhiana,Punjab,North,SKU0003,Verde Serum A,Verde,Skincare,Serum,Top 25,Active,2419,40,41,,5,12279,BGR North,6,6,,44
2025-07,OUT0043,Renee EBO - Ludhiana 3,Renee EBO,EBO,Ludhiana,Punjab,North,SKU0004,Northline Serum B,Northline,Skincare,Serum,Top 25,Active,2489,24,27,,5,11431,BGR North,8,8,,43
2025-07,OUT0043,Renee EBO - Ludhiana 3,Renee EBO,EBO,Ludhiana,Punjab,North,SKU0006,Blush & Co Cleanser A,Blush & Co,Skincare,Cleanser,Top 10,Active,289,38,38,,18,4922,BGR North,27,18,,48
2025-07,OUT0043,Renee EBO - Ludhiana 3,Renee EBO,EBO,Ludhiana,Punjab,North,SKU0010,Blush & Co Foundation A,Blush & Co,Makeup,Foundation,Others,Active,1419,8,10,,2,2892,BGR North,5,4,,48
2025-07,OUT0043,Renee EBO - Ludhiana 3,Renee EBO,EBO,Ludhiana,Punjab,North,SKU0013,Northline Lipstick B,Northline,Makeup,Lipstick,Others,Active,2469,5,5,,0,0,BGR North,1,0,,48
2025-07,OUT0043,Renee EBO - Ludhiana 3,Renee EBO,EBO,Ludhiana,Punjab,North,SKU0014,Lumina Lipstick C,Lumina,Makeup,Lipstick,Top 25,Active,1729,26,25,,6,12047,BGR North,7,5,,51
2025-07,OUT0043,Renee EBO - Ludhiana 3,Renee EBO,EBO,Ludhiana,Punjab,North,SKU0015,Blush & Co Mascara A,Blush & Co,Makeup,Mascara,Top 25,Active,1219,24,24,,12,14351,BGR North,13,12,,53
2025-07,OUT0043,Renee EBO - Ludhiana 3,Renee EBO,EBO,Ludhiana,Punjab,North,SKU0017,Lumina Mascara C,Lumina,Makeup,Mascara,Top 10,Active,529,48,68,,28,15228,BGR North,48,48,,53
2025-07,OUT0043,Renee EBO - Ludhiana 3,Renee EBO,EBO,Ludhiana,Punjab,North,SKU0018,Northline Eyeliner A,Northline,Makeup,Eyeliner,Others,Active,1959,8,11,,0,0,BGR North,4,3,,47
2025-07,OUT0043,Renee EBO - Ludhiana 3,Renee EBO,EBO,Ludhiana,Punjab,North,SKU0020,Lumina Shampoo A,Lumina,Haircare,Shampoo,Top 10,Active,509,39,48,,13,7345,BGR North,22,22,,36
2025-07,OUT0043,Renee EBO - Ludhiana 3,Renee EBO,EBO,Ludhiana,Punjab,North,SKU0022,Northline Conditioner A,Northline,Haircare,Conditioner,Others,Active,779,8,7,,2,1729,BGR North,2,1,,32
2025-07,OUT0043,Renee EBO - Ludhiana 3,Renee EBO,EBO,Ludhiana,Punjab,North,SKU0027,Lumina EDP B,Lumina,Fragrance,EDP,Top 10,Active,529,47,48,,10,6616,BGR North,12,11,,53
2025-07,OUT0043,Renee EBO - Ludhiana 3,Renee EBO,EBO,Ludhiana,Punjab,North,SKU0029,Blush & Co EDT B,Blush & Co,Fragrance,EDT,Top 25,Active,479,22,24,,2,1060,BGR North,4,4,,54
2025-07,OUT0043,Renee EBO - Ludhiana 3,Renee EBO,EBO,Ludhiana,Punjab,North,SKU0030,Blush & Co EDT C,Blush & Co,Fragrance,EDT,Others,Active,779,2,7,,2,1771,BGR North,7,7,,52
2025-07,OUT0043,Renee EBO - Ludhiana 3,Renee EBO,EBO,Ludhiana,Punjab,North,SKU0032,Northline Body Mist B,Northline,Fragrance,Body Mist,Others,Inactive,2229,8,0,,2,4101,BGR North,4,3,,52
2025-07,OUT0043,Renee EBO - Ludhiana 3,Renee EBO,EBO,Ludhiana,Punjab,North,SKU0033,Northline Body Lotion A,Northline,Bath & Body,Body Lotion,Top 10,Active,1239,46,50,,14,21220,BGR North,21,18,,42
2025-07,OUT0043,Renee EBO - Ludhiana 3,Renee EBO,EBO,Ludhiana,Punjab,North,SKU0036,Northline Body Wash B,Northline,Bath & Body,Body Wash,Others,Active,1179,5,8,,0,0,BGR North,4,3,,41
2025-07,OUT0043,Renee EBO - Ludhiana 3,Renee EBO,EBO,Ludhiana,Punjab,North,SKU0037,Verde Body Wash C,Verde,Bath & Body,Body Wash,Top 25,Active,2239,10,17,,5,10574,BGR North,12,12,,37
2025-07,OUT0043,Renee EBO - Ludhiana 3,Renee EBO,EBO,Ludhiana,Punjab,North,SKU0038,Blush & Co Hand Cream A,Blush & Co,Bath & Body,Hand Cream,Others,Active,489,5,8,,2,941,BGR North,7,5,,39
2025-07,OUT0043,Renee EBO - Ludhiana 3,Renee EBO,EBO,Ludhiana,Punjab,North,SKU0039,Northline Hand Cream B,Northline,Bath & Body,Hand Cream,Others,Active,1189,1,0,,1,1243,BGR North,5,4,,41
2025-07,OUT0044,Renee EBO - Chandigarh 4,Renee EBO,EBO,Chandigarh,Punjab,North,SKU0002,Verde Moisturizer B,Verde,Skincare,Moisturizer,Top 10,Active,1179,23,24,,6,7675,BGR North,11,7,,43
2025-07,OUT0044,Renee EBO - Chandigarh 4,Renee EBO,EBO,Chandigarh,Punjab,North,SKU0003,Verde Serum A,Verde,Skincare,Serum,Top 25,Active,2419,19,20,,8,23147,BGR North,14,9,,43
2025-07,OUT0044,Renee EBO - Chandigarh 4,Renee EBO,EBO,Chandigarh,Punjab,North,SKU0005,Northline Serum C,Northline,Skincare,Serum,Others,Inactive,1819,3,0,,0,0,BGR North,3,2,,45
2025-07,OUT0044,Renee EBO - Chandigarh 4,Renee EBO,EBO,Chandigarh,Punjab,North,SKU0006,Blush & Co Cleanser A,Blush & Co,Skincare,Cleanser,Top 10,Active,289,50,50,,14,3824,BGR North,21,14,,46
2025-07,OUT0044,Renee EBO - Chandigarh 4,Renee EBO,EBO,Chandigarh,Punjab,North,SKU0010,Blush & Co Foundation A,Blush & Co,Makeup,Foundation,Others,Active,1419,6,9,,3,4590,BGR North,9,6,,49
2025-07,OUT0044,Renee EBO - Chandigarh 4,Renee EBO,EBO,Chandigarh,Punjab,North,SKU0011,Lumina Foundation B,Lumina,Makeup,Foundation,Top 10,Inactive,1889,10,14,,8,14058,BGR North,13,12,,51
2025-07,OUT0044,Renee EBO - Chandigarh 4,Renee EBO,EBO,Chandigarh,Punjab,North,SKU0015,Blush & Co Mascara A,Blush & Co,Makeup,Mascara,Top 25,Active,1219,25,25,,5,6233,BGR North,5,5,,53
2025-07,OUT0044,Renee EBO - Chandigarh 4,Renee EBO,EBO,Chandigarh,Punjab,North,SKU0016,Verde Mascara B,Verde,Makeup,Mascara,Top 25,Active,199,15,19,,4,724,BGR North,9,8,,52
2025-07,OUT0044,Renee EBO - Chandigarh 4,Renee EBO,EBO,Chandigarh,Punjab,North,SKU0017,Lumina Mascara C,Lumina,Makeup,Mascara,Top 10,Active,529,33,29,,14,8702,BGR North,13,10,,50
2025-07,OUT0044,Renee EBO - Chandigarh 4,Renee EBO,EBO,Chandigarh,Punjab,North,SKU0019,Northline Eyeliner B,Northline,Makeup,Eyeliner,Others,Active,1889,7,10,,0,0,BGR North,4,3,,51
2025-07,OUT0044,Renee EBO - Chandigarh 4,Renee EBO,EBO,Chandigarh,Punjab,North,SKU0020,Lumina Shampoo A,Lumina,Haircare,Shampoo,Top 10,Active,509,1,2,,7,3257,BGR North,11,8,,33
2025-07,OUT0044,Renee EBO - Chandigarh 4,Renee EBO,EBO,Chandigarh,Punjab,North,SKU0021,Verde Shampoo B,Verde,Haircare,Shampoo,Others,Active,1319,0,1,,2,2636,BGR North,4,3,,38
2025-07,OUT0044,Renee EBO - Chandigarh 4,Renee EBO,EBO,Chandigarh,Punjab,North,SKU0022,Northline Conditioner A,Northline,Haircare,Conditioner,Others,Active,779,8,12,,1,913,BGR North,5,5,,32
2025-07,OUT0044,Renee EBO - Chandigarh 4,Renee EBO,EBO,Chandigarh,Punjab,North,SKU0023,Northline Conditioner B,Northline,Haircare,Conditioner,Others,Active,379,4,5,,0,0,BGR North,2,1,,37
2025-07,OUT0044,Renee EBO - Chandigarh 4,Renee EBO,EBO,Chandigarh,Punjab,North,SKU0027,Lumina EDP B,Lumina,Fragrance,EDP,Top 10,Active,529,0,13,,14,8159,BGR North,27,27,,57
2025-07,OUT0044,Renee EBO - Chandigarh 4,Renee EBO,EBO,Chandigarh,Punjab,North,SKU0028,Northline EDT A,Northline,Fragrance,EDT,Top 25,Active,1109,17,0,,7,9489,BGR North,11,9,,54
2025-07,OUT0044,Renee EBO - Chandigarh 4,Renee EBO,EBO,Chandigarh,Punjab,North,SKU0029,Blush & Co EDT B,Blush & Co,Fragrance,EDT,Top 25,Active,479,3,0,,5,2394,BGR North,14,12,,58
2025-07,OUT0044,Renee EBO - Chandigarh 4,Renee EBO,EBO,Chandigarh,Punjab,North,SKU0031,Lumina Body Mist A,Lumina,Fragrance,Body Mist,Top 25,Active,2119,26,29,,5,12838,BGR North,11,8,,55
2025-07,OUT0044,Renee EBO - Chandigarh 4,Renee EBO,EBO,Chandigarh,Punjab,North,SKU0033,Northline Body Lotion A,Northline,Bath & Body,Body Lotion,Top 10,Active,1239,25,22,,18,27784,BGR North,16,15,,37
2025-07,OUT0044,Renee EBO - Chandigarh 4,Renee EBO,EBO,Chandigarh,Punjab,North,SKU0034,Northline Body Lotion B,Northline,Bath & Body,Body Lotion,Top 25,Active,989,16,19,,5,5347,BGR North,12,8,,42
2025-07,OUT0044,Renee EBO - Chandigarh 4,Renee EBO,EBO,Chandigarh,Punjab,North,SKU0037,Verde Body Wash C,Verde,Bath & Body,Body Wash,Top 25,Active,2239,13,15,,3,6770,BGR North,6,5,,39
2025-07,OUT0044,Renee EBO - Chandigarh 4,Renee EBO,EBO,Chandigarh,Punjab,North,SKU0038,Blush & Co Hand Cream A,Blush & Co,Bath & Body,Hand Cream,Others,Active,489,0,1,,1,605,BGR North,4,2,,43
2025-07,OUT0045,Renee EBO - Mysore 5,Renee EBO,EBO,Mysore,Karnataka,South,SKU0002,Verde Moisturizer B,Verde,Skincare,Moisturizer,Top 10,Active,1179,34,33,,31,34916,BGR South,30,30,,46
2025-07,OUT0045,Renee EBO - Mysore 5,Renee EBO,EBO,Mysore,Karnataka,South,SKU0003,Verde Serum A,Verde,Skincare,Serum,Top 25,Active,2419,29,35,,7,21080,BGR South,13,13,,44
2025-07,OUT0045,Renee EBO - Mysore 5,Renee EBO,EBO,Mysore,Karnataka,South,SKU0005,Northline Serum C,Northline,Skincare,Serum,Others,Inactive,1819,9,10,,0,0,BGR South,2,1,,46
2025-07,OUT0045,Renee EBO - Mysore 5,Renee EBO,EBO,Mysore,Karnataka,South,SKU0006,Blush & Co Cleanser A,Blush & Co,Skincare,Cleanser,Top 10,Active,289,0,81,,12,3743,BGR South,25,25,,47
2025-07,OUT0045,Renee EBO - Mysore 5,Renee EBO,EBO,Mysore,Karnataka,South,SKU0011,Lumina Foundation B,Lumina,Makeup,Foundation,Top 10,Inactive,1889,26,89,,11,23167,BGR South,14,14,,48
2025-07,OUT0045,Renee EBO - Mysore 5,Renee EBO,EBO,Mysore,Karnataka,South,SKU0014,Lumina Lipstick C,Lumina,Makeup,Lipstick,Top 25,Active,1729,6,0,,4,7983,BGR South,7,6,,47
2025-07,OUT0045,Renee EBO - Mysore 5,Renee EBO,EBO,Mysore,Karnataka,South,SKU0015,Blush & Co Mascara A,Blush & Co,Makeup,Mascara,Top 25,Active,1219,10,14,,7,8328,BGR South,14,11,,48
2025-07,OUT0045,Renee EBO - Mysore 5,Renee EBO,EBO,Mysore,Karnataka,South,SKU0017,Lumina Mascara C,Lumina,Makeup,Mascara,Top 10,Active,529,39,0,,9,5472,BGR South,10,10,,47
2025-07,OUT0045,Renee EBO - Mysore 5,Renee EBO,EBO,Mysore,Karnataka,South,SKU0019,Northline Eyeliner B,Northline,Makeup,Eyeliner,Others,Active,1889,11,16,,1,1948,BGR South,6,6,,47
2025-07,OUT0045,Renee EBO - Mysore 5,Renee EBO,EBO,Mysore,Karnataka,South,SKU0020,Lumina Shampoo A,Lumina,Haircare,Shampoo,Top 10,Active,509,0,0,,7,4113,BGR South,14,13,,34
2025-07,OUT0045,Renee EBO - Mysore 5,Renee EBO,EBO,Mysore,Karnataka,South,SKU0023,Northline Conditioner B,Northline,Haircare,Conditioner,Others,Active,379,0,1,,0,0,BGR South,2,1,,33
2025-07,OUT0045,Renee EBO - Mysore 5,Renee EBO,EBO,Mysore,Karnataka,South,SKU0027,Lumina EDP B,Lumina,Fragrance,EDP,Top 10,Active,529,28,38,,8,3899,BGR South,19,18,,53
2025-07,OUT0045,Renee EBO - Mysore 5,Renee EBO,EBO,Mysore,Karnataka,South,SKU0028,Northline EDT A,Northline,Fragrance,EDT,Top 25,Active,1109,9,13,,7,8104,BGR South,14,11,,57
2025-07,OUT0045,Renee EBO - Mysore 5,Renee EBO,EBO,Mysore,Karnataka,South,SKU0029,Blush & Co EDT B,Blush & Co,Fragrance,EDT,Top 25,Active,479,11,11,,3,1680,BGR South,3,3,,54
2025-07,OUT0045,Renee EBO - Mysore 5,Renee EBO,EBO,Mysore,Karnataka,South,SKU0033,Northline Body Lotion A,Northline,Bath & Body,Body Lotion,Top 10,Active,1239,41,42,,11,13442,BGR South,13,12,,38
2025-07,OUT0045,Renee EBO - Mysore 5,Renee EBO,EBO,Mysore,Karnataka,South,SKU0034,Northline Body Lotion B,Northline,Bath & Body,Body Lotion,Top 25,Active,989,10,9,,4,3977,BGR South,5,3,,38
2025-07,OUT0045,Renee EBO - Mysore 5,Renee EBO,EBO,Mysore,Karnataka,South,SKU0035,Northline Body Wash A,Northline,Bath & Body,Body Wash,Others,Active,469,6,8,,1,421,BGR South,5,3,,38
2025-07,OUT0045,Renee EBO - Mysore 5,Renee EBO,EBO,Mysore,Karnataka,South,SKU0039,Northline Hand Cream B,Northline,Bath & Body,Hand Cream,Others,Active,1189,8,7,,2,2512,BGR South,2,1,,40
2025-07,OUT0046,Renee EBO - Lucknow 6,Renee EBO,EBO,Lucknow,UP,North,SKU0001,Blush & Co Moisturizer A,Blush & Co,Skincare,Moisturizer,Others,Active,2319,8,9,,0,0,BGR North,2,1,,42
2025-07,OUT0046,Renee EBO - Lucknow 6,Renee EBO,EBO,Lucknow,UP,North,SKU0004,Northline Serum B,Northline,Skincare,Serum,Top 25,Active,2489,10,15,,3,8849,BGR North,9,8,,44
2025-07,OUT0046,Renee EBO - Lucknow 6,Renee EBO,EBO,Lucknow,UP,North,SKU0005,Northline Serum C,Northline,Skincare,Serum,Others,Inactive,1819,4,0,,0,0,BGR North,2,1,,47
2025-07,OUT0046,Renee EBO - Lucknow 6,Renee EBO,EBO,Lucknow,UP,North,SKU0006,Blush & Co Cleanser A,Blush & Co,Skincare,Cleanser,Top 10,Active,289,15,18,,12,4253,BGR North,16,15,,47
2025-07,OUT0046,Renee EBO - Lucknow 6,Renee EBO,EBO,Lucknow,UP,North,SKU0008,Lumina Sunscreen A,Lumina,Skincare,Sunscreen,Others,Active,1599,1,3,,0,0,BGR North,3,2,,46
2025-07,OUT0046,Renee EBO - Lucknow 6,Renee EBO,EBO,Lucknow,UP,North,SKU0009,Blush & Co Sunscreen B,Blush & Co,Skincare,Sunscreen,Others,Inactive,1629,4,8,,0,0,BGR North,4,4,,45
2025-07,OUT0046,Renee EBO - Lucknow 6,Renee EBO,EBO,Lucknow,UP,North,SKU0011,Lumina Foundation B,Lumina,Makeup,Foundation,Top 10,Inactive,1889,20,23,,4,9408,BGR North,7,7,,53
2025-07,OUT0046,Renee EBO - Lucknow 6,Renee EBO,EBO,Lucknow,UP,North,SKU0012,Northline Lipstick A,Northline,Makeup,Lipstick,Others,Active,2429,1,3,,0,0,BGR North,2,2,,47
2025-07,OUT0046,Renee EBO - Lucknow 6,Renee EBO,EBO,Lucknow,UP,North,SKU0013,Northline Lipstick B,Northline,Makeup,Lipstick,Others,Active,2469,1,1,,0,0,BGR North,1,0,,48
2025-07,OUT0046,Renee EBO - Lucknow 6,Renee EBO,EBO,Lucknow,UP,North,SKU0014,Lumina Lipstick C,Lumina,Makeup,Lipstick,Top 25,Active,1729,16,19,,2,3419,BGR North,6,5,,48
2025-07,OUT0046,Renee EBO - Lucknow 6,Renee EBO,EBO,Lucknow,UP,North,SKU0015,Blush & Co Mascara A,Blush & Co,Makeup,Mascara,Top 25,Active,1219,2,9,,4,4922,BGR North,11,11,,49
2025-07,OUT0046,Renee EBO - Lucknow 6,Renee EBO,EBO,Lucknow,UP,North,SKU0016,Verde Mascara B,Verde,Makeup,Mascara,Top 25,Active,199,0,4,,3,674,BGR North,9,7,,51
2025-07,OUT0046,Renee EBO - Lucknow 6,Renee EBO,EBO,Lucknow,UP,North,SKU0017,Lumina Mascara C,Lumina,Makeup,Mascara,Top 10,Active,529,25,25,,6,3762,BGR North,7,6,,49
2025-07,OUT0046,Renee EBO - Lucknow 6,Renee EBO,EBO,Lucknow,UP,North,SKU0018,Northline Eyeliner A,Northline,Makeup,Eyeliner,Others,Active,1959,5,7,,0,0,BGR North,3,2,,49
2025-07,OUT0046,Renee EBO - Lucknow 6,Renee EBO,EBO,Lucknow,UP,North,SKU0020,Lumina Shampoo A,Lumina,Haircare,Shampoo,Top 10,Active,509,31,32,,7,4248,BGR North,9,8,,35
2025-07,OUT0046,Renee EBO - Lucknow 6,Renee EBO,EBO,Lucknow,UP,North,SKU0022,Northline Conditioner A,Northline,Haircare,Conditioner,Others,Active,779,3,7,,0,0,BGR North,5,4,,38
2025-07,OUT0046,Renee EBO - Lucknow 6,Renee EBO,EBO,Lucknow,UP,North,SKU0027,Lumina EDP B,Lumina,Fragrance,EDP,Top 10,Active,529,26,31,,7,4191,BGR North,12,12,,56
2025-07,OUT0046,Renee EBO - Lucknow 6,Renee EBO,EBO,Lucknow,UP,North,SKU0028,Northline EDT A,Northline,Fragrance,EDT,Top 25,Active,1109,12,15,,4,4058,BGR North,7,7,,57
2025-07,OUT0046,Renee EBO - Lucknow 6,Renee EBO,EBO,Lucknow,UP,North,SKU0029,Blush & Co EDT B,Blush & Co,Fragrance,EDT,Top 25,Active,479,14,17,,2,1189,BGR North,5,5,,53
2025-07,OUT0046,Renee EBO - Lucknow 6,Renee EBO,EBO,Lucknow,UP,North,SKU0030,Blush & Co EDT C,Blush & Co,Fragrance,EDT,Others,Active,779,6,9,,1,857,BGR North,4,4,,56
2025-07,OUT0046,Renee EBO - Lucknow 6,Renee EBO,EBO,Lucknow,UP,North,SKU0031,Lumina Body Mist A,Lumina,Fragrance,Body Mist,Top 25,Active,2119,8,12,,4,8224,BGR North,8,8,,52
2025-07,OUT0046,Renee EBO - Lucknow 6,Renee EBO,EBO,Lucknow,UP,North,SKU0033,Northline Body Lotion A,Northline,Bath & Body,Body Lotion,Top 10,Active,1239,15,22,,12,14293,BGR North,19,19,,37
2025-07,OUT0046,Renee EBO - Lucknow 6,Renee EBO,EBO,Lucknow,UP,North,SKU0034,Northline Body Lotion B,Northline,Bath & Body,Body Lotion,Top 25,Active,989,3,5,,3,2792,BGR North,6,5,,43
2025-07,OUT0046,Renee EBO - Lucknow 6,Renee EBO,EBO,Lucknow,UP,North,SKU0037,Verde Body Wash C,Verde,Bath & Body,Body Wash,Top 25,Active,2239,7,8,,2,5236,BGR North,3,3,,43
2025-07,OUT0046,Renee EBO - Lucknow 6,Renee EBO,EBO,Lucknow,UP,North,SKU0038,Blush & Co Hand Cream A,Blush & Co,Bath & Body,Hand Cream,Others,Active,489,4,7,,1,584,BGR North,5,4,,43
2025-07,OUT0047,Renee EBO - Ahmedabad 7,Renee EBO,EBO,Ahmedabad,Gujarat,West,SKU0001,Blush & Co Moisturizer A,Blush & Co,Skincare,Moisturizer,Others,Active,2319,3,0,,1,2723,BGR West,3,2,,42
2025-07,OUT0047,Renee EBO - Ahmedabad 7,Renee EBO,EBO,Ahmedabad,Gujarat,West,SKU0002,Verde Moisturizer B,Verde,Skincare,Moisturizer,Top 10,Active,1179,5,3,,9,11253,BGR West,8,7,,47
2025-07,OUT0047,Renee EBO - Ahmedabad 7,Renee EBO,EBO,Ahmedabad,Gujarat,West,SKU0003,Verde Serum A,Verde,Skincare,Serum,Top 25,Active,2419,7,18,,8,20011,BGR West,19,19,,43
2025-07,OUT0047,Renee EBO - Ahmedabad 7,Renee EBO,EBO,Ahmedabad,Gujarat,West,SKU0005,Northline Serum C,Northline,Skincare,Serum,Others,Inactive,1819,8,0,,1,1920,BGR West,1,0,,48
2025-07,OUT0047,Renee EBO - Ahmedabad 7,Renee EBO,EBO,Ahmedabad,Gujarat,West,SKU0006,Blush & Co Cleanser A,Blush & Co,Skincare,Cleanser,Top 10,Active,289,41,42,,15,5249,BGR West,18,16,,44
2025-07,OUT0047,Renee EBO - Ahmedabad 7,Renee EBO,EBO,Ahmedabad,Gujarat,West,SKU0007,Northline Cleanser B,Northline,Skincare,Cleanser,Others,Active,1809,2,5,,2,3592,BGR West,5,5,,45
2025-07,OUT0047,Renee EBO - Ahmedabad 7,Renee EBO,EBO,Ahmedabad,Gujarat,West,SKU0009,Blush & Co Sunscreen B,Blush & Co,Skincare,Sunscreen,Others,Inactive,1629,11,11,,2,3093,BGR West,3,2,,44
2025-07,OUT0047,Renee EBO - Ahmedabad 7,Renee EBO,EBO,Ahmedabad,Gujarat,West,SKU0010,Blush & Co Foundation A,Blush & Co,Makeup,Foundation,Others,Active,1419,9,12,,1,1322,BGR West,4,4,,51
2025-07,OUT0047,Renee EBO - Ahmedabad 7,Renee EBO,EBO,Ahmedabad,Gujarat,West,SKU0011,Lumina Foundation B,Lumina,Makeup,Foundation,Top 10,Inactive,1889,37,34,,15,29403,BGR West,14,12,,47
2025-07,OUT0047,Renee EBO - Ahmedabad 7,Renee EBO,EBO,Ahmedabad,Gujarat,West,SKU0012,Northline Lipstick A,Northline,Makeup,Lipstick,Others,Active,2429,0,1,,0,0,BGR West,2,1,,53
2025-07,OUT0047,Renee EBO - Ahmedabad 7,Renee EBO,EBO,Ahmedabad,Gujarat,West,SKU0014,Lumina Lipstick C,Lumina,Makeup,Lipstick,Top 25,Active,1729,30,34,,0,0,BGR West,4,4,,49
2025-07,OUT0047,Renee EBO - Ahmedabad 7,Renee EBO,EBO,Ahmedabad,Gujarat,West,SKU0015,Blush & Co Mascara A,Blush & Co,Makeup,Mascara,Top 25,Active,1219,29,32,,8,12211,BGR West,13,11,,53
2025-07,OUT0047,Renee EBO - Ahmedabad 7,Renee EBO,EBO,Ahmedabad,Gujarat,West,SKU0017,Lumina Mascara C,Lumina,Makeup,Mascara,Top 10,Active,529,0,0,,16,10532,BGR West,22,15,,51
2025-07,OUT0047,Renee EBO - Ahmedabad 7,Renee EBO,EBO,Ahmedabad,Gujarat,West,SKU0019,Northline Eyeliner B,Northline,Makeup,Eyeliner,Others,Active,1889,9,12,,1,1769,BGR West,4,4,,47
2025-07,OUT0047,Renee EBO - Ahmedabad 7,Renee EBO,EBO,Ahmedabad,Gujarat,West,SKU0020,Lumina Shampoo A,Lumina,Haircare,Shampoo,Top 10,Active,509,8,13,,14,8956,BGR West,21,19,,36
2025-07,OUT0047,Renee EBO - Ahmedabad 7,Renee EBO,EBO,Ahmedabad,Gujarat,West,SKU0021,Verde Shampoo B,Verde,Haircare,Shampoo,Others,Active,1319,7,8,,1,1297,BGR West,2,2,,36
2025-07,OUT0047,Renee EBO - Ahmedabad 7,Renee EBO,EBO,Ahmedabad,Gujarat,West,SKU0027,Lumina EDP B,Lumina,Fragrance,EDP,Top 10,Active,529,25,34,,13,7365,BGR West,25,22,,56
2025-07,OUT0047,Renee EBO - Ahmedabad 7,Renee EBO,EBO,Ahmedabad,Gujarat,West,SKU0028,Northline EDT A,Northline,Fragrance,EDT,Top 25,Active,1109,28,29,,5,6126,BGR West,9,6,,52
2025-07,OUT0047,Renee EBO - Ahmedabad 7,Renee EBO,EBO,Ahmedabad,Gujarat,West,SKU0029,Blush & Co EDT B,Blush & Co,Fragrance,EDT,Top 25,Active,479,16,17,,4,1734,BGR West,8,5,,55
2025-07,OUT0047,Renee EBO - Ahmedabad 7,Renee EBO,EBO,Ahmedabad,Gujarat,West,SKU0031,Lumina Body Mist A,Lumina,Fragrance,Body Mist,Top 25,Active,2119,9,10,,7,14784,BGR West,8,8,,56
2025-07,OUT0047,Renee EBO - Ahmedabad 7,Renee EBO,EBO,Ahmedabad,Gujarat,West,SKU0033,Northline Body Lotion A,Northline,Bath & Body,Body Lotion,Top 10,Active,1239,34,43,,13,17811,BGR West,22,22,,39
2025-07,OUT0047,Renee EBO - Ahmedabad 7,Renee EBO,EBO,Ahmedabad,Gujarat,West,SKU0034,Northline Body Lotion B,Northline,Bath & Body,Body Lotion,Top 25,Active,989,45,49,,8,9674,BGR West,16,12,,42
2025-07,OUT0047,Renee EBO - Ahmedabad 7,Renee EBO,EBO,Ahmedabad,Gujarat,West,SKU0036,Northline Body Wash B,Northline,Bath & Body,Body Wash,Others,Active,1179,9,9,,1,1306,BGR West,1,1,,42
2025-07,OUT0047,Renee EBO - Ahmedabad 7,Renee EBO,EBO,Ahmedabad,Gujarat,West,SKU0037,Verde Body Wash C,Verde,Bath & Body,Body Wash,Top 25,Active,2239,10,13,,5,11882,BGR West,9,8,,40
2025-07,OUT0047,Renee EBO - Ahmedabad 7,Renee EBO,EBO,Ahmedabad,Gujarat,West,SKU0038,Blush & Co Hand Cream A,Blush & Co,Bath & Body,Hand Cream,Others,Active,489,5,5,,2,1016,BGR West,3,2,,37
2025-07,OUT0047,Renee EBO - Ahmedabad 7,Renee EBO,EBO,Ahmedabad,Gujarat,West,SKU0039,Northline Hand Cream B,Northline,Bath & Body,Hand Cream,Others,Active,1189,8,17,,8,9306,BGR West,17,17,,38
2025-07,OUT0048,Renee EBO - Bhubaneswar 8,Renee EBO,EBO,Bhubaneswar,Odisha,East,SKU0002,Verde Moisturizer B,Verde,Skincare,Moisturizer,Top 10,Active,1179,20,0,,9,11032,BGR East,15,12,,46
2025-07,OUT0048,Renee EBO - Bhubaneswar 8,Renee EBO,EBO,Bhubaneswar,Odisha,East,SKU0004,Northline Serum B,Northline,Skincare,Serum,Top 25,Active,2489,21,27,,4,9418,BGR East,10,10,,44
2025-07,OUT0048,Renee EBO - Bhubaneswar 8,Renee EBO,EBO,Bhubaneswar,Odisha,East,SKU0005,Northline Serum C,Northline,Skincare,Serum,Others,Inactive,1819,5,4,,3,5077,BGR East,3,2,,43
2025-07,OUT0048,Renee EBO - Bhubaneswar 8,Renee EBO,EBO,Bhubaneswar,Odisha,East,SKU0006,Blush & Co Cleanser A,Blush & Co,Skincare,Cleanser,Top 10,Active,289,108,84,,11,3089,BGR East,12,12,,46
2025-07,OUT0048,Renee EBO - Bhubaneswar 8,Renee EBO,EBO,Bhubaneswar,Odisha,East,SKU0007,Northline Cleanser B,Northline,Skincare,Cleanser,Others,Active,1809,8,11,,2,4249,BGR East,6,5,,46
2025-07,OUT0048,Renee EBO - Bhubaneswar 8,Renee EBO,EBO,Bhubaneswar,Odisha,East,SKU0009,Blush & Co Sunscreen B,Blush & Co,Skincare,Sunscreen,Others,Inactive,1629,10,11,,2,3961,BGR East,4,3,,44
2025-07,OUT0048,Renee EBO - Bhubaneswar 8,Renee EBO,EBO,Bhubaneswar,Odisha,East,SKU0011,Lumina Foundation B,Lumina,Makeup,Foundation,Top 10,Inactive,1889,41,49,,11,23460,BGR East,24,19,,53
2025-07,OUT0048,Renee EBO - Bhubaneswar 8,Renee EBO,EBO,Bhubaneswar,Odisha,East,SKU0012,Northline Lipstick A,Northline,Makeup,Lipstick,Others,Active,2429,6,8,,1,2527,BGR East,4,3,,47
2025-07,OUT0048,Renee EBO - Bhubaneswar 8,Renee EBO,EBO,Bhubaneswar,Odisha,East,SKU0013,Northline Lipstick B,Northline,Makeup,Lipstick,Others,Active,2469,8,10,,0,0,BGR East,2,2,,51
2025-07,OUT0048,Renee EBO - Bhubaneswar 8,Renee EBO,EBO,Bhubaneswar,Odisha,East,SKU0016,Verde Mascara B,Verde,Makeup,Mascara,Top 25,Active,199,19,23,,4,962,BGR East,8,8,,50
2025-07,OUT0048,Renee EBO - Bhubaneswar 8,Renee EBO,EBO,Bhubaneswar,Odisha,East,SKU0017,Lumina Mascara C,Lumina,Makeup,Mascara,Top 10,Active,529,17,23,,9,4938,BGR East,15,15,,48
2025-07,OUT0048,Renee EBO - Bhubaneswar 8,Renee EBO,EBO,Bhubaneswar,Odisha,East,SKU0018,Northline Eyeliner A,Northline,Makeup,Eyeliner,Others,Active,1959,1,4,,0,0,BGR East,3,3,,51
2025-07,OUT0048,Renee EBO - Bhubaneswar 8,Renee EBO,EBO,Bhubaneswar,Odisha,East,SKU0022,Northline Conditioner A,Northline,Haircare,Conditioner,Others,Active,779,9,12,,1,943,BGR East,4,4,,36
2025-07,OUT0048,Renee EBO - Bhubaneswar 8,Renee EBO,EBO,Bhubaneswar,Odisha,East,SKU0023,Northline Conditioner B,Northline,Haircare,Conditioner,Others,Active,379,5,6,,0,0,BGR East,2,1,,37
2025-07,OUT0048,Renee EBO - Bhubaneswar 8,Renee EBO,EBO,Bhubaneswar,Odisha,East,SKU0028,Northline EDT A,Northline,Fragrance,EDT,Top 25,Active,1109,26,33,,5,5164,BGR East,12,12,,54
2025-07,OUT0048,Renee EBO - Bhubaneswar 8,Renee EBO,EBO,Bhubaneswar,Odisha,East,SKU0029,Blush & Co EDT B,Blush & Co,Fragrance,EDT,Top 25,Active,479,10,35,,4,1776,BGR East,10,10,,57
2025-07,OUT0048,Renee EBO - Bhubaneswar 8,Renee EBO,EBO,Bhubaneswar,Odisha,East,SKU0030,Blush & Co EDT C,Blush & Co,Fragrance,EDT,Others,Active,779,13,16,,2,1820,BGR East,6,5,,58
2025-07,OUT0048,Renee EBO - Bhubaneswar 8,Renee EBO,EBO,Bhubaneswar,Odisha,East,SKU0031,Lumina Body Mist A,Lumina,Fragrance,Body Mist,Top 25,Active,2119,22,27,,7,13308,BGR East,13,12,,58
2025-07,OUT0048,Renee EBO - Bhubaneswar 8,Renee EBO,EBO,Bhubaneswar,Odisha,East,SKU0032,Northline Body Mist B,Northline,Fragrance,Body Mist,Others,Inactive,2229,0,2,,1,2382,BGR East,3,3,,53
2025-07,OUT0048,Renee EBO - Bhubaneswar 8,Renee EBO,EBO,Bhubaneswar,Odisha,East,SKU0033,Northline Body Lotion A,Northline,Bath & Body,Body Lotion,Top 10,Active,1239,126,129,,13,17197,BGR East,23,16,,42
2025-07,OUT0048,Renee EBO - Bhubaneswar 8,Renee EBO,EBO,Bhubaneswar,Odisha,East,SKU0034,Northline Body Lotion B,Northline,Bath & Body,Body Lotion,Top 25,Active,989,19,19,,8,8621,BGR East,8,8,,38
2025-07,OUT0048,Renee EBO - Bhubaneswar 8,Renee EBO,EBO,Bhubaneswar,Odisha,East,SKU0037,Verde Body Wash C,Verde,Bath & Body,Body Wash,Top 25,Active,2239,17,21,,4,10994,BGR East,8,8,,43
2025-07,OUT0048,Renee EBO - Bhubaneswar 8,Renee EBO,EBO,Bhubaneswar,Odisha,East,SKU0038,Blush & Co Hand Cream A,Blush & Co,Bath & Body,Hand Cream,Others,Active,489,7,6,,2,1115,BGR East,2,1,,40
2025-07,OUT0048,Renee EBO - Bhubaneswar 8,Renee EBO,EBO,Bhubaneswar,Odisha,East,SKU0039,Northline Hand Cream B,Northline,Bath & Body,Hand Cream,Others,Active,1189,10,0,,1,1253,BGR East,3,2,,41
2025-07,OUT0049,Renee EBO - Lucknow 9,Renee EBO,EBO,Lucknow,UP,North,SKU0001,Blush & Co Moisturizer A,Blush & Co,Skincare,Moisturizer,Others,Active,2319,8,9,,1,2183,BGR North,3,2,,43
2025-07,OUT0049,Renee EBO - Lucknow 9,Renee EBO,EBO,Lucknow,UP,North,SKU0002,Verde Moisturizer B,Verde,Skincare,Moisturizer,Top 10,Active,1179,43,46,,5,6432,BGR North,9,8,,48
2025-07,OUT0049,Renee EBO - Lucknow 9,Renee EBO,EBO,Lucknow,UP,North,SKU0004,Northline Serum B,Northline,Skincare,Serum,Top 25,Active,2489,4,0,,4,8911,BGR North,11,11,,46
2025-07,OUT0049,Renee EBO - Lucknow 9,Renee EBO,EBO,Lucknow,UP,North,SKU0005,Northline Serum C,Northline,Skincare,Serum,Others,Inactive,1819,0,3,,0,0,BGR North,4,3,,45
2025-07,OUT0049,Renee EBO - Lucknow 9,Renee EBO,EBO,Lucknow,UP,North,SKU0006,Blush & Co Cleanser A,Blush & Co,Skincare,Cleanser,Top 10,Active,289,37,52,,20,6907,BGR North,35,35,,44
2025-07,OUT0049,Renee EBO - Lucknow 9,Renee EBO,EBO,Lucknow,UP,North,SKU0007,Northline Cleanser B,Northline,Skincare,Cleanser,Others,Active,1809,7,8,,1,2035,BGR North,3,2,,42
2025-07,OUT0049,Renee EBO - Lucknow 9,Renee EBO,EBO,Lucknow,UP,North,SKU0010,Blush & Co Foundation A,Blush & Co,Makeup,Foundation,Others,Active,1419,9,10,,1,1272,BGR North,3,2,,47
2025-07,OUT0049,Renee EBO - Lucknow 9,Renee EBO,EBO,Lucknow,UP,North,SKU0011,Lumina Foundation B,Lumina,Makeup,Foundation,Top 10,Inactive,1889,6,20,,20,38532,BGR North,38,34,,47
2025-07,OUT0049,Renee EBO - Lucknow 9,Renee EBO,EBO,Lucknow,UP,North,SKU0013,Northline Lipstick B,Northline,Makeup,Lipstick,Others,Active,2469,7,9,,0,0,BGR North,3,2,,51
2025-07,OUT0049,Renee EBO - Lucknow 9,Renee EBO,EBO,Lucknow,UP,North,SKU0014,Lumina Lipstick C,Lumina,Makeup,Lipstick,Top 25,Active,1729,0,7,,5,9682,BGR North,12,12,,48
2025-07,OUT0049,Renee EBO - Lucknow 9,Renee EBO,EBO,Lucknow,UP,North,SKU0015,Blush & Co Mascara A,Blush & Co,Makeup,Mascara,Top 25,Active,1219,0,3,,4,5414,BGR North,9,7,,50
2025-07,OUT0049,Renee EBO - Lucknow 9,Renee EBO,EBO,Lucknow,UP,North,SKU0016,Verde Mascara B,Verde,Makeup,Mascara,Top 25,Active,199,18,17,,2,390,BGR North,4,3,,51
2025-07,OUT0049,Renee EBO - Lucknow 9,Renee EBO,EBO,Lucknow,UP,North,SKU0017,Lumina Mascara C,Lumina,Makeup,Mascara,Top 10,Active,529,41,47,,12,7430,BGR North,21,18,,49
2025-07,OUT0049,Renee EBO - Lucknow 9,Renee EBO,EBO,Lucknow,UP,North,SKU0020,Lumina Shampoo A,Lumina,Haircare,Shampoo,Top 10,Active,509,4,12,,11,6778,BGR North,21,19,,37
2025-07,OUT0049,Renee EBO - Lucknow 9,Renee EBO,EBO,Lucknow,UP,North,SKU0023,Northline Conditioner B,Northline,Haircare,Conditioner,Others,Active,379,0,2,,0,0,BGR North,3,2,,36
2025-07,OUT0049,Renee EBO - Lucknow 9,Renee EBO,EBO,Lucknow,UP,North,SKU0027,Lumina EDP B,Lumina,Fragrance,EDP,Top 10,Active,529,32,31,,8,3927,BGR North,9,7,,54
2025-07,OUT0049,Renee EBO - Lucknow 9,Renee EBO,EBO,Lucknow,UP,North,SKU0028,Northline EDT A,Northline,Fragrance,EDT,Top 25,Active,1109,18,18,,12,12623,BGR North,15,12,,57
2025-07,OUT0049,Renee EBO - Lucknow 9,Renee EBO,EBO,Lucknow,UP,North,SKU0029,Blush & Co EDT B,Blush & Co,Fragrance,EDT,Top 25,Active,479,15,14,,4,2361,BGR North,4,3,,57
2025-07,OUT0049,Renee EBO - Lucknow 9,Renee EBO,EBO,Lucknow,UP,North,SKU0031,Lumina Body Mist A,Lumina,Fragrance,Body Mist,Top 25,Active,2119,23,20,,8,20050,BGR North,8,5,,54
2025-07,OUT0049,Renee EBO - Lucknow 9,Renee EBO,EBO,Lucknow,UP,North,SKU0032,Northline Body Mist B,Northline,Fragrance,Body Mist,Others,Inactive,2229,6,7,,3,7865,BGR North,7,4,,54
2025-07,OUT0049,Renee EBO - Lucknow 9,Renee EBO,EBO,Lucknow,UP,North,SKU0033,Northline Body Lotion A,Northline,Bath & Body,Body Lotion,Top 10,Active,1239,1,1,,16,18520,BGR North,20,16,,41
2025-07,OUT0049,Renee EBO - Lucknow 9,Renee EBO,EBO,Lucknow,UP,North,SKU0034,Northline Body Lotion B,Northline,Bath & Body,Body Lotion,Top 25,Active,989,2,11,,5,5037,BGR North,14,14,,43
2025-07,OUT0049,Renee EBO - Lucknow 9,Renee EBO,EBO,Lucknow,UP,North,SKU0035,Northline Body Wash A,Northline,Bath & Body,Body Wash,Others,Active,469,5,6,,1,583,BGR North,3,2,,43
2025-07,OUT0049,Renee EBO - Lucknow 9,Renee EBO,EBO,Lucknow,UP,North,SKU0036,Northline Body Wash B,Northline,Bath & Body,Body Wash,Others,Active,1179,4,6,,0,0,BGR North,2,2,,37
2025-07,OUT0049,Renee EBO - Lucknow 9,Renee EBO,EBO,Lucknow,UP,North,SKU0037,Verde Body Wash C,Verde,Bath & Body,Body Wash,Top 25,Active,2239,20,22,,5,13018,BGR North,9,7,,43
2025-07,OUT0049,Renee EBO - Lucknow 9,Renee EBO,EBO,Lucknow,UP,North,SKU0038,Blush & Co Hand Cream A,Blush & Co,Bath & Body,Hand Cream,Others,Active,489,10,13,,1,569,BGR North,4,4,,39
2025-07,OUT0050,Renee EBO - Kolkata 10,Renee EBO,EBO,Kolkata,West Bengal,East,SKU0002,Verde Moisturizer B,Verde,Skincare,Moisturizer,Top 10,Active,1179,0,4,,3,3469,BGR East,7,7,,43
2025-07,OUT0050,Renee EBO - Kolkata 10,Renee EBO,EBO,Kolkata,West Bengal,East,SKU0004,Northline Serum B,Northline,Skincare,Serum,Top 25,Active,2489,20,25,,2,5234,BGR East,7,7,,43
2025-07,OUT0050,Renee EBO - Kolkata 10,Renee EBO,EBO,Kolkata,West Bengal,East,SKU0006,Blush & Co Cleanser A,Blush & Co,Skincare,Cleanser,Top 10,Active,289,29,31,,6,1584,BGR East,11,8,,47
2025-07,OUT0050,Renee EBO - Kolkata 10,Renee EBO,EBO,Kolkata,West Bengal,East,SKU0007,Northline Cleanser B,Northline,Skincare,Cleanser,Others,Active,1809,7,8,,0,0,BGR East,1,1,,48
2025-07,OUT0050,Renee EBO - Kolkata 10,Renee EBO,EBO,Kolkata,West Bengal,East,SKU0011,Lumina Foundation B,Lumina,Makeup,Foundation,Top 10,Inactive,1889,22,24,,3,6203,BGR East,8,5,,51
2025-07,OUT0050,Renee EBO - Kolkata 10,Renee EBO,EBO,Kolkata,West Bengal,East,SKU0012,Northline Lipstick A,Northline,Makeup,Lipstick,Others,Active,2429,1,1,,0,0,BGR East,0,0,,52
2025-07,OUT0050,Renee EBO - Kolkata 10,Renee EBO,EBO,Kolkata,West Bengal,East,SKU0013,Northline Lipstick B,Northline,Makeup,Lipstick,Others,Active,2469,7,7,,0,0,BGR East,0,0,,50
2025-07,OUT0050,Renee EBO - Kolkata 10,Renee EBO,EBO,Kolkata,West Bengal,East,SKU0014,Lumina Lipstick C,Lumina,Makeup,Lipstick,Top 25,Active,1729,12,14,,2,4176,BGR East,5,4,,53
2025-07,OUT0050,Renee EBO - Kolkata 10,Renee EBO,EBO,Kolkata,West Bengal,East,SKU0015,Blush & Co Mascara A,Blush & Co,Makeup,Mascara,Top 25,Active,1219,16,18,,2,3020,BGR East,5,4,,52
2025-07,OUT0050,Renee EBO - Kolkata 10,Renee EBO,EBO,Kolkata,West Bengal,East,SKU0017,Lumina Mascara C,Lumina,Makeup,Mascara,Top 10,Active,529,15,21,,3,1645,BGR East,9,9,,47
2025-07,OUT0050,Renee EBO - Kolkata 10,Renee EBO,EBO,Kolkata,West Bengal,East,SKU0019,Northline Eyeliner B,Northline,Makeup,Eyeliner,Others,Active,1889,6,0,,0,0,BGR East,1,0,,51
2025-07,OUT0050,Renee EBO - Kolkata 10,Renee EBO,EBO,Kolkata,West Bengal,East,SKU0020,Lumina Shampoo A,Lumina,Haircare,Shampoo,Top 10,Active,509,16,18,,4,2468,BGR East,6,6,,34
2025-07,OUT0050,Renee EBO - Kolkata 10,Renee EBO,EBO,Kolkata,West Bengal,East,SKU0022,Northline Conditioner A,Northline,Haircare,Conditioner,Others,Active,779,7,0,,1,975,BGR East,3,2,,37
2025-07,OUT0050,Renee EBO - Kolkata 10,Renee EBO,EBO,Kolkata,West Bengal,East,SKU0027,Lumina EDP B,Lumina,Fragrance,EDP,Top 10,Active,529,15,21,,5,2931,BGR East,11,11,,53
2025-07,OUT0050,Renee EBO - Kolkata 10,Renee EBO,EBO,Kolkata,West Bengal,East,SKU0028,Northline EDT A,Northline,Fragrance,EDT,Top 25,Active,1109,12,19,,3,3338,BGR East,10,10,,58
2025-07,OUT0050,Renee EBO - Kolkata 10,Renee EBO,EBO,Kolkata,West Bengal,East,SKU0029,Blush & Co EDT B,Blush & Co,Fragrance,EDT,Top 25,Active,479,5,7,,2,1204,BGR East,6,4,,52
2025-07,OUT0050,Renee EBO - Kolkata 10,Renee EBO,EBO,Kolkata,West Bengal,East,SKU0031,Lumina Body Mist A,Lumina,Fragrance,Body Mist,Top 25,Active,2119,16,24,,4,10089,BGR East,10,10,,52
2025-07,OUT0050,Renee EBO - Kolkata 10,Renee EBO,EBO,Kolkata,West Bengal,East,SKU0033,Northline Body Lotion A,Northline,Bath & Body,Body Lotion,Top 10,Active,1239,17,20,,5,5591,BGR East,8,8,,41
2025-07,OUT0050,Renee EBO - Kolkata 10,Renee EBO,EBO,Kolkata,West Bengal,East,SKU0035,Northline Body Wash A,Northline,Bath & Body,Body Wash,Others,Active,469,7,7,,0,0,BGR East,0,0,,37
2025-07,OUT0050,Renee EBO - Kolkata 10,Renee EBO,EBO,Kolkata,West Bengal,East,SKU0037,Verde Body Wash C,Verde,Bath & Body,Body Wash,Top 25,Active,2239,16,19,,2,4450,BGR East,6,5,,43
2025-07,OUT0051,Renee EBO - Surat 11,Renee EBO,EBO,Surat,Gujarat,West,SKU0003,Verde Serum A,Verde,Skincare,Serum,Top 25,Active,2419,8,12,,7,18657,BGR West,16,11,,44
2025-07,OUT0051,Renee EBO - Surat 11,Renee EBO,EBO,Surat,Gujarat,West,SKU0004,Northline Serum B,Northline,Skincare,Serum,Top 25,Active,2489,18,22,,3,8346,BGR West,8,7,,47
2025-07,OUT0051,Renee EBO - Surat 11,Renee EBO,EBO,Surat,Gujarat,West,SKU0006,Blush & Co Cleanser A,Blush & Co,Skincare,Cleanser,Top 10,Active,289,28,31,,19,5520,BGR West,24,22,,48
2025-07,OUT0051,Renee EBO - Surat 11,Renee EBO,EBO,Surat,Gujarat,West,SKU0008,Lumina Sunscreen A,Lumina,Skincare,Sunscreen,Others,Active,1599,6,9,,0,0,BGR West,3,3,,45
2025-07,OUT0051,Renee EBO - Surat 11,Renee EBO,EBO,Surat,Gujarat,West,SKU0009,Blush & Co Sunscreen B,Blush & Co,Skincare,Sunscreen,Others,Inactive,1629,13,15,,2,2921,BGR West,4,4,,46
2025-07,OUT0051,Renee EBO - Surat 11,Renee EBO,EBO,Surat,Gujarat,West,SKU0010,Blush & Co Foundation A,Blush & Co,Makeup,Foundation,Others,Active,1419,8,10,,2,2667,BGR West,4,4,,52
2025-07,OUT0051,Renee EBO - Surat 11,Renee EBO,EBO,Surat,Gujarat,West,SKU0011,Lumina Foundation B,Lumina,Makeup,Foundation,Top 10,Inactive,1889,38,36,,12,27677,BGR West,13,10,,48
2025-07,OUT0051,Renee EBO - Surat 11,Renee EBO,EBO,Surat,Gujarat,West,SKU0013,Northline Lipstick B,Northline,Makeup,Lipstick,Others,Active,2469,0,3,,0,0,BGR West,4,3,,47
2025-07,OUT0051,Renee EBO - Surat 11,Renee EBO,EBO,Surat,Gujarat,West,SKU0014,Lumina Lipstick C,Lumina,Makeup,Lipstick,Top 25,Active,1729,0,5,,6,12427,BGR West,11,11,,53
2025-07,OUT0051,Renee EBO - Surat 11,Renee EBO,EBO,Surat,Gujarat,West,SKU0015,Blush & Co Mascara A,Blush & Co,Makeup,Mascara,Top 25,Active,1219,14,16,,7,7637,BGR West,10,9,,50
2025-07,OUT0051,Renee EBO - Surat 11,Renee EBO,EBO,Surat,Gujarat,West,SKU0016,Verde Mascara B,Verde,Makeup,Mascara,Top 25,Active,199,0,0,,3,623,BGR West,4,2,,47
2025-07,OUT0051,Renee EBO - Surat 11,Renee EBO,EBO,Surat,Gujarat,West,SKU0018,Northline Eyeliner A,Northline,Makeup,Eyeliner,Others,Active,1959,8,9,,0,0,BGR West,2,1,,49
2025-07,OUT0051,Renee EBO - Surat 11,Renee EBO,EBO,Surat,Gujarat,West,SKU0019,Northline Eyeliner B,Northline,Makeup,Eyeliner,Others,Active,1889,0,2,,2,3864,BGR West,5,4,,50
2025-07,OUT0051,Renee EBO - Surat 11,Renee EBO,EBO,Surat,Gujarat,West,SKU0020,Lumina Shampoo A,Lumina,Haircare,Shampoo,Top 10,Active,509,15,13,,11,5865,BGR West,13,9,,34
2025-07,OUT0051,Renee EBO - Surat 11,Renee EBO,EBO,Surat,Gujarat,West,SKU0022,Northline Conditioner A,Northline,Haircare,Conditioner,Others,Active,779,2,1,,1,701,BGR West,1,0,,33
2025-07,OUT0051,Renee EBO - Surat 11,Renee EBO,EBO,Surat,Gujarat,West,SKU0027,Lumina EDP B,Lumina,Fragrance,EDP,Top 10,Active,529,71,66,,13,8216,BGR West,11,8,,56
2025-07,OUT0051,Renee EBO - Surat 11,Renee EBO,EBO,Surat,Gujarat,West,SKU0028,Northline EDT A,Northline,Fragrance,EDT,Top 25,Active,1109,22,30,,11,13570,BGR West,19,19,,52
2025-07,OUT0051,Renee EBO - Surat 11,Renee EBO,EBO,Surat,Gujarat,West,SKU0031,Lumina Body Mist A,Lumina,Fragrance,Body Mist,Top 25,Active,2119,31,30,,5,13045,BGR West,5,4,,54
2025-07,OUT0051,Renee EBO - Surat 11,Renee EBO,EBO,Surat,Gujarat,West,SKU0032,Northline Body Mist B,Northline,Fragrance,Body Mist,Others,Inactive,2229,6,7,,2,4583,BGR West,4,3,,56
2025-07,OUT0051,Renee EBO - Surat 11,Renee EBO,EBO,Surat,Gujarat,West,SKU0033,Northline Body Lotion A,Northline,Bath & Body,Body Lotion,Top 10,Active,1239,52,53,,12,16847,BGR West,19,13,,43
2025-07,OUT0051,Renee EBO - Surat 11,Renee EBO,EBO,Surat,Gujarat,West,SKU0034,Northline Body Lotion B,Northline,Bath & Body,Body Lotion,Top 25,Active,989,17,26,,5,5863,BGR West,14,14,,38
2025-07,OUT0051,Renee EBO - Surat 11,Renee EBO,EBO,Surat,Gujarat,West,SKU0037,Verde Body Wash C,Verde,Bath & Body,Body Wash,Top 25,Active,2239,18,18,,6,14314,BGR West,7,6,,42
2025-07,OUT0051,Renee EBO - Surat 11,Renee EBO,EBO,Surat,Gujarat,West,SKU0038,Blush & Co Hand Cream A,Blush & Co,Bath & Body,Hand Cream,Others,Active,489,10,12,,2,876,BGR West,6,4,,38
2025-07,OUT0052,Airport Retail Co - Coimbatore 1,Airport Retail Co,Airport,Coimbatore,Tamil Nadu,South,SKU0001,Blush & Co Moisturizer A,Blush & Co,Skincare,Moisturizer,Others,Active,2319,8,10,,1,2632,BGR South,3,3,,43
2025-07,OUT0052,Airport Retail Co - Coimbatore 1,Airport Retail Co,Airport,Coimbatore,Tamil Nadu,South,SKU0002,Verde Moisturizer B,Verde,Skincare,Moisturizer,Top 10,Active,1179,12,18,,6,8775,BGR South,12,12,,42
2025-07,OUT0052,Airport Retail Co - Coimbatore 1,Airport Retail Co,Airport,Coimbatore,Tamil Nadu,South,SKU0003,Verde Serum A,Verde,Skincare,Serum,Top 25,Active,2419,30,41,,7,16646,BGR South,7,7,,43
2025-07,OUT0052,Airport Retail Co - Coimbatore 1,Airport Retail Co,Airport,Coimbatore,Tamil Nadu,South,SKU0004,Northline Serum B,Northline,Skincare,Serum,Top 25,Active,2489,14,0,,4,12362,BGR South,7,7,,44
2025-07,OUT0052,Airport Retail Co - Coimbatore 1,Airport Retail Co,Airport,Coimbatore,Tamil Nadu,South,SKU0005,Northline Serum C,Northline,Skincare,Serum,Others,Inactive,1819,3,5,,1,2023,BGR South,4,3,,43
2025-07,OUT0052,Airport Retail Co - Coimbatore 1,Airport Retail Co,Airport,Coimbatore,Tamil Nadu,South,SKU0006,Blush & Co Cleanser A,Blush & Co,Skincare,Cleanser,Top 10,Active,289,0,80,,15,3943,BGR South,25,17,,48
2025-07,OUT0052,Airport Retail Co - Coimbatore 1,Airport Retail Co,Airport,Coimbatore,Tamil Nadu,South,SKU0007,Northline Cleanser B,Northline,Skincare,Cleanser,Others,Active,1809,6,6,,2,3526,BGR South,2,2,,45
2025-07,OUT0052,Airport Retail Co - Coimbatore 1,Airport Retail Co,Airport,Coimbatore,Tamil Nadu,South,SKU0008,Lumina Sunscreen A,Lumina,Skincare,Sunscreen,Others,Active,1599,0,4,,0,0,BGR South,4,4,,44
2025-07,OUT0052,Airport Retail Co - Coimbatore 1,Airport Retail Co,Airport,Coimbatore,Tamil Nadu,South,SKU0010,Blush & Co Foundation A,Blush & Co,Makeup,Foundation,Others,Active,1419,10,12,,0,0,BGR South,3,2,,51
2025-07,OUT0052,Airport Retail Co - Coimbatore 1,Airport Retail Co,Airport,Coimbatore,Tamil Nadu,South,SKU0012,Northline Lipstick A,Northline,Makeup,Lipstick,Others,Active,2429,0,0,,0,0,BGR South,2,1,,53
2025-07,OUT0052,Airport Retail Co - Coimbatore 1,Airport Retail Co,Airport,Coimbatore,Tamil Nadu,South,SKU0014,Lumina Lipstick C,Lumina,Makeup,Lipstick,Top 25,Active,1729,21,25,,4,7083,BGR South,8,8,,52
2025-07,OUT0052,Airport Retail Co - Coimbatore 1,Airport Retail Co,Airport,Coimbatore,Tamil Nadu,South,SKU0015,Blush & Co Mascara A,Blush & Co,Makeup,Mascara,Top 25,Active,1219,0,2,,9,12087,BGR South,11,11,,47
2025-07,OUT0052,Airport Retail Co - Coimbatore 1,Airport Retail Co,Airport,Coimbatore,Tamil Nadu,South,SKU0016,Verde Mascara B,Verde,Makeup,Mascara,Top 25,Active,199,10,17,,5,1154,BGR South,13,12,,48
2025-07,OUT0052,Airport Retail Co - Coimbatore 1,Airport Retail Co,Airport,Coimbatore,Tamil Nadu,South,SKU0017,Lumina Mascara C,Lumina,Makeup,Mascara,Top 10,Active,529,43,56,,10,6632,BGR South,23,23,,53
2025-07,OUT0052,Airport Retail Co - Coimbatore 1,Airport Retail Co,Airport,Coimbatore,Tamil Nadu,South,SKU0020,Lumina Shampoo A,Lumina,Haircare,Shampoo,Top 10,Active,509,23,28,,8,4006,BGR South,14,13,,35
2025-07,OUT0052,Airport Retail Co - Coimbatore 1,Airport Retail Co,Airport,Coimbatore,Tamil Nadu,South,SKU0023,Northline Conditioner B,Northline,Haircare,Conditioner,Others,Active,379,3,3,,0,0,BGR South,1,0,,38
2025-07,OUT0052,Airport Retail Co - Coimbatore 1,Airport Retail Co,Airport,Coimbatore,Tamil Nadu,South,SKU0027,Lumina EDP B,Lumina,Fragrance,EDP,Top 10,Active,529,31,30,,10,6331,BGR South,11,9,,54
2025-07,OUT0052,Airport Retail Co - Coimbatore 1,Airport Retail Co,Airport,Coimbatore,Tamil Nadu,South,SKU0028,Northline EDT A,Northline,Fragrance,EDT,Top 25,Active,1109,18,21,,9,11028,BGR South,15,12,,54
2025-07,OUT0052,Airport Retail Co - Coimbatore 1,Airport Retail Co,Airport,Coimbatore,Tamil Nadu,South,SKU0030,Blush & Co EDT C,Blush & Co,Fragrance,EDT,Others,Active,779,8,12,,3,2557,BGR South,8,7,,58
2025-07,OUT0052,Airport Retail Co - Coimbatore 1,Airport Retail Co,Airport,Coimbatore,Tamil Nadu,South,SKU0031,Lumina Body Mist A,Lumina,Fragrance,Body Mist,Top 25,Active,2119,63,64,,6,13259,BGR South,11,7,,55
2025-07,OUT0052,Airport Retail Co - Coimbatore 1,Airport Retail Co,Airport,Coimbatore,Tamil Nadu,South,SKU0032,Northline Body Mist B,Northline,Fragrance,Body Mist,Others,Inactive,2229,12,14,,2,4316,BGR South,5,4,,58
2025-07,OUT0052,Airport Retail Co - Coimbatore 1,Airport Retail Co,Airport,Coimbatore,Tamil Nadu,South,SKU0033,Northline Body Lotion A,Northline,Bath & Body,Body Lotion,Top 10,Active,1239,18,17,,21,26365,BGR South,22,20,,38
2025-07,OUT0052,Airport Retail Co - Coimbatore 1,Airport Retail Co,Airport,Coimbatore,Tamil Nadu,South,SKU0034,Northline Body Lotion B,Northline,Bath & Body,Body Lotion,Top 25,Active,989,2,5,,6,6056,BGR South,12,9,,42
2025-07,OUT0052,Airport Retail Co - Coimbatore 1,Airport Retail Co,Airport,Coimbatore,Tamil Nadu,South,SKU0037,Verde Body Wash C,Verde,Bath & Body,Body Wash,Top 25,Active,2239,23,24,,4,9573,BGR South,8,5,,42
2025-07,OUT0053,Airport Retail Co - Mumbai 2,Airport Retail Co,Airport,Mumbai,Maharashtra,West,SKU0002,Verde Moisturizer B,Verde,Skincare,Moisturizer,Top 10,Active,1179,0,0,,9,11950,BGR West,14,9,,48
2025-07,OUT0053,Airport Retail Co - Mumbai 2,Airport Retail Co,Airport,Mumbai,Maharashtra,West,SKU0003,Verde Serum A,Verde,Skincare,Serum,Top 25,Active,2419,28,30,,7,18998,BGR West,13,9,,43
2025-07,OUT0053,Airport Retail Co - Mumbai 2,Airport Retail Co,Airport,Mumbai,Maharashtra,West,SKU0006,Blush & Co Cleanser A,Blush & Co,Skincare,Cleanser,Top 10,Active,289,32,48,,41,11066,BGR West,60,57,,47
2025-07,OUT0053,Airport Retail Co - Mumbai 2,Airport Retail Co,Airport,Mumbai,Maharashtra,West,SKU0008,Lumina Sunscreen A,Lumina,Skincare,Sunscreen,Others,Active,1599,11,14,,0,0,BGR West,3,3,,46
2025-07,OUT0053,Airport Retail Co - Mumbai 2,Airport Retail Co,Airport,Mumbai,Maharashtra,West,SKU0009,Blush & Co Sunscreen B,Blush & Co,Skincare,Sunscreen,Others,Inactive,1629,17,18,,2,3562,BGR West,4,3,,47
2025-07,OUT0053,Airport Retail Co - Mumbai 2,Airport Retail Co,Airport,Mumbai,Maharashtra,West,SKU0011,Lumina Foundation B,Lumina,Makeup,Foundation,Top 10,Inactive,1889,28,101,,18,37012,BGR West,16,16,,50
2025-07,OUT0053,Airport Retail Co - Mumbai 2,Airport Retail Co,Airport,Mumbai,Maharashtra,West,SKU0014,Lumina Lipstick C,Lumina,Makeup,Lipstick,Top 25,Active,1729,7,9,,3,4759,BGR West,5,5,,48
2025-07,OUT0053,Airport Retail Co - Mumbai 2,Airport Retail Co,Airport,Mumbai,Maharashtra,West,SKU0015,Blush & Co Mascara A,Blush & Co,Makeup,Mascara,Top 25,Active,1219,35,37,,7,8810,BGR West,9,9,,48
2025-07,OUT0053,Airport Retail Co - Mumbai 2,Airport Retail Co,Airport,Mumbai,Maharashtra,West,SKU0017,Lumina Mascara C,Lumina,Makeup,Mascara,Top 10,Active,529,32,41,,13,7426,BGR West,22,22,,49
2025-07,OUT0053,Airport Retail Co - Mumbai 2,Airport Retail Co,Airport,Mumbai,Maharashtra,West,SKU0018,Northline Eyeliner A,Northline,Makeup,Eyeliner,Others,Active,1959,7,9,,0,0,BGR West,2,2,,49
2025-07,OUT0053,Airport Retail Co - Mumbai 2,Airport Retail Co,Airport,Mumbai,Maharashtra,West,SKU0019,Northline Eyeliner B,Northline,Makeup,Eyeliner,Others,Active,1889,7,7,,1,2120,BGR West,2,1,,53
2025-07,OUT0053,Airport Retail Co - Mumbai 2,Airport Retail Co,Airport,Mumbai,Maharashtra,West,SKU0020,Lumina Shampoo A,Lumina,Haircare,Shampoo,Top 10,Active,509,33,35,,11,6740,BGR West,19,13,,35
2025-07,OUT0053,Airport Retail Co - Mumbai 2,Airport Retail Co,Airport,Mumbai,Maharashtra,West,SKU0021,Verde Shampoo B,Verde,Haircare,Shampoo,Others,Active,1319,13,15,,1,1276,BGR West,3,3,,32
2025-07,OUT0053,Airport Retail Co - Mumbai 2,Airport Retail Co,Airport,Mumbai,Maharashtra,West,SKU0027,Lumina EDP B,Lumina,Fragrance,EDP,Top 10,Active,529,8,17,,9,4463,BGR West,18,18,,57
2025-07,OUT0053,Airport Retail Co - Mumbai 2,Airport Retail Co,Airport,Mumbai,Maharashtra,West,SKU0028,Northline EDT A,Northline,Fragrance,EDT,Top 25,Active,1109,16,15,,12,16539,BGR West,12,11,,53
2025-07,OUT0053,Airport Retail Co - Mumbai 2,Airport Retail Co,Airport,Mumbai,Maharashtra,West,SKU0030,Blush & Co EDT C,Blush & Co,Fragrance,EDT,Others,Active,779,8,12,,1,704,BGR West,6,5,,55
2025-07,OUT0053,Airport Retail Co - Mumbai 2,Airport Retail Co,Airport,Mumbai,Maharashtra,West,SKU0031,Lumina Body Mist A,Lumina,Fragrance,Body Mist,Top 25,Active,2119,15,16,,6,14980,BGR West,10,7,,55
2025-07,OUT0053,Airport Retail Co - Mumbai 2,Airport Retail Co,Airport,Mumbai,Maharashtra,West,SKU0033,Northline Body Lotion A,Northline,Bath & Body,Body Lotion,Top 10,Active,1239,60,62,,11,14649,BGR West,17,13,,40
2025-07,OUT0053,Airport Retail Co - Mumbai 2,Airport Retail Co,Airport,Mumbai,Maharashtra,West,SKU0034,Northline Body Lotion B,Northline,Bath & Body,Body Lotion,Top 25,Active,989,21,20,,3,2970,BGR West,3,2,,40
2025-07,OUT0053,Airport Retail Co - Mumbai 2,Airport Retail Co,Airport,Mumbai,Maharashtra,West,SKU0037,Verde Body Wash C,Verde,Bath & Body,Body Wash,Top 25,Active,2239,4,7,,4,10376,BGR West,11,7,,40
2025-07,OUT0053,Airport Retail Co - Mumbai 2,Airport Retail Co,Airport,Mumbai,Maharashtra,West,SKU0038,Blush & Co Hand Cream A,Blush & Co,Bath & Body,Hand Cream,Others,Active,489,14,19,,2,1018,BGR West,9,7,,38
2025-07,OUT0053,Airport Retail Co - Mumbai 2,Airport Retail Co,Airport,Mumbai,Maharashtra,West,SKU0039,Northline Hand Cream B,Northline,Bath & Body,Hand Cream,Others,Active,1189,6,9,,1,1388,BGR West,6,4,,42
2025-07,OUT0054,Airport Retail Co - New Delhi 3,Airport Retail Co,Airport,New Delhi,Delhi,North,SKU0002,Verde Moisturizer B,Verde,Skincare,Moisturizer,Top 10,Active,1179,13,16,,2,2961,BGR North,5,5,,46
2025-07,OUT0054,Airport Retail Co - New Delhi 3,Airport Retail Co,Airport,New Delhi,Delhi,North,SKU0005,Northline Serum C,Northline,Skincare,Serum,Others,Inactive,1819,7,9,,0,0,BGR North,2,2,,44
2025-07,OUT0054,Airport Retail Co - New Delhi 3,Airport Retail Co,Airport,New Delhi,Delhi,North,SKU0006,Blush & Co Cleanser A,Blush & Co,Skincare,Cleanser,Top 10,Active,289,14,15,,5,1344,BGR North,6,6,,43
2025-07,OUT0054,Airport Retail Co - New Delhi 3,Airport Retail Co,Airport,New Delhi,Delhi,North,SKU0007,Northline Cleanser B,Northline,Skincare,Cleanser,Others,Active,1809,3,5,,0,0,BGR North,2,2,,46
2025-07,OUT0054,Airport Retail Co - New Delhi 3,Airport Retail Co,Airport,New Delhi,Delhi,North,SKU0008,Lumina Sunscreen A,Lumina,Skincare,Sunscreen,Others,Active,1599,6,7,,0,0,BGR North,2,1,,43
2025-07,OUT0054,Airport Retail Co - New Delhi 3,Airport Retail Co,Airport,New Delhi,Delhi,North,SKU0010,Blush & Co Foundation A,Blush & Co,Makeup,Foundation,Others,Active,1419,4,8,,0,0,BGR North,4,4,,47
2025-07,OUT0054,Airport Retail Co - New Delhi 3,Airport Retail Co,Airport,New Delhi,Delhi,North,SKU0011,Lumina Foundation B,Lumina,Makeup,Foundation,Top 10,Inactive,1889,18,19,,4,7557,BGR North,6,5,,50
2025-07,OUT0054,Airport Retail Co - New Delhi 3,Airport Retail Co,Airport,New Delhi,Delhi,North,SKU0013,Northline Lipstick B,Northline,Makeup,Lipstick,Others,Active,2469,4,6,,0,0,BGR North,4,2,,48
2025-07,OUT0054,Airport Retail Co - New Delhi 3,Airport Retail Co,Airport,New Delhi,Delhi,North,SKU0015,Blush & Co Mascara A,Blush & Co,Makeup,Mascara,Top 25,Active,1219,17,20,,3,3484,BGR North,7,6,,52
2025-07,OUT0054,Airport Retail Co - New Delhi 3,Airport Retail Co,Airport,New Delhi,Delhi,North,SKU0016,Verde Mascara B,Verde,Makeup,Mascara,Top 25,Active,199,9,0,,1,204,BGR North,3,2,,53
2025-07,OUT0054,Airport Retail Co - New Delhi 3,Airport Retail Co,Airport,New Delhi,Delhi,North,SKU0017,Lumina Mascara C,Lumina,Makeup,Mascara,Top 10,Active,529,23,25,,6,3472,BGR North,8,8,,51
2025-07,OUT0054,Airport Retail Co - New Delhi 3,Airport Retail Co,Airport,New Delhi,Delhi,North,SKU0020,Lumina Shampoo A,Lumina,Haircare,Shampoo,Top 10,Active,509,15,19,,4,2106,BGR North,8,8,,34
2025-07,OUT0054,Airport Retail Co - New Delhi 3,Airport Retail Co,Airport,New Delhi,Delhi,North,SKU0027,Lumina EDP B,Lumina,Fragrance,EDP,Top 10,Active,529,19,22,,3,1860,BGR North,7,6,,53
2025-07,OUT0054,Airport Retail Co - New Delhi 3,Airport Retail Co,Airport,New Delhi,Delhi,North,SKU0028,Northline EDT A,Northline,Fragrance,EDT,Top 25,Active,1109,17,16,,5,5654,BGR North,7,4,,54
2025-07,OUT0054,Airport Retail Co - New Delhi 3,Airport Retail Co,Airport,New Delhi,Delhi,North,SKU0029,Blush & Co EDT B,Blush & Co,Fragrance,EDT,Top 25,Active,479,6,6,,2,1075,BGR North,3,2,,52
2025-07,OUT0054,Airport Retail Co - New Delhi 3,Airport Retail Co,Airport,New Delhi,Delhi,North,SKU0030,Blush & Co EDT C,Blush & Co,Fragrance,EDT,Others,Active,779,8,11,,0,0,BGR North,3,3,,55
2025-07,OUT0054,Airport Retail Co - New Delhi 3,Airport Retail Co,Airport,New Delhi,Delhi,North,SKU0033,Northline Body Lotion A,Northline,Bath & Body,Body Lotion,Top 10,Active,1239,23,28,,7,9867,BGR North,12,12,,43
2025-07,OUT0054,Airport Retail Co - New Delhi 3,Airport Retail Co,Airport,New Delhi,Delhi,North,SKU0034,Northline Body Lotion B,Northline,Bath & Body,Body Lotion,Top 25,Active,989,17,21,,3,3177,BGR North,7,7,,41
2025-07,OUT0054,Airport Retail Co - New Delhi 3,Airport Retail Co,Airport,New Delhi,Delhi,North,SKU0036,Northline Body Wash B,Northline,Bath & Body,Body Wash,Others,Active,1179,7,10,,0,0,BGR North,3,3,,43
2025-07,OUT0054,Airport Retail Co - New Delhi 3,Airport Retail Co,Airport,New Delhi,Delhi,North,SKU0037,Verde Body Wash C,Verde,Bath & Body,Body Wash,Top 25,Active,2239,8,11,,2,4348,BGR North,5,5,,38
2025-07,OUT0055,Airport Retail Co - Lucknow 4,Airport Retail Co,Airport,Lucknow,UP,North,SKU0001,Blush & Co Moisturizer A,Blush & Co,Skincare,Moisturizer,Others,Active,2319,7,6,,1,2858,BGR North,1,0,,42
2025-07,OUT0055,Airport Retail Co - Lucknow 4,Airport Retail Co,Airport,Lucknow,UP,North,SKU0002,Verde Moisturizer B,Verde,Skincare,Moisturizer,Top 10,Active,1179,2,6,,4,5671,BGR North,9,8,,42
2025-07,OUT0055,Airport Retail Co - Lucknow 4,Airport Retail Co,Airport,Lucknow,UP,North,SKU0004,Northline Serum B,Northline,Skincare,Serum,Top 25,Active,2489,8,10,,2,5726,BGR North,6,4,,43
2025-07,OUT0055,Airport Retail Co - Lucknow 4,Airport Retail Co,Airport,Lucknow,UP,North,SKU0005,Northline Serum C,Northline,Skincare,Serum,Others,Inactive,1819,2,0,,0,0,BGR North,1,1,,45
2025-07,OUT0055,Airport Retail Co - Lucknow 4,Airport Retail Co,Airport,Lucknow,UP,North,SKU0006,Blush & Co Cleanser A,Blush & Co,Skincare,Cleanser,Top 10,Active,289,38,35,,4,1159,BGR North,10,7,,44
2025-07,OUT0055,Airport Retail Co - Lucknow 4,Airport Retail Co,Airport,Lucknow,UP,North,SKU0007,Northline Cleanser B,Northline,Skincare,Cleanser,Others,Active,1809,3,3,,1,1685,BGR North,2,1,,44
2025-07,OUT0055,Airport Retail Co - Lucknow 4,Airport Retail Co,Airport,Lucknow,UP,North,SKU0013,Northline Lipstick B,Northline,Makeup,Lipstick,Others,Active,2469,0,0,,0,0,BGR North,0,0,,47
2025-07,OUT0055,Airport Retail Co - Lucknow 4,Airport Retail Co,Airport,Lucknow,UP,North,SKU0014,Lumina Lipstick C,Lumina,Makeup,Lipstick,Top 25,Active,1729,7,8,,2,3781,BGR North,4,3,,51
2025-07,OUT0055,Airport Retail Co - Lucknow 4,Airport Retail Co,Airport,Lucknow,UP,North,SKU0016,Verde Mascara B,Verde,Makeup,Mascara,Top 25,Active,199,15,17,,2,451,BGR North,5,4,,47
2025-07,OUT0055,Airport Retail Co - Lucknow 4,Airport Retail Co,Airport,Lucknow,UP,North,SKU0017,Lumina Mascara C,Lumina,Makeup,Mascara,Top 10,Active,529,12,13,,6,3914,BGR North,7,7,,52
2025-07,OUT0055,Airport Retail Co - Lucknow 4,Airport Retail Co,Airport,Lucknow,UP,North,SKU0019,Northline Eyeliner B,Northline,Makeup,Eyeliner,Others,Active,1889,3,4,,1,2209,BGR North,2,2,,51
2025-07,OUT0055,Airport Retail Co - Lucknow 4,Airport Retail Co,Airport,Lucknow,UP,North,SKU0020,Lumina Shampoo A,Lumina,Haircare,Shampoo,Top 10,Active,509,18,21,,6,3649,BGR North,10,9,,33
2025-07,OUT0055,Airport Retail Co - Lucknow 4,Airport Retail Co,Airport,Lucknow,UP,North,SKU0021,Verde Shampoo B,Verde,Haircare,Shampoo,Others,Active,1319,0,1,,1,1423,BGR North,3,2,,35
2025-07,OUT0055,Airport Retail Co - Lucknow 4,Airport Retail Co,Airport,Lucknow,UP,North,SKU0022,Northline Conditioner A,Northline,Haircare,Conditioner,Others,Active,779,6,8,,1,798,BGR North,4,3,,35
2025-07,OUT0055,Airport Retail Co - Lucknow 4,Airport Retail Co,Airport,Lucknow,UP,North,SKU0027,Lumina EDP B,Lumina,Fragrance,EDP,Top 10,Active,529,12,12,,3,1746,BGR North,5,3,,57
2025-07,OUT0055,Airport Retail Co - Lucknow 4,Airport Retail Co,Airport,Lucknow,UP,North,SKU0028,Northline EDT A,Northline,Fragrance,EDT,Top 25,Active,1109,18,22,,5,6492,BGR North,9,9,,54
2025-07,OUT0055,Airport Retail Co - Lucknow 4,Airport Retail Co,Airport,Lucknow,UP,North,SKU0029,Blush & Co EDT B,Blush & Co,Fragrance,EDT,Top 25,Active,479,13,15,,2,1122,BGR North,6,4,,58
2025-07,OUT0055,Airport Retail Co - Lucknow 4,Airport Retail Co,Airport,Lucknow,UP,North,SKU0030,Blush & Co EDT C,Blush & Co,Fragrance,EDT,Others,Active,779,14,15,,0,0,BGR North,2,1,,55
2025-07,OUT0055,Airport Retail Co - Lucknow 4,Airport Retail Co,Airport,Lucknow,UP,North,SKU0031,Lumina Body Mist A,Lumina,Fragrance,Body Mist,Top 25,Active,2119,25,33,,6,14676,BGR North,14,14,,53
2025-07,OUT0055,Airport Retail Co - Lucknow 4,Airport Retail Co,Airport,Lucknow,UP,North,SKU0033,Northline Body Lotion A,Northline,Bath & Body,Body Lotion,Top 10,Active,1239,26,27,,5,5940,BGR North,7,6,,40
2025-07,OUT0055,Airport Retail Co - Lucknow 4,Airport Retail Co,Airport,Lucknow,UP,North,SKU0034,Northline Body Lotion B,Northline,Bath & Body,Body Lotion,Top 25,Active,989,10,14,,3,3461,BGR North,7,7,,43
2025-07,OUT0055,Airport Retail Co - Lucknow 4,Airport Retail Co,Airport,Lucknow,UP,North,SKU0035,Northline Body Wash A,Northline,Bath & Body,Body Wash,Others,Active,469,6,7,,0,0,BGR North,1,1,,38
2025-07,OUT0055,Airport Retail Co - Lucknow 4,Airport Retail Co,Airport,Lucknow,UP,North,SKU0036,Northline Body Wash B,Northline,Bath & Body,Body Wash,Others,Active,1179,2,6,,0,0,BGR North,4,4,,42
2025-07,OUT0055,Airport Retail Co - Lucknow 4,Airport Retail Co,Airport,Lucknow,UP,North,SKU0037,Verde Body Wash C,Verde,Bath & Body,Body Wash,Top 25,Active,2239,20,22,,2,5241,BGR North,7,4,,41
2025-07,OUT0055,Airport Retail Co - Lucknow 4,Airport Retail Co,Airport,Lucknow,UP,North,SKU0038,Blush & Co Hand Cream A,Blush & Co,Bath & Body,Hand Cream,Others,Active,489,7,0,,0,0,BGR North,4,3,,41
2025-07,OUT0055,Airport Retail Co - Lucknow 4,Airport Retail Co,Airport,Lucknow,UP,North,SKU0039,Northline Hand Cream B,Northline,Bath & Body,Hand Cream,Others,Active,1189,4,3,,1,1454,BGR North,1,0,,40
2025-07,OUT0056,Airport Retail Co - Kolkata 5,Airport Retail Co,Airport,Kolkata,West Bengal,East,SKU0001,Blush & Co Moisturizer A,Blush & Co,Skincare,Moisturizer,Others,Active,2319,1,0,,0,0,BGR East,3,2,,44
2025-07,OUT0056,Airport Retail Co - Kolkata 5,Airport Retail Co,Airport,Kolkata,West Bengal,East,SKU0002,Verde Moisturizer B,Verde,Skincare,Moisturizer,Top 10,Active,1179,10,12,,4,5195,BGR East,6,6,,47
2025-07,OUT0056,Airport Retail Co - Kolkata 5,Airport Retail Co,Airport,Kolkata,West Bengal,East,SKU0004,Northline Serum B,Northline,Skincare,Serum,Top 25,Active,2489,8,9,,1,2974,BGR East,3,2,,44
2025-07,OUT0056,Airport Retail Co - Kolkata 5,Airport Retail Co,Airport,Kolkata,West Bengal,East,SKU0005,Northline Serum C,Northline,Skincare,Serum,Others,Inactive,1819,7,7,,0,0,BGR East,0,0,,43
2025-07,OUT0056,Airport Retail Co - Kolkata 5,Airport Retail Co,Airport,Kolkata,West Bengal,East,SKU0006,Blush & Co Cleanser A,Blush & Co,Skincare,Cleanser,Top 10,Active,289,23,27,,8,2379,BGR East,16,12,,46
2025-07,OUT0056,Airport Retail Co - Kolkata 5,Airport Retail Co,Airport,Kolkata,West Bengal,East,SKU0008,Lumina Sunscreen A,Lumina,Skincare,Sunscreen,Others,Active,1599,3,7,,0,0,BGR East,5,4,,42
2025-07,OUT0056,Airport Retail Co - Kolkata 5,Airport Retail Co,Airport,Kolkata,West Bengal,East,SKU0011,Lumina Foundation B,Lumina,Makeup,Foundation,Top 10,Inactive,1889,36,36,,5,9597,BGR East,8,5,,53
2025-07,OUT0056,Airport Retail Co - Kolkata 5,Airport Retail Co,Airport,Kolkata,West Bengal,East,SKU0015,Blush & Co Mascara A,Blush & Co,Makeup,Mascara,Top 25,Active,1219,11,13,,2,2805,BGR East,6,4,,52
2025-07,OUT0056,Airport Retail Co - Kolkata 5,Airport Retail Co,Airport,Kolkata,West Bengal,East,SKU0017,Lumina Mascara C,Lumina,Makeup,Mascara,Top 10,Active,529,16,19,,5,3276,BGR East,8,8,,47
2025-07,OUT0056,Airport Retail Co - Kolkata 5,Airport Retail Co,Airport,Kolkata,West Bengal,East,SKU0018,Northline Eyeliner A,Northline,Makeup,Eyeliner,Others,Active,1959,2,3,,0,0,BGR East,1,1,,50
2025-07,OUT0056,Airport Retail Co - Kolkata 5,Airport Retail Co,Airport,Kolkata,West Bengal,East,SKU0019,Northline Eyeliner B,Northline,Makeup,Eyeliner,Others,Active,1889,5,7,,0,0,BGR East,4,2,,51
2025-07,OUT0056,Airport Retail Co - Kolkata 5,Airport Retail Co,Airport,Kolkata,West Bengal,East,SKU0020,Lumina Shampoo A,Lumina,Haircare,Shampoo,Top 10,Active,509,6,10,,5,2797,BGR East,12,9,,32
2025-07,OUT0056,Airport Retail Co - Kolkata 5,Airport Retail Co,Airport,Kolkata,West Bengal,East,SKU0021,Verde Shampoo B,Verde,Haircare,Shampoo,Others,Active,1319,9,10,,0,0,BGR East,2,1,,33
2025-07,OUT0056,Airport Retail Co - Kolkata 5,Airport Retail Co,Airport,Kolkata,West Bengal,East,SKU0022,Northline Conditioner A,Northline,Haircare,Conditioner,Others,Active,779,5,7,,0,0,BGR East,3,2,,38
2025-07,OUT0056,Airport Retail Co - Kolkata 5,Airport Retail Co,Airport,Kolkata,West Bengal,East,SKU0027,Lumina EDP B,Lumina,Fragrance,EDP,Top 10,Active,529,26,27,,7,3843,BGR East,11,8,,54
2025-07,OUT0056,Airport Retail Co - Kolkata 5,Airport Retail Co,Airport,Kolkata,West Bengal,East,SKU0028,Northline EDT A,Northline,Fragrance,EDT,Top 25,Active,1109,11,11,,4,5131,BGR East,6,4,,52
2025-07,OUT0056,Airport Retail Co - Kolkata 5,Airport Retail Co,Airport,Kolkata,West Bengal,East,SKU0030,Blush & Co EDT C,Blush & Co,Fragrance,EDT,Others,Active,779,7,7,,0,0,BGR East,0,0,,57
2025-07,OUT0056,Airport Retail Co - Kolkata 5,Airport Retail Co,Airport,Kolkata,West Bengal,East,SKU0031,Lumina Body Mist A,Lumina,Fragrance,Body Mist,Top 25,Active,2119,9,8,,3,6526,BGR East,4,2,,54
2025-07,OUT0056,Airport Retail Co - Kolkata 5,Airport Retail Co,Airport,Kolkata,West Bengal,East,SKU0032,Northline Body Mist B,Northline,Fragrance,Body Mist,Others,Inactive,2229,11,12,,1,2455,BGR East,4,2,,57
2025-07,OUT0056,Airport Retail Co - Kolkata 5,Airport Retail Co,Airport,Kolkata,West Bengal,East,SKU0033,Northline Body Lotion A,Northline,Bath & Body,Body Lotion,Top 10,Active,1239,13,0,,9,12575,BGR East,14,14,,40
2025-07,OUT0056,Airport Retail Co - Kolkata 5,Airport Retail Co,Airport,Kolkata,West Bengal,East,SKU0035,Northline Body Wash A,Northline,Bath & Body,Body Wash,Others,Active,469,6,8,,0,0,BGR East,3,2,,37
2025-07,OUT0056,Airport Retail Co - Kolkata 5,Airport Retail Co,Airport,Kolkata,West Bengal,East,SKU0037,Verde Body Wash C,Verde,Bath & Body,Body Wash,Top 25,Active,2239,0,14,,2,4579,BGR East,4,4,,38
2025-07,OUT0056,Airport Retail Co - Kolkata 5,Airport Retail Co,Airport,Kolkata,West Bengal,East,SKU0038,Blush & Co Hand Cream A,Blush & Co,Bath & Body,Hand Cream,Others,Active,489,8,10,,0,0,BGR East,3,2,,42
2025-07,OUT0057,Airport Retail Co - Noida 6,Airport Retail Co,Airport,Noida,UP,North,SKU0002,Verde Moisturizer B,Verde,Skincare,Moisturizer,Top 10,Active,1179,0,2,,11,13285,BGR North,13,13,,42
2025-07,OUT0057,Airport Retail Co - Noida 6,Airport Retail Co,Airport,Noida,UP,North,SKU0003,Verde Serum A,Verde,Skincare,Serum,Top 25,Active,2419,3,1,,7,21196,BGR North,6,5,,44
2025-07,OUT0057,Airport Retail Co - Noida 6,Airport Retail Co,Airport,Noida,UP,North,SKU0004,Northline Serum B,Northline,Skincare,Serum,Top 25,Active,2489,13,15,,5,12220,BGR North,8,7,,47
2025-07,OUT0057,Airport Retail Co - Noida 6,Airport Retail Co,Airport,Noida,UP,North,SKU0006,Blush & Co Cleanser A,Blush & Co,Skincare,Cleanser,Top 10,Active,289,35,32,,11,3128,BGR North,12,8,,42
2025-07,OUT0057,Airport Retail Co - Noida 6,Airport Retail Co,Airport,Noida,UP,North,SKU0009,Blush & Co Sunscreen B,Blush & Co,Skincare,Sunscreen,Others,Inactive,1629,12,11,,1,1869,BGR North,1,0,,42
2025-07,OUT0057,Airport Retail Co - Noida 6,Airport Retail Co,Airport,Noida,UP,North,SKU0011,Lumina Foundation B,Lumina,Makeup,Foundation,Top 10,Inactive,1889,24,30,,8,15939,BGR North,16,14,,51
2025-07,OUT0057,Airport Retail Co - Noida 6,Airport Retail Co,Airport,Noida,UP,North,SKU0012,Northline Lipstick A,Northline,Makeup,Lipstick,Others,Active,2429,4,7,,0,0,BGR North,4,3,,47
2025-07,OUT0057,Airport Retail Co - Noida 6,Airport Retail Co,Airport,Noida,UP,North,SKU0014,Lumina Lipstick C,Lumina,Makeup,Lipstick,Top 25,Active,1729,17,18,,3,4913,BGR North,4,4,,50
2025-07,OUT0057,Airport Retail Co - Noida 6,Airport Retail Co,Airport,Noida,UP,North,SKU0017,Lumina Mascara C,Lumina,Makeup,Mascara,Top 10,Active,529,27,27,,8,4291,BGR North,9,8,,52
2025-07,OUT0057,Airport Retail Co - Noida 6,Airport Retail Co,Airport,Noida,UP,North,SKU0019,Northline Eyeliner B,Northline,Makeup,Eyeliner,Others,Active,1889,8,8,,0,0,BGR North,1,0,,53
2025-07,OUT0057,Airport Retail Co - Noida 6,Airport Retail Co,Airport,Noida,UP,North,SKU0023,Northline Conditioner B,Northline,Haircare,Conditioner,Others,Active,379,8,9,,0,0,BGR North,2,1,,33
2025-07,OUT0057,Airport Retail Co - Noida 6,Airport Retail Co,Airport,Noida,UP,North,SKU0027,Lumina EDP B,Lumina,Fragrance,EDP,Top 10,Active,529,13,19,,7,3555,BGR North,13,13,,55
2025-07,OUT0057,Airport Retail Co - Noida 6,Airport Retail Co,Airport,Noida,UP,North,SKU0028,Northline EDT A,Northline,Fragrance,EDT,Top 25,Active,1109,26,27,,8,8780,BGR North,14,9,,52
2025-07,OUT0057,Airport Retail Co - Noida 6,Airport Retail Co,Airport,Noida,UP,North,SKU0029,Blush & Co EDT B,Blush & Co,Fragrance,EDT,Top 25,Active,479,23,27,,3,1296,BGR North,7,7,,55
2025-07,OUT0057,Airport Retail Co - Noida 6,Airport Retail Co,Airport,Noida,UP,North,SKU0033,Northline Body Lotion A,Northline,Bath & Body,Body Lotion,Top 10,Active,1239,73,79,,10,11575,BGR North,16,16,,40
2025-07,OUT0057,Airport Retail Co - Noida 6,Airport Retail Co,Airport,Noida,UP,North,SKU0034,Northline Body Lotion B,Northline,Bath & Body,Body Lotion,Top 25,Active,989,18,16,,3,3620,BGR North,2,1,,42
2025-07,OUT0057,Airport Retail Co - Noida 6,Airport Retail Co,Airport,Noida,UP,North,SKU0035,Northline Body Wash A,Northline,Bath & Body,Body Wash,Others,Active,469,0,2,,1,471,BGR North,4,3,,40
2025-07,OUT0057,Airport Retail Co - Noida 6,Airport Retail Co,Airport,Noida,UP,North,SKU0037,Verde Body Wash C,Verde,Bath & Body,Body Wash,Top 25,Active,2239,21,0,,2,4101,BGR North,1,0,,39
2025-07,OUT0057,Airport Retail Co - Noida 6,Airport Retail Co,Airport,Noida,UP,North,SKU0039,Northline Hand Cream B,Northline,Bath & Body,Hand Cream,Others,Active,1189,17,0,,1,1485,BGR North,4,4,,41
2025-07,OUT0058,Airport Retail Co - Ludhiana 7,Airport Retail Co,Airport,Ludhiana,Punjab,North,SKU0002,Verde Moisturizer B,Verde,Skincare,Moisturizer,Top 10,Active,1179,35,41,,7,9761,BGR North,15,13,,43
2025-07,OUT0058,Airport Retail Co - Ludhiana 7,Airport Retail Co,Airport,Ludhiana,Punjab,North,SKU0003,Verde Serum A,Verde,Skincare,Serum,Top 25,Active,2419,32,0,,15,40161,BGR North,34,27,,45
2025-07,OUT0058,Airport Retail Co - Ludhiana 7,Airport Retail Co,Airport,Ludhiana,Punjab,North,SKU0004,Northline Serum B,Northline,Skincare,Serum,Top 25,Active,2489,14,17,,2,5024,BGR North,7,5,,46
2025-07,OUT0058,Airport Retail Co - Ludhiana 7,Airport Retail Co,Airport,Ludhiana,Punjab,North,SKU0006,Blush & Co Cleanser A,Blush & Co,Skincare,Cleanser,Top 10,Active,289,0,7,,10,3168,BGR North,17,17,,47
2025-07,OUT0058,Airport Retail Co - Ludhiana 7,Airport Retail Co,Airport,Ludhiana,Punjab,North,SKU0008,Lumina Sunscreen A,Lumina,Skincare,Sunscreen,Others,Active,1599,8,11,,0,0,BGR North,3,3,,43
2025-07,OUT0058,Airport Retail Co - Ludhiana 7,Airport Retail Co,Airport,Ludhiana,Punjab,North,SKU0011,Lumina Foundation B,Lumina,Makeup,Foundation,Top 10,Inactive,1889,4,13,,12,21296,BGR North,24,21,,49
2025-07,OUT0058,Airport Retail Co - Ludhiana 7,Airport Retail Co,Airport,Ludhiana,Punjab,North,SKU0012,Northline Lipstick A,Northline,Makeup,Lipstick,Others,Active,2429,7,0,,0,0,BGR North,2,1,,53
2025-07,OUT0058,Airport Retail Co - Ludhiana 7,Airport Retail Co,Airport,Ludhiana,Punjab,North,SKU0013,Northline Lipstick B,Northline,Makeup,Lipstick,Others,Active,2469,5,5,,0,0,BGR North,1,0,,47
2025-07,OUT0058,Airport Retail Co - Ludhiana 7,Airport Retail Co,Airport,Ludhiana,Punjab,North,SKU0014,Lumina Lipstick C,Lumina,Makeup,Lipstick,Top 25,Active,1729,15,15,,5,9170,BGR North,5,5,,48
2025-07,OUT0058,Airport Retail Co - Ludhiana 7,Airport Retail Co,Airport,Ludhiana,Punjab,North,SKU0016,Verde Mascara B,Verde,Makeup,Mascara,Top 25,Active,199,12,0,,3,566,BGR North,7,5,,53
2025-07,OUT0058,Airport Retail Co - Ludhiana 7,Airport Retail Co,Airport,Ludhiana,Punjab,North,SKU0017,Lumina Mascara C,Lumina,Makeup,Mascara,Top 10,Active,529,33,32,,8,4545,BGR North,9,7,,47
2025-07,OUT0058,Airport Retail Co - Ludhiana 7,Airport Retail Co,Airport,Ludhiana,Punjab,North,SKU0019,Northline Eyeliner B,Northline,Makeup,Eyeliner,Others,Active,1889,0,4,,1,1898,BGR North,5,5,,50
2025-07,OUT0058,Airport Retail Co - Ludhiana 7,Airport Retail Co,Airport,Ludhiana,Punjab,North,SKU0020,Lumina Shampoo A,Lumina,Haircare,Shampoo,Top 10,Active,509,30,42,,8,4023,BGR North,20,20,,37
2025-07,OUT0058,Airport Retail Co - Ludhiana 7,Airport Retail Co,Airport,Ludhiana,Punjab,North,SKU0022,Northline Conditioner A,Northline,Haircare,Conditioner,Others,Active,779,6,6,,1,760,BGR North,2,1,,32
2025-07,OUT0058,Airport Retail Co - Ludhiana 7,Airport Retail Co,Airport,Ludhiana,Punjab,North,SKU0023,Northline Conditioner B,Northline,Haircare,Conditioner,Others,Active,379,4,4,,0,0,BGR North,0,0,,37
2025-07,OUT0058,Airport Retail Co - Ludhiana 7,Airport Retail Co,Airport,Ludhiana,Punjab,North,SKU0027,Lumina EDP B,Lumina,Fragrance,EDP,Top 10,Active,529,0,8,,9,5176,BGR North,17,17,,54
2025-07,OUT0058,Airport Retail Co - Ludhiana 7,Airport Retail Co,Airport,Ludhiana,Punjab,North,SKU0028,Northline EDT A,Northline,Fragrance,EDT,Top 25,Active,1109,0,2,,8,9262,BGR North,12,10,,55
2025-07,OUT0058,Airport Retail Co - Ludhiana 7,Airport Retail Co,Airport,Ludhiana,Punjab,North,SKU0031,Lumina Body Mist A,Lumina,Fragrance,Body Mist,Top 25,Active,2119,19,23,,5,12535,BGR North,13,9,,53
2025-07,OUT0058,Airport Retail Co - Ludhiana 7,Airport Retail Co,Airport,Ludhiana,Punjab,North,SKU0033,Northline Body Lotion A,Northline,Bath & Body,Body Lotion,Top 10,Active,1239,2,5,,9,11021,BGR North,16,12,,37
2025-07,OUT0058,Airport Retail Co - Ludhiana 7,Airport Retail Co,Airport,Ludhiana,Punjab,North,SKU0035,Northline Body Wash A,Northline,Bath & Body,Body Wash,Others,Active,469,4,6,,1,454,BGR North,3,3,,41
2025-07,OUT0058,Airport Retail Co - Ludhiana 7,Airport Retail Co,Airport,Ludhiana,Punjab,North,SKU0036,Northline Body Wash B,Northline,Bath & Body,Body Wash,Others,Active,1179,6,0,,0,0,BGR North,1,0,,39
2025-07,OUT0058,Airport Retail Co - Ludhiana 7,Airport Retail Co,Airport,Ludhiana,Punjab,North,SKU0037,Verde Body Wash C,Verde,Bath & Body,Body Wash,Top 25,Active,2239,14,16,,2,4289,BGR North,5,4,,38
2025-07,OUT0058,Airport Retail Co - Ludhiana 7,Airport Retail Co,Airport,Ludhiana,Punjab,North,SKU0038,Blush & Co Hand Cream A,Blush & Co,Bath & Body,Hand Cream,Others,Active,489,13,14,,1,482,BGR North,4,2,,41
2025-07,OUT0059,Airport Retail Co - Surat 8,Airport Retail Co,Airport,Surat,Gujarat,West,SKU0001,Blush & Co Moisturizer A,Blush & Co,Skincare,Moisturizer,Others,Active,2319,11,7,,1,2544,BGR West,3,3,,46
2025-07,OUT0059,Airport Retail Co - Surat 8,Airport Retail Co,Airport,Surat,Gujarat,West,SKU0002,Verde Moisturizer B,Verde,Skincare,Moisturizer,Top 10,Active,1179,42,43,,8,8712,BGR West,14,9,,43
2025-07,OUT0059,Airport Retail Co - Surat 8,Airport Retail Co,Airport,Surat,Gujarat,West,SKU0003,Verde Serum A,Verde,Skincare,Serum,Top 25,Active,2419,21,26,,3,7099,BGR West,9,8,,43
2025-07,OUT0059,Airport Retail Co - Surat 8,Airport Retail Co,Airport,Surat,Gujarat,West,SKU0005,Northline Serum C,Northline,Skincare,Serum,Others,Inactive,1819,6,9,,1,1988,BGR West,6,4,,48
2025-07,OUT0059,Airport Retail Co - Surat 8,Airport Retail Co,Airport,Surat,Gujarat,West,SKU0006,Blush & Co Cleanser A,Blush & Co,Skincare,Cleanser,Top 10,Active,289,20,14,,15,4146,BGR West,13,9,,45
2025-07,OUT0059,Airport Retail Co - Surat 8,Airport Retail Co,Airport,Surat,Gujarat,West,SKU0010,Blush & Co Foundation A,Blush & Co,Makeup,Foundation,Others,Active,1419,10,0,,1,1667,BGR West,5,5,,52
2025-07,OUT0059,Airport Retail Co - Surat 8,Airport Retail Co,Airport,Surat,Gujarat,West,SKU0011,Lumina Foundation B,Lumina,Makeup,Foundation,Top 10,Inactive,1889,40,47,,6,11103,BGR West,14,13,,52
2025-07,OUT0059,Airport Retail Co - Surat 8,Airport Retail Co,Airport,Surat,Gujarat,West,SKU0012,Northline Lipstick A,Northline,Makeup,Lipstick,Others,Active,2429,4,5,,0,0,BGR West,2,1,,49
2025-07,OUT0059,Airport Retail Co - Surat 8,Airport Retail Co,Airport,Surat,Gujarat,West,SKU0013,Northline Lipstick B,Northline,Makeup,Lipstick,Others,Active,2469,5,5,,0,0,BGR West,0,0,,53
2025-07,OUT0059,Airport Retail Co - Surat 8,Airport Retail Co,Airport,Surat,Gujarat,West,SKU0014,Lumina Lipstick C,Lumina,Makeup,Lipstick,Top 25,Active,1729,4,3,,5,10626,BGR West,5,4,,47
2025-07,OUT0059,Airport Retail Co - Surat 8,Airport Retail Co,Airport,Surat,Gujarat,West,SKU0016,Verde Mascara B,Verde,Makeup,Mascara,Top 25,Active,199,4,18,,3,661,BGR West,6,5,,47
2025-07,OUT0059,Airport Retail Co - Surat 8,Airport Retail Co,Airport,Surat,Gujarat,West,SKU0017,Lumina Mascara C,Lumina,Makeup,Mascara,Top 10,Active,529,51,55,,6,3469,BGR West,10,10,,48
2025-07,OUT0059,Airport Retail Co - Surat 8,Airport Retail Co,Airport,Surat,Gujarat,West,SKU0018,Northline Eyeliner A,Northline,Makeup,Eyeliner,Others,Active,1959,8,11,,0,0,BGR West,5,3,,52
2025-07,OUT0059,Airport Retail Co - Surat 8,Airport Retail Co,Airport,Surat,Gujarat,West,SKU0020,Lumina Shampoo A,Lumina,Haircare,Shampoo,Top 10,Active,509,65,62,,7,4289,BGR West,6,4,,38
2025-07,OUT0059,Airport Retail Co - Surat 8,Airport Retail Co,Airport,Surat,Gujarat,West,SKU0021,Verde Shampoo B,Verde,Haircare,Shampoo,Others,Active,1319,4,5,,2,2956,BGR West,4,3,,37
2025-07,OUT0059,Airport Retail Co - Surat 8,Airport Retail Co,Airport,Surat,Gujarat,West,SKU0023,Northline Conditioner B,Northline,Haircare,Conditioner,Others,Active,379,5,9,,0,0,BGR West,4,4,,35
2025-07,OUT0059,Airport Retail Co - Surat 8,Airport Retail Co,Airport,Surat,Gujarat,West,SKU0027,Lumina EDP B,Lumina,Fragrance,EDP,Top 10,Active,529,5,4,,8,4487,BGR West,11,7,,56
2025-07,OUT0059,Airport Retail Co - Surat 8,Airport Retail Co,Airport,Surat,Gujarat,West,SKU0028,Northline EDT A,Northline,Fragrance,EDT,Top 25,Active,1109,0,1,,5,4978,BGR West,7,6,,56
2025-07,OUT0059,Airport Retail Co - Surat 8,Airport Retail Co,Airport,Surat,Gujarat,West,SKU0029,Blush & Co EDT B,Blush & Co,Fragrance,EDT,Top 25,Active,479,14,0,,2,965,BGR West,5,4,,54
2025-07,OUT0059,Airport Retail Co - Surat 8,Airport Retail Co,Airport,Surat,Gujarat,West,SKU0030,Blush & Co EDT C,Blush & Co,Fragrance,EDT,Others,Active,779,4,5,,2,1602,BGR West,4,3,,54
2025-07,OUT0059,Airport Retail Co - Surat 8,Airport Retail Co,Airport,Surat,Gujarat,West,SKU0031,Lumina Body Mist A,Lumina,Fragrance,Body Mist,Top 25,Active,2119,19,24,,5,11627,BGR West,10,10,,55
2025-07,OUT0059,Airport Retail Co - Surat 8,Airport Retail Co,Airport,Surat,Gujarat,West,SKU0033,Northline Body Lotion A,Northline,Bath & Body,Body Lotion,Top 10,Active,1239,0,4,,7,9365,BGR West,11,11,,38
2025-07,OUT0059,Airport Retail Co - Surat 8,Airport Retail Co,Airport,Surat,Gujarat,West,SKU0034,Northline Body Lotion B,Northline,Bath & Body,Body Lotion,Top 25,Active,989,10,12,,5,4432,BGR West,8,7,,38
2025-07,OUT0059,Airport Retail Co - Surat 8,Airport Retail Co,Airport,Surat,Gujarat,West,SKU0036,Northline Body Wash B,Northline,Bath & Body,Body Wash,Others,Active,1179,4,0,,0,0,BGR West,0,0,,39
2025-07,OUT0059,Airport Retail Co - Surat 8,Airport Retail Co,Airport,Surat,Gujarat,West,SKU0037,Verde Body Wash C,Verde,Bath & Body,Body Wash,Top 25,Active,2239,18,20,,4,9086,BGR West,7,6,,42
