Month,Outlet Code,Outlet Name,Chain Name,Chain Type,City,State,Region,SKU Code,SKU,Brand,Category,Sub Category,Pareto,Status,MRP,OP Stock,CL Stock,Stock Qty,Tertiary Qty,Target Value,BGR,Order Qty,Filled Qty,Fill Rate %,Margin %,Manpower,Visibility %,Launch Date,Promo %
2025-04,OL1001,HG-NEXUS PUNE 1,Health & Glow,MBO,Pune,Maharashtra,West,SKU40127,Matte Lip Color Coral 4.2Ml,Renee,Makeup,Lipstick,Top 25,Active,499,3,5,,3,1986,BGR West,8,5,,50,1,59,,
2025-04,OL1001,HG-NEXUS PUNE 1,Health & Glow,MBO,Pune,Maharashtra,West,SKU40318,Midnight Eyeliner Hazelnut 2.5Ml,Renee,Makeup,Eyeliner,Others,Active,650,6,6,,2,1724,BGR West,3,2,,50,1,59,,
2025-04,OL1001,HG-NEXUS PUNE 1,Health & Glow,MBO,Pune,Maharashtra,West,SKU40381,Midnight Eyeliner Ocean 2.5Ml,Renee,Makeup,Eyeliner,Top 25,Active,699,12,27,,4,3709,BGR West,8,6,,50,1,59,,
2025-04,OL1001,HG-NEXUS PUNE 1,Health & Glow,MBO,Pune,Maharashtra,West,SKU40588,Bb Cream Coral 30Ml,Renee,Makeup,Foundation,Top 10,Active,349,18,17,,6,2778,BGR West,7,5,,50,1,59,,
2025-04,OL1001,HG-NEXUS PUNE 1,Health & Glow,MBO,Pune,Maharashtra,West,SKU40722,Compact Powder Berry 9Gm,Renee,Makeup,Foundation,Top 10,Active,799,4,8,,4,4239,BGR West,9,8,,50,1,59,,
2025-04,OL1001,HG-NEXUS PUNE 1,Health & Glow,MBO,Pune,Maharashtra,West,SKU40763,Blending Brush R6,Renee,Makeup,Brushes,Others,Active,349,9,11,,3,1389,BGR West,5,5,,50,1,59,,
2025-04,OL1001,HG-NEXUS PUNE 1,Health & Glow,MBO,Pune,Maharashtra,West,SKU40951,Sunscreen Gel Spf 50 70Ml,Renee,Skincare,Sunscreen,Top 25,Active,999,2,1,,1,1325,BGR West,1,0,,45,1,59,,
2025-04,OL1001,HG-NEXUS PUNE 1,Health & Glow,MBO,Pune,Maharashtra,West,SKU40972,Sunscreen Gel Spf 50 70Ml,Renee,Skincare,Sunscreen,Top 25,Active,599,4,7,,2,1589,BGR West,8,7,,45,1,59,,
2025-04,OL1001,HG-NEXUS PUNE 1,Health & Glow,MBO,Pune,Maharashtra,West,SKU40979,Sunscreen Gel Spf 50 50Ml,Renee,Skincare,Sunscreen,Top 25,Active,799,2,3,,1,1060,BGR West,2,2,,45,1,59,,
2025-04,OL1001,HG-NEXUS PUNE 1,Health & Glow,MBO,Pune,Maharashtra,West,SKU41024,Vitamin C Serum 30Ml,Renee,Skincare,Serum,Others,Active,449,2,1,,1,596,BGR West,0,0,,45,1,59,,
2025-04,OL1001,HG-NEXUS PUNE 1,Health & Glow,MBO,Pune,Maharashtra,West,SKU41129,Face Wash Vanilla 40Ml,Renee,Skincare,Cleanser,Others,Active,299,1,0,,1,397,BGR West,0,0,,45,1,59,,
2025-04,OL1001,HG-NEXUS PUNE 1,Health & Glow,MBO,Pune,Maharashtra,West,SKU41295,Perfume Rose 50Ml,Renee,Fragrance,EDP,Top 25,Active,599,4,6,,4,3178,BGR West,7,6,,55,1,59,,
2025-04,OL1001,HG-NEXUS PUNE 1,Health & Glow,MBO,Pune,Maharashtra,West,SKU41420,Body Mist Coral 100Ml,Renee,Fragrance,Body Mist,Top 25,Active,399,3,4,,3,1588,BGR West,6,4,,55,1,59,,
2025-04,OL1001,HG-NEXUS PUNE 1,Health & Glow,MBO,Pune,Maharashtra,West,SKU41476,Body Mist Mocha 100Ml,Renee,Fragrance,Body Mist,Top 10,Active,799,12,12,,2,2120,BGR West,4,4,,55,1,59,,
2025-04,OL1001,HG-NEXUS PUNE 1,Health & Glow,MBO,Pune,Maharashtra,West,SKU41536,Body Mist Nude 100Ml,Renee,Fragrance,Body Mist,Top 25,Active,349,16,16,,8,3704,BGR West,11,8,,55,1,59,,
2025-04,OL1001,HG-NEXUS PUNE 1,Health & Glow,MBO,Pune,Maharashtra,West,SKU41608,Hair Oil Berry 100Ml,Renee,Haircare,Hair Oil,Others,Active,449,1,0,,1,596,BGR West,1,0,,35,1,59,,
2025-04,OL1001,HG-NEXUS PUNE 1,Health & Glow,MBO,Pune,Maharashtra,West,SKU41647,Hair Oil Hazelnut 100Ml,Renee,Haircare,Hair Oil,Others,Active,799,2,2,,2,2120,BGR West,3,2,,35,1,59,,
2025-04,OL1002,HG-PHOENIX SURAT 2,Health & Glow,MBO,Surat,Gujarat,West,SKU40078,Matte Lip Color Rose 4.2Ml,Renee,Makeup,Lipstick,Top 25,Active,650,3,3,,1,671,BGR West,2,1,,50,2,48,,
2025-04,OL1002,HG-PHOENIX SURAT 2,Health & Glow,MBO,Surat,Gujarat,West,SKU40266,Liquid Lipstick Nude 5Ml,Renee,Makeup,Lipstick,Top 10,Active,799,3,0,,3,2476,BGR West,2,1,,50,2,48,,
2025-04,OL1002,HG-PHOENIX SURAT 2,Health & Glow,MBO,Surat,Gujarat,West,SKU40381,Midnight Eyeliner Ocean 2.5Ml,Renee,Makeup,Eyeliner,Top 25,Active,699,2,3,,1,722,BGR West,3,2,,50,2,48,,
2025-04,OL1002,HG-PHOENIX SURAT 2,Health & Glow,MBO,Surat,Gujarat,West,SKU40425,Kajal Vanilla 0.35Gm,Renee,Makeup,Eyeliner,Top 25,Active,299,8,8,,4,1235,BGR West,5,4,,50,2,48,,
2025-04,OL1002,HG-PHOENIX SURAT 2,Health & Glow,MBO,Surat,Gujarat,West,SKU40544,Bb Cream Peach 30Ml,Renee,Makeup,Foundation,Top 10,Active,599,2,0,,2,1237,BGR West,1,0,,50,2,48,,
2025-04,OL1002,HG-PHOENIX SURAT 2,Health & Glow,MBO,Surat,Gujarat,West,SKU40595,Compact Powder Mocha 9Gm,Renee,Makeup,Foundation,Top 10,Active,449,2,2,,2,927,BGR West,3,2,,50,2,48,,
2025-04,OL1002,HG-PHOENIX SURAT 2,Health & Glow,MBO,Surat,Gujarat,West,SKU40722,Compact Powder Berry 9Gm,Renee,Makeup,Foundation,Top 10,Active,799,6,5,,2,1650,BGR West,2,1,,50,2,48,,
2025-04,OL1002,HG-PHOENIX SURAT 2,Health & Glow,MBO,Surat,Gujarat,West,SKU41032,Face Wash Hazelnut 60Ml,Renee,Skincare,Cleanser,Others,Active,499,2,2,,2,1031,BGR West,3,2,,45,2,48,,
2025-04,OL1002,HG-PHOENIX SURAT 2,Health & Glow,MBO,Surat,Gujarat,West,SKU41048,Face Wash Ocean 20Ml,Renee,Skincare,Cleanser,Others,Active,349,6,8,,3,1081,BGR West,5,5,,45,2,48,,
2025-04,OL1002,HG-PHOENIX SURAT 2,Health & Glow,MBO,Surat,Gujarat,West,SKU41129,Face Wash Vanilla 40Ml,Renee,Skincare,Cleanser,Others,Active,299,12,13,,4,1235,BGR West,6,5,,45,2,48,,
2025-04,OL1002,HG-PHOENIX SURAT 2,Health & Glow,MBO,Surat,Gujarat,West,SKU41420,Body Mist Coral 100Ml,Renee,Fragrance,Body Mist,Top 25,Active,399,9,12,,3,1236,BGR West,6,6,,55,2,48,,
2025-04,OL1002,HG-PHOENIX SURAT 2,Health & Glow,MBO,Surat,Gujarat,West,SKU41536,Body Mist Nude 100Ml,Renee,Fragrance,Body Mist,Top 25,Active,349,6,8,,2,721,BGR West,5,4,,55,2,48,,
2025-04,OL1003,HG-FORUM JAIPUR 3,Health & Glow,MBO,Jaipur,Rajasthan,North,SKU40078,Matte Lip Color Rose 4.2Ml,Renee,Makeup,Lipstick,Top 25,Active,650,2,3,,2,1509,BGR North,3,3,,50,4,94,,
2025-04,OL1003,HG-FORUM JAIPUR 3,Health & Glow,MBO,Jaipur,Rajasthan,North,SKU40266,Liquid Lipstick Nude 5Ml,Renee,Makeup,Lipstick,Top 10,Active,799,6,6,,3,2782,BGR North,4,3,,50,4,94,,
2025-04,OL1003,HG-FORUM JAIPUR 3,Health & Glow,MBO,Jaipur,Rajasthan,North,SKU40318,Midnight Eyeliner Hazelnut 2.5Ml,Renee,Makeup,Eyeliner,Others,Active,650,2,3,,2,1509,BGR North,4,3,,50,4,94,,
2025-04,OL1003,HG-FORUM JAIPUR 3,Health & Glow,MBO,Jaipur,Rajasthan,North,SKU40425,Kajal Vanilla 0.35Gm,Renee,Makeup,Eyeliner,Top 25,Active,299,12,26,,4,1388,BGR North,6,4,,50,4,94,,
2025-04,OL1003,HG-FORUM JAIPUR 3,Health & Glow,MBO,Jaipur,Rajasthan,North,SKU40588,Bb Cream Coral 30Ml,Renee,Makeup,Foundation,Top 10,Active,349,12,11,,4,1620,BGR North,3,3,,50,4,94,,
2025-04,OL1003,HG-FORUM JAIPUR 3,Health & Glow,MBO,Jaipur,Rajasthan,North,SKU40722,Compact Powder Berry 9Gm,Renee,Makeup,Foundation,Top 10,Active,799,1,1,,1,927,BGR North,2,1,,50,4,94,,
2025-04,OL1003,HG-FORUM JAIPUR 3,Health & Glow,MBO,Jaipur,Rajasthan,North,SKU40836,Blending Brush R4,Renee,Makeup,Brushes,Top 10,Active,1199,8,8,,4,5566,BGR North,4,4,,50,4,94,,
2025-04,OL1003,HG-FORUM JAIPUR 3,Health & Glow,MBO,Jaipur,Rajasthan,North,SKU40928,Powder Brush R4,Renee,Makeup,Brushes,Top 25,Active,650,6,7,,2,1509,BGR North,7,4,,50,4,94,,
2025-04,OL1003,HG-FORUM JAIPUR 3,Health & Glow,MBO,Jaipur,Rajasthan,North,SKU41024,Vitamin C Serum 30Ml,Renee,Skincare,Serum,Others,Active,449,6,0,,3,1563,BGR North,5,5,,45,4,94,,
2025-04,OL1003,HG-FORUM JAIPUR 3,Health & Glow,MBO,Jaipur,Rajasthan,North,SKU41215,Perfume Midnight 50Ml,Renee,Fragrance,EDP,Others,Active,399,3,4,,1,463,BGR North,2,2,,55,4,94,,
2025-04,OL1003,HG-FORUM JAIPUR 3,Health & Glow,MBO,Jaipur,Rajasthan,North,SKU41420,Body Mist Coral 100Ml,Renee,Fragrance,Body Mist,Top 25,Active,399,3,5,,3,1389,BGR North,6,5,,55,4,94,,
2025-04,OL1004,HG-PHOENIX PUNE 4,Health & Glow,MBO,Pune,Maharashtra,West,SKU40078,Matte Lip Color Rose 4.2Ml,Renee,Makeup,Lipstick,Top 25,Active,650,4,5,,3,2345,BGR West,8,5,,50,3,80,,
2025-04,OL1004,HG-PHOENIX PUNE 4,Health & Glow,MBO,Pune,Maharashtra,West,SKU40108,Matte Lip Color Peach 4.2Ml,Renee,Makeup,Lipstick,Top 10,Active,650,9,9,,3,2345,BGR West,5,3,,50,3,80,,
2025-04,OL1004,HG-PHOENIX PUNE 4,Health & Glow,MBO,Pune,Maharashtra,West,SKU40127,Matte Lip Color Coral 4.2Ml,Renee,Makeup,Lipstick,Top 25,Active,499,8,9,,8,4801,BGR West,12,9,,50,3,80,,
2025-04,OL1004,HG-PHOENIX PUNE 4,Health & Glow,MBO,Pune,Maharashtra,West,SKU40266,Liquid Lipstick Nude 5Ml,Renee,Makeup,Lipstick,Top 10,Active,799,24,28,,8,7688,BGR West,15,12,,50,3,80,,
2025-04,OL1004,HG-PHOENIX PUNE 4,Health & Glow,MBO,Pune,Maharashtra,West,SKU40281,Midnight Eyeliner Berry 2.5Ml,Renee,Makeup,Eyeliner,Others,Active,299,9,12,,3,1079,BGR West,6,6,,50,3,80,,
2025-04,OL1004,HG-PHOENIX PUNE 4,Health & Glow,MBO,Pune,Maharashtra,West,SKU40318,Midnight Eyeliner Hazelnut 2.5Ml,Renee,Makeup,Eyeliner,Others,Active,650,4,9,,4,3127,BGR West,9,9,,50,3,80,,
2025-04,OL1004,HG-PHOENIX PUNE 4,Health & Glow,MBO,Pune,Maharashtra,West,SKU40544,Bb Cream Peach 30Ml,Renee,Makeup,Foundation,Top 10,Active,599,8,0,,4,2882,BGR West,17,17,,50,3,80,,
2025-04,OL1004,HG-PHOENIX PUNE 4,Health & Glow,MBO,Pune,Maharashtra,West,SKU40595,Compact Powder Mocha 9Gm,Renee,Makeup,Foundation,Top 10,Active,449,45,59,,15,8101,BGR West,29,29,,50,3,80,,
2025-04,OL1004,HG-PHOENIX PUNE 4,Health & Glow,MBO,Pune,Maharashtra,West,SKU40662,Compact Powder Nude 9Gm,Renee,Makeup,Foundation,Top 25,Active,1199,8,0,,4,5768,BGR West,6,6,,50,3,80,,
2025-04,OL1004,HG-PHOENIX PUNE 4,Health & Glow,MBO,Pune,Maharashtra,West,SKU40722,Compact Powder Berry 9Gm,Renee,Makeup,Foundation,Top 10,Active,799,3,6,,3,2883,BGR West,6,6,,50,3,80,,
2025-04,OL1004,HG-PHOENIX PUNE 4,Health & Glow,MBO,Pune,Maharashtra,West,SKU40850,Powder Brush R8,Renee,Makeup,Brushes,Top 25,Active,650,3,2,,1,782,BGR West,0,0,,50,3,80,,
2025-04,OL1004,HG-PHOENIX PUNE 4,Health & Glow,MBO,Pune,Maharashtra,West,SKU40928,Powder Brush R4,Renee,Makeup,Brushes,Top 25,Active,650,10,15,,10,7818,BGR West,19,15,,50,3,80,,
2025-04,OL1004,HG-PHOENIX PUNE 4,Health & Glow,MBO,Pune,Maharashtra,West,SKU40951,Sunscreen Gel Spf 50 70Ml,Renee,Skincare,Sunscreen,Top 25,Active,999,12,16,,4,4806,BGR West,9,8,,45,3,80,,
2025-04,OL1004,HG-PHOENIX PUNE 4,Health & Glow,MBO,Pune,Maharashtra,West,SKU41024,Vitamin C Serum 30Ml,Renee,Skincare,Serum,Others,Active,449,4,3,,2,1080,BGR West,1,1,,45,3,80,,
2025-04,OL1004,HG-PHOENIX PUNE 4,Health & Glow,MBO,Pune,Maharashtra,West,SKU41048,Face Wash Ocean 20Ml,Renee,Skincare,Cleanser,Others,Active,349,2,1,,2,840,BGR West,2,1,,45,3,80,,
2025-04,OL1004,HG-PHOENIX PUNE 4,Health & Glow,MBO,Pune,Maharashtra,West,SKU41295,Perfume Rose 50Ml,Renee,Fragrance,EDP,Top 25,Active,599,12,13,,4,2882,BGR West,5,5,,55,3,80,,
2025-04,OL1004,HG-PHOENIX PUNE 4,Health & Glow,MBO,Pune,Maharashtra,West,SKU41420,Body Mist Coral 100Ml,Renee,Fragrance,Body Mist,Top 25,Active,399,12,13,,3,1440,BGR West,6,5,,55,3,80,,
2025-04,OL1004,HG-PHOENIX PUNE 4,Health & Glow,MBO,Pune,Maharashtra,West,SKU41476,Body Mist Mocha 100Ml,Renee,Fragrance,Body Mist,Top 10,Active,799,3,5,,0,0,BGR West,4,3,,55,3,80,,
2025-04,OL1004,HG-PHOENIX PUNE 4,Health & Glow,MBO,Pune,Maharashtra,West,SKU41647,Hair Oil Hazelnut 100Ml,Renee,Haircare,Hair Oil,Others,Active,799,4,6,,2,1922,BGR West,5,4,,35,3,80,,
2025-04,OL1005,HG-CITY CENTRE CHENNAI 5,Health & Glow,MBO,Chennai,Tamil Nadu,South,SKU40127,Matte Lip Color Coral 4.2Ml,Renee,Makeup,Lipstick,Top 25,Active,499,4,5,,2,953,BGR South,5,3,,50,3,51.8,,
2025-04,OL1005,HG-CITY CENTRE CHENNAI 5,Health & Glow,MBO,Chennai,Tamil Nadu,South,SKU40266,Liquid Lipstick Nude 5Ml,Renee,Makeup,Lipstick,Top 10,Active,799,24,26,,8,6105,BGR South,15,10,,50,3,51.8,,
2025-04,OL1005,HG-CITY CENTRE CHENNAI 5,Health & Glow,MBO,Chennai,Tamil Nadu,South,SKU40544,Bb Cream Peach 30Ml,Renee,Makeup,Foundation,Top 10,Active,599,0,2,,0,0,BGR South,3,2,,50,3,51.8,,
2025-04,OL1005,HG-CITY CENTRE CHENNAI 5,Health & Glow,MBO,Chennai,Tamil Nadu,South,SKU40722,Compact Powder Berry 9Gm,Renee,Makeup,Foundation,Top 10,Active,799,8,9,,4,3053,BGR South,5,5,,50,3,51.8,,
2025-04,OL1005,HG-CITY CENTRE CHENNAI 5,Health & Glow,MBO,Chennai,Tamil Nadu,South,SKU40836,Blending Brush R4,Renee,Makeup,Brushes,Top 10,Active,1199,16,12,,8,9162,BGR South,6,4,,50,3,51.8,,
2025-04,OL1005,HG-CITY CENTRE CHENNAI 5,Health & Glow,MBO,Chennai,Tamil Nadu,South,SKU40928,Powder Brush R4,Renee,Makeup,Brushes,Top 25,Active,650,9,8,,3,1863,BGR South,3,2,,50,3,51.8,,
2025-04,OL1005,HG-CITY CENTRE CHENNAI 5,Health & Glow,MBO,Chennai,Tamil Nadu,South,SKU40951,Sunscreen Gel Spf 50 70Ml,Renee,Skincare,Sunscreen,Top 25,Active,999,6,8,,3,2863,BGR South,5,5,,45,3,51.8,,
2025-04,OL1005,HG-CITY CENTRE CHENNAI 5,Health & Glow,MBO,Chennai,Tamil Nadu,South,SKU40972,Sunscreen Gel Spf 50 70Ml,Renee,Skincare,Sunscreen,Top 25,Active,599,8,9,,4,2289,BGR South,7,5,,45,3,51.8,,
2025-04,OL1005,HG-CITY CENTRE CHENNAI 5,Health & Glow,MBO,Chennai,Tamil Nadu,South,SKU40979,Sunscreen Gel Spf 50 50Ml,Renee,Skincare,Sunscreen,Top 25,Active,799,8,7,,4,3053,BGR South,4,3,,45,3,51.8,,
2025-04,OL1005,HG-CITY CENTRE CHENNAI 5,Health & Glow,MBO,Chennai,Tamil Nadu,South,SKU41024,Vitamin C Serum 30Ml,Renee,Skincare,Serum,Others,Active,449,9,14,,3,1287,BGR South,8,8,,45,3,51.8,,
2025-04,OL1005,HG-CITY CENTRE CHENNAI 5,Health & Glow,MBO,Chennai,Tamil Nadu,South,SKU41032,Face Wash Hazelnut 60Ml,Renee,Skincare,Cleanser,Others,Active,499,6,10,,3,1430,BGR South,7,7,,45,3,51.8,,
2025-04,OL1005,HG-CITY CENTRE CHENNAI 5,Health & Glow,MBO,Chennai,Tamil Nadu,South,SKU41048,Face Wash Ocean 20Ml,Renee,Skincare,Cleanser,Others,Active,349,12,16,,4,1333,BGR South,8,8,,45,3,51.8,,
2025-04,OL1005,HG-CITY CENTRE CHENNAI 5,Health & Glow,MBO,Chennai,Tamil Nadu,South,SKU41129,Face Wash Vanilla 40Ml,Renee,Skincare,Cleanser,Others,Active,299,2,8,,1,286,BGR South,0,0,,45,3,51.8,,
2025-04,OL1005,HG-CITY CENTRE CHENNAI 5,Health & Glow,MBO,Chennai,Tamil Nadu,South,SKU41295,Perfume Rose 50Ml,Renee,Fragrance,EDP,Top 25,Active,599,12,12,,4,2289,BGR South,5,4,,55,3,51.8,,
2025-04,OL1005,HG-CITY CENTRE CHENNAI 5,Health & Glow,MBO,Chennai,Tamil Nadu,South,SKU41476,Body Mist Mocha 100Ml,Renee,Fragrance,Body Mist,Top 10,Active,799,5,8,,5,3816,BGR South,12,8,,55,3,51.8,,
2025-04,OL1005,HG-CITY CENTRE CHENNAI 5,Health & Glow,MBO,Chennai,Tamil Nadu,South,SKU41536,Body Mist Nude 100Ml,Renee,Fragrance,Body Mist,Top 25,Active,349,4,7,,4,1333,BGR South,8,7,,55,3,51.8,,
2025-04,OL1006,HG-INORBIT GUWAHATI 6,Health & Glow,MBO,Guwahati,Assam,East,SKU40281,Midnight Eyeliner Berry 2.5Ml,Renee,Makeup,Eyeliner,Others,Active,299,8,8,,2,700,BGR East,7,4,,50,2,84.7,,
2025-04,OL1006,HG-INORBIT GUWAHATI 6,Health & Glow,MBO,Guwahati,Assam,East,SKU40318,Midnight Eyeliner Hazelnut 2.5Ml,Renee,Makeup,Eyeliner,Others,Active,650,3,2,,1,761,BGR East,1,0,,50,2,84.7,,
2025-04,OL1006,HG-INORBIT GUWAHATI 6,Health & Glow,MBO,Guwahati,Assam,East,SKU40425,Kajal Vanilla 0.35Gm,Renee,Makeup,Eyeliner,Top 25,Active,299,6,5,,6,2101,BGR East,8,5,,50,2,84.7,,
2025-04,OL1006,HG-INORBIT GUWAHATI 6,Health & Glow,MBO,Guwahati,Assam,East,SKU40544,Bb Cream Peach 30Ml,Renee,Makeup,Foundation,Top 10,Active,599,6,0,,6,4209,BGR East,6,5,,50,2,84.7,,
2025-04,OL1006,HG-INORBIT GUWAHATI 6,Health & Glow,MBO,Guwahati,Assam,East,SKU40588,Bb Cream Coral 30Ml,Renee,Makeup,Foundation,Top 10,Active,349,18,20,,6,2452,BGR East,9,8,,50,2,84.7,,
2025-04,OL1006,HG-INORBIT GUWAHATI 6,Health & Glow,MBO,Guwahati,Assam,East,SKU40595,Compact Powder Mocha 9Gm,Renee,Makeup,Foundation,Top 10,Active,449,27,29,,6,3155,BGR East,14,11,,50,2,84.7,,
2025-04,OL1006,HG-INORBIT GUWAHATI 6,Health & Glow,MBO,Guwahati,Assam,East,SKU40928,Powder Brush R4,Renee,Makeup,Brushes,Top 25,Active,650,6,6,,2,1522,BGR East,3,2,,50,2,84.7,,
2025-04,OL1006,HG-INORBIT GUWAHATI 6,Health & Glow,MBO,Guwahati,Assam,East,SKU40951,Sunscreen Gel Spf 50 70Ml,Renee,Skincare,Sunscreen,Top 25,Active,999,2,2,,2,2340,BGR East,2,2,,45,2,84.7,,
2025-04,OL1006,HG-INORBIT GUWAHATI 6,Health & Glow,MBO,Guwahati,Assam,East,SKU41032,Face Wash Hazelnut 60Ml,Renee,Skincare,Cleanser,Others,Active,499,3,4,,1,584,BGR East,3,2,,45,2,84.7,,
2025-04,OL1006,HG-INORBIT GUWAHATI 6,Health & Glow,MBO,Guwahati,Assam,East,SKU41129,Face Wash Vanilla 40Ml,Renee,Skincare,Cleanser,Others,Active,299,6,8,,2,700,BGR East,6,5,,45,2,84.7,,
2025-04,OL1006,HG-INORBIT GUWAHATI 6,Health & Glow,MBO,Guwahati,Assam,East,SKU41295,Perfume Rose 50Ml,Renee,Fragrance,EDP,Top 25,Active,599,4,2,,4,2806,BGR East,3,2,,55,2,84.7,,
2025-04,OL1006,HG-INORBIT GUWAHATI 6,Health & Glow,MBO,Guwahati,Assam,East,SKU41420,Body Mist Coral 100Ml,Renee,Fragrance,Body Mist,Top 25,Active,399,12,11,,4,1869,BGR East,5,3,,55,2,84.7,,
2025-04,OL1006,HG-INORBIT GUWAHATI 6,Health & Glow,MBO,Guwahati,Assam,East,SKU41476,Body Mist Mocha 100Ml,Renee,Fragrance,Body Mist,Top 10,Active,799,9,11,,3,2807,BGR East,6,5,,55,2,84.7,,
2025-04,OL1006,HG-INORBIT GUWAHATI 6,Health & Glow,MBO,Guwahati,Assam,East,SKU41536,Body Mist Nude 100Ml,Renee,Fragrance,Body Mist,Top 25,Active,349,24,25,,8,3270,BGR East,10,9,,55,2,84.7,,
2025-04,OL1006,HG-INORBIT GUWAHATI 6,Health & Glow,MBO,Guwahati,Assam,East,SKU41608,Hair Oil Berry 100Ml,Renee,Haircare,Hair Oil,Others,Active,449,4,4,,1,526,BGR East,3,2,,35,2,84.7,,
2025-04,OL1007,HG-NEXUS JAIPUR 7,Health & Glow,MBO,Jaipur,Rajasthan,North,SKU40078,Matte Lip Color Rose 4.2Ml,Renee,Makeup,Lipstick,Top 25,Active,650,12,17,,4,2670,BGR North,11,11,,50,4,92.2,,
2025-04,OL1007,HG-NEXUS JAIPUR 7,Health & Glow,MBO,Jaipur,Rajasthan,North,SKU40381,Midnight Eyeliner Ocean 2.5Ml,Renee,Makeup,Eyeliner,Top 25,Active,699,10,9,,5,3589,BGR North,5,4,,50,4,92.2,,
2025-04,OL1007,HG-NEXUS JAIPUR 7,Health & Glow,MBO,Jaipur,Rajasthan,North,SKU40544,Bb Cream Peach 30Ml,Renee,Makeup,Foundation,Top 10,Active,599,12,11,,6,3690,BGR North,6,5,,50,4,92.2,,
2025-04,OL1007,HG-NEXUS JAIPUR 7,Health & Glow,MBO,Jaipur,Rajasthan,North,SKU40662,Compact Powder Nude 9Gm,Renee,Makeup,Foundation,Top 25,Active,1199,6,8,,2,2462,BGR North,4,4,,50,4,92.2,,
2025-04,OL1007,HG-NEXUS JAIPUR 7,Health & Glow,MBO,Jaipur,Rajasthan,North,SKU40763,Blending Brush R6,Renee,Makeup,Brushes,Others,Active,349,3,3,,1,358,BGR North,2,1,,50,4,92.2,,
2025-04,OL1007,HG-NEXUS JAIPUR 7,Health & Glow,MBO,Jaipur,Rajasthan,North,SKU40836,Blending Brush R4,Renee,Makeup,Brushes,Top 10,Active,1199,12,14,,6,7387,BGR North,10,8,,50,4,92.2,,
2025-04,OL1007,HG-NEXUS JAIPUR 7,Health & Glow,MBO,Jaipur,Rajasthan,North,SKU40850,Powder Brush R8,Renee,Makeup,Brushes,Top 25,Active,650,21,28,,7,4672,BGR North,15,14,,50,4,92.2,,
2025-04,OL1007,HG-NEXUS JAIPUR 7,Health & Glow,MBO,Jaipur,Rajasthan,North,SKU40951,Sunscreen Gel Spf 50 70Ml,Renee,Skincare,Sunscreen,Top 25,Active,999,3,4,,3,3077,BGR North,6,4,,45,4,92.2,,
2025-04,OL1007,HG-NEXUS JAIPUR 7,Health & Glow,MBO,Jaipur,Rajasthan,North,SKU40972,Sunscreen Gel Spf 50 70Ml,Renee,Skincare,Sunscreen,Top 25,Active,599,4,5,,4,2460,BGR North,6,5,,45,4,92.2,,
2025-04,OL1007,HG-NEXUS JAIPUR 7,Health & Glow,MBO,Jaipur,Rajasthan,North,SKU40979,Sunscreen Gel Spf 50 50Ml,Renee,Skincare,Sunscreen,Top 25,Active,799,8,6,,4,3282,BGR North,3,2,,45,4,92.2,,
2025-04,OL1007,HG-NEXUS JAIPUR 7,Health & Glow,MBO,Jaipur,Rajasthan,North,SKU41032,Face Wash Hazelnut 60Ml,Renee,Skincare,Cleanser,Others,Active,499,4,13,,2,1025,BGR North,6,6,,45,4,92.2,,
2025-04,OL1007,HG-NEXUS JAIPUR 7,Health & Glow,MBO,Jaipur,Rajasthan,North,SKU41215,Perfume Midnight 50Ml,Renee,Fragrance,EDP,Others,Active,399,0,2,,0,0,BGR North,3,2,,55,4,92.2,,
2025-04,OL1007,HG-NEXUS JAIPUR 7,Health & Glow,MBO,Jaipur,Rajasthan,North,SKU41476,Body Mist Mocha 100Ml,Renee,Fragrance,Body Mist,Top 10,Active,799,16,12,,8,6563,BGR North,6,4,,55,4,92.2,,
2025-04,OL1007,HG-NEXUS JAIPUR 7,Health & Glow,MBO,Jaipur,Rajasthan,North,SKU41536,Body Mist Nude 100Ml,Renee,Fragrance,Body Mist,Top 25,Active,349,18,19,,0,0,BGR North,10,7,,55,4,92.2,,
2025-04,OL1008,HG-PHOENIX KOCHI 8,Health & Glow,MBO,Kochi,Kerala,South,SKU40108,Matte Lip Color Peach 4.2Ml,Renee,Makeup,Lipstick,Top 10,Active,650,3,7,,3,2426,BGR South,8,7,,50,1,75.4,,
2025-04,OL1008,HG-PHOENIX KOCHI 8,Health & Glow,MBO,Kochi,Kerala,South,SKU40127,Matte Lip Color Coral 4.2Ml,Renee,Makeup,Lipstick,Top 25,Active,499,2,5,,2,1242,BGR South,5,5,,50,1,75.4,,
2025-04,OL1008,HG-PHOENIX KOCHI 8,Health & Glow,MBO,Kochi,Kerala,South,SKU40318,Midnight Eyeliner Hazelnut 2.5Ml,Renee,Makeup,Eyeliner,Others,Active,650,1,0,,1,809,BGR South,1,0,,50,1,75.4,,
2025-04,OL1008,HG-PHOENIX KOCHI 8,Health & Glow,MBO,Kochi,Kerala,South,SKU40381,Midnight Eyeliner Ocean 2.5Ml,Renee,Makeup,Eyeliner,Top 25,Active,699,9,10,,1,870,BGR South,6,4,,50,1,75.4,,
2025-04,OL1008,HG-PHOENIX KOCHI 8,Health & Glow,MBO,Kochi,Kerala,South,SKU40490,Kajal Midnight 0.35Gm,Renee,Makeup,Eyeliner,Top 10,Active,599,9,10,,3,2236,BGR South,5,4,,50,1,75.4,,
2025-04,OL1008,HG-PHOENIX KOCHI 8,Health & Glow,MBO,Kochi,Kerala,South,SKU40588,Bb Cream Coral 30Ml,Renee,Makeup,Foundation,Top 10,Active,349,16,18,,8,3474,BGR South,10,10,,50,1,75.4,,
2025-04,OL1008,HG-PHOENIX KOCHI 8,Health & Glow,MBO,Kochi,Kerala,South,SKU40722,Compact Powder Berry 9Gm,Renee,Makeup,Foundation,Top 10,Active,799,12,12,,4,3977,BGR South,6,4,,50,1,75.4,,
2025-04,OL1008,HG-PHOENIX KOCHI 8,Health & Glow,MBO,Kochi,Kerala,South,SKU40763,Blending Brush R6,Renee,Makeup,Brushes,Others,Active,349,9,12,,3,1303,BGR South,6,6,,50,1,75.4,,
2025-04,OL1008,HG-PHOENIX KOCHI 8,Health & Glow,MBO,Kochi,Kerala,South,SKU40836,Blending Brush R4,Renee,Makeup,Brushes,Top 10,Active,1199,27,32,,9,13427,BGR South,16,14,,50,1,75.4,,
2025-04,OL1008,HG-PHOENIX KOCHI 8,Health & Glow,MBO,Kochi,Kerala,South,SKU40951,Sunscreen Gel Spf 50 70Ml,Renee,Skincare,Sunscreen,Top 25,Active,999,4,7,,2,2486,BGR South,5,5,,45,1,75.4,,
2025-04,OL1008,HG-PHOENIX KOCHI 8,Health & Glow,MBO,Kochi,Kerala,South,SKU40972,Sunscreen Gel Spf 50 70Ml,Renee,Skincare,Sunscreen,Top 25,Active,599,12,11,,4,2981,BGR South,5,3,,45,1,75.4,,
2025-04,OL1008,HG-PHOENIX KOCHI 8,Health & Glow,MBO,Kochi,Kerala,South,SKU41024,Vitamin C Serum 30Ml,Renee,Skincare,Serum,Others,Active,449,2,16,,2,1117,BGR South,6,6,,45,1,75.4,,
2025-04,OL1008,HG-PHOENIX KOCHI 8,Health & Glow,MBO,Kochi,Kerala,South,SKU41048,Face Wash Ocean 20Ml,Renee,Skincare,Cleanser,Others,Active,349,12,16,,4,1737,BGR South,9,8,,45,1,75.4,,
2025-04,OL1008,HG-PHOENIX KOCHI 8,Health & Glow,MBO,Kochi,Kerala,South,SKU41129,Face Wash Vanilla 40Ml,Renee,Skincare,Cleanser,Others,Active,299,6,9,,3,1116,BGR South,7,6,,45,1,75.4,,
2025-04,OL1008,HG-PHOENIX KOCHI 8,Health & Glow,MBO,Kochi,Kerala,South,SKU41295,Perfume Rose 50Ml,Renee,Fragrance,EDP,Top 25,Active,599,1,4,,0,0,BGR South,4,4,,55,1,75.4,,
2025-04,OL1008,HG-PHOENIX KOCHI 8,Health & Glow,MBO,Kochi,Kerala,South,SKU41476,Body Mist Mocha 100Ml,Renee,Fragrance,Body Mist,Top 10,Active,799,8,12,,8,7953,BGR South,13,12,,55,1,75.4,,
2025-04,OL1008,HG-PHOENIX KOCHI 8,Health & Glow,MBO,Kochi,Kerala,South,SKU41536,Body Mist Nude 100Ml,Renee,Fragrance,Body Mist,Top 25,Active,349,12,13,,4,1737,BGR South,5,5,,55,1,75.4,,
2025-04,OL1009,HG-SELECT MUMBAI 9,Health & Glow,MBO,Mumbai,Maharashtra,West,SKU40078,Matte Lip Color Rose 4.2Ml,Renee,Makeup,Lipstick,Top 25,Active,650,3,3,,3,2231,BGR West,4,3,,50,4,67,,
2025-04,OL1009,HG-SELECT MUMBAI 9,Health & Glow,MBO,Mumbai,Maharashtra,West,SKU40108,Matte Lip Color Peach 4.2Ml,Renee,Makeup,Lipstick,Top 10,Active,650,6,0,,3,2231,BGR West,4,4,,50,4,67,,
2025-04,OL1009,HG-SELECT MUMBAI 9,Health & Glow,MBO,Mumbai,Maharashtra,West,SKU40266,Liquid Lipstick Nude 5Ml,Renee,Makeup,Lipstick,Top 10,Active,799,12,19,,8,7312,BGR West,19,19,,50,4,67,,
2025-04,OL1009,HG-SELECT MUMBAI 9,Health & Glow,MBO,Mumbai,Maharashtra,West,SKU40318,Midnight Eyeliner Hazelnut 2.5Ml,Renee,Makeup,Eyeliner,Others,Active,650,6,7,,0,0,BGR West,4,3,,50,4,67,,
2025-04,OL1009,HG-SELECT MUMBAI 9,Health & Glow,MBO,Mumbai,Maharashtra,West,SKU40490,Kajal Midnight 0.35Gm,Renee,Makeup,Eyeliner,Top 10,Active,599,24,27,,8,5482,BGR West,12,11,,50,4,67,,
2025-04,OL1009,HG-SELECT MUMBAI 9,Health & Glow,MBO,Mumbai,Maharashtra,West,SKU40588,Bb Cream Coral 30Ml,Renee,Makeup,Foundation,Top 10,Active,349,8,7,,6,2395,BGR West,7,7,,50,4,67,,
2025-04,OL1009,HG-SELECT MUMBAI 9,Health & Glow,MBO,Mumbai,Maharashtra,West,SKU40595,Compact Powder Mocha 9Gm,Renee,Makeup,Foundation,Top 10,Active,449,27,34,,9,4623,BGR West,20,16,,50,4,67,,
2025-04,OL1009,HG-SELECT MUMBAI 9,Health & Glow,MBO,Mumbai,Maharashtra,West,SKU40850,Powder Brush R8,Renee,Makeup,Brushes,Top 25,Active,650,3,5,,3,2231,BGR West,6,5,,50,4,67,,
2025-04,OL1009,HG-SELECT MUMBAI 9,Health & Glow,MBO,Mumbai,Maharashtra,West,SKU40928,Powder Brush R4,Renee,Makeup,Brushes,Top 25,Active,650,12,16,,6,4461,BGR West,13,10,,50,4,67,,
2025-04,OL1009,HG-SELECT MUMBAI 9,Health & Glow,MBO,Mumbai,Maharashtra,West,SKU40951,Sunscreen Gel Spf 50 70Ml,Renee,Skincare,Sunscreen,Top 25,Active,999,4,7,,4,4571,BGR West,7,7,,45,4,67,,
2025-04,OL1009,HG-SELECT MUMBAI 9,Health & Glow,MBO,Mumbai,Maharashtra,West,SKU40972,Sunscreen Gel Spf 50 70Ml,Renee,Skincare,Sunscreen,Top 25,Active,599,6,8,,2,1370,BGR West,6,4,,45,4,67,,
2025-04,OL1009,HG-SELECT MUMBAI 9,Health & Glow,MBO,Mumbai,Maharashtra,West,SKU41048,Face Wash Ocean 20Ml,Renee,Skincare,Cleanser,Others,Active,349,2,3,,2,798,BGR West,4,3,,45,4,67,,
2025-04,OL1009,HG-SELECT MUMBAI 9,Health & Glow,MBO,Mumbai,Maharashtra,West,SKU41129,Face Wash Vanilla 40Ml,Renee,Skincare,Cleanser,Others,Active,299,4,6,,2,684,BGR West,4,4,,45,4,67,,
2025-04,OL1009,HG-SELECT MUMBAI 9,Health & Glow,MBO,Mumbai,Maharashtra,West,SKU41215,Perfume Midnight 50Ml,Renee,Fragrance,EDP,Others,Active,399,2,3,,2,913,BGR West,5,3,,55,4,67,,
2025-04,OL1009,HG-SELECT MUMBAI 9,Health & Glow,MBO,Mumbai,Maharashtra,West,SKU41295,Perfume Rose 50Ml,Renee,Fragrance,EDP,Top 25,Active,599,3,6,,3,2056,BGR West,6,6,,55,4,67,,
2025-04,OL1009,HG-SELECT MUMBAI 9,Health & Glow,MBO,Mumbai,Maharashtra,West,SKU41476,Body Mist Mocha 100Ml,Renee,Fragrance,Body Mist,Top 10,Active,799,3,4,,3,2742,BGR West,5,4,,55,4,67,,
2025-04,OL1009,HG-SELECT MUMBAI 9,Health & Glow,MBO,Mumbai,Maharashtra,West,SKU41536,Body Mist Nude 100Ml,Renee,Fragrance,Body Mist,Top 25,Active,349,12,12,,6,2395,BGR West,9,6,,55,4,67,,
2025-04,OL1009,HG-SELECT MUMBAI 9,Health & Glow,MBO,Mumbai,Maharashtra,West,SKU41608,Hair Oil Berry 100Ml,Renee,Haircare,Hair Oil,Others,Active,449,3,4,,3,1541,BGR West,7,4,,35,4,67,,
2025-04,OL1009,HG-SELECT MUMBAI 9,Health & Glow,MBO,Mumbai,Maharashtra,West,SKU41647,Hair Oil Hazelnut 100Ml,Renee,Haircare,Hair Oil,Others,Active,799,0,0,,0,0,BGR West,0,0,,35,4,67,,
2025-04,OL1010,HG-GALLERIA BANGALORE 10,Health & Glow,MBO,Bangalore,Karnataka,South,SKU40127,Matte Lip Color Coral 4.2Ml,Renee,Makeup,Lipstick,Top 25,Active,499,4,5,,4,2018,BGR South,6,5,,50,4,46.1,,
2025-04,OL1010,HG-GALLERIA BANGALORE 10,Health & Glow,MBO,Bangalore,Karnataka,South,SKU40266,Liquid Lipstick Nude 5Ml,Renee,Makeup,Lipstick,Top 10,Active,799,8,8,,4,3232,BGR South,6,4,,50,4,46.1,,
2025-04,OL1010,HG-GALLERIA BANGALORE 10,Health & Glow,MBO,Bangalore,Karnataka,South,SKU40281,Midnight Eyeliner Berry 2.5Ml,Renee,Makeup,Eyeliner,Others,Active,299,2,1,,2,605,BGR South,2,1,,50,4,46.1,,
2025-04,OL1010,HG-GALLERIA BANGALORE 10,Health & Glow,MBO,Bangalore,Karnataka,South,SKU40381,Midnight Eyeliner Ocean 2.5Ml,Renee,Makeup,Eyeliner,Top 25,Active,699,4,4,,2,1414,BGR South,3,2,,50,4,46.1,,
2025-04,OL1010,HG-GALLERIA BANGALORE 10,Health & Glow,MBO,Bangalore,Karnataka,South,SKU40490,Kajal Midnight 0.35Gm,Renee,Makeup,Eyeliner,Top 10,Active,599,2,3,,2,1211,BGR South,4,3,,50,4,46.1,,
2025-04,OL1010,HG-GALLERIA BANGALORE 10,Health & Glow,MBO,Bangalore,Karnataka,South,SKU40544,Bb Cream Peach 30Ml,Renee,Makeup,Foundation,Top 10,Active,599,6,5,,2,1211,BGR South,2,1,,50,4,46.1,,
2025-04,OL1010,HG-GALLERIA BANGALORE 10,Health & Glow,MBO,Bangalore,Karnataka,South,SKU40588,Bb Cream Coral 30Ml,Renee,Makeup,Foundation,Top 10,Active,349,4,8,,2,706,BGR South,6,6,,50,4,46.1,,
2025-04,OL1010,HG-GALLERIA BANGALORE 10,Health & Glow,MBO,Bangalore,Karnataka,South,SKU40722,Compact Powder Berry 9Gm,Renee,Makeup,Foundation,Top 10,Active,799,4,3,,4,3232,BGR South,4,3,,50,4,46.1,,
2025-04,OL1010,HG-GALLERIA BANGALORE 10,Health & Glow,MBO,Bangalore,Karnataka,South,SKU40763,Blending Brush R6,Renee,Makeup,Brushes,Others,Active,349,3,6,,3,1059,BGR South,6,6,,50,4,46.1,,
2025-04,OL1010,HG-GALLERIA BANGALORE 10,Health & Glow,MBO,Bangalore,Karnataka,South,SKU40836,Blending Brush R4,Renee,Makeup,Brushes,Top 10,Active,1199,9,13,,3,3637,BGR South,7,7,,50,4,46.1,,
2025-04,OL1010,HG-GALLERIA BANGALORE 10,Health & Glow,MBO,Bangalore,Karnataka,South,SKU40850,Powder Brush R8,Renee,Makeup,Brushes,Top 25,Active,650,0,2,,0,0,BGR South,2,2,,50,4,46.1,,
2025-04,OL1010,HG-GALLERIA BANGALORE 10,Health & Glow,MBO,Bangalore,Karnataka,South,SKU40928,Powder Brush R4,Renee,Makeup,Brushes,Top 25,Active,650,3,5,,3,1972,BGR South,6,5,,50,4,46.1,,
2025-04,OL1010,HG-GALLERIA BANGALORE 10,Health & Glow,MBO,Bangalore,Karnataka,South,SKU40979,Sunscreen Gel Spf 50 50Ml,Renee,Skincare,Sunscreen,Top 25,Active,799,12,17,,4,3232,BGR South,9,9,,45,4,46.1,,
2025-04,OL1010,HG-GALLERIA BANGALORE 10,Health & Glow,MBO,Bangalore,Karnataka,South,SKU41048,Face Wash Ocean 20Ml,Renee,Skincare,Cleanser,Others,Active,349,9,10,,3,1059,BGR South,5,4,,45,4,46.1,,
2025-04,OL1010,HG-GALLERIA BANGALORE 10,Health & Glow,MBO,Bangalore,Karnataka,South,SKU41129,Face Wash Vanilla 40Ml,Renee,Skincare,Cleanser,Others,Active,299,3,2,,3,907,BGR South,3,2,,45,4,46.1,,
2025-04,OL1010,HG-GALLERIA BANGALORE 10,Health & Glow,MBO,Bangalore,Karnataka,South,SKU41215,Perfume Midnight 50Ml,Renee,Fragrance,EDP,Others,Active,399,1,2,,1,403,BGR South,3,2,,55,4,46.1,,
2025-04,OL1010,HG-GALLERIA BANGALORE 10,Health & Glow,MBO,Bangalore,Karnataka,South,SKU41295,Perfume Rose 50Ml,Renee,Fragrance,EDP,Top 25,Active,599,9,10,,3,1817,BGR South,5,4,,55,4,46.1,,
2025-04,OL1010,HG-GALLERIA BANGALORE 10,Health & Glow,MBO,Bangalore,Karnataka,South,SKU41420,Body Mist Coral 100Ml,Renee,Fragrance,Body Mist,Top 25,Active,399,3,7,,3,1210,BGR South,7,7,,55,4,46.1,,
2025-04,OL1010,HG-GALLERIA BANGALORE 10,Health & Glow,MBO,Bangalore,Karnataka,South,SKU41608,Hair Oil Berry 100Ml,Renee,Haircare,Hair Oil,Others,Active,449,6,8,,2,908,BGR South,5,4,,35,4,46.1,,
2025-04,OL1011,HG-NEXUS MUMBAI 11,Health & Glow,MBO,Mumbai,Maharashtra,West,SKU40108,Matte Lip Color Peach 4.2Ml,Renee,Makeup,Lipstick,Top 10,Active,650,2,2,,2,1507,BGR West,3,2,,50,3,52.2,,
2025-04,OL1011,HG-NEXUS MUMBAI 11,Health & Glow,MBO,Mumbai,Maharashtra,West,SKU40266,Liquid Lipstick Nude 5Ml,Renee,Makeup,Lipstick,Top 10,Active,799,4,6,,4,3706,BGR West,7,6,,50,3,52.2,,
2025-04,OL1011,HG-NEXUS MUMBAI 11,Health & Glow,MBO,Mumbai,Maharashtra,West,SKU40281,Midnight Eyeliner Berry 2.5Ml,Renee,Makeup,Eyeliner,Others,Active,299,8,7,,3,1040,BGR West,5,3,,50,3,52.2,,
2025-04,OL1011,HG-NEXUS MUMBAI 11,Health & Glow,MBO,Mumbai,Maharashtra,West,SKU40381,Midnight Eyeliner Ocean 2.5Ml,Renee,Makeup,Eyeliner,Top 25,Active,699,9,11,,3,2432,BGR West,6,5,,50,3,52.2,,
2025-04,OL1011,HG-NEXUS MUMBAI 11,Health & Glow,MBO,Mumbai,Maharashtra,West,SKU40425,Kajal Vanilla 0.35Gm,Renee,Makeup,Eyeliner,Top 25,Active,299,9,11,,2,693,BGR West,8,5,,50,3,52.2,,
2025-04,OL1011,HG-NEXUS MUMBAI 11,Health & Glow,MBO,Mumbai,Maharashtra,West,SKU40544,Bb Cream Peach 30Ml,Renee,Makeup,Foundation,Top 10,Active,599,8,12,,4,2778,BGR West,8,8,,50,3,52.2,,
2025-04,OL1011,HG-NEXUS MUMBAI 11,Health & Glow,MBO,Mumbai,Maharashtra,West,SKU40850,Powder Brush R8,Renee,Makeup,Brushes,Top 25,Active,650,6,11,,3,2261,BGR West,8,8,,50,3,52.2,,
2025-04,OL1011,HG-NEXUS MUMBAI 11,Health & Glow,MBO,Mumbai,Maharashtra,West,SKU40928,Powder Brush R4,Renee,Makeup,Brushes,Top 25,Active,650,1,3,,1,754,BGR West,4,3,,50,3,52.2,,
2025-04,OL1011,HG-NEXUS MUMBAI 11,Health & Glow,MBO,Mumbai,Maharashtra,West,SKU40972,Sunscreen Gel Spf 50 70Ml,Renee,Skincare,Sunscreen,Top 25,Active,599,2,3,,2,1389,BGR West,4,3,,45,3,52.2,,
2025-04,OL1011,HG-NEXUS MUMBAI 11,Health & Glow,MBO,Mumbai,Maharashtra,West,SKU40979,Sunscreen Gel Spf 50 50Ml,Renee,Skincare,Sunscreen,Top 25,Active,799,6,17,,2,1853,BGR West,2,1,,45,3,52.2,,
2025-04,OL1011,HG-NEXUS MUMBAI 11,Health & Glow,MBO,Mumbai,Maharashtra,West,SKU41129,Face Wash Vanilla 40Ml,Renee,Skincare,Cleanser,Others,Active,299,6,20,,3,1040,BGR West,7,6,,45,3,52.2,,
2025-04,OL1011,HG-NEXUS MUMBAI 11,Health & Glow,MBO,Mumbai,Maharashtra,West,SKU41420,Body Mist Coral 100Ml,Renee,Fragrance,Body Mist,Top 25,Active,399,4,4,,2,925,BGR West,3,2,,55,3,52.2,,
2025-04,OL1011,HG-NEXUS MUMBAI 11,Health & Glow,MBO,Mumbai,Maharashtra,West,SKU41476,Body Mist Mocha 100Ml,Renee,Fragrance,Body Mist,Top 10,Active,799,8,8,,4,3706,BGR West,4,4,,55,3,52.2,,
2025-04,OL1012,HG-INORBIT AHMEDABAD 12,Health & Glow,MBO,Ahmedabad,Gujarat,West,SKU40078,Matte Lip Color Rose 4.2Ml,Renee,Makeup,Lipstick,Top 25,Active,650,0,0,,0,0,BGR West,1,0,,50,2,61.3,,
2025-04,OL1012,HG-INORBIT AHMEDABAD 12,Health & Glow,MBO,Ahmedabad,Gujarat,West,SKU40108,Matte Lip Color Peach 4.2Ml,Renee,Makeup,Lipstick,Top 10,Active,650,10,17,,5,3852,BGR West,12,12,,50,2,61.3,,
2025-04,OL1012,HG-INORBIT AHMEDABAD 12,Health & Glow,MBO,Ahmedabad,Gujarat,West,SKU40266,Liquid Lipstick Nude 5Ml,Renee,Makeup,Lipstick,Top 10,Active,799,14,15,,7,6629,BGR West,9,8,,50,2,61.3,,
2025-04,OL1012,HG-INORBIT AHMEDABAD 12,Health & Glow,MBO,Ahmedabad,Gujarat,West,SKU40281,Midnight Eyeliner Berry 2.5Ml,Renee,Makeup,Eyeliner,Others,Active,299,4,7,,3,1063,BGR West,7,7,,50,2,61.3,,
2025-04,OL1012,HG-INORBIT AHMEDABAD 12,Health & Glow,MBO,Ahmedabad,Gujarat,West,SKU40318,Midnight Eyeliner Hazelnut 2.5Ml,Renee,Makeup,Eyeliner,Others,Active,650,9,10,,3,2311,BGR West,7,4,,50,2,61.3,,
2025-04,OL1012,HG-INORBIT AHMEDABAD 12,Health & Glow,MBO,Ahmedabad,Gujarat,West,SKU40490,Kajal Midnight 0.35Gm,Renee,Makeup,Eyeliner,Top 10,Active,599,12,18,,6,4260,BGR West,12,12,,50,2,61.3,,
2025-04,OL1012,HG-INORBIT AHMEDABAD 12,Health & Glow,MBO,Ahmedabad,Gujarat,West,SKU40544,Bb Cream Peach 30Ml,Renee,Makeup,Foundation,Top 10,Active,599,15,22,,5,3550,BGR West,12,12,,50,2,61.3,,
2025-04,OL1012,HG-INORBIT AHMEDABAD 12,Health & Glow,MBO,Ahmedabad,Gujarat,West,SKU40588,Bb Cream Coral 30Ml,Renee,Makeup,Foundation,Top 10,Active,349,6,0,,6,2482,BGR West,9,8,,50,2,61.3,,
2025-04,OL1012,HG-INORBIT AHMEDABAD 12,Health & Glow,MBO,Ahmedabad,Gujarat,West,SKU40722,Compact Powder Berry 9Gm,Renee,Makeup,Foundation,Top 10,Active,799,8,0,,4,3788,BGR West,9,9,,50,2,61.3,,
2025-04,OL1012,HG-INORBIT AHMEDABAD 12,Health & Glow,MBO,Ahmedabad,Gujarat,West,SKU40763,Blending Brush R6,Renee,Makeup,Brushes,Others,Active,349,4,5,,4,1655,BGR West,6,5,,50,2,61.3,,
2025-04,OL1012,HG-INORBIT AHMEDABAD 12,Health & Glow,MBO,Ahmedabad,Gujarat,West,SKU40836,Blending Brush R4,Renee,Makeup,Brushes,Top 10,Active,1199,16,20,,8,11368,BGR West,16,12,,50,2,61.3,,
2025-04,OL1012,HG-INORBIT AHMEDABAD 12,Health & Glow,MBO,Ahmedabad,Gujarat,West,SKU40850,Powder Brush R8,Renee,Makeup,Brushes,Top 25,Active,650,3,6,,3,2311,BGR West,7,6,,50,2,61.3,,
2025-04,OL1012,HG-INORBIT AHMEDABAD 12,Health & Glow,MBO,Ahmedabad,Gujarat,West,SKU40928,Powder Brush R4,Renee,Makeup,Brushes,Top 25,Active,650,12,14,,4,3081,BGR West,7,6,,50,2,61.3,,
2025-04,OL1012,HG-INORBIT AHMEDABAD 12,Health & Glow,MBO,Ahmedabad,Gujarat,West,SKU41032,Face Wash Hazelnut 60Ml,Renee,Skincare,Cleanser,Others,Active,499,9,12,,3,1774,BGR West,7,6,,45,2,61.3,,
2025-04,OL1012,HG-INORBIT AHMEDABAD 12,Health & Glow,MBO,Ahmedabad,Gujarat,West,SKU41048,Face Wash Ocean 20Ml,Renee,Skincare,Cleanser,Others,Active,349,4,5,,2,827,BGR West,5,5,,45,2,61.3,,
2025-04,OL1012,HG-INORBIT AHMEDABAD 12,Health & Glow,MBO,Ahmedabad,Gujarat,West,SKU41129,Face Wash Vanilla 40Ml,Renee,Skincare,Cleanser,Others,Active,299,6,6,,2,709,BGR West,4,2,,45,2,61.3,,
2025-04,OL1012,HG-INORBIT AHMEDABAD 12,Health & Glow,MBO,Ahmedabad,Gujarat,West,SKU41295,Perfume Rose 50Ml,Renee,Fragrance,EDP,Top 25,Active,599,2,0,,2,1420,BGR West,5,4,,55,2,61.3,,
2025-04,OL1012,HG-INORBIT AHMEDABAD 12,Health & Glow,MBO,Ahmedabad,Gujarat,West,SKU41647,Hair Oil Hazelnut 100Ml,Renee,Haircare,Hair Oil,Others,Active,799,3,5,,3,2841,BGR West,5,5,,35,2,61.3,,
2025-04,OL1013,HG-SELECT SURAT 13,Health & Glow,MBO,Surat,Gujarat,West,SKU40078,Matte Lip Color Rose 4.2Ml,Renee,Makeup,Lipstick,Top 25,Active,650,12,30,,3,2115,BGR West,9,6,,50,2,89,,
2025-04,OL1013,HG-SELECT SURAT 13,Health & Glow,MBO,Surat,Gujarat,West,SKU40108,Matte Lip Color Peach 4.2Ml,Renee,Makeup,Lipstick,Top 10,Active,650,4,8,,4,2820,BGR West,8,8,,50,2,89,,
2025-04,OL1013,HG-SELECT SURAT 13,Health & Glow,MBO,Surat,Gujarat,West,SKU40127,Matte Lip Color Coral 4.2Ml,Renee,Makeup,Lipstick,Top 25,Active,499,9,11,,3,1624,BGR West,7,5,,50,2,89,,
2025-04,OL1013,HG-SELECT SURAT 13,Health & Glow,MBO,Surat,Gujarat,West,SKU40266,Liquid Lipstick Nude 5Ml,Renee,Makeup,Lipstick,Top 10,Active,799,18,21,,9,7800,BGR West,16,12,,50,2,89,,
2025-04,OL1013,HG-SELECT SURAT 13,Health & Glow,MBO,Surat,Gujarat,West,SKU40281,Midnight Eyeliner Berry 2.5Ml,Renee,Makeup,Eyeliner,Others,Active,299,2,0,,1,324,BGR West,2,1,,50,2,89,,
2025-04,OL1013,HG-SELECT SURAT 13,Health & Glow,MBO,Surat,Gujarat,West,SKU40318,Midnight Eyeliner Hazelnut 2.5Ml,Renee,Makeup,Eyeliner,Others,Active,650,4,3,,2,1410,BGR West,2,1,,50,2,89,,
2025-04,OL1013,HG-SELECT SURAT 13,Health & Glow,MBO,Surat,Gujarat,West,SKU40425,Kajal Vanilla 0.35Gm,Renee,Makeup,Eyeliner,Top 25,Active,299,18,23,,6,1946,BGR West,13,11,,50,2,89,,
2025-04,OL1013,HG-SELECT SURAT 13,Health & Glow,MBO,Surat,Gujarat,West,SKU40490,Kajal Midnight 0.35Gm,Renee,Makeup,Eyeliner,Top 10,Active,599,9,13,,3,1949,BGR West,7,7,,50,2,89,,
2025-04,OL1013,HG-SELECT SURAT 13,Health & Glow,MBO,Surat,Gujarat,West,SKU40588,Bb Cream Coral 30Ml,Renee,Makeup,Foundation,Top 10,Active,349,48,59,,16,6057,BGR West,30,27,,50,2,89,,
2025-04,OL1013,HG-SELECT SURAT 13,Health & Glow,MBO,Surat,Gujarat,West,SKU40850,Powder Brush R8,Renee,Makeup,Brushes,Top 25,Active,650,8,32,,4,2820,BGR West,6,6,,50,2,89,,
2025-04,OL1013,HG-SELECT SURAT 13,Health & Glow,MBO,Surat,Gujarat,West,SKU40951,Sunscreen Gel Spf 50 70Ml,Renee,Skincare,Sunscreen,Top 25,Active,999,8,8,,4,4335,BGR West,5,4,,45,2,89,,
2025-04,OL1013,HG-SELECT SURAT 13,Health & Glow,MBO,Surat,Gujarat,West,SKU40979,Sunscreen Gel Spf 50 50Ml,Renee,Skincare,Sunscreen,Top 25,Active,799,4,4,,4,3467,BGR West,5,4,,45,2,89,,
2025-04,OL1013,HG-SELECT SURAT 13,Health & Glow,MBO,Surat,Gujarat,West,SKU41024,Vitamin C Serum 30Ml,Renee,Skincare,Serum,Others,Active,449,6,8,,2,974,BGR West,6,4,,45,2,89,,
2025-04,OL1013,HG-SELECT SURAT 13,Health & Glow,MBO,Surat,Gujarat,West,SKU41048,Face Wash Ocean 20Ml,Renee,Skincare,Cleanser,Others,Active,349,18,21,,6,2271,BGR West,14,9,,45,2,89,,
2025-04,OL1013,HG-SELECT SURAT 13,Health & Glow,MBO,Surat,Gujarat,West,SKU41215,Perfume Midnight 50Ml,Renee,Fragrance,EDP,Others,Active,399,8,13,,4,1731,BGR West,10,9,,55,2,89,,
2025-04,OL1013,HG-SELECT SURAT 13,Health & Glow,MBO,Surat,Gujarat,West,SKU41295,Perfume Rose 50Ml,Renee,Fragrance,EDP,Top 25,Active,599,12,11,,4,2599,BGR West,5,3,,55,2,89,,
2025-04,OL1013,HG-SELECT SURAT 13,Health & Glow,MBO,Surat,Gujarat,West,SKU41420,Body Mist Coral 100Ml,Renee,Fragrance,Body Mist,Top 25,Active,399,4,3,,4,1731,BGR West,4,3,,55,2,89,,
2025-04,OL1013,HG-SELECT SURAT 13,Health & Glow,MBO,Surat,Gujarat,West,SKU41476,Body Mist Mocha 100Ml,Renee,Fragrance,Body Mist,Top 10,Active,799,6,6,,3,2600,BGR West,5,3,,55,2,89,,
2025-04,OL1013,HG-SELECT SURAT 13,Health & Glow,MBO,Surat,Gujarat,West,SKU41608,Hair Oil Berry 100Ml,Renee,Haircare,Hair Oil,Others,Active,449,4,8,,4,1948,BGR West,10,8,,35,2,89,,
2025-04,OL1014,HG-FORUM CHANDIGARH 14,Health & Glow,MBO,Chandigarh,Punjab,North,SKU40108,Matte Lip Color Peach 4.2Ml,Renee,Makeup,Lipstick,Top 10,Active,650,2,4,,1,789,BGR North,5,4,,50,1,80.6,,
2025-04,OL1014,HG-FORUM CHANDIGARH 14,Health & Glow,MBO,Chandigarh,Punjab,North,SKU40127,Matte Lip Color Coral 4.2Ml,Renee,Makeup,Lipstick,Top 25,Active,499,6,6,,2,1211,BGR North,4,2,,50,1,80.6,,
2025-04,OL1014,HG-FORUM CHANDIGARH 14,Health & Glow,MBO,Chandigarh,Punjab,North,SKU40266,Liquid Lipstick Nude 5Ml,Renee,Makeup,Lipstick,Top 10,Active,799,9,0,,3,2909,BGR North,6,6,,50,1,80.6,,
2025-04,OL1014,HG-FORUM CHANDIGARH 14,Health & Glow,MBO,Chandigarh,Punjab,North,SKU40318,Midnight Eyeliner Hazelnut 2.5Ml,Renee,Makeup,Eyeliner,Others,Active,650,2,3,,1,789,BGR North,3,2,,50,1,80.6,,
2025-04,OL1014,HG-FORUM CHANDIGARH 14,Health & Glow,MBO,Chandigarh,Punjab,North,SKU40490,Kajal Midnight 0.35Gm,Renee,Makeup,Eyeliner,Top 10,Active,599,4,6,,2,1454,BGR North,4,4,,50,1,80.6,,
2025-04,OL1014,HG-FORUM CHANDIGARH 14,Health & Glow,MBO,Chandigarh,Punjab,North,SKU40588,Bb Cream Coral 30Ml,Renee,Makeup,Foundation,Top 10,Active,349,6,10,,3,1271,BGR North,8,7,,50,1,80.6,,
2025-04,OL1014,HG-FORUM CHANDIGARH 14,Health & Glow,MBO,Chandigarh,Punjab,North,SKU40662,Compact Powder Nude 9Gm,Renee,Makeup,Foundation,Top 25,Active,1199,8,12,,4,5821,BGR North,8,8,,50,1,80.6,,
2025-04,OL1014,HG-FORUM CHANDIGARH 14,Health & Glow,MBO,Chandigarh,Punjab,North,SKU40722,Compact Powder Berry 9Gm,Renee,Makeup,Foundation,Top 10,Active,799,9,11,,3,2909,BGR North,5,5,,50,1,80.6,,
2025-04,OL1014,HG-FORUM CHANDIGARH 14,Health & Glow,MBO,Chandigarh,Punjab,North,SKU40763,Blending Brush R6,Renee,Makeup,Brushes,Others,Active,349,4,6,,4,1694,BGR North,7,6,,50,1,80.6,,
2025-04,OL1014,HG-FORUM CHANDIGARH 14,Health & Glow,MBO,Chandigarh,Punjab,North,SKU40836,Blending Brush R4,Renee,Makeup,Brushes,Top 10,Active,1199,8,8,,3,4366,BGR North,7,4,,50,1,80.6,,
2025-04,OL1014,HG-FORUM CHANDIGARH 14,Health & Glow,MBO,Chandigarh,Punjab,North,SKU40850,Powder Brush R8,Renee,Makeup,Brushes,Top 25,Active,650,4,29,,4,3156,BGR North,8,7,,50,1,80.6,,
2025-04,OL1014,HG-FORUM CHANDIGARH 14,Health & Glow,MBO,Chandigarh,Punjab,North,SKU40951,Sunscreen Gel Spf 50 70Ml,Renee,Skincare,Sunscreen,Top 25,Active,999,8,9,,4,4850,BGR North,7,5,,45,1,80.6,,
2025-04,OL1014,HG-FORUM CHANDIGARH 14,Health & Glow,MBO,Chandigarh,Punjab,North,SKU40972,Sunscreen Gel Spf 50 70Ml,Renee,Skincare,Sunscreen,Top 25,Active,599,4,7,,4,2908,BGR North,7,7,,45,1,80.6,,
2025-04,OL1014,HG-FORUM CHANDIGARH 14,Health & Glow,MBO,Chandigarh,Punjab,North,SKU41048,Face Wash Ocean 20Ml,Renee,Skincare,Cleanser,Others,Active,349,4,8,,2,847,BGR North,6,6,,45,1,80.6,,
2025-04,OL1014,HG-FORUM CHANDIGARH 14,Health & Glow,MBO,Chandigarh,Punjab,North,SKU41295,Perfume Rose 50Ml,Renee,Fragrance,EDP,Top 25,Active,599,3,5,,1,727,BGR North,3,3,,55,1,80.6,,
2025-04,OL1014,HG-FORUM CHANDIGARH 14,Health & Glow,MBO,Chandigarh,Punjab,North,SKU41536,Body Mist Nude 100Ml,Renee,Fragrance,Body Mist,Top 25,Active,349,9,13,,3,1271,BGR North,7,7,,55,1,80.6,,
2025-04,OL1015,HG-FORUM NOIDA 15,Health & Glow,MBO,Noida,Uttar Pradesh,North,SKU40266,Liquid Lipstick Nude 5Ml,Renee,Makeup,Lipstick,Top 10,Active,799,8,11,,2,1850,BGR North,7,7,,50,2,86.5,,
2025-04,OL1015,HG-FORUM NOIDA 15,Health & Glow,MBO,Noida,Uttar Pradesh,North,SKU40281,Midnight Eyeliner Berry 2.5Ml,Renee,Makeup,Eyeliner,Others,Active,299,9,9,,3,1039,BGR North,3,3,,50,2,86.5,,
2025-04,OL1015,HG-FORUM NOIDA 15,Health & Glow,MBO,Noida,Uttar Pradesh,North,SKU40381,Midnight Eyeliner Ocean 2.5Ml,Renee,Makeup,Eyeliner,Top 25,Active,699,2,0,,1,809,BGR North,3,3,,50,2,86.5,,
2025-04,OL1015,HG-FORUM NOIDA 15,Health & Glow,MBO,Noida,Uttar Pradesh,North,SKU40425,Kajal Vanilla 0.35Gm,Renee,Makeup,Eyeliner,Top 25,Active,299,12,13,,3,1039,BGR North,6,5,,50,2,86.5,,
2025-04,OL1015,HG-FORUM NOIDA 15,Health & Glow,MBO,Noida,Uttar Pradesh,North,SKU40490,Kajal Midnight 0.35Gm,Renee,Makeup,Eyeliner,Top 10,Active,599,2,3,,2,1387,BGR North,3,3,,50,2,86.5,,
2025-04,OL1015,HG-FORUM NOIDA 15,Health & Glow,MBO,Noida,Uttar Pradesh,North,SKU40544,Bb Cream Peach 30Ml,Renee,Makeup,Foundation,Top 10,Active,599,12,12,,4,2774,BGR North,6,4,,50,2,86.5,,
2025-04,OL1015,HG-FORUM NOIDA 15,Health & Glow,MBO,Noida,Uttar Pradesh,North,SKU40588,Bb Cream Coral 30Ml,Renee,Makeup,Foundation,Top 10,Active,349,9,9,,3,1212,BGR North,4,3,,50,2,86.5,,
2025-04,OL1015,HG-FORUM NOIDA 15,Health & Glow,MBO,Noida,Uttar Pradesh,North,SKU40595,Compact Powder Mocha 9Gm,Renee,Makeup,Foundation,Top 10,Active,449,4,4,,4,2080,BGR North,7,4,,50,2,86.5,,
2025-04,OL1015,HG-FORUM NOIDA 15,Health & Glow,MBO,Noida,Uttar Pradesh,North,SKU40722,Compact Powder Berry 9Gm,Renee,Makeup,Foundation,Top 10,Active,799,4,6,,2,1850,BGR North,5,4,,50,2,86.5,,
2025-04,OL1015,HG-FORUM NOIDA 15,Health & Glow,MBO,Noida,Uttar Pradesh,North,SKU40763,Blending Brush R6,Renee,Makeup,Brushes,Others,Active,349,8,10,,4,1616,BGR North,7,6,,50,2,86.5,,
2025-04,OL1015,HG-FORUM NOIDA 15,Health & Glow,MBO,Noida,Uttar Pradesh,North,SKU40836,Blending Brush R4,Renee,Makeup,Brushes,Top 10,Active,1199,4,4,,0,0,BGR North,2,2,,50,2,86.5,,
2025-04,OL1015,HG-FORUM NOIDA 15,Health & Glow,MBO,Noida,Uttar Pradesh,North,SKU40850,Powder Brush R8,Renee,Makeup,Brushes,Top 25,Active,650,2,2,,1,753,BGR North,2,1,,50,2,86.5,,
2025-04,OL1015,HG-FORUM NOIDA 15,Health & Glow,MBO,Noida,Uttar Pradesh,North,SKU40928,Powder Brush R4,Renee,Makeup,Brushes,Top 25,Active,650,3,2,,1,753,BGR North,1,0,,50,2,86.5,,
2025-04,OL1015,HG-FORUM NOIDA 15,Health & Glow,MBO,Noida,Uttar Pradesh,North,SKU40951,Sunscreen Gel Spf 50 70Ml,Renee,Skincare,Sunscreen,Top 25,Active,999,0,1,,0,0,BGR North,2,1,,45,2,86.5,,
2025-04,OL1015,HG-FORUM NOIDA 15,Health & Glow,MBO,Noida,Uttar Pradesh,North,SKU40972,Sunscreen Gel Spf 50 70Ml,Renee,Skincare,Sunscreen,Top 25,Active,599,4,4,,4,2774,BGR North,5,4,,45,2,86.5,,
2025-04,OL1015,HG-FORUM NOIDA 15,Health & Glow,MBO,Noida,Uttar Pradesh,North,SKU40979,Sunscreen Gel Spf 50 50Ml,Renee,Skincare,Sunscreen,Top 25,Active,799,0,2,,0,0,BGR North,3,2,,45,2,86.5,,
2025-04,OL1015,HG-FORUM NOIDA 15,Health & Glow,MBO,Noida,Uttar Pradesh,North,SKU41024,Vitamin C Serum 30Ml,Renee,Skincare,Serum,Others,Active,449,1,1,,1,520,BGR North,1,1,,45,2,86.5,,
2025-04,OL1015,HG-FORUM NOIDA 15,Health & Glow,MBO,Noida,Uttar Pradesh,North,SKU41032,Face Wash Hazelnut 60Ml,Renee,Skincare,Cleanser,Others,Active,499,2,3,,1,578,BGR North,3,2,,45,2,86.5,,
2025-04,OL1015,HG-FORUM NOIDA 15,Health & Glow,MBO,Noida,Uttar Pradesh,North,SKU41295,Perfume Rose 50Ml,Renee,Fragrance,EDP,Top 25,Active,599,9,9,,3,2081,BGR North,3,3,,55,2,86.5,,
2025-04,OL1015,HG-FORUM NOIDA 15,Health & Glow,MBO,Noida,Uttar Pradesh,North,SKU41476,Body Mist Mocha 100Ml,Renee,Fragrance,Body Mist,Top 10,Active,799,6,5,,2,1850,BGR North,2,1,,55,2,86.5,,
2025-04,OL1015,HG-FORUM NOIDA 15,Health & Glow,MBO,Noida,Uttar Pradesh,North,SKU41536,Body Mist Nude 100Ml,Renee,Fragrance,Body Mist,Top 25,Active,349,9,9,,2,808,BGR North,3,3,,55,2,86.5,,
2025-04,OL1016,HG-INORBIT KOCHI 16,Health & Glow,MBO,Kochi,Kerala,South,SKU40078,Matte Lip Color Rose 4.2Ml,Renee,Makeup,Lipstick,Top 25,Active,650,2,2,,2,1365,BGR South,3,2,,50,4,61,,
2025-04,OL1016,HG-INORBIT KOCHI 16,Health & Glow,MBO,Kochi,Kerala,South,SKU40266,Liquid Lipstick Nude 5Ml,Renee,Makeup,Lipstick,Top 10,Active,799,24,33,,12,10068,BGR South,21,21,,50,4,61,,
2025-04,OL1016,HG-INORBIT KOCHI 16,Health & Glow,MBO,Kochi,Kerala,South,SKU40588,Bb Cream Coral 30Ml,Renee,Makeup,Foundation,Top 10,Active,349,36,0,,12,4398,BGR South,21,21,,50,4,61,,
2025-04,OL1016,HG-INORBIT KOCHI 16,Health & Glow,MBO,Kochi,Kerala,South,SKU40595,Compact Powder Mocha 9Gm,Renee,Makeup,Foundation,Top 10,Active,449,18,0,,9,4243,BGR South,9,7,,50,4,61,,
2025-04,OL1016,HG-INORBIT KOCHI 16,Health & Glow,MBO,Kochi,Kerala,South,SKU40662,Compact Powder Nude 9Gm,Renee,Makeup,Foundation,Top 25,Active,1199,1,3,,1,1259,BGR South,4,3,,50,4,61,,
2025-04,OL1016,HG-INORBIT KOCHI 16,Health & Glow,MBO,Kochi,Kerala,South,SKU40722,Compact Powder Berry 9Gm,Renee,Makeup,Foundation,Top 10,Active,799,3,6,,3,2517,BGR South,6,6,,50,4,61,,
2025-04,OL1016,HG-INORBIT KOCHI 16,Health & Glow,MBO,Kochi,Kerala,South,SKU40836,Blending Brush R4,Renee,Makeup,Brushes,Top 10,Active,1199,8,5,,8,10073,BGR South,6,5,,50,4,61,,
2025-04,OL1016,HG-INORBIT KOCHI 16,Health & Glow,MBO,Kochi,Kerala,South,SKU40928,Powder Brush R4,Renee,Makeup,Brushes,Top 25,Active,650,4,4,,2,1365,BGR South,3,2,,50,4,61,,
2025-04,OL1016,HG-INORBIT KOCHI 16,Health & Glow,MBO,Kochi,Kerala,South,SKU40951,Sunscreen Gel Spf 50 70Ml,Renee,Skincare,Sunscreen,Top 25,Active,999,6,9,,2,2098,BGR South,6,5,,45,4,61,,
2025-04,OL1016,HG-INORBIT KOCHI 16,Health & Glow,MBO,Kochi,Kerala,South,SKU40979,Sunscreen Gel Spf 50 50Ml,Renee,Skincare,Sunscreen,Top 25,Active,799,4,3,,2,1678,BGR South,2,1,,45,4,61,,
2025-04,OL1016,HG-INORBIT KOCHI 16,Health & Glow,MBO,Kochi,Kerala,South,SKU41024,Vitamin C Serum 30Ml,Renee,Skincare,Serum,Others,Active,449,9,11,,3,1414,BGR South,6,5,,45,4,61,,
2025-04,OL1016,HG-INORBIT KOCHI 16,Health & Glow,MBO,Kochi,Kerala,South,SKU41032,Face Wash Hazelnut 60Ml,Renee,Skincare,Cleanser,Others,Active,499,2,4,,2,1048,BGR South,4,4,,45,4,61,,
2025-04,OL1016,HG-INORBIT KOCHI 16,Health & Glow,MBO,Kochi,Kerala,South,SKU41048,Face Wash Ocean 20Ml,Renee,Skincare,Cleanser,Others,Active,349,12,12,,4,1466,BGR South,7,4,,45,4,61,,
2025-04,OL1016,HG-INORBIT KOCHI 16,Health & Glow,MBO,Kochi,Kerala,South,SKU41215,Perfume Midnight 50Ml,Renee,Fragrance,EDP,Others,Active,399,8,7,,4,1676,BGR South,4,3,,55,4,61,,
2025-04,OL1016,HG-INORBIT KOCHI 16,Health & Glow,MBO,Kochi,Kerala,South,SKU41420,Body Mist Coral 100Ml,Renee,Fragrance,Body Mist,Top 25,Active,399,9,12,,3,1257,BGR South,7,6,,55,4,61,,
2025-04,OL1016,HG-INORBIT KOCHI 16,Health & Glow,MBO,Kochi,Kerala,South,SKU41536,Body Mist Nude 100Ml,Renee,Fragrance,Body Mist,Top 25,Active,349,12,15,,4,1466,BGR South,7,7,,55,4,61,,
2025-04,OL1016,HG-INORBIT KOCHI 16,Health & Glow,MBO,Kochi,Kerala,South,SKU41647,Hair Oil Hazelnut 100Ml,Renee,Haircare,Hair Oil,Others,Active,799,3,5,,1,839,BGR South,4,3,,35,4,61,,
2025-04,OL1017,HG-PHOENIX NOIDA 17,Health & Glow,MBO,Noida,Uttar Pradesh,North,SKU40078,Matte Lip Color Rose 4.2Ml,Renee,Makeup,Lipstick,Top 25,Active,650,12,14,,4,2599,BGR North,7,6,,50,3,60.5,,
2025-04,OL1017,HG-PHOENIX NOIDA 17,Health & Glow,MBO,Noida,Uttar Pradesh,North,SKU40108,Matte Lip Color Peach 4.2Ml,Renee,Makeup,Lipstick,Top 10,Active,650,5,10,,5,3249,BGR North,10,10,,50,3,60.5,,
2025-04,OL1017,HG-PHOENIX NOIDA 17,Health & Glow,MBO,Noida,Uttar Pradesh,North,SKU40318,Midnight Eyeliner Hazelnut 2.5Ml,Renee,Makeup,Eyeliner,Others,Active,650,2,2,,2,1299,BGR North,3,2,,50,3,60.5,,
2025-04,OL1017,HG-PHOENIX NOIDA 17,Health & Glow,MBO,Noida,Uttar Pradesh,North,SKU40381,Midnight Eyeliner Ocean 2.5Ml,Renee,Makeup,Eyeliner,Top 25,Active,699,8,9,,3,2096,BGR North,5,5,,50,3,60.5,,
2025-04,OL1017,HG-PHOENIX NOIDA 17,Health & Glow,MBO,Noida,Uttar Pradesh,North,SKU40490,Kajal Midnight 0.35Gm,Renee,Makeup,Eyeliner,Top 10,Active,599,16,22,,8,4790,BGR North,14,14,,50,3,60.5,,
2025-04,OL1017,HG-PHOENIX NOIDA 17,Health & Glow,MBO,Noida,Uttar Pradesh,North,SKU40588,Bb Cream Coral 30Ml,Renee,Makeup,Foundation,Top 10,Active,349,12,13,,6,2093,BGR North,11,7,,50,3,60.5,,
2025-04,OL1017,HG-PHOENIX NOIDA 17,Health & Glow,MBO,Noida,Uttar Pradesh,North,SKU40595,Compact Powder Mocha 9Gm,Renee,Makeup,Foundation,Top 10,Active,449,3,8,,3,1346,BGR North,8,8,,50,3,60.5,,
2025-04,OL1017,HG-PHOENIX NOIDA 17,Health & Glow,MBO,Noida,Uttar Pradesh,North,SKU40722,Compact Powder Berry 9Gm,Renee,Makeup,Foundation,Top 10,Active,799,0,1,,0,0,BGR North,1,1,,50,3,60.5,,
2025-04,OL1017,HG-PHOENIX NOIDA 17,Health & Glow,MBO,Noida,Uttar Pradesh,North,SKU40850,Powder Brush R8,Renee,Makeup,Brushes,Top 25,Active,650,8,0,,8,5198,BGR North,10,10,,50,3,60.5,,
2025-04,OL1017,HG-PHOENIX NOIDA 17,Health & Glow,MBO,Noida,Uttar Pradesh,North,SKU40928,Powder Brush R4,Renee,Makeup,Brushes,Top 25,Active,650,9,10,,3,1949,BGR North,6,4,,50,3,60.5,,
2025-04,OL1017,HG-PHOENIX NOIDA 17,Health & Glow,MBO,Noida,Uttar Pradesh,North,SKU41048,Face Wash Ocean 20Ml,Renee,Skincare,Cleanser,Others,Active,349,4,6,,4,1395,BGR North,8,6,,45,3,60.5,,
2025-04,OL1017,HG-PHOENIX NOIDA 17,Health & Glow,MBO,Noida,Uttar Pradesh,North,SKU41129,Face Wash Vanilla 40Ml,Renee,Skincare,Cleanser,Others,Active,299,1,4,,1,299,BGR North,4,4,,45,3,60.5,,
2025-04,OL1017,HG-PHOENIX NOIDA 17,Health & Glow,MBO,Noida,Uttar Pradesh,North,SKU41295,Perfume Rose 50Ml,Renee,Fragrance,EDP,Top 25,Active,599,12,16,,6,3592,BGR North,10,10,,55,3,60.5,,
2025-04,OL1017,HG-PHOENIX NOIDA 17,Health & Glow,MBO,Noida,Uttar Pradesh,North,SKU41420,Body Mist Coral 100Ml,Renee,Fragrance,Body Mist,Top 25,Active,399,8,8,,4,1595,BGR North,5,4,,55,3,60.5,,
2025-04,OL1017,HG-PHOENIX NOIDA 17,Health & Glow,MBO,Noida,Uttar Pradesh,North,SKU41476,Body Mist Mocha 100Ml,Renee,Fragrance,Body Mist,Top 10,Active,799,8,5,,8,6389,BGR North,8,5,,55,3,60.5,,
2025-04,OL1017,HG-PHOENIX NOIDA 17,Health & Glow,MBO,Noida,Uttar Pradesh,North,SKU41536,Body Mist Nude 100Ml,Renee,Fragrance,Body Mist,Top 25,Active,349,6,14,,2,698,BGR North,3,3,,55,3,60.5,,
2025-04,OL1017,HG-PHOENIX NOIDA 17,Health & Glow,MBO,Noida,Uttar Pradesh,North,SKU41608,Hair Oil Berry 100Ml,Renee,Haircare,Hair Oil,Others,Active,449,3,4,,1,449,BGR North,3,2,,35,3,60.5,,
2025-04,OL1017,HG-PHOENIX NOIDA 17,Health & Glow,MBO,Noida,Uttar Pradesh,North,SKU41647,Hair Oil Hazelnut 100Ml,Renee,Haircare,Hair Oil,Others,Active,799,2,1,,2,1597,BGR North,2,1,,35,3,60.5,,
2025-04,OL1018,HG-FORUM CHENNAI 18,Health & Glow,MBO,Chennai,Tamil Nadu,South,SKU40078,Matte Lip Color Rose 4.2Ml,Renee,Makeup,Lipstick,Top 25,Active,650,3,5,,2,1591,BGR South,8,5,,50,3,56.9,,
2025-04,OL1018,HG-FORUM CHENNAI 18,Health & Glow,MBO,Chennai,Tamil Nadu,South,SKU40108,Matte Lip Color Peach 4.2Ml,Renee,Makeup,Lipstick,Top 10,Active,650,9,10,,2,1591,BGR South,5,4,,50,3,56.9,,
2025-04,OL1018,HG-FORUM CHENNAI 18,Health & Glow,MBO,Chennai,Tamil Nadu,South,SKU40127,Matte Lip Color Coral 4.2Ml,Renee,Makeup,Lipstick,Top 25,Active,499,4,2,,4,2443,BGR South,3,2,,50,3,56.9,,
2025-04,OL1018,HG-FORUM CHENNAI 18,Health & Glow,MBO,Chennai,Tamil Nadu,South,SKU40281,Midnight Eyeliner Berry 2.5Ml,Renee,Makeup,Eyeliner,Others,Active,299,4,8,,2,732,BGR South,6,6,,50,3,56.9,,
2025-04,OL1018,HG-FORUM CHENNAI 18,Health & Glow,MBO,Chennai,Tamil Nadu,South,SKU40425,Kajal Vanilla 0.35Gm,Renee,Makeup,Eyeliner,Top 25,Active,299,9,10,,3,1098,BGR South,5,4,,50,3,56.9,,
2025-04,OL1018,HG-FORUM CHENNAI 18,Health & Glow,MBO,Chennai,Tamil Nadu,South,SKU40490,Kajal Midnight 0.35Gm,Renee,Makeup,Eyeliner,Top 10,Active,599,2,3,,2,1467,BGR South,4,3,,50,3,56.9,,
2025-04,OL1018,HG-FORUM CHENNAI 18,Health & Glow,MBO,Chennai,Tamil Nadu,South,SKU40588,Bb Cream Coral 30Ml,Renee,Makeup,Foundation,Top 10,Active,349,4,9,,4,1709,BGR South,9,9,,50,3,56.9,,
2025-04,OL1018,HG-FORUM CHENNAI 18,Health & Glow,MBO,Chennai,Tamil Nadu,South,SKU40662,Compact Powder Nude 9Gm,Renee,Makeup,Foundation,Top 25,Active,1199,4,4,,4,5871,BGR South,5,4,,50,3,56.9,,
2025-04,OL1018,HG-FORUM CHENNAI 18,Health & Glow,MBO,Chennai,Tamil Nadu,South,SKU40763,Blending Brush R6,Renee,Makeup,Brushes,Others,Active,349,6,10,,2,854,BGR South,6,6,,50,3,56.9,,
2025-04,OL1018,HG-FORUM CHENNAI 18,Health & Glow,MBO,Chennai,Tamil Nadu,South,SKU40850,Powder Brush R8,Renee,Makeup,Brushes,Top 25,Active,650,3,6,,3,2387,BGR South,7,6,,50,3,56.9,,
2025-04,OL1018,HG-FORUM CHENNAI 18,Health & Glow,MBO,Chennai,Tamil Nadu,South,SKU40979,Sunscreen Gel Spf 50 50Ml,Renee,Skincare,Sunscreen,Top 25,Active,799,3,3,,1,978,BGR South,2,1,,45,3,56.9,,
2025-04,OL1018,HG-FORUM CHENNAI 18,Health & Glow,MBO,Chennai,Tamil Nadu,South,SKU41129,Face Wash Vanilla 40Ml,Renee,Skincare,Cleanser,Others,Active,299,2,3,,2,732,BGR South,4,3,,45,3,56.9,,
2025-04,OL1018,HG-FORUM CHENNAI 18,Health & Glow,MBO,Chennai,Tamil Nadu,South,SKU41215,Perfume Midnight 50Ml,Renee,Fragrance,EDP,Others,Active,399,4,5,,2,977,BGR South,4,3,,55,3,56.9,,
2025-04,OL1018,HG-FORUM CHENNAI 18,Health & Glow,MBO,Chennai,Tamil Nadu,South,SKU41295,Perfume Rose 50Ml,Renee,Fragrance,EDP,Top 25,Active,599,12,28,,4,2933,BGR South,4,3,,55,3,56.9,,
2025-04,OL1018,HG-FORUM CHENNAI 18,Health & Glow,MBO,Chennai,Tamil Nadu,South,SKU41476,Body Mist Mocha 100Ml,Renee,Fragrance,Body Mist,Top 10,Active,799,9,13,,3,2934,BGR South,8,7,,55,3,56.9,,
2025-04,OL1018,HG-FORUM CHENNAI 18,Health & Glow,MBO,Chennai,Tamil Nadu,South,SKU41536,Body Mist Nude 100Ml,Renee,Fragrance,Body Mist,Top 25,Active,349,10,13,,5,2136,BGR South,8,8,,55,3,56.9,,
2025-04,OL1018,HG-FORUM CHENNAI 18,Health & Glow,MBO,Chennai,Tamil Nadu,South,SKU41608,Hair Oil Berry 100Ml,Renee,Haircare,Hair Oil,Others,Active,449,2,4,,2,1099,BGR South,4,4,,35,3,56.9,,
2025-04,OL1019,HG-CITY CENTRE HYDERABAD 19,Health & Glow,MBO,Hyderabad,Telangana,South,SKU40108,Matte Lip Color Peach 4.2Ml,Renee,Makeup,Lipstick,Top 10,Active,650,6,9,,3,2309,BGR South,7,6,,50,3,92.9,,
2025-04,OL1019,HG-CITY CENTRE HYDERABAD 19,Health & Glow,MBO,Hyderabad,Telangana,South,SKU40127,Matte Lip Color Coral 4.2Ml,Renee,Makeup,Lipstick,Top 25,Active,499,8,8,,4,2363,BGR South,5,4,,50,3,92.9,,
2025-04,OL1019,HG-CITY CENTRE HYDERABAD 19,Health & Glow,MBO,Hyderabad,Telangana,South,SKU40266,Liquid Lipstick Nude 5Ml,Renee,Makeup,Lipstick,Top 10,Active,799,12,18,,6,5676,BGR South,12,12,,50,3,92.9,,
2025-04,OL1019,HG-CITY CENTRE HYDERABAD 19,Health & Glow,MBO,Hyderabad,Telangana,South,SKU40318,Midnight Eyeliner Hazelnut 2.5Ml,Renee,Makeup,Eyeliner,Others,Active,650,0,1,,0,0,BGR South,2,1,,50,3,92.9,,
2025-04,OL1019,HG-CITY CENTRE HYDERABAD 19,Health & Glow,MBO,Hyderabad,Telangana,South,SKU40425,Kajal Vanilla 0.35Gm,Renee,Makeup,Eyeliner,Top 25,Active,299,18,20,,6,2124,BGR South,10,8,,50,3,92.9,,
2025-04,OL1019,HG-CITY CENTRE HYDERABAD 19,Health & Glow,MBO,Hyderabad,Telangana,South,SKU40595,Compact Powder Mocha 9Gm,Renee,Makeup,Foundation,Top 10,Active,449,6,7,,3,1595,BGR South,5,4,,50,3,92.9,,
2025-04,OL1019,HG-CITY CENTRE HYDERABAD 19,Health & Glow,MBO,Hyderabad,Telangana,South,SKU40763,Blending Brush R6,Renee,Makeup,Brushes,Others,Active,349,3,5,,3,1240,BGR South,6,5,,50,3,92.9,,
2025-04,OL1019,HG-CITY CENTRE HYDERABAD 19,Health & Glow,MBO,Hyderabad,Telangana,South,SKU40928,Powder Brush R4,Renee,Makeup,Brushes,Top 25,Active,650,6,8,,2,1539,BGR South,5,4,,50,3,92.9,,
2025-04,OL1019,HG-CITY CENTRE HYDERABAD 19,Health & Glow,MBO,Hyderabad,Telangana,South,SKU40951,Sunscreen Gel Spf 50 70Ml,Renee,Skincare,Sunscreen,Top 25,Active,999,12,16,,4,4731,BGR South,8,8,,45,3,92.9,,
2025-04,OL1019,HG-CITY CENTRE HYDERABAD 19,Health & Glow,MBO,Hyderabad,Telangana,South,SKU40972,Sunscreen Gel Spf 50 70Ml,Renee,Skincare,Sunscreen,Top 25,Active,599,12,11,,4,2837,BGR South,4,3,,45,3,92.9,,
2025-04,OL1019,HG-CITY CENTRE HYDERABAD 19,Health & Glow,MBO,Hyderabad,Telangana,South,SKU40979,Sunscreen Gel Spf 50 50Ml,Renee,Skincare,Sunscreen,Top 25,Active,799,3,6,,3,2838,BGR South,6,6,,45,3,92.9,,
2025-04,OL1019,HG-CITY CENTRE HYDERABAD 19,Health & Glow,MBO,Hyderabad,Telangana,South,SKU41024,Vitamin C Serum 30Ml,Renee,Skincare,Serum,Others,Active,449,1,1,,1,532,BGR South,2,1,,45,3,92.9,,
2025-04,OL1019,HG-CITY CENTRE HYDERABAD 19,Health & Glow,MBO,Hyderabad,Telangana,South,SKU41048,Face Wash Ocean 20Ml,Renee,Skincare,Cleanser,Others,Active,349,3,4,,3,1240,BGR South,5,4,,45,3,92.9,,
2025-04,OL1019,HG-CITY CENTRE HYDERABAD 19,Health & Glow,MBO,Hyderabad,Telangana,South,SKU41295,Perfume Rose 50Ml,Renee,Fragrance,EDP,Top 25,Active,599,8,10,,4,2837,BGR South,8,6,,55,3,92.9,,
2025-04,OL1019,HG-CITY CENTRE HYDERABAD 19,Health & Glow,MBO,Hyderabad,Telangana,South,SKU41420,Body Mist Coral 100Ml,Renee,Fragrance,Body Mist,Top 25,Active,399,6,8,,2,945,BGR South,5,4,,55,3,92.9,,
2025-04,OL1019,HG-CITY CENTRE HYDERABAD 19,Health & Glow,MBO,Hyderabad,Telangana,South,SKU41476,Body Mist Mocha 100Ml,Renee,Fragrance,Body Mist,Top 10,Active,799,12,16,,4,3784,BGR South,9,8,,55,3,92.9,,
2025-04,OL1019,HG-CITY CENTRE HYDERABAD 19,Health & Glow,MBO,Hyderabad,Telangana,South,SKU41536,Body Mist Nude 100Ml,Renee,Fragrance,Body Mist,Top 25,Active,349,0,1,,0,0,BGR South,2,1,,55,3,92.9,,
2025-04,OL1019,HG-CITY CENTRE HYDERABAD 19,Health & Glow,MBO,Hyderabad,Telangana,South,SKU41608,Hair Oil Berry 100Ml,Renee,Haircare,Hair Oil,Others,Active,449,4,4,,2,1063,BGR South,3,2,,35,3,92.9,,
2025-04,OL1019,HG-CITY CENTRE HYDERABAD 19,Health & Glow,MBO,Hyderabad,Telangana,South,SKU41647,Hair Oil Hazelnut 100Ml,Renee,Haircare,Hair Oil,Others,Active,799,2,3,,1,946,BGR South,3,2,,35,3,92.9,,
2025-04,OL1020,HG-NEXUS SURAT 20,Health & Glow,MBO,Surat,Gujarat,West,SKU40078,Matte Lip Color Rose 4.2Ml,Renee,Makeup,Lipstick,Top 25,Active,650,6,9,,3,2548,BGR West,7,6,,50,4,71.7,,
2025-04,OL1020,HG-NEXUS SURAT 20,Health & Glow,MBO,Surat,Gujarat,West,SKU40108,Matte Lip Color Peach 4.2Ml,Renee,Makeup,Lipstick,Top 10,Active,650,6,9,,2,1698,BGR West,5,5,,50,4,71.7,,
2025-04,OL1020,HG-NEXUS SURAT 20,Health & Glow,MBO,Surat,Gujarat,West,SKU40266,Liquid Lipstick Nude 5Ml,Renee,Makeup,Lipstick,Top 10,Active,799,6,9,,3,3132,BGR West,10,9,,50,4,71.7,,
2025-04,OL1020,HG-NEXUS SURAT 20,Health & Glow,MBO,Surat,Gujarat,West,SKU40381,Midnight Eyeliner Ocean 2.5Ml,Renee,Makeup,Eyeliner,Top 25,Active,699,3,4,,3,2740,BGR West,5,4,,50,4,71.7,,
2025-04,OL1020,HG-NEXUS SURAT 20,Health & Glow,MBO,Surat,Gujarat,West,SKU40490,Kajal Midnight 0.35Gm,Renee,Makeup,Eyeliner,Top 10,Active,599,6,5,,1,783,BGR West,2,1,,50,4,71.7,,
2025-04,OL1020,HG-NEXUS SURAT 20,Health & Glow,MBO,Surat,Gujarat,West,SKU40588,Bb Cream Coral 30Ml,Renee,Makeup,Foundation,Top 10,Active,349,8,10,,4,1824,BGR West,7,6,,50,4,71.7,,
2025-04,OL1020,HG-NEXUS SURAT 20,Health & Glow,MBO,Surat,Gujarat,West,SKU40595,Compact Powder Mocha 9Gm,Renee,Makeup,Foundation,Top 10,Active,449,12,16,,4,2346,BGR West,8,8,,50,4,71.7,,
2025-04,OL1020,HG-NEXUS SURAT 20,Health & Glow,MBO,Surat,Gujarat,West,SKU40836,Blending Brush R4,Renee,Makeup,Brushes,Top 10,Active,1199,8,6,,4,6266,BGR West,4,2,,50,4,71.7,,
2025-04,OL1020,HG-NEXUS SURAT 20,Health & Glow,MBO,Surat,Gujarat,West,SKU40850,Powder Brush R8,Renee,Makeup,Brushes,Top 25,Active,650,3,4,,3,2548,BGR West,5,4,,50,4,71.7,,
2025-04,OL1020,HG-NEXUS SURAT 20,Health & Glow,MBO,Surat,Gujarat,West,SKU40979,Sunscreen Gel Spf 50 50Ml,Renee,Skincare,Sunscreen,Top 25,Active,799,2,3,,2,2088,BGR West,4,3,,45,4,71.7,,
2025-04,OL1020,HG-NEXUS SURAT 20,Health & Glow,MBO,Surat,Gujarat,West,SKU41048,Face Wash Ocean 20Ml,Renee,Skincare,Cleanser,Others,Active,349,3,5,,3,1368,BGR West,8,5,,45,4,71.7,,
2025-04,OL1020,HG-NEXUS SURAT 20,Health & Glow,MBO,Surat,Gujarat,West,SKU41476,Body Mist Mocha 100Ml,Renee,Fragrance,Body Mist,Top 10,Active,799,9,9,,3,3132,BGR West,5,3,,55,4,71.7,,
2025-04,OL1020,HG-NEXUS SURAT 20,Health & Glow,MBO,Surat,Gujarat,West,SKU41608,Hair Oil Berry 100Ml,Renee,Haircare,Hair Oil,Others,Active,449,2,4,,2,1173,BGR West,5,4,,35,4,71.7,,
2025-04,OL1021,HG-INORBIT NEW DELHI 21,Health & Glow,MBO,New Delhi,Delhi,North,SKU40078,Matte Lip Color Rose 4.2Ml,Renee,Makeup,Lipstick,Top 25,Active,650,8,12,,4,2594,BGR North,10,8,,50,2,64.7,,
2025-04,OL1021,HG-INORBIT NEW DELHI 21,Health & Glow,MBO,New Delhi,Delhi,North,SKU40266,Liquid Lipstick Nude 5Ml,Renee,Makeup,Lipstick,Top 10,Active,799,21,18,,7,5580,BGR North,5,4,,50,2,64.7,,
2025-04,OL1021,HG-INORBIT NEW DELHI 21,Health & Glow,MBO,New Delhi,Delhi,North,SKU40381,Midnight Eyeliner Ocean 2.5Ml,Renee,Makeup,Eyeliner,Top 25,Active,699,6,7,,2,1395,BGR North,3,3,,50,2,64.7,,
2025-04,OL1021,HG-INORBIT NEW DELHI 21,Health & Glow,MBO,New Delhi,Delhi,North,SKU40425,Kajal Vanilla 0.35Gm,Renee,Makeup,Eyeliner,Top 25,Active,299,4,9,,4,1193,BGR North,9,9,,50,2,64.7,,
2025-04,OL1021,HG-INORBIT NEW DELHI 21,Health & Glow,MBO,New Delhi,Delhi,North,SKU40544,Bb Cream Peach 30Ml,Renee,Makeup,Foundation,Top 10,Active,599,18,23,,6,3586,BGR North,11,11,,50,2,64.7,,
2025-04,OL1021,HG-INORBIT NEW DELHI 21,Health & Glow,MBO,New Delhi,Delhi,North,SKU40588,Bb Cream Coral 30Ml,Renee,Makeup,Foundation,Top 10,Active,349,7,7,,7,2437,BGR North,7,7,,50,2,64.7,,
2025-04,OL1021,HG-INORBIT NEW DELHI 21,Health & Glow,MBO,New Delhi,Delhi,North,SKU40662,Compact Powder Nude 9Gm,Renee,Makeup,Foundation,Top 25,Active,1199,8,10,,4,4785,BGR North,7,6,,50,2,64.7,,
2025-04,OL1021,HG-INORBIT NEW DELHI 21,Health & Glow,MBO,New Delhi,Delhi,North,SKU40763,Blending Brush R6,Renee,Makeup,Brushes,Others,Active,349,9,12,,3,1045,BGR North,6,6,,50,2,64.7,,
2025-04,OL1021,HG-INORBIT NEW DELHI 21,Health & Glow,MBO,New Delhi,Delhi,North,SKU40836,Blending Brush R4,Renee,Makeup,Brushes,Top 10,Active,1199,4,6,,4,4785,BGR North,6,6,,50,2,64.7,,
2025-04,OL1021,HG-INORBIT NEW DELHI 21,Health & Glow,MBO,New Delhi,Delhi,North,SKU40951,Sunscreen Gel Spf 50 70Ml,Renee,Skincare,Sunscreen,Top 25,Active,999,8,12,,4,3987,BGR North,8,8,,45,2,64.7,,
2025-04,OL1021,HG-INORBIT NEW DELHI 21,Health & Glow,MBO,New Delhi,Delhi,North,SKU40972,Sunscreen Gel Spf 50 70Ml,Renee,Skincare,Sunscreen,Top 25,Active,599,2,2,,2,1195,BGR North,4,2,,45,2,64.7,,
2025-04,OL1021,HG-INORBIT NEW DELHI 21,Health & Glow,MBO,New Delhi,Delhi,North,SKU40979,Sunscreen Gel Spf 50 50Ml,Renee,Skincare,Sunscreen,Top 25,Active,799,4,7,,2,1594,BGR North,6,5,,45,2,64.7,,
2025-04,OL1021,HG-INORBIT NEW DELHI 21,Health & Glow,MBO,New Delhi,Delhi,North,SKU41032,Face Wash Hazelnut 60Ml,Renee,Skincare,Cleanser,Others,Active,499,2,1,,1,498,BGR North,0,0,,45,2,64.7,,
2025-04,OL1021,HG-INORBIT NEW DELHI 21,Health & Glow,MBO,New Delhi,Delhi,North,SKU41048,Face Wash Ocean 20Ml,Renee,Skincare,Cleanser,Others,Active,349,8,0,,4,1393,BGR North,5,4,,45,2,64.7,,
2025-04,OL1021,HG-INORBIT NEW DELHI 21,Health & Glow,MBO,New Delhi,Delhi,North,SKU41295,Perfume Rose 50Ml,Renee,Fragrance,EDP,Top 25,Active,599,12,12,,4,2391,BGR North,5,4,,55,2,64.7,,
2025-04,OL1021,HG-INORBIT NEW DELHI 21,Health & Glow,MBO,New Delhi,Delhi,North,SKU41476,Body Mist Mocha 100Ml,Renee,Fragrance,Body Mist,Top 10,Active,799,24,25,,8,6378,BGR North,14,9,,55,2,64.7,,
2025-04,OL1021,HG-INORBIT NEW DELHI 21,Health & Glow,MBO,New Delhi,Delhi,North,SKU41536,Body Mist Nude 100Ml,Renee,Fragrance,Body Mist,Top 25,Active,349,10,16,,5,1741,BGR North,11,11,,55,2,64.7,,
2025-04,OL1021,HG-INORBIT NEW DELHI 21,Health & Glow,MBO,New Delhi,Delhi,North,SKU41647,Hair Oil Hazelnut 100Ml,Renee,Haircare,Hair Oil,Others,Active,799,4,0,,2,1594,BGR North,4,3,,35,2,64.7,,
2025-04,OL1022,HG-SELECT NEW DELHI 22,Health & Glow,MBO,New Delhi,Delhi,North,SKU40108,Matte Lip Color Peach 4.2Ml,Renee,Makeup,Lipstick,Top 10,Active,650,10,14,,5,3811,BGR North,10,9,,50,2,67.5,,
2025-04,OL1022,HG-SELECT NEW DELHI 22,Health & Glow,MBO,New Delhi,Delhi,North,SKU40381,Midnight Eyeliner Ocean 2.5Ml,Renee,Makeup,Eyeliner,Top 25,Active,699,12,14,,4,3279,BGR North,8,6,,50,2,67.5,,
2025-04,OL1022,HG-SELECT NEW DELHI 22,Health & Glow,MBO,New Delhi,Delhi,North,SKU40425,Kajal Vanilla 0.35Gm,Renee,Makeup,Eyeliner,Top 25,Active,299,27,29,,9,3156,BGR North,12,11,,50,2,67.5,,
2025-04,OL1022,HG-SELECT NEW DELHI 22,Health & Glow,MBO,New Delhi,Delhi,North,SKU40490,Kajal Midnight 0.35Gm,Renee,Makeup,Eyeliner,Top 10,Active,599,24,27,,8,5620,BGR North,11,11,,50,2,67.5,,
2025-04,OL1022,HG-SELECT NEW DELHI 22,Health & Glow,MBO,New Delhi,Delhi,North,SKU40544,Bb Cream Peach 30Ml,Renee,Makeup,Foundation,Top 10,Active,599,8,12,,8,5620,BGR North,16,12,,50,2,67.5,,
2025-04,OL1022,HG-SELECT NEW DELHI 22,Health & Glow,MBO,New Delhi,Delhi,North,SKU40595,Compact Powder Mocha 9Gm,Renee,Makeup,Foundation,Top 10,Active,449,12,15,,12,6319,BGR North,15,15,,50,2,67.5,,
2025-04,OL1022,HG-SELECT NEW DELHI 22,Health & Glow,MBO,New Delhi,Delhi,North,SKU40662,Compact Powder Nude 9Gm,Renee,Makeup,Foundation,Top 25,Active,1199,3,5,,1,1406,BGR North,3,3,,50,2,67.5,,
2025-04,OL1022,HG-SELECT NEW DELHI 22,Health & Glow,MBO,New Delhi,Delhi,North,SKU40722,Compact Powder Berry 9Gm,Renee,Makeup,Foundation,Top 10,Active,799,0,0,,0,0,BGR North,0,0,,50,2,67.5,,
2025-04,OL1022,HG-SELECT NEW DELHI 22,Health & Glow,MBO,New Delhi,Delhi,North,SKU40763,Blending Brush R6,Renee,Makeup,Brushes,Others,Active,349,6,4,,3,1228,BGR North,2,1,,50,2,67.5,,
2025-04,OL1022,HG-SELECT NEW DELHI 22,Health & Glow,MBO,New Delhi,Delhi,North,SKU40836,Blending Brush R4,Renee,Makeup,Brushes,Top 10,Active,1199,9,17,,9,12655,BGR North,19,17,,50,2,67.5,,
2025-04,OL1022,HG-SELECT NEW DELHI 22,Health & Glow,MBO,New Delhi,Delhi,North,SKU40850,Powder Brush R8,Renee,Makeup,Brushes,Top 25,Active,650,18,50,,6,4574,BGR North,13,10,,50,2,67.5,,
2025-04,OL1022,HG-SELECT NEW DELHI 22,Health & Glow,MBO,New Delhi,Delhi,North,SKU40972,Sunscreen Gel Spf 50 70Ml,Renee,Skincare,Sunscreen,Top 25,Active,599,4,4,,3,2107,BGR North,6,4,,45,2,67.5,,
2025-04,OL1022,HG-SELECT NEW DELHI 22,Health & Glow,MBO,New Delhi,Delhi,North,SKU41024,Vitamin C Serum 30Ml,Renee,Skincare,Serum,Others,Active,449,3,6,,1,527,BGR North,4,4,,45,2,67.5,,
2025-04,OL1022,HG-SELECT NEW DELHI 22,Health & Glow,MBO,New Delhi,Delhi,North,SKU41032,Face Wash Hazelnut 60Ml,Renee,Skincare,Cleanser,Others,Active,499,8,11,,4,2341,BGR North,7,7,,45,2,67.5,,
2025-04,OL1022,HG-SELECT NEW DELHI 22,Health & Glow,MBO,New Delhi,Delhi,North,SKU41129,Face Wash Vanilla 40Ml,Renee,Skincare,Cleanser,Others,Active,299,4,7,,4,1403,BGR North,8,7,,45,2,67.5,,
2025-04,OL1022,HG-SELECT NEW DELHI 22,Health & Glow,MBO,New Delhi,Delhi,North,SKU41215,Perfume Midnight 50Ml,Renee,Fragrance,EDP,Others,Active,399,9,11,,3,1404,BGR North,8,5,,55,2,67.5,,
2025-04,OL1022,HG-SELECT NEW DELHI 22,Health & Glow,MBO,New Delhi,Delhi,North,SKU41420,Body Mist Coral 100Ml,Renee,Fragrance,Body Mist,Top 25,Active,399,4,9,,4,1872,BGR North,9,9,,55,2,67.5,,
2025-04,OL1022,HG-SELECT NEW DELHI 22,Health & Glow,MBO,New Delhi,Delhi,North,SKU41608,Hair Oil Berry 100Ml,Renee,Haircare,Hair Oil,Others,Active,449,4,3,,1,527,BGR North,1,1,,35,2,67.5,,
2025-04,OL1023,HG-GALLERIA CHENNAI 23,Health & Glow,MBO,Chennai,Tamil Nadu,South,SKU40078,Matte Lip Color Rose 4.2Ml,Renee,Makeup,Lipstick,Top 25,Active,650,9,13,,3,1985,BGR South,7,7,,50,3,68.2,,
2025-04,OL1023,HG-GALLERIA CHENNAI 23,Health & Glow,MBO,Chennai,Tamil Nadu,South,SKU40266,Liquid Lipstick Nude 5Ml,Renee,Makeup,Lipstick,Top 10,Active,799,27,25,,9,7319,BGR South,8,7,,50,3,68.2,,
2025-04,OL1023,HG-GALLERIA CHENNAI 23,Health & Glow,MBO,Chennai,Tamil Nadu,South,SKU40281,Midnight Eyeliner Berry 2.5Ml,Renee,Makeup,Eyeliner,Others,Active,299,12,15,,4,1217,BGR South,7,7,,50,3,68.2,,
2025-04,OL1023,HG-GALLERIA CHENNAI 23,Health & Glow,MBO,Chennai,Tamil Nadu,South,SKU40318,Midnight Eyeliner Hazelnut 2.5Ml,Renee,Makeup,Eyeliner,Others,Active,650,4,6,,4,2646,BGR South,8,6,,50,3,68.2,,
2025-04,OL1023,HG-GALLERIA CHENNAI 23,Health & Glow,MBO,Chennai,Tamil Nadu,South,SKU40381,Midnight Eyeliner Ocean 2.5Ml,Renee,Makeup,Eyeliner,Top 25,Active,699,6,7,,3,2134,BGR South,7,4,,50,3,68.2,,
2025-04,OL1023,HG-GALLERIA CHENNAI 23,Health & Glow,MBO,Chennai,Tamil Nadu,South,SKU40425,Kajal Vanilla 0.35Gm,Renee,Makeup,Eyeliner,Top 25,Active,299,12,13,,4,1217,BGR South,7,5,,50,3,68.2,,
2025-04,OL1023,HG-GALLERIA CHENNAI 23,Health & Glow,MBO,Chennai,Tamil Nadu,South,SKU40544,Bb Cream Peach 30Ml,Renee,Makeup,Foundation,Top 10,Active,599,6,11,,6,3658,BGR South,11,11,,50,3,68.2,,
2025-04,OL1023,HG-GALLERIA CHENNAI 23,Health & Glow,MBO,Chennai,Tamil Nadu,South,SKU40588,Bb Cream Coral 30Ml,Renee,Makeup,Foundation,Top 10,Active,349,7,16,,7,2487,BGR South,16,16,,50,3,68.2,,
2025-04,OL1023,HG-GALLERIA CHENNAI 23,Health & Glow,MBO,Chennai,Tamil Nadu,South,SKU40595,Compact Powder Mocha 9Gm,Renee,Makeup,Foundation,Top 10,Active,449,18,0,,6,2742,BGR South,12,12,,50,3,68.2,,
2025-04,OL1023,HG-GALLERIA CHENNAI 23,Health & Glow,MBO,Chennai,Tamil Nadu,South,SKU40662,Compact Powder Nude 9Gm,Renee,Makeup,Foundation,Top 25,Active,1199,4,13,,2,2441,BGR South,2,1,,50,3,68.2,,
2025-04,OL1023,HG-GALLERIA CHENNAI 23,Health & Glow,MBO,Chennai,Tamil Nadu,South,SKU40850,Powder Brush R8,Renee,Makeup,Brushes,Top 25,Active,650,8,6,,4,2646,BGR South,3,2,,50,3,68.2,,
2025-04,OL1023,HG-GALLERIA CHENNAI 23,Health & Glow,MBO,Chennai,Tamil Nadu,South,SKU40951,Sunscreen Gel Spf 50 70Ml,Renee,Skincare,Sunscreen,Top 25,Active,999,3,3,,3,3050,BGR South,3,3,,45,3,68.2,,
2025-04,OL1023,HG-GALLERIA CHENNAI 23,Health & Glow,MBO,Chennai,Tamil Nadu,South,SKU41048,Face Wash Ocean 20Ml,Renee,Skincare,Cleanser,Others,Active,349,4,6,,2,710,BGR South,4,4,,45,3,68.2,,
2025-04,OL1023,HG-GALLERIA CHENNAI 23,Health & Glow,MBO,Chennai,Tamil Nadu,South,SKU41129,Face Wash Vanilla 40Ml,Renee,Skincare,Cleanser,Others,Active,299,0,0,,0,0,BGR South,1,0,,45,3,68.2,,
2025-04,OL1023,HG-GALLERIA CHENNAI 23,Health & Glow,MBO,Chennai,Tamil Nadu,South,SKU41476,Body Mist Mocha 100Ml,Renee,Fragrance,Body Mist,Top 10,Active,799,16,18,,8,6506,BGR South,10,10,,55,3,68.2,,
2025-04,OL1023,HG-GALLERIA CHENNAI 23,Health & Glow,MBO,Chennai,Tamil Nadu,South,SKU41536,Body Mist Nude 100Ml,Renee,Fragrance,Body Mist,Top 25,Active,349,6,4,,6,2131,BGR South,6,4,,55,3,68.2,,
2025-04,OL1023,HG-GALLERIA CHENNAI 23,Health & Glow,MBO,Chennai,Tamil Nadu,South,SKU41647,Hair Oil Hazelnut 100Ml,Renee,Haircare,Hair Oil,Others,Active,799,6,9,,2,1626,BGR South,5,5,,35,3,68.2,,
2025-04,OL1024,HG-CITY CENTRE SURAT 24,Health & Glow,MBO,Surat,Gujarat,West,SKU40078,Matte Lip Color Rose 4.2Ml,Renee,Makeup,Lipstick,Top 25,Active,650,6,6,,3,2679,BGR West,4,3,,50,1,93.9,,
2025-04,OL1024,HG-CITY CENTRE SURAT 24,Health & Glow,MBO,Surat,Gujarat,West,SKU40108,Matte Lip Color Peach 4.2Ml,Renee,Makeup,Lipstick,Top 10,Active,650,8,10,,4,3572,BGR West,7,6,,50,1,93.9,,
2025-04,OL1024,HG-CITY CENTRE SURAT 24,Health & Glow,MBO,Surat,Gujarat,West,SKU40127,Matte Lip Color Coral 4.2Ml,Renee,Makeup,Lipstick,Top 25,Active,499,4,6,,3,2057,BGR West,7,6,,50,1,93.9,,
2025-04,OL1024,HG-CITY CENTRE SURAT 24,Health & Glow,MBO,Surat,Gujarat,West,SKU40490,Kajal Midnight 0.35Gm,Renee,Makeup,Eyeliner,Top 10,Active,599,6,7,,3,2469,BGR West,5,4,,50,1,93.9,,
2025-04,OL1024,HG-CITY CENTRE SURAT 24,Health & Glow,MBO,Surat,Gujarat,West,SKU40588,Bb Cream Coral 30Ml,Renee,Makeup,Foundation,Top 10,Active,349,6,7,,2,959,BGR West,4,4,,50,1,93.9,,
2025-04,OL1024,HG-CITY CENTRE SURAT 24,Health & Glow,MBO,Surat,Gujarat,West,SKU40595,Compact Powder Mocha 9Gm,Renee,Makeup,Foundation,Top 10,Active,449,8,7,,0,0,BGR West,5,3,,50,1,93.9,,
2025-04,OL1024,HG-CITY CENTRE SURAT 24,Health & Glow,MBO,Surat,Gujarat,West,SKU40722,Compact Powder Berry 9Gm,Renee,Makeup,Foundation,Top 10,Active,799,4,3,,2,2196,BGR West,2,1,,50,1,93.9,,
2025-04,OL1024,HG-CITY CENTRE SURAT 24,Health & Glow,MBO,Surat,Gujarat,West,SKU41024,Vitamin C Serum 30Ml,Renee,Skincare,Serum,Others,Active,449,6,5,,3,1851,BGR West,2,2,,45,1,93.9,,
2025-04,OL1024,HG-CITY CENTRE SURAT 24,Health & Glow,MBO,Surat,Gujarat,West,SKU41129,Face Wash Vanilla 40Ml,Renee,Skincare,Cleanser,Others,Active,299,2,3,,2,822,BGR West,4,3,,45,1,93.9,,
2025-04,OL1024,HG-CITY CENTRE SURAT 24,Health & Glow,MBO,Surat,Gujarat,West,SKU41420,Body Mist Coral 100Ml,Renee,Fragrance,Body Mist,Top 25,Active,399,8,11,,4,2193,BGR West,7,7,,55,1,93.9,,
2025-04,OL1025,HG-PHOENIX CHANDIGARH 25,Health & Glow,MBO,Chandigarh,Punjab,North,SKU40078,Matte Lip Color Rose 4.2Ml,Renee,Makeup,Lipstick,Top 25,Active,650,9,11,,2,1486,BGR North,5,5,,50,4,62.1,,
2025-04,OL1025,HG-PHOENIX CHANDIGARH 25,Health & Glow,MBO,Chandigarh,Punjab,North,SKU40127,Matte Lip Color Coral 4.2Ml,Renee,Makeup,Lipstick,Top 25,Active,499,12,16,,4,2281,BGR North,8,8,,50,4,62.1,,
2025-04,OL1025,HG-PHOENIX CHANDIGARH 25,Health & Glow,MBO,Chandigarh,Punjab,North,SKU40281,Midnight Eyeliner Berry 2.5Ml,Renee,Makeup,Eyeliner,Others,Active,299,6,7,,2,683,BGR North,5,3,,50,4,62.1,,
2025-04,OL1025,HG-PHOENIX CHANDIGARH 25,Health & Glow,MBO,Chandigarh,Punjab,North,SKU40318,Midnight Eyeliner Hazelnut 2.5Ml,Renee,Makeup,Eyeliner,Others,Active,650,2,5,,2,1486,BGR North,5,5,,50,4,62.1,,
2025-04,OL1025,HG-PHOENIX CHANDIGARH 25,Health & Glow,MBO,Chandigarh,Punjab,North,SKU40381,Midnight Eyeliner Ocean 2.5Ml,Renee,Makeup,Eyeliner,Top 25,Active,699,12,14,,4,3196,BGR North,7,6,,50,4,62.1,,
2025-04,OL1025,HG-PHOENIX CHANDIGARH 25,Health & Glow,MBO,Chandigarh,Punjab,North,SKU40490,Kajal Midnight 0.35Gm,Renee,Makeup,Eyeliner,Top 10,Active,599,8,9,,3,2054,BGR North,8,5,,50,4,62.1,,
2025-04,OL1025,HG-PHOENIX CHANDIGARH 25,Health & Glow,MBO,Chandigarh,Punjab,North,SKU40588,Bb Cream Coral 30Ml,Renee,Makeup,Foundation,Top 10,Active,349,12,12,,4,1596,BGR North,5,4,,50,4,62.1,,
2025-04,OL1025,HG-PHOENIX CHANDIGARH 25,Health & Glow,MBO,Chandigarh,Punjab,North,SKU40662,Compact Powder Nude 9Gm,Renee,Makeup,Foundation,Top 25,Active,1199,3,6,,1,1370,BGR North,1,1,,50,4,62.1,,
2025-04,OL1025,HG-PHOENIX CHANDIGARH 25,Health & Glow,MBO,Chandigarh,Punjab,North,SKU40763,Blending Brush R6,Renee,Makeup,Brushes,Others,Active,349,4,5,,2,798,BGR North,4,3,,50,4,62.1,,
2025-04,OL1025,HG-PHOENIX CHANDIGARH 25,Health & Glow,MBO,Chandigarh,Punjab,North,SKU40836,Blending Brush R4,Renee,Makeup,Brushes,Top 10,Active,1199,21,28,,7,9593,BGR North,14,14,,50,4,62.1,,
2025-04,OL1025,HG-PHOENIX CHANDIGARH 25,Health & Glow,MBO,Chandigarh,Punjab,North,SKU40951,Sunscreen Gel Spf 50 70Ml,Renee,Skincare,Sunscreen,Top 25,Active,999,6,6,,2,2284,BGR North,4,2,,45,4,62.1,,
2025-04,OL1025,HG-PHOENIX CHANDIGARH 25,Health & Glow,MBO,Chandigarh,Punjab,North,SKU41024,Vitamin C Serum 30Ml,Renee,Skincare,Serum,Others,Active,449,8,10,,3,1540,BGR North,7,6,,45,4,62.1,,
2025-04,OL1025,HG-PHOENIX CHANDIGARH 25,Health & Glow,MBO,Chandigarh,Punjab,North,SKU41032,Face Wash Hazelnut 60Ml,Renee,Skincare,Cleanser,Others,Active,499,2,0,,1,570,BGR North,4,3,,45,4,62.1,,
2025-04,OL1025,HG-PHOENIX CHANDIGARH 25,Health & Glow,MBO,Chandigarh,Punjab,North,SKU41295,Perfume Rose 50Ml,Renee,Fragrance,EDP,Top 25,Active,599,3,0,,3,2054,BGR North,6,4,,55,4,62.1,,
2025-04,OL1025,HG-PHOENIX CHANDIGARH 25,Health & Glow,MBO,Chandigarh,Punjab,North,SKU41476,Body Mist Mocha 100Ml,Renee,Fragrance,Body Mist,Top 10,Active,799,4,5,,4,3653,BGR North,6,5,,55,4,62.1,,
2025-04,OL1026,HG-PHOENIX NOIDA 26,Health & Glow,MBO,Noida,Uttar Pradesh,North,SKU40266,Liquid Lipstick Nude 5Ml,Renee,Makeup,Lipstick,Top 10,Active,799,8,8,,4,3049,BGR North,7,4,,50,4,85,,
2025-04,OL1026,HG-PHOENIX NOIDA 26,Health & Glow,MBO,Noida,Uttar Pradesh,North,SKU40281,Midnight Eyeliner Berry 2.5Ml,Renee,Makeup,Eyeliner,Others,Active,299,6,6,,2,570,BGR North,4,2,,50,4,85,,
2025-04,OL1026,HG-PHOENIX NOIDA 26,Health & Glow,MBO,Noida,Uttar Pradesh,North,SKU40318,Midnight Eyeliner Hazelnut 2.5Ml,Renee,Makeup,Eyeliner,Others,Active,650,6,8,,2,1240,BGR North,5,4,,50,4,85,,
2025-04,OL1026,HG-PHOENIX NOIDA 26,Health & Glow,MBO,Noida,Uttar Pradesh,North,SKU40381,Midnight Eyeliner Ocean 2.5Ml,Renee,Makeup,Eyeliner,Top 25,Active,699,8,11,,4,2667,BGR North,7,7,,50,4,85,,
2025-04,OL1026,HG-PHOENIX NOIDA 26,Health & Glow,MBO,Noida,Uttar Pradesh,North,SKU40544,Bb Cream Peach 30Ml,Renee,Makeup,Foundation,Top 10,Active,599,2,2,,1,571,BGR North,1,1,,50,4,85,,
2025-04,OL1026,HG-PHOENIX NOIDA 26,Health & Glow,MBO,Noida,Uttar Pradesh,North,SKU40588,Bb Cream Coral 30Ml,Renee,Makeup,Foundation,Top 10,Active,349,3,5,,3,999,BGR North,5,5,,50,4,85,,
2025-04,OL1026,HG-PHOENIX NOIDA 26,Health & Glow,MBO,Noida,Uttar Pradesh,North,SKU40722,Compact Powder Berry 9Gm,Renee,Makeup,Foundation,Top 10,Active,799,3,4,,3,2287,BGR North,5,4,,50,4,85,,
2025-04,OL1026,HG-PHOENIX NOIDA 26,Health & Glow,MBO,Noida,Uttar Pradesh,North,SKU40836,Blending Brush R4,Renee,Makeup,Brushes,Top 10,Active,1199,6,7,,3,3431,BGR North,4,4,,50,4,85,,
2025-04,OL1026,HG-PHOENIX NOIDA 26,Health & Glow,MBO,Noida,Uttar Pradesh,North,SKU40850,Powder Brush R8,Renee,Makeup,Brushes,Top 25,Active,650,3,0,,3,1860,BGR North,8,7,,50,4,85,,
2025-04,OL1026,HG-PHOENIX NOIDA 26,Health & Glow,MBO,Noida,Uttar Pradesh,North,SKU40928,Powder Brush R4,Renee,Makeup,Brushes,Top 25,Active,650,2,1,,2,1240,BGR North,1,1,,50,4,85,,
2025-04,OL1026,HG-PHOENIX NOIDA 26,Health & Glow,MBO,Noida,Uttar Pradesh,North,SKU40951,Sunscreen Gel Spf 50 70Ml,Renee,Skincare,Sunscreen,Top 25,Active,999,9,9,,3,2859,BGR North,4,3,,45,4,85,,
2025-04,OL1026,HG-PHOENIX NOIDA 26,Health & Glow,MBO,Noida,Uttar Pradesh,North,SKU40972,Sunscreen Gel Spf 50 70Ml,Renee,Skincare,Sunscreen,Top 25,Active,599,3,2,,3,1714,BGR North,2,2,,45,4,85,,
2025-04,OL1026,HG-PHOENIX NOIDA 26,Health & Glow,MBO,Noida,Uttar Pradesh,North,SKU41032,Face Wash Hazelnut 60Ml,Renee,Skincare,Cleanser,Others,Active,499,4,4,,2,952,BGR North,3,2,,45,4,85,,
2025-04,OL1026,HG-PHOENIX NOIDA 26,Health & Glow,MBO,Noida,Uttar Pradesh,North,SKU41048,Face Wash Ocean 20Ml,Renee,Skincare,Cleanser,Others,Active,349,3,7,,3,999,BGR North,7,7,,45,4,85,,
2025-04,OL1027,SSL-FORUM CHANDIGARH 1,Shoppers Stop,Department Store,Chandigarh,Punjab,North,SKU40078,Matte Lip Color Rose 4.2Ml,Renee,Makeup,Lipstick,Top 25,Active,650,3,4,,3,1915,BGR North,5,4,,50,4,92.3,,
2025-04,OL1027,SSL-FORUM CHANDIGARH 1,Shoppers Stop,Department Store,Chandigarh,Punjab,North,SKU40108,Matte Lip Color Peach 4.2Ml,Renee,Makeup,Lipstick,Top 10,Active,650,9,10,,3,1915,BGR North,5,4,,50,4,92.3,,
2025-04,OL1027,SSL-FORUM CHANDIGARH 1,Shoppers Stop,Department Store,Chandigarh,Punjab,North,SKU40318,Midnight Eyeliner Hazelnut 2.5Ml,Renee,Makeup,Eyeliner,Others,Active,650,2,4,,1,638,BGR North,4,3,,50,4,92.3,,
2025-04,OL1027,SSL-FORUM CHANDIGARH 1,Shoppers Stop,Department Store,Chandigarh,Punjab,North,SKU40381,Midnight Eyeliner Ocean 2.5Ml,Renee,Makeup,Eyeliner,Top 25,Active,699,6,6,,2,1373,BGR North,3,2,,50,4,92.3,,
2025-04,OL1027,SSL-FORUM CHANDIGARH 1,Shoppers Stop,Department Store,Chandigarh,Punjab,North,SKU40490,Kajal Midnight 0.35Gm,Renee,Makeup,Eyeliner,Top 10,Active,599,15,16,,5,2942,BGR North,9,6,,50,4,92.3,,
2025-04,OL1027,SSL-FORUM CHANDIGARH 1,Shoppers Stop,Department Store,Chandigarh,Punjab,North,SKU40544,Bb Cream Peach 30Ml,Renee,Makeup,Foundation,Top 10,Active,599,14,16,,7,4119,BGR North,13,9,,50,4,92.3,,
2025-04,OL1027,SSL-FORUM CHANDIGARH 1,Shoppers Stop,Department Store,Chandigarh,Punjab,North,SKU40662,Compact Powder Nude 9Gm,Renee,Makeup,Foundation,Top 25,Active,1199,1,1,,1,1178,BGR North,2,1,,50,4,92.3,,
2025-04,OL1027,SSL-FORUM CHANDIGARH 1,Shoppers Stop,Department Store,Chandigarh,Punjab,North,SKU40836,Blending Brush R4,Renee,Makeup,Brushes,Top 10,Active,1199,6,9,,6,7066,BGR North,12,9,,50,4,92.3,,
2025-04,OL1027,SSL-FORUM CHANDIGARH 1,Shoppers Stop,Department Store,Chandigarh,Punjab,North,SKU40850,Powder Brush R8,Renee,Makeup,Brushes,Top 25,Active,650,3,19,,3,1915,BGR North,4,3,,50,4,92.3,,
2025-04,OL1027,SSL-FORUM CHANDIGARH 1,Shoppers Stop,Department Store,Chandigarh,Punjab,North,SKU40928,Powder Brush R4,Renee,Makeup,Brushes,Top 25,Active,650,2,1,,2,1277,BGR North,2,1,,50,4,92.3,,
2025-04,OL1027,SSL-FORUM CHANDIGARH 1,Shoppers Stop,Department Store,Chandigarh,Punjab,North,SKU41048,Face Wash Ocean 20Ml,Renee,Skincare,Cleanser,Others,Active,349,6,7,,3,1028,BGR North,4,4,,45,4,92.3,,
2025-04,OL1027,SSL-FORUM CHANDIGARH 1,Shoppers Stop,Department Store,Chandigarh,Punjab,North,SKU41129,Face Wash Vanilla 40Ml,Renee,Skincare,Cleanser,Others,Active,299,3,5,,1,294,BGR North,3,3,,45,4,92.3,,
2025-04,OL1027,SSL-FORUM CHANDIGARH 1,Shoppers Stop,Department Store,Chandigarh,Punjab,North,SKU41420,Body Mist Coral 100Ml,Renee,Fragrance,Body Mist,Top 25,Active,399,2,2,,2,784,BGR North,3,2,,55,4,92.3,,
2025-04,OL1027,SSL-FORUM CHANDIGARH 1,Shoppers Stop,Department Store,Chandigarh,Punjab,North,SKU41536,Body Mist Nude 100Ml,Renee,Fragrance,Body Mist,Top 25,Active,349,3,4,,3,1028,BGR North,5,4,,55,4,92.3,,
2025-04,OL1027,SSL-FORUM CHANDIGARH 1,Shoppers Stop,Department Store,Chandigarh,Punjab,North,SKU41608,Hair Oil Berry 100Ml,Renee,Haircare,Hair Oil,Others,Active,449,1,1,,1,441,BGR North,2,1,,35,4,92.3,,
2025-04,OL1027,SSL-FORUM CHANDIGARH 1,Shoppers Stop,Department Store,Chandigarh,Punjab,North,SKU41647,Hair Oil Hazelnut 100Ml,Renee,Haircare,Hair Oil,Others,Active,799,2,3,,1,785,BGR North,2,2,,35,4,92.3,,
2025-04,OL1028,SSL-ORION BANGALORE 2,Shoppers Stop,Department Store,Bangalore,Karnataka,South,SKU40078,Matte Lip Color Rose 4.2Ml,Renee,Makeup,Lipstick,Top 25,Active,650,3,4,,1,711,BGR South,3,2,,50,2,71.1,,
2025-04,OL1028,SSL-ORION BANGALORE 2,Shoppers Stop,Department Store,Bangalore,Karnataka,South,SKU40108,Matte Lip Color Peach 4.2Ml,Renee,Makeup,Lipstick,Top 10,Active,650,2,4,,2,1423,BGR South,6,4,,50,2,71.1,,
2025-04,OL1028,SSL-ORION BANGALORE 2,Shoppers Stop,Department Store,Bangalore,Karnataka,South,SKU40266,Liquid Lipstick Nude 5Ml,Renee,Makeup,Lipstick,Top 10,Active,799,10,13,,5,4371,BGR South,8,8,,50,2,71.1,,
2025-04,OL1028,SSL-ORION BANGALORE 2,Shoppers Stop,Department Store,Bangalore,Karnataka,South,SKU40318,Midnight Eyeliner Hazelnut 2.5Ml,Renee,Makeup,Eyeliner,Others,Active,650,1,2,,1,711,BGR South,4,2,,50,2,71.1,,
2025-04,OL1028,SSL-ORION BANGALORE 2,Shoppers Stop,Department Store,Bangalore,Karnataka,South,SKU40425,Kajal Vanilla 0.35Gm,Renee,Makeup,Eyeliner,Top 25,Active,299,12,17,,6,1963,BGR South,13,11,,50,2,71.1,,
2025-04,OL1028,SSL-ORION BANGALORE 2,Shoppers Stop,Department Store,Bangalore,Karnataka,South,SKU40490,Kajal Midnight 0.35Gm,Renee,Makeup,Eyeliner,Top 10,Active,599,5,8,,5,3277,BGR South,9,8,,50,2,71.1,,
2025-04,OL1028,SSL-ORION BANGALORE 2,Shoppers Stop,Department Store,Bangalore,Karnataka,South,SKU40544,Bb Cream Peach 30Ml,Renee,Makeup,Foundation,Top 10,Active,599,21,21,,7,4588,BGR South,11,7,,50,2,71.1,,
2025-04,OL1028,SSL-ORION BANGALORE 2,Shoppers Stop,Department Store,Bangalore,Karnataka,South,SKU40588,Bb Cream Coral 30Ml,Renee,Makeup,Foundation,Top 10,Active,349,6,10,,6,2291,BGR South,10,10,,50,2,71.1,,
2025-04,OL1028,SSL-ORION BANGALORE 2,Shoppers Stop,Department Store,Bangalore,Karnataka,South,SKU40763,Blending Brush R6,Renee,Makeup,Brushes,Others,Active,349,2,3,,1,382,BGR South,3,2,,50,2,71.1,,
2025-04,OL1028,SSL-ORION BANGALORE 2,Shoppers Stop,Department Store,Bangalore,Karnataka,South,SKU40979,Sunscreen Gel Spf 50 50Ml,Renee,Skincare,Sunscreen,Top 25,Active,799,4,5,,2,1749,BGR South,5,3,,45,2,71.1,,
2025-04,OL1028,SSL-ORION BANGALORE 2,Shoppers Stop,Department Store,Bangalore,Karnataka,South,SKU41024,Vitamin C Serum 30Ml,Renee,Skincare,Serum,Others,Active,449,1,2,,1,491,BGR South,3,2,,45,2,71.1,,
2025-04,OL1028,SSL-ORION BANGALORE 2,Shoppers Stop,Department Store,Bangalore,Karnataka,South,SKU41129,Face Wash Vanilla 40Ml,Renee,Skincare,Cleanser,Others,Active,299,3,7,,1,327,BGR South,4,2,,45,2,71.1,,
2025-04,OL1028,SSL-ORION BANGALORE 2,Shoppers Stop,Department Store,Bangalore,Karnataka,South,SKU41420,Body Mist Coral 100Ml,Renee,Fragrance,Body Mist,Top 25,Active,399,6,7,,2,873,BGR South,4,3,,55,2,71.1,,
2025-04,OL1028,SSL-ORION BANGALORE 2,Shoppers Stop,Department Store,Bangalore,Karnataka,South,SKU41476,Body Mist Mocha 100Ml,Renee,Fragrance,Body Mist,Top 10,Active,799,14,19,,7,6120,BGR South,12,12,,55,2,71.1,,
2025-04,OL1028,SSL-ORION BANGALORE 2,Shoppers Stop,Department Store,Bangalore,Karnataka,South,SKU41608,Hair Oil Berry 100Ml,Renee,Haircare,Hair Oil,Others,Active,449,3,0,,1,491,BGR South,3,3,,35,2,71.1,,
2025-04,OL1028,SSL-ORION BANGALORE 2,Shoppers Stop,Department Store,Bangalore,Karnataka,South,SKU41647,Hair Oil Hazelnut 100Ml,Renee,Haircare,Hair Oil,Others,Active,799,1,2,,1,874,BGR South,2,2,,35,2,71.1,,
2025-04,OL1029,SSL-SELECT NOIDA 3,Shoppers Stop,Department Store,Noida,Uttar Pradesh,North,SKU40078,Matte Lip Color Rose 4.2Ml,Renee,Makeup,Lipstick,Top 25,Active,650,3,3,,3,2039,BGR North,5,3,,50,2,60.2,,
2025-04,OL1029,SSL-SELECT NOIDA 3,Shoppers Stop,Department Store,Noida,Uttar Pradesh,North,SKU40127,Matte Lip Color Coral 4.2Ml,Renee,Makeup,Lipstick,Top 25,Active,499,5,12,,5,2609,BGR North,12,12,,50,2,60.2,,
2025-04,OL1029,SSL-SELECT NOIDA 3,Shoppers Stop,Department Store,Noida,Uttar Pradesh,North,SKU40266,Liquid Lipstick Nude 5Ml,Renee,Makeup,Lipstick,Top 10,Active,799,12,14,,12,10026,BGR North,18,14,,50,2,60.2,,
2025-04,OL1029,SSL-SELECT NOIDA 3,Shoppers Stop,Department Store,Noida,Uttar Pradesh,North,SKU40318,Midnight Eyeliner Hazelnut 2.5Ml,Renee,Makeup,Eyeliner,Others,Active,650,4,5,,2,1359,BGR North,4,3,,50,2,60.2,,
2025-04,OL1029,SSL-SELECT NOIDA 3,Shoppers Stop,Department Store,Noida,Uttar Pradesh,North,SKU40381,Midnight Eyeliner Ocean 2.5Ml,Renee,Makeup,Eyeliner,Top 25,Active,699,6,8,,3,2193,BGR North,5,5,,50,2,60.2,,
2025-04,OL1029,SSL-SELECT NOIDA 3,Shoppers Stop,Department Store,Noida,Uttar Pradesh,North,SKU40544,Bb Cream Peach 30Ml,Renee,Makeup,Foundation,Top 10,Active,599,27,25,,9,5637,BGR North,8,7,,50,2,60.2,,
2025-04,OL1029,SSL-SELECT NOIDA 3,Shoppers Stop,Department Store,Noida,Uttar Pradesh,North,SKU40595,Compact Powder Mocha 9Gm,Renee,Makeup,Foundation,Top 10,Active,449,16,22,,16,7512,BGR North,22,22,,50,2,60.2,,
2025-04,OL1029,SSL-SELECT NOIDA 3,Shoppers Stop,Department Store,Noida,Uttar Pradesh,North,SKU40722,Compact Powder Berry 9Gm,Renee,Makeup,Foundation,Top 10,Active,799,6,7,,3,2506,BGR North,5,4,,50,2,60.2,,
2025-04,OL1029,SSL-SELECT NOIDA 3,Shoppers Stop,Department Store,Noida,Uttar Pradesh,North,SKU40763,Blending Brush R6,Renee,Makeup,Brushes,Others,Active,349,3,6,,3,1095,BGR North,8,6,,50,2,60.2,,
2025-04,OL1029,SSL-SELECT NOIDA 3,Shoppers Stop,Department Store,Noida,Uttar Pradesh,North,SKU40836,Blending Brush R4,Renee,Makeup,Brushes,Top 10,Active,1199,21,0,,7,8776,BGR North,11,11,,50,2,60.2,,
2025-04,OL1029,SSL-SELECT NOIDA 3,Shoppers Stop,Department Store,Noida,Uttar Pradesh,North,SKU40972,Sunscreen Gel Spf 50 70Ml,Renee,Skincare,Sunscreen,Top 25,Active,599,3,5,,3,1879,BGR North,6,5,,45,2,60.2,,
2025-04,OL1029,SSL-SELECT NOIDA 3,Shoppers Stop,Department Store,Noida,Uttar Pradesh,North,SKU40979,Sunscreen Gel Spf 50 50Ml,Renee,Skincare,Sunscreen,Top 25,Active,799,9,10,,3,2506,BGR North,5,4,,45,2,60.2,,
2025-04,OL1029,SSL-SELECT NOIDA 3,Shoppers Stop,Department Store,Noida,Uttar Pradesh,North,SKU41032,Face Wash Hazelnut 60Ml,Renee,Skincare,Cleanser,Others,Active,499,6,6,,2,1044,BGR North,2,2,,45,2,60.2,,
2025-04,OL1029,SSL-SELECT NOIDA 3,Shoppers Stop,Department Store,Noida,Uttar Pradesh,North,SKU41048,Face Wash Ocean 20Ml,Renee,Skincare,Cleanser,Others,Active,349,0,1,,0,0,BGR North,2,1,,45,2,60.2,,
2025-04,OL1029,SSL-SELECT NOIDA 3,Shoppers Stop,Department Store,Noida,Uttar Pradesh,North,SKU41295,Perfume Rose 50Ml,Renee,Fragrance,EDP,Top 25,Active,599,12,17,,6,3758,BGR North,11,11,,55,2,60.2,,
2025-04,OL1029,SSL-SELECT NOIDA 3,Shoppers Stop,Department Store,Noida,Uttar Pradesh,North,SKU41420,Body Mist Coral 100Ml,Renee,Fragrance,Body Mist,Top 25,Active,399,12,12,,4,1669,BGR North,4,4,,55,2,60.2,,
2025-04,OL1030,SSL-NEXUS NOIDA 4,Shoppers Stop,Department Store,Noida,Uttar Pradesh,North,SKU40078,Matte Lip Color Rose 4.2Ml,Renee,Makeup,Lipstick,Top 25,Active,650,1,0,,1,656,BGR North,1,0,,50,1,75.3,,
2025-04,OL1030,SSL-NEXUS NOIDA 4,Shoppers Stop,Department Store,Noida,Uttar Pradesh,North,SKU40127,Matte Lip Color Coral 4.2Ml,Renee,Makeup,Lipstick,Top 25,Active,499,2,3,,2,1007,BGR North,4,3,,50,1,75.3,,
2025-04,OL1030,SSL-NEXUS NOIDA 4,Shoppers Stop,Department Store,Noida,Uttar Pradesh,North,SKU40266,Liquid Lipstick Nude 5Ml,Renee,Makeup,Lipstick,Top 10,Active,799,6,7,,3,2419,BGR North,6,4,,50,1,75.3,,
2025-04,OL1030,SSL-NEXUS NOIDA 4,Shoppers Stop,Department Store,Noida,Uttar Pradesh,North,SKU40281,Midnight Eyeliner Berry 2.5Ml,Renee,Makeup,Eyeliner,Others,Active,299,0,3,,0,0,BGR North,3,3,,50,1,75.3,,
2025-04,OL1030,SSL-NEXUS NOIDA 4,Shoppers Stop,Department Store,Noida,Uttar Pradesh,North,SKU40381,Midnight Eyeliner Ocean 2.5Ml,Renee,Makeup,Eyeliner,Top 25,Active,699,2,4,,2,1411,BGR North,4,4,,50,1,75.3,,
2025-04,OL1030,SSL-NEXUS NOIDA 4,Shoppers Stop,Department Store,Noida,Uttar Pradesh,North,SKU40588,Bb Cream Coral 30Ml,Renee,Makeup,Foundation,Top 10,Active,349,8,12,,4,1409,BGR North,8,8,,50,1,75.3,,
2025-04,OL1030,SSL-NEXUS NOIDA 4,Shoppers Stop,Department Store,Noida,Uttar Pradesh,North,SKU40722,Compact Powder Berry 9Gm,Renee,Makeup,Foundation,Top 10,Active,799,6,8,,2,1613,BGR North,5,4,,50,1,75.3,,
2025-04,OL1030,SSL-NEXUS NOIDA 4,Shoppers Stop,Department Store,Noida,Uttar Pradesh,North,SKU40836,Blending Brush R4,Renee,Makeup,Brushes,Top 10,Active,1199,9,12,,3,3630,BGR North,7,6,,50,1,75.3,,
2025-04,OL1030,SSL-NEXUS NOIDA 4,Shoppers Stop,Department Store,Noida,Uttar Pradesh,North,SKU40850,Powder Brush R8,Renee,Makeup,Brushes,Top 25,Active,650,6,6,,2,1312,BGR North,3,2,,50,1,75.3,,
2025-04,OL1030,SSL-NEXUS NOIDA 4,Shoppers Stop,Department Store,Noida,Uttar Pradesh,North,SKU40979,Sunscreen Gel Spf 50 50Ml,Renee,Skincare,Sunscreen,Top 25,Active,799,1,1,,1,806,BGR North,1,1,,45,1,75.3,,
2025-04,OL1030,SSL-NEXUS NOIDA 4,Shoppers Stop,Department Store,Noida,Uttar Pradesh,North,SKU41048,Face Wash Ocean 20Ml,Renee,Skincare,Cleanser,Others,Active,349,2,2,,1,352,BGR North,2,1,,45,1,75.3,,
2025-04,OL1030,SSL-NEXUS NOIDA 4,Shoppers Stop,Department Store,Noida,Uttar Pradesh,North,SKU41420,Body Mist Coral 100Ml,Renee,Fragrance,Body Mist,Top 25,Active,399,3,3,,1,403,BGR North,2,1,,55,1,75.3,,
2025-04,OL1030,SSL-NEXUS NOIDA 4,Shoppers Stop,Department Store,Noida,Uttar Pradesh,North,SKU41476,Body Mist Mocha 100Ml,Renee,Fragrance,Body Mist,Top 10,Active,799,9,10,,3,2419,BGR North,5,4,,55,1,75.3,,
2025-04,OL1031,SSL-SELECT HYDERABAD 5,Shoppers Stop,Department Store,Hyderabad,Telangana,South,SKU40078,Matte Lip Color Rose 4.2Ml,Renee,Makeup,Lipstick,Top 25,Active,650,6,8,,2,1355,BGR South,5,4,,50,1,69.6,,
2025-04,OL1031,SSL-SELECT HYDERABAD 5,Shoppers Stop,Department Store,Hyderabad,Telangana,South,SKU40381,Midnight Eyeliner Ocean 2.5Ml,Renee,Makeup,Eyeliner,Top 25,Active,699,9,9,,3,2186,BGR South,4,3,,50,1,69.6,,
2025-04,OL1031,SSL-SELECT HYDERABAD 5,Shoppers Stop,Department Store,Hyderabad,Telangana,South,SKU40425,Kajal Vanilla 0.35Gm,Renee,Makeup,Eyeliner,Top 25,Active,299,14,18,,7,2181,BGR South,11,11,,50,1,69.6,,
2025-04,OL1031,SSL-SELECT HYDERABAD 5,Shoppers Stop,Department Store,Hyderabad,Telangana,South,SKU40490,Kajal Midnight 0.35Gm,Renee,Makeup,Eyeliner,Top 10,Active,599,5,4,,5,3122,BGR South,7,4,,50,1,69.6,,
2025-04,OL1031,SSL-SELECT HYDERABAD 5,Shoppers Stop,Department Store,Hyderabad,Telangana,South,SKU40588,Bb Cream Coral 30Ml,Renee,Makeup,Foundation,Top 10,Active,349,18,17,,6,2183,BGR South,8,5,,50,1,69.6,,
2025-04,OL1031,SSL-SELECT HYDERABAD 5,Shoppers Stop,Department Store,Hyderabad,Telangana,South,SKU40595,Compact Powder Mocha 9Gm,Renee,Makeup,Foundation,Top 10,Active,449,14,11,,7,3276,BGR South,5,4,,50,1,69.6,,
2025-04,OL1031,SSL-SELECT HYDERABAD 5,Shoppers Stop,Department Store,Hyderabad,Telangana,South,SKU40722,Compact Powder Berry 9Gm,Renee,Makeup,Foundation,Top 10,Active,799,4,4,,2,1666,BGR South,3,2,,50,1,69.6,,
2025-04,OL1031,SSL-SELECT HYDERABAD 5,Shoppers Stop,Department Store,Hyderabad,Telangana,South,SKU40763,Blending Brush R6,Renee,Makeup,Brushes,Others,Active,349,4,5,,2,728,BGR South,3,3,,50,1,69.6,,
2025-04,OL1031,SSL-SELECT HYDERABAD 5,Shoppers Stop,Department Store,Hyderabad,Telangana,South,SKU40836,Blending Brush R4,Renee,Makeup,Brushes,Top 10,Active,1199,6,4,,3,3749,BGR South,2,1,,50,1,69.6,,
2025-04,OL1031,SSL-SELECT HYDERABAD 5,Shoppers Stop,Department Store,Hyderabad,Telangana,South,SKU40850,Powder Brush R8,Renee,Makeup,Brushes,Top 25,Active,650,8,9,,4,2710,BGR South,5,5,,50,1,69.6,,
2025-04,OL1031,SSL-SELECT HYDERABAD 5,Shoppers Stop,Department Store,Hyderabad,Telangana,South,SKU40928,Powder Brush R4,Renee,Makeup,Brushes,Top 25,Active,650,0,0,,0,0,BGR South,0,0,,50,1,69.6,,
2025-04,OL1031,SSL-SELECT HYDERABAD 5,Shoppers Stop,Department Store,Hyderabad,Telangana,South,SKU40951,Sunscreen Gel Spf 50 70Ml,Renee,Skincare,Sunscreen,Top 25,Active,999,3,2,,1,1041,BGR South,0,0,,45,1,69.6,,
2025-04,OL1031,SSL-SELECT HYDERABAD 5,Shoppers Stop,Department Store,Hyderabad,Telangana,South,SKU40972,Sunscreen Gel Spf 50 70Ml,Renee,Skincare,Sunscreen,Top 25,Active,599,3,0,,3,1873,BGR South,7,4,,45,1,69.6,,
2025-04,OL1031,SSL-SELECT HYDERABAD 5,Shoppers Stop,Department Store,Hyderabad,Telangana,South,SKU41129,Face Wash Vanilla 40Ml,Renee,Skincare,Cleanser,Others,Active,299,4,5,,2,623,BGR South,4,3,,45,1,69.6,,
2025-04,OL1031,SSL-SELECT HYDERABAD 5,Shoppers Stop,Department Store,Hyderabad,Telangana,South,SKU41420,Body Mist Coral 100Ml,Renee,Fragrance,Body Mist,Top 25,Active,399,2,14,,2,832,BGR South,5,3,,55,1,69.6,,
2025-04,OL1031,SSL-SELECT HYDERABAD 5,Shoppers Stop,Department Store,Hyderabad,Telangana,South,SKU41536,Body Mist Nude 100Ml,Renee,Fragrance,Body Mist,Top 25,Active,349,10,15,,5,1819,BGR South,11,10,,55,1,69.6,,
2025-04,OL1031,SSL-SELECT HYDERABAD 5,Shoppers Stop,Department Store,Hyderabad,Telangana,South,SKU41647,Hair Oil Hazelnut 100Ml,Renee,Haircare,Hair Oil,Others,Active,799,3,5,,1,833,BGR South,4,3,,35,1,69.6,,
2025-04,OL1032,SSL-GALLERIA BANGALORE 6,Shoppers Stop,Department Store,Bangalore,Karnataka,South,SKU40108,Matte Lip Color Peach 4.2Ml,Renee,Makeup,Lipstick,Top 10,Active,650,3,3,,3,2353,BGR South,4,3,,50,4,58.5,,
2025-04,OL1032,SSL-GALLERIA BANGALORE 6,Shoppers Stop,Department Store,Bangalore,Karnataka,South,SKU40127,Matte Lip Color Coral 4.2Ml,Renee,Makeup,Lipstick,Top 25,Active,499,8,8,,4,2409,BGR South,6,4,,50,4,58.5,,
2025-04,OL1032,SSL-GALLERIA BANGALORE 6,Shoppers Stop,Department Store,Bangalore,Karnataka,South,SKU40266,Liquid Lipstick Nude 5Ml,Renee,Makeup,Lipstick,Top 10,Active,799,16,14,,8,7713,BGR South,7,6,,50,4,58.5,,
2025-04,OL1032,SSL-GALLERIA BANGALORE 6,Shoppers Stop,Department Store,Bangalore,Karnataka,South,SKU40425,Kajal Vanilla 0.35Gm,Renee,Makeup,Eyeliner,Top 25,Active,299,3,4,,3,1082,BGR South,5,4,,50,4,58.5,,
2025-04,OL1032,SSL-GALLERIA BANGALORE 6,Shoppers Stop,Department Store,Bangalore,Karnataka,South,SKU40490,Kajal Midnight 0.35Gm,Renee,Makeup,Eyeliner,Top 10,Active,599,5,7,,5,3614,BGR South,9,7,,50,4,58.5,,
2025-04,OL1032,SSL-GALLERIA BANGALORE 6,Shoppers Stop,Department Store,Bangalore,Karnataka,South,SKU40544,Bb Cream Peach 30Ml,Renee,Makeup,Foundation,Top 10,Active,599,24,20,,8,5782,BGR South,7,4,,50,4,58.5,,
2025-04,OL1032,SSL-GALLERIA BANGALORE 6,Shoppers Stop,Department Store,Bangalore,Karnataka,South,SKU40662,Compact Powder Nude 9Gm,Renee,Makeup,Foundation,Top 25,Active,1199,3,4,,1,1447,BGR South,4,2,,50,4,58.5,,
2025-04,OL1032,SSL-GALLERIA BANGALORE 6,Shoppers Stop,Department Store,Bangalore,Karnataka,South,SKU40763,Blending Brush R6,Renee,Makeup,Brushes,Others,Active,349,2,4,,2,842,BGR South,4,4,,50,4,58.5,,
2025-04,OL1032,SSL-GALLERIA BANGALORE 6,Shoppers Stop,Department Store,Bangalore,Karnataka,South,SKU40836,Blending Brush R4,Renee,Makeup,Brushes,Top 10,Active,1199,10,10,,5,7234,BGR South,8,5,,50,4,58.5,,
2025-04,OL1032,SSL-GALLERIA BANGALORE 6,Shoppers Stop,Department Store,Bangalore,Karnataka,South,SKU40928,Powder Brush R4,Renee,Makeup,Brushes,Top 25,Active,650,4,4,,2,1569,BGR South,3,2,,50,4,58.5,,
2025-04,OL1032,SSL-GALLERIA BANGALORE 6,Shoppers Stop,Department Store,Bangalore,Karnataka,South,SKU40951,Sunscreen Gel Spf 50 70Ml,Renee,Skincare,Sunscreen,Top 25,Active,999,2,3,,1,1205,BGR South,3,2,,45,4,58.5,,
2025-04,OL1032,SSL-GALLERIA BANGALORE 6,Shoppers Stop,Department Store,Bangalore,Karnataka,South,SKU40972,Sunscreen Gel Spf 50 70Ml,Renee,Skincare,Sunscreen,Top 25,Active,599,4,0,,2,1446,BGR South,2,1,,45,4,58.5,,
2025-04,OL1032,SSL-GALLERIA BANGALORE 6,Shoppers Stop,Department Store,Bangalore,Karnataka,South,SKU40979,Sunscreen Gel Spf 50 50Ml,Renee,Skincare,Sunscreen,Top 25,Active,799,2,1,,2,1928,BGR South,2,1,,45,4,58.5,,
2025-04,OL1032,SSL-GALLERIA BANGALORE 6,Shoppers Stop,Department Store,Bangalore,Karnataka,South,SKU41048,Face Wash Ocean 20Ml,Renee,Skincare,Cleanser,Others,Active,349,6,8,,3,1263,BGR South,7,5,,45,4,58.5,,
2025-04,OL1032,SSL-GALLERIA BANGALORE 6,Shoppers Stop,Department Store,Bangalore,Karnataka,South,SKU41129,Face Wash Vanilla 40Ml,Renee,Skincare,Cleanser,Others,Active,299,3,4,,1,361,BGR South,2,2,,45,4,58.5,,
2025-04,OL1032,SSL-GALLERIA BANGALORE 6,Shoppers Stop,Department Store,Bangalore,Karnataka,South,SKU41420,Body Mist Coral 100Ml,Renee,Fragrance,Body Mist,Top 25,Active,399,4,7,,2,963,BGR South,5,5,,55,4,58.5,,
2025-04,OL1032,SSL-GALLERIA BANGALORE 6,Shoppers Stop,Department Store,Bangalore,Karnataka,South,SKU41476,Body Mist Mocha 100Ml,Renee,Fragrance,Body Mist,Top 10,Active,799,5,28,,5,4821,BGR South,9,8,,55,4,58.5,,
2025-04,OL1032,SSL-GALLERIA BANGALORE 6,Shoppers Stop,Department Store,Bangalore,Karnataka,South,SKU41536,Body Mist Nude 100Ml,Renee,Fragrance,Body Mist,Top 25,Active,349,8,12,,4,1685,BGR South,8,8,,55,4,58.5,,
2025-04,OL1032,SSL-GALLERIA BANGALORE 6,Shoppers Stop,Department Store,Bangalore,Karnataka,South,SKU41647,Hair Oil Hazelnut 100Ml,Renee,Haircare,Hair Oil,Others,Active,799,3,5,,1,964,BGR South,4,3,,35,4,58.5,,
2025-04,OL1033,SSL-SELECT PUNE 7,Shoppers Stop,Department Store,Pune,Maharashtra,West,SKU40078,Matte Lip Color Rose 4.2Ml,Renee,Makeup,Lipstick,Top 25,Active,650,6,10,,3,1960,BGR West,7,7,,50,4,71.2,,
2025-04,OL1033,SSL-SELECT PUNE 7,Shoppers Stop,Department Store,Pune,Maharashtra,West,SKU40318,Midnight Eyeliner Hazelnut 2.5Ml,Renee,Makeup,Eyeliner,Others,Active,650,6,6,,2,1307,BGR West,3,2,,50,4,71.2,,
2025-04,OL1033,SSL-SELECT PUNE 7,Shoppers Stop,Department Store,Pune,Maharashtra,West,SKU40381,Midnight Eyeliner Ocean 2.5Ml,Renee,Makeup,Eyeliner,Top 25,Active,699,0,1,,0,0,BGR West,2,1,,50,4,71.2,,
2025-04,OL1033,SSL-SELECT PUNE 7,Shoppers Stop,Department Store,Pune,Maharashtra,West,SKU40425,Kajal Vanilla 0.35Gm,Renee,Makeup,Eyeliner,Top 25,Active,299,18,17,,6,1803,BGR West,6,5,,50,4,71.2,,
2025-04,OL1033,SSL-SELECT PUNE 7,Shoppers Stop,Department Store,Pune,Maharashtra,West,SKU40588,Bb Cream Coral 30Ml,Renee,Makeup,Foundation,Top 10,Active,349,8,11,,8,2806,BGR West,17,11,,50,4,71.2,,
2025-04,OL1033,SSL-SELECT PUNE 7,Shoppers Stop,Department Store,Pune,Maharashtra,West,SKU40763,Blending Brush R6,Renee,Makeup,Brushes,Others,Active,349,4,5,,2,702,BGR West,3,3,,50,4,71.2,,
2025-04,OL1033,SSL-SELECT PUNE 7,Shoppers Stop,Department Store,Pune,Maharashtra,West,SKU40836,Blending Brush R4,Renee,Makeup,Brushes,Top 10,Active,1199,21,26,,7,8435,BGR West,12,12,,50,4,71.2,,
2025-04,OL1033,SSL-SELECT PUNE 7,Shoppers Stop,Department Store,Pune,Maharashtra,West,SKU40850,Powder Brush R8,Renee,Makeup,Brushes,Top 25,Active,650,18,25,,6,3920,BGR West,14,13,,50,4,71.2,,
2025-04,OL1033,SSL-SELECT PUNE 7,Shoppers Stop,Department Store,Pune,Maharashtra,West,SKU40951,Sunscreen Gel Spf 50 70Ml,Renee,Skincare,Sunscreen,Top 25,Active,999,3,4,,1,1004,BGR West,4,2,,45,4,71.2,,
2025-04,OL1033,SSL-SELECT PUNE 7,Shoppers Stop,Department Store,Pune,Maharashtra,West,SKU40972,Sunscreen Gel Spf 50 70Ml,Renee,Skincare,Sunscreen,Top 25,Active,599,8,9,,4,2408,BGR West,5,5,,45,4,71.2,,
2025-04,OL1033,SSL-SELECT PUNE 7,Shoppers Stop,Department Store,Pune,Maharashtra,West,SKU41032,Face Wash Hazelnut 60Ml,Renee,Skincare,Cleanser,Others,Active,499,1,2,,1,502,BGR West,2,2,,45,4,71.2,,
2025-04,OL1033,SSL-SELECT PUNE 7,Shoppers Stop,Department Store,Pune,Maharashtra,West,SKU41295,Perfume Rose 50Ml,Renee,Fragrance,EDP,Top 25,Active,599,10,11,,5,3010,BGR West,7,6,,55,4,71.2,,
2025-04,OL1033,SSL-SELECT PUNE 7,Shoppers Stop,Department Store,Pune,Maharashtra,West,SKU41536,Body Mist Nude 100Ml,Renee,Fragrance,Body Mist,Top 25,Active,349,10,13,,10,3508,BGR West,14,13,,55,4,71.2,,
2025-04,OL1034,SSL-PHOENIX BHUBANESWAR 8,Shoppers Stop,Department Store,Bhubaneswar,Odisha,East,SKU40078,Matte Lip Color Rose 4.2Ml,Renee,Makeup,Lipstick,Top 25,Active,650,6,10,,2,1473,BGR East,6,6,,50,1,46.8,,
2025-04,OL1034,SSL-PHOENIX BHUBANESWAR 8,Shoppers Stop,Department Store,Bhubaneswar,Odisha,East,SKU40127,Matte Lip Color Coral 4.2Ml,Renee,Makeup,Lipstick,Top 25,Active,499,7,7,,7,3957,BGR East,9,7,,50,1,46.8,,
2025-04,OL1034,SSL-PHOENIX BHUBANESWAR 8,Shoppers Stop,Department Store,Bhubaneswar,Odisha,East,SKU40266,Liquid Lipstick Nude 5Ml,Renee,Makeup,Lipstick,Top 10,Active,799,39,38,,13,11766,BGR East,18,12,,50,1,46.8,,
2025-04,OL1034,SSL-PHOENIX BHUBANESWAR 8,Shoppers Stop,Department Store,Bhubaneswar,Odisha,East,SKU40425,Kajal Vanilla 0.35Gm,Renee,Makeup,Eyeliner,Top 25,Active,299,5,10,,5,1693,BGR East,10,10,,50,1,46.8,,
2025-04,OL1034,SSL-PHOENIX BHUBANESWAR 8,Shoppers Stop,Department Store,Bhubaneswar,Odisha,East,SKU40595,Compact Powder Mocha 9Gm,Renee,Makeup,Foundation,Top 10,Active,449,33,41,,11,5595,BGR East,19,19,,50,1,46.8,,
2025-04,OL1034,SSL-PHOENIX BHUBANESWAR 8,Shoppers Stop,Department Store,Bhubaneswar,Odisha,East,SKU40763,Blending Brush R6,Renee,Makeup,Brushes,Others,Active,349,4,5,,2,791,BGR East,4,3,,50,1,46.8,,
2025-04,OL1034,SSL-PHOENIX BHUBANESWAR 8,Shoppers Stop,Department Store,Bhubaneswar,Odisha,East,SKU40951,Sunscreen Gel Spf 50 70Ml,Renee,Skincare,Sunscreen,Top 25,Active,999,1,1,,1,1132,BGR East,2,1,,45,1,46.8,,
2025-04,OL1034,SSL-PHOENIX BHUBANESWAR 8,Shoppers Stop,Department Store,Bhubaneswar,Odisha,East,SKU41024,Vitamin C Serum 30Ml,Renee,Skincare,Serum,Others,Active,449,2,3,,1,509,BGR East,3,2,,45,1,46.8,,
2025-04,OL1034,SSL-PHOENIX BHUBANESWAR 8,Shoppers Stop,Department Store,Bhubaneswar,Odisha,East,SKU41048,Face Wash Ocean 20Ml,Renee,Skincare,Cleanser,Others,Active,349,6,10,,3,1186,BGR East,7,7,,45,1,46.8,,
2025-04,OL1034,SSL-PHOENIX BHUBANESWAR 8,Shoppers Stop,Department Store,Bhubaneswar,Odisha,East,SKU41129,Face Wash Vanilla 40Ml,Renee,Skincare,Cleanser,Others,Active,299,2,4,,1,339,BGR East,4,3,,45,1,46.8,,
2025-04,OL1034,SSL-PHOENIX BHUBANESWAR 8,Shoppers Stop,Department Store,Bhubaneswar,Odisha,East,SKU41215,Perfume Midnight 50Ml,Renee,Fragrance,EDP,Others,Active,399,3,5,,1,452,BGR East,4,3,,55,1,46.8,,
2025-04,OL1034,SSL-PHOENIX BHUBANESWAR 8,Shoppers Stop,Department Store,Bhubaneswar,Odisha,East,SKU41295,Perfume Rose 50Ml,Renee,Fragrance,EDP,Top 25,Active,599,4,7,,4,2714,BGR East,7,7,,55,1,46.8,,
2025-04,OL1034,SSL-PHOENIX BHUBANESWAR 8,Shoppers Stop,Department Store,Bhubaneswar,Odisha,East,SKU41420,Body Mist Coral 100Ml,Renee,Fragrance,Body Mist,Top 25,Active,399,8,0,,4,1808,BGR East,7,6,,55,1,46.8,,
2025-04,OL1034,SSL-PHOENIX BHUBANESWAR 8,Shoppers Stop,Department Store,Bhubaneswar,Odisha,East,SKU41476,Body Mist Mocha 100Ml,Renee,Fragrance,Body Mist,Top 10,Active,799,14,14,,7,6335,BGR East,10,7,,55,1,46.8,,
2025-04,OL1034,SSL-PHOENIX BHUBANESWAR 8,Shoppers Stop,Department Store,Bhubaneswar,Odisha,East,SKU41647,Hair Oil Hazelnut 100Ml,Renee,Haircare,Hair Oil,Others,Active,799,2,3,,1,905,BGR East,3,2,,35,1,46.8,,
2025-04,OL1035,SSL-EXPRESS CHENNAI 9,Shoppers Stop,Department Store,Chennai,Tamil Nadu,South,SKU40108,Matte Lip Color Peach 4.2Ml,Renee,Makeup,Lipstick,Top 10,Active,650,4,0,,2,1229,BGR South,5,5,,50,4,50.2,,
2025-04,OL1035,SSL-EXPRESS CHENNAI 9,Shoppers Stop,Department Store,Chennai,Tamil Nadu,South,SKU40318,Midnight Eyeliner Hazelnut 2.5Ml,Renee,Makeup,Eyeliner,Others,Active,650,2,4,,1,614,BGR South,4,3,,50,4,50.2,,
2025-04,OL1035,SSL-EXPRESS CHENNAI 9,Shoppers Stop,Department Store,Chennai,Tamil Nadu,South,SKU40425,Kajal Vanilla 0.35Gm,Renee,Makeup,Eyeliner,Top 25,Active,299,4,6,,4,1130,BGR South,7,6,,50,4,50.2,,
2025-04,OL1035,SSL-EXPRESS CHENNAI 9,Shoppers Stop,Department Store,Chennai,Tamil Nadu,South,SKU40490,Kajal Midnight 0.35Gm,Renee,Makeup,Eyeliner,Top 10,Active,599,12,10,,4,2265,BGR South,4,2,,50,4,50.2,,
2025-04,OL1035,SSL-EXPRESS CHENNAI 9,Shoppers Stop,Department Store,Chennai,Tamil Nadu,South,SKU40588,Bb Cream Coral 30Ml,Renee,Makeup,Foundation,Top 10,Active,349,9,14,,9,2969,BGR South,16,14,,50,4,50.2,,
2025-04,OL1035,SSL-EXPRESS CHENNAI 9,Shoppers Stop,Department Store,Chennai,Tamil Nadu,South,SKU40662,Compact Powder Nude 9Gm,Renee,Makeup,Foundation,Top 25,Active,1199,1,3,,1,1133,BGR South,3,3,,50,4,50.2,,
2025-04,OL1035,SSL-EXPRESS CHENNAI 9,Shoppers Stop,Department Store,Chennai,Tamil Nadu,South,SKU40836,Blending Brush R4,Renee,Makeup,Brushes,Top 10,Active,1199,27,28,,9,10200,BGR South,15,10,,50,4,50.2,,
2025-04,OL1035,SSL-EXPRESS CHENNAI 9,Shoppers Stop,Department Store,Chennai,Tamil Nadu,South,SKU40850,Powder Brush R8,Renee,Makeup,Brushes,Top 25,Active,650,6,7,,2,1229,BGR South,5,3,,50,4,50.2,,
2025-04,OL1035,SSL-EXPRESS CHENNAI 9,Shoppers Stop,Department Store,Chennai,Tamil Nadu,South,SKU40972,Sunscreen Gel Spf 50 70Ml,Renee,Skincare,Sunscreen,Top 25,Active,599,3,4,,1,566,BGR South,4,2,,45,4,50.2,,
2025-04,OL1035,SSL-EXPRESS CHENNAI 9,Shoppers Stop,Department Store,Chennai,Tamil Nadu,South,SKU40979,Sunscreen Gel Spf 50 50Ml,Renee,Skincare,Sunscreen,Top 25,Active,799,1,2,,1,755,BGR South,2,2,,45,4,50.2,,
2025-04,OL1035,SSL-EXPRESS CHENNAI 9,Shoppers Stop,Department Store,Chennai,Tamil Nadu,South,SKU41048,Face Wash Ocean 20Ml,Renee,Skincare,Cleanser,Others,Active,349,2,3,,2,660,BGR South,4,3,,45,4,50.2,,
2025-04,OL1035,SSL-EXPRESS CHENNAI 9,Shoppers Stop,Department Store,Chennai,Tamil Nadu,South,SKU41129,Face Wash Vanilla 40Ml,Renee,Skincare,Cleanser,Others,Active,299,2,3,,1,283,BGR South,2,2,,45,4,50.2,,
2025-04,OL1035,SSL-EXPRESS CHENNAI 9,Shoppers Stop,Department Store,Chennai,Tamil Nadu,South,SKU41420,Body Mist Coral 100Ml,Renee,Fragrance,Body Mist,Top 25,Active,399,2,3,,2,754,BGR South,4,3,,55,4,50.2,,
2025-04,OL1035,SSL-EXPRESS CHENNAI 9,Shoppers Stop,Department Store,Chennai,Tamil Nadu,South,SKU41476,Body Mist Mocha 100Ml,Renee,Fragrance,Body Mist,Top 10,Active,799,12,27,,4,3021,BGR South,10,7,,55,4,50.2,,
2025-04,OL1035,SSL-EXPRESS CHENNAI 9,Shoppers Stop,Department Store,Chennai,Tamil Nadu,South,SKU41536,Body Mist Nude 100Ml,Renee,Fragrance,Body Mist,Top 25,Active,349,10,12,,5,1649,BGR South,9,7,,55,4,50.2,,
2025-04,OL1035,SSL-EXPRESS CHENNAI 9,Shoppers Stop,Department Store,Chennai,Tamil Nadu,South,SKU41608,Hair Oil Berry 100Ml,Renee,Haircare,Hair Oil,Others,Active,449,3,6,,1,424,BGR South,2,2,,35,4,50.2,,
2025-04,OL1036,SSL-GALLERIA MUMBAI 10,Shoppers Stop,Department Store,Mumbai,Maharashtra,West,SKU40108,Matte Lip Color Peach 4.2Ml,Renee,Makeup,Lipstick,Top 10,Active,650,4,8,,4,2840,BGR West,8,8,,50,4,46.2,,
2025-04,OL1036,SSL-GALLERIA MUMBAI 10,Shoppers Stop,Department Store,Mumbai,Maharashtra,West,SKU40425,Kajal Vanilla 0.35Gm,Renee,Makeup,Eyeliner,Top 25,Active,299,9,11,,3,980,BGR West,5,5,,50,4,46.2,,
2025-04,OL1036,SSL-GALLERIA MUMBAI 10,Shoppers Stop,Department Store,Mumbai,Maharashtra,West,SKU40544,Bb Cream Peach 30Ml,Renee,Makeup,Foundation,Top 10,Active,599,4,7,,4,2617,BGR West,7,7,,50,4,46.2,,
2025-04,OL1036,SSL-GALLERIA MUMBAI 10,Shoppers Stop,Department Store,Mumbai,Maharashtra,West,SKU40588,Bb Cream Coral 30Ml,Renee,Makeup,Foundation,Top 10,Active,349,7,8,,7,2668,BGR West,11,8,,50,4,46.2,,
2025-04,OL1036,SSL-GALLERIA MUMBAI 10,Shoppers Stop,Department Store,Mumbai,Maharashtra,West,SKU40662,Compact Powder Nude 9Gm,Renee,Makeup,Foundation,Top 25,Active,1199,2,4,,1,1309,BGR West,3,3,,50,4,46.2,,
2025-04,OL1036,SSL-GALLERIA MUMBAI 10,Shoppers Stop,Department Store,Mumbai,Maharashtra,West,SKU40763,Blending Brush R6,Renee,Makeup,Brushes,Others,Active,349,4,5,,2,762,BGR West,3,3,,50,4,46.2,,
2025-04,OL1036,SSL-GALLERIA MUMBAI 10,Shoppers Stop,Department Store,Mumbai,Maharashtra,West,SKU40836,Blending Brush R4,Renee,Makeup,Brushes,Top 10,Active,1199,5,35,,5,6547,BGR West,9,8,,50,4,46.2,,
2025-04,OL1036,SSL-GALLERIA MUMBAI 10,Shoppers Stop,Department Store,Mumbai,Maharashtra,West,SKU40928,Powder Brush R4,Renee,Makeup,Brushes,Top 25,Active,650,5,6,,5,3549,BGR West,8,6,,50,4,46.2,,
2025-04,OL1036,SSL-GALLERIA MUMBAI 10,Shoppers Stop,Department Store,Mumbai,Maharashtra,West,SKU41032,Face Wash Hazelnut 60Ml,Renee,Skincare,Cleanser,Others,Active,499,1,2,,1,545,BGR West,2,2,,45,4,46.2,,
2025-04,OL1036,SSL-GALLERIA MUMBAI 10,Shoppers Stop,Department Store,Mumbai,Maharashtra,West,SKU41048,Face Wash Ocean 20Ml,Renee,Skincare,Cleanser,Others,Active,349,4,6,,2,762,BGR West,5,4,,45,4,46.2,,
2025-04,OL1036,SSL-GALLERIA MUMBAI 10,Shoppers Stop,Department Store,Mumbai,Maharashtra,West,SKU41215,Perfume Midnight 50Ml,Renee,Fragrance,EDP,Others,Active,399,3,4,,1,436,BGR West,2,2,,55,4,46.2,,
2025-04,OL1036,SSL-GALLERIA MUMBAI 10,Shoppers Stop,Department Store,Mumbai,Maharashtra,West,SKU41295,Perfume Rose 50Ml,Renee,Fragrance,EDP,Top 25,Active,599,6,8,,3,1963,BGR West,5,5,,55,4,46.2,,
2025-04,OL1036,SSL-GALLERIA MUMBAI 10,Shoppers Stop,Department Store,Mumbai,Maharashtra,West,SKU41647,Hair Oil Hazelnut 100Ml,Renee,Haircare,Hair Oil,Others,Active,799,2,4,,1,873,BGR West,3,3,,35,4,46.2,,
2025-04,OL1037,SSL-ORION AHMEDABAD 11,Shoppers Stop,Department Store,Ahmedabad,Gujarat,West,SKU40127,Matte Lip Color Coral 4.2Ml,Renee,Makeup,Lipstick,Top 25,Active,499,12,20,,4,1983,BGR West,4,3,,50,2,71.5,,
2025-04,OL1037,SSL-ORION AHMEDABAD 11,Shoppers Stop,Department Store,Ahmedabad,Gujarat,West,SKU40266,Liquid Lipstick Nude 5Ml,Renee,Makeup,Lipstick,Top 10,Active,799,22,23,,11,8731,BGR West,12,12,,50,2,71.5,,
2025-04,OL1037,SSL-ORION AHMEDABAD 11,Shoppers Stop,Department Store,Ahmedabad,Gujarat,West,SKU40281,Midnight Eyeliner Berry 2.5Ml,Renee,Makeup,Eyeliner,Others,Active,299,8,0,,4,1188,BGR West,7,7,,50,2,71.5,,
2025-04,OL1037,SSL-ORION AHMEDABAD 11,Shoppers Stop,Department Store,Ahmedabad,Gujarat,West,SKU40318,Midnight Eyeliner Hazelnut 2.5Ml,Renee,Makeup,Eyeliner,Others,Active,650,4,0,,2,1291,BGR West,2,1,,50,2,71.5,,
2025-04,OL1037,SSL-ORION AHMEDABAD 11,Shoppers Stop,Department Store,Ahmedabad,Gujarat,West,SKU40425,Kajal Vanilla 0.35Gm,Renee,Makeup,Eyeliner,Top 25,Active,299,7,6,,7,2079,BGR West,7,6,,50,2,71.5,,
2025-04,OL1037,SSL-ORION AHMEDABAD 11,Shoppers Stop,Department Store,Ahmedabad,Gujarat,West,SKU40490,Kajal Midnight 0.35Gm,Renee,Makeup,Eyeliner,Top 10,Active,599,36,35,,12,7141,BGR West,14,11,,50,2,71.5,,
2025-04,OL1037,SSL-ORION AHMEDABAD 11,Shoppers Stop,Department Store,Ahmedabad,Gujarat,West,SKU40588,Bb Cream Coral 30Ml,Renee,Makeup,Foundation,Top 10,Active,349,39,42,,13,4507,BGR West,16,16,,50,2,71.5,,
2025-04,OL1037,SSL-ORION AHMEDABAD 11,Shoppers Stop,Department Store,Ahmedabad,Gujarat,West,SKU40595,Compact Powder Mocha 9Gm,Renee,Makeup,Foundation,Top 10,Active,449,15,0,,15,6691,BGR West,24,24,,50,2,71.5,,
2025-04,OL1037,SSL-ORION AHMEDABAD 11,Shoppers Stop,Department Store,Ahmedabad,Gujarat,West,SKU40662,Compact Powder Nude 9Gm,Renee,Makeup,Foundation,Top 25,Active,1199,1,2,,1,1191,BGR West,3,2,,50,2,71.5,,
2025-04,OL1037,SSL-ORION AHMEDABAD 11,Shoppers Stop,Department Store,Ahmedabad,Gujarat,West,SKU40722,Compact Powder Berry 9Gm,Renee,Makeup,Foundation,Top 10,Active,799,6,6,,2,1587,BGR West,3,2,,50,2,71.5,,
2025-04,OL1037,SSL-ORION AHMEDABAD 11,Shoppers Stop,Department Store,Ahmedabad,Gujarat,West,SKU40763,Blending Brush R6,Renee,Makeup,Brushes,Others,Active,349,6,6,,3,1040,BGR West,4,3,,50,2,71.5,,
2025-04,OL1037,SSL-ORION AHMEDABAD 11,Shoppers Stop,Department Store,Ahmedabad,Gujarat,West,SKU40836,Blending Brush R4,Renee,Makeup,Brushes,Top 10,Active,1199,24,32,,12,14293,BGR West,23,20,,50,2,71.5,,
2025-04,OL1037,SSL-ORION AHMEDABAD 11,Shoppers Stop,Department Store,Ahmedabad,Gujarat,West,SKU40972,Sunscreen Gel Spf 50 70Ml,Renee,Skincare,Sunscreen,Top 25,Active,599,8,8,,4,2380,BGR West,5,4,,45,2,71.5,,
2025-04,OL1037,SSL-ORION AHMEDABAD 11,Shoppers Stop,Department Store,Ahmedabad,Gujarat,West,SKU40979,Sunscreen Gel Spf 50 50Ml,Renee,Skincare,Sunscreen,Top 25,Active,799,3,4,,3,2381,BGR West,4,4,,45,2,71.5,,
2025-04,OL1037,SSL-ORION AHMEDABAD 11,Shoppers Stop,Department Store,Ahmedabad,Gujarat,West,SKU41024,Vitamin C Serum 30Ml,Renee,Skincare,Serum,Others,Active,449,1,0,,1,446,BGR West,0,0,,45,2,71.5,,
2025-04,OL1037,SSL-ORION AHMEDABAD 11,Shoppers Stop,Department Store,Ahmedabad,Gujarat,West,SKU41032,Face Wash Hazelnut 60Ml,Renee,Skincare,Cleanser,Others,Active,499,2,1,,1,496,BGR West,1,0,,45,2,71.5,,
2025-04,OL1037,SSL-ORION AHMEDABAD 11,Shoppers Stop,Department Store,Ahmedabad,Gujarat,West,SKU41048,Face Wash Ocean 20Ml,Renee,Skincare,Cleanser,Others,Active,349,8,10,,4,1387,BGR West,6,6,,45,2,71.5,,
2025-04,OL1037,SSL-ORION AHMEDABAD 11,Shoppers Stop,Department Store,Ahmedabad,Gujarat,West,SKU41129,Face Wash Vanilla 40Ml,Renee,Skincare,Cleanser,Others,Active,299,2,1,,2,594,BGR West,2,1,,45,2,71.5,,
2025-04,OL1037,SSL-ORION AHMEDABAD 11,Shoppers Stop,Department Store,Ahmedabad,Gujarat,West,SKU41215,Perfume Midnight 50Ml,Renee,Fragrance,EDP,Others,Active,399,1,1,,1,396,BGR West,2,1,,55,2,71.5,,
2025-04,OL1037,SSL-ORION AHMEDABAD 11,Shoppers Stop,Department Store,Ahmedabad,Gujarat,West,SKU41476,Body Mist Mocha 100Ml,Renee,Fragrance,Body Mist,Top 10,Active,799,14,20,,7,5556,BGR West,13,13,,55,2,71.5,,
2025-04,OL1038,SSL-INORBIT PUNE 12,Shoppers Stop,Department Store,Pune,Maharashtra,West,SKU40078,Matte Lip Color Rose 4.2Ml,Renee,Makeup,Lipstick,Top 25,Active,650,9,10,,3,2116,BGR West,4,4,,50,3,89.5,,
2025-04,OL1038,SSL-INORBIT PUNE 12,Shoppers Stop,Department Store,Pune,Maharashtra,West,SKU40108,Matte Lip Color Peach 4.2Ml,Renee,Makeup,Lipstick,Top 10,Active,650,12,12,,6,4232,BGR West,7,6,,50,3,89.5,,
2025-04,OL1038,SSL-INORBIT PUNE 12,Shoppers Stop,Department Store,Pune,Maharashtra,West,SKU40281,Midnight Eyeliner Berry 2.5Ml,Renee,Makeup,Eyeliner,Others,Active,299,16,43,,8,2596,BGR West,11,8,,50,3,89.5,,
2025-04,OL1038,SSL-INORBIT PUNE 12,Shoppers Stop,Department Store,Pune,Maharashtra,West,SKU40318,Midnight Eyeliner Hazelnut 2.5Ml,Renee,Makeup,Eyeliner,Others,Active,650,1,2,,1,705,BGR West,3,2,,50,3,89.5,,
2025-04,OL1038,SSL-INORBIT PUNE 12,Shoppers Stop,Department Store,Pune,Maharashtra,West,SKU40381,Midnight Eyeliner Ocean 2.5Ml,Renee,Makeup,Eyeliner,Top 25,Active,699,12,13,,4,3034,BGR West,5,5,,50,3,89.5,,
2025-04,OL1038,SSL-INORBIT PUNE 12,Shoppers Stop,Department Store,Pune,Maharashtra,West,SKU40425,Kajal Vanilla 0.35Gm,Renee,Makeup,Eyeliner,Top 25,Active,299,8,14,,8,2596,BGR West,14,14,,50,3,89.5,,
2025-04,OL1038,SSL-INORBIT PUNE 12,Shoppers Stop,Department Store,Pune,Maharashtra,West,SKU40490,Kajal Midnight 0.35Gm,Renee,Makeup,Eyeliner,Top 10,Active,599,18,18,,9,5850,BGR West,9,9,,50,3,89.5,,
2025-04,OL1038,SSL-INORBIT PUNE 12,Shoppers Stop,Department Store,Pune,Maharashtra,West,SKU40544,Bb Cream Peach 30Ml,Renee,Makeup,Foundation,Top 10,Active,599,0,1,,0,0,BGR West,2,1,,50,3,89.5,,
2025-04,OL1038,SSL-INORBIT PUNE 12,Shoppers Stop,Department Store,Pune,Maharashtra,West,SKU40928,Powder Brush R4,Renee,Makeup,Brushes,Top 25,Active,650,6,8,,2,1411,BGR West,5,4,,50,3,89.5,,
2025-04,OL1038,SSL-INORBIT PUNE 12,Shoppers Stop,Department Store,Pune,Maharashtra,West,SKU40951,Sunscreen Gel Spf 50 70Ml,Renee,Skincare,Sunscreen,Top 25,Active,999,1,2,,1,1084,BGR West,4,2,,45,3,89.5,,
2025-04,OL1038,SSL-INORBIT PUNE 12,Shoppers Stop,Department Store,Pune,Maharashtra,West,SKU40979,Sunscreen Gel Spf 50 50Ml,Renee,Skincare,Sunscreen,Top 25,Active,799,9,9,,3,2601,BGR West,3,3,,45,3,89.5,,
2025-04,OL1038,SSL-INORBIT PUNE 12,Shoppers Stop,Department Store,Pune,Maharashtra,West,SKU41024,Vitamin C Serum 30Ml,Renee,Skincare,Serum,Others,Active,449,2,2,,1,487,BGR West,2,1,,45,3,89.5,,
2025-04,OL1038,SSL-INORBIT PUNE 12,Shoppers Stop,Department Store,Pune,Maharashtra,West,SKU41048,Face Wash Ocean 20Ml,Renee,Skincare,Cleanser,Others,Active,349,5,9,,5,1893,BGR West,11,9,,45,3,89.5,,
2025-04,OL1038,SSL-INORBIT PUNE 12,Shoppers Stop,Department Store,Pune,Maharashtra,West,SKU41295,Perfume Rose 50Ml,Renee,Fragrance,EDP,Top 25,Active,599,5,8,,5,3250,BGR West,8,8,,55,3,89.5,,
2025-04,OL1038,SSL-INORBIT PUNE 12,Shoppers Stop,Department Store,Pune,Maharashtra,West,SKU41420,Body Mist Coral 100Ml,Renee,Fragrance,Body Mist,Top 25,Active,399,5,9,,5,2165,BGR West,11,9,,55,3,89.5,,
2025-04,OL1038,SSL-INORBIT PUNE 12,Shoppers Stop,Department Store,Pune,Maharashtra,West,SKU41476,Body Mist Mocha 100Ml,Renee,Fragrance,Body Mist,Top 10,Active,799,16,17,,8,6936,BGR West,13,9,,55,3,89.5,,
2025-04,OL1038,SSL-INORBIT PUNE 12,Shoppers Stop,Department Store,Pune,Maharashtra,West,SKU41647,Hair Oil Hazelnut 100Ml,Renee,Haircare,Hair Oil,Others,Active,799,2,4,,1,867,BGR West,4,3,,35,3,89.5,,
2025-04,OL1039,SSL-CITY CENTRE SURAT 13,Shoppers Stop,Department Store,Surat,Gujarat,West,SKU40127,Matte Lip Color Coral 4.2Ml,Renee,Makeup,Lipstick,Top 25,Active,499,4,4,,2,958,BGR West,2,2,,50,1,58,,
2025-04,OL1039,SSL-CITY CENTRE SURAT 13,Shoppers Stop,Department Store,Surat,Gujarat,West,SKU40266,Liquid Lipstick Nude 5Ml,Renee,Makeup,Lipstick,Top 10,Active,799,4,2,,4,3069,BGR West,3,2,,50,1,58,,
2025-04,OL1039,SSL-CITY CENTRE SURAT 13,Shoppers Stop,Department Store,Surat,Gujarat,West,SKU40281,Midnight Eyeliner Berry 2.5Ml,Renee,Makeup,Eyeliner,Others,Active,299,2,2,,2,574,BGR West,3,2,,50,1,58,,
2025-04,OL1039,SSL-CITY CENTRE SURAT 13,Shoppers Stop,Department Store,Surat,Gujarat,West,SKU40318,Midnight Eyeliner Hazelnut 2.5Ml,Renee,Makeup,Eyeliner,Others,Active,650,1,1,,1,624,BGR West,2,1,,50,1,58,,
2025-04,OL1039,SSL-CITY CENTRE SURAT 13,Shoppers Stop,Department Store,Surat,Gujarat,West,SKU40381,Midnight Eyeliner Ocean 2.5Ml,Renee,Makeup,Eyeliner,Top 25,Active,699,3,5,,1,671,BGR West,4,3,,50,1,58,,
2025-04,OL1039,SSL-CITY CENTRE SURAT 13,Shoppers Stop,Department Store,Surat,Gujarat,West,SKU40490,Kajal Midnight 0.35Gm,Renee,Makeup,Eyeliner,Top 10,Active,599,6,7,,3,1726,BGR West,5,4,,50,1,58,,
2025-04,OL1039,SSL-CITY CENTRE SURAT 13,Shoppers Stop,Department Store,Surat,Gujarat,West,SKU40544,Bb Cream Peach 30Ml,Renee,Makeup,Foundation,Top 10,Active,599,12,12,,4,2301,BGR West,6,4,,50,1,58,,
2025-04,OL1039,SSL-CITY CENTRE SURAT 13,Shoppers Stop,Department Store,Surat,Gujarat,West,SKU40588,Bb Cream Coral 30Ml,Renee,Makeup,Foundation,Top 10,Active,349,9,11,,3,1005,BGR West,7,5,,50,1,58,,
2025-04,OL1039,SSL-CITY CENTRE SURAT 13,Shoppers Stop,Department Store,Surat,Gujarat,West,SKU40763,Blending Brush R6,Renee,Makeup,Brushes,Others,Active,349,2,3,,1,335,BGR West,3,2,,50,1,58,,
2025-04,OL1039,SSL-CITY CENTRE SURAT 13,Shoppers Stop,Department Store,Surat,Gujarat,West,SKU40836,Blending Brush R4,Renee,Makeup,Brushes,Top 10,Active,1199,3,1,,3,3454,BGR West,2,1,,50,1,58,,
2025-04,OL1039,SSL-CITY CENTRE SURAT 13,Shoppers Stop,Department Store,Surat,Gujarat,West,SKU40850,Powder Brush R8,Renee,Makeup,Brushes,Top 25,Active,650,3,2,,1,624,BGR West,1,0,,50,1,58,,
2025-04,OL1039,SSL-CITY CENTRE SURAT 13,Shoppers Stop,Department Store,Surat,Gujarat,West,SKU40928,Powder Brush R4,Renee,Makeup,Brushes,Top 25,Active,650,6,8,,2,1248,BGR West,4,4,,50,1,58,,
2025-04,OL1039,SSL-CITY CENTRE SURAT 13,Shoppers Stop,Department Store,Surat,Gujarat,West,SKU40951,Sunscreen Gel Spf 50 70Ml,Renee,Skincare,Sunscreen,Top 25,Active,999,2,3,,1,959,BGR West,3,2,,45,1,58,,
2025-04,OL1039,SSL-CITY CENTRE SURAT 13,Shoppers Stop,Department Store,Surat,Gujarat,West,SKU41129,Face Wash Vanilla 40Ml,Renee,Skincare,Cleanser,Others,Active,299,1,1,,1,287,BGR West,2,1,,45,1,58,,
2025-04,OL1039,SSL-CITY CENTRE SURAT 13,Shoppers Stop,Department Store,Surat,Gujarat,West,SKU41420,Body Mist Coral 100Ml,Renee,Fragrance,Body Mist,Top 25,Active,399,2,2,,2,766,BGR West,2,2,,55,1,58,,
2025-04,OL1040,SSL-FORUM BHUBANESWAR 14,Shoppers Stop,Department Store,Bhubaneswar,Odisha,East,SKU40127,Matte Lip Color Coral 4.2Ml,Renee,Makeup,Lipstick,Top 25,Active,499,4,0,,2,1146,BGR East,1,0,,50,1,49.8,,
2025-04,OL1040,SSL-FORUM BHUBANESWAR 14,Shoppers Stop,Department Store,Bhubaneswar,Odisha,East,SKU40281,Midnight Eyeliner Berry 2.5Ml,Renee,Makeup,Eyeliner,Others,Active,299,2,6,,2,686,BGR East,6,6,,50,1,49.8,,
2025-04,OL1040,SSL-FORUM BHUBANESWAR 14,Shoppers Stop,Department Store,Bhubaneswar,Odisha,East,SKU40318,Midnight Eyeliner Hazelnut 2.5Ml,Renee,Makeup,Eyeliner,Others,Active,650,3,4,,1,746,BGR East,2,2,,50,1,49.8,,
2025-04,OL1040,SSL-FORUM BHUBANESWAR 14,Shoppers Stop,Department Store,Bhubaneswar,Odisha,East,SKU40425,Kajal Vanilla 0.35Gm,Renee,Makeup,Eyeliner,Top 25,Active,299,2,2,,2,686,BGR East,3,2,,50,1,49.8,,
2025-04,OL1040,SSL-FORUM BHUBANESWAR 14,Shoppers Stop,Department Store,Bhubaneswar,Odisha,East,SKU40490,Kajal Midnight 0.35Gm,Renee,Makeup,Eyeliner,Top 10,Active,599,4,6,,4,2750,BGR East,7,6,,50,1,49.8,,
2025-04,OL1040,SSL-FORUM BHUBANESWAR 14,Shoppers Stop,Department Store,Bhubaneswar,Odisha,East,SKU40544,Bb Cream Peach 30Ml,Renee,Makeup,Foundation,Top 10,Active,599,4,0,,4,2750,BGR East,4,4,,50,1,49.8,,
2025-04,OL1040,SSL-FORUM BHUBANESWAR 14,Shoppers Stop,Department Store,Bhubaneswar,Odisha,East,SKU40588,Bb Cream Coral 30Ml,Renee,Makeup,Foundation,Top 10,Active,349,12,13,,4,1602,BGR East,6,5,,50,1,49.8,,
2025-04,OL1040,SSL-FORUM BHUBANESWAR 14,Shoppers Stop,Department Store,Bhubaneswar,Odisha,East,SKU40722,Compact Powder Berry 9Gm,Renee,Makeup,Foundation,Top 10,Active,799,2,2,,2,1834,BGR East,3,2,,50,1,49.8,,
2025-04,OL1040,SSL-FORUM BHUBANESWAR 14,Shoppers Stop,Department Store,Bhubaneswar,Odisha,East,SKU40928,Powder Brush R4,Renee,Makeup,Brushes,Top 25,Active,650,2,2,,2,1492,BGR East,4,2,,50,1,49.8,,
2025-04,OL1040,SSL-FORUM BHUBANESWAR 14,Shoppers Stop,Department Store,Bhubaneswar,Odisha,East,SKU40951,Sunscreen Gel Spf 50 70Ml,Renee,Skincare,Sunscreen,Top 25,Active,999,3,2,,1,1147,BGR East,1,0,,45,1,49.8,,
2025-04,OL1040,SSL-FORUM BHUBANESWAR 14,Shoppers Stop,Department Store,Bhubaneswar,Odisha,East,SKU40972,Sunscreen Gel Spf 50 70Ml,Renee,Skincare,Sunscreen,Top 25,Active,599,6,7,,2,1375,BGR East,3,3,,45,1,49.8,,
2025-04,OL1040,SSL-FORUM BHUBANESWAR 14,Shoppers Stop,Department Store,Bhubaneswar,Odisha,East,SKU41032,Face Wash Hazelnut 60Ml,Renee,Skincare,Cleanser,Others,Active,499,1,3,,1,573,BGR East,3,3,,45,1,49.8,,
2025-04,OL1040,SSL-FORUM BHUBANESWAR 14,Shoppers Stop,Department Store,Bhubaneswar,Odisha,East,SKU41536,Body Mist Nude 100Ml,Renee,Fragrance,Body Mist,Top 25,Active,349,9,8,,3,1202,BGR East,3,2,,55,1,49.8,,
2025-04,OL1040,SSL-FORUM BHUBANESWAR 14,Shoppers Stop,Department Store,Bhubaneswar,Odisha,East,SKU41608,Hair Oil Berry 100Ml,Renee,Haircare,Hair Oil,Others,Active,449,1,0,,1,515,BGR East,1,0,,35,1,49.8,,
2025-04,OL1041,SSL-INORBIT JAIPUR 15,Shoppers Stop,Department Store,Jaipur,Rajasthan,North,SKU40127,Matte Lip Color Coral 4.2Ml,Renee,Makeup,Lipstick,Top 25,Active,499,6,5,,3,1417,BGR North,3,2,,50,3,70.1,,
2025-04,OL1041,SSL-INORBIT JAIPUR 15,Shoppers Stop,Department Store,Jaipur,Rajasthan,North,SKU40266,Liquid Lipstick Nude 5Ml,Renee,Makeup,Lipstick,Top 10,Active,799,9,12,,3,2269,BGR North,6,6,,50,3,70.1,,
2025-04,OL1041,SSL-INORBIT JAIPUR 15,Shoppers Stop,Department Store,Jaipur,Rajasthan,North,SKU40281,Midnight Eyeliner Berry 2.5Ml,Renee,Makeup,Eyeliner,Others,Active,299,1,0,,1,283,BGR North,1,1,,50,3,70.1,,
2025-04,OL1041,SSL-INORBIT JAIPUR 15,Shoppers Stop,Department Store,Jaipur,Rajasthan,North,SKU40425,Kajal Vanilla 0.35Gm,Renee,Makeup,Eyeliner,Top 25,Active,299,6,6,,3,849,BGR North,4,3,,50,3,70.1,,
2025-04,OL1041,SSL-INORBIT JAIPUR 15,Shoppers Stop,Department Store,Jaipur,Rajasthan,North,SKU40490,Kajal Midnight 0.35Gm,Renee,Makeup,Eyeliner,Top 10,Active,599,6,6,,3,1701,BGR North,4,3,,50,3,70.1,,
2025-04,OL1041,SSL-INORBIT JAIPUR 15,Shoppers Stop,Department Store,Jaipur,Rajasthan,North,SKU40588,Bb Cream Coral 30Ml,Renee,Makeup,Foundation,Top 10,Active,349,6,7,,3,991,BGR North,5,4,,50,3,70.1,,
2025-04,OL1041,SSL-INORBIT JAIPUR 15,Shoppers Stop,Department Store,Jaipur,Rajasthan,North,SKU40595,Compact Powder Mocha 9Gm,Renee,Makeup,Foundation,Top 10,Active,449,2,4,,2,850,BGR North,5,4,,50,3,70.1,,
2025-04,OL1041,SSL-INORBIT JAIPUR 15,Shoppers Stop,Department Store,Jaipur,Rajasthan,North,SKU40662,Compact Powder Nude 9Gm,Renee,Makeup,Foundation,Top 25,Active,1199,2,2,,1,1135,BGR North,1,1,,50,3,70.1,,
2025-04,OL1041,SSL-INORBIT JAIPUR 15,Shoppers Stop,Department Store,Jaipur,Rajasthan,North,SKU40722,Compact Powder Berry 9Gm,Renee,Makeup,Foundation,Top 10,Active,799,3,2,,1,756,BGR North,1,0,,50,3,70.1,,
2025-04,OL1041,SSL-INORBIT JAIPUR 15,Shoppers Stop,Department Store,Jaipur,Rajasthan,North,SKU40850,Powder Brush R8,Renee,Makeup,Brushes,Top 25,Active,650,2,3,,2,1230,BGR North,3,3,,50,3,70.1,,
2025-04,OL1041,SSL-INORBIT JAIPUR 15,Shoppers Stop,Department Store,Jaipur,Rajasthan,North,SKU40928,Powder Brush R4,Renee,Makeup,Brushes,Top 25,Active,650,3,5,,1,615,BGR North,4,3,,50,3,70.1,,
2025-04,OL1041,SSL-INORBIT JAIPUR 15,Shoppers Stop,Department Store,Jaipur,Rajasthan,North,SKU41048,Face Wash Ocean 20Ml,Renee,Skincare,Cleanser,Others,Active,349,6,10,,2,661,BGR North,2,2,,45,3,70.1,,
2025-04,OL1041,SSL-INORBIT JAIPUR 15,Shoppers Stop,Department Store,Jaipur,Rajasthan,North,SKU41129,Face Wash Vanilla 40Ml,Renee,Skincare,Cleanser,Others,Active,299,1,1,,1,283,BGR North,2,1,,45,3,70.1,,
2025-04,OL1041,SSL-INORBIT JAIPUR 15,Shoppers Stop,Department Store,Jaipur,Rajasthan,North,SKU41295,Perfume Rose 50Ml,Renee,Fragrance,EDP,Top 25,Active,599,1,8,,1,567,BGR North,4,2,,55,3,70.1,,
2025-04,OL1041,SSL-INORBIT JAIPUR 15,Shoppers Stop,Department Store,Jaipur,Rajasthan,North,SKU41476,Body Mist Mocha 100Ml,Renee,Fragrance,Body Mist,Top 10,Active,799,4,5,,4,3025,BGR North,6,5,,55,3,70.1,,
2025-04,OL1042,SSL-CITY CENTRE SURAT 16,Shoppers Stop,Department Store,Surat,Gujarat,West,SKU40108,Matte Lip Color Peach 4.2Ml,Renee,Makeup,Lipstick,Top 10,Active,650,15,17,,5,3254,BGR West,10,7,,50,4,52.3,,
2025-04,OL1042,SSL-CITY CENTRE SURAT 16,Shoppers Stop,Department Store,Surat,Gujarat,West,SKU40266,Liquid Lipstick Nude 5Ml,Renee,Makeup,Lipstick,Top 10,Active,799,10,17,,5,4000,BGR West,12,12,,50,4,52.3,,
2025-04,OL1042,SSL-CITY CENTRE SURAT 16,Shoppers Stop,Department Store,Surat,Gujarat,West,SKU40281,Midnight Eyeliner Berry 2.5Ml,Renee,Makeup,Eyeliner,Others,Active,299,6,4,,2,599,BGR West,1,0,,50,4,52.3,,
2025-04,OL1042,SSL-CITY CENTRE SURAT 16,Shoppers Stop,Department Store,Surat,Gujarat,West,SKU40318,Midnight Eyeliner Hazelnut 2.5Ml,Renee,Makeup,Eyeliner,Others,Active,650,2,8,,1,651,BGR West,3,2,,50,4,52.3,,
2025-04,OL1042,SSL-CITY CENTRE SURAT 16,Shoppers Stop,Department Store,Surat,Gujarat,West,SKU40425,Kajal Vanilla 0.35Gm,Renee,Makeup,Eyeliner,Top 25,Active,299,12,14,,4,1197,BGR West,8,6,,50,4,52.3,,
2025-04,OL1042,SSL-CITY CENTRE SURAT 16,Shoppers Stop,Department Store,Surat,Gujarat,West,SKU40544,Bb Cream Peach 30Ml,Renee,Makeup,Foundation,Top 10,Active,599,6,11,,6,3598,BGR West,11,11,,50,4,52.3,,
2025-04,OL1042,SSL-CITY CENTRE SURAT 16,Shoppers Stop,Department Store,Surat,Gujarat,West,SKU40588,Bb Cream Coral 30Ml,Renee,Makeup,Foundation,Top 10,Active,349,36,102,,12,4193,BGR West,22,19,,50,4,52.3,,
2025-04,OL1042,SSL-CITY CENTRE SURAT 16,Shoppers Stop,Department Store,Surat,Gujarat,West,SKU40595,Compact Powder Mocha 9Gm,Renee,Makeup,Foundation,Top 10,Active,449,8,8,,8,3596,BGR West,10,8,,50,4,52.3,,
2025-04,OL1042,SSL-CITY CENTRE SURAT 16,Shoppers Stop,Department Store,Surat,Gujarat,West,SKU40662,Compact Powder Nude 9Gm,Renee,Makeup,Foundation,Top 25,Active,1199,1,2,,1,1200,BGR West,3,2,,50,4,52.3,,
2025-04,OL1042,SSL-CITY CENTRE SURAT 16,Shoppers Stop,Department Store,Surat,Gujarat,West,SKU40763,Blending Brush R6,Renee,Makeup,Brushes,Others,Active,349,6,5,,2,699,BGR West,2,1,,50,4,52.3,,
2025-04,OL1042,SSL-CITY CENTRE SURAT 16,Shoppers Stop,Department Store,Surat,Gujarat,West,SKU40836,Blending Brush R4,Renee,Makeup,Brushes,Top 10,Active,1199,12,12,,4,4802,BGR West,6,4,,50,4,52.3,,
2025-04,OL1042,SSL-CITY CENTRE SURAT 16,Shoppers Stop,Department Store,Surat,Gujarat,West,SKU40951,Sunscreen Gel Spf 50 70Ml,Renee,Skincare,Sunscreen,Top 25,Active,999,2,3,,1,1000,BGR West,2,2,,45,4,52.3,,
2025-04,OL1042,SSL-CITY CENTRE SURAT 16,Shoppers Stop,Department Store,Surat,Gujarat,West,SKU40979,Sunscreen Gel Spf 50 50Ml,Renee,Skincare,Sunscreen,Top 25,Active,799,1,4,,1,800,BGR West,4,4,,45,4,52.3,,
2025-04,OL1042,SSL-CITY CENTRE SURAT 16,Shoppers Stop,Department Store,Surat,Gujarat,West,SKU41032,Face Wash Hazelnut 60Ml,Renee,Skincare,Cleanser,Others,Active,499,3,5,,1,500,BGR West,4,3,,45,4,52.3,,
2025-04,OL1042,SSL-CITY CENTRE SURAT 16,Shoppers Stop,Department Store,Surat,Gujarat,West,SKU41048,Face Wash Ocean 20Ml,Renee,Skincare,Cleanser,Others,Active,349,6,8,,2,699,BGR West,5,4,,45,4,52.3,,
2025-04,OL1042,SSL-CITY CENTRE SURAT 16,Shoppers Stop,Department Store,Surat,Gujarat,West,SKU41215,Perfume Midnight 50Ml,Renee,Fragrance,EDP,Others,Active,399,1,2,,1,399,BGR West,3,2,,55,4,52.3,,
2025-04,OL1042,SSL-CITY CENTRE SURAT 16,Shoppers Stop,Department Store,Surat,Gujarat,West,SKU41295,Perfume Rose 50Ml,Renee,Fragrance,EDP,Top 25,Active,599,6,6,,3,1799,BGR West,4,3,,55,4,52.3,,
2025-04,OL1042,SSL-CITY CENTRE SURAT 16,Shoppers Stop,Department Store,Surat,Gujarat,West,SKU41536,Body Mist Nude 100Ml,Renee,Fragrance,Body Mist,Top 25,Active,349,14,15,,7,2446,BGR West,8,8,,55,4,52.3,,
2025-04,OL1042,SSL-CITY CENTRE SURAT 16,Shoppers Stop,Department Store,Surat,Gujarat,West,SKU41608,Hair Oil Berry 100Ml,Renee,Haircare,Hair Oil,Others,Active,449,1,2,,1,450,BGR West,3,2,,35,4,52.3,,
2025-04,OL1043,SSL-FORUM SURAT 17,Shoppers Stop,Department Store,Surat,Gujarat,West,SKU40078,Matte Lip Color Rose 4.2Ml,Renee,Makeup,Lipstick,Top 25,Active,650,15,20,,5,3434,BGR West,10,10,,50,1,74,,
2025-04,OL1043,SSL-FORUM SURAT 17,Shoppers Stop,Department Store,Surat,Gujarat,West,SKU40266,Liquid Lipstick Nude 5Ml,Renee,Makeup,Lipstick,Top 10,Active,799,42,43,,14,11821,BGR West,15,15,,50,1,74,,
2025-04,OL1043,SSL-FORUM SURAT 17,Shoppers Stop,Department Store,Surat,Gujarat,West,SKU40425,Kajal Vanilla 0.35Gm,Renee,Makeup,Eyeliner,Top 25,Active,299,14,0,,7,2212,BGR West,13,11,,50,1,74,,
2025-04,OL1043,SSL-FORUM SURAT 17,Shoppers Stop,Department Store,Surat,Gujarat,West,SKU40544,Bb Cream Peach 30Ml,Renee,Makeup,Foundation,Top 10,Active,599,12,19,,12,7596,BGR West,19,19,,50,1,74,,
2025-04,OL1043,SSL-FORUM SURAT 17,Shoppers Stop,Department Store,Surat,Gujarat,West,SKU40588,Bb Cream Coral 30Ml,Renee,Makeup,Foundation,Top 10,Active,349,14,20,,7,2582,BGR West,13,13,,50,1,74,,
2025-04,OL1043,SSL-FORUM SURAT 17,Shoppers Stop,Department Store,Surat,Gujarat,West,SKU40595,Compact Powder Mocha 9Gm,Renee,Makeup,Foundation,Top 10,Active,449,27,25,,9,4270,BGR West,10,7,,50,1,74,,
2025-04,OL1043,SSL-FORUM SURAT 17,Shoppers Stop,Department Store,Surat,Gujarat,West,SKU40662,Compact Powder Nude 9Gm,Renee,Makeup,Foundation,Top 25,Active,1199,2,3,,2,2534,BGR West,3,3,,50,1,74,,
2025-04,OL1043,SSL-FORUM SURAT 17,Shoppers Stop,Department Store,Surat,Gujarat,West,SKU40836,Blending Brush R4,Renee,Makeup,Brushes,Top 10,Active,1199,0,3,,0,0,BGR West,3,3,,50,1,74,,
2025-04,OL1043,SSL-FORUM SURAT 17,Shoppers Stop,Department Store,Surat,Gujarat,West,SKU40928,Powder Brush R4,Renee,Makeup,Brushes,Top 25,Active,650,8,9,,4,2748,BGR West,8,5,,50,1,74,,
2025-04,OL1043,SSL-FORUM SURAT 17,Shoppers Stop,Department Store,Surat,Gujarat,West,SKU41024,Vitamin C Serum 30Ml,Renee,Skincare,Serum,Others,Active,449,3,5,,1,474,BGR West,3,3,,45,1,74,,
2025-04,OL1043,SSL-FORUM SURAT 17,Shoppers Stop,Department Store,Surat,Gujarat,West,SKU41032,Face Wash Hazelnut 60Ml,Renee,Skincare,Cleanser,Others,Active,499,6,7,,2,1055,BGR West,3,3,,45,1,74,,
2025-04,OL1043,SSL-FORUM SURAT 17,Shoppers Stop,Department Store,Surat,Gujarat,West,SKU41215,Perfume Midnight 50Ml,Renee,Fragrance,EDP,Others,Active,399,2,0,,1,422,BGR West,1,0,,55,1,74,,
2025-04,OL1043,SSL-FORUM SURAT 17,Shoppers Stop,Department Store,Surat,Gujarat,West,SKU41295,Perfume Rose 50Ml,Renee,Fragrance,EDP,Top 25,Active,599,8,7,,4,2532,BGR West,3,3,,55,1,74,,
2025-04,OL1043,SSL-FORUM SURAT 17,Shoppers Stop,Department Store,Surat,Gujarat,West,SKU41536,Body Mist Nude 100Ml,Renee,Fragrance,Body Mist,Top 25,Active,349,18,29,,9,3319,BGR West,20,20,,55,1,74,,
2025-04,OL1043,SSL-FORUM SURAT 17,Shoppers Stop,Department Store,Surat,Gujarat,West,SKU41608,Hair Oil Berry 100Ml,Renee,Haircare,Hair Oil,Others,Active,449,3,5,,1,474,BGR West,3,3,,35,1,74,,
2025-04,OL1043,SSL-FORUM SURAT 17,Shoppers Stop,Department Store,Surat,Gujarat,West,SKU41647,Hair Oil Hazelnut 100Ml,Renee,Haircare,Hair Oil,Others,Active,799,3,4,,1,844,BGR West,3,2,,35,1,74,,
2025-04,OL1044,SSL-CITY CENTRE GUWAHATI 18,Shoppers Stop,Department Store,Guwahati,Assam,East,SKU40078,Matte Lip Color Rose 4.2Ml,Renee,Makeup,Lipstick,Top 25,Active,650,1,2,,1,694,BGR East,3,2,,50,3,66.5,,
2025-04,OL1044,SSL-CITY CENTRE GUWAHATI 18,Shoppers Stop,Department Store,Guwahati,Assam,East,SKU40266,Liquid Lipstick Nude 5Ml,Renee,Makeup,Lipstick,Top 10,Active,799,4,6,,4,3412,BGR East,9,6,,50,3,66.5,,
2025-04,OL1044,SSL-CITY CENTRE GUWAHATI 18,Shoppers Stop,Department Store,Guwahati,Assam,East,SKU40381,Midnight Eyeliner Ocean 2.5Ml,Renee,Makeup,Eyeliner,Top 25,Active,699,4,4,,2,1492,BGR East,3,2,,50,3,66.5,,
2025-04,OL1044,SSL-CITY CENTRE GUWAHATI 18,Shoppers Stop,Department Store,Guwahati,Assam,East,SKU40425,Kajal Vanilla 0.35Gm,Renee,Makeup,Eyeliner,Top 25,Active,299,5,6,,5,1596,BGR East,6,6,,50,3,66.5,,
2025-04,OL1044,SSL-CITY CENTRE GUWAHATI 18,Shoppers Stop,Department Store,Guwahati,Assam,East,SKU40490,Kajal Midnight 0.35Gm,Renee,Makeup,Eyeliner,Top 10,Active,599,8,12,,4,2558,BGR East,8,8,,50,3,66.5,,
2025-04,OL1044,SSL-CITY CENTRE GUWAHATI 18,Shoppers Stop,Department Store,Guwahati,Assam,East,SKU40588,Bb Cream Coral 30Ml,Renee,Makeup,Foundation,Top 10,Active,349,14,15,,7,2608,BGR East,11,8,,50,3,66.5,,
2025-04,OL1044,SSL-CITY CENTRE GUWAHATI 18,Shoppers Stop,Department Store,Guwahati,Assam,East,SKU40722,Compact Powder Berry 9Gm,Renee,Makeup,Foundation,Top 10,Active,799,6,6,,2,1706,BGR East,4,2,,50,3,66.5,,
2025-04,OL1044,SSL-CITY CENTRE GUWAHATI 18,Shoppers Stop,Department Store,Guwahati,Assam,East,SKU40836,Blending Brush R4,Renee,Makeup,Brushes,Top 10,Active,1199,6,9,,3,3840,BGR East,6,6,,50,3,66.5,,
2025-04,OL1044,SSL-CITY CENTRE GUWAHATI 18,Shoppers Stop,Department Store,Guwahati,Assam,East,SKU40850,Powder Brush R8,Renee,Makeup,Brushes,Top 25,Active,650,2,3,,2,1388,BGR East,4,3,,50,3,66.5,,
2025-04,OL1044,SSL-CITY CENTRE GUWAHATI 18,Shoppers Stop,Department Store,Guwahati,Assam,East,SKU40928,Powder Brush R4,Renee,Makeup,Brushes,Top 25,Active,650,2,4,,2,1388,BGR East,4,4,,50,3,66.5,,
2025-04,OL1044,SSL-CITY CENTRE GUWAHATI 18,Shoppers Stop,Department Store,Guwahati,Assam,East,SKU40972,Sunscreen Gel Spf 50 70Ml,Renee,Skincare,Sunscreen,Top 25,Active,599,6,6,,2,1279,BGR East,4,2,,45,3,66.5,,
2025-04,OL1044,SSL-CITY CENTRE GUWAHATI 18,Shoppers Stop,Department Store,Guwahati,Assam,East,SKU41048,Face Wash Ocean 20Ml,Renee,Skincare,Cleanser,Others,Active,349,9,8,,3,1118,BGR East,3,2,,45,3,66.5,,
2025-04,OL1044,SSL-CITY CENTRE GUWAHATI 18,Shoppers Stop,Department Store,Guwahati,Assam,East,SKU41420,Body Mist Coral 100Ml,Renee,Fragrance,Body Mist,Top 25,Active,399,4,7,,4,1704,BGR East,7,7,,55,3,66.5,,
2025-04,OL1044,SSL-CITY CENTRE GUWAHATI 18,Shoppers Stop,Department Store,Guwahati,Assam,East,SKU41476,Body Mist Mocha 100Ml,Renee,Fragrance,Body Mist,Top 10,Active,799,4,3,,2,1706,BGR East,2,1,,55,3,66.5,,
2025-04,OL1044,SSL-CITY CENTRE GUWAHATI 18,Shoppers Stop,Department Store,Guwahati,Assam,East,SKU41536,Body Mist Nude 100Ml,Renee,Fragrance,Body Mist,Top 25,Active,349,10,13,,5,1863,BGR East,8,8,,55,3,66.5,,
2025-04,OL1045,DAB-PHOENIX CHENNAI 1,Dabur,MBO,Chennai,Tamil Nadu,South,SKU40127,Matte Lip Color Coral 4.2Ml,Renee,Makeup,Lipstick,Top 25,Active,499,12,13,,6,3502,BGR South,8,7,,50,4,63,,
2025-04,OL1045,DAB-PHOENIX CHENNAI 1,Dabur,MBO,Chennai,Tamil Nadu,South,SKU40281,Midnight Eyeliner Berry 2.5Ml,Renee,Makeup,Eyeliner,Others,Active,299,12,12,,4,1399,BGR South,7,4,,50,4,63,,
2025-04,OL1045,DAB-PHOENIX CHENNAI 1,Dabur,MBO,Chennai,Tamil Nadu,South,SKU40318,Midnight Eyeliner Hazelnut 2.5Ml,Renee,Makeup,Eyeliner,Others,Active,650,2,6,,2,1520,BGR South,6,6,,50,4,63,,
2025-04,OL1045,DAB-PHOENIX CHENNAI 1,Dabur,MBO,Chennai,Tamil Nadu,South,SKU40381,Midnight Eyeliner Ocean 2.5Ml,Renee,Makeup,Eyeliner,Top 25,Active,699,2,5,,2,1635,BGR South,6,5,,50,4,63,,
2025-04,OL1045,DAB-PHOENIX CHENNAI 1,Dabur,MBO,Chennai,Tamil Nadu,South,SKU40490,Kajal Midnight 0.35Gm,Renee,Makeup,Eyeliner,Top 10,Active,599,18,19,,9,6305,BGR South,12,10,,50,4,63,,
2025-04,OL1045,DAB-PHOENIX CHENNAI 1,Dabur,MBO,Chennai,Tamil Nadu,South,SKU40544,Bb Cream Peach 30Ml,Renee,Makeup,Foundation,Top 10,Active,599,27,33,,9,6305,BGR South,15,15,,50,4,63,,
2025-04,OL1045,DAB-PHOENIX CHENNAI 1,Dabur,MBO,Chennai,Tamil Nadu,South,SKU40588,Bb Cream Coral 30Ml,Renee,Makeup,Foundation,Top 10,Active,349,16,18,,8,3265,BGR South,10,10,,50,4,63,,
2025-04,OL1045,DAB-PHOENIX CHENNAI 1,Dabur,MBO,Chennai,Tamil Nadu,South,SKU40763,Blending Brush R6,Renee,Makeup,Brushes,Others,Active,349,6,7,,2,816,BGR South,4,3,,50,4,63,,
2025-04,OL1045,DAB-PHOENIX CHENNAI 1,Dabur,MBO,Chennai,Tamil Nadu,South,SKU40836,Blending Brush R4,Renee,Makeup,Brushes,Top 10,Active,1199,8,8,,8,11218,BGR South,11,8,,50,4,63,,
2025-04,OL1045,DAB-PHOENIX CHENNAI 1,Dabur,MBO,Chennai,Tamil Nadu,South,SKU40850,Powder Brush R8,Renee,Makeup,Brushes,Top 25,Active,650,16,18,,8,6082,BGR South,11,10,,50,4,63,,
2025-04,OL1045,DAB-PHOENIX CHENNAI 1,Dabur,MBO,Chennai,Tamil Nadu,South,SKU40928,Powder Brush R4,Renee,Makeup,Brushes,Top 25,Active,650,6,7,,3,2281,BGR South,4,4,,50,4,63,,
2025-04,OL1045,DAB-PHOENIX CHENNAI 1,Dabur,MBO,Chennai,Tamil Nadu,South,SKU40951,Sunscreen Gel Spf 50 70Ml,Renee,Skincare,Sunscreen,Top 25,Active,999,9,11,,3,3505,BGR South,6,5,,45,4,63,,
2025-04,OL1045,DAB-PHOENIX CHENNAI 1,Dabur,MBO,Chennai,Tamil Nadu,South,SKU40979,Sunscreen Gel Spf 50 50Ml,Renee,Skincare,Sunscreen,Top 25,Active,799,6,5,,2,1869,BGR South,2,1,,45,4,63,,
2025-04,OL1045,DAB-PHOENIX CHENNAI 1,Dabur,MBO,Chennai,Tamil Nadu,South,SKU41048,Face Wash Ocean 20Ml,Renee,Skincare,Cleanser,Others,Active,349,9,9,,3,1225,BGR South,3,3,,45,4,63,,
2025-04,OL1045,DAB-PHOENIX CHENNAI 1,Dabur,MBO,Chennai,Tamil Nadu,South,SKU41215,Perfume Midnight 50Ml,Renee,Fragrance,EDP,Others,Active,399,1,7,,1,467,BGR South,3,3,,55,4,63,,
2025-04,OL1045,DAB-PHOENIX CHENNAI 1,Dabur,MBO,Chennai,Tamil Nadu,South,SKU41295,Perfume Rose 50Ml,Renee,Fragrance,EDP,Top 25,Active,599,9,8,,3,2102,BGR South,3,2,,55,4,63,,
2025-04,OL1045,DAB-PHOENIX CHENNAI 1,Dabur,MBO,Chennai,Tamil Nadu,South,SKU41476,Body Mist Mocha 100Ml,Renee,Fragrance,Body Mist,Top 10,Active,799,16,15,,8,7476,BGR South,8,7,,55,4,63,,
2025-04,OL1045,DAB-PHOENIX CHENNAI 1,Dabur,MBO,Chennai,Tamil Nadu,South,SKU41536,Body Mist Nude 100Ml,Renee,Fragrance,Body Mist,Top 25,Active,349,6,7,,6,2449,BGR South,8,7,,55,4,63,,
2025-04,OL1045,DAB-PHOENIX CHENNAI 1,Dabur,MBO,Chennai,Tamil Nadu,South,SKU41608,Hair Oil Berry 100Ml,Renee,Haircare,Hair Oil,Others,Active,449,6,8,,3,1575,BGR South,5,5,,35,4,63,,
2025-04,OL1046,DAB-FORUM SURAT 2,Dabur,MBO,Surat,Gujarat,West,SKU40108,Matte Lip Color Peach 4.2Ml,Renee,Makeup,Lipstick,Top 10,Active,650,1,4,,1,776,BGR West,4,4,,50,3,89.7,,
2025-04,OL1046,DAB-FORUM SURAT 2,Dabur,MBO,Surat,Gujarat,West,SKU40266,Liquid Lipstick Nude 5Ml,Renee,Makeup,Lipstick,Top 10,Active,799,9,9,,3,2861,BGR West,4,3,,50,3,89.7,,
2025-04,OL1046,DAB-FORUM SURAT 2,Dabur,MBO,Surat,Gujarat,West,SKU40425,Kajal Vanilla 0.35Gm,Renee,Makeup,Eyeliner,Top 25,Active,299,8,0,,4,1428,BGR West,6,6,,50,3,89.7,,
2025-04,OL1046,DAB-FORUM SURAT 2,Dabur,MBO,Surat,Gujarat,West,SKU40490,Kajal Midnight 0.35Gm,Renee,Makeup,Eyeliner,Top 10,Active,599,6,6,,2,1430,BGR West,3,2,,50,3,89.7,,
2025-04,OL1046,DAB-FORUM SURAT 2,Dabur,MBO,Surat,Gujarat,West,SKU40662,Compact Powder Nude 9Gm,Renee,Makeup,Foundation,Top 25,Active,1199,12,12,,4,5724,BGR West,5,4,,50,3,89.7,,
2025-04,OL1046,DAB-FORUM SURAT 2,Dabur,MBO,Surat,Gujarat,West,SKU40928,Powder Brush R4,Renee,Makeup,Brushes,Top 25,Active,650,4,4,,4,3103,BGR West,6,4,,50,3,89.7,,
2025-04,OL1046,DAB-FORUM SURAT 2,Dabur,MBO,Surat,Gujarat,West,SKU40979,Sunscreen Gel Spf 50 50Ml,Renee,Skincare,Sunscreen,Top 25,Active,799,1,3,,1,954,BGR West,3,3,,45,3,89.7,,
2025-04,OL1046,DAB-FORUM SURAT 2,Dabur,MBO,Surat,Gujarat,West,SKU41129,Face Wash Vanilla 40Ml,Renee,Skincare,Cleanser,Others,Active,299,4,4,,4,1428,BGR West,5,4,,45,3,89.7,,
2025-04,OL1046,DAB-FORUM SURAT 2,Dabur,MBO,Surat,Gujarat,West,SKU41420,Body Mist Coral 100Ml,Renee,Fragrance,Body Mist,Top 25,Active,399,12,11,,4,1905,BGR West,5,3,,55,3,89.7,,
2025-04,OL1046,DAB-FORUM SURAT 2,Dabur,MBO,Surat,Gujarat,West,SKU41536,Body Mist Nude 100Ml,Renee,Fragrance,Body Mist,Top 25,Active,349,2,4,,2,833,BGR West,4,4,,55,3,89.7,,
2025-04,OL1046,DAB-FORUM SURAT 2,Dabur,MBO,Surat,Gujarat,West,SKU41647,Hair Oil Hazelnut 100Ml,Renee,Haircare,Hair Oil,Others,Active,799,1,2,,1,954,BGR West,4,2,,35,3,89.7,,
2025-04,OL1047,DAB-ORION KOLKATA 3,Dabur,MBO,Kolkata,West Bengal,East,SKU40108,Matte Lip Color Peach 4.2Ml,Renee,Makeup,Lipstick,Top 10,Active,650,6,6,,3,2193,BGR East,4,3,,50,3,59,,
2025-04,OL1047,DAB-ORION KOLKATA 3,Dabur,MBO,Kolkata,West Bengal,East,SKU40127,Matte Lip Color Coral 4.2Ml,Renee,Makeup,Lipstick,Top 25,Active,499,12,14,,4,2244,BGR East,8,6,,50,3,59,,
2025-04,OL1047,DAB-ORION KOLKATA 3,Dabur,MBO,Kolkata,West Bengal,East,SKU40318,Midnight Eyeliner Hazelnut 2.5Ml,Renee,Makeup,Eyeliner,Others,Active,650,9,12,,3,2193,BGR East,6,6,,50,3,59,,
2025-04,OL1047,DAB-ORION KOLKATA 3,Dabur,MBO,Kolkata,West Bengal,East,SKU40381,Midnight Eyeliner Ocean 2.5Ml,Renee,Makeup,Eyeliner,Top 25,Active,699,6,8,,3,2358,BGR East,6,5,,50,3,59,,
2025-04,OL1047,DAB-ORION KOLKATA 3,Dabur,MBO,Kolkata,West Bengal,East,SKU40425,Kajal Vanilla 0.35Gm,Renee,Makeup,Eyeliner,Top 25,Active,299,4,3,,4,1345,BGR East,4,3,,50,3,59,,
2025-04,OL1047,DAB-ORION KOLKATA 3,Dabur,MBO,Kolkata,West Bengal,East,SKU40490,Kajal Midnight 0.35Gm,Renee,Makeup,Eyeliner,Top 10,Active,599,12,12,,4,2694,BGR East,6,4,,50,3,59,,
2025-04,OL1047,DAB-ORION KOLKATA 3,Dabur,MBO,Kolkata,West Bengal,East,SKU40588,Bb Cream Coral 30Ml,Renee,Makeup,Foundation,Top 10,Active,349,12,41,,6,2355,BGR East,7,6,,50,3,59,,
2025-04,OL1047,DAB-ORION KOLKATA 3,Dabur,MBO,Kolkata,West Bengal,East,SKU40595,Compact Powder Mocha 9Gm,Renee,Makeup,Foundation,Top 10,Active,449,16,21,,8,4039,BGR East,17,13,,50,3,59,,
2025-04,OL1047,DAB-ORION KOLKATA 3,Dabur,MBO,Kolkata,West Bengal,East,SKU40662,Compact Powder Nude 9Gm,Renee,Makeup,Foundation,Top 25,Active,1199,6,6,,2,2696,BGR East,4,2,,50,3,59,,
2025-04,OL1047,DAB-ORION KOLKATA 3,Dabur,MBO,Kolkata,West Bengal,East,SKU40763,Blending Brush R6,Renee,Makeup,Brushes,Others,Active,349,0,0,,0,0,BGR East,1,0,,50,3,59,,
2025-04,OL1047,DAB-ORION KOLKATA 3,Dabur,MBO,Kolkata,West Bengal,East,SKU40928,Powder Brush R4,Renee,Makeup,Brushes,Top 25,Active,650,8,7,,4,2924,BGR East,5,3,,50,3,59,,
2025-04,OL1047,DAB-ORION KOLKATA 3,Dabur,MBO,Kolkata,West Bengal,East,SKU40972,Sunscreen Gel Spf 50 70Ml,Renee,Skincare,Sunscreen,Top 25,Active,599,2,2,,1,674,BGR East,1,1,,45,3,59,,
2025-04,OL1047,DAB-ORION KOLKATA 3,Dabur,MBO,Kolkata,West Bengal,East,SKU41024,Vitamin C Serum 30Ml,Renee,Skincare,Serum,Others,Active,449,4,5,,2,1010,BGR East,3,3,,45,3,59,,
2025-04,OL1047,DAB-ORION KOLKATA 3,Dabur,MBO,Kolkata,West Bengal,East,SKU41048,Face Wash Ocean 20Ml,Renee,Skincare,Cleanser,Others,Active,349,2,1,,2,785,BGR East,2,1,,45,3,59,,
2025-04,OL1047,DAB-ORION KOLKATA 3,Dabur,MBO,Kolkata,West Bengal,East,SKU41215,Perfume Midnight 50Ml,Renee,Fragrance,EDP,Others,Active,399,4,4,,4,1795,BGR East,7,4,,55,3,59,,
2025-04,OL1047,DAB-ORION KOLKATA 3,Dabur,MBO,Kolkata,West Bengal,East,SKU41420,Body Mist Coral 100Ml,Renee,Fragrance,Body Mist,Top 25,Active,399,8,9,,4,1795,BGR East,5,5,,55,3,59,,
2025-04,OL1047,DAB-ORION KOLKATA 3,Dabur,MBO,Kolkata,West Bengal,East,SKU41476,Body Mist Mocha 100Ml,Renee,Fragrance,Body Mist,Top 10,Active,799,12,15,,4,3594,BGR East,8,7,,55,3,59,,
2025-04,OL1047,DAB-ORION KOLKATA 3,Dabur,MBO,Kolkata,West Bengal,East,SKU41536,Body Mist Nude 100Ml,Renee,Fragrance,Body Mist,Top 25,Active,349,6,7,,3,1177,BGR East,4,4,,55,3,59,,
2025-04,OL1048,DAB-SELECT AHMEDABAD 4,Dabur,MBO,Ahmedabad,Gujarat,West,SKU40078,Matte Lip Color Rose 4.2Ml,Renee,Makeup,Lipstick,Top 25,Active,650,1,0,,1,718,BGR West,1,0,,50,3,83.4,,
2025-04,OL1048,DAB-SELECT AHMEDABAD 4,Dabur,MBO,Ahmedabad,Gujarat,West,SKU40108,Matte Lip Color Peach 4.2Ml,Renee,Makeup,Lipstick,Top 10,Active,650,12,15,,4,2873,BGR West,7,7,,50,3,83.4,,
2025-04,OL1048,DAB-SELECT AHMEDABAD 4,Dabur,MBO,Ahmedabad,Gujarat,West,SKU40266,Liquid Lipstick Nude 5Ml,Renee,Makeup,Lipstick,Top 10,Active,799,9,10,,3,2649,BGR West,6,4,,50,3,83.4,,
2025-04,OL1048,DAB-SELECT AHMEDABAD 4,Dabur,MBO,Ahmedabad,Gujarat,West,SKU40318,Midnight Eyeliner Hazelnut 2.5Ml,Renee,Makeup,Eyeliner,Others,Active,650,3,4,,1,718,BGR West,3,2,,50,3,83.4,,
2025-04,OL1048,DAB-SELECT AHMEDABAD 4,Dabur,MBO,Ahmedabad,Gujarat,West,SKU40381,Midnight Eyeliner Ocean 2.5Ml,Renee,Makeup,Eyeliner,Top 25,Active,699,4,4,,2,1545,BGR West,4,2,,50,3,83.4,,
2025-04,OL1048,DAB-SELECT AHMEDABAD 4,Dabur,MBO,Ahmedabad,Gujarat,West,SKU40425,Kajal Vanilla 0.35Gm,Renee,Makeup,Eyeliner,Top 25,Active,299,9,9,,3,991,BGR West,3,3,,50,3,83.4,,
2025-04,OL1048,DAB-SELECT AHMEDABAD 4,Dabur,MBO,Ahmedabad,Gujarat,West,SKU40544,Bb Cream Peach 30Ml,Renee,Makeup,Foundation,Top 10,Active,599,4,7,,4,2648,BGR West,7,7,,50,3,83.4,,
2025-04,OL1048,DAB-SELECT AHMEDABAD 4,Dabur,MBO,Ahmedabad,Gujarat,West,SKU40588,Bb Cream Coral 30Ml,Renee,Makeup,Foundation,Top 10,Active,349,12,14,,4,1543,BGR West,7,6,,50,3,83.4,,
2025-04,OL1048,DAB-SELECT AHMEDABAD 4,Dabur,MBO,Ahmedabad,Gujarat,West,SKU40662,Compact Powder Nude 9Gm,Renee,Makeup,Foundation,Top 25,Active,1199,2,3,,1,1325,BGR West,2,2,,50,3,83.4,,
2025-04,OL1048,DAB-SELECT AHMEDABAD 4,Dabur,MBO,Ahmedabad,Gujarat,West,SKU40972,Sunscreen Gel Spf 50 70Ml,Renee,Skincare,Sunscreen,Top 25,Active,599,8,10,,4,2648,BGR West,7,6,,45,3,83.4,,
2025-04,OL1048,DAB-SELECT AHMEDABAD 4,Dabur,MBO,Ahmedabad,Gujarat,West,SKU41048,Face Wash Ocean 20Ml,Renee,Skincare,Cleanser,Others,Active,349,3,0,,3,1157,BGR West,3,3,,45,3,83.4,,
2025-04,OL1048,DAB-SELECT AHMEDABAD 4,Dabur,MBO,Ahmedabad,Gujarat,West,SKU41129,Face Wash Vanilla 40Ml,Renee,Skincare,Cleanser,Others,Active,299,4,7,,4,1322,BGR West,8,7,,45,3,83.4,,
2025-04,OL1048,DAB-SELECT AHMEDABAD 4,Dabur,MBO,Ahmedabad,Gujarat,West,SKU41295,Perfume Rose 50Ml,Renee,Fragrance,EDP,Top 25,Active,599,6,9,,3,1986,BGR West,7,6,,55,3,83.4,,
2025-04,OL1048,DAB-SELECT AHMEDABAD 4,Dabur,MBO,Ahmedabad,Gujarat,West,SKU41536,Body Mist Nude 100Ml,Renee,Fragrance,Body Mist,Top 25,Active,349,6,6,,2,771,BGR West,3,2,,55,3,83.4,,
2025-04,OL1049,DAB-FORUM KOLKATA 5,Dabur,MBO,Kolkata,West Bengal,East,SKU40078,Matte Lip Color Rose 4.2Ml,Renee,Makeup,Lipstick,Top 25,Active,650,4,7,,2,1369,BGR East,5,5,,50,4,50,,
2025-04,OL1049,DAB-FORUM KOLKATA 5,Dabur,MBO,Kolkata,West Bengal,East,SKU40108,Matte Lip Color Peach 4.2Ml,Renee,Makeup,Lipstick,Top 10,Active,650,1,2,,1,684,BGR East,2,2,,50,4,50,,
2025-04,OL1049,DAB-FORUM KOLKATA 5,Dabur,MBO,Kolkata,West Bengal,East,SKU40127,Matte Lip Color Coral 4.2Ml,Renee,Makeup,Lipstick,Top 25,Active,499,12,14,,4,2102,BGR East,7,6,,50,4,50,,
2025-04,OL1049,DAB-FORUM KOLKATA 5,Dabur,MBO,Kolkata,West Bengal,East,SKU40281,Midnight Eyeliner Berry 2.5Ml,Renee,Makeup,Eyeliner,Others,Active,299,2,0,,2,630,BGR East,2,2,,50,4,50,,
2025-04,OL1049,DAB-FORUM KOLKATA 5,Dabur,MBO,Kolkata,West Bengal,East,SKU40381,Midnight Eyeliner Ocean 2.5Ml,Renee,Makeup,Eyeliner,Top 25,Active,699,2,3,,1,736,BGR East,3,2,,50,4,50,,
2025-04,OL1049,DAB-FORUM KOLKATA 5,Dabur,MBO,Kolkata,West Bengal,East,SKU40490,Kajal Midnight 0.35Gm,Renee,Makeup,Eyeliner,Top 10,Active,599,4,4,,2,1261,BGR East,3,2,,50,4,50,,
2025-04,OL1049,DAB-FORUM KOLKATA 5,Dabur,MBO,Kolkata,West Bengal,East,SKU40588,Bb Cream Coral 30Ml,Renee,Makeup,Foundation,Top 10,Active,349,9,9,,3,1102,BGR East,3,3,,50,4,50,,
2025-04,OL1049,DAB-FORUM KOLKATA 5,Dabur,MBO,Kolkata,West Bengal,East,SKU40722,Compact Powder Berry 9Gm,Renee,Makeup,Foundation,Top 10,Active,799,6,8,,2,1683,BGR East,4,4,,50,4,50,,
2025-04,OL1049,DAB-FORUM KOLKATA 5,Dabur,MBO,Kolkata,West Bengal,East,SKU40972,Sunscreen Gel Spf 50 70Ml,Renee,Skincare,Sunscreen,Top 25,Active,599,3,4,,3,1892,BGR East,4,4,,45,4,50,,
2025-04,OL1049,DAB-FORUM KOLKATA 5,Dabur,MBO,Kolkata,West Bengal,East,SKU41129,Face Wash Vanilla 40Ml,Renee,Skincare,Cleanser,Others,Active,299,4,4,,4,1259,BGR East,5,4,,45,4,50,,
2025-04,OL1049,DAB-FORUM KOLKATA 5,Dabur,MBO,Kolkata,West Bengal,East,SKU41476,Body Mist Mocha 100Ml,Renee,Fragrance,Body Mist,Top 10,Active,799,12,12,,4,3365,BGR East,6,4,,55,4,50,,
2025-04,OL1049,DAB-FORUM KOLKATA 5,Dabur,MBO,Kolkata,West Bengal,East,SKU41536,Body Mist Nude 100Ml,Renee,Fragrance,Body Mist,Top 25,Active,349,3,6,,3,1102,BGR East,6,6,,55,4,50,,
2025-04,OL1049,DAB-FORUM KOLKATA 5,Dabur,MBO,Kolkata,West Bengal,East,SKU41608,Hair Oil Berry 100Ml,Renee,Haircare,Hair Oil,Others,Active,449,4,3,,2,946,BGR East,1,1,,35,4,50,,
2025-04,OL1050,DAB-EXPRESS HYDERABAD 6,Dabur,MBO,Hyderabad,Telangana,South,SKU40078,Matte Lip Color Rose 4.2Ml,Renee,Makeup,Lipstick,Top 25,Active,650,12,22,,4,2521,BGR South,6,5,,50,3,55.8,,
2025-04,OL1050,DAB-EXPRESS HYDERABAD 6,Dabur,MBO,Hyderabad,Telangana,South,SKU40127,Matte Lip Color Coral 4.2Ml,Renee,Makeup,Lipstick,Top 25,Active,499,18,17,,6,2904,BGR South,7,5,,50,3,55.8,,
2025-04,OL1050,DAB-EXPRESS HYDERABAD 6,Dabur,MBO,Hyderabad,Telangana,South,SKU40266,Liquid Lipstick Nude 5Ml,Renee,Makeup,Lipstick,Top 10,Active,799,8,13,,8,6199,BGR South,13,13,,50,3,55.8,,
2025-04,OL1050,DAB-EXPRESS HYDERABAD 6,Dabur,MBO,Hyderabad,Telangana,South,SKU40281,Midnight Eyeliner Berry 2.5Ml,Renee,Makeup,Eyeliner,Others,Active,299,9,8,,3,870,BGR South,3,2,,50,3,55.8,,
2025-04,OL1050,DAB-EXPRESS HYDERABAD 6,Dabur,MBO,Hyderabad,Telangana,South,SKU40318,Midnight Eyeliner Hazelnut 2.5Ml,Renee,Makeup,Eyeliner,Others,Active,650,1,1,,1,630,BGR South,2,1,,50,3,55.8,,
2025-04,OL1050,DAB-EXPRESS HYDERABAD 6,Dabur,MBO,Hyderabad,Telangana,South,SKU40425,Kajal Vanilla 0.35Gm,Renee,Makeup,Eyeliner,Top 25,Active,299,6,9,,6,1740,BGR South,9,9,,50,3,55.8,,
2025-04,OL1050,DAB-EXPRESS HYDERABAD 6,Dabur,MBO,Hyderabad,Telangana,South,SKU40544,Bb Cream Peach 30Ml,Renee,Makeup,Foundation,Top 10,Active,599,24,21,,8,4647,BGR South,8,5,,50,3,55.8,,
2025-04,OL1050,DAB-EXPRESS HYDERABAD 6,Dabur,MBO,Hyderabad,Telangana,South,SKU40588,Bb Cream Coral 30Ml,Renee,Makeup,Foundation,Top 10,Active,349,12,20,,12,4061,BGR South,20,20,,50,3,55.8,,
2025-04,OL1050,DAB-EXPRESS HYDERABAD 6,Dabur,MBO,Hyderabad,Telangana,South,SKU40595,Compact Powder Mocha 9Gm,Renee,Makeup,Foundation,Top 10,Active,449,36,36,,12,5225,BGR South,14,12,,50,3,55.8,,
2025-04,OL1050,DAB-EXPRESS HYDERABAD 6,Dabur,MBO,Hyderabad,Telangana,South,SKU40662,Compact Powder Nude 9Gm,Renee,Makeup,Foundation,Top 25,Active,1199,1,0,,1,1163,BGR South,0,0,,50,3,55.8,,
2025-04,OL1050,DAB-EXPRESS HYDERABAD 6,Dabur,MBO,Hyderabad,Telangana,South,SKU40722,Compact Powder Berry 9Gm,Renee,Makeup,Foundation,Top 10,Active,799,8,8,,4,3099,BGR South,5,4,,50,3,55.8,,
2025-04,OL1050,DAB-EXPRESS HYDERABAD 6,Dabur,MBO,Hyderabad,Telangana,South,SKU40763,Blending Brush R6,Renee,Makeup,Brushes,Others,Active,349,6,10,,2,677,BGR South,6,6,,50,3,55.8,,
2025-04,OL1050,DAB-EXPRESS HYDERABAD 6,Dabur,MBO,Hyderabad,Telangana,South,SKU40928,Powder Brush R4,Renee,Makeup,Brushes,Top 25,Active,650,12,11,,4,2521,BGR South,4,3,,50,3,55.8,,
2025-04,OL1050,DAB-EXPRESS HYDERABAD 6,Dabur,MBO,Hyderabad,Telangana,South,SKU40951,Sunscreen Gel Spf 50 70Ml,Renee,Skincare,Sunscreen,Top 25,Active,999,8,10,,4,3875,BGR South,7,6,,45,3,55.8,,
2025-04,OL1050,DAB-EXPRESS HYDERABAD 6,Dabur,MBO,Hyderabad,Telangana,South,SKU40972,Sunscreen Gel Spf 50 70Ml,Renee,Skincare,Sunscreen,Top 25,Active,599,6,6,,2,1162,BGR South,3,2,,45,3,55.8,,
2025-04,OL1050,DAB-EXPRESS HYDERABAD 6,Dabur,MBO,Hyderabad,Telangana,South,SKU41048,Face Wash Ocean 20Ml,Renee,Skincare,Cleanser,Others,Active,349,4,9,,4,1354,BGR South,9,9,,45,3,55.8,,
2025-04,OL1050,DAB-EXPRESS HYDERABAD 6,Dabur,MBO,Hyderabad,Telangana,South,SKU41215,Perfume Midnight 50Ml,Renee,Fragrance,EDP,Others,Active,399,6,7,,2,774,BGR South,3,3,,55,3,55.8,,
2025-04,OL1050,DAB-EXPRESS HYDERABAD 6,Dabur,MBO,Hyderabad,Telangana,South,SKU41295,Perfume Rose 50Ml,Renee,Fragrance,EDP,Top 25,Active,599,8,31,,4,2324,BGR South,5,4,,55,3,55.8,,
2025-04,OL1050,DAB-EXPRESS HYDERABAD 6,Dabur,MBO,Hyderabad,Telangana,South,SKU41420,Body Mist Coral 100Ml,Renee,Fragrance,Body Mist,Top 25,Active,399,12,15,,6,2322,BGR South,9,9,,55,3,55.8,,
2025-04,OL1050,DAB-EXPRESS HYDERABAD 6,Dabur,MBO,Hyderabad,Telangana,South,SKU41476,Body Mist Mocha 100Ml,Renee,Fragrance,Body Mist,Top 10,Active,799,7,11,,7,5424,BGR South,13,11,,55,3,55.8,,
2025-04,OL1050,DAB-EXPRESS HYDERABAD 6,Dabur,MBO,Hyderabad,Telangana,South,SKU41536,Body Mist Nude 100Ml,Renee,Fragrance,Body Mist,Top 25,Active,349,0,2,,0,0,BGR South,3,2,,55,3,55.8,,
2025-04,OL1050,DAB-EXPRESS HYDERABAD 6,Dabur,MBO,Hyderabad,Telangana,South,SKU41608,Hair Oil Berry 100Ml,Renee,Haircare,Hair Oil,Others,Active,449,6,8,,3,1306,BGR South,5,5,,35,3,55.8,,
2025-04,OL1050,DAB-EXPRESS HYDERABAD 6,Dabur,MBO,Hyderabad,Telangana,South,SKU41647,Hair Oil Hazelnut 100Ml,Renee,Haircare,Hair Oil,Others,Active,799,12,14,,4,3099,BGR South,7,6,,35,3,55.8,,
2025-04,OL1051,DAB-CITY CENTRE AHMEDABAD 7,Dabur,MBO,Ahmedabad,Gujarat,West,SKU40127,Matte Lip Color Coral 4.2Ml,Renee,Makeup,Lipstick,Top 25,Active,499,12,13,,4,2058,BGR West,7,5,,50,2,80.1,,
2025-04,OL1051,DAB-CITY CENTRE AHMEDABAD 7,Dabur,MBO,Ahmedabad,Gujarat,West,SKU40266,Liquid Lipstick Nude 5Ml,Renee,Makeup,Lipstick,Top 10,Active,799,16,22,,8,6591,BGR West,15,14,,50,2,80.1,,
2025-04,OL1051,DAB-CITY CENTRE AHMEDABAD 7,Dabur,MBO,Ahmedabad,Gujarat,West,SKU40281,Midnight Eyeliner Berry 2.5Ml,Renee,Makeup,Eyeliner,Others,Active,299,6,10,,2,617,BGR West,6,6,,50,2,80.1,,
2025-04,OL1051,DAB-CITY CENTRE AHMEDABAD 7,Dabur,MBO,Ahmedabad,Gujarat,West,SKU40381,Midnight Eyeliner Ocean 2.5Ml,Renee,Makeup,Eyeliner,Top 25,Active,699,8,0,,4,2883,BGR West,7,6,,50,2,80.1,,
2025-04,OL1051,DAB-CITY CENTRE AHMEDABAD 7,Dabur,MBO,Ahmedabad,Gujarat,West,SKU40588,Bb Cream Coral 30Ml,Renee,Makeup,Foundation,Top 10,Active,349,18,21,,6,2159,BGR West,13,9,,50,2,80.1,,
2025-04,OL1051,DAB-CITY CENTRE AHMEDABAD 7,Dabur,MBO,Ahmedabad,Gujarat,West,SKU40595,Compact Powder Mocha 9Gm,Renee,Makeup,Foundation,Top 10,Active,449,8,8,,4,1852,BGR West,6,4,,50,2,80.1,,
2025-04,OL1051,DAB-CITY CENTRE AHMEDABAD 7,Dabur,MBO,Ahmedabad,Gujarat,West,SKU40662,Compact Powder Nude 9Gm,Renee,Makeup,Foundation,Top 25,Active,1199,8,7,,4,4945,BGR West,4,3,,50,2,80.1,,
2025-04,OL1051,DAB-CITY CENTRE AHMEDABAD 7,Dabur,MBO,Ahmedabad,Gujarat,West,SKU40722,Compact Powder Berry 9Gm,Renee,Makeup,Foundation,Top 10,Active,799,6,5,,3,2472,BGR West,4,2,,50,2,80.1,,
2025-04,OL1051,DAB-CITY CENTRE AHMEDABAD 7,Dabur,MBO,Ahmedabad,Gujarat,West,SKU40850,Powder Brush R8,Renee,Makeup,Brushes,Top 25,Active,650,2,3,,2,1340,BGR West,4,3,,50,2,80.1,,
2025-04,OL1051,DAB-CITY CENTRE AHMEDABAD 7,Dabur,MBO,Ahmedabad,Gujarat,West,SKU40951,Sunscreen Gel Spf 50 70Ml,Renee,Skincare,Sunscreen,Top 25,Active,999,3,5,,3,3090,BGR West,5,5,,45,2,80.1,,
2025-04,OL1051,DAB-CITY CENTRE AHMEDABAD 7,Dabur,MBO,Ahmedabad,Gujarat,West,SKU40979,Sunscreen Gel Spf 50 50Ml,Renee,Skincare,Sunscreen,Top 25,Active,799,2,3,,2,1648,BGR West,4,3,,45,2,80.1,,
2025-04,OL1051,DAB-CITY CENTRE AHMEDABAD 7,Dabur,MBO,Ahmedabad,Gujarat,West,SKU41024,Vitamin C Serum 30Ml,Renee,Skincare,Serum,Others,Active,449,3,3,,1,463,BGR West,2,1,,45,2,80.1,,
2025-04,OL1051,DAB-CITY CENTRE AHMEDABAD 7,Dabur,MBO,Ahmedabad,Gujarat,West,SKU41048,Face Wash Ocean 20Ml,Renee,Skincare,Cleanser,Others,Active,349,8,8,,4,1439,BGR West,7,4,,45,2,80.1,,
2025-04,OL1051,DAB-CITY CENTRE AHMEDABAD 7,Dabur,MBO,Ahmedabad,Gujarat,West,SKU41129,Face Wash Vanilla 40Ml,Renee,Skincare,Cleanser,Others,Active,299,6,9,,2,617,BGR West,5,5,,45,2,80.1,,
2025-04,OL1051,DAB-CITY CENTRE AHMEDABAD 7,Dabur,MBO,Ahmedabad,Gujarat,West,SKU41295,Perfume Rose 50Ml,Renee,Fragrance,EDP,Top 25,Active,599,12,15,,4,2471,BGR West,8,7,,55,2,80.1,,
2025-04,OL1051,DAB-CITY CENTRE AHMEDABAD 7,Dabur,MBO,Ahmedabad,Gujarat,West,SKU41536,Body Mist Nude 100Ml,Renee,Fragrance,Body Mist,Top 25,Active,349,4,5,,2,720,BGR West,5,3,,55,2,80.1,,
2025-04,OL1051,DAB-CITY CENTRE AHMEDABAD 7,Dabur,MBO,Ahmedabad,Gujarat,West,SKU41608,Hair Oil Berry 100Ml,Renee,Haircare,Hair Oil,Others,Active,449,4,7,,4,1852,BGR West,10,7,,35,2,80.1,,
2025-04,OL1052,DAB-CITY CENTRE CHENNAI 8,Dabur,MBO,Chennai,Tamil Nadu,South,SKU40127,Matte Lip Color Coral 4.2Ml,Renee,Makeup,Lipstick,Top 25,Active,499,8,13,,4,2216,BGR South,10,9,,50,4,70.2,,
2025-04,OL1052,DAB-CITY CENTRE CHENNAI 8,Dabur,MBO,Chennai,Tamil Nadu,South,SKU40281,Midnight Eyeliner Berry 2.5Ml,Renee,Makeup,Eyeliner,Others,Active,299,6,5,,2,664,BGR South,2,1,,50,4,70.2,,
2025-04,OL1052,DAB-CITY CENTRE CHENNAI 8,Dabur,MBO,Chennai,Tamil Nadu,South,SKU40318,Midnight Eyeliner Hazelnut 2.5Ml,Renee,Makeup,Eyeliner,Others,Active,650,6,0,,2,1443,BGR South,3,2,,50,4,70.2,,
2025-04,OL1052,DAB-CITY CENTRE CHENNAI 8,Dabur,MBO,Chennai,Tamil Nadu,South,SKU40425,Kajal Vanilla 0.35Gm,Renee,Makeup,Eyeliner,Top 25,Active,299,10,10,,5,1660,BGR South,5,5,,50,4,70.2,,
2025-04,OL1052,DAB-CITY CENTRE CHENNAI 8,Dabur,MBO,Chennai,Tamil Nadu,South,SKU40544,Bb Cream Peach 30Ml,Renee,Makeup,Foundation,Top 10,Active,599,6,7,,6,3990,BGR South,10,7,,50,4,70.2,,
2025-04,OL1052,DAB-CITY CENTRE CHENNAI 8,Dabur,MBO,Chennai,Tamil Nadu,South,SKU40595,Compact Powder Mocha 9Gm,Renee,Makeup,Foundation,Top 10,Active,449,3,6,,3,1495,BGR South,6,6,,50,4,70.2,,
2025-04,OL1052,DAB-CITY CENTRE CHENNAI 8,Dabur,MBO,Chennai,Tamil Nadu,South,SKU40662,Compact Powder Nude 9Gm,Renee,Makeup,Foundation,Top 25,Active,1199,4,0,,4,5324,BGR South,5,3,,50,4,70.2,,
2025-04,OL1052,DAB-CITY CENTRE CHENNAI 8,Dabur,MBO,Chennai,Tamil Nadu,South,SKU40850,Powder Brush R8,Renee,Makeup,Brushes,Top 25,Active,650,24,60,,8,5773,BGR South,6,6,,50,4,70.2,,
2025-04,OL1052,DAB-CITY CENTRE CHENNAI 8,Dabur,MBO,Chennai,Tamil Nadu,South,SKU40928,Powder Brush R4,Renee,Makeup,Brushes,Top 25,Active,650,18,17,,9,6494,BGR South,10,8,,50,4,70.2,,
2025-04,OL1052,DAB-CITY CENTRE CHENNAI 8,Dabur,MBO,Chennai,Tamil Nadu,South,SKU40979,Sunscreen Gel Spf 50 50Ml,Renee,Skincare,Sunscreen,Top 25,Active,799,9,10,,3,2661,BGR South,4,4,,45,4,70.2,,
2025-04,OL1052,DAB-CITY CENTRE CHENNAI 8,Dabur,MBO,Chennai,Tamil Nadu,South,SKU41032,Face Wash Hazelnut 60Ml,Renee,Skincare,Cleanser,Others,Active,499,2,2,,2,1108,BGR South,4,2,,45,4,70.2,,
2025-04,OL1052,DAB-CITY CENTRE CHENNAI 8,Dabur,MBO,Chennai,Tamil Nadu,South,SKU41295,Perfume Rose 50Ml,Renee,Fragrance,EDP,Top 25,Active,599,24,31,,8,5320,BGR South,15,15,,55,4,70.2,,
2025-04,OL1052,DAB-CITY CENTRE CHENNAI 8,Dabur,MBO,Chennai,Tamil Nadu,South,SKU41536,Body Mist Nude 100Ml,Renee,Fragrance,Body Mist,Top 25,Active,349,24,29,,8,3100,BGR South,17,13,,55,4,70.2,,
2025-04,OL1052,DAB-CITY CENTRE CHENNAI 8,Dabur,MBO,Chennai,Tamil Nadu,South,SKU41608,Hair Oil Berry 100Ml,Renee,Haircare,Hair Oil,Others,Active,449,4,4,,4,1994,BGR South,7,4,,35,4,70.2,,
2025-04,OL1052,DAB-CITY CENTRE CHENNAI 8,Dabur,MBO,Chennai,Tamil Nadu,South,SKU41647,Hair Oil Hazelnut 100Ml,Renee,Haircare,Hair Oil,Others,Active,799,6,6,,2,1774,BGR South,3,2,,35,4,70.2,,
2025-04,OL1053,DAB-CITY CENTRE KOLKATA 9,Dabur,MBO,Kolkata,West Bengal,East,SKU40078,Matte Lip Color Rose 4.2Ml,Renee,Makeup,Lipstick,Top 25,Active,650,4,6,,4,2622,BGR East,7,6,,50,3,72.5,,
2025-04,OL1053,DAB-CITY CENTRE KOLKATA 9,Dabur,MBO,Kolkata,West Bengal,East,SKU40108,Matte Lip Color Peach 4.2Ml,Renee,Makeup,Lipstick,Top 10,Active,650,12,14,,4,2622,BGR East,7,6,,50,3,72.5,,
2025-04,OL1053,DAB-CITY CENTRE KOLKATA 9,Dabur,MBO,Kolkata,West Bengal,East,SKU40127,Matte Lip Color Coral 4.2Ml,Renee,Makeup,Lipstick,Top 25,Active,499,4,6,,4,2013,BGR East,7,6,,50,3,72.5,,
2025-04,OL1053,DAB-CITY CENTRE KOLKATA 9,Dabur,MBO,Kolkata,West Bengal,East,SKU40281,Midnight Eyeliner Berry 2.5Ml,Renee,Makeup,Eyeliner,Others,Active,299,6,9,,2,603,BGR East,5,5,,50,3,72.5,,
2025-04,OL1053,DAB-CITY CENTRE KOLKATA 9,Dabur,MBO,Kolkata,West Bengal,East,SKU40318,Midnight Eyeliner Hazelnut 2.5Ml,Renee,Makeup,Eyeliner,Others,Active,650,6,10,,3,1967,BGR East,7,7,,50,3,72.5,,
2025-04,OL1053,DAB-CITY CENTRE KOLKATA 9,Dabur,MBO,Kolkata,West Bengal,East,SKU40381,Midnight Eyeliner Ocean 2.5Ml,Renee,Makeup,Eyeliner,Top 25,Active,699,2,3,,2,1410,BGR East,4,3,,50,3,72.5,,
2025-04,OL1053,DAB-CITY CENTRE KOLKATA 9,Dabur,MBO,Kolkata,West Bengal,East,SKU40425,Kajal Vanilla 0.35Gm,Renee,Makeup,Eyeliner,Top 25,Active,299,4,6,,4,1206,BGR East,6,6,,50,3,72.5,,
2025-04,OL1053,DAB-CITY CENTRE KOLKATA 9,Dabur,MBO,Kolkata,West Bengal,East,SKU40490,Kajal Midnight 0.35Gm,Renee,Makeup,Eyeliner,Top 10,Active,599,8,8,,4,2417,BGR East,5,4,,50,3,72.5,,
2025-04,OL1053,DAB-CITY CENTRE KOLKATA 9,Dabur,MBO,Kolkata,West Bengal,East,SKU40544,Bb Cream Peach 30Ml,Renee,Makeup,Foundation,Top 10,Active,599,2,0,,2,1208,BGR East,3,2,,50,3,72.5,,
2025-04,OL1053,DAB-CITY CENTRE KOLKATA 9,Dabur,MBO,Kolkata,West Bengal,East,SKU40588,Bb Cream Coral 30Ml,Renee,Makeup,Foundation,Top 10,Active,349,6,6,,3,1056,BGR East,4,3,,50,3,72.5,,
2025-04,OL1053,DAB-CITY CENTRE KOLKATA 9,Dabur,MBO,Kolkata,West Bengal,East,SKU40662,Compact Powder Nude 9Gm,Renee,Makeup,Foundation,Top 25,Active,1199,6,9,,2,2419,BGR East,5,5,,50,3,72.5,,
2025-04,OL1053,DAB-CITY CENTRE KOLKATA 9,Dabur,MBO,Kolkata,West Bengal,East,SKU40763,Blending Brush R6,Renee,Makeup,Brushes,Others,Active,349,1,3,,1,352,BGR East,3,3,,50,3,72.5,,
2025-04,OL1053,DAB-CITY CENTRE KOLKATA 9,Dabur,MBO,Kolkata,West Bengal,East,SKU40850,Powder Brush R8,Renee,Makeup,Brushes,Top 25,Active,650,2,3,,2,1311,BGR East,4,3,,50,3,72.5,,
2025-04,OL1053,DAB-CITY CENTRE KOLKATA 9,Dabur,MBO,Kolkata,West Bengal,East,SKU40951,Sunscreen Gel Spf 50 70Ml,Renee,Skincare,Sunscreen,Top 25,Active,999,12,12,,4,4030,BGR East,4,4,,45,3,72.5,,
2025-04,OL1053,DAB-CITY CENTRE KOLKATA 9,Dabur,MBO,Kolkata,West Bengal,East,SKU40979,Sunscreen Gel Spf 50 50Ml,Renee,Skincare,Sunscreen,Top 25,Active,799,2,3,,2,1612,BGR East,3,3,,45,3,72.5,,
2025-04,OL1053,DAB-CITY CENTRE KOLKATA 9,Dabur,MBO,Kolkata,West Bengal,East,SKU41032,Face Wash Hazelnut 60Ml,Renee,Skincare,Cleanser,Others,Active,499,3,4,,1,503,BGR East,2,2,,45,3,72.5,,
2025-04,OL1053,DAB-CITY CENTRE KOLKATA 9,Dabur,MBO,Kolkata,West Bengal,East,SKU41048,Face Wash Ocean 20Ml,Renee,Skincare,Cleanser,Others,Active,349,3,19,,3,1056,BGR East,5,4,,45,3,72.5,,
2025-04,OL1053,DAB-CITY CENTRE KOLKATA 9,Dabur,MBO,Kolkata,West Bengal,East,SKU41536,Body Mist Nude 100Ml,Renee,Fragrance,Body Mist,Top 25,Active,349,3,5,,3,1056,BGR East,6,5,,55,3,72.5,,
2025-04,OL1053,DAB-CITY CENTRE KOLKATA 9,Dabur,MBO,Kolkata,West Bengal,East,SKU41647,Hair Oil Hazelnut 100Ml,Renee,Haircare,Hair Oil,Others,Active,799,4,2,,4,3223,BGR East,4,2,,35,3,72.5,,
2025-04,OL1054,DAB-NEXUS MUMBAI 10,Dabur,MBO,Mumbai,Maharashtra,West,SKU40281,Midnight Eyeliner Berry 2.5Ml,Renee,Makeup,Eyeliner,Others,Active,299,3,0,,3,1059,BGR West,2,2,,50,1,64.3,,
2025-04,OL1054,DAB-NEXUS MUMBAI 10,Dabur,MBO,Mumbai,Maharashtra,West,SKU40318,Midnight Eyeliner Hazelnut 2.5Ml,Renee,Makeup,Eyeliner,Others,Active,650,1,3,,1,767,BGR West,4,3,,50,1,64.3,,
2025-04,OL1054,DAB-NEXUS MUMBAI 10,Dabur,MBO,Mumbai,Maharashtra,West,SKU40381,Midnight Eyeliner Ocean 2.5Ml,Renee,Makeup,Eyeliner,Top 25,Active,699,2,4,,2,1651,BGR West,6,4,,50,1,64.3,,
2025-04,OL1054,DAB-NEXUS MUMBAI 10,Dabur,MBO,Mumbai,Maharashtra,West,SKU40544,Bb Cream Peach 30Ml,Renee,Makeup,Foundation,Top 10,Active,599,24,26,,8,5658,BGR West,12,10,,50,1,64.3,,
2025-04,OL1054,DAB-NEXUS MUMBAI 10,Dabur,MBO,Mumbai,Maharashtra,West,SKU40588,Bb Cream Coral 30Ml,Renee,Makeup,Foundation,Top 10,Active,349,3,4,,3,1236,BGR West,6,4,,50,1,64.3,,
2025-04,OL1054,DAB-NEXUS MUMBAI 10,Dabur,MBO,Mumbai,Maharashtra,West,SKU40662,Compact Powder Nude 9Gm,Renee,Makeup,Foundation,Top 25,Active,1199,0,0,,0,0,BGR West,2,2,,50,1,64.3,,
2025-04,OL1054,DAB-NEXUS MUMBAI 10,Dabur,MBO,Mumbai,Maharashtra,West,SKU40763,Blending Brush R6,Renee,Makeup,Brushes,Others,Active,349,3,6,,3,1236,BGR West,7,6,,50,1,64.3,,
2025-04,OL1054,DAB-NEXUS MUMBAI 10,Dabur,MBO,Mumbai,Maharashtra,West,SKU40836,Blending Brush R4,Renee,Makeup,Brushes,Top 10,Active,1199,16,20,,8,11325,BGR West,12,12,,50,1,64.3,,
2025-04,OL1054,DAB-NEXUS MUMBAI 10,Dabur,MBO,Mumbai,Maharashtra,West,SKU40850,Powder Brush R8,Renee,Makeup,Brushes,Top 25,Active,650,3,3,,3,2302,BGR West,4,3,,50,1,64.3,,
2025-04,OL1054,DAB-NEXUS MUMBAI 10,Dabur,MBO,Mumbai,Maharashtra,West,SKU40972,Sunscreen Gel Spf 50 70Ml,Renee,Skincare,Sunscreen,Top 25,Active,599,5,0,,5,3536,BGR West,8,5,,45,1,64.3,,
2025-04,OL1054,DAB-NEXUS MUMBAI 10,Dabur,MBO,Mumbai,Maharashtra,West,SKU40979,Sunscreen Gel Spf 50 50Ml,Renee,Skincare,Sunscreen,Top 25,Active,799,4,6,,2,1887,BGR West,5,4,,45,1,64.3,,
2025-04,OL1054,DAB-NEXUS MUMBAI 10,Dabur,MBO,Mumbai,Maharashtra,West,SKU41032,Face Wash Hazelnut 60Ml,Renee,Skincare,Cleanser,Others,Active,499,8,7,,4,2357,BGR West,4,3,,45,1,64.3,,
2025-04,OL1054,DAB-NEXUS MUMBAI 10,Dabur,MBO,Mumbai,Maharashtra,West,SKU41129,Face Wash Vanilla 40Ml,Renee,Skincare,Cleanser,Others,Active,299,12,16,,4,1412,BGR West,9,8,,45,1,64.3,,
2025-04,OL1054,DAB-NEXUS MUMBAI 10,Dabur,MBO,Mumbai,Maharashtra,West,SKU41476,Body Mist Mocha 100Ml,Renee,Fragrance,Body Mist,Top 10,Active,799,8,10,,4,3774,BGR West,6,6,,55,1,64.3,,
2025-04,OL1054,DAB-NEXUS MUMBAI 10,Dabur,MBO,Mumbai,Maharashtra,West,SKU41536,Body Mist Nude 100Ml,Renee,Fragrance,Body Mist,Top 25,Active,349,18,19,,9,3709,BGR West,15,10,,55,1,64.3,,
2025-04,OL1054,DAB-NEXUS MUMBAI 10,Dabur,MBO,Mumbai,Maharashtra,West,SKU41647,Hair Oil Hazelnut 100Ml,Renee,Haircare,Hair Oil,Others,Active,799,3,6,,3,2830,BGR West,6,6,,35,1,64.3,,
2025-04,OL1055,DAB-FORUM KOLKATA 11,Dabur,MBO,Kolkata,West Bengal,East,SKU40127,Matte Lip Color Coral 4.2Ml,Renee,Makeup,Lipstick,Top 25,Active,499,10,12,,5,2472,BGR East,11,7,,50,1,66.5,,
2025-04,OL1055,DAB-FORUM KOLKATA 11,Dabur,MBO,Kolkata,West Bengal,East,SKU40266,Liquid Lipstick Nude 5Ml,Renee,Makeup,Lipstick,Top 10,Active,799,20,28,,20,15830,BGR East,28,28,,50,1,66.5,,
2025-04,OL1055,DAB-FORUM KOLKATA 11,Dabur,MBO,Kolkata,West Bengal,East,SKU40318,Midnight Eyeliner Hazelnut 2.5Ml,Renee,Makeup,Eyeliner,Others,Active,650,3,3,,1,644,BGR East,1,1,,50,1,66.5,,
2025-04,OL1055,DAB-FORUM KOLKATA 11,Dabur,MBO,Kolkata,West Bengal,East,SKU40425,Kajal Vanilla 0.35Gm,Renee,Makeup,Eyeliner,Top 25,Active,299,24,30,,8,2370,BGR East,14,14,,50,1,66.5,,
2025-04,OL1055,DAB-FORUM KOLKATA 11,Dabur,MBO,Kolkata,West Bengal,East,SKU40662,Compact Powder Nude 9Gm,Renee,Makeup,Foundation,Top 25,Active,1199,6,8,,3,3563,BGR East,5,5,,50,1,66.5,,
2025-04,OL1055,DAB-FORUM KOLKATA 11,Dabur,MBO,Kolkata,West Bengal,East,SKU40763,Blending Brush R6,Renee,Makeup,Brushes,Others,Active,349,6,7,,2,691,BGR East,3,3,,50,1,66.5,,
2025-04,OL1055,DAB-FORUM KOLKATA 11,Dabur,MBO,Kolkata,West Bengal,East,SKU40836,Blending Brush R4,Renee,Makeup,Brushes,Top 10,Active,1199,8,15,,8,9502,BGR East,15,15,,50,1,66.5,,
2025-04,OL1055,DAB-FORUM KOLKATA 11,Dabur,MBO,Kolkata,West Bengal,East,SKU40928,Powder Brush R4,Renee,Makeup,Brushes,Top 25,Active,650,6,9,,6,3863,BGR East,11,9,,50,1,66.5,,
2025-04,OL1055,DAB-FORUM KOLKATA 11,Dabur,MBO,Kolkata,West Bengal,East,SKU40951,Sunscreen Gel Spf 50 70Ml,Renee,Skincare,Sunscreen,Top 25,Active,999,9,8,,3,2969,BGR East,3,2,,45,1,66.5,,
2025-04,OL1055,DAB-FORUM KOLKATA 11,Dabur,MBO,Kolkata,West Bengal,East,SKU40972,Sunscreen Gel Spf 50 70Ml,Renee,Skincare,Sunscreen,Top 25,Active,599,12,17,,4,2373,BGR East,9,9,,45,1,66.5,,
2025-04,OL1055,DAB-FORUM KOLKATA 11,Dabur,MBO,Kolkata,West Bengal,East,SKU41129,Face Wash Vanilla 40Ml,Renee,Skincare,Cleanser,Others,Active,299,4,2,,2,592,BGR East,1,0,,45,1,66.5,,
2025-04,OL1055,DAB-FORUM KOLKATA 11,Dabur,MBO,Kolkata,West Bengal,East,SKU41295,Perfume Rose 50Ml,Renee,Fragrance,EDP,Top 25,Active,599,12,15,,4,2373,BGR East,8,7,,55,1,66.5,,
2025-04,OL1055,DAB-FORUM KOLKATA 11,Dabur,MBO,Kolkata,West Bengal,East,SKU41420,Body Mist Coral 100Ml,Renee,Fragrance,Body Mist,Top 25,Active,399,8,9,,4,1581,BGR East,6,5,,55,1,66.5,,
2025-04,OL1055,DAB-FORUM KOLKATA 11,Dabur,MBO,Kolkata,West Bengal,East,SKU41476,Body Mist Mocha 100Ml,Renee,Fragrance,Body Mist,Top 10,Active,799,24,82,,12,9498,BGR East,14,12,,55,1,66.5,,
2025-04,OL1055,DAB-FORUM KOLKATA 11,Dabur,MBO,Kolkata,West Bengal,East,SKU41536,Body Mist Nude 100Ml,Renee,Fragrance,Body Mist,Top 25,Active,349,6,5,,6,2074,BGR East,8,5,,55,1,66.5,,
2025-04,OL1055,DAB-FORUM KOLKATA 11,Dabur,MBO,Kolkata,West Bengal,East,SKU41608,Hair Oil Berry 100Ml,Renee,Haircare,Hair Oil,Others,Active,449,3,4,,3,1334,BGR East,6,4,,35,1,66.5,,
2025-04,OL1055,DAB-FORUM KOLKATA 11,Dabur,MBO,Kolkata,West Bengal,East,SKU41647,Hair Oil Hazelnut 100Ml,Renee,Haircare,Hair Oil,Others,Active,799,0,0,,0,0,BGR East,1,0,,35,1,66.5,,
2025-04,OL1056,DAB-SELECT LUCKNOW 12,Dabur,MBO,Lucknow,Uttar Pradesh,North,SKU40078,Matte Lip Color Rose 4.2Ml,Renee,Makeup,Lipstick,Top 25,Active,650,4,4,,4,2510,BGR North,5,4,,50,3,69.2,,
2025-04,OL1056,DAB-SELECT LUCKNOW 12,Dabur,MBO,Lucknow,Uttar Pradesh,North,SKU40108,Matte Lip Color Peach 4.2Ml,Renee,Makeup,Lipstick,Top 10,Active,650,8,8,,4,2510,BGR North,5,4,,50,3,69.2,,
2025-04,OL1056,DAB-SELECT LUCKNOW 12,Dabur,MBO,Lucknow,Uttar Pradesh,North,SKU40127,Matte Lip Color Coral 4.2Ml,Renee,Makeup,Lipstick,Top 25,Active,499,8,23,,4,1927,BGR North,8,7,,50,3,69.2,,
2025-04,OL1056,DAB-SELECT LUCKNOW 12,Dabur,MBO,Lucknow,Uttar Pradesh,North,SKU40425,Kajal Vanilla 0.35Gm,Renee,Makeup,Eyeliner,Top 25,Active,299,18,20,,6,1732,BGR North,8,8,,50,3,69.2,,
2025-04,OL1056,DAB-SELECT LUCKNOW 12,Dabur,MBO,Lucknow,Uttar Pradesh,North,SKU40588,Bb Cream Coral 30Ml,Renee,Makeup,Foundation,Top 10,Active,349,6,9,,6,2022,BGR North,10,9,,50,3,69.2,,
2025-04,OL1056,DAB-SELECT LUCKNOW 12,Dabur,MBO,Lucknow,Uttar Pradesh,North,SKU40662,Compact Powder Nude 9Gm,Renee,Makeup,Foundation,Top 25,Active,1199,12,16,,4,4630,BGR North,8,8,,50,3,69.2,,
2025-04,OL1056,DAB-SELECT LUCKNOW 12,Dabur,MBO,Lucknow,Uttar Pradesh,North,SKU40722,Compact Powder Berry 9Gm,Renee,Makeup,Foundation,Top 10,Active,799,8,10,,4,3086,BGR North,8,6,,50,3,69.2,,
2025-04,OL1056,DAB-SELECT LUCKNOW 12,Dabur,MBO,Lucknow,Uttar Pradesh,North,SKU40763,Blending Brush R6,Renee,Makeup,Brushes,Others,Active,349,12,18,,4,1348,BGR North,10,10,,50,3,69.2,,
2025-04,OL1056,DAB-SELECT LUCKNOW 12,Dabur,MBO,Lucknow,Uttar Pradesh,North,SKU40928,Powder Brush R4,Renee,Makeup,Brushes,Top 25,Active,650,8,32,,4,2510,BGR North,5,5,,50,3,69.2,,
2025-04,OL1056,DAB-SELECT LUCKNOW 12,Dabur,MBO,Lucknow,Uttar Pradesh,North,SKU40972,Sunscreen Gel Spf 50 70Ml,Renee,Skincare,Sunscreen,Top 25,Active,599,4,4,,2,1157,BGR North,4,2,,45,3,69.2,,
2025-04,OL1056,DAB-SELECT LUCKNOW 12,Dabur,MBO,Lucknow,Uttar Pradesh,North,SKU41032,Face Wash Hazelnut 60Ml,Renee,Skincare,Cleanser,Others,Active,499,6,10,,3,1445,BGR North,8,7,,45,3,69.2,,
2025-04,OL1056,DAB-SELECT LUCKNOW 12,Dabur,MBO,Lucknow,Uttar Pradesh,North,SKU41048,Face Wash Ocean 20Ml,Renee,Skincare,Cleanser,Others,Active,349,8,7,,4,1348,BGR North,3,3,,45,3,69.2,,
2025-04,OL1056,DAB-SELECT LUCKNOW 12,Dabur,MBO,Lucknow,Uttar Pradesh,North,SKU41129,Face Wash Vanilla 40Ml,Renee,Skincare,Cleanser,Others,Active,299,2,5,,2,577,BGR North,5,5,,45,3,69.2,,
2025-04,OL1056,DAB-SELECT LUCKNOW 12,Dabur,MBO,Lucknow,Uttar Pradesh,North,SKU41295,Perfume Rose 50Ml,Renee,Fragrance,EDP,Top 25,Active,599,18,25,,6,3470,BGR North,13,13,,55,3,69.2,,
2025-04,OL1056,DAB-SELECT LUCKNOW 12,Dabur,MBO,Lucknow,Uttar Pradesh,North,SKU41476,Body Mist Mocha 100Ml,Renee,Fragrance,Body Mist,Top 10,Active,799,12,13,,6,4629,BGR North,11,7,,55,3,69.2,,
2025-04,OL1056,DAB-SELECT LUCKNOW 12,Dabur,MBO,Lucknow,Uttar Pradesh,North,SKU41536,Body Mist Nude 100Ml,Renee,Fragrance,Body Mist,Top 25,Active,349,6,13,,6,2022,BGR North,13,13,,55,3,69.2,,
2025-04,OL1057,DAB-EXPRESS LUCKNOW 13,Dabur,MBO,Lucknow,Uttar Pradesh,North,SKU40108,Matte Lip Color Peach 4.2Ml,Renee,Makeup,Lipstick,Top 10,Active,650,2,0,,2,1277,BGR North,1,0,,50,1,76.6,,
2025-04,OL1057,DAB-EXPRESS LUCKNOW 13,Dabur,MBO,Lucknow,Uttar Pradesh,North,SKU40281,Midnight Eyeliner Berry 2.5Ml,Renee,Makeup,Eyeliner,Others,Active,299,2,4,,1,294,BGR North,3,3,,50,1,76.6,,
2025-04,OL1057,DAB-EXPRESS LUCKNOW 13,Dabur,MBO,Lucknow,Uttar Pradesh,North,SKU40381,Midnight Eyeliner Ocean 2.5Ml,Renee,Makeup,Eyeliner,Top 25,Active,699,2,1,,1,687,BGR North,0,0,,50,1,76.6,,
2025-04,OL1057,DAB-EXPRESS LUCKNOW 13,Dabur,MBO,Lucknow,Uttar Pradesh,North,SKU40490,Kajal Midnight 0.35Gm,Renee,Makeup,Eyeliner,Top 10,Active,599,4,0,,4,2353,BGR North,9,9,,50,1,76.6,,
2025-04,OL1057,DAB-EXPRESS LUCKNOW 13,Dabur,MBO,Lucknow,Uttar Pradesh,North,SKU40588,Bb Cream Coral 30Ml,Renee,Makeup,Foundation,Top 10,Active,349,1,0,,1,343,BGR North,4,2,,50,1,76.6,,
2025-04,OL1057,DAB-EXPRESS LUCKNOW 13,Dabur,MBO,Lucknow,Uttar Pradesh,North,SKU40595,Compact Powder Mocha 9Gm,Renee,Makeup,Foundation,Top 10,Active,449,8,0,,4,1764,BGR North,7,5,,50,1,76.6,,
2025-04,OL1057,DAB-EXPRESS LUCKNOW 13,Dabur,MBO,Lucknow,Uttar Pradesh,North,SKU40722,Compact Powder Berry 9Gm,Renee,Makeup,Foundation,Top 10,Active,799,6,6,,2,1570,BGR North,3,2,,50,1,76.6,,
2025-04,OL1057,DAB-EXPRESS LUCKNOW 13,Dabur,MBO,Lucknow,Uttar Pradesh,North,SKU40763,Blending Brush R6,Renee,Makeup,Brushes,Others,Active,349,6,5,,2,686,BGR North,2,1,,50,1,76.6,,
2025-04,OL1057,DAB-EXPRESS LUCKNOW 13,Dabur,MBO,Lucknow,Uttar Pradesh,North,SKU40836,Blending Brush R4,Renee,Makeup,Brushes,Top 10,Active,1199,6,6,,2,2355,BGR North,3,2,,50,1,76.6,,
2025-04,OL1057,DAB-EXPRESS LUCKNOW 13,Dabur,MBO,Lucknow,Uttar Pradesh,North,SKU40850,Powder Brush R8,Renee,Makeup,Brushes,Top 25,Active,650,8,0,,4,2554,BGR North,9,9,,50,1,76.6,,
2025-04,OL1057,DAB-EXPRESS LUCKNOW 13,Dabur,MBO,Lucknow,Uttar Pradesh,North,SKU40928,Powder Brush R4,Renee,Makeup,Brushes,Top 25,Active,650,4,5,,4,2554,BGR North,5,5,,50,1,76.6,,
2025-04,OL1057,DAB-EXPRESS LUCKNOW 13,Dabur,MBO,Lucknow,Uttar Pradesh,North,SKU41295,Perfume Rose 50Ml,Renee,Fragrance,EDP,Top 25,Active,599,9,9,,3,1765,BGR North,4,3,,55,1,76.6,,
2025-04,OL1057,DAB-EXPRESS LUCKNOW 13,Dabur,MBO,Lucknow,Uttar Pradesh,North,SKU41420,Body Mist Coral 100Ml,Renee,Fragrance,Body Mist,Top 25,Active,399,4,5,,2,784,BGR North,3,3,,55,1,76.6,,
2025-04,OL1057,DAB-EXPRESS LUCKNOW 13,Dabur,MBO,Lucknow,Uttar Pradesh,North,SKU41476,Body Mist Mocha 100Ml,Renee,Fragrance,Body Mist,Top 10,Active,799,12,14,,4,3139,BGR North,9,6,,55,1,76.6,,
2025-04,OL1057,DAB-EXPRESS LUCKNOW 13,Dabur,MBO,Lucknow,Uttar Pradesh,North,SKU41536,Body Mist Nude 100Ml,Renee,Fragrance,Body Mist,Top 25,Active,349,4,6,,4,1371,BGR North,7,6,,55,1,76.6,,
2025-04,OL1058,DAB-INORBIT KOLKATA 14,Dabur,MBO,Kolkata,West Bengal,East,SKU40108,Matte Lip Color Peach 4.2Ml,Renee,Makeup,Lipstick,Top 10,Active,650,4,6,,4,2594,BGR East,7,6,,50,3,48.7,,
2025-04,OL1058,DAB-INORBIT KOLKATA 14,Dabur,MBO,Kolkata,West Bengal,East,SKU40266,Liquid Lipstick Nude 5Ml,Renee,Makeup,Lipstick,Top 10,Active,799,8,10,,8,6378,BGR East,10,10,,50,3,48.7,,
2025-04,OL1058,DAB-INORBIT KOLKATA 14,Dabur,MBO,Kolkata,West Bengal,East,SKU40281,Midnight Eyeliner Berry 2.5Ml,Renee,Makeup,Eyeliner,Others,Active,299,8,10,,4,1193,BGR East,6,6,,50,3,48.7,,
2025-04,OL1058,DAB-INORBIT KOLKATA 14,Dabur,MBO,Kolkata,West Bengal,East,SKU40318,Midnight Eyeliner Hazelnut 2.5Ml,Renee,Makeup,Eyeliner,Others,Active,650,4,5,,4,2594,BGR East,6,5,,50,3,48.7,,
2025-04,OL1058,DAB-INORBIT KOLKATA 14,Dabur,MBO,Kolkata,West Bengal,East,SKU40381,Midnight Eyeliner Ocean 2.5Ml,Renee,Makeup,Eyeliner,Top 25,Active,699,4,4,,4,2790,BGR East,5,4,,50,3,48.7,,
2025-04,OL1058,DAB-INORBIT KOLKATA 14,Dabur,MBO,Kolkata,West Bengal,East,SKU40425,Kajal Vanilla 0.35Gm,Renee,Makeup,Eyeliner,Top 25,Active,299,18,18,,9,2685,BGR East,10,9,,50,3,48.7,,
2025-04,OL1058,DAB-INORBIT KOLKATA 14,Dabur,MBO,Kolkata,West Bengal,East,SKU40588,Bb Cream Coral 30Ml,Renee,Makeup,Foundation,Top 10,Active,349,24,27,,8,2786,BGR East,11,11,,50,3,48.7,,
2025-04,OL1058,DAB-INORBIT KOLKATA 14,Dabur,MBO,Kolkata,West Bengal,East,SKU40722,Compact Powder Berry 9Gm,Renee,Makeup,Foundation,Top 10,Active,799,12,17,,4,3189,BGR East,9,9,,50,3,48.7,,
2025-04,OL1058,DAB-INORBIT KOLKATA 14,Dabur,MBO,Kolkata,West Bengal,East,SKU40763,Blending Brush R6,Renee,Makeup,Brushes,Others,Active,349,6,0,,2,696,BGR East,4,3,,50,3,48.7,,
2025-04,OL1058,DAB-INORBIT KOLKATA 14,Dabur,MBO,Kolkata,West Bengal,East,SKU40850,Powder Brush R8,Renee,Makeup,Brushes,Top 25,Active,650,12,11,,4,2594,BGR East,5,3,,50,3,48.7,,
2025-04,OL1058,DAB-INORBIT KOLKATA 14,Dabur,MBO,Kolkata,West Bengal,East,SKU40928,Powder Brush R4,Renee,Makeup,Brushes,Top 25,Active,650,6,5,,3,1946,BGR East,4,2,,50,3,48.7,,
2025-04,OL1058,DAB-INORBIT KOLKATA 14,Dabur,MBO,Kolkata,West Bengal,East,SKU40951,Sunscreen Gel Spf 50 70Ml,Renee,Skincare,Sunscreen,Top 25,Active,999,4,4,,2,1994,BGR East,3,2,,45,3,48.7,,
2025-04,OL1058,DAB-INORBIT KOLKATA 14,Dabur,MBO,Kolkata,West Bengal,East,SKU40972,Sunscreen Gel Spf 50 70Ml,Renee,Skincare,Sunscreen,Top 25,Active,599,3,0,,3,1793,BGR East,7,6,,45,3,48.7,,
2025-04,OL1058,DAB-INORBIT KOLKATA 14,Dabur,MBO,Kolkata,West Bengal,East,SKU40979,Sunscreen Gel Spf 50 50Ml,Renee,Skincare,Sunscreen,Top 25,Active,799,6,7,,3,2392,BGR East,4,4,,45,3,48.7,,
2025-04,OL1058,DAB-INORBIT KOLKATA 14,Dabur,MBO,Kolkata,West Bengal,East,SKU41032,Face Wash Hazelnut 60Ml,Renee,Skincare,Cleanser,Others,Active,499,1,0,,1,498,BGR East,1,0,,45,3,48.7,,
2025-04,OL1058,DAB-INORBIT KOLKATA 14,Dabur,MBO,Kolkata,West Bengal,East,SKU41048,Face Wash Ocean 20Ml,Renee,Skincare,Cleanser,Others,Active,349,4,3,,4,1393,BGR East,3,3,,45,3,48.7,,
2025-04,OL1058,DAB-INORBIT KOLKATA 14,Dabur,MBO,Kolkata,West Bengal,East,SKU41215,Perfume Midnight 50Ml,Renee,Fragrance,EDP,Others,Active,399,2,2,,1,398,BGR East,1,1,,55,3,48.7,,
2025-04,OL1058,DAB-INORBIT KOLKATA 14,Dabur,MBO,Kolkata,West Bengal,East,SKU41476,Body Mist Mocha 100Ml,Renee,Fragrance,Body Mist,Top 10,Active,799,12,13,,6,4784,BGR East,10,7,,55,3,48.7,,
2025-04,OL1059,DAB-NEXUS BHUBANESWAR 15,Dabur,MBO,Bhubaneswar,Odisha,East,SKU40078,Matte Lip Color Rose 4.2Ml,Renee,Makeup,Lipstick,Top 25,Active,650,4,5,,2,1312,BGR East,4,3,,50,1,71.2,,
2025-04,OL1059,DAB-NEXUS BHUBANESWAR 15,Dabur,MBO,Bhubaneswar,Odisha,East,SKU40108,Matte Lip Color Peach 4.2Ml,Renee,Makeup,Lipstick,Top 10,Active,650,8,9,,4,2625,BGR East,5,5,,50,1,71.2,,
2025-04,OL1059,DAB-NEXUS BHUBANESWAR 15,Dabur,MBO,Bhubaneswar,Odisha,East,SKU40266,Liquid Lipstick Nude 5Ml,Renee,Makeup,Lipstick,Top 10,Active,799,6,9,,6,4839,BGR East,9,9,,50,1,71.2,,
2025-04,OL1059,DAB-NEXUS BHUBANESWAR 15,Dabur,MBO,Bhubaneswar,Odisha,East,SKU40281,Midnight Eyeliner Berry 2.5Ml,Renee,Makeup,Eyeliner,Others,Active,299,6,6,,2,604,BGR East,3,2,,50,1,71.2,,
2025-04,OL1059,DAB-NEXUS BHUBANESWAR 15,Dabur,MBO,Bhubaneswar,Odisha,East,SKU40318,Midnight Eyeliner Hazelnut 2.5Ml,Renee,Makeup,Eyeliner,Others,Active,650,4,3,,2,1312,BGR East,2,1,,50,1,71.2,,
2025-04,OL1059,DAB-NEXUS BHUBANESWAR 15,Dabur,MBO,Bhubaneswar,Odisha,East,SKU40381,Midnight Eyeliner Ocean 2.5Ml,Renee,Makeup,Eyeliner,Top 25,Active,699,2,4,,2,1411,BGR East,6,4,,50,1,71.2,,
2025-04,OL1059,DAB-NEXUS BHUBANESWAR 15,Dabur,MBO,Bhubaneswar,Odisha,East,SKU40490,Kajal Midnight 0.35Gm,Renee,Makeup,Eyeliner,Top 10,Active,599,3,4,,3,1814,BGR East,5,4,,50,1,71.2,,
2025-04,OL1059,DAB-NEXUS BHUBANESWAR 15,Dabur,MBO,Bhubaneswar,Odisha,East,SKU40544,Bb Cream Peach 30Ml,Renee,Makeup,Foundation,Top 10,Active,599,8,10,,4,2419,BGR East,6,6,,50,1,71.2,,
2025-04,OL1059,DAB-NEXUS BHUBANESWAR 15,Dabur,MBO,Bhubaneswar,Odisha,East,SKU40595,Compact Powder Mocha 9Gm,Renee,Makeup,Foundation,Top 10,Active,449,18,26,,6,2719,BGR East,14,14,,50,1,71.2,,
2025-04,OL1059,DAB-NEXUS BHUBANESWAR 15,Dabur,MBO,Bhubaneswar,Odisha,East,SKU40662,Compact Powder Nude 9Gm,Renee,Makeup,Foundation,Top 25,Active,1199,2,4,,2,2421,BGR East,5,4,,50,1,71.2,,
2025-04,OL1059,DAB-NEXUS BHUBANESWAR 15,Dabur,MBO,Bhubaneswar,Odisha,East,SKU40850,Powder Brush R8,Renee,Makeup,Brushes,Top 25,Active,650,9,10,,3,1968,BGR East,5,4,,50,1,71.2,,
2025-04,OL1059,DAB-NEXUS BHUBANESWAR 15,Dabur,MBO,Bhubaneswar,Odisha,East,SKU40951,Sunscreen Gel Spf 50 70Ml,Renee,Skincare,Sunscreen,Top 25,Active,999,3,4,,1,1008,BGR East,2,2,,45,1,71.2,,
2025-04,OL1059,DAB-NEXUS BHUBANESWAR 15,Dabur,MBO,Bhubaneswar,Odisha,East,SKU40979,Sunscreen Gel Spf 50 50Ml,Renee,Skincare,Sunscreen,Top 25,Active,799,2,5,,2,1613,BGR East,5,5,,45,1,71.2,,
2025-04,OL1059,DAB-NEXUS BHUBANESWAR 15,Dabur,MBO,Bhubaneswar,Odisha,East,SKU41024,Vitamin C Serum 30Ml,Renee,Skincare,Serum,Others,Active,449,3,5,,3,1360,BGR East,5,5,,45,1,71.2,,
2025-04,OL1059,DAB-NEXUS BHUBANESWAR 15,Dabur,MBO,Bhubaneswar,Odisha,East,SKU41215,Perfume Midnight 50Ml,Renee,Fragrance,EDP,Others,Active,399,12,15,,4,1611,BGR East,7,7,,55,1,71.2,,
2025-04,OL1059,DAB-NEXUS BHUBANESWAR 15,Dabur,MBO,Bhubaneswar,Odisha,East,SKU41295,Perfume Rose 50Ml,Renee,Fragrance,EDP,Top 25,Active,599,12,13,,4,2419,BGR East,8,5,,55,1,71.2,,
2025-04,OL1059,DAB-NEXUS BHUBANESWAR 15,Dabur,MBO,Bhubaneswar,Odisha,East,SKU41420,Body Mist Coral 100Ml,Renee,Fragrance,Body Mist,Top 25,Active,399,4,5,,2,806,BGR East,4,3,,55,1,71.2,,
2025-04,OL1059,DAB-NEXUS BHUBANESWAR 15,Dabur,MBO,Bhubaneswar,Odisha,East,SKU41647,Hair Oil Hazelnut 100Ml,Renee,Haircare,Hair Oil,Others,Active,799,6,15,,3,2420,BGR East,8,7,,35,1,71.2,,
2025-04,OL1060,DAB-ORION GUWAHATI 16,Dabur,MBO,Guwahati,Assam,East,SKU40078,Matte Lip Color Rose 4.2Ml,Renee,Makeup,Lipstick,Top 25,Active,650,6,9,,3,2125,BGR East,6,6,,50,4,67.8,,
2025-04,OL1060,DAB-ORION GUWAHATI 16,Dabur,MBO,Guwahati,Assam,East,SKU40127,Matte Lip Color Coral 4.2Ml,Renee,Makeup,Lipstick,Top 25,Active,499,8,11,,4,2176,BGR East,7,7,,50,4,67.8,,
2025-04,OL1060,DAB-ORION GUWAHATI 16,Dabur,MBO,Guwahati,Assam,East,SKU40281,Midnight Eyeliner Berry 2.5Ml,Renee,Makeup,Eyeliner,Others,Active,299,4,4,,2,652,BGR East,3,2,,50,4,67.8,,
2025-04,OL1060,DAB-ORION GUWAHATI 16,Dabur,MBO,Guwahati,Assam,East,SKU40318,Midnight Eyeliner Hazelnut 2.5Ml,Renee,Makeup,Eyeliner,Others,Active,650,0,0,,0,0,BGR East,1,0,,50,4,67.8,,
2025-04,OL1060,DAB-ORION GUWAHATI 16,Dabur,MBO,Guwahati,Assam,East,SKU40425,Kajal Vanilla 0.35Gm,Renee,Makeup,Eyeliner,Top 25,Active,299,8,13,,8,2607,BGR East,13,13,,50,4,67.8,,
2025-04,OL1060,DAB-ORION GUWAHATI 16,Dabur,MBO,Guwahati,Assam,East,SKU40588,Bb Cream Coral 30Ml,Renee,Makeup,Foundation,Top 10,Active,349,12,17,,6,2282,BGR East,11,11,,50,4,67.8,,
2025-04,OL1060,DAB-ORION GUWAHATI 16,Dabur,MBO,Guwahati,Assam,East,SKU40595,Compact Powder Mocha 9Gm,Renee,Makeup,Foundation,Top 10,Active,449,18,23,,6,2936,BGR East,11,11,,50,4,67.8,,
2025-04,OL1060,DAB-ORION GUWAHATI 16,Dabur,MBO,Guwahati,Assam,East,SKU40763,Blending Brush R6,Renee,Makeup,Brushes,Others,Active,349,9,8,,3,1141,BGR East,3,2,,50,4,67.8,,
2025-04,OL1060,DAB-ORION GUWAHATI 16,Dabur,MBO,Guwahati,Assam,East,SKU40850,Powder Brush R8,Renee,Makeup,Brushes,Top 25,Active,650,8,8,,4,2834,BGR East,5,4,,50,4,67.8,,
2025-04,OL1060,DAB-ORION GUWAHATI 16,Dabur,MBO,Guwahati,Assam,East,SKU40928,Powder Brush R4,Renee,Makeup,Brushes,Top 25,Active,650,9,9,,3,2125,BGR East,4,3,,50,4,67.8,,
2025-04,OL1060,DAB-ORION GUWAHATI 16,Dabur,MBO,Guwahati,Assam,East,SKU40951,Sunscreen Gel Spf 50 70Ml,Renee,Skincare,Sunscreen,Top 25,Active,999,4,3,,2,2178,BGR East,1,1,,45,4,67.8,,
2025-04,OL1060,DAB-ORION GUWAHATI 16,Dabur,MBO,Guwahati,Assam,East,SKU40979,Sunscreen Gel Spf 50 50Ml,Renee,Skincare,Sunscreen,Top 25,Active,799,1,0,,1,871,BGR East,4,2,,45,4,67.8,,
2025-04,OL1060,DAB-ORION GUWAHATI 16,Dabur,MBO,Guwahati,Assam,East,SKU41024,Vitamin C Serum 30Ml,Renee,Skincare,Serum,Others,Active,449,2,10,,2,979,BGR East,2,1,,45,4,67.8,,
2025-04,OL1060,DAB-ORION GUWAHATI 16,Dabur,MBO,Guwahati,Assam,East,SKU41032,Face Wash Hazelnut 60Ml,Renee,Skincare,Cleanser,Others,Active,499,2,3,,2,1088,BGR East,5,3,,45,4,67.8,,
2025-04,OL1060,DAB-ORION GUWAHATI 16,Dabur,MBO,Guwahati,Assam,East,SKU41048,Face Wash Ocean 20Ml,Renee,Skincare,Cleanser,Others,Active,349,4,4,,4,1522,BGR East,6,4,,45,4,67.8,,
2025-04,OL1060,DAB-ORION GUWAHATI 16,Dabur,MBO,Guwahati,Assam,East,SKU41129,Face Wash Vanilla 40Ml,Renee,Skincare,Cleanser,Others,Active,299,2,2,,2,652,BGR East,3,2,,45,4,67.8,,
2025-04,OL1060,DAB-ORION GUWAHATI 16,Dabur,MBO,Guwahati,Assam,East,SKU41420,Body Mist Coral 100Ml,Renee,Fragrance,Body Mist,Top 25,Active,399,10,12,,5,2174,BGR East,8,7,,55,4,67.8,,
2025-04,OL1060,DAB-ORION GUWAHATI 16,Dabur,MBO,Guwahati,Assam,East,SKU41536,Body Mist Nude 100Ml,Renee,Fragrance,Body Mist,Top 25,Active,349,16,13,,8,3043,BGR East,6,5,,55,4,67.8,,
2025-04,OL1060,DAB-ORION GUWAHATI 16,Dabur,MBO,Guwahati,Assam,East,SKU41608,Hair Oil Berry 100Ml,Renee,Haircare,Hair Oil,Others,Active,449,2,3,,1,489,BGR East,3,2,,35,4,67.8,,
2025-04,OL1061,DAB-GALLERIA HYDERABAD 17,Dabur,MBO,Hyderabad,Telangana,South,SKU40108,Matte Lip Color Peach 4.2Ml,Renee,Makeup,Lipstick,Top 10,Active,650,4,5,,4,3069,BGR South,7,5,,50,2,78.4,,
2025-04,OL1061,DAB-GALLERIA HYDERABAD 17,Dabur,MBO,Hyderabad,Telangana,South,SKU40127,Matte Lip Color Coral 4.2Ml,Renee,Makeup,Lipstick,Top 25,Active,499,3,5,,3,1767,BGR South,5,5,,50,2,78.4,,
2025-04,OL1061,DAB-GALLERIA HYDERABAD 17,Dabur,MBO,Hyderabad,Telangana,South,SKU40281,Midnight Eyeliner Berry 2.5Ml,Renee,Makeup,Eyeliner,Others,Active,299,3,2,,3,1059,BGR South,3,2,,50,2,78.4,,
2025-04,OL1061,DAB-GALLERIA HYDERABAD 17,Dabur,MBO,Hyderabad,Telangana,South,SKU40318,Midnight Eyeliner Hazelnut 2.5Ml,Renee,Makeup,Eyeliner,Others,Active,650,9,10,,3,2302,BGR South,6,4,,50,2,78.4,,
2025-04,OL1061,DAB-GALLERIA HYDERABAD 17,Dabur,MBO,Hyderabad,Telangana,South,SKU40425,Kajal Vanilla 0.35Gm,Renee,Makeup,Eyeliner,Top 25,Active,299,4,4,,4,1412,BGR South,7,4,,50,2,78.4,,
2025-04,OL1061,DAB-GALLERIA HYDERABAD 17,Dabur,MBO,Hyderabad,Telangana,South,SKU40490,Kajal Midnight 0.35Gm,Renee,Makeup,Eyeliner,Top 10,Active,599,8,9,,4,2828,BGR South,6,5,,50,2,78.4,,
2025-04,OL1061,DAB-GALLERIA HYDERABAD 17,Dabur,MBO,Hyderabad,Telangana,South,SKU40722,Compact Powder Berry 9Gm,Renee,Makeup,Foundation,Top 10,Active,799,2,4,,2,1886,BGR South,5,4,,50,2,78.4,,
2025-04,OL1061,DAB-GALLERIA HYDERABAD 17,Dabur,MBO,Hyderabad,Telangana,South,SKU40836,Blending Brush R4,Renee,Makeup,Brushes,Top 10,Active,1199,4,6,,4,5661,BGR South,8,6,,50,2,78.4,,
2025-04,OL1061,DAB-GALLERIA HYDERABAD 17,Dabur,MBO,Hyderabad,Telangana,South,SKU40951,Sunscreen Gel Spf 50 70Ml,Renee,Skincare,Sunscreen,Top 25,Active,999,4,16,,2,2358,BGR South,3,2,,45,2,78.4,,
2025-04,OL1061,DAB-GALLERIA HYDERABAD 17,Dabur,MBO,Hyderabad,Telangana,South,SKU41024,Vitamin C Serum 30Ml,Renee,Skincare,Serum,Others,Active,449,12,13,,4,2120,BGR South,8,5,,45,2,78.4,,
2025-04,OL1061,DAB-GALLERIA HYDERABAD 17,Dabur,MBO,Hyderabad,Telangana,South,SKU41032,Face Wash Hazelnut 60Ml,Renee,Skincare,Cleanser,Others,Active,499,4,4,,2,1178,BGR South,3,2,,45,2,78.4,,
2025-04,OL1061,DAB-GALLERIA HYDERABAD 17,Dabur,MBO,Hyderabad,Telangana,South,SKU41129,Face Wash Vanilla 40Ml,Renee,Skincare,Cleanser,Others,Active,299,3,3,,1,353,BGR South,1,1,,45,2,78.4,,
2025-04,OL1061,DAB-GALLERIA HYDERABAD 17,Dabur,MBO,Hyderabad,Telangana,South,SKU41215,Perfume Midnight 50Ml,Renee,Fragrance,EDP,Others,Active,399,4,3,,2,942,BGR South,2,1,,55,2,78.4,,
2025-04,OL1061,DAB-GALLERIA HYDERABAD 17,Dabur,MBO,Hyderabad,Telangana,South,SKU41295,Perfume Rose 50Ml,Renee,Fragrance,EDP,Top 25,Active,599,4,4,,4,2828,BGR South,7,4,,55,2,78.4,,
2025-04,OL1061,DAB-GALLERIA HYDERABAD 17,Dabur,MBO,Hyderabad,Telangana,South,SKU41420,Body Mist Coral 100Ml,Renee,Fragrance,Body Mist,Top 25,Active,399,4,4,,4,1884,BGR South,5,4,,55,2,78.4,,
2025-04,OL1061,DAB-GALLERIA HYDERABAD 17,Dabur,MBO,Hyderabad,Telangana,South,SKU41536,Body Mist Nude 100Ml,Renee,Fragrance,Body Mist,Top 25,Active,349,4,4,,4,1648,BGR South,4,4,,55,2,78.4,,
2025-04,OL1062,DAB-SELECT NOIDA 18,Dabur,MBO,Noida,Uttar Pradesh,North,SKU40078,Matte Lip Color Rose 4.2Ml,Renee,Makeup,Lipstick,Top 25,Active,650,2,1,,1,657,BGR North,1,0,,50,2,92.6,,
2025-04,OL1062,DAB-SELECT NOIDA 18,Dabur,MBO,Noida,Uttar Pradesh,North,SKU40108,Matte Lip Color Peach 4.2Ml,Renee,Makeup,Lipstick,Top 10,Active,650,6,7,,2,1313,BGR North,4,3,,50,2,92.6,,
2025-04,OL1062,DAB-SELECT NOIDA 18,Dabur,MBO,Noida,Uttar Pradesh,North,SKU40127,Matte Lip Color Coral 4.2Ml,Renee,Makeup,Lipstick,Top 25,Active,499,9,12,,3,1512,BGR North,7,6,,50,2,92.6,,
2025-04,OL1062,DAB-SELECT NOIDA 18,Dabur,MBO,Noida,Uttar Pradesh,North,SKU40281,Midnight Eyeliner Berry 2.5Ml,Renee,Makeup,Eyeliner,Others,Active,299,12,15,,4,1208,BGR North,9,7,,50,2,92.6,,
2025-04,OL1062,DAB-SELECT NOIDA 18,Dabur,MBO,Noida,Uttar Pradesh,North,SKU40381,Midnight Eyeliner Ocean 2.5Ml,Renee,Makeup,Eyeliner,Top 25,Active,699,6,10,,2,1412,BGR North,6,6,,50,2,92.6,,
2025-04,OL1062,DAB-SELECT NOIDA 18,Dabur,MBO,Noida,Uttar Pradesh,North,SKU40425,Kajal Vanilla 0.35Gm,Renee,Makeup,Eyeliner,Top 25,Active,299,4,7,,4,1208,BGR North,7,7,,50,2,92.6,,
2025-04,OL1062,DAB-SELECT NOIDA 18,Dabur,MBO,Noida,Uttar Pradesh,North,SKU40544,Bb Cream Peach 30Ml,Renee,Makeup,Foundation,Top 10,Active,599,18,22,,6,3630,BGR North,11,10,,50,2,92.6,,
2025-04,OL1062,DAB-SELECT NOIDA 18,Dabur,MBO,Noida,Uttar Pradesh,North,SKU40928,Powder Brush R4,Renee,Makeup,Brushes,Top 25,Active,650,3,3,,3,1970,BGR North,4,3,,50,2,92.6,,
2025-04,OL1062,DAB-SELECT NOIDA 18,Dabur,MBO,Noida,Uttar Pradesh,North,SKU40979,Sunscreen Gel Spf 50 50Ml,Renee,Skincare,Sunscreen,Top 25,Active,799,4,7,,4,3228,BGR North,8,7,,45,2,92.6,,
2025-04,OL1062,DAB-SELECT NOIDA 18,Dabur,MBO,Noida,Uttar Pradesh,North,SKU41024,Vitamin C Serum 30Ml,Renee,Skincare,Serum,Others,Active,449,4,4,,2,907,BGR North,3,2,,45,2,92.6,,
2025-04,OL1062,DAB-SELECT NOIDA 18,Dabur,MBO,Noida,Uttar Pradesh,North,SKU41295,Perfume Rose 50Ml,Renee,Fragrance,EDP,Top 25,Active,599,8,7,,4,2420,BGR North,3,3,,55,2,92.6,,
2025-04,OL1062,DAB-SELECT NOIDA 18,Dabur,MBO,Noida,Uttar Pradesh,North,SKU41420,Body Mist Coral 100Ml,Renee,Fragrance,Body Mist,Top 25,Active,399,12,15,,4,1612,BGR North,8,7,,55,2,92.6,,
2025-04,OL1062,DAB-SELECT NOIDA 18,Dabur,MBO,Noida,Uttar Pradesh,North,SKU41536,Body Mist Nude 100Ml,Renee,Fragrance,Body Mist,Top 25,Active,349,12,15,,4,1410,BGR North,8,7,,55,2,92.6,,
2025-04,OL1062,DAB-SELECT NOIDA 18,Dabur,MBO,Noida,Uttar Pradesh,North,SKU41608,Hair Oil Berry 100Ml,Renee,Haircare,Hair Oil,Others,Active,449,4,6,,2,907,BGR North,4,4,,35,2,92.6,,
2025-04,OL1063,DAB-CITY CENTRE NEW DELHI 19,Dabur,MBO,New Delhi,Delhi,North,SKU40108,Matte Lip Color Peach 4.2Ml,Renee,Makeup,Lipstick,Top 10,Active,650,8,6,,4,2459,BGR North,4,2,,50,3,58.7,,
2025-04,OL1063,DAB-CITY CENTRE NEW DELHI 19,Dabur,MBO,New Delhi,Delhi,North,SKU40281,Midnight Eyeliner Berry 2.5Ml,Renee,Makeup,Eyeliner,Others,Active,299,4,12,,2,566,BGR North,4,3,,50,3,58.7,,
2025-04,OL1063,DAB-CITY CENTRE NEW DELHI 19,Dabur,MBO,New Delhi,Delhi,North,SKU40425,Kajal Vanilla 0.35Gm,Renee,Makeup,Eyeliner,Top 25,Active,299,9,8,,3,849,BGR North,2,2,,50,3,58.7,,
2025-04,OL1063,DAB-CITY CENTRE NEW DELHI 19,Dabur,MBO,New Delhi,Delhi,North,SKU40544,Bb Cream Peach 30Ml,Renee,Makeup,Foundation,Top 10,Active,599,16,26,,8,4533,BGR North,18,18,,50,3,58.7,,
2025-04,OL1063,DAB-CITY CENTRE NEW DELHI 19,Dabur,MBO,New Delhi,Delhi,North,SKU40763,Blending Brush R6,Renee,Makeup,Brushes,Others,Active,349,6,6,,3,990,BGR North,4,3,,50,3,58.7,,
2025-04,OL1063,DAB-CITY CENTRE NEW DELHI 19,Dabur,MBO,New Delhi,Delhi,North,SKU40836,Blending Brush R4,Renee,Makeup,Brushes,Top 10,Active,1199,3,4,,3,3403,BGR North,4,4,,50,3,58.7,,
2025-04,OL1063,DAB-CITY CENTRE NEW DELHI 19,Dabur,MBO,New Delhi,Delhi,North,SKU40850,Powder Brush R8,Renee,Makeup,Brushes,Top 25,Active,650,6,24,,3,1845,BGR North,3,2,,50,3,58.7,,
2025-04,OL1063,DAB-CITY CENTRE NEW DELHI 19,Dabur,MBO,New Delhi,Delhi,North,SKU40928,Powder Brush R4,Renee,Makeup,Brushes,Top 25,Active,650,0,1,,0,0,BGR North,2,1,,50,3,58.7,,
2025-04,OL1063,DAB-CITY CENTRE NEW DELHI 19,Dabur,MBO,New Delhi,Delhi,North,SKU40979,Sunscreen Gel Spf 50 50Ml,Renee,Skincare,Sunscreen,Top 25,Active,799,4,11,,2,1512,BGR North,4,3,,45,3,58.7,,
2025-04,OL1063,DAB-CITY CENTRE NEW DELHI 19,Dabur,MBO,New Delhi,Delhi,North,SKU41024,Vitamin C Serum 30Ml,Renee,Skincare,Serum,Others,Active,449,6,9,,2,849,BGR North,5,5,,45,3,58.7,,
2025-04,OL1063,DAB-CITY CENTRE NEW DELHI 19,Dabur,MBO,New Delhi,Delhi,North,SKU41032,Face Wash Hazelnut 60Ml,Renee,Skincare,Cleanser,Others,Active,499,8,11,,4,1888,BGR North,7,7,,45,3,58.7,,
2025-04,OL1063,DAB-CITY CENTRE NEW DELHI 19,Dabur,MBO,New Delhi,Delhi,North,SKU41215,Perfume Midnight 50Ml,Renee,Fragrance,EDP,Others,Active,399,12,14,,4,1510,BGR North,7,6,,55,3,58.7,,
2025-04,OL1063,DAB-CITY CENTRE NEW DELHI 19,Dabur,MBO,New Delhi,Delhi,North,SKU41295,Perfume Rose 50Ml,Renee,Fragrance,EDP,Top 25,Active,599,6,6,,2,1133,BGR North,4,2,,55,3,58.7,,
2025-04,OL1063,DAB-CITY CENTRE NEW DELHI 19,Dabur,MBO,New Delhi,Delhi,North,SKU41420,Body Mist Coral 100Ml,Renee,Fragrance,Body Mist,Top 25,Active,399,3,4,,3,1132,BGR North,5,4,,55,3,58.7,,
2025-04,OL1063,DAB-CITY CENTRE NEW DELHI 19,Dabur,MBO,New Delhi,Delhi,North,SKU41476,Body Mist Mocha 100Ml,Renee,Fragrance,Body Mist,Top 10,Active,799,12,13,,4,3023,BGR North,5,5,,55,3,58.7,,
2025-04,OL1063,DAB-CITY CENTRE NEW DELHI 19,Dabur,MBO,New Delhi,Delhi,North,SKU41608,Hair Oil Berry 100Ml,Renee,Haircare,Hair Oil,Others,Active,449,2,1,,2,849,BGR North,2,1,,35,3,58.7,,
2025-04,OL1064,DAB-EXPRESS SURAT 20,Dabur,MBO,Surat,Gujarat,West,SKU40108,Matte Lip Color Peach 4.2Ml,Renee,Makeup,Lipstick,Top 10,Active,650,12,0,,4,2538,BGR West,5,4,,50,2,70.1,,
2025-04,OL1064,DAB-EXPRESS SURAT 20,Dabur,MBO,Surat,Gujarat,West,SKU40127,Matte Lip Color Coral 4.2Ml,Renee,Makeup,Lipstick,Top 25,Active,499,12,12,,6,2923,BGR West,7,6,,50,2,70.1,,
2025-04,OL1064,DAB-EXPRESS SURAT 20,Dabur,MBO,Surat,Gujarat,West,SKU40318,Midnight Eyeliner Hazelnut 2.5Ml,Renee,Makeup,Eyeliner,Others,Active,650,6,9,,3,1904,BGR West,8,6,,50,2,70.1,,
2025-04,OL1064,DAB-EXPRESS SURAT 20,Dabur,MBO,Surat,Gujarat,West,SKU40425,Kajal Vanilla 0.35Gm,Renee,Makeup,Eyeliner,Top 25,Active,299,14,15,,7,2043,BGR West,9,8,,50,2,70.1,,
2025-04,OL1064,DAB-EXPRESS SURAT 20,Dabur,MBO,Surat,Gujarat,West,SKU40588,Bb Cream Coral 30Ml,Renee,Makeup,Foundation,Top 10,Active,349,26,22,,13,4429,BGR West,12,9,,50,2,70.1,,
2025-04,OL1064,DAB-EXPRESS SURAT 20,Dabur,MBO,Surat,Gujarat,West,SKU40850,Powder Brush R8,Renee,Makeup,Brushes,Top 25,Active,650,4,4,,4,2538,BGR West,4,4,,50,2,70.1,,
2025-04,OL1064,DAB-EXPRESS SURAT 20,Dabur,MBO,Surat,Gujarat,West,SKU40972,Sunscreen Gel Spf 50 70Ml,Renee,Skincare,Sunscreen,Top 25,Active,599,12,12,,4,2339,BGR West,6,4,,45,2,70.1,,
2025-04,OL1064,DAB-EXPRESS SURAT 20,Dabur,MBO,Surat,Gujarat,West,SKU41032,Face Wash Hazelnut 60Ml,Renee,Skincare,Cleanser,Others,Active,499,9,0,,3,1461,BGR West,4,2,,45,2,70.1,,
2025-04,OL1064,DAB-EXPRESS SURAT 20,Dabur,MBO,Surat,Gujarat,West,SKU41048,Face Wash Ocean 20Ml,Renee,Skincare,Cleanser,Others,Active,349,6,7,,2,681,BGR West,4,3,,45,2,70.1,,
2025-04,OL1064,DAB-EXPRESS SURAT 20,Dabur,MBO,Surat,Gujarat,West,SKU41129,Face Wash Vanilla 40Ml,Renee,Skincare,Cleanser,Others,Active,299,3,5,,1,292,BGR West,1,1,,45,2,70.1,,
2025-04,OL1064,DAB-EXPRESS SURAT 20,Dabur,MBO,Surat,Gujarat,West,SKU41295,Perfume Rose 50Ml,Renee,Fragrance,EDP,Top 25,Active,599,5,8,,5,2924,BGR West,9,8,,55,2,70.1,,
2025-04,OL1064,DAB-EXPRESS SURAT 20,Dabur,MBO,Surat,Gujarat,West,SKU41420,Body Mist Coral 100Ml,Renee,Fragrance,Body Mist,Top 25,Active,399,8,8,,4,1558,BGR West,7,4,,55,2,70.1,,
2025-04,OL1064,DAB-EXPRESS SURAT 20,Dabur,MBO,Surat,Gujarat,West,SKU41476,Body Mist Mocha 100Ml,Renee,Fragrance,Body Mist,Top 10,Active,799,6,39,,6,4680,BGR West,8,7,,55,2,70.1,,
2025-04,OL1064,DAB-EXPRESS SURAT 20,Dabur,MBO,Surat,Gujarat,West,SKU41536,Body Mist Nude 100Ml,Renee,Fragrance,Body Mist,Top 25,Active,349,24,27,,8,2726,BGR West,11,11,,55,2,70.1,,
2025-04,OL1065,DAB-PHOENIX SURAT 21,Dabur,MBO,Surat,Gujarat,West,SKU40078,Matte Lip Color Rose 4.2Ml,Renee,Makeup,Lipstick,Top 25,Active,650,6,11,,3,2264,BGR West,8,8,,50,3,66.3,,
2025-04,OL1065,DAB-PHOENIX SURAT 21,Dabur,MBO,Surat,Gujarat,West,SKU40127,Matte Lip Color Coral 4.2Ml,Renee,Makeup,Lipstick,Top 25,Active,499,5,10,,5,2896,BGR West,12,10,,50,3,66.3,,
2025-04,OL1065,DAB-PHOENIX SURAT 21,Dabur,MBO,Surat,Gujarat,West,SKU40266,Liquid Lipstick Nude 5Ml,Renee,Makeup,Lipstick,Top 10,Active,799,21,52,,7,6492,BGR West,10,9,,50,3,66.3,,
2025-04,OL1065,DAB-PHOENIX SURAT 21,Dabur,MBO,Surat,Gujarat,West,SKU40281,Midnight Eyeliner Berry 2.5Ml,Renee,Makeup,Eyeliner,Others,Active,299,4,7,,2,694,BGR West,6,5,,50,3,66.3,,
2025-04,OL1065,DAB-PHOENIX SURAT 21,Dabur,MBO,Surat,Gujarat,West,SKU40381,Midnight Eyeliner Ocean 2.5Ml,Renee,Makeup,Eyeliner,Top 25,Active,699,15,18,,5,4057,BGR West,8,8,,50,3,66.3,,
2025-04,OL1065,DAB-PHOENIX SURAT 21,Dabur,MBO,Surat,Gujarat,West,SKU40425,Kajal Vanilla 0.35Gm,Renee,Makeup,Eyeliner,Top 25,Active,299,12,17,,4,1388,BGR West,10,9,,50,3,66.3,,
2025-04,OL1065,DAB-PHOENIX SURAT 21,Dabur,MBO,Surat,Gujarat,West,SKU40544,Bb Cream Peach 30Ml,Renee,Makeup,Foundation,Top 10,Active,599,6,6,,6,4172,BGR West,7,6,,50,3,66.3,,
2025-04,OL1065,DAB-PHOENIX SURAT 21,Dabur,MBO,Surat,Gujarat,West,SKU40722,Compact Powder Berry 9Gm,Renee,Makeup,Foundation,Top 10,Active,799,10,14,,5,4637,BGR West,9,9,,50,3,66.3,,
2025-04,OL1065,DAB-PHOENIX SURAT 21,Dabur,MBO,Surat,Gujarat,West,SKU40763,Blending Brush R6,Renee,Makeup,Brushes,Others,Active,349,2,3,,2,810,BGR West,4,3,,50,3,66.3,,
2025-04,OL1065,DAB-PHOENIX SURAT 21,Dabur,MBO,Surat,Gujarat,West,SKU40836,Blending Brush R4,Renee,Makeup,Brushes,Top 10,Active,1199,18,19,,6,8351,BGR West,7,7,,50,3,66.3,,
2025-04,OL1065,DAB-PHOENIX SURAT 21,Dabur,MBO,Surat,Gujarat,West,SKU40928,Powder Brush R4,Renee,Makeup,Brushes,Top 25,Active,650,4,7,,4,3018,BGR West,7,7,,50,3,66.3,,
2025-04,OL1065,DAB-PHOENIX SURAT 21,Dabur,MBO,Surat,Gujarat,West,SKU41048,Face Wash Ocean 20Ml,Renee,Skincare,Cleanser,Others,Active,349,8,8,,4,1620,BGR West,5,4,,45,3,66.3,,
2025-04,OL1065,DAB-PHOENIX SURAT 21,Dabur,MBO,Surat,Gujarat,West,SKU41420,Body Mist Coral 100Ml,Renee,Fragrance,Body Mist,Top 25,Active,399,8,10,,4,1853,BGR West,9,6,,55,3,66.3,,
2025-04,OL1065,DAB-PHOENIX SURAT 21,Dabur,MBO,Surat,Gujarat,West,SKU41476,Body Mist Mocha 100Ml,Renee,Fragrance,Body Mist,Top 10,Active,799,12,13,,4,3710,BGR West,7,5,,55,3,66.3,,
2025-04,OL1065,DAB-PHOENIX SURAT 21,Dabur,MBO,Surat,Gujarat,West,SKU41647,Hair Oil Hazelnut 100Ml,Renee,Haircare,Hair Oil,Others,Active,799,8,10,,4,3710,BGR West,8,6,,35,3,66.3,,
2025-04,OL1066,DAB-GALLERIA MUMBAI 22,Dabur,MBO,Mumbai,Maharashtra,West,SKU40108,Matte Lip Color Peach 4.2Ml,Renee,Makeup,Lipstick,Top 10,Active,650,4,4,,2,1305,BGR West,3,2,,50,2,72.5,,
2025-04,OL1066,DAB-GALLERIA MUMBAI 22,Dabur,MBO,Mumbai,Maharashtra,West,SKU40281,Midnight Eyeliner Berry 2.5Ml,Renee,Makeup,Eyeliner,Others,Active,299,8,8,,4,1201,BGR West,5,4,,50,2,72.5,,
2025-04,OL1066,DAB-GALLERIA MUMBAI 22,Dabur,MBO,Mumbai,Maharashtra,West,SKU40318,Midnight Eyeliner Hazelnut 2.5Ml,Renee,Makeup,Eyeliner,Others,Active,650,4,7,,2,1305,BGR West,5,5,,50,2,72.5,,
2025-04,OL1066,DAB-GALLERIA MUMBAI 22,Dabur,MBO,Mumbai,Maharashtra,West,SKU40425,Kajal Vanilla 0.35Gm,Renee,Makeup,Eyeliner,Top 25,Active,299,4,6,,4,1201,BGR West,7,6,,50,2,72.5,,
2025-04,OL1066,DAB-GALLERIA MUMBAI 22,Dabur,MBO,Mumbai,Maharashtra,West,SKU40490,Kajal Midnight 0.35Gm,Renee,Makeup,Eyeliner,Top 10,Active,599,4,4,,4,2405,BGR West,6,4,,50,2,72.5,,
2025-04,OL1066,DAB-GALLERIA MUMBAI 22,Dabur,MBO,Mumbai,Maharashtra,West,SKU40544,Bb Cream Peach 30Ml,Renee,Makeup,Foundation,Top 10,Active,599,8,9,,4,2405,BGR West,7,5,,50,2,72.5,,
2025-04,OL1066,DAB-GALLERIA MUMBAI 22,Dabur,MBO,Mumbai,Maharashtra,West,SKU40763,Blending Brush R6,Renee,Makeup,Brushes,Others,Active,349,1,0,,1,350,BGR West,1,0,,50,2,72.5,,
2025-04,OL1066,DAB-GALLERIA MUMBAI 22,Dabur,MBO,Mumbai,Maharashtra,West,SKU40928,Powder Brush R4,Renee,Makeup,Brushes,Top 25,Active,650,12,11,,4,2610,BGR West,4,3,,50,2,72.5,,
2025-04,OL1066,DAB-GALLERIA MUMBAI 22,Dabur,MBO,Mumbai,Maharashtra,West,SKU40951,Sunscreen Gel Spf 50 70Ml,Renee,Skincare,Sunscreen,Top 25,Active,999,3,5,,3,3008,BGR West,5,5,,45,2,72.5,,
2025-04,OL1066,DAB-GALLERIA MUMBAI 22,Dabur,MBO,Mumbai,Maharashtra,West,SKU40972,Sunscreen Gel Spf 50 70Ml,Renee,Skincare,Sunscreen,Top 25,Active,599,2,3,,2,1203,BGR West,4,3,,45,2,72.5,,
2025-04,OL1066,DAB-GALLERIA MUMBAI 22,Dabur,MBO,Mumbai,Maharashtra,West,SKU40979,Sunscreen Gel Spf 50 50Ml,Renee,Skincare,Sunscreen,Top 25,Active,799,6,9,,2,1604,BGR West,6,5,,45,2,72.5,,
2025-04,OL1066,DAB-GALLERIA MUMBAI 22,Dabur,MBO,Mumbai,Maharashtra,West,SKU41048,Face Wash Ocean 20Ml,Renee,Skincare,Cleanser,Others,Active,349,9,13,,3,1051,BGR West,8,7,,45,2,72.5,,
2025-04,OL1066,DAB-GALLERIA MUMBAI 22,Dabur,MBO,Mumbai,Maharashtra,West,SKU41129,Face Wash Vanilla 40Ml,Renee,Skincare,Cleanser,Others,Active,299,6,6,,2,600,BGR West,3,2,,45,2,72.5,,
2025-04,OL1066,DAB-GALLERIA MUMBAI 22,Dabur,MBO,Mumbai,Maharashtra,West,SKU41420,Body Mist Coral 100Ml,Renee,Fragrance,Body Mist,Top 25,Active,399,2,3,,2,801,BGR West,4,3,,55,2,72.5,,
2025-04,OL1066,DAB-GALLERIA MUMBAI 22,Dabur,MBO,Mumbai,Maharashtra,West,SKU41536,Body Mist Nude 100Ml,Renee,Fragrance,Body Mist,Top 25,Active,349,12,9,,6,2102,BGR West,5,3,,55,2,72.5,,
2025-04,OL1067,LS-NEXUS JAIPUR 1,Lifestyle,Department Store,Jaipur,Rajasthan,North,SKU40127,Matte Lip Color Coral 4.2Ml,Renee,Makeup,Lipstick,Top 25,Active,499,2,3,,1,599,BGR North,3,2,,50,4,82.2,,
2025-04,OL1067,LS-NEXUS JAIPUR 1,Lifestyle,Department Store,Jaipur,Rajasthan,North,SKU40266,Liquid Lipstick Nude 5Ml,Renee,Makeup,Lipstick,Top 10,Active,799,3,20,,3,2878,BGR North,3,3,,50,4,82.2,,
2025-04,OL1067,LS-NEXUS JAIPUR 1,Lifestyle,Department Store,Jaipur,Rajasthan,North,SKU40281,Midnight Eyeliner Berry 2.5Ml,Renee,Makeup,Eyeliner,Others,Active,299,1,2,,1,359,BGR North,3,2,,50,4,82.2,,
2025-04,OL1067,LS-NEXUS JAIPUR 1,Lifestyle,Department Store,Jaipur,Rajasthan,North,SKU40381,Midnight Eyeliner Ocean 2.5Ml,Renee,Makeup,Eyeliner,Top 25,Active,699,8,11,,4,3357,BGR North,8,7,,50,4,82.2,,
2025-04,OL1067,LS-NEXUS JAIPUR 1,Lifestyle,Department Store,Jaipur,Rajasthan,North,SKU40425,Kajal Vanilla 0.35Gm,Renee,Makeup,Eyeliner,Top 25,Active,299,12,12,,4,1436,BGR North,6,4,,50,4,82.2,,
2025-04,OL1067,LS-NEXUS JAIPUR 1,Lifestyle,Department Store,Jaipur,Rajasthan,North,SKU40722,Compact Powder Berry 9Gm,Renee,Makeup,Foundation,Top 10,Active,799,6,15,,2,1919,BGR North,3,2,,50,4,82.2,,
2025-04,OL1067,LS-NEXUS JAIPUR 1,Lifestyle,Department Store,Jaipur,Rajasthan,North,SKU40763,Blending Brush R6,Renee,Makeup,Brushes,Others,Active,349,6,9,,2,838,BGR North,5,5,,50,4,82.2,,
2025-04,OL1067,LS-NEXUS JAIPUR 1,Lifestyle,Department Store,Jaipur,Rajasthan,North,SKU40850,Powder Brush R8,Renee,Makeup,Brushes,Top 25,Active,650,9,9,,3,2341,BGR North,5,3,,50,4,82.2,,
2025-04,OL1067,LS-NEXUS JAIPUR 1,Lifestyle,Department Store,Jaipur,Rajasthan,North,SKU40951,Sunscreen Gel Spf 50 70Ml,Renee,Skincare,Sunscreen,Top 25,Active,999,8,10,,4,4798,BGR North,7,6,,45,4,82.2,,
2025-04,OL1067,LS-NEXUS JAIPUR 1,Lifestyle,Department Store,Jaipur,Rajasthan,North,SKU40972,Sunscreen Gel Spf 50 70Ml,Renee,Skincare,Sunscreen,Top 25,Active,599,4,4,,2,1438,BGR North,3,2,,45,4,82.2,,
2025-04,OL1067,LS-NEXUS JAIPUR 1,Lifestyle,Department Store,Jaipur,Rajasthan,North,SKU40979,Sunscreen Gel Spf 50 50Ml,Renee,Skincare,Sunscreen,Top 25,Active,799,9,11,,3,2878,BGR North,6,5,,45,4,82.2,,
2025-04,OL1067,LS-NEXUS JAIPUR 1,Lifestyle,Department Store,Jaipur,Rajasthan,North,SKU41048,Face Wash Ocean 20Ml,Renee,Skincare,Cleanser,Others,Active,349,2,4,,2,838,BGR North,5,4,,45,4,82.2,,
2025-04,OL1067,LS-NEXUS JAIPUR 1,Lifestyle,Department Store,Jaipur,Rajasthan,North,SKU41295,Perfume Rose 50Ml,Renee,Fragrance,EDP,Top 25,Active,599,8,11,,4,2877,BGR North,8,7,,55,4,82.2,,
2025-04,OL1067,LS-NEXUS JAIPUR 1,Lifestyle,Department Store,Jaipur,Rajasthan,North,SKU41420,Body Mist Coral 100Ml,Renee,Fragrance,Body Mist,Top 25,Active,399,4,7,,4,1916,BGR North,8,7,,55,4,82.2,,
2025-04,OL1067,LS-NEXUS JAIPUR 1,Lifestyle,Department Store,Jaipur,Rajasthan,North,SKU41476,Body Mist Mocha 100Ml,Renee,Fragrance,Body Mist,Top 10,Active,799,4,7,,4,3838,BGR North,8,7,,55,4,82.2,,
2025-04,OL1067,LS-NEXUS JAIPUR 1,Lifestyle,Department Store,Jaipur,Rajasthan,North,SKU41536,Body Mist Nude 100Ml,Renee,Fragrance,Body Mist,Top 25,Active,349,16,19,,8,3352,BGR North,12,11,,55,4,82.2,,
2025-04,OL1068,LS-CITY CENTRE BANGALORE 2,Lifestyle,Department Store,Bangalore,Karnataka,South,SKU40078,Matte Lip Color Rose 4.2Ml,Renee,Makeup,Lipstick,Top 25,Active,650,12,14,,4,2783,BGR South,9,6,,50,2,67.2,,
2025-04,OL1068,LS-CITY CENTRE BANGALORE 2,Lifestyle,Department Store,Bangalore,Karnataka,South,SKU40127,Matte Lip Color Coral 4.2Ml,Renee,Makeup,Lipstick,Top 25,Active,499,18,34,,6,3205,BGR South,7,7,,50,2,67.2,,
2025-04,OL1068,LS-CITY CENTRE BANGALORE 2,Lifestyle,Department Store,Bangalore,Karnataka,South,SKU40266,Liquid Lipstick Nude 5Ml,Renee,Makeup,Lipstick,Top 10,Active,799,4,8,,4,3422,BGR South,8,8,,50,2,67.2,,
2025-04,OL1068,LS-CITY CENTRE BANGALORE 2,Lifestyle,Department Store,Bangalore,Karnataka,South,SKU40318,Midnight Eyeliner Hazelnut 2.5Ml,Renee,Makeup,Eyeliner,Others,Active,650,6,6,,3,2088,BGR South,5,3,,50,2,67.2,,
2025-04,OL1068,LS-CITY CENTRE BANGALORE 2,Lifestyle,Department Store,Bangalore,Karnataka,South,SKU40490,Kajal Midnight 0.35Gm,Renee,Makeup,Eyeliner,Top 10,Active,599,18,18,,6,3848,BGR South,8,6,,50,2,67.2,,
2025-04,OL1068,LS-CITY CENTRE BANGALORE 2,Lifestyle,Department Store,Bangalore,Karnataka,South,SKU40544,Bb Cream Peach 30Ml,Renee,Makeup,Foundation,Top 10,Active,599,8,11,,4,2565,BGR South,7,7,,50,2,67.2,,
2025-04,OL1068,LS-CITY CENTRE BANGALORE 2,Lifestyle,Department Store,Bangalore,Karnataka,South,SKU40588,Bb Cream Coral 30Ml,Renee,Makeup,Foundation,Top 10,Active,349,8,7,,8,2989,BGR South,10,7,,50,2,67.2,,
2025-04,OL1068,LS-CITY CENTRE BANGALORE 2,Lifestyle,Department Store,Bangalore,Karnataka,South,SKU40595,Compact Powder Mocha 9Gm,Renee,Makeup,Foundation,Top 10,Active,449,12,14,,4,1923,BGR South,7,6,,50,2,67.2,,
2025-04,OL1068,LS-CITY CENTRE BANGALORE 2,Lifestyle,Department Store,Bangalore,Karnataka,South,SKU40722,Compact Powder Berry 9Gm,Renee,Makeup,Foundation,Top 10,Active,799,4,2,,4,3422,BGR South,3,2,,50,2,67.2,,
2025-04,OL1068,LS-CITY CENTRE BANGALORE 2,Lifestyle,Department Store,Bangalore,Karnataka,South,SKU40763,Blending Brush R6,Renee,Makeup,Brushes,Others,Active,349,3,5,,3,1121,BGR South,5,5,,50,2,67.2,,
2025-04,OL1068,LS-CITY CENTRE BANGALORE 2,Lifestyle,Department Store,Bangalore,Karnataka,South,SKU40836,Blending Brush R4,Renee,Makeup,Brushes,Top 10,Active,1199,7,9,,7,8985,BGR South,11,9,,50,2,67.2,,
2025-04,OL1068,LS-CITY CENTRE BANGALORE 2,Lifestyle,Department Store,Bangalore,Karnataka,South,SKU40928,Powder Brush R4,Renee,Makeup,Brushes,Top 25,Active,650,4,4,,4,2783,BGR South,7,4,,50,2,67.2,,
2025-04,OL1068,LS-CITY CENTRE BANGALORE 2,Lifestyle,Department Store,Bangalore,Karnataka,South,SKU40951,Sunscreen Gel Spf 50 70Ml,Renee,Skincare,Sunscreen,Top 25,Active,999,4,3,,4,4278,BGR South,4,3,,45,2,67.2,,
2025-04,OL1068,LS-CITY CENTRE BANGALORE 2,Lifestyle,Department Store,Bangalore,Karnataka,South,SKU40979,Sunscreen Gel Spf 50 50Ml,Renee,Skincare,Sunscreen,Top 25,Active,799,9,11,,3,2566,BGR South,5,5,,45,2,67.2,,
2025-04,OL1068,LS-CITY CENTRE BANGALORE 2,Lifestyle,Department Store,Bangalore,Karnataka,South,SKU41032,Face Wash Hazelnut 60Ml,Renee,Skincare,Cleanser,Others,Active,499,2,3,,2,1068,BGR South,4,3,,45,2,67.2,,
2025-04,OL1068,LS-CITY CENTRE BANGALORE 2,Lifestyle,Department Store,Bangalore,Karnataka,South,SKU41129,Face Wash Vanilla 40Ml,Renee,Skincare,Cleanser,Others,Active,299,0,2,,0,0,BGR South,3,2,,45,2,67.2,,
2025-04,OL1068,LS-CITY CENTRE BANGALORE 2,Lifestyle,Department Store,Bangalore,Karnataka,South,SKU41420,Body Mist Coral 100Ml,Renee,Fragrance,Body Mist,Top 25,Active,399,4,3,,4,1709,BGR South,5,3,,55,2,67.2,,
2025-04,OL1068,LS-CITY CENTRE BANGALORE 2,Lifestyle,Department Store,Bangalore,Karnataka,South,SKU41476,Body Mist Mocha 100Ml,Renee,Fragrance,Body Mist,Top 10,Active,799,12,14,,4,3422,BGR South,7,6,,55,2,67.2,,
2025-04,OL1068,LS-CITY CENTRE BANGALORE 2,Lifestyle,Department Store,Bangalore,Karnataka,South,SKU41536,Body Mist Nude 100Ml,Renee,Fragrance,Body Mist,Top 25,Active,349,15,18,,5,1868,BGR South,8,8,,55,2,67.2,,
2025-04,OL1068,LS-CITY CENTRE BANGALORE 2,Lifestyle,Department Store,Bangalore,Karnataka,South,SKU41608,Hair Oil Berry 100Ml,Renee,Haircare,Hair Oil,Others,Active,449,4,5,,4,1923,BGR South,8,5,,35,2,67.2,,
2025-04,OL1069,LS-FORUM KOLKATA 3,Lifestyle,Department Store,Kolkata,West Bengal,East,SKU40078,Matte Lip Color Rose 4.2Ml,Renee,Makeup,Lipstick,Top 25,Active,650,6,0,,3,1984,BGR East,6,5,,50,3,59.5,,
2025-04,OL1069,LS-FORUM KOLKATA 3,Lifestyle,Department Store,Kolkata,West Bengal,East,SKU40108,Matte Lip Color Peach 4.2Ml,Renee,Makeup,Lipstick,Top 10,Active,650,12,11,,4,2645,BGR East,5,3,,50,3,59.5,,
2025-04,OL1069,LS-FORUM KOLKATA 3,Lifestyle,Department Store,Kolkata,West Bengal,East,SKU40266,Liquid Lipstick Nude 5Ml,Renee,Makeup,Lipstick,Top 10,Active,799,27,59,,9,7316,BGR East,15,10,,50,3,59.5,,
2025-04,OL1069,LS-FORUM KOLKATA 3,Lifestyle,Department Store,Kolkata,West Bengal,East,SKU40544,Bb Cream Peach 30Ml,Renee,Makeup,Foundation,Top 10,Active,599,2,6,,2,1219,BGR East,6,6,,50,3,59.5,,
2025-04,OL1069,LS-FORUM KOLKATA 3,Lifestyle,Department Store,Kolkata,West Bengal,East,SKU40595,Compact Powder Mocha 9Gm,Renee,Makeup,Foundation,Top 10,Active,449,18,23,,6,2741,BGR East,14,11,,50,3,59.5,,
2025-04,OL1069,LS-FORUM KOLKATA 3,Lifestyle,Department Store,Kolkata,West Bengal,East,SKU40662,Compact Powder Nude 9Gm,Renee,Makeup,Foundation,Top 25,Active,1199,6,0,,2,2440,BGR East,6,5,,50,3,59.5,,
2025-04,OL1069,LS-FORUM KOLKATA 3,Lifestyle,Department Store,Kolkata,West Bengal,East,SKU40850,Powder Brush R8,Renee,Makeup,Brushes,Top 25,Active,650,6,0,,3,1984,BGR East,3,3,,50,3,59.5,,
2025-04,OL1069,LS-FORUM KOLKATA 3,Lifestyle,Department Store,Kolkata,West Bengal,East,SKU40951,Sunscreen Gel Spf 50 70Ml,Renee,Skincare,Sunscreen,Top 25,Active,999,2,5,,2,2033,BGR East,5,5,,45,3,59.5,,
2025-04,OL1069,LS-FORUM KOLKATA 3,Lifestyle,Department Store,Kolkata,West Bengal,East,SKU40972,Sunscreen Gel Spf 50 70Ml,Renee,Skincare,Sunscreen,Top 25,Active,599,3,2,,1,609,BGR East,1,0,,45,3,59.5,,
2025-04,OL1069,LS-FORUM KOLKATA 3,Lifestyle,Department Store,Kolkata,West Bengal,East,SKU40979,Sunscreen Gel Spf 50 50Ml,Renee,Skincare,Sunscreen,Top 25,Active,799,6,6,,2,1626,BGR East,3,2,,45,3,59.5,,
2025-04,OL1069,LS-FORUM KOLKATA 3,Lifestyle,Department Store,Kolkata,West Bengal,East,SKU41048,Face Wash Ocean 20Ml,Renee,Skincare,Cleanser,Others,Active,349,12,12,,4,1420,BGR East,5,4,,45,3,59.5,,
2025-04,OL1069,LS-FORUM KOLKATA 3,Lifestyle,Department Store,Kolkata,West Bengal,East,SKU41215,Perfume Midnight 50Ml,Renee,Fragrance,EDP,Others,Active,399,1,0,,1,406,BGR East,1,0,,55,3,59.5,,
2025-04,OL1069,LS-FORUM KOLKATA 3,Lifestyle,Department Store,Kolkata,West Bengal,East,SKU41476,Body Mist Mocha 100Ml,Renee,Fragrance,Body Mist,Top 10,Active,799,12,13,,4,3251,BGR East,8,5,,55,3,59.5,,
2025-04,OL1069,LS-FORUM KOLKATA 3,Lifestyle,Department Store,Kolkata,West Bengal,East,SKU41647,Hair Oil Hazelnut 100Ml,Renee,Haircare,Hair Oil,Others,Active,799,6,7,,3,2439,BGR East,5,4,,35,3,59.5,,
2025-04,OL1070,LS-INORBIT AHMEDABAD 4,Lifestyle,Department Store,Ahmedabad,Gujarat,West,SKU40127,Matte Lip Color Coral 4.2Ml,Renee,Makeup,Lipstick,Top 25,Active,499,3,4,,3,1660,BGR West,4,4,,50,3,48.9,,
2025-04,OL1070,LS-INORBIT AHMEDABAD 4,Lifestyle,Department Store,Ahmedabad,Gujarat,West,SKU40281,Midnight Eyeliner Berry 2.5Ml,Renee,Makeup,Eyeliner,Others,Active,299,9,12,,3,995,BGR West,7,6,,50,3,48.9,,
2025-04,OL1070,LS-INORBIT AHMEDABAD 4,Lifestyle,Department Store,Ahmedabad,Gujarat,West,SKU40544,Bb Cream Peach 30Ml,Renee,Makeup,Foundation,Top 10,Active,599,24,27,,12,7970,BGR West,19,15,,50,3,48.9,,
2025-04,OL1070,LS-INORBIT AHMEDABAD 4,Lifestyle,Department Store,Ahmedabad,Gujarat,West,SKU40588,Bb Cream Coral 30Ml,Renee,Makeup,Foundation,Top 10,Active,349,0,0,,0,0,BGR West,1,0,,50,3,48.9,,
2025-04,OL1070,LS-INORBIT AHMEDABAD 4,Lifestyle,Department Store,Ahmedabad,Gujarat,West,SKU40662,Compact Powder Nude 9Gm,Renee,Makeup,Foundation,Top 25,Active,1199,9,11,,3,3988,BGR West,6,5,,50,3,48.9,,
2025-04,OL1070,LS-INORBIT AHMEDABAD 4,Lifestyle,Department Store,Ahmedabad,Gujarat,West,SKU40951,Sunscreen Gel Spf 50 70Ml,Renee,Skincare,Sunscreen,Top 25,Active,999,3,2,,1,1108,BGR West,1,0,,45,3,48.9,,
2025-04,OL1070,LS-INORBIT AHMEDABAD 4,Lifestyle,Department Store,Ahmedabad,Gujarat,West,SKU40972,Sunscreen Gel Spf 50 70Ml,Renee,Skincare,Sunscreen,Top 25,Active,599,12,0,,4,2657,BGR West,10,10,,45,3,48.9,,
2025-04,OL1070,LS-INORBIT AHMEDABAD 4,Lifestyle,Department Store,Ahmedabad,Gujarat,West,SKU40979,Sunscreen Gel Spf 50 50Ml,Renee,Skincare,Sunscreen,Top 25,Active,799,0,0,,0,0,BGR West,0,0,,45,3,48.9,,
2025-04,OL1070,LS-INORBIT AHMEDABAD 4,Lifestyle,Department Store,Ahmedabad,Gujarat,West,SKU41024,Vitamin C Serum 30Ml,Renee,Skincare,Serum,Others,Active,449,4,5,,4,1991,BGR West,6,5,,45,3,48.9,,
2025-04,OL1070,LS-INORBIT AHMEDABAD 4,Lifestyle,Department Store,Ahmedabad,Gujarat,West,SKU41129,Face Wash Vanilla 40Ml,Renee,Skincare,Cleanser,Others,Active,299,4,5,,2,663,BGR West,4,3,,45,3,48.9,,
2025-04,OL1070,LS-INORBIT AHMEDABAD 4,Lifestyle,Department Store,Ahmedabad,Gujarat,West,SKU41215,Perfume Midnight 50Ml,Renee,Fragrance,EDP,Others,Active,399,2,4,,2,885,BGR West,5,4,,55,3,48.9,,
2025-04,OL1070,LS-INORBIT AHMEDABAD 4,Lifestyle,Department Store,Ahmedabad,Gujarat,West,SKU41420,Body Mist Coral 100Ml,Renee,Fragrance,Body Mist,Top 25,Active,399,12,28,,4,1770,BGR West,8,7,,55,3,48.9,,
2025-04,OL1070,LS-INORBIT AHMEDABAD 4,Lifestyle,Department Store,Ahmedabad,Gujarat,West,SKU41536,Body Mist Nude 100Ml,Renee,Fragrance,Body Mist,Top 25,Active,349,8,10,,4,1548,BGR West,6,6,,55,3,48.9,,
2025-04,OL1070,LS-INORBIT AHMEDABAD 4,Lifestyle,Department Store,Ahmedabad,Gujarat,West,SKU41608,Hair Oil Berry 100Ml,Renee,Haircare,Hair Oil,Others,Active,449,3,7,,3,1493,BGR West,7,7,,35,3,48.9,,
2025-04,OL1070,LS-INORBIT AHMEDABAD 4,Lifestyle,Department Store,Ahmedabad,Gujarat,West,SKU41647,Hair Oil Hazelnut 100Ml,Renee,Haircare,Hair Oil,Others,Active,799,3,3,,3,2658,BGR West,3,3,,35,3,48.9,,
2025-04,OL1071,LS-NEXUS KOCHI 5,Lifestyle,Department Store,Kochi,Kerala,South,SKU40266,Liquid Lipstick Nude 5Ml,Renee,Makeup,Lipstick,Top 10,Active,799,10,12,,5,4297,BGR South,7,7,,50,1,60.5,,
2025-04,OL1071,LS-NEXUS KOCHI 5,Lifestyle,Department Store,Kochi,Kerala,South,SKU40281,Midnight Eyeliner Berry 2.5Ml,Renee,Makeup,Eyeliner,Others,Active,299,4,4,,4,1287,BGR South,6,4,,50,1,60.5,,
2025-04,OL1071,LS-NEXUS KOCHI 5,Lifestyle,Department Store,Kochi,Kerala,South,SKU40318,Midnight Eyeliner Hazelnut 2.5Ml,Renee,Makeup,Eyeliner,Others,Active,650,4,5,,4,2797,BGR South,8,5,,50,1,60.5,,
2025-04,OL1071,LS-NEXUS KOCHI 5,Lifestyle,Department Store,Kochi,Kerala,South,SKU40490,Kajal Midnight 0.35Gm,Renee,Makeup,Eyeliner,Top 10,Active,599,12,13,,4,2577,BGR South,6,5,,50,1,60.5,,
2025-04,OL1071,LS-NEXUS KOCHI 5,Lifestyle,Department Store,Kochi,Kerala,South,SKU40544,Bb Cream Peach 30Ml,Renee,Makeup,Foundation,Top 10,Active,599,12,12,,4,2577,BGR South,7,4,,50,1,60.5,,
2025-04,OL1071,LS-NEXUS KOCHI 5,Lifestyle,Department Store,Kochi,Kerala,South,SKU40588,Bb Cream Coral 30Ml,Renee,Makeup,Foundation,Top 10,Active,349,8,6,,4,1502,BGR South,4,2,,50,1,60.5,,
2025-04,OL1071,LS-NEXUS KOCHI 5,Lifestyle,Department Store,Kochi,Kerala,South,SKU40595,Compact Powder Mocha 9Gm,Renee,Makeup,Foundation,Top 10,Active,449,6,24,,3,1449,BGR South,8,7,,50,1,60.5,,
2025-04,OL1071,LS-NEXUS KOCHI 5,Lifestyle,Department Store,Kochi,Kerala,South,SKU40662,Compact Powder Nude 9Gm,Renee,Makeup,Foundation,Top 25,Active,1199,9,13,,3,3869,BGR South,7,7,,50,1,60.5,,
2025-04,OL1071,LS-NEXUS KOCHI 5,Lifestyle,Department Store,Kochi,Kerala,South,SKU40722,Compact Powder Berry 9Gm,Renee,Makeup,Foundation,Top 10,Active,799,6,6,,2,1719,BGR South,3,2,,50,1,60.5,,
2025-04,OL1071,LS-NEXUS KOCHI 5,Lifestyle,Department Store,Kochi,Kerala,South,SKU40763,Blending Brush R6,Renee,Makeup,Brushes,Others,Active,349,4,4,,4,1502,BGR South,7,4,,50,1,60.5,,
2025-04,OL1071,LS-NEXUS KOCHI 5,Lifestyle,Department Store,Kochi,Kerala,South,SKU40836,Blending Brush R4,Renee,Makeup,Brushes,Top 10,Active,1199,9,10,,3,3869,BGR South,4,4,,50,1,60.5,,
2025-04,OL1071,LS-NEXUS KOCHI 5,Lifestyle,Department Store,Kochi,Kerala,South,SKU40850,Powder Brush R8,Renee,Makeup,Brushes,Top 25,Active,650,9,9,,3,2098,BGR South,4,3,,50,1,60.5,,
2025-04,OL1071,LS-NEXUS KOCHI 5,Lifestyle,Department Store,Kochi,Kerala,South,SKU40951,Sunscreen Gel Spf 50 70Ml,Renee,Skincare,Sunscreen,Top 25,Active,999,4,5,,2,2149,BGR South,3,3,,45,1,60.5,,
2025-04,OL1071,LS-NEXUS KOCHI 5,Lifestyle,Department Store,Kochi,Kerala,South,SKU40972,Sunscreen Gel Spf 50 70Ml,Renee,Skincare,Sunscreen,Top 25,Active,599,8,9,,4,2577,BGR South,5,5,,45,1,60.5,,
2025-04,OL1071,LS-NEXUS KOCHI 5,Lifestyle,Department Store,Kochi,Kerala,South,SKU41215,Perfume Midnight 50Ml,Renee,Fragrance,EDP,Others,Active,399,0,2,,0,0,BGR South,3,2,,55,1,60.5,,
2025-04,OL1071,LS-NEXUS KOCHI 5,Lifestyle,Department Store,Kochi,Kerala,South,SKU41420,Body Mist Coral 100Ml,Renee,Fragrance,Body Mist,Top 25,Active,399,9,0,,3,1288,BGR South,4,2,,55,1,60.5,,
2025-04,OL1071,LS-NEXUS KOCHI 5,Lifestyle,Department Store,Kochi,Kerala,South,SKU41476,Body Mist Mocha 100Ml,Renee,Fragrance,Body Mist,Top 10,Active,799,4,6,,4,3438,BGR South,8,6,,55,1,60.5,,
2025-04,OL1071,LS-NEXUS KOCHI 5,Lifestyle,Department Store,Kochi,Kerala,South,SKU41536,Body Mist Nude 100Ml,Renee,Fragrance,Body Mist,Top 25,Active,349,6,8,,2,751,BGR South,4,4,,55,1,60.5,,
2025-04,OL1071,LS-NEXUS KOCHI 5,Lifestyle,Department Store,Kochi,Kerala,South,SKU41608,Hair Oil Berry 100Ml,Renee,Haircare,Hair Oil,Others,Active,449,3,3,,1,483,BGR South,2,1,,35,1,60.5,,
2025-04,OL1071,LS-NEXUS KOCHI 5,Lifestyle,Department Store,Kochi,Kerala,South,SKU41647,Hair Oil Hazelnut 100Ml,Renee,Haircare,Hair Oil,Others,Active,799,3,2,,3,2578,BGR South,3,2,,35,1,60.5,,
2025-04,OL1072,LS-EXPRESS BANGALORE 6,Lifestyle,Department Store,Bangalore,Karnataka,South,SKU40281,Midnight Eyeliner Berry 2.5Ml,Renee,Makeup,Eyeliner,Others,Active,299,2,1,,1,294,BGR South,1,0,,50,3,59.1,,
2025-04,OL1072,LS-EXPRESS BANGALORE 6,Lifestyle,Department Store,Bangalore,Karnataka,South,SKU40318,Midnight Eyeliner Hazelnut 2.5Ml,Renee,Makeup,Eyeliner,Others,Active,650,4,6,,2,1279,BGR South,6,4,,50,3,59.1,,
2025-04,OL1072,LS-EXPRESS BANGALORE 6,Lifestyle,Department Store,Bangalore,Karnataka,South,SKU40425,Kajal Vanilla 0.35Gm,Renee,Makeup,Eyeliner,Top 25,Active,299,12,13,,4,1177,BGR South,6,5,,50,3,59.1,,
2025-04,OL1072,LS-EXPRESS BANGALORE 6,Lifestyle,Department Store,Bangalore,Karnataka,South,SKU40490,Kajal Midnight 0.35Gm,Renee,Makeup,Eyeliner,Top 10,Active,599,14,11,,7,4127,BGR South,5,4,,50,3,59.1,,
2025-04,OL1072,LS-EXPRESS BANGALORE 6,Lifestyle,Department Store,Bangalore,Karnataka,South,SKU40544,Bb Cream Peach 30Ml,Renee,Makeup,Foundation,Top 10,Active,599,12,15,,6,3537,BGR South,9,9,,50,3,59.1,,
2025-04,OL1072,LS-EXPRESS BANGALORE 6,Lifestyle,Department Store,Bangalore,Karnataka,South,SKU40595,Compact Powder Mocha 9Gm,Renee,Makeup,Foundation,Top 10,Active,449,7,9,,7,3093,BGR South,9,9,,50,3,59.1,,
2025-04,OL1072,LS-EXPRESS BANGALORE 6,Lifestyle,Department Store,Bangalore,Karnataka,South,SKU40662,Compact Powder Nude 9Gm,Renee,Makeup,Foundation,Top 25,Active,1199,1,0,,1,1180,BGR South,1,0,,50,3,59.1,,
2025-04,OL1072,LS-EXPRESS BANGALORE 6,Lifestyle,Department Store,Bangalore,Karnataka,South,SKU40722,Compact Powder Berry 9Gm,Renee,Makeup,Foundation,Top 10,Active,799,6,7,,3,2359,BGR South,6,4,,50,3,59.1,,
2025-04,OL1072,LS-EXPRESS BANGALORE 6,Lifestyle,Department Store,Bangalore,Karnataka,South,SKU40951,Sunscreen Gel Spf 50 70Ml,Renee,Skincare,Sunscreen,Top 25,Active,999,9,7,,3,2949,BGR South,2,1,,45,3,59.1,,
2025-04,OL1072,LS-EXPRESS BANGALORE 6,Lifestyle,Department Store,Bangalore,Karnataka,South,SKU40972,Sunscreen Gel Spf 50 70Ml,Renee,Skincare,Sunscreen,Top 25,Active,599,0,0,,0,0,BGR South,3,2,,45,3,59.1,,
2025-04,OL1072,LS-EXPRESS BANGALORE 6,Lifestyle,Department Store,Bangalore,Karnataka,South,SKU40979,Sunscreen Gel Spf 50 50Ml,Renee,Skincare,Sunscreen,Top 25,Active,799,3,4,,3,2359,BGR South,5,4,,45,3,59.1,,
2025-04,OL1072,LS-EXPRESS BANGALORE 6,Lifestyle,Department Store,Bangalore,Karnataka,South,SKU41048,Face Wash Ocean 20Ml,Renee,Skincare,Cleanser,Others,Active,349,3,17,,3,1030,BGR South,6,4,,45,3,59.1,,
2025-04,OL1072,LS-EXPRESS BANGALORE 6,Lifestyle,Department Store,Bangalore,Karnataka,South,SKU41295,Perfume Rose 50Ml,Renee,Fragrance,EDP,Top 25,Active,599,12,10,,4,2358,BGR South,3,2,,55,3,59.1,,
2025-04,OL1072,LS-EXPRESS BANGALORE 6,Lifestyle,Department Store,Bangalore,Karnataka,South,SKU41476,Body Mist Mocha 100Ml,Renee,Fragrance,Body Mist,Top 10,Active,799,8,10,,4,3145,BGR South,6,6,,55,3,59.1,,
2025-04,OL1072,LS-EXPRESS BANGALORE 6,Lifestyle,Department Store,Bangalore,Karnataka,South,SKU41536,Body Mist Nude 100Ml,Renee,Fragrance,Body Mist,Top 25,Active,349,12,12,,6,2061,BGR South,7,6,,55,3,59.1,,
2025-04,OL1072,LS-EXPRESS BANGALORE 6,Lifestyle,Department Store,Bangalore,Karnataka,South,SKU41647,Hair Oil Hazelnut 100Ml,Renee,Haircare,Hair Oil,Others,Active,799,4,7,,2,1573,BGR South,5,5,,35,3,59.1,,
2025-04,OL1073,LS-INORBIT JAIPUR 7,Lifestyle,Department Store,Jaipur,Rajasthan,North,SKU40078,Matte Lip Color Rose 4.2Ml,Renee,Makeup,Lipstick,Top 25,Active,650,12,13,,4,2823,BGR North,5,5,,50,4,73.5,,
2025-04,OL1073,LS-INORBIT JAIPUR 7,Lifestyle,Department Store,Jaipur,Rajasthan,North,SKU40266,Liquid Lipstick Nude 5Ml,Renee,Makeup,Lipstick,Top 10,Active,799,16,21,,8,6939,BGR North,14,13,,50,4,73.5,,
2025-04,OL1073,LS-INORBIT JAIPUR 7,Lifestyle,Department Store,Jaipur,Rajasthan,North,SKU40425,Kajal Vanilla 0.35Gm,Renee,Makeup,Eyeliner,Top 25,Active,299,12,22,,4,1298,BGR North,4,3,,50,4,73.5,,
2025-04,OL1073,LS-INORBIT JAIPUR 7,Lifestyle,Department Store,Jaipur,Rajasthan,North,SKU40544,Bb Cream Peach 30Ml,Renee,Makeup,Foundation,Top 10,Active,599,3,4,,1,650,BGR North,2,2,,50,4,73.5,,
2025-04,OL1073,LS-INORBIT JAIPUR 7,Lifestyle,Department Store,Jaipur,Rajasthan,North,SKU40662,Compact Powder Nude 9Gm,Renee,Makeup,Foundation,Top 25,Active,1199,1,0,,1,1302,BGR North,1,0,,50,4,73.5,,
2025-04,OL1073,LS-INORBIT JAIPUR 7,Lifestyle,Department Store,Jaipur,Rajasthan,North,SKU40722,Compact Powder Berry 9Gm,Renee,Makeup,Foundation,Top 10,Active,799,12,14,,4,3470,BGR North,6,6,,50,4,73.5,,
2025-04,OL1073,LS-INORBIT JAIPUR 7,Lifestyle,Department Store,Jaipur,Rajasthan,North,SKU40951,Sunscreen Gel Spf 50 70Ml,Renee,Skincare,Sunscreen,Top 25,Active,999,3,4,,3,3254,BGR North,5,4,,45,4,73.5,,
2025-04,OL1073,LS-INORBIT JAIPUR 7,Lifestyle,Department Store,Jaipur,Rajasthan,North,SKU40972,Sunscreen Gel Spf 50 70Ml,Renee,Skincare,Sunscreen,Top 25,Active,599,6,7,,3,1951,BGR North,7,4,,45,4,73.5,,
2025-04,OL1073,LS-INORBIT JAIPUR 7,Lifestyle,Department Store,Jaipur,Rajasthan,North,SKU40979,Sunscreen Gel Spf 50 50Ml,Renee,Skincare,Sunscreen,Top 25,Active,799,3,3,,3,2602,BGR North,4,3,,45,4,73.5,,
2025-04,OL1073,LS-INORBIT JAIPUR 7,Lifestyle,Department Store,Jaipur,Rajasthan,North,SKU41024,Vitamin C Serum 30Ml,Renee,Skincare,Serum,Others,Active,449,4,6,,2,975,BGR North,6,4,,45,4,73.5,,
2025-04,OL1073,LS-INORBIT JAIPUR 7,Lifestyle,Department Store,Jaipur,Rajasthan,North,SKU41048,Face Wash Ocean 20Ml,Renee,Skincare,Cleanser,Others,Active,349,4,4,,4,1516,BGR North,6,4,,45,4,73.5,,
2025-04,OL1073,LS-INORBIT JAIPUR 7,Lifestyle,Department Store,Jaipur,Rajasthan,North,SKU41129,Face Wash Vanilla 40Ml,Renee,Skincare,Cleanser,Others,Active,299,6,7,,2,649,BGR North,4,3,,45,4,73.5,,
2025-04,OL1073,LS-INORBIT JAIPUR 7,Lifestyle,Department Store,Jaipur,Rajasthan,North,SKU41215,Perfume Midnight 50Ml,Renee,Fragrance,EDP,Others,Active,399,6,9,,2,866,BGR North,6,5,,55,4,73.5,,
2025-04,OL1073,LS-INORBIT JAIPUR 7,Lifestyle,Department Store,Jaipur,Rajasthan,North,SKU41295,Perfume Rose 50Ml,Renee,Fragrance,EDP,Top 25,Active,599,2,2,,2,1301,BGR North,3,2,,55,4,73.5,,
2025-04,OL1074,LS-GALLERIA NOIDA 8,Lifestyle,Department Store,Noida,Uttar Pradesh,North,SKU40108,Matte Lip Color Peach 4.2Ml,Renee,Makeup,Lipstick,Top 10,Active,650,12,12,,6,4449,BGR North,9,6,,50,3,56.1,,
2025-04,OL1074,LS-GALLERIA NOIDA 8,Lifestyle,Department Store,Noida,Uttar Pradesh,North,SKU40281,Midnight Eyeliner Berry 2.5Ml,Renee,Makeup,Eyeliner,Others,Active,299,12,13,,4,1364,BGR North,8,5,,50,3,56.1,,
2025-04,OL1074,LS-GALLERIA NOIDA 8,Lifestyle,Department Store,Noida,Uttar Pradesh,North,SKU40381,Midnight Eyeliner Ocean 2.5Ml,Renee,Makeup,Eyeliner,Top 25,Active,699,6,15,,3,2392,BGR North,3,3,,50,3,56.1,,
2025-04,OL1074,LS-GALLERIA NOIDA 8,Lifestyle,Department Store,Noida,Uttar Pradesh,North,SKU40490,Kajal Midnight 0.35Gm,Renee,Makeup,Eyeliner,Top 10,Active,599,6,0,,6,4100,BGR North,11,10,,50,3,56.1,,
2025-04,OL1074,LS-GALLERIA NOIDA 8,Lifestyle,Department Store,Noida,Uttar Pradesh,North,SKU40544,Bb Cream Peach 30Ml,Renee,Makeup,Foundation,Top 10,Active,599,11,17,,11,7516,BGR North,17,17,,50,3,56.1,,
2025-04,OL1074,LS-GALLERIA NOIDA 8,Lifestyle,Department Store,Noida,Uttar Pradesh,North,SKU40588,Bb Cream Coral 30Ml,Renee,Makeup,Foundation,Top 10,Active,349,12,83,,12,4777,BGR North,22,22,,50,3,56.1,,
2025-04,OL1074,LS-GALLERIA NOIDA 8,Lifestyle,Department Store,Noida,Uttar Pradesh,North,SKU40662,Compact Powder Nude 9Gm,Renee,Makeup,Foundation,Top 25,Active,1199,2,3,,2,2735,BGR North,3,3,,50,3,56.1,,
2025-04,OL1074,LS-GALLERIA NOIDA 8,Lifestyle,Department Store,Noida,Uttar Pradesh,North,SKU40722,Compact Powder Berry 9Gm,Renee,Makeup,Foundation,Top 10,Active,799,12,14,,4,3646,BGR North,9,6,,50,3,56.1,,
2025-04,OL1074,LS-GALLERIA NOIDA 8,Lifestyle,Department Store,Noida,Uttar Pradesh,North,SKU40928,Powder Brush R4,Renee,Makeup,Brushes,Top 25,Active,650,9,7,,3,2224,BGR North,2,1,,50,3,56.1,,
2025-04,OL1074,LS-GALLERIA NOIDA 8,Lifestyle,Department Store,Noida,Uttar Pradesh,North,SKU40951,Sunscreen Gel Spf 50 70Ml,Renee,Skincare,Sunscreen,Top 25,Active,999,6,6,,2,2279,BGR North,3,2,,45,3,56.1,,
2025-04,OL1074,LS-GALLERIA NOIDA 8,Lifestyle,Department Store,Noida,Uttar Pradesh,North,SKU41048,Face Wash Ocean 20Ml,Renee,Skincare,Cleanser,Others,Active,349,6,7,,2,796,BGR North,3,3,,45,3,56.1,,
2025-04,OL1074,LS-GALLERIA NOIDA 8,Lifestyle,Department Store,Noida,Uttar Pradesh,North,SKU41129,Face Wash Vanilla 40Ml,Renee,Skincare,Cleanser,Others,Active,299,2,4,,2,682,BGR North,6,4,,45,3,56.1,,
2025-04,OL1074,LS-GALLERIA NOIDA 8,Lifestyle,Department Store,Noida,Uttar Pradesh,North,SKU41215,Perfume Midnight 50Ml,Renee,Fragrance,EDP,Others,Active,399,8,10,,4,1821,BGR North,7,6,,55,3,56.1,,
2025-04,OL1074,LS-GALLERIA NOIDA 8,Lifestyle,Department Store,Noida,Uttar Pradesh,North,SKU41295,Perfume Rose 50Ml,Renee,Fragrance,EDP,Top 25,Active,599,4,5,,4,2733,BGR North,8,5,,55,3,56.1,,
2025-04,OL1074,LS-GALLERIA NOIDA 8,Lifestyle,Department Store,Noida,Uttar Pradesh,North,SKU41536,Body Mist Nude 100Ml,Renee,Fragrance,Body Mist,Top 25,Active,349,9,19,,9,3583,BGR North,19,19,,55,3,56.1,,
2025-04,OL1074,LS-GALLERIA NOIDA 8,Lifestyle,Department Store,Noida,Uttar Pradesh,North,SKU41608,Hair Oil Berry 100Ml,Renee,Haircare,Hair Oil,Others,Active,449,0,2,,0,0,BGR North,3,2,,35,3,56.1,,
2025-04,OL1075,LS-INORBIT NEW DELHI 9,Lifestyle,Department Store,New Delhi,Delhi,North,SKU40078,Matte Lip Color Rose 4.2Ml,Renee,Makeup,Lipstick,Top 25,Active,650,12,15,,6,4673,BGR North,12,9,,50,4,74.2,,
2025-04,OL1075,LS-INORBIT NEW DELHI 9,Lifestyle,Department Store,New Delhi,Delhi,North,SKU40108,Matte Lip Color Peach 4.2Ml,Renee,Makeup,Lipstick,Top 10,Active,650,8,10,,4,3115,BGR North,6,6,,50,4,74.2,,
2025-04,OL1075,LS-INORBIT NEW DELHI 9,Lifestyle,Department Store,New Delhi,Delhi,North,SKU40127,Matte Lip Color Coral 4.2Ml,Renee,Makeup,Lipstick,Top 25,Active,499,6,11,,6,3587,BGR North,12,11,,50,4,74.2,,
2025-04,OL1075,LS-INORBIT NEW DELHI 9,Lifestyle,Department Store,New Delhi,Delhi,North,SKU40281,Midnight Eyeliner Berry 2.5Ml,Renee,Makeup,Eyeliner,Others,Active,299,9,7,,3,1075,BGR North,2,1,,50,4,74.2,,
2025-04,OL1075,LS-INORBIT NEW DELHI 9,Lifestyle,Department Store,New Delhi,Delhi,North,SKU40318,Midnight Eyeliner Hazelnut 2.5Ml,Renee,Makeup,Eyeliner,Others,Active,650,3,4,,3,2336,BGR North,6,4,,50,4,74.2,,
2025-04,OL1075,LS-INORBIT NEW DELHI 9,Lifestyle,Department Store,New Delhi,Delhi,North,SKU40381,Midnight Eyeliner Ocean 2.5Ml,Renee,Makeup,Eyeliner,Top 25,Active,699,6,7,,6,5025,BGR North,10,7,,50,4,74.2,,
2025-04,OL1075,LS-INORBIT NEW DELHI 9,Lifestyle,Department Store,New Delhi,Delhi,North,SKU40425,Kajal Vanilla 0.35Gm,Renee,Makeup,Eyeliner,Top 25,Active,299,24,20,,8,2866,BGR North,6,4,,50,4,74.2,,
2025-04,OL1075,LS-INORBIT NEW DELHI 9,Lifestyle,Department Store,New Delhi,Delhi,North,SKU40490,Kajal Midnight 0.35Gm,Renee,Makeup,Eyeliner,Top 10,Active,599,24,0,,12,8613,BGR North,14,11,,50,4,74.2,,
2025-04,OL1075,LS-INORBIT NEW DELHI 9,Lifestyle,Department Store,New Delhi,Delhi,North,SKU40588,Bb Cream Coral 30Ml,Renee,Makeup,Foundation,Top 10,Active,349,42,40,,14,5854,BGR North,12,12,,50,4,74.2,,
2025-04,OL1075,LS-INORBIT NEW DELHI 9,Lifestyle,Department Store,New Delhi,Delhi,North,SKU40662,Compact Powder Nude 9Gm,Renee,Makeup,Foundation,Top 25,Active,1199,4,4,,4,5747,BGR North,4,4,,50,4,74.2,,
2025-04,OL1075,LS-INORBIT NEW DELHI 9,Lifestyle,Department Store,New Delhi,Delhi,North,SKU40722,Compact Powder Berry 9Gm,Renee,Makeup,Foundation,Top 10,Active,799,10,13,,5,4787,BGR North,8,8,,50,4,74.2,,
2025-04,OL1075,LS-INORBIT NEW DELHI 9,Lifestyle,Department Store,New Delhi,Delhi,North,SKU40836,Blending Brush R4,Renee,Makeup,Brushes,Top 10,Active,1199,30,34,,10,14366,BGR North,14,14,,50,4,74.2,,
2025-04,OL1075,LS-INORBIT NEW DELHI 9,Lifestyle,Department Store,New Delhi,Delhi,North,SKU40850,Powder Brush R8,Renee,Makeup,Brushes,Top 25,Active,650,18,19,,6,4673,BGR North,8,7,,50,4,74.2,,
2025-04,OL1075,LS-INORBIT NEW DELHI 9,Lifestyle,Department Store,New Delhi,Delhi,North,SKU40928,Powder Brush R4,Renee,Makeup,Brushes,Top 25,Active,650,4,6,,2,1558,BGR North,5,4,,50,4,74.2,,
2025-04,OL1075,LS-INORBIT NEW DELHI 9,Lifestyle,Department Store,New Delhi,Delhi,North,SKU40972,Sunscreen Gel Spf 50 70Ml,Renee,Skincare,Sunscreen,Top 25,Active,599,3,3,,3,2153,BGR North,4,3,,45,4,74.2,,
2025-04,OL1075,LS-INORBIT NEW DELHI 9,Lifestyle,Department Store,New Delhi,Delhi,North,SKU41024,Vitamin C Serum 30Ml,Renee,Skincare,Serum,Others,Active,449,2,16,,2,1076,BGR North,4,3,,45,4,74.2,,
2025-04,OL1075,LS-INORBIT NEW DELHI 9,Lifestyle,Department Store,New Delhi,Delhi,North,SKU41129,Face Wash Vanilla 40Ml,Renee,Skincare,Cleanser,Others,Active,299,12,14,,4,1433,BGR North,7,6,,45,4,74.2,,
2025-04,OL1075,LS-INORBIT NEW DELHI 9,Lifestyle,Department Store,New Delhi,Delhi,North,SKU41295,Perfume Rose 50Ml,Renee,Fragrance,EDP,Top 25,Active,599,12,16,,4,2871,BGR North,9,8,,55,4,74.2,,
2025-04,OL1075,LS-INORBIT NEW DELHI 9,Lifestyle,Department Store,New Delhi,Delhi,North,SKU41420,Body Mist Coral 100Ml,Renee,Fragrance,Body Mist,Top 25,Active,399,9,9,,3,1434,BGR North,4,3,,55,4,74.2,,
2025-04,OL1075,LS-INORBIT NEW DELHI 9,Lifestyle,Department Store,New Delhi,Delhi,North,SKU41476,Body Mist Mocha 100Ml,Renee,Fragrance,Body Mist,Top 10,Active,799,30,28,,10,9574,BGR North,12,8,,55,4,74.2,,
2025-04,OL1075,LS-INORBIT NEW DELHI 9,Lifestyle,Department Store,New Delhi,Delhi,North,SKU41536,Body Mist Nude 100Ml,Renee,Fragrance,Body Mist,Top 25,Active,349,27,34,,9,3764,BGR North,16,16,,55,4,74.2,,
2025-04,OL1075,LS-INORBIT NEW DELHI 9,Lifestyle,Department Store,New Delhi,Delhi,North,SKU41647,Hair Oil Hazelnut 100Ml,Renee,Haircare,Hair Oil,Others,Active,799,1,1,,1,957,BGR North,2,1,,35,4,74.2,,
2025-04,OL1076,LS-SELECT JAIPUR 10,Lifestyle,Department Store,Jaipur,Rajasthan,North,SKU40318,Midnight Eyeliner Hazelnut 2.5Ml,Renee,Makeup,Eyeliner,Others,Active,650,4,7,,2,1273,BGR North,5,5,,50,2,53.8,,
2025-04,OL1076,LS-SELECT JAIPUR 10,Lifestyle,Department Store,Jaipur,Rajasthan,North,SKU40381,Midnight Eyeliner Ocean 2.5Ml,Renee,Makeup,Eyeliner,Top 25,Active,699,12,12,,4,2738,BGR North,7,4,,50,2,53.8,,
2025-04,OL1076,LS-SELECT JAIPUR 10,Lifestyle,Department Store,Jaipur,Rajasthan,North,SKU40490,Kajal Midnight 0.35Gm,Renee,Makeup,Eyeliner,Top 10,Active,599,12,15,,4,2346,BGR North,9,7,,50,2,53.8,,
2025-04,OL1076,LS-SELECT JAIPUR 10,Lifestyle,Department Store,Jaipur,Rajasthan,North,SKU40544,Bb Cream Peach 30Ml,Renee,Makeup,Foundation,Top 10,Active,599,15,17,,5,2933,BGR North,7,7,,50,2,53.8,,
2025-04,OL1076,LS-SELECT JAIPUR 10,Lifestyle,Department Store,Jaipur,Rajasthan,North,SKU40595,Compact Powder Mocha 9Gm,Renee,Makeup,Foundation,Top 10,Active,449,16,0,,8,3517,BGR North,16,16,,50,2,53.8,,
2025-04,OL1076,LS-SELECT JAIPUR 10,Lifestyle,Department Store,Jaipur,Rajasthan,North,SKU40662,Compact Powder Nude 9Gm,Renee,Makeup,Foundation,Top 25,Active,1199,9,10,,3,3522,BGR North,5,4,,50,2,53.8,,
2025-04,OL1076,LS-SELECT JAIPUR 10,Lifestyle,Department Store,Jaipur,Rajasthan,North,SKU40722,Compact Powder Berry 9Gm,Renee,Makeup,Foundation,Top 10,Active,799,4,5,,2,1565,BGR North,4,3,,50,2,53.8,,
2025-04,OL1076,LS-SELECT JAIPUR 10,Lifestyle,Department Store,Jaipur,Rajasthan,North,SKU40763,Blending Brush R6,Renee,Makeup,Brushes,Others,Active,349,8,12,,4,1367,BGR North,8,8,,50,2,53.8,,
2025-04,OL1076,LS-SELECT JAIPUR 10,Lifestyle,Department Store,Jaipur,Rajasthan,North,SKU40836,Blending Brush R4,Renee,Makeup,Brushes,Top 10,Active,1199,16,14,,8,9392,BGR North,9,6,,50,2,53.8,,
2025-04,OL1076,LS-SELECT JAIPUR 10,Lifestyle,Department Store,Jaipur,Rajasthan,North,SKU40928,Powder Brush R4,Renee,Makeup,Brushes,Top 25,Active,650,6,15,,2,1273,BGR North,4,4,,50,2,53.8,,
2025-04,OL1076,LS-SELECT JAIPUR 10,Lifestyle,Department Store,Jaipur,Rajasthan,North,SKU40951,Sunscreen Gel Spf 50 70Ml,Renee,Skincare,Sunscreen,Top 25,Active,999,1,2,,1,978,BGR North,3,2,,45,2,53.8,,
2025-04,OL1076,LS-SELECT JAIPUR 10,Lifestyle,Department Store,Jaipur,Rajasthan,North,SKU41024,Vitamin C Serum 30Ml,Renee,Skincare,Serum,Others,Active,449,3,2,,1,440,BGR North,1,0,,45,2,53.8,,
2025-04,OL1076,LS-SELECT JAIPUR 10,Lifestyle,Department Store,Jaipur,Rajasthan,North,SKU41048,Face Wash Ocean 20Ml,Renee,Skincare,Cleanser,Others,Active,349,15,0,,5,1709,BGR North,5,5,,45,2,53.8,,
2025-04,OL1076,LS-SELECT JAIPUR 10,Lifestyle,Department Store,Jaipur,Rajasthan,North,SKU41129,Face Wash Vanilla 40Ml,Renee,Skincare,Cleanser,Others,Active,299,3,0,,3,878,BGR North,3,2,,45,2,53.8,,
2025-04,OL1076,LS-SELECT JAIPUR 10,Lifestyle,Department Store,Jaipur,Rajasthan,North,SKU41295,Perfume Rose 50Ml,Renee,Fragrance,EDP,Top 25,Active,599,3,3,,3,1760,BGR North,4,3,,55,2,53.8,,
2025-04,OL1076,LS-SELECT JAIPUR 10,Lifestyle,Department Store,Jaipur,Rajasthan,North,SKU41476,Body Mist Mocha 100Ml,Renee,Fragrance,Body Mist,Top 10,Active,799,18,18,,6,4694,BGR North,6,6,,55,2,53.8,,
2025-04,OL1077,LS-PHOENIX LUCKNOW 11,Lifestyle,Department Store,Lucknow,Uttar Pradesh,North,SKU40108,Matte Lip Color Peach 4.2Ml,Renee,Makeup,Lipstick,Top 10,Active,650,6,8,,2,1449,BGR North,5,4,,50,2,73.4,,
2025-04,OL1077,LS-PHOENIX LUCKNOW 11,Lifestyle,Department Store,Lucknow,Uttar Pradesh,North,SKU40127,Matte Lip Color Coral 4.2Ml,Renee,Makeup,Lipstick,Top 25,Active,499,12,13,,4,2225,BGR North,5,5,,50,2,73.4,,
2025-04,OL1077,LS-PHOENIX LUCKNOW 11,Lifestyle,Department Store,Lucknow,Uttar Pradesh,North,SKU40266,Liquid Lipstick Nude 5Ml,Renee,Makeup,Lipstick,Top 10,Active,799,8,8,,4,3563,BGR North,6,4,,50,2,73.4,,
2025-04,OL1077,LS-PHOENIX LUCKNOW 11,Lifestyle,Department Store,Lucknow,Uttar Pradesh,North,SKU40318,Midnight Eyeliner Hazelnut 2.5Ml,Renee,Makeup,Eyeliner,Others,Active,650,3,7,,3,2174,BGR North,7,7,,50,2,73.4,,
2025-04,OL1077,LS-PHOENIX LUCKNOW 11,Lifestyle,Department Store,Lucknow,Uttar Pradesh,North,SKU40381,Midnight Eyeliner Ocean 2.5Ml,Renee,Makeup,Eyeliner,Top 25,Active,699,9,13,,3,2338,BGR North,8,7,,50,2,73.4,,
2025-04,OL1077,LS-PHOENIX LUCKNOW 11,Lifestyle,Department Store,Lucknow,Uttar Pradesh,North,SKU40490,Kajal Midnight 0.35Gm,Renee,Makeup,Eyeliner,Top 10,Active,599,12,16,,4,2671,BGR North,8,8,,50,2,73.4,,
2025-04,OL1077,LS-PHOENIX LUCKNOW 11,Lifestyle,Department Store,Lucknow,Uttar Pradesh,North,SKU40544,Bb Cream Peach 30Ml,Renee,Makeup,Foundation,Top 10,Active,599,12,13,,4,2671,BGR North,5,5,,50,2,73.4,,
2025-04,OL1077,LS-PHOENIX LUCKNOW 11,Lifestyle,Department Store,Lucknow,Uttar Pradesh,North,SKU40588,Bb Cream Coral 30Ml,Renee,Makeup,Foundation,Top 10,Active,349,4,4,,4,1556,BGR North,4,4,,50,2,73.4,,
2025-04,OL1077,LS-PHOENIX LUCKNOW 11,Lifestyle,Department Store,Lucknow,Uttar Pradesh,North,SKU40595,Compact Powder Mocha 9Gm,Renee,Makeup,Foundation,Top 10,Active,449,6,5,,2,1001,BGR North,2,1,,50,2,73.4,,
2025-04,OL1077,LS-PHOENIX LUCKNOW 11,Lifestyle,Department Store,Lucknow,Uttar Pradesh,North,SKU40662,Compact Powder Nude 9Gm,Renee,Makeup,Foundation,Top 25,Active,1199,9,10,,3,4010,BGR North,4,4,,50,2,73.4,,
2025-04,OL1077,LS-PHOENIX LUCKNOW 11,Lifestyle,Department Store,Lucknow,Uttar Pradesh,North,SKU40722,Compact Powder Berry 9Gm,Renee,Makeup,Foundation,Top 10,Active,799,6,8,,2,1781,BGR North,6,4,,50,2,73.4,,
2025-04,OL1077,LS-PHOENIX LUCKNOW 11,Lifestyle,Department Store,Lucknow,Uttar Pradesh,North,SKU40763,Blending Brush R6,Renee,Makeup,Brushes,Others,Active,349,6,9,,3,1167,BGR North,7,6,,50,2,73.4,,
2025-04,OL1077,LS-PHOENIX LUCKNOW 11,Lifestyle,Department Store,Lucknow,Uttar Pradesh,North,SKU40928,Powder Brush R4,Renee,Makeup,Brushes,Top 25,Active,650,6,9,,3,2174,BGR North,6,6,,50,2,73.4,,
2025-04,OL1077,LS-PHOENIX LUCKNOW 11,Lifestyle,Department Store,Lucknow,Uttar Pradesh,North,SKU40972,Sunscreen Gel Spf 50 70Ml,Renee,Skincare,Sunscreen,Top 25,Active,599,1,1,,1,668,BGR North,2,1,,45,2,73.4,,
2025-04,OL1077,LS-PHOENIX LUCKNOW 11,Lifestyle,Department Store,Lucknow,Uttar Pradesh,North,SKU40979,Sunscreen Gel Spf 50 50Ml,Renee,Skincare,Sunscreen,Top 25,Active,799,1,2,,1,891,BGR North,3,2,,45,2,73.4,,
2025-04,OL1077,LS-PHOENIX LUCKNOW 11,Lifestyle,Department Store,Lucknow,Uttar Pradesh,North,SKU41048,Face Wash Ocean 20Ml,Renee,Skincare,Cleanser,Others,Active,349,9,10,,3,1167,BGR North,5,4,,45,2,73.4,,
2025-04,OL1077,LS-PHOENIX LUCKNOW 11,Lifestyle,Department Store,Lucknow,Uttar Pradesh,North,SKU41476,Body Mist Mocha 100Ml,Renee,Fragrance,Body Mist,Top 10,Active,799,3,3,,1,891,BGR North,2,1,,55,2,73.4,,
2025-04,OL1078,LS-GALLERIA BHUBANESWAR 12,Lifestyle,Department Store,Bhubaneswar,Odisha,East,SKU40078,Matte Lip Color Rose 4.2Ml,Renee,Makeup,Lipstick,Top 25,Active,650,3,18,,3,1906,BGR East,6,6,,50,3,49.1,,
2025-04,OL1078,LS-GALLERIA BHUBANESWAR 12,Lifestyle,Department Store,Bhubaneswar,Odisha,East,SKU40108,Matte Lip Color Peach 4.2Ml,Renee,Makeup,Lipstick,Top 10,Active,650,4,3,,4,2541,BGR East,5,3,,50,3,49.1,,
2025-04,OL1078,LS-GALLERIA BHUBANESWAR 12,Lifestyle,Department Store,Bhubaneswar,Odisha,East,SKU40266,Liquid Lipstick Nude 5Ml,Renee,Makeup,Lipstick,Top 10,Active,799,6,7,,3,2343,BGR East,6,4,,50,3,49.1,,
2025-04,OL1078,LS-GALLERIA BHUBANESWAR 12,Lifestyle,Department Store,Bhubaneswar,Odisha,East,SKU40281,Midnight Eyeliner Berry 2.5Ml,Renee,Makeup,Eyeliner,Others,Active,299,9,10,,3,877,BGR East,5,4,,50,3,49.1,,
2025-04,OL1078,LS-GALLERIA BHUBANESWAR 12,Lifestyle,Department Store,Bhubaneswar,Odisha,East,SKU40425,Kajal Vanilla 0.35Gm,Renee,Makeup,Eyeliner,Top 25,Active,299,0,2,,0,0,BGR East,3,2,,50,3,49.1,,
2025-04,OL1078,LS-GALLERIA BHUBANESWAR 12,Lifestyle,Department Store,Bhubaneswar,Odisha,East,SKU40588,Bb Cream Coral 30Ml,Renee,Makeup,Foundation,Top 10,Active,349,24,27,,8,2729,BGR East,11,11,,50,3,49.1,,
2025-04,OL1078,LS-GALLERIA BHUBANESWAR 12,Lifestyle,Department Store,Bhubaneswar,Odisha,East,SKU40595,Compact Powder Mocha 9Gm,Renee,Makeup,Foundation,Top 10,Active,449,8,0,,4,1755,BGR East,7,6,,50,3,49.1,,
2025-04,OL1078,LS-GALLERIA BHUBANESWAR 12,Lifestyle,Department Store,Bhubaneswar,Odisha,East,SKU40662,Compact Powder Nude 9Gm,Renee,Makeup,Foundation,Top 25,Active,1199,1,2,,1,1172,BGR East,3,2,,50,3,49.1,,
2025-04,OL1078,LS-GALLERIA BHUBANESWAR 12,Lifestyle,Department Store,Bhubaneswar,Odisha,East,SKU40722,Compact Powder Berry 9Gm,Renee,Makeup,Foundation,Top 10,Active,799,3,8,,3,2343,BGR East,8,8,,50,3,49.1,,
2025-04,OL1078,LS-GALLERIA BHUBANESWAR 12,Lifestyle,Department Store,Bhubaneswar,Odisha,East,SKU40763,Blending Brush R6,Renee,Makeup,Brushes,Others,Active,349,6,7,,2,682,BGR East,3,3,,50,3,49.1,,
2025-04,OL1078,LS-GALLERIA BHUBANESWAR 12,Lifestyle,Department Store,Bhubaneswar,Odisha,East,SKU40836,Blending Brush R4,Renee,Makeup,Brushes,Top 10,Active,1199,6,6,,3,3516,BGR East,4,3,,50,3,49.1,,
2025-04,OL1078,LS-GALLERIA BHUBANESWAR 12,Lifestyle,Department Store,Bhubaneswar,Odisha,East,SKU40979,Sunscreen Gel Spf 50 50Ml,Renee,Skincare,Sunscreen,Top 25,Active,799,2,3,,2,1562,BGR East,3,3,,45,3,49.1,,
2025-04,OL1078,LS-GALLERIA BHUBANESWAR 12,Lifestyle,Department Store,Bhubaneswar,Odisha,East,SKU41048,Face Wash Ocean 20Ml,Renee,Skincare,Cleanser,Others,Active,349,4,7,,2,682,BGR East,6,5,,45,3,49.1,,
2025-04,OL1078,LS-GALLERIA BHUBANESWAR 12,Lifestyle,Department Store,Bhubaneswar,Odisha,East,SKU41295,Perfume Rose 50Ml,Renee,Fragrance,EDP,Top 25,Active,599,2,0,,2,1171,BGR East,1,0,,55,3,49.1,,
2025-04,OL1078,LS-GALLERIA BHUBANESWAR 12,Lifestyle,Department Store,Bhubaneswar,Odisha,East,SKU41420,Body Mist Coral 100Ml,Renee,Fragrance,Body Mist,Top 25,Active,399,6,7,,2,780,BGR East,5,3,,55,3,49.1,,
2025-04,OL1078,LS-GALLERIA BHUBANESWAR 12,Lifestyle,Department Store,Bhubaneswar,Odisha,East,SKU41536,Body Mist Nude 100Ml,Renee,Fragrance,Body Mist,Top 25,Active,349,6,6,,3,1023,BGR East,4,3,,55,3,49.1,,
2025-04,OL1078,LS-GALLERIA BHUBANESWAR 12,Lifestyle,Department Store,Bhubaneswar,Odisha,East,SKU41608,Hair Oil Berry 100Ml,Renee,Haircare,Hair Oil,Others,Active,449,2,3,,2,878,BGR East,3,3,,35,3,49.1,,
2025-04,OL1079,LS-PHOENIX CHANDIGARH 13,Lifestyle,Department Store,Chandigarh,Punjab,North,SKU40078,Matte Lip Color Rose 4.2Ml,Renee,Makeup,Lipstick,Top 25,Active,650,9,10,,3,2112,BGR North,5,4,,50,4,57.3,,
2025-04,OL1079,LS-PHOENIX CHANDIGARH 13,Lifestyle,Department Store,Chandigarh,Punjab,North,SKU40266,Liquid Lipstick Nude 5Ml,Renee,Makeup,Lipstick,Top 10,Active,799,12,12,,6,5192,BGR North,9,6,,50,4,57.3,,
2025-04,OL1079,LS-PHOENIX CHANDIGARH 13,Lifestyle,Department Store,Chandigarh,Punjab,North,SKU40281,Midnight Eyeliner Berry 2.5Ml,Renee,Makeup,Eyeliner,Others,Active,299,3,4,,3,972,BGR North,6,4,,50,4,57.3,,
2025-04,OL1079,LS-PHOENIX CHANDIGARH 13,Lifestyle,Department Store,Chandigarh,Punjab,North,SKU40381,Midnight Eyeliner Ocean 2.5Ml,Renee,Makeup,Eyeliner,Top 25,Active,699,6,7,,3,2271,BGR North,7,4,,50,4,57.3,,
2025-04,OL1079,LS-PHOENIX CHANDIGARH 13,Lifestyle,Department Store,Chandigarh,Punjab,North,SKU40490,Kajal Midnight 0.35Gm,Renee,Makeup,Eyeliner,Top 10,Active,599,12,11,,4,2595,BGR North,5,3,,50,4,57.3,,
2025-04,OL1079,LS-PHOENIX CHANDIGARH 13,Lifestyle,Department Store,Chandigarh,Punjab,North,SKU40544,Bb Cream Peach 30Ml,Renee,Makeup,Foundation,Top 10,Active,599,27,34,,9,5839,BGR North,16,16,,50,4,57.3,,
2025-04,OL1079,LS-PHOENIX CHANDIGARH 13,Lifestyle,Department Store,Chandigarh,Punjab,North,SKU40588,Bb Cream Coral 30Ml,Renee,Makeup,Foundation,Top 10,Active,349,8,9,,8,3024,BGR North,13,9,,50,4,57.3,,
2025-04,OL1079,LS-PHOENIX CHANDIGARH 13,Lifestyle,Department Store,Chandigarh,Punjab,North,SKU40595,Compact Powder Mocha 9Gm,Renee,Makeup,Foundation,Top 10,Active,449,27,32,,9,4377,BGR North,14,14,,50,4,57.3,,
2025-04,OL1079,LS-PHOENIX CHANDIGARH 13,Lifestyle,Department Store,Chandigarh,Punjab,North,SKU40722,Compact Powder Berry 9Gm,Renee,Makeup,Foundation,Top 10,Active,799,4,6,,2,1731,BGR North,4,4,,50,4,57.3,,
2025-04,OL1079,LS-PHOENIX CHANDIGARH 13,Lifestyle,Department Store,Chandigarh,Punjab,North,SKU40836,Blending Brush R4,Renee,Makeup,Brushes,Top 10,Active,1199,10,13,,10,12986,BGR North,17,13,,50,4,57.3,,
2025-04,OL1079,LS-PHOENIX CHANDIGARH 13,Lifestyle,Department Store,Chandigarh,Punjab,North,SKU40928,Powder Brush R4,Renee,Makeup,Brushes,Top 25,Active,650,3,26,,3,2112,BGR North,3,2,,50,4,57.3,,
2025-04,OL1079,LS-PHOENIX CHANDIGARH 13,Lifestyle,Department Store,Chandigarh,Punjab,North,SKU40951,Sunscreen Gel Spf 50 70Ml,Renee,Skincare,Sunscreen,Top 25,Active,999,3,5,,3,3246,BGR North,5,5,,45,4,57.3,,
2025-04,OL1079,LS-PHOENIX CHANDIGARH 13,Lifestyle,Department Store,Chandigarh,Punjab,North,SKU40972,Sunscreen Gel Spf 50 70Ml,Renee,Skincare,Sunscreen,Top 25,Active,599,9,11,,3,1946,BGR North,6,5,,45,4,57.3,,
2025-04,OL1079,LS-PHOENIX CHANDIGARH 13,Lifestyle,Department Store,Chandigarh,Punjab,North,SKU40979,Sunscreen Gel Spf 50 50Ml,Renee,Skincare,Sunscreen,Top 25,Active,799,9,18,,3,2596,BGR North,8,8,,45,4,57.3,,
2025-04,OL1079,LS-PHOENIX CHANDIGARH 13,Lifestyle,Department Store,Chandigarh,Punjab,North,SKU41032,Face Wash Hazelnut 60Ml,Renee,Skincare,Cleanser,Others,Active,499,3,4,,1,540,BGR North,3,2,,45,4,57.3,,
2025-04,OL1079,LS-PHOENIX CHANDIGARH 13,Lifestyle,Department Store,Chandigarh,Punjab,North,SKU41295,Perfume Rose 50Ml,Renee,Fragrance,EDP,Top 25,Active,599,12,14,,6,3893,BGR North,8,8,,55,4,57.3,,
2025-04,OL1079,LS-PHOENIX CHANDIGARH 13,Lifestyle,Department Store,Chandigarh,Punjab,North,SKU41420,Body Mist Coral 100Ml,Renee,Fragrance,Body Mist,Top 25,Active,399,12,13,,4,1729,BGR North,7,5,,55,4,57.3,,
2025-04,OL1079,LS-PHOENIX CHANDIGARH 13,Lifestyle,Department Store,Chandigarh,Punjab,North,SKU41536,Body Mist Nude 100Ml,Renee,Fragrance,Body Mist,Top 25,Active,349,6,8,,6,2268,BGR North,9,8,,55,4,57.3,,
2025-04,OL1080,LS-NEXUS CHANDIGARH 14,Lifestyle,Department Store,Chandigarh,Punjab,North,SKU40108,Matte Lip Color Peach 4.2Ml,Renee,Makeup,Lipstick,Top 10,Active,650,4,3,,2,1378,BGR North,2,1,,50,3,78.6,,
2025-04,OL1080,LS-NEXUS CHANDIGARH 14,Lifestyle,Department Store,Chandigarh,Punjab,North,SKU40127,Matte Lip Color Coral 4.2Ml,Renee,Makeup,Lipstick,Top 25,Active,499,2,4,,2,1058,BGR North,6,4,,50,3,78.6,,
2025-04,OL1080,LS-NEXUS CHANDIGARH 14,Lifestyle,Department Store,Chandigarh,Punjab,North,SKU40381,Midnight Eyeliner Ocean 2.5Ml,Renee,Makeup,Eyeliner,Top 25,Active,699,9,11,,3,2223,BGR North,5,5,,50,3,78.6,,
2025-04,OL1080,LS-NEXUS CHANDIGARH 14,Lifestyle,Department Store,Chandigarh,Punjab,North,SKU40425,Kajal Vanilla 0.35Gm,Renee,Makeup,Eyeliner,Top 25,Active,299,24,23,,12,3803,BGR North,14,11,,50,3,78.6,,
2025-04,OL1080,LS-NEXUS CHANDIGARH 14,Lifestyle,Department Store,Chandigarh,Punjab,North,SKU40544,Bb Cream Peach 30Ml,Renee,Makeup,Foundation,Top 10,Active,599,9,12,,9,5714,BGR North,16,12,,50,3,78.6,,
2025-04,OL1080,LS-NEXUS CHANDIGARH 14,Lifestyle,Department Store,Chandigarh,Punjab,North,SKU40662,Compact Powder Nude 9Gm,Renee,Makeup,Foundation,Top 25,Active,1199,3,5,,3,3813,BGR North,5,5,,50,3,78.6,,
2025-04,OL1080,LS-NEXUS CHANDIGARH 14,Lifestyle,Department Store,Chandigarh,Punjab,North,SKU40722,Compact Powder Berry 9Gm,Renee,Makeup,Foundation,Top 10,Active,799,4,4,,2,1694,BGR North,2,2,,50,3,78.6,,
2025-04,OL1080,LS-NEXUS CHANDIGARH 14,Lifestyle,Department Store,Chandigarh,Punjab,North,SKU40763,Blending Brush R6,Renee,Makeup,Brushes,Others,Active,349,1,0,,1,370,BGR North,1,0,,50,3,78.6,,
2025-04,OL1080,LS-NEXUS CHANDIGARH 14,Lifestyle,Department Store,Chandigarh,Punjab,North,SKU40928,Powder Brush R4,Renee,Makeup,Brushes,Top 25,Active,650,8,8,,4,2756,BGR North,7,4,,50,3,78.6,,
2025-04,OL1080,LS-NEXUS CHANDIGARH 14,Lifestyle,Department Store,Chandigarh,Punjab,North,SKU40951,Sunscreen Gel Spf 50 70Ml,Renee,Skincare,Sunscreen,Top 25,Active,999,2,1,,2,2118,BGR North,2,1,,45,3,78.6,,
2025-04,OL1080,LS-NEXUS CHANDIGARH 14,Lifestyle,Department Store,Chandigarh,Punjab,North,SKU40972,Sunscreen Gel Spf 50 70Ml,Renee,Skincare,Sunscreen,Top 25,Active,599,8,11,,4,2540,BGR North,9,7,,45,3,78.6,,
2025-04,OL1080,LS-NEXUS CHANDIGARH 14,Lifestyle,Department Store,Chandigarh,Punjab,North,SKU41048,Face Wash Ocean 20Ml,Renee,Skincare,Cleanser,Others,Active,349,3,8,,3,1110,BGR North,8,8,,45,3,78.6,,
2025-04,OL1080,LS-NEXUS CHANDIGARH 14,Lifestyle,Department Store,Chandigarh,Punjab,North,SKU41129,Face Wash Vanilla 40Ml,Renee,Skincare,Cleanser,Others,Active,299,9,13,,3,951,BGR North,7,7,,45,3,78.6,,
2025-04,OL1080,LS-NEXUS CHANDIGARH 14,Lifestyle,Department Store,Chandigarh,Punjab,North,SKU41295,Perfume Rose 50Ml,Renee,Fragrance,EDP,Top 25,Active,599,12,12,,4,2540,BGR North,5,4,,55,3,78.6,,
2025-04,OL1080,LS-NEXUS CHANDIGARH 14,Lifestyle,Department Store,Chandigarh,Punjab,North,SKU41476,Body Mist Mocha 100Ml,Renee,Fragrance,Body Mist,Top 10,Active,799,8,27,,4,3388,BGR North,4,3,,55,3,78.6,,
2025-04,OL1080,LS-NEXUS CHANDIGARH 14,Lifestyle,Department Store,Chandigarh,Punjab,North,SKU41608,Hair Oil Berry 100Ml,Renee,Haircare,Hair Oil,Others,Active,449,3,4,,3,1428,BGR North,6,4,,35,3,78.6,,
2025-04,OL1081,LS-PHOENIX BANGALORE 15,Lifestyle,Department Store,Bangalore,Karnataka,South,SKU40078,Matte Lip Color Rose 4.2Ml,Renee,Makeup,Lipstick,Top 25,Active,650,3,4,,3,2132,BGR South,6,4,,50,3,87.7,,
2025-04,OL1081,LS-PHOENIX BANGALORE 15,Lifestyle,Department Store,Bangalore,Karnataka,South,SKU40127,Matte Lip Color Coral 4.2Ml,Renee,Makeup,Lipstick,Top 25,Active,499,3,3,,3,1637,BGR South,3,3,,50,3,87.7,,
2025-04,OL1081,LS-PHOENIX BANGALORE 15,Lifestyle,Department Store,Bangalore,Karnataka,South,SKU40318,Midnight Eyeliner Hazelnut 2.5Ml,Renee,Makeup,Eyeliner,Others,Active,650,8,10,,4,2843,BGR South,7,6,,50,3,87.7,,
2025-04,OL1081,LS-PHOENIX BANGALORE 15,Lifestyle,Department Store,Bangalore,Karnataka,South,SKU40381,Midnight Eyeliner Ocean 2.5Ml,Renee,Makeup,Eyeliner,Top 25,Active,699,6,0,,2,1529,BGR South,1,0,,50,3,87.7,,
2025-04,OL1081,LS-PHOENIX BANGALORE 15,Lifestyle,Department Store,Bangalore,Karnataka,South,SKU40490,Kajal Midnight 0.35Gm,Renee,Makeup,Eyeliner,Top 10,Active,599,4,4,,2,1310,BGR South,2,2,,50,3,87.7,,
2025-04,OL1081,LS-PHOENIX BANGALORE 15,Lifestyle,Department Store,Bangalore,Karnataka,South,SKU40595,Compact Powder Mocha 9Gm,Renee,Makeup,Foundation,Top 10,Active,449,8,11,,4,1964,BGR South,9,7,,50,3,87.7,,
2025-04,OL1081,LS-PHOENIX BANGALORE 15,Lifestyle,Department Store,Bangalore,Karnataka,South,SKU40662,Compact Powder Nude 9Gm,Renee,Makeup,Foundation,Top 25,Active,1199,6,6,,2,2622,BGR South,3,2,,50,3,87.7,,
2025-04,OL1081,LS-PHOENIX BANGALORE 15,Lifestyle,Department Store,Bangalore,Karnataka,South,SKU40763,Blending Brush R6,Renee,Makeup,Brushes,Others,Active,349,12,17,,4,1526,BGR South,9,9,,50,3,87.7,,
2025-04,OL1081,LS-PHOENIX BANGALORE 15,Lifestyle,Department Store,Bangalore,Karnataka,South,SKU40951,Sunscreen Gel Spf 50 70Ml,Renee,Skincare,Sunscreen,Top 25,Active,999,3,4,,3,3277,BGR South,4,4,,45,3,87.7,,
2025-04,OL1081,LS-PHOENIX BANGALORE 15,Lifestyle,Department Store,Bangalore,Karnataka,South,SKU40972,Sunscreen Gel Spf 50 70Ml,Renee,Skincare,Sunscreen,Top 25,Active,599,4,6,,2,1310,BGR South,5,4,,45,3,87.7,,
2025-04,OL1081,LS-PHOENIX BANGALORE 15,Lifestyle,Department Store,Bangalore,Karnataka,South,SKU40979,Sunscreen Gel Spf 50 50Ml,Renee,Skincare,Sunscreen,Top 25,Active,799,12,11,,4,3494,BGR South,5,3,,45,3,87.7,,
2025-04,OL1081,LS-PHOENIX BANGALORE 15,Lifestyle,Department Store,Bangalore,Karnataka,South,SKU41032,Face Wash Hazelnut 60Ml,Renee,Skincare,Cleanser,Others,Active,499,1,8,,1,546,BGR South,1,1,,45,3,87.7,,
2025-04,OL1081,LS-PHOENIX BANGALORE 15,Lifestyle,Department Store,Bangalore,Karnataka,South,SKU41129,Face Wash Vanilla 40Ml,Renee,Skincare,Cleanser,Others,Active,299,2,3,,2,654,BGR South,4,3,,45,3,87.7,,
2025-04,OL1081,LS-PHOENIX BANGALORE 15,Lifestyle,Department Store,Bangalore,Karnataka,South,SKU41536,Body Mist Nude 100Ml,Renee,Fragrance,Body Mist,Top 25,Active,349,6,6,,3,1145,BGR South,3,3,,55,3,87.7,,
2025-04,OL1081,LS-PHOENIX BANGALORE 15,Lifestyle,Department Store,Bangalore,Karnataka,South,SKU41647,Hair Oil Hazelnut 100Ml,Renee,Haircare,Hair Oil,Others,Active,799,2,0,,2,1747,BGR South,5,5,,35,3,87.7,,
2025-04,OL1082,LS-NEXUS BANGALORE 16,Lifestyle,Department Store,Bangalore,Karnataka,South,SKU40078,Matte Lip Color Rose 4.2Ml,Renee,Makeup,Lipstick,Top 25,Active,650,8,9,,4,2510,BGR South,8,5,,50,3,80.5,,
2025-04,OL1082,LS-NEXUS BANGALORE 16,Lifestyle,Department Store,Bangalore,Karnataka,South,SKU40281,Midnight Eyeliner Berry 2.5Ml,Renee,Makeup,Eyeliner,Others,Active,299,9,11,,3,866,BGR South,6,5,,50,3,80.5,,
2025-04,OL1082,LS-NEXUS BANGALORE 16,Lifestyle,Department Store,Bangalore,Karnataka,South,SKU40318,Midnight Eyeliner Hazelnut 2.5Ml,Renee,Makeup,Eyeliner,Others,Active,650,3,4,,3,1883,BGR South,4,4,,50,3,80.5,,
2025-04,OL1082,LS-NEXUS BANGALORE 16,Lifestyle,Department Store,Bangalore,Karnataka,South,SKU40381,Midnight Eyeliner Ocean 2.5Ml,Renee,Makeup,Eyeliner,Top 25,Active,699,24,31,,8,5399,BGR South,15,15,,50,3,80.5,,
2025-04,OL1082,LS-NEXUS BANGALORE 16,Lifestyle,Department Store,Bangalore,Karnataka,South,SKU40425,Kajal Vanilla 0.35Gm,Renee,Makeup,Eyeliner,Top 25,Active,299,8,13,,8,2309,BGR South,14,13,,50,3,80.5,,
2025-04,OL1082,LS-NEXUS BANGALORE 16,Lifestyle,Department Store,Bangalore,Karnataka,South,SKU40662,Compact Powder Nude 9Gm,Renee,Makeup,Foundation,Top 25,Active,1199,1,1,,1,1158,BGR South,2,1,,50,3,80.5,,
2025-04,OL1082,LS-NEXUS BANGALORE 16,Lifestyle,Department Store,Bangalore,Karnataka,South,SKU40722,Compact Powder Berry 9Gm,Renee,Makeup,Foundation,Top 10,Active,799,4,8,,4,3086,BGR South,8,8,,50,3,80.5,,
2025-04,OL1082,LS-NEXUS BANGALORE 16,Lifestyle,Department Store,Bangalore,Karnataka,South,SKU40763,Blending Brush R6,Renee,Makeup,Brushes,Others,Active,349,6,8,,3,1011,BGR South,5,5,,50,3,80.5,,
2025-04,OL1082,LS-NEXUS BANGALORE 16,Lifestyle,Department Store,Bangalore,Karnataka,South,SKU40928,Powder Brush R4,Renee,Makeup,Brushes,Top 25,Active,650,6,4,,3,1883,BGR South,2,1,,50,3,80.5,,
2025-04,OL1082,LS-NEXUS BANGALORE 16,Lifestyle,Department Store,Bangalore,Karnataka,South,SKU40951,Sunscreen Gel Spf 50 70Ml,Renee,Skincare,Sunscreen,Top 25,Active,999,8,7,,4,3858,BGR South,3,3,,45,3,80.5,,
2025-04,OL1082,LS-NEXUS BANGALORE 16,Lifestyle,Department Store,Bangalore,Karnataka,South,SKU40972,Sunscreen Gel Spf 50 70Ml,Renee,Skincare,Sunscreen,Top 25,Active,599,6,10,,2,1157,BGR South,6,6,,45,3,80.5,,
2025-04,OL1082,LS-NEXUS BANGALORE 16,Lifestyle,Department Store,Bangalore,Karnataka,South,SKU41024,Vitamin C Serum 30Ml,Renee,Skincare,Serum,Others,Active,449,6,6,,3,1301,BGR South,5,3,,45,3,80.5,,
2025-04,OL1082,LS-NEXUS BANGALORE 16,Lifestyle,Department Store,Bangalore,Karnataka,South,SKU41048,Face Wash Ocean 20Ml,Renee,Skincare,Cleanser,Others,Active,349,12,0,,4,1348,BGR South,10,10,,45,3,80.5,,
2025-04,OL1082,LS-NEXUS BANGALORE 16,Lifestyle,Department Store,Bangalore,Karnataka,South,SKU41476,Body Mist Mocha 100Ml,Renee,Fragrance,Body Mist,Top 10,Active,799,8,0,,8,6171,BGR South,15,12,,55,3,80.5,,
2025-04,OL1082,LS-NEXUS BANGALORE 16,Lifestyle,Department Store,Bangalore,Karnataka,South,SKU41536,Body Mist Nude 100Ml,Renee,Fragrance,Body Mist,Top 25,Active,349,36,42,,12,4043,BGR South,19,18,,55,3,80.5,,
2025-04,OL1083,LS-SELECT BHUBANESWAR 17,Lifestyle,Department Store,Bhubaneswar,Odisha,East,SKU40078,Matte Lip Color Rose 4.2Ml,Renee,Makeup,Lipstick,Top 25,Active,650,12,12,,4,2994,BGR East,6,4,,50,2,94.6,,
2025-04,OL1083,LS-SELECT BHUBANESWAR 17,Lifestyle,Department Store,Bhubaneswar,Odisha,East,SKU40266,Liquid Lipstick Nude 5Ml,Renee,Makeup,Lipstick,Top 10,Active,799,27,27,,9,8279,BGR East,11,9,,50,2,94.6,,
2025-04,OL1083,LS-SELECT BHUBANESWAR 17,Lifestyle,Department Store,Bhubaneswar,Odisha,East,SKU40281,Midnight Eyeliner Berry 2.5Ml,Renee,Makeup,Eyeliner,Others,Active,299,6,6,,3,1033,BGR East,4,3,,50,2,94.6,,
2025-04,OL1083,LS-SELECT BHUBANESWAR 17,Lifestyle,Department Store,Bhubaneswar,Odisha,East,SKU40425,Kajal Vanilla 0.35Gm,Renee,Makeup,Eyeliner,Top 25,Active,299,20,26,,10,3443,BGR East,16,16,,50,2,94.6,,
2025-04,OL1083,LS-SELECT BHUBANESWAR 17,Lifestyle,Department Store,Bhubaneswar,Odisha,East,SKU40588,Bb Cream Coral 30Ml,Renee,Makeup,Foundation,Top 10,Active,349,12,15,,12,4822,BGR East,22,15,,50,2,94.6,,
2025-04,OL1083,LS-SELECT BHUBANESWAR 17,Lifestyle,Department Store,Bhubaneswar,Odisha,East,SKU40595,Compact Powder Mocha 9Gm,Renee,Makeup,Foundation,Top 10,Active,449,10,0,,10,5170,BGR East,18,18,,50,2,94.6,,
2025-04,OL1083,LS-SELECT BHUBANESWAR 17,Lifestyle,Department Store,Bhubaneswar,Odisha,East,SKU40662,Compact Powder Nude 9Gm,Renee,Makeup,Foundation,Top 25,Active,1199,1,2,,1,1380,BGR East,4,2,,50,2,94.6,,
2025-04,OL1083,LS-SELECT BHUBANESWAR 17,Lifestyle,Department Store,Bhubaneswar,Odisha,East,SKU40763,Blending Brush R6,Renee,Makeup,Brushes,Others,Active,349,8,0,,4,1607,BGR East,3,2,,50,2,94.6,,
2025-04,OL1083,LS-SELECT BHUBANESWAR 17,Lifestyle,Department Store,Bhubaneswar,Odisha,East,SKU40836,Blending Brush R4,Renee,Makeup,Brushes,Top 10,Active,1199,16,0,,8,11044,BGR East,14,9,,50,2,94.6,,
2025-04,OL1083,LS-SELECT BHUBANESWAR 17,Lifestyle,Department Store,Bhubaneswar,Odisha,East,SKU40850,Powder Brush R8,Renee,Makeup,Brushes,Top 25,Active,650,12,10,,4,2994,BGR East,3,2,,50,2,94.6,,
2025-04,OL1083,LS-SELECT BHUBANESWAR 17,Lifestyle,Department Store,Bhubaneswar,Odisha,East,SKU40972,Sunscreen Gel Spf 50 70Ml,Renee,Skincare,Sunscreen,Top 25,Active,599,4,9,,4,2759,BGR East,9,9,,45,2,94.6,,
2025-04,OL1083,LS-SELECT BHUBANESWAR 17,Lifestyle,Department Store,Bhubaneswar,Odisha,East,SKU41048,Face Wash Ocean 20Ml,Renee,Skincare,Cleanser,Others,Active,349,1,1,,1,402,BGR East,2,1,,45,2,94.6,,
2025-04,OL1083,LS-SELECT BHUBANESWAR 17,Lifestyle,Department Store,Bhubaneswar,Odisha,East,SKU41295,Perfume Rose 50Ml,Renee,Fragrance,EDP,Top 25,Active,599,24,37,,12,8276,BGR East,25,25,,55,2,94.6,,
2025-04,OL1083,LS-SELECT BHUBANESWAR 17,Lifestyle,Department Store,Bhubaneswar,Odisha,East,SKU41608,Hair Oil Berry 100Ml,Renee,Haircare,Hair Oil,Others,Active,449,4,6,,2,1034,BGR East,5,4,,35,2,94.6,,
2025-04,OL1083,LS-SELECT BHUBANESWAR 17,Lifestyle,Department Store,Bhubaneswar,Odisha,East,SKU41647,Hair Oil Hazelnut 100Ml,Renee,Haircare,Hair Oil,Others,Active,799,1,0,,1,920,BGR East,1,0,,35,2,94.6,,
2025-04,OL1084,LS-ORION AHMEDABAD 18,Lifestyle,Department Store,Ahmedabad,Gujarat,West,SKU40108,Matte Lip Color Peach 4.2Ml,Renee,Makeup,Lipstick,Top 10,Active,650,6,0,,2,1487,BGR West,3,3,,50,3,93.5,,
2025-04,OL1084,LS-ORION AHMEDABAD 18,Lifestyle,Department Store,Ahmedabad,Gujarat,West,SKU40127,Matte Lip Color Coral 4.2Ml,Renee,Makeup,Lipstick,Top 25,Active,499,3,1,,3,1713,BGR West,2,1,,50,3,93.5,,
2025-04,OL1084,LS-ORION AHMEDABAD 18,Lifestyle,Department Store,Ahmedabad,Gujarat,West,SKU40281,Midnight Eyeliner Berry 2.5Ml,Renee,Makeup,Eyeliner,Others,Active,299,12,16,,4,1368,BGR West,8,8,,50,3,93.5,,
2025-04,OL1084,LS-ORION AHMEDABAD 18,Lifestyle,Department Store,Ahmedabad,Gujarat,West,SKU40318,Midnight Eyeliner Hazelnut 2.5Ml,Renee,Makeup,Eyeliner,Others,Active,650,8,11,,4,2974,BGR West,9,7,,50,3,93.5,,
2025-04,OL1084,LS-ORION AHMEDABAD 18,Lifestyle,Department Store,Ahmedabad,Gujarat,West,SKU40381,Midnight Eyeliner Ocean 2.5Ml,Renee,Makeup,Eyeliner,Top 25,Active,699,3,2,,1,800,BGR West,1,0,,50,3,93.5,,
2025-04,OL1084,LS-ORION AHMEDABAD 18,Lifestyle,Department Store,Ahmedabad,Gujarat,West,SKU40425,Kajal Vanilla 0.35Gm,Renee,Makeup,Eyeliner,Top 25,Active,299,4,0,,4,1368,BGR West,6,5,,50,3,93.5,,
2025-04,OL1084,LS-ORION AHMEDABAD 18,Lifestyle,Department Store,Ahmedabad,Gujarat,West,SKU40544,Bb Cream Peach 30Ml,Renee,Makeup,Foundation,Top 10,Active,599,4,6,,4,2741,BGR West,9,6,,50,3,93.5,,
2025-04,OL1084,LS-ORION AHMEDABAD 18,Lifestyle,Department Store,Ahmedabad,Gujarat,West,SKU40595,Compact Powder Mocha 9Gm,Renee,Makeup,Foundation,Top 10,Active,449,8,9,,8,4109,BGR West,13,9,,50,3,93.5,,
2025-04,OL1084,LS-ORION AHMEDABAD 18,Lifestyle,Department Store,Ahmedabad,Gujarat,West,SKU40722,Compact Powder Berry 9Gm,Renee,Makeup,Foundation,Top 10,Active,799,6,7,,3,2742,BGR West,5,4,,50,3,93.5,,
2025-04,OL1084,LS-ORION AHMEDABAD 18,Lifestyle,Department Store,Ahmedabad,Gujarat,West,SKU40836,Blending Brush R4,Renee,Makeup,Brushes,Top 10,Active,1199,12,15,,6,8230,BGR West,9,9,,50,3,93.5,,
2025-04,OL1084,LS-ORION AHMEDABAD 18,Lifestyle,Department Store,Ahmedabad,Gujarat,West,SKU40850,Powder Brush R8,Renee,Makeup,Brushes,Top 25,Active,650,4,7,,4,2974,BGR West,7,7,,50,3,93.5,,
2025-04,OL1084,LS-ORION AHMEDABAD 18,Lifestyle,Department Store,Ahmedabad,Gujarat,West,SKU40979,Sunscreen Gel Spf 50 50Ml,Renee,Skincare,Sunscreen,Top 25,Active,799,8,9,,4,3656,BGR West,5,5,,45,3,93.5,,
2025-04,OL1084,LS-ORION AHMEDABAD 18,Lifestyle,Department Store,Ahmedabad,Gujarat,West,SKU41032,Face Wash Hazelnut 60Ml,Renee,Skincare,Cleanser,Others,Active,499,2,2,,2,1142,BGR West,4,2,,45,3,93.5,,
2025-04,OL1084,LS-ORION AHMEDABAD 18,Lifestyle,Department Store,Ahmedabad,Gujarat,West,SKU41129,Face Wash Vanilla 40Ml,Renee,Skincare,Cleanser,Others,Active,299,4,0,,4,1368,BGR West,4,4,,45,3,93.5,,
2025-04,OL1084,LS-ORION AHMEDABAD 18,Lifestyle,Department Store,Ahmedabad,Gujarat,West,SKU41215,Perfume Midnight 50Ml,Renee,Fragrance,EDP,Others,Active,399,2,1,,1,456,BGR West,1,0,,55,3,93.5,,
2025-04,OL1084,LS-ORION AHMEDABAD 18,Lifestyle,Department Store,Ahmedabad,Gujarat,West,SKU41420,Body Mist Coral 100Ml,Renee,Fragrance,Body Mist,Top 25,Active,399,6,9,,2,913,BGR West,6,5,,55,3,93.5,,
2025-04,OL1084,LS-ORION AHMEDABAD 18,Lifestyle,Department Store,Ahmedabad,Gujarat,West,SKU41476,Body Mist Mocha 100Ml,Renee,Fragrance,Body Mist,Top 10,Active,799,8,7,,4,3656,BGR West,3,3,,55,3,93.5,,
2025-04,OL1084,LS-ORION AHMEDABAD 18,Lifestyle,Department Store,Ahmedabad,Gujarat,West,SKU41536,Body Mist Nude 100Ml,Renee,Fragrance,Body Mist,Top 25,Active,349,9,11,,3,1198,BGR West,6,5,,55,3,93.5,,
2025-04,OL1085,LS-CITY CENTRE LUCKNOW 19,Lifestyle,Department Store,Lucknow,Uttar Pradesh,North,SKU40078,Matte Lip Color Rose 4.2Ml,Renee,Makeup,Lipstick,Top 25,Active,650,4,6,,2,1474,BGR North,4,4,,50,2,90.6,,
2025-04,OL1085,LS-CITY CENTRE LUCKNOW 19,Lifestyle,Department Store,Lucknow,Uttar Pradesh,North,SKU40108,Matte Lip Color Peach 4.2Ml,Renee,Makeup,Lipstick,Top 10,Active,650,2,0,,1,737,BGR North,2,1,,50,2,90.6,,
2025-04,OL1085,LS-CITY CENTRE LUCKNOW 19,Lifestyle,Department Store,Lucknow,Uttar Pradesh,North,SKU40127,Matte Lip Color Coral 4.2Ml,Renee,Makeup,Lipstick,Top 25,Active,499,6,8,,3,1697,BGR North,5,5,,50,2,90.6,,
2025-04,OL1085,LS-CITY CENTRE LUCKNOW 19,Lifestyle,Department Store,Lucknow,Uttar Pradesh,North,SKU40266,Liquid Lipstick Nude 5Ml,Renee,Makeup,Lipstick,Top 10,Active,799,4,7,,4,3624,BGR North,7,7,,50,2,90.6,,
2025-04,OL1085,LS-CITY CENTRE LUCKNOW 19,Lifestyle,Department Store,Lucknow,Uttar Pradesh,North,SKU40544,Bb Cream Peach 30Ml,Renee,Makeup,Foundation,Top 10,Active,599,6,10,,3,2038,BGR North,7,7,,50,2,90.6,,
2025-04,OL1085,LS-CITY CENTRE LUCKNOW 19,Lifestyle,Department Store,Lucknow,Uttar Pradesh,North,SKU40588,Bb Cream Coral 30Ml,Renee,Makeup,Foundation,Top 10,Active,349,4,0,,4,1583,BGR North,8,7,,50,2,90.6,,
2025-04,OL1085,LS-CITY CENTRE LUCKNOW 19,Lifestyle,Department Store,Lucknow,Uttar Pradesh,North,SKU40722,Compact Powder Berry 9Gm,Renee,Makeup,Foundation,Top 10,Active,799,6,5,,2,1812,BGR North,2,1,,50,2,90.6,,
2025-04,OL1085,LS-CITY CENTRE LUCKNOW 19,Lifestyle,Department Store,Lucknow,Uttar Pradesh,North,SKU40763,Blending Brush R6,Renee,Makeup,Brushes,Others,Active,349,4,4,,4,1583,BGR North,5,4,,50,2,90.6,,
2025-04,OL1085,LS-CITY CENTRE LUCKNOW 19,Lifestyle,Department Store,Lucknow,Uttar Pradesh,North,SKU40836,Blending Brush R4,Renee,Makeup,Brushes,Top 10,Active,1199,12,14,,6,8157,BGR North,10,8,,50,2,90.6,,
2025-04,OL1085,LS-CITY CENTRE LUCKNOW 19,Lifestyle,Department Store,Lucknow,Uttar Pradesh,North,SKU40850,Powder Brush R8,Renee,Makeup,Brushes,Top 25,Active,650,3,3,,3,2211,BGR North,4,3,,50,2,90.6,,
2025-04,OL1085,LS-CITY CENTRE LUCKNOW 19,Lifestyle,Department Store,Lucknow,Uttar Pradesh,North,SKU40928,Powder Brush R4,Renee,Makeup,Brushes,Top 25,Active,650,2,4,,2,1474,BGR North,4,4,,50,2,90.6,,
2025-04,OL1085,LS-CITY CENTRE LUCKNOW 19,Lifestyle,Department Store,Lucknow,Uttar Pradesh,North,SKU40972,Sunscreen Gel Spf 50 70Ml,Renee,Skincare,Sunscreen,Top 25,Active,599,6,7,,2,1358,BGR North,4,3,,45,2,90.6,,
2025-04,OL1085,LS-CITY CENTRE LUCKNOW 19,Lifestyle,Department Store,Lucknow,Uttar Pradesh,North,SKU40979,Sunscreen Gel Spf 50 50Ml,Renee,Skincare,Sunscreen,Top 25,Active,799,3,3,,3,2718,BGR North,4,3,,45,2,90.6,,
2025-04,OL1085,LS-CITY CENTRE LUCKNOW 19,Lifestyle,Department Store,Lucknow,Uttar Pradesh,North,SKU41215,Perfume Midnight 50Ml,Renee,Fragrance,EDP,Others,Active,399,8,11,,4,1810,BGR North,8,7,,55,2,90.6,,
2025-04,OL1085,LS-CITY CENTRE LUCKNOW 19,Lifestyle,Department Store,Lucknow,Uttar Pradesh,North,SKU41295,Perfume Rose 50Ml,Renee,Fragrance,EDP,Top 25,Active,599,4,6,,4,2717,BGR North,6,6,,55,2,90.6,,
2025-04,OL1085,LS-CITY CENTRE LUCKNOW 19,Lifestyle,Department Store,Lucknow,Uttar Pradesh,North,SKU41476,Body Mist Mocha 100Ml,Renee,Fragrance,Body Mist,Top 10,Active,799,9,12,,3,2718,BGR North,8,6,,55,2,90.6,,
2025-04,OL1086,LS-NEXUS CHENNAI 20,Lifestyle,Department Store,Chennai,Tamil Nadu,South,SKU40078,Matte Lip Color Rose 4.2Ml,Renee,Makeup,Lipstick,Top 25,Active,650,12,11,,4,2973,BGR South,5,3,,50,1,54.9,,
2025-04,OL1086,LS-NEXUS CHENNAI 20,Lifestyle,Department Store,Chennai,Tamil Nadu,South,SKU40108,Matte Lip Color Peach 4.2Ml,Renee,Makeup,Lipstick,Top 10,Active,650,18,18,,6,4460,BGR South,7,6,,50,1,54.9,,
2025-04,OL1086,LS-NEXUS CHENNAI 20,Lifestyle,Department Store,Chennai,Tamil Nadu,South,SKU40127,Matte Lip Color Coral 4.2Ml,Renee,Makeup,Lipstick,Top 25,Active,499,4,5,,4,2283,BGR South,5,5,,50,1,54.9,,
2025-04,OL1086,LS-NEXUS CHENNAI 20,Lifestyle,Department Store,Chennai,Tamil Nadu,South,SKU40266,Liquid Lipstick Nude 5Ml,Renee,Makeup,Lipstick,Top 10,Active,799,27,0,,9,8223,BGR South,15,10,,50,1,54.9,,
2025-04,OL1086,LS-NEXUS CHENNAI 20,Lifestyle,Department Store,Chennai,Tamil Nadu,South,SKU40281,Midnight Eyeliner Berry 2.5Ml,Renee,Makeup,Eyeliner,Others,Active,299,4,7,,4,1368,BGR South,8,7,,50,1,54.9,,
2025-04,OL1086,LS-NEXUS CHENNAI 20,Lifestyle,Department Store,Chennai,Tamil Nadu,South,SKU40318,Midnight Eyeliner Hazelnut 2.5Ml,Renee,Makeup,Eyeliner,Others,Active,650,6,6,,2,1487,BGR South,4,2,,50,1,54.9,,
2025-04,OL1086,LS-NEXUS CHENNAI 20,Lifestyle,Department Store,Chennai,Tamil Nadu,South,SKU40595,Compact Powder Mocha 9Gm,Renee,Makeup,Foundation,Top 10,Active,449,27,30,,9,4621,BGR South,16,12,,50,1,54.9,,
2025-04,OL1086,LS-NEXUS CHENNAI 20,Lifestyle,Department Store,Chennai,Tamil Nadu,South,SKU40763,Blending Brush R6,Renee,Makeup,Brushes,Others,Active,349,6,6,,3,1197,BGR South,4,3,,50,1,54.9,,
2025-04,OL1086,LS-NEXUS CHENNAI 20,Lifestyle,Department Store,Chennai,Tamil Nadu,South,SKU40836,Blending Brush R4,Renee,Makeup,Brushes,Top 10,Active,1199,12,0,,6,8227,BGR South,12,12,,50,1,54.9,,
2025-04,OL1086,LS-NEXUS CHENNAI 20,Lifestyle,Department Store,Chennai,Tamil Nadu,South,SKU40928,Powder Brush R4,Renee,Makeup,Brushes,Top 25,Active,650,8,8,,4,2973,BGR South,5,4,,50,1,54.9,,
2025-04,OL1086,LS-NEXUS CHENNAI 20,Lifestyle,Department Store,Chennai,Tamil Nadu,South,SKU40972,Sunscreen Gel Spf 50 70Ml,Renee,Skincare,Sunscreen,Top 25,Active,599,4,4,,4,2740,BGR South,6,4,,45,1,54.9,,
2025-04,OL1086,LS-NEXUS CHENNAI 20,Lifestyle,Department Store,Chennai,Tamil Nadu,South,SKU41032,Face Wash Hazelnut 60Ml,Renee,Skincare,Cleanser,Others,Active,499,1,2,,1,571,BGR South,3,2,,45,1,54.9,,
2025-04,OL1086,LS-NEXUS CHENNAI 20,Lifestyle,Department Store,Chennai,Tamil Nadu,South,SKU41048,Face Wash Ocean 20Ml,Renee,Skincare,Cleanser,Others,Active,349,9,9,,3,1197,BGR South,5,3,,45,1,54.9,,
2025-04,OL1086,LS-NEXUS CHENNAI 20,Lifestyle,Department Store,Chennai,Tamil Nadu,South,SKU41215,Perfume Midnight 50Ml,Renee,Fragrance,EDP,Others,Active,399,4,4,,4,1825,BGR South,5,4,,55,1,54.9,,
2025-04,OL1086,LS-NEXUS CHENNAI 20,Lifestyle,Department Store,Chennai,Tamil Nadu,South,SKU41420,Body Mist Coral 100Ml,Renee,Fragrance,Body Mist,Top 25,Active,399,3,8,,3,1369,BGR South,8,8,,55,1,54.9,,
2025-04,OL1086,LS-NEXUS CHENNAI 20,Lifestyle,Department Store,Chennai,Tamil Nadu,South,SKU41536,Body Mist Nude 100Ml,Renee,Fragrance,Body Mist,Top 25,Active,349,6,12,,6,2395,BGR South,12,12,,55,1,54.9,,
2025-04,OL1086,LS-NEXUS CHENNAI 20,Lifestyle,Department Store,Chennai,Tamil Nadu,South,SKU41608,Hair Oil Berry 100Ml,Renee,Haircare,Hair Oil,Others,Active,449,2,3,,2,1027,BGR South,3,3,,35,1,54.9,,
