Month,Outlet Code,Outlet Name,Chain Name,Chain Type,City,State,Region,SKU Code,SKU,Brand,Category,Sub Category,Pareto,Status,MRP,OP Stock,CL Stock,Stock Qty,Tertiary Qty,Target Value,BGR,Order Qty,Filled Qty,Fill Rate %,Margin %
2025-08,OUT0001,Shoppers Stop - Ahmedabad 1,Shoppers Stop,Department Store,Ahmedabad,Gujarat,West,SKU0002,Verde Moisturizer B,Verde,Skincare,Moisturizer,Top 10,Active,1179,30,31,,7,8054,BGR West,9,8,,43
2025-08,OUT0001,Shoppers Stop - Ahmedabad 1,Shoppers Stop,Department Store,Ahmedabad,Gujarat,West,SKU0003,Verde Serum A,Verde,Skincare,Serum,Top 25,Active,2419,16,0,,5,10902,BGR West,10,7,,48
2025-08,OUT0001,Shoppers Stop - Ahmedabad 1,Shoppers Stop,Department Store,Ahmedabad,Gujarat,West,SKU0006,Blush & Co Cleanser A,Blush & Co,Skincare,Cleanser,Top 10,Active,289,30,40,,14,4194,BGR West,24,24,,48
2025-08,OUT0001,Shoppers Stop - Ahmedabad 1,Shoppers Stop,Department Store,Ahmedabad,Gujarat,West,SKU0007,Northline Cleanser B,Northline,Skincare,Cleanser,Others,Active,1809,8,10,,0,0,BGR West,3,2,,47
2025-08,OUT0001,Shoppers Stop - Ahmedabad 1,Shoppers Stop,Department Store,Ahmedabad,Gujarat,West,SKU0008,Lumina Sunscreen A,Lumina,Skincare,Sunscreen,Others,Active,1599,4,5,,0,0,BGR West,2,1,,44
2025-08,OUT0001,Shoppers Stop - Ahmedabad 1,Shoppers Stop,Department Store,Ahmedabad,Gujarat,West,SKU0010,Blush & Co Foundation A,Blush & Co,Makeup,Foundation,Others,Active,1419,8,0,,1,1684,BGR West,2,1,,47
2025-08,OUT0001,Shoppers Stop - Ahmedabad 1,Shoppers Stop,Department Store,Ahmedabad,Gujarat,West,SKU0011,Lumina Foundation B,Lumina,Makeup,Foundation,Top 10,Inactive,1889,13,17,,8,15528,BGR West,12,12,,51
2025-08,OUT0001,Shoppers Stop - Ahmedabad 1,Shoppers Stop,Department Store,Ahmedabad,Gujarat,West,SKU0013,Northline Lipstick B,Northline,Makeup,Lipstick,Others,Active,2469,6,6,,0,0,BGR West,0,0,,51
2025-08,OUT0001,Shoppers Stop - Ahmedabad 1,Shoppers Stop,Department Store,Ahmedabad,Gujarat,West,SKU0015,Blush & Co Mascara A,Blush & Co,Makeup,Mascara,Top 25,Active,1219,43,45,,4,4748,BGR West,8,6,,48
2025-08,OUT0001,Shoppers Stop - Ahmedabad 1,Shoppers Stop,Department Store,Ahmedabad,Gujarat,West,SKU0017,Lumina Mascara C,Lumina,Makeup,Mascara,Top 10,Active,529,19,19,,11,6110,BGR West,17,11,,50
2025-08,OUT0001,Shoppers Stop - Ahmedabad 1,Shoppers Stop,Department Store,Ahmedabad,Gujarat,West,SKU0018,Northline Eyeliner A,Northline,Makeup,Eyeliner,Others,Active,1959,9,9,,0,0,BGR West,0,0,,52
2025-08,OUT0001,Shoppers Stop - Ahmedabad 1,Shoppers Stop,Department Store,Ahmedabad,Gujarat,West,SKU0020,Lumina Shampoo A,Lumina,Haircare,Shampoo,Top 10,Active,509,15,17,,6,3032,BGR West,11,8,,37
2025-08,OUT0001,Shoppers Stop - Ahmedabad 1,Shoppers Stop,Department Store,Ahmedabad,Gujarat,West,SKU0021,Verde Shampoo B,Verde,Haircare,Shampoo,Others,Active,1319,9,10,,2,2630,BGR West,4,3,,33
2025-08,OUT0001,Shoppers Stop - Ahmedabad 1,Shoppers Stop,Department Store,Ahmedabad,Gujarat,West,SKU0023,Northline Conditioner B,Northline,Haircare,Conditioner,Others,Active,379,9,13,,0,0,BGR West,4,4,,35
2025-08,OUT0001,Shoppers Stop - Ahmedabad 1,Shoppers Stop,Department Store,Ahmedabad,Gujarat,West,SKU0027,Lumina EDP B,Lumina,Fragrance,EDP,Top 10,Active,529,0,0,,10,4878,BGR West,20,20,,56
2025-08,OUT0001,Shoppers Stop - Ahmedabad 1,Shoppers Stop,Department Store,Ahmedabad,Gujarat,West,SKU0028,Northline EDT A,Northline,Fragrance,EDT,Top 25,Active,1109,3,7,,3,3740,BGR West,8,7,,58
2025-08,OUT0001,Shoppers Stop - Ahmedabad 1,Shoppers Stop,Department Store,Ahmedabad,Gujarat,West,SKU0030,Blush & Co EDT C,Blush & Co,Fragrance,EDT,Others,Active,779,2,6,,1,764,BGR West,6,5,,53
2025-08,OUT0001,Shoppers Stop - Ahmedabad 1,Shoppers Stop,Department Store,Ahmedabad,Gujarat,West,SKU0031,Lumina Body Mist A,Lumina,Fragrance,Body Mist,Top 25,Active,2119,10,12,,3,5781,BGR West,6,5,,56
2025-08,OUT0001,Shoppers Stop - Ahmedabad 1,Shoppers Stop,Department Store,Ahmedabad,Gujarat,West,SKU0033,Northline Body Lotion A,Northline,Bath & Body,Body Lotion,Top 10,Active,1239,6,17,,20,24818,BGR West,31,31,,38
2025-08,OUT0001,Shoppers Stop - Ahmedabad 1,Shoppers Stop,Department Store,Ahmedabad,Gujarat,West,SKU0034,Northline Body Lotion B,Northline,Bath & Body,Body Lotion,Top 25,Active,989,28,31,,6,6804,BGR West,11,9,,42
2025-08,OUT0001,Shoppers Stop - Ahmedabad 1,Shoppers Stop,Department Store,Ahmedabad,Gujarat,West,SKU0036,Northline Body Wash B,Northline,Bath & Body,Body Wash,Others,Active,1179,13,14,,1,1245,BGR West,3,2,,39
2025-08,OUT0001,Shoppers Stop - Ahmedabad 1,Shoppers Stop,Department Store,Ahmedabad,Gujarat,West,SKU0037,Verde Body Wash C,Verde,Bath & Body,Body Wash,Top 25,Active,2239,6,13,,3,7285,BGR West,10,10,,42
2025-08,OUT0001,Shoppers Stop - Ahmedabad 1,Shoppers Stop,Department Store,Ahmedabad,Gujarat,West,SKU0039,Northline Hand Cream B,Northline,Bath & Body,Hand Cream,Others,Active,1189,5,7,,1,1447,BGR West,3,3,,41
2025-08,OUT0002,Shoppers Stop - Hyderabad 2,Shoppers Stop,Department Store,Hyderabad,Telangana,South,SKU0001,Blush & Co Moisturizer A,Blush & Co,Skincare,Moisturizer,Others,Active,2319,10,11,,1,2429,BGR South,3,2,,44
2025-08,OUT0002,Shoppers Stop - Hyderabad 2,Shoppers Stop,Department Store,Hyderabad,Telangana,South,SKU0002,Verde Moisturizer B,Verde,Skincare,Moisturizer,Top 10,Active,1179,65,76,,15,19571,BGR South,29,26,,42
2025-08,OUT0002,Shoppers Stop - Hyderabad 2,Shoppers Stop,Department Store,Hyderabad,Telangana,South,SKU0003,Verde Serum A,Verde,Skincare,Serum,Top 25,Active,2419,76,81,,11,28032,BGR South,17,16,,45
2025-08,OUT0002,Shoppers Stop - Hyderabad 2,Shoppers Stop,Department Store,Hyderabad,Telangana,South,SKU0004,Northline Serum B,Northline,Skincare,Serum,Top 25,Active,2489,34,37,,9,25525,BGR South,13,12,,43
2025-08,OUT0002,Shoppers Stop - Hyderabad 2,Shoppers Stop,Department Store,Hyderabad,Telangana,South,SKU0006,Blush & Co Cleanser A,Blush & Co,Skincare,Cleanser,Top 10,Active,289,12,17,,25,8713,BGR South,38,30,,44
2025-08,OUT0002,Shoppers Stop - Hyderabad 2,Shoppers Stop,Department Store,Hyderabad,Telangana,South,SKU0007,Northline Cleanser B,Northline,Skincare,Cleanser,Others,Active,1809,0,5,,3,5661,BGR South,8,8,,45
2025-08,OUT0002,Shoppers Stop - Hyderabad 2,Shoppers Stop,Department Store,Hyderabad,Telangana,South,SKU0009,Blush & Co Sunscreen B,Blush & Co,Skincare,Sunscreen,Others,Inactive,1629,15,17,,2,3675,BGR South,4,4,,44
2025-08,OUT0002,Shoppers Stop - Hyderabad 2,Shoppers Stop,Department Store,Hyderabad,Telangana,South,SKU0010,Blush & Co Foundation A,Blush & Co,Makeup,Foundation,Others,Active,1419,12,35,,4,6374,BGR South,4,4,,52
2025-08,OUT0002,Shoppers Stop - Hyderabad 2,Shoppers Stop,Department Store,Hyderabad,Telangana,South,SKU0011,Lumina Foundation B,Lumina,Makeup,Foundation,Top 10,Inactive,1889,71,90,,32,55943,BGR South,54,51,,47
2025-08,OUT0002,Shoppers Stop - Hyderabad 2,Shoppers Stop,Department Store,Hyderabad,Telangana,South,SKU0013,Northline Lipstick B,Northline,Makeup,Lipstick,Others,Active,2469,8,11,,0,0,BGR South,4,3,,53
2025-08,OUT0002,Shoppers Stop - Hyderabad 2,Shoppers Stop,Department Store,Hyderabad,Telangana,South,SKU0014,Lumina Lipstick C,Lumina,Makeup,Lipstick,Top 25,Active,1729,35,38,,8,13358,BGR South,12,11,,49
2025-08,OUT0002,Shoppers Stop - Hyderabad 2,Shoppers Stop,Department Store,Hyderabad,Telangana,South,SKU0015,Blush & Co Mascara A,Blush & Co,Makeup,Mascara,Top 25,Active,1219,52,0,,9,13621,BGR South,13,10,,48
2025-08,OUT0002,Shoppers Stop - Hyderabad 2,Shoppers Stop,Department Store,Hyderabad,Telangana,South,SKU0016,Verde Mascara B,Verde,Makeup,Mascara,Top 25,Active,199,9,0,,12,2284,BGR South,21,18,,51
2025-08,OUT0002,Shoppers Stop - Hyderabad 2,Shoppers Stop,Department Store,Hyderabad,Telangana,South,SKU0017,Lumina Mascara C,Lumina,Makeup,Mascara,Top 10,Active,529,62,66,,20,10043,BGR South,27,24,,48
2025-08,OUT0002,Shoppers Stop - Hyderabad 2,Shoppers Stop,Department Store,Hyderabad,Telangana,South,SKU0020,Lumina Shampoo A,Lumina,Haircare,Shampoo,Top 10,Active,509,59,77,,23,11905,BGR South,41,41,,35
2025-08,OUT0002,Shoppers Stop - Hyderabad 2,Shoppers Stop,Department Store,Hyderabad,Telangana,South,SKU0021,Verde Shampoo B,Verde,Haircare,Shampoo,Others,Active,1319,6,12,,3,4774,BGR South,9,9,,34
2025-08,OUT0002,Shoppers Stop - Hyderabad 2,Shoppers Stop,Department Store,Hyderabad,Telangana,South,SKU0022,Northline Conditioner A,Northline,Haircare,Conditioner,Others,Active,779,14,15,,4,3465,BGR South,6,5,,38
2025-08,OUT0002,Shoppers Stop - Hyderabad 2,Shoppers Stop,Department Store,Hyderabad,Telangana,South,SKU0023,Northline Conditioner B,Northline,Haircare,Conditioner,Others,Active,379,11,11,,0,0,BGR South,0,0,,34
2025-08,OUT0002,Shoppers Stop - Hyderabad 2,Shoppers Stop,Department Store,Hyderabad,Telangana,South,SKU0027,Lumina EDP B,Lumina,Fragrance,EDP,Top 10,Active,529,84,83,,30,14263,BGR South,29,29,,54
2025-08,OUT0002,Shoppers Stop - Hyderabad 2,Shoppers Stop,Department Store,Hyderabad,Telangana,South,SKU0029,Blush & Co EDT B,Blush & Co,Fragrance,EDT,Top 25,Active,479,0,0,,11,6340,BGR South,14,9,,58
2025-08,OUT0002,Shoppers Stop - Hyderabad 2,Shoppers Stop,Department Store,Hyderabad,Telangana,South,SKU0030,Blush & Co EDT C,Blush & Co,Fragrance,EDT,Others,Active,779,10,16,,4,3387,BGR South,11,10,,52
2025-08,OUT0002,Shoppers Stop - Hyderabad 2,Shoppers Stop,Department Store,Hyderabad,Telangana,South,SKU0031,Lumina Body Mist A,Lumina,Fragrance,Body Mist,Top 25,Active,2119,75,88,,17,33232,BGR South,32,30,,56
2025-08,OUT0002,Shoppers Stop - Hyderabad 2,Shoppers Stop,Department Store,Hyderabad,Telangana,South,SKU0033,Northline Body Lotion A,Northline,Bath & Body,Body Lotion,Top 10,Active,1239,71,68,,29,34329,BGR South,29,26,,42
2025-08,OUT0002,Shoppers Stop - Hyderabad 2,Shoppers Stop,Department Store,Hyderabad,Telangana,South,SKU0034,Northline Body Lotion B,Northline,Bath & Body,Body Lotion,Top 25,Active,989,10,19,,14,13926,BGR South,23,23,,38
2025-08,OUT0002,Shoppers Stop - Hyderabad 2,Shoppers Stop,Department Store,Hyderabad,Telangana,South,SKU0037,Verde Body Wash C,Verde,Bath & Body,Body Wash,Top 25,Active,2239,52,54,,7,16105,BGR South,9,9,,42
2025-08,OUT0002,Shoppers Stop - Hyderabad 2,Shoppers Stop,Department Store,Hyderabad,Telangana,South,SKU0039,Northline Hand Cream B,Northline,Bath & Body,Hand Cream,Others,Active,1189,9,10,,5,5573,BGR South,9,6,,37
2025-08,OUT0003,Shoppers Stop - Ludhiana 3,Shoppers Stop,Department Store,Ludhiana,Punjab,North,SKU0003,Verde Serum A,Verde,Skincare,Serum,Top 25,Active,2419,16,19,,5,13876,BGR North,9,8,,43
2025-08,OUT0003,Shoppers Stop - Ludhiana 3,Shoppers Stop,Department Store,Ludhiana,Punjab,North,SKU0004,Northline Serum B,Northline,Skincare,Serum,Top 25,Active,2489,6,8,,2,5834,BGR North,5,4,,43
2025-08,OUT0003,Shoppers Stop - Ludhiana 3,Shoppers Stop,Department Store,Ludhiana,Punjab,North,SKU0006,Blush & Co Cleanser A,Blush & Co,Skincare,Cleanser,Top 10,Active,289,39,48,,9,3167,BGR North,19,18,,47
2025-08,OUT0003,Shoppers Stop - Ludhiana 3,Shoppers Stop,Department Store,Ludhiana,Punjab,North,SKU0008,Lumina Sunscreen A,Lumina,Skincare,Sunscreen,Others,Active,1599,3,7,,0,0,BGR North,5,4,,46
2025-08,OUT0003,Shoppers Stop - Ludhiana 3,Shoppers Stop,Department Store,Ludhiana,Punjab,North,SKU0009,Blush & Co Sunscreen B,Blush & Co,Skincare,Sunscreen,Others,Inactive,1629,13,16,,1,1751,BGR North,5,4,,46
2025-08,OUT0003,Shoppers Stop - Ludhiana 3,Shoppers Stop,Department Store,Ludhiana,Punjab,North,SKU0011,Lumina Foundation B,Lumina,Makeup,Foundation,Top 10,Inactive,1889,22,29,,6,11169,BGR North,13,13,,47
2025-08,OUT0003,Shoppers Stop - Ludhiana 3,Shoppers Stop,Department Store,Ludhiana,Punjab,North,SKU0012,Northline Lipstick A,Northline,Makeup,Lipstick,Others,Active,2429,6,8,,0,0,BGR North,3,2,,50
2025-08,OUT0003,Shoppers Stop - Ludhiana 3,Shoppers Stop,Department Store,Ludhiana,Punjab,North,SKU0013,Northline Lipstick B,Northline,Makeup,Lipstick,Others,Active,2469,3,3,,0,0,BGR North,1,0,,47
2025-08,OUT0003,Shoppers Stop - Ludhiana 3,Shoppers Stop,Department Store,Ludhiana,Punjab,North,SKU0014,Lumina Lipstick C,Lumina,Makeup,Lipstick,Top 25,Active,1729,12,0,,1,2172,BGR North,2,1,,51
2025-08,OUT0003,Shoppers Stop - Ludhiana 3,Shoppers Stop,Department Store,Ludhiana,Punjab,North,SKU0015,Blush & Co Mascara A,Blush & Co,Makeup,Mascara,Top 25,Active,1219,19,23,,5,6791,BGR North,10,9,,52
2025-08,OUT0003,Shoppers Stop - Ludhiana 3,Shoppers Stop,Department Store,Ludhiana,Punjab,North,SKU0016,Verde Mascara B,Verde,Makeup,Mascara,Top 25,Active,199,9,11,,2,378,BGR North,4,4,,52
2025-08,OUT0003,Shoppers Stop - Ludhiana 3,Shoppers Stop,Department Store,Ludhiana,Punjab,North,SKU0017,Lumina Mascara C,Lumina,Makeup,Mascara,Top 10,Active,529,19,49,,8,4701,BGR North,13,10,,50
2025-08,OUT0003,Shoppers Stop - Ludhiana 3,Shoppers Stop,Department Store,Ludhiana,Punjab,North,SKU0018,Northline Eyeliner A,Northline,Makeup,Eyeliner,Others,Active,1959,8,11,,0,0,BGR North,5,3,,52
2025-08,OUT0003,Shoppers Stop - Ludhiana 3,Shoppers Stop,Department Store,Ludhiana,Punjab,North,SKU0019,Northline Eyeliner B,Northline,Makeup,Eyeliner,Others,Active,1889,10,11,,0,0,BGR North,2,1,,51
2025-08,OUT0003,Shoppers Stop - Ludhiana 3,Shoppers Stop,Department Store,Ludhiana,Punjab,North,SKU0020,Lumina Shampoo A,Lumina,Haircare,Shampoo,Top 10,Active,509,16,21,,8,3764,BGR North,15,13,,38
2025-08,OUT0003,Shoppers Stop - Ludhiana 3,Shoppers Stop,Department Store,Ludhiana,Punjab,North,SKU0023,Northline Conditioner B,Northline,Haircare,Conditioner,Others,Active,379,7,0,,0,0,BGR North,0,0,,33
2025-08,OUT0003,Shoppers Stop - Ludhiana 3,Shoppers Stop,Department Store,Ludhiana,Punjab,North,SKU0027,Lumina EDP B,Lumina,Fragrance,EDP,Top 10,Active,529,27,29,,9,5554,BGR North,11,11,,53
2025-08,OUT0003,Shoppers Stop - Ludhiana 3,Shoppers Stop,Department Store,Ludhiana,Punjab,North,SKU0029,Blush & Co EDT B,Blush & Co,Fragrance,EDT,Top 25,Active,479,8,9,,1,463,BGR North,2,2,,54
2025-08,OUT0003,Shoppers Stop - Ludhiana 3,Shoppers Stop,Department Store,Ludhiana,Punjab,North,SKU0031,Lumina Body Mist A,Lumina,Fragrance,Body Mist,Top 25,Active,2119,18,25,,4,8597,BGR North,11,11,,55
2025-08,OUT0003,Shoppers Stop - Ludhiana 3,Shoppers Stop,Department Store,Ludhiana,Punjab,North,SKU0033,Northline Body Lotion A,Northline,Bath & Body,Body Lotion,Top 10,Active,1239,30,37,,7,10513,BGR North,14,14,,42
2025-08,OUT0003,Shoppers Stop - Ludhiana 3,Shoppers Stop,Department Store,Ludhiana,Punjab,North,SKU0035,Northline Body Wash A,Northline,Bath & Body,Body Wash,Others,Active,469,8,10,,0,0,BGR North,4,2,,37
2025-08,OUT0003,Shoppers Stop - Ludhiana 3,Shoppers Stop,Department Store,Ludhiana,Punjab,North,SKU0037,Verde Body Wash C,Verde,Bath & Body,Body Wash,Top 25,Active,2239,14,0,,1,2162,BGR North,3,2,,41
2025-08,OUT0003,Shoppers Stop - Ludhiana 3,Shoppers Stop,Department Store,Ludhiana,Punjab,North,SKU0039,Northline Hand Cream B,Northline,Bath & Body,Hand Cream,Others,Active,1189,11,13,,1,1122,BGR North,3,3,,43
2025-08,OUT0004,Shoppers Stop - Kolkata 4,Shoppers Stop,Department Store,Kolkata,West Bengal,East,SKU0001,Blush & Co Moisturizer A,Blush & Co,Skincare,Moisturizer,Others,Active,2319,15,20,,2,5689,BGR East,7,7,,43
2025-08,OUT0004,Shoppers Stop - Kolkata 4,Shoppers Stop,Department Store,Kolkata,West Bengal,East,SKU0002,Verde Moisturizer B,Verde,Skincare,Moisturizer,Top 10,Active,1179,34,50,,17,20143,BGR East,33,33,,46
2025-08,OUT0004,Shoppers Stop - Kolkata 4,Shoppers Stop,Department Store,Kolkata,West Bengal,East,SKU0003,Verde Serum A,Verde,Skincare,Serum,Top 25,Active,2419,55,54,,15,37911,BGR East,14,14,,46
2025-08,OUT0004,Shoppers Stop - Kolkata 4,Shoppers Stop,Department Store,Kolkata,West Bengal,East,SKU0004,Northline Serum B,Northline,Skincare,Serum,Top 25,Active,2489,48,54,,9,27804,BGR East,16,15,,45
2025-08,OUT0004,Shoppers Stop - Kolkata 4,Shoppers Stop,Department Store,Kolkata,West Bengal,East,SKU0005,Northline Serum C,Northline,Skincare,Serum,Others,Inactive,1819,9,11,,2,4556,BGR East,6,4,,45
2025-08,OUT0004,Shoppers Stop - Kolkata 4,Shoppers Stop,Department Store,Kolkata,West Bengal,East,SKU0006,Blush & Co Cleanser A,Blush & Co,Skincare,Cleanser,Top 10,Active,289,26,0,,41,11505,BGR East,63,50,,47
2025-08,OUT0004,Shoppers Stop - Kolkata 4,Shoppers Stop,Department Store,Kolkata,West Bengal,East,SKU0007,Northline Cleanser B,Northline,Skincare,Cleanser,Others,Active,1809,0,3,,2,3666,BGR East,6,5,,47
2025-08,OUT0004,Shoppers Stop - Kolkata 4,Shoppers Stop,Department Store,Kolkata,West Bengal,East,SKU0008,Lumina Sunscreen A,Lumina,Skincare,Sunscreen,Others,Active,1599,8,8,,1,1875,BGR East,2,1,,43
2025-08,OUT0004,Shoppers Stop - Kolkata 4,Shoppers Stop,Department Store,Kolkata,West Bengal,East,SKU0009,Blush & Co Sunscreen B,Blush & Co,Skincare,Sunscreen,Others,Inactive,1629,22,30,,4,6786,BGR East,12,12,,43
2025-08,OUT0004,Shoppers Stop - Kolkata 4,Shoppers Stop,Department Store,Kolkata,West Bengal,East,SKU0011,Lumina Foundation B,Lumina,Makeup,Foundation,Top 10,Inactive,1889,95,0,,36,77248,BGR East,54,51,,48
2025-08,OUT0004,Shoppers Stop - Kolkata 4,Shoppers Stop,Department Store,Kolkata,West Bengal,East,SKU0012,Northline Lipstick A,Northline,Makeup,Lipstick,Others,Active,2429,6,12,,2,5959,BGR East,8,8,,49
2025-08,OUT0004,Shoppers Stop - Kolkata 4,Shoppers Stop,Department Store,Kolkata,West Bengal,East,SKU0013,Northline Lipstick B,Northline,Makeup,Lipstick,Others,Active,2469,11,14,,1,2472,BGR East,5,4,,53
2025-08,OUT0004,Shoppers Stop - Kolkata 4,Shoppers Stop,Department Store,Kolkata,West Bengal,East,SKU0014,Lumina Lipstick C,Lumina,Makeup,Lipstick,Top 25,Active,1729,36,0,,11,20427,BGR East,13,12,,50
2025-08,OUT0004,Shoppers Stop - Kolkata 4,Shoppers Stop,Department Store,Kolkata,West Bengal,East,SKU0015,Blush & Co Mascara A,Blush & Co,Makeup,Mascara,Top 25,Active,1219,55,65,,13,17509,BGR East,23,23,,50
2025-08,OUT0004,Shoppers Stop - Kolkata 4,Shoppers Stop,Department Store,Kolkata,West Bengal,East,SKU0016,Verde Mascara B,Verde,Makeup,Mascara,Top 25,Active,199,21,0,,12,2788,BGR East,16,12,,49
2025-08,OUT0004,Shoppers Stop - Kolkata 4,Shoppers Stop,Department Store,Kolkata,West Bengal,East,SKU0018,Northline Eyeliner A,Northline,Makeup,Eyeliner,Others,Active,1959,12,0,,1,2192,BGR East,3,3,,50
2025-08,OUT0004,Shoppers Stop - Kolkata 4,Shoppers Stop,Department Store,Kolkata,West Bengal,East,SKU0020,Lumina Shampoo A,Lumina,Haircare,Shampoo,Top 10,Active,509,58,63,,24,11174,BGR East,42,29,,38
2025-08,OUT0004,Shoppers Stop - Kolkata 4,Shoppers Stop,Department Store,Kolkata,West Bengal,East,SKU0022,Northline Conditioner A,Northline,Haircare,Conditioner,Others,Active,779,16,0,,4,3064,BGR East,9,9,,33
2025-08,OUT0004,Shoppers Stop - Kolkata 4,Shoppers Stop,Department Store,Kolkata,West Bengal,East,SKU0027,Lumina EDP B,Lumina,Fragrance,EDP,Top 10,Active,529,70,78,,29,15839,BGR East,42,37,,56
2025-08,OUT0004,Shoppers Stop - Kolkata 4,Shoppers Stop,Department Store,Kolkata,West Bengal,East,SKU0029,Blush & Co EDT B,Blush & Co,Fragrance,EDT,Top 25,Active,479,14,15,,7,3315,BGR East,11,8,,57
2025-08,OUT0004,Shoppers Stop - Kolkata 4,Shoppers Stop,Department Store,Kolkata,West Bengal,East,SKU0031,Lumina Body Mist A,Lumina,Fragrance,Body Mist,Top 25,Active,2119,40,43,,2,4078,BGR East,8,5,,58
2025-08,OUT0004,Shoppers Stop - Kolkata 4,Shoppers Stop,Department Store,Kolkata,West Bengal,East,SKU0033,Northline Body Lotion A,Northline,Bath & Body,Body Lotion,Top 10,Active,1239,63,60,,29,39440,BGR East,28,26,,38
2025-08,OUT0004,Shoppers Stop - Kolkata 4,Shoppers Stop,Department Store,Kolkata,West Bengal,East,SKU0036,Northline Body Wash B,Northline,Bath & Body,Body Wash,Others,Active,1179,6,10,,0,0,BGR East,4,4,,43
2025-08,OUT0004,Shoppers Stop - Kolkata 4,Shoppers Stop,Department Store,Kolkata,West Bengal,East,SKU0037,Verde Body Wash C,Verde,Bath & Body,Body Wash,Top 25,Active,2239,7,6,,8,17874,BGR East,9,7,,41
2025-08,OUT0004,Shoppers Stop - Kolkata 4,Shoppers Stop,Department Store,Kolkata,West Bengal,East,SKU0038,Blush & Co Hand Cream A,Blush & Co,Bath & Body,Hand Cream,Others,Active,489,33,33,,4,1900,BGR East,7,4,,38
2025-08,OUT0005,Shoppers Stop - Noida 5,Shoppers Stop,Department Store,Noida,UP,North,SKU0001,Blush & Co Moisturizer A,Blush & Co,Skincare,Moisturizer,Others,Active,2319,2,7,,0,0,BGR North,5,5,,43
2025-08,OUT0005,Shoppers Stop - Noida 5,Shoppers Stop,Department Store,Noida,UP,North,SKU0002,Verde Moisturizer B,Verde,Skincare,Moisturizer,Top 10,Active,1179,24,30,,7,8363,BGR North,14,13,,46
2025-08,OUT0005,Shoppers Stop - Noida 5,Shoppers Stop,Department Store,Noida,UP,North,SKU0003,Verde Serum A,Verde,Skincare,Serum,Top 25,Active,2419,31,31,,4,10201,BGR North,5,4,,42
2025-08,OUT0005,Shoppers Stop - Noida 5,Shoppers Stop,Department Store,Noida,UP,North,SKU0004,Northline Serum B,Northline,Skincare,Serum,Top 25,Active,2489,3,8,,2,6248,BGR North,7,7,,42
2025-08,OUT0005,Shoppers Stop - Noida 5,Shoppers Stop,Department Store,Noida,UP,North,SKU0006,Blush & Co Cleanser A,Blush & Co,Skincare,Cleanser,Top 10,Active,289,46,45,,5,1551,BGR North,5,4,,43
2025-08,OUT0005,Shoppers Stop - Noida 5,Shoppers Stop,Department Store,Noida,UP,North,SKU0010,Blush & Co Foundation A,Blush & Co,Makeup,Foundation,Others,Active,1419,7,8,,1,1271,BGR North,3,2,,53
2025-08,OUT0005,Shoppers Stop - Noida 5,Shoppers Stop,Department Store,Noida,UP,North,SKU0011,Lumina Foundation B,Lumina,Makeup,Foundation,Top 10,Inactive,1889,2,8,,5,11759,BGR North,11,11,,53
2025-08,OUT0005,Shoppers Stop - Noida 5,Shoppers Stop,Department Store,Noida,UP,North,SKU0012,Northline Lipstick A,Northline,Makeup,Lipstick,Others,Active,2429,4,4,,0,0,BGR North,0,0,,51
2025-08,OUT0005,Shoppers Stop - Noida 5,Shoppers Stop,Department Store,Noida,UP,North,SKU0014,Lumina Lipstick C,Lumina,Makeup,Lipstick,Top 25,Active,1729,20,24,,2,3301,BGR North,7,6,,47
2025-08,OUT0005,Shoppers Stop - Noida 5,Shoppers Stop,Department Store,Noida,UP,North,SKU0015,Blush & Co Mascara A,Blush & Co,Makeup,Mascara,Top 25,Active,1219,3,7,,0,0,BGR North,4,4,,51
2025-08,OUT0005,Shoppers Stop - Noida 5,Shoppers Stop,Department Store,Noida,UP,North,SKU0016,Verde Mascara B,Verde,Makeup,Mascara,Top 25,Active,199,6,7,,3,751,BGR North,4,4,,52
2025-08,OUT0005,Shoppers Stop - Noida 5,Shoppers Stop,Department Store,Noida,UP,North,SKU0017,Lumina Mascara C,Lumina,Makeup,Mascara,Top 10,Active,529,25,28,,10,4808,BGR North,17,13,,52
2025-08,OUT0005,Shoppers Stop - Noida 5,Shoppers Stop,Department Store,Noida,UP,North,SKU0018,Northline Eyeliner A,Northline,Makeup,Eyeliner,Others,Active,1959,13,15,,0,0,BGR North,3,2,,53
2025-08,OUT0005,Shoppers Stop - Noida 5,Shoppers Stop,Department Store,Noida,UP,North,SKU0019,Northline Eyeliner B,Northline,Makeup,Eyeliner,Others,Active,1889,1,0,,1,1719,BGR North,1,0,,50
2025-08,OUT0005,Shoppers Stop - Noida 5,Shoppers Stop,Department Store,Noida,UP,North,SKU0020,Lumina Shampoo A,Lumina,Haircare,Shampoo,Top 10,Active,509,0,2,,5,2601,BGR North,9,7,,34
2025-08,OUT0005,Shoppers Stop - Noida 5,Shoppers Stop,Department Store,Noida,UP,North,SKU0021,Verde Shampoo B,Verde,Haircare,Shampoo,Others,Active,1319,3,4,,1,1279,BGR North,3,2,,38
2025-08,OUT0005,Shoppers Stop - Noida 5,Shoppers Stop,Department Store,Noida,UP,North,SKU0022,Northline Conditioner A,Northline,Haircare,Conditioner,Others,Active,779,13,13,,1,770,BGR North,2,1,,38
2025-08,OUT0005,Shoppers Stop - Noida 5,Shoppers Stop,Department Store,Noida,UP,North,SKU0027,Lumina EDP B,Lumina,Fragrance,EDP,Top 10,Active,529,19,27,,11,5959,BGR North,22,19,,56
2025-08,OUT0005,Shoppers Stop - Noida 5,Shoppers Stop,Department Store,Noida,UP,North,SKU0029,Blush & Co EDT B,Blush & Co,Fragrance,EDT,Top 25,Active,479,4,8,,3,1351,BGR North,8,7,,57
2025-08,OUT0005,Shoppers Stop - Noida 5,Shoppers Stop,Department Store,Noida,UP,North,SKU0033,Northline Body Lotion A,Northline,Bath & Body,Body Lotion,Top 10,Active,1239,29,31,,12,15037,BGR North,20,14,,40
2025-08,OUT0005,Shoppers Stop - Noida 5,Shoppers Stop,Department Store,Noida,UP,North,SKU0034,Northline Body Lotion B,Northline,Bath & Body,Body Lotion,Top 25,Active,989,19,21,,4,3873,BGR North,5,4,,38
2025-08,OUT0005,Shoppers Stop - Noida 5,Shoppers Stop,Department Store,Noida,UP,North,SKU0035,Northline Body Wash A,Northline,Bath & Body,Body Wash,Others,Active,469,8,10,,1,512,BGR North,4,3,,39
2025-08,OUT0005,Shoppers Stop - Noida 5,Shoppers Stop,Department Store,Noida,UP,North,SKU0036,Northline Body Wash B,Northline,Bath & Body,Body Wash,Others,Active,1179,6,6,,0,0,BGR North,0,0,,42
2025-08,OUT0005,Shoppers Stop - Noida 5,Shoppers Stop,Department Store,Noida,UP,North,SKU0037,Verde Body Wash C,Verde,Bath & Body,Body Wash,Top 25,Active,2239,3,6,,3,7049,BGR North,9,6,,37
2025-08,OUT0005,Shoppers Stop - Noida 5,Shoppers Stop,Department Store,Noida,UP,North,SKU0038,Blush & Co Hand Cream A,Blush & Co,Bath & Body,Hand Cream,Others,Active,489,8,9,,1,448,BGR North,2,2,,37
2025-08,OUT0005,Shoppers Stop - Noida 5,Shoppers Stop,Department Store,Noida,UP,North,SKU0039,Northline Hand Cream B,Northline,Bath & Body,Hand Cream,Others,Active,1189,4,9,,1,1130,BGR North,7,6,,40
2025-08,OUT0006,Shoppers Stop - Surat 6,Shoppers Stop,Department Store,Surat,Gujarat,West,SKU0001,Blush & Co Moisturizer A,Blush & Co,Skincare,Moisturizer,Others,Active,2319,2,4,,1,2118,BGR West,4,3,,42
2025-08,OUT0006,Shoppers Stop - Surat 6,Shoppers Stop,Department Store,Surat,Gujarat,West,SKU0002,Verde Moisturizer B,Verde,Skincare,Moisturizer,Top 10,Active,1179,25,27,,9,12142,BGR West,12,11,,43
2025-08,OUT0006,Shoppers Stop - Surat 6,Shoppers Stop,Department Store,Surat,Gujarat,West,SKU0003,Verde Serum A,Verde,Skincare,Serum,Top 25,Active,2419,24,25,,2,4485,BGR West,4,3,,47
2025-08,OUT0006,Shoppers Stop - Surat 6,Shoppers Stop,Department Store,Surat,Gujarat,West,SKU0005,Northline Serum C,Northline,Skincare,Serum,Others,Inactive,1819,5,10,,0,0,BGR West,5,5,,44
2025-08,OUT0006,Shoppers Stop - Surat 6,Shoppers Stop,Department Store,Surat,Gujarat,West,SKU0006,Blush & Co Cleanser A,Blush & Co,Skincare,Cleanser,Top 10,Active,289,27,33,,11,3203,BGR West,19,17,,45
2025-08,OUT0006,Shoppers Stop - Surat 6,Shoppers Stop,Department Store,Surat,Gujarat,West,SKU0007,Northline Cleanser B,Northline,Skincare,Cleanser,Others,Active,1809,9,13,,0,0,BGR West,5,4,,47
2025-08,OUT0006,Shoppers Stop - Surat 6,Shoppers Stop,Department Store,Surat,Gujarat,West,SKU0008,Lumina Sunscreen A,Lumina,Skincare,Sunscreen,Others,Active,1599,10,14,,0,0,BGR West,4,4,,44
2025-08,OUT0006,Shoppers Stop - Surat 6,Shoppers Stop,Department Store,Surat,Gujarat,West,SKU0011,Lumina Foundation B,Lumina,Makeup,Foundation,Top 10,Inactive,1889,39,48,,9,15575,BGR West,18,18,,49
2025-08,OUT0006,Shoppers Stop - Surat 6,Shoppers Stop,Department Store,Surat,Gujarat,West,SKU0012,Northline Lipstick A,Northline,Makeup,Lipstick,Others,Active,2429,7,10,,0,0,BGR West,3,3,,51
2025-08,OUT0006,Shoppers Stop - Surat 6,Shoppers Stop,Department Store,Surat,Gujarat,West,SKU0013,Northline Lipstick B,Northline,Makeup,Lipstick,Others,Active,2469,4,7,,0,0,BGR West,4,3,,49
2025-08,OUT0006,Shoppers Stop - Surat 6,Shoppers Stop,Department Store,Surat,Gujarat,West,SKU0014,Lumina Lipstick C,Lumina,Makeup,Lipstick,Top 25,Active,1729,11,14,,4,8034,BGR West,9,7,,48
2025-08,OUT0006,Shoppers Stop - Surat 6,Shoppers Stop,Department Store,Surat,Gujarat,West,SKU0016,Verde Mascara B,Verde,Makeup,Mascara,Top 25,Active,199,14,14,,3,667,BGR West,4,3,,51
2025-08,OUT0006,Shoppers Stop - Surat 6,Shoppers Stop,Department Store,Surat,Gujarat,West,SKU0017,Lumina Mascara C,Lumina,Makeup,Mascara,Top 10,Active,529,28,29,,5,2451,BGR West,6,6,,52
2025-08,OUT0006,Shoppers Stop - Surat 6,Shoppers Stop,Department Store,Surat,Gujarat,West,SKU0018,Northline Eyeliner A,Northline,Makeup,Eyeliner,Others,Active,1959,2,1,,1,1836,BGR West,1,0,,49
2025-08,OUT0006,Shoppers Stop - Surat 6,Shoppers Stop,Department Store,Surat,Gujarat,West,SKU0020,Lumina Shampoo A,Lumina,Haircare,Shampoo,Top 10,Active,509,0,0,,7,4266,BGR West,9,6,,37
2025-08,OUT0006,Shoppers Stop - Surat 6,Shoppers Stop,Department Store,Surat,Gujarat,West,SKU0021,Verde Shampoo B,Verde,Haircare,Shampoo,Others,Active,1319,0,2,,1,1255,BGR West,3,3,,32
2025-08,OUT0006,Shoppers Stop - Surat 6,Shoppers Stop,Department Store,Surat,Gujarat,West,SKU0027,Lumina EDP B,Lumina,Fragrance,EDP,Top 10,Active,529,7,21,,13,6475,BGR West,27,27,,55
2025-08,OUT0006,Shoppers Stop - Surat 6,Shoppers Stop,Department Store,Surat,Gujarat,West,SKU0028,Northline EDT A,Northline,Fragrance,EDT,Top 25,Active,1109,5,7,,6,7031,BGR West,12,8,,56
2025-08,OUT0006,Shoppers Stop - Surat 6,Shoppers Stop,Department Store,Surat,Gujarat,West,SKU0031,Lumina Body Mist A,Lumina,Fragrance,Body Mist,Top 25,Active,2119,6,9,,5,12795,BGR West,8,8,,55
2025-08,OUT0006,Shoppers Stop - Surat 6,Shoppers Stop,Department Store,Surat,Gujarat,West,SKU0033,Northline Body Lotion A,Northline,Bath & Body,Body Lotion,Top 10,Active,1239,32,38,,13,20213,BGR West,28,19,,38
2025-08,OUT0006,Shoppers Stop - Surat 6,Shoppers Stop,Department Store,Surat,Gujarat,West,SKU0034,Northline Body Lotion B,Northline,Bath & Body,Body Lotion,Top 25,Active,989,1,0,,5,5089,BGR West,6,4,,39
2025-08,OUT0006,Shoppers Stop - Surat 6,Shoppers Stop,Department Store,Surat,Gujarat,West,SKU0035,Northline Body Wash A,Northline,Bath & Body,Body Wash,Others,Active,469,0,0,,1,522,BGR West,6,5,,40
2025-08,OUT0006,Shoppers Stop - Surat 6,Shoppers Stop,Department Store,Surat,Gujarat,West,SKU0036,Northline Body Wash B,Northline,Bath & Body,Body Wash,Others,Active,1179,9,9,,0,0,BGR West,1,0,,39
2025-08,OUT0006,Shoppers Stop - Surat 6,Shoppers Stop,Department Store,Surat,Gujarat,West,SKU0037,Verde Body Wash C,Verde,Bath & Body,Body Wash,Top 25,Active,2239,17,23,,3,7577,BGR West,9,9,,37
2025-08,OUT0006,Shoppers Stop - Surat 6,Shoppers Stop,Department Store,Surat,Gujarat,West,SKU0039,Northline Hand Cream B,Northline,Bath & Body,Hand Cream,Others,Active,1189,12,15,,2,2956,BGR West,5,5,,38
2025-08,OUT0007,Shoppers Stop - Hyderabad 7,Shoppers Stop,Department Store,Hyderabad,Telangana,South,SKU0002,Verde Moisturizer B,Verde,Skincare,Moisturizer,Top 10,Active,1179,12,18,,5,7426,BGR South,11,11,,48
2025-08,OUT0007,Shoppers Stop - Hyderabad 7,Shoppers Stop,Department Store,Hyderabad,Telangana,South,SKU0005,Northline Serum C,Northline,Skincare,Serum,Others,Inactive,1819,4,0,,0,0,BGR South,0,0,,43
2025-08,OUT0007,Shoppers Stop - Hyderabad 7,Shoppers Stop,Department Store,Hyderabad,Telangana,South,SKU0006,Blush & Co Cleanser A,Blush & Co,Skincare,Cleanser,Top 10,Active,289,14,20,,8,2870,BGR South,15,14,,48
2025-08,OUT0007,Shoppers Stop - Hyderabad 7,Shoppers Stop,Department Store,Hyderabad,Telangana,South,SKU0008,Lumina Sunscreen A,Lumina,Skincare,Sunscreen,Others,Active,1599,5,8,,0,0,BGR South,4,3,,46
2025-08,OUT0007,Shoppers Stop - Hyderabad 7,Shoppers Stop,Department Store,Hyderabad,Telangana,South,SKU0009,Blush & Co Sunscreen B,Blush & Co,Skincare,Sunscreen,Others,Inactive,1629,4,0,,2,4036,BGR South,6,5,,48
2025-08,OUT0007,Shoppers Stop - Hyderabad 7,Shoppers Stop,Department Store,Hyderabad,Telangana,South,SKU0010,Blush & Co Foundation A,Blush & Co,Makeup,Foundation,Others,Active,1419,5,7,,1,1778,BGR South,5,3,,49
2025-08,OUT0007,Shoppers Stop - Hyderabad 7,Shoppers Stop,Department Store,Hyderabad,Telangana,South,SKU0011,Lumina Foundation B,Lumina,Makeup,Foundation,Top 10,Inactive,1889,40,46,,7,14846,BGR South,14,13,,49
2025-08,OUT0007,Shoppers Stop - Hyderabad 7,Shoppers Stop,Department Store,Hyderabad,Telangana,South,SKU0012,Northline Lipstick A,Northline,Makeup,Lipstick,Others,Active,2429,4,0,,0,0,BGR South,2,1,,51
2025-08,OUT0007,Shoppers Stop - Hyderabad 7,Shoppers Stop,Department Store,Hyderabad,Telangana,South,SKU0014,Lumina Lipstick C,Lumina,Makeup,Lipstick,Top 25,Active,1729,19,22,,4,7929,BGR South,7,7,,53
2025-08,OUT0007,Shoppers Stop - Hyderabad 7,Shoppers Stop,Department Store,Hyderabad,Telangana,South,SKU0015,Blush & Co Mascara A,Blush & Co,Makeup,Mascara,Top 25,Active,1219,19,17,,5,5609,BGR South,4,3,,49
2025-08,OUT0007,Shoppers Stop - Hyderabad 7,Shoppers Stop,Department Store,Hyderabad,Telangana,South,SKU0016,Verde Mascara B,Verde,Makeup,Mascara,Top 25,Active,199,7,6,,3,729,BGR South,3,2,,52
2025-08,OUT0007,Shoppers Stop - Hyderabad 7,Shoppers Stop,Department Store,Hyderabad,Telangana,South,SKU0017,Lumina Mascara C,Lumina,Makeup,Mascara,Top 10,Active,529,17,19,,12,6469,BGR South,18,14,,53
2025-08,OUT0007,Shoppers Stop - Hyderabad 7,Shoppers Stop,Department Store,Hyderabad,Telangana,South,SKU0018,Northline Eyeliner A,Northline,Makeup,Eyeliner,Others,Active,1959,0,3,,0,0,BGR South,4,3,,47
2025-08,OUT0007,Shoppers Stop - Hyderabad 7,Shoppers Stop,Department Store,Hyderabad,Telangana,South,SKU0019,Northline Eyeliner B,Northline,Makeup,Eyeliner,Others,Active,1889,7,10,,1,1983,BGR South,4,4,,52
2025-08,OUT0007,Shoppers Stop - Hyderabad 7,Shoppers Stop,Department Store,Hyderabad,Telangana,South,SKU0022,Northline Conditioner A,Northline,Haircare,Conditioner,Others,Active,779,0,1,,1,713,BGR South,3,2,,32
2025-08,OUT0007,Shoppers Stop - Hyderabad 7,Shoppers Stop,Department Store,Hyderabad,Telangana,South,SKU0023,Northline Conditioner B,Northline,Haircare,Conditioner,Others,Active,379,2,2,,0,0,BGR South,1,0,,37
2025-08,OUT0007,Shoppers Stop - Hyderabad 7,Shoppers Stop,Department Store,Hyderabad,Telangana,South,SKU0027,Lumina EDP B,Lumina,Fragrance,EDP,Top 10,Active,529,31,38,,10,5335,BGR South,19,17,,54
2025-08,OUT0007,Shoppers Stop - Hyderabad 7,Shoppers Stop,Department Store,Hyderabad,Telangana,South,SKU0031,Lumina Body Mist A,Lumina,Fragrance,Body Mist,Top 25,Active,2119,19,25,,5,12416,BGR South,11,11,,53
2025-08,OUT0007,Shoppers Stop - Hyderabad 7,Shoppers Stop,Department Store,Hyderabad,Telangana,South,SKU0032,Northline Body Mist B,Northline,Fragrance,Body Mist,Others,Inactive,2229,10,10,,2,4908,BGR South,3,2,,52
2025-08,OUT0007,Shoppers Stop - Hyderabad 7,Shoppers Stop,Department Store,Hyderabad,Telangana,South,SKU0034,Northline Body Lotion B,Northline,Bath & Body,Body Lotion,Top 25,Active,989,26,31,,5,5482,BGR South,11,10,,40
2025-08,OUT0007,Shoppers Stop - Hyderabad 7,Shoppers Stop,Department Store,Hyderabad,Telangana,South,SKU0035,Northline Body Wash A,Northline,Bath & Body,Body Wash,Others,Active,469,6,5,,1,568,BGR South,1,0,,38
2025-08,OUT0007,Shoppers Stop - Hyderabad 7,Shoppers Stop,Department Store,Hyderabad,Telangana,South,SKU0036,Northline Body Wash B,Northline,Bath & Body,Body Wash,Others,Active,1179,3,3,,0,0,BGR South,1,0,,38
2025-08,OUT0007,Shoppers Stop - Hyderabad 7,Shoppers Stop,Department Store,Hyderabad,Telangana,South,SKU0037,Verde Body Wash C,Verde,Bath & Body,Body Wash,Top 25,Active,2239,0,0,,2,4582,BGR South,2,1,,38
2025-08,OUT0007,Shoppers Stop - Hyderabad 7,Shoppers Stop,Department Store,Hyderabad,Telangana,South,SKU0039,Northline Hand Cream B,Northline,Bath & Body,Hand Cream,Others,Active,1189,8,9,,2,2411,BGR South,5,3,,43
2025-08,OUT0008,Shoppers Stop - Ahmedabad 8,Shoppers Stop,Department Store,Ahmedabad,Gujarat,West,SKU0002,Verde Moisturizer B,Verde,Skincare,Moisturizer,Top 10,Active,1179,38,44,,25,30011,BGR West,31,31,,48
2025-08,OUT0008,Shoppers Stop - Ahmedabad 8,Shoppers Stop,Department Store,Ahmedabad,Gujarat,West,SKU0003,Verde Serum A,Verde,Skincare,Serum,Top 25,Active,2419,0,4,,9,21065,BGR West,19,13,,44
2025-08,OUT0008,Shoppers Stop - Ahmedabad 8,Shoppers Stop,Department Store,Ahmedabad,Gujarat,West,SKU0004,Northline Serum B,Northline,Skincare,Serum,Top 25,Active,2489,21,21,,3,7412,BGR West,5,3,,48
2025-08,OUT0008,Shoppers Stop - Ahmedabad 8,Shoppers Stop,Department Store,Ahmedabad,Gujarat,West,SKU0006,Blush & Co Cleanser A,Blush & Co,Skincare,Cleanser,Top 10,Active,289,68,81,,16,5747,BGR West,31,29,,46
2025-08,OUT0008,Shoppers Stop - Ahmedabad 8,Shoppers Stop,Department Store,Ahmedabad,Gujarat,West,SKU0010,Blush & Co Foundation A,Blush & Co,Makeup,Foundation,Others,Active,1419,6,6,,2,2942,BGR West,2,2,,47
2025-08,OUT0008,Shoppers Stop - Ahmedabad 8,Shoppers Stop,Department Store,Ahmedabad,Gujarat,West,SKU0011,Lumina Foundation B,Lumina,Makeup,Foundation,Top 10,Inactive,1889,20,34,,14,29556,BGR West,28,28,,52
2025-08,OUT0008,Shoppers Stop - Ahmedabad 8,Shoppers Stop,Department Store,Ahmedabad,Gujarat,West,SKU0012,Northline Lipstick A,Northline,Makeup,Lipstick,Others,Active,2429,9,10,,1,2619,BGR West,3,2,,49
2025-08,OUT0008,Shoppers Stop - Ahmedabad 8,Shoppers Stop,Department Store,Ahmedabad,Gujarat,West,SKU0013,Northline Lipstick B,Northline,Makeup,Lipstick,Others,Active,2469,9,9,,0,0,BGR West,1,0,,47
2025-08,OUT0008,Shoppers Stop - Ahmedabad 8,Shoppers Stop,Department Store,Ahmedabad,Gujarat,West,SKU0014,Lumina Lipstick C,Lumina,Makeup,Lipstick,Top 25,Active,1729,8,6,,6,11646,BGR West,5,4,,52
2025-08,OUT0008,Shoppers Stop - Ahmedabad 8,Shoppers Stop,Department Store,Ahmedabad,Gujarat,West,SKU0015,Blush & Co Mascara A,Blush & Co,Makeup,Mascara,Top 25,Active,1219,32,66,,11,12610,BGR West,21,14,,53
2025-08,OUT0008,Shoppers Stop - Ahmedabad 8,Shoppers Stop,Department Store,Ahmedabad,Gujarat,West,SKU0017,Lumina Mascara C,Lumina,Makeup,Mascara,Top 10,Active,529,116,148,,24,13908,BGR West,24,21,,52
2025-08,OUT0008,Shoppers Stop - Ahmedabad 8,Shoppers Stop,Department Store,Ahmedabad,Gujarat,West,SKU0019,Northline Eyeliner B,Northline,Makeup,Eyeliner,Others,Active,1889,7,8,,2,4196,BGR West,3,3,,53
2025-08,OUT0008,Shoppers Stop - Ahmedabad 8,Shoppers Stop,Department Store,Ahmedabad,Gujarat,West,SKU0020,Lumina Shampoo A,Lumina,Haircare,Shampoo,Top 10,Active,509,43,60,,20,10027,BGR West,37,37,,33
2025-08,OUT0008,Shoppers Stop - Ahmedabad 8,Shoppers Stop,Department Store,Ahmedabad,Gujarat,West,SKU0021,Verde Shampoo B,Verde,Haircare,Shampoo,Others,Active,1319,6,11,,3,3572,BGR West,8,8,,36
2025-08,OUT0008,Shoppers Stop - Ahmedabad 8,Shoppers Stop,Department Store,Ahmedabad,Gujarat,West,SKU0023,Northline Conditioner B,Northline,Haircare,Conditioner,Others,Active,379,5,8,,0,0,BGR West,4,3,,37
2025-08,OUT0008,Shoppers Stop - Ahmedabad 8,Shoppers Stop,Department Store,Ahmedabad,Gujarat,West,SKU0027,Lumina EDP B,Lumina,Fragrance,EDP,Top 10,Active,529,6,16,,18,10885,BGR West,36,28,,58
2025-08,OUT0008,Shoppers Stop - Ahmedabad 8,Shoppers Stop,Department Store,Ahmedabad,Gujarat,West,SKU0028,Northline EDT A,Northline,Fragrance,EDT,Top 25,Active,1109,41,46,,10,11277,BGR West,19,15,,56
2025-08,OUT0008,Shoppers Stop - Ahmedabad 8,Shoppers Stop,Department Store,Ahmedabad,Gujarat,West,SKU0033,Northline Body Lotion A,Northline,Bath & Body,Body Lotion,Top 10,Active,1239,44,52,,18,27658,BGR West,26,26,,43
2025-08,OUT0008,Shoppers Stop - Ahmedabad 8,Shoppers Stop,Department Store,Ahmedabad,Gujarat,West,SKU0034,Northline Body Lotion B,Northline,Bath & Body,Body Lotion,Top 25,Active,989,25,30,,7,7817,BGR West,14,12,,42
2025-08,OUT0008,Shoppers Stop - Ahmedabad 8,Shoppers Stop,Department Store,Ahmedabad,Gujarat,West,SKU0035,Northline Body Wash A,Northline,Bath & Body,Body Wash,Others,Active,469,8,11,,1,575,BGR West,4,4,,40
2025-08,OUT0008,Shoppers Stop - Ahmedabad 8,Shoppers Stop,Department Store,Ahmedabad,Gujarat,West,SKU0037,Verde Body Wash C,Verde,Bath & Body,Body Wash,Top 25,Active,2239,29,32,,4,8060,BGR West,8,7,,39
2025-08,OUT0008,Shoppers Stop - Ahmedabad 8,Shoppers Stop,Department Store,Ahmedabad,Gujarat,West,SKU0039,Northline Hand Cream B,Northline,Bath & Body,Hand Cream,Others,Active,1189,14,18,,3,3726,BGR West,7,7,,37
2025-08,OUT0009,Shoppers Stop - Lucknow 9,Shoppers Stop,Department Store,Lucknow,UP,North,SKU0001,Blush & Co Moisturizer A,Blush & Co,Skincare,Moisturizer,Others,Active,2319,1,1,,1,2164,BGR North,1,1,,45
2025-08,OUT0009,Shoppers Stop - Lucknow 9,Shoppers Stop,Department Store,Lucknow,UP,North,SKU0002,Verde Moisturizer B,Verde,Skincare,Moisturizer,Top 10,Active,1179,48,53,,16,23506,BGR North,27,21,,42
2025-08,OUT0009,Shoppers Stop - Lucknow 9,Shoppers Stop,Department Store,Lucknow,UP,North,SKU0005,Northline Serum C,Northline,Skincare,Serum,Others,Inactive,1819,4,6,,2,3702,BGR North,4,4,,44
2025-08,OUT0009,Shoppers Stop - Lucknow 9,Shoppers Stop,Department Store,Lucknow,UP,North,SKU0006,Blush & Co Cleanser A,Blush & Co,Skincare,Cleanser,Top 10,Active,289,10,23,,26,7684,BGR North,44,39,,42
2025-08,OUT0009,Shoppers Stop - Lucknow 9,Shoppers Stop,Department Store,Lucknow,UP,North,SKU0010,Blush & Co Foundation A,Blush & Co,Makeup,Foundation,Others,Active,1419,5,5,,2,3173,BGR North,3,2,,53
2025-08,OUT0009,Shoppers Stop - Lucknow 9,Shoppers Stop,Department Store,Lucknow,UP,North,SKU0011,Lumina Foundation B,Lumina,Makeup,Foundation,Top 10,Inactive,1889,49,60,,15,27478,BGR North,26,26,,52
2025-08,OUT0009,Shoppers Stop - Lucknow 9,Shoppers Stop,Department Store,Lucknow,UP,North,SKU0012,Northline Lipstick A,Northline,Makeup,Lipstick,Others,Active,2429,10,15,,1,2714,BGR North,6,6,,50
2025-08,OUT0009,Shoppers Stop - Lucknow 9,Shoppers Stop,Department Store,Lucknow,UP,North,SKU0015,Blush & Co Mascara A,Blush & Co,Makeup,Mascara,Top 25,Active,1219,17,22,,9,12372,BGR North,15,14,,52
2025-08,OUT0009,Shoppers Stop - Lucknow 9,Shoppers Stop,Department Store,Lucknow,UP,North,SKU0016,Verde Mascara B,Verde,Makeup,Mascara,Top 25,Active,199,20,22,,6,1182,BGR North,9,8,,50
2025-08,OUT0009,Shoppers Stop - Lucknow 9,Shoppers Stop,Department Store,Lucknow,UP,North,SKU0017,Lumina Mascara C,Lumina,Makeup,Mascara,Top 10,Active,529,19,0,,9,5900,BGR North,11,10,,53
2025-08,OUT0009,Shoppers Stop - Lucknow 9,Shoppers Stop,Department Store,Lucknow,UP,North,SKU0018,Northline Eyeliner A,Northline,Makeup,Eyeliner,Others,Active,1959,8,11,,1,2124,BGR North,5,4,,49
2025-08,OUT0009,Shoppers Stop - Lucknow 9,Shoppers Stop,Department Store,Lucknow,UP,North,SKU0019,Northline Eyeliner B,Northline,Makeup,Eyeliner,Others,Active,1889,14,20,,1,2329,BGR North,7,7,,48
2025-08,OUT0009,Shoppers Stop - Lucknow 9,Shoppers Stop,Department Store,Lucknow,UP,North,SKU0020,Lumina Shampoo A,Lumina,Haircare,Shampoo,Top 10,Active,509,24,28,,20,9697,BGR North,24,24,,33
2025-08,OUT0009,Shoppers Stop - Lucknow 9,Shoppers Stop,Department Store,Lucknow,UP,North,SKU0021,Verde Shampoo B,Verde,Haircare,Shampoo,Others,Active,1319,18,23,,3,3646,BGR North,8,8,,37
2025-08,OUT0009,Shoppers Stop - Lucknow 9,Shoppers Stop,Department Store,Lucknow,UP,North,SKU0022,Northline Conditioner A,Northline,Haircare,Conditioner,Others,Active,779,9,14,,2,1696,BGR North,3,2,,38
2025-08,OUT0009,Shoppers Stop - Lucknow 9,Shoppers Stop,Department Store,Lucknow,UP,North,SKU0027,Lumina EDP B,Lumina,Fragrance,EDP,Top 10,Active,529,52,60,,20,9513,BGR North,40,28,,56
2025-08,OUT0009,Shoppers Stop - Lucknow 9,Shoppers Stop,Department Store,Lucknow,UP,North,SKU0030,Blush & Co EDT C,Blush & Co,Fragrance,EDT,Others,Active,779,5,5,,5,3816,BGR North,8,5,,55
2025-08,OUT0009,Shoppers Stop - Lucknow 9,Shoppers Stop,Department Store,Lucknow,UP,North,SKU0031,Lumina Body Mist A,Lumina,Fragrance,Body Mist,Top 25,Active,2119,30,30,,8,15395,BGR North,11,8,,55
2025-08,OUT0009,Shoppers Stop - Lucknow 9,Shoppers Stop,Department Store,Lucknow,UP,North,SKU0032,Northline Body Mist B,Northline,Fragrance,Body Mist,Others,Inactive,2229,10,14,,2,4507,BGR North,7,6,,57
2025-08,OUT0009,Shoppers Stop - Lucknow 9,Shoppers Stop,Department Store,Lucknow,UP,North,SKU0033,Northline Body Lotion A,Northline,Bath & Body,Body Lotion,Top 10,Active,1239,25,42,,21,25394,BGR North,38,38,,38
2025-08,OUT0009,Shoppers Stop - Lucknow 9,Shoppers Stop,Department Store,Lucknow,UP,North,SKU0037,Verde Body Wash C,Verde,Bath & Body,Body Wash,Top 25,Active,2239,33,34,,6,12344,BGR North,7,7,,38
2025-08,OUT0009,Shoppers Stop - Lucknow 9,Shoppers Stop,Department Store,Lucknow,UP,North,SKU0038,Blush & Co Hand Cream A,Blush & Co,Bath & Body,Hand Cream,Others,Active,489,25,17,,2,1126,BGR North,6,5,,38
2025-08,OUT0010,Shoppers Stop - Coimbatore 10,Shoppers Stop,Department Store,Coimbatore,Tamil Nadu,South,SKU0001,Blush & Co Moisturizer A,Blush & Co,Skincare,Moisturizer,Others,Active,2319,13,15,,1,2909,BGR South,4,3,,44
2025-08,OUT0010,Shoppers Stop - Coimbatore 10,Shoppers Stop,Department Store,Coimbatore,Tamil Nadu,South,SKU0002,Verde Moisturizer B,Verde,Skincare,Moisturizer,Top 10,Active,1179,40,41,,10,13945,BGR South,12,11,,44
2025-08,OUT0010,Shoppers Stop - Coimbatore 10,Shoppers Stop,Department Store,Coimbatore,Tamil Nadu,South,SKU0003,Verde Serum A,Verde,Skincare,Serum,Top 25,Active,2419,36,36,,12,26389,BGR South,13,12,,42
2025-08,OUT0010,Shoppers Stop - Coimbatore 10,Shoppers Stop,Department Store,Coimbatore,Tamil Nadu,South,SKU0006,Blush & Co Cleanser A,Blush & Co,Skincare,Cleanser,Top 10,Active,289,45,47,,17,5415,BGR South,20,19,,45
2025-08,OUT0010,Shoppers Stop - Coimbatore 10,Shoppers Stop,Department Store,Coimbatore,Tamil Nadu,South,SKU0008,Lumina Sunscreen A,Lumina,Skincare,Sunscreen,Others,Active,1599,2,2,,0,0,BGR South,0,0,,43
2025-08,OUT0010,Shoppers Stop - Coimbatore 10,Shoppers Stop,Department Store,Coimbatore,Tamil Nadu,South,SKU0009,Blush & Co Sunscreen B,Blush & Co,Skincare,Sunscreen,Others,Inactive,1629,1,3,,2,3309,BGR South,5,4,,45
2025-08,OUT0010,Shoppers Stop - Coimbatore 10,Shoppers Stop,Department Store,Coimbatore,Tamil Nadu,South,SKU0011,Lumina Foundation B,Lumina,Makeup,Foundation,Top 10,Inactive,1889,53,56,,13,25984,BGR South,23,16,,51
2025-08,OUT0010,Shoppers Stop - Coimbatore 10,Shoppers Stop,Department Store,Coimbatore,Tamil Nadu,South,SKU0012,Northline Lipstick A,Northline,Makeup,Lipstick,Others,Active,2429,10,13,,1,2909,BGR South,5,4,,50
2025-08,OUT0010,Shoppers Stop - Coimbatore 10,Shoppers Stop,Department Store,Coimbatore,Tamil Nadu,South,SKU0013,Northline Lipstick B,Northline,Makeup,Lipstick,Others,Active,2469,2,2,,0,0,BGR South,1,0,,52
2025-08,OUT0010,Shoppers Stop - Coimbatore 10,Shoppers Stop,Department Store,Coimbatore,Tamil Nadu,South,SKU0015,Blush & Co Mascara A,Blush & Co,Makeup,Mascara,Top 25,Active,1219,31,40,,10,12772,BGR South,19,19,,50
2025-08,OUT0010,Shoppers Stop - Coimbatore 10,Shoppers Stop,Department Store,Coimbatore,Tamil Nadu,South,SKU0017,Lumina Mascara C,Lumina,Makeup,Mascara,Top 10,Active,529,5,22,,16,9412,BGR South,33,33,,53
2025-08,OUT0010,Shoppers Stop - Coimbatore 10,Shoppers Stop,Department Store,Coimbatore,Tamil Nadu,South,SKU0020,Lumina Shampoo A,Lumina,Haircare,Shampoo,Top 10,Active,509,26,26,,14,8861,BGR South,20,14,,36
2025-08,OUT0010,Shoppers Stop - Coimbatore 10,Shoppers Stop,Department Store,Coimbatore,Tamil Nadu,South,SKU0023,Northline Conditioner B,Northline,Haircare,Conditioner,Others,Active,379,4,4,,0,0,BGR South,1,0,,32
2025-08,OUT0010,Shoppers Stop - Coimbatore 10,Shoppers Stop,Department Store,Coimbatore,Tamil Nadu,South,SKU0027,Lumina EDP B,Lumina,Fragrance,EDP,Top 10,Active,529,35,36,,10,4929,BGR South,13,11,,55
2025-08,OUT0010,Shoppers Stop - Coimbatore 10,Shoppers Stop,Department Store,Coimbatore,Tamil Nadu,South,SKU0028,Northline EDT A,Northline,Fragrance,EDT,Top 25,Active,1109,32,35,,7,7212,BGR South,10,10,,52
2025-08,OUT0010,Shoppers Stop - Coimbatore 10,Shoppers Stop,Department Store,Coimbatore,Tamil Nadu,South,SKU0030,Blush & Co EDT C,Blush & Co,Fragrance,EDT,Others,Active,779,2,3,,2,1648,BGR South,4,3,,56
2025-08,OUT0010,Shoppers Stop - Coimbatore 10,Shoppers Stop,Department Store,Coimbatore,Tamil Nadu,South,SKU0031,Lumina Body Mist A,Lumina,Fragrance,Body Mist,Top 25,Active,2119,18,23,,9,22441,BGR South,21,14,,57
2025-08,OUT0010,Shoppers Stop - Coimbatore 10,Shoppers Stop,Department Store,Coimbatore,Tamil Nadu,South,SKU0033,Northline Body Lotion A,Northline,Bath & Body,Body Lotion,Top 10,Active,1239,60,65,,15,20975,BGR South,29,20,,42
2025-08,OUT0010,Shoppers Stop - Coimbatore 10,Shoppers Stop,Department Store,Coimbatore,Tamil Nadu,South,SKU0034,Northline Body Lotion B,Northline,Bath & Body,Body Lotion,Top 25,Active,989,10,10,,7,8617,BGR South,8,7,,40
2025-08,OUT0010,Shoppers Stop - Coimbatore 10,Shoppers Stop,Department Store,Coimbatore,Tamil Nadu,South,SKU0035,Northline Body Wash A,Northline,Bath & Body,Body Wash,Others,Active,469,11,0,,1,574,BGR South,5,4,,39
2025-08,OUT0010,Shoppers Stop - Coimbatore 10,Shoppers Stop,Department Store,Coimbatore,Tamil Nadu,South,SKU0036,Northline Body Wash B,Northline,Bath & Body,Body Wash,Others,Active,1179,5,0,,1,1435,BGR South,1,0,,41
2025-08,OUT0010,Shoppers Stop - Coimbatore 10,Shoppers Stop,Department Store,Coimbatore,Tamil Nadu,South,SKU0037,Verde Body Wash C,Verde,Bath & Body,Body Wash,Top 25,Active,2239,19,25,,6,16092,BGR South,13,12,,38
2025-08,OUT0010,Shoppers Stop - Coimbatore 10,Shoppers Stop,Department Store,Coimbatore,Tamil Nadu,South,SKU0038,Blush & Co Hand Cream A,Blush & Co,Bath & Body,Hand Cream,Others,Active,489,15,15,,1,463,BGR South,2,1,,38
2025-08,OUT0010,Shoppers Stop - Coimbatore 10,Shoppers Stop,Department Store,Coimbatore,Tamil Nadu,South,SKU0039,Northline Hand Cream B,Northline,Bath & Body,Hand Cream,Others,Active,1189,15,19,,2,2673,BGR South,6,6,,40
2025-08,OUT0011,Nykaa Luxe - Pune 1,Nykaa Luxe,MBO,Pune,Maharashtra,West,SKU0001,Blush & Co Moisturizer A,Blush & Co,Skincare,Moisturizer,Others,Active,2319,9,14,,3,8095,BGR West,9,8,,47
2025-08,OUT0011,Nykaa Luxe - Pune 1,Nykaa Luxe,MBO,Pune,Maharashtra,West,SKU0002,Verde Moisturizer B,Verde,Skincare,Moisturizer,Top 10,Active,1179,71,75,,7,9865,BGR West,13,11,,48
2025-08,OUT0011,Nykaa Luxe - Pune 1,Nykaa Luxe,MBO,Pune,Maharashtra,West,SKU0003,Verde Serum A,Verde,Skincare,Serum,Top 25,Active,2419,0,7,,15,33360,BGR West,24,22,,43
2025-08,OUT0011,Nykaa Luxe - Pune 1,Nykaa Luxe,MBO,Pune,Maharashtra,West,SKU0005,Northline Serum C,Northline,Skincare,Serum,Others,Inactive,1819,0,3,,2,4360,BGR West,7,5,,46
2025-08,OUT0011,Nykaa Luxe - Pune 1,Nykaa Luxe,MBO,Pune,Maharashtra,West,SKU0006,Blush & Co Cleanser A,Blush & Co,Skincare,Cleanser,Top 10,Active,289,59,73,,30,7790,BGR West,44,44,,42
2025-08,OUT0011,Nykaa Luxe - Pune 1,Nykaa Luxe,MBO,Pune,Maharashtra,West,SKU0008,Lumina Sunscreen A,Lumina,Skincare,Sunscreen,Others,Active,1599,5,6,,2,2992,BGR West,3,3,,47
2025-08,OUT0011,Nykaa Luxe - Pune 1,Nykaa Luxe,MBO,Pune,Maharashtra,West,SKU0011,Lumina Foundation B,Lumina,Makeup,Foundation,Top 10,Inactive,1889,0,2,,2,4022,BGR West,5,4,,51
2025-08,OUT0011,Nykaa Luxe - Pune 1,Nykaa Luxe,MBO,Pune,Maharashtra,West,SKU0012,Northline Lipstick A,Northline,Makeup,Lipstick,Others,Active,2429,8,10,,1,2270,BGR West,3,3,,52
2025-08,OUT0011,Nykaa Luxe - Pune 1,Nykaa Luxe,MBO,Pune,Maharashtra,West,SKU0015,Blush & Co Mascara A,Blush & Co,Makeup,Mascara,Top 25,Active,1219,12,12,,12,17724,BGR West,15,12,,50
2025-08,OUT0011,Nykaa Luxe - Pune 1,Nykaa Luxe,MBO,Pune,Maharashtra,West,SKU0016,Verde Mascara B,Verde,Makeup,Mascara,Top 25,Active,199,9,12,,6,1159,BGR West,13,9,,51
2025-08,OUT0011,Nykaa Luxe - Pune 1,Nykaa Luxe,MBO,Pune,Maharashtra,West,SKU0017,Lumina Mascara C,Lumina,Makeup,Mascara,Top 10,Active,529,68,65,,25,15593,BGR West,28,22,,47
2025-08,OUT0011,Nykaa Luxe - Pune 1,Nykaa Luxe,MBO,Pune,Maharashtra,West,SKU0018,Northline Eyeliner A,Northline,Makeup,Eyeliner,Others,Active,1959,14,15,,1,2316,BGR West,3,2,,52
2025-08,OUT0011,Nykaa Luxe - Pune 1,Nykaa Luxe,MBO,Pune,Maharashtra,West,SKU0019,Northline Eyeliner B,Northline,Makeup,Eyeliner,Others,Active,1889,6,7,,2,4362,BGR West,4,3,,52
2025-08,OUT0011,Nykaa Luxe - Pune 1,Nykaa Luxe,MBO,Pune,Maharashtra,West,SKU0020,Lumina Shampoo A,Lumina,Haircare,Shampoo,Top 10,Active,509,115,126,,22,13448,BGR West,33,33,,32
2025-08,OUT0011,Nykaa Luxe - Pune 1,Nykaa Luxe,MBO,Pune,Maharashtra,West,SKU0021,Verde Shampoo B,Verde,Haircare,Shampoo,Others,Active,1319,2,4,,3,3981,BGR West,5,5,,37
2025-08,OUT0011,Nykaa Luxe - Pune 1,Nykaa Luxe,MBO,Pune,Maharashtra,West,SKU0022,Northline Conditioner A,Northline,Haircare,Conditioner,Others,Active,779,14,21,,5,3608,BGR West,13,12,,32
2025-08,OUT0011,Nykaa Luxe - Pune 1,Nykaa Luxe,MBO,Pune,Maharashtra,West,SKU0027,Lumina EDP B,Lumina,Fragrance,EDP,Top 10,Active,529,2,8,,20,12962,BGR West,29,26,,54
2025-08,OUT0011,Nykaa Luxe - Pune 1,Nykaa Luxe,MBO,Pune,Maharashtra,West,SKU0033,Northline Body Lotion A,Northline,Bath & Body,Body Lotion,Top 10,Active,1239,85,102,,18,21793,BGR West,37,35,,39
2025-08,OUT0011,Nykaa Luxe - Pune 1,Nykaa Luxe,MBO,Pune,Maharashtra,West,SKU0034,Northline Body Lotion B,Northline,Bath & Body,Body Lotion,Top 25,Active,989,7,97,,12,14672,BGR West,20,20,,41
2025-08,OUT0011,Nykaa Luxe - Pune 1,Nykaa Luxe,MBO,Pune,Maharashtra,West,SKU0035,Northline Body Wash A,Northline,Bath & Body,Body Wash,Others,Active,469,1,4,,2,1166,BGR West,6,5,,40
2025-08,OUT0011,Nykaa Luxe - Pune 1,Nykaa Luxe,MBO,Pune,Maharashtra,West,SKU0037,Verde Body Wash C,Verde,Bath & Body,Body Wash,Top 25,Active,2239,29,31,,9,22654,BGR West,13,11,,37
2025-08,OUT0011,Nykaa Luxe - Pune 1,Nykaa Luxe,MBO,Pune,Maharashtra,West,SKU0038,Blush & Co Hand Cream A,Blush & Co,Bath & Body,Hand Cream,Others,Active,489,15,17,,2,928,BGR West,6,4,,38
2025-08,OUT0011,Nykaa Luxe - Pune 1,Nykaa Luxe,MBO,Pune,Maharashtra,West,SKU0039,Northline Hand Cream B,Northline,Bath & Body,Hand Cream,Others,Active,1189,19,18,,3,4118,BGR West,2,2,,39
2025-08,OUT0012,Nykaa Luxe - Bhubaneswar 2,Nykaa Luxe,MBO,Bhubaneswar,Odisha,East,SKU0001,Blush & Co Moisturizer A,Blush & Co,Skincare,Moisturizer,Others,Active,2319,7,5,,1,2524,BGR East,1,1,,46
2025-08,OUT0012,Nykaa Luxe - Bhubaneswar 2,Nykaa Luxe,MBO,Bhubaneswar,Odisha,East,SKU0002,Verde Moisturizer B,Verde,Skincare,Moisturizer,Top 10,Active,1179,16,15,,16,17527,BGR East,16,15,,48
2025-08,OUT0012,Nykaa Luxe - Bhubaneswar 2,Nykaa Luxe,MBO,Bhubaneswar,Odisha,East,SKU0003,Verde Serum A,Verde,Skincare,Serum,Top 25,Active,2419,49,51,,9,21393,BGR East,14,11,,48
2025-08,OUT0012,Nykaa Luxe - Bhubaneswar 2,Nykaa Luxe,MBO,Bhubaneswar,Odisha,East,SKU0004,Northline Serum B,Northline,Skincare,Serum,Top 25,Active,2489,16,23,,4,10582,BGR East,11,11,,44
2025-08,OUT0012,Nykaa Luxe - Bhubaneswar 2,Nykaa Luxe,MBO,Bhubaneswar,Odisha,East,SKU0006,Blush & Co Cleanser A,Blush & Co,Skincare,Cleanser,Top 10,Active,289,31,36,,13,4445,BGR East,21,18,,48
2025-08,OUT0012,Nykaa Luxe - Bhubaneswar 2,Nykaa Luxe,MBO,Bhubaneswar,Odisha,East,SKU0009,Blush & Co Sunscreen B,Blush & Co,Skincare,Sunscreen,Others,Inactive,1629,6,6,,2,3920,BGR East,2,2,,47
2025-08,OUT0012,Nykaa Luxe - Bhubaneswar 2,Nykaa Luxe,MBO,Bhubaneswar,Odisha,East,SKU0010,Blush & Co Foundation A,Blush & Co,Makeup,Foundation,Others,Active,1419,8,12,,1,1768,BGR East,5,5,,53
2025-08,OUT0012,Nykaa Luxe - Bhubaneswar 2,Nykaa Luxe,MBO,Bhubaneswar,Odisha,East,SKU0011,Lumina Foundation B,Lumina,Makeup,Foundation,Top 10,Inactive,1889,22,125,,17,29853,BGR East,29,27,,50
2025-08,OUT0012,Nykaa Luxe - Bhubaneswar 2,Nykaa Luxe,MBO,Bhubaneswar,Odisha,East,SKU0012,Northline Lipstick A,Northline,Makeup,Lipstick,Others,Active,2429,7,0,,0,0,BGR East,3,3,,47
2025-08,OUT0012,Nykaa Luxe - Bhubaneswar 2,Nykaa Luxe,MBO,Bhubaneswar,Odisha,East,SKU0014,Lumina Lipstick C,Lumina,Makeup,Lipstick,Top 25,Active,1729,25,25,,5,10748,BGR East,5,5,,48
2025-08,OUT0012,Nykaa Luxe - Bhubaneswar 2,Nykaa Luxe,MBO,Bhubaneswar,Odisha,East,SKU0015,Blush & Co Mascara A,Blush & Co,Makeup,Mascara,Top 25,Active,1219,34,39,,6,9150,BGR East,13,11,,53
2025-08,OUT0012,Nykaa Luxe - Bhubaneswar 2,Nykaa Luxe,MBO,Bhubaneswar,Odisha,East,SKU0017,Lumina Mascara C,Lumina,Makeup,Mascara,Top 10,Active,529,0,4,,17,10679,BGR East,31,21,,50
2025-08,OUT0012,Nykaa Luxe - Bhubaneswar 2,Nykaa Luxe,MBO,Bhubaneswar,Odisha,East,SKU0018,Northline Eyeliner A,Northline,Makeup,Eyeliner,Others,Active,1959,13,14,,0,0,BGR East,1,1,,47
2025-08,OUT0012,Nykaa Luxe - Bhubaneswar 2,Nykaa Luxe,MBO,Bhubaneswar,Odisha,East,SKU0019,Northline Eyeliner B,Northline,Makeup,Eyeliner,Others,Active,1889,5,5,,1,2273,BGR East,2,1,,51
2025-08,OUT0012,Nykaa Luxe - Bhubaneswar 2,Nykaa Luxe,MBO,Bhubaneswar,Odisha,East,SKU0020,Lumina Shampoo A,Lumina,Haircare,Shampoo,Top 10,Active,509,27,26,,5,2756,BGR East,4,4,,33
2025-08,OUT0012,Nykaa Luxe - Bhubaneswar 2,Nykaa Luxe,MBO,Bhubaneswar,Odisha,East,SKU0022,Northline Conditioner A,Northline,Haircare,Conditioner,Others,Active,779,11,13,,4,3779,BGR East,8,6,,35
2025-08,OUT0012,Nykaa Luxe - Bhubaneswar 2,Nykaa Luxe,MBO,Bhubaneswar,Odisha,East,SKU0027,Lumina EDP B,Lumina,Fragrance,EDP,Top 10,Active,529,19,24,,12,6671,BGR East,19,17,,55
2025-08,OUT0012,Nykaa Luxe - Bhubaneswar 2,Nykaa Luxe,MBO,Bhubaneswar,Odisha,East,SKU0028,Northline EDT A,Northline,Fragrance,EDT,Top 25,Active,1109,29,28,,8,10402,BGR East,9,7,,54
2025-08,OUT0012,Nykaa Luxe - Bhubaneswar 2,Nykaa Luxe,MBO,Bhubaneswar,Odisha,East,SKU0029,Blush & Co EDT B,Blush & Co,Fragrance,EDT,Top 25,Active,479,1,8,,7,3866,BGR East,16,14,,55
2025-08,OUT0012,Nykaa Luxe - Bhubaneswar 2,Nykaa Luxe,MBO,Bhubaneswar,Odisha,East,SKU0031,Lumina Body Mist A,Lumina,Fragrance,Body Mist,Top 25,Active,2119,10,9,,7,16108,BGR East,9,6,,54
2025-08,OUT0012,Nykaa Luxe - Bhubaneswar 2,Nykaa Luxe,MBO,Bhubaneswar,Odisha,East,SKU0032,Northline Body Mist B,Northline,Fragrance,Body Mist,Others,Inactive,2229,9,11,,2,4269,BGR East,7,4,,56
2025-08,OUT0012,Nykaa Luxe - Bhubaneswar 2,Nykaa Luxe,MBO,Bhubaneswar,Odisha,East,SKU0033,Northline Body Lotion A,Northline,Bath & Body,Body Lotion,Top 10,Active,1239,59,64,,9,11102,BGR East,16,14,,39
2025-08,OUT0012,Nykaa Luxe - Bhubaneswar 2,Nykaa Luxe,MBO,Bhubaneswar,Odisha,East,SKU0034,Northline Body Lotion B,Northline,Bath & Body,Body Lotion,Top 25,Active,989,13,22,,7,8023,BGR East,16,16,,37
2025-08,OUT0012,Nykaa Luxe - Bhubaneswar 2,Nykaa Luxe,MBO,Bhubaneswar,Odisha,East,SKU0035,Northline Body Wash A,Northline,Bath & Body,Body Wash,Others,Active,469,3,6,,1,580,BGR East,5,4,,43
2025-08,OUT0012,Nykaa Luxe - Bhubaneswar 2,Nykaa Luxe,MBO,Bhubaneswar,Odisha,East,SKU0036,Northline Body Wash B,Northline,Bath & Body,Body Wash,Others,Active,1179,4,0,,0,0,BGR East,1,1,,39
2025-08,OUT0012,Nykaa Luxe - Bhubaneswar 2,Nykaa Luxe,MBO,Bhubaneswar,Odisha,East,SKU0037,Verde Body Wash C,Verde,Bath & Body,Body Wash,Top 25,Active,2239,12,13,,3,8420,BGR East,5,4,,37
2025-08,OUT0012,Nykaa Luxe - Bhubaneswar 2,Nykaa Luxe,MBO,Bhubaneswar,Odisha,East,SKU0038,Blush & Co Hand Cream A,Blush & Co,Bath & Body,Hand Cream,Others,Active,489,10,12,,1,445,BGR East,5,3,,37
2025-08,OUT0013,Nykaa Luxe - Mysore 3,Nykaa Luxe,MBO,Mysore,Karnataka,South,SKU0001,Blush & Co Moisturizer A,Blush & Co,Skincare,Moisturizer,Others,Active,2319,13,13,,3,8059,BGR South,4,3,,46
2025-08,OUT0013,Nykaa Luxe - Mysore 3,Nykaa Luxe,MBO,Mysore,Karnataka,South,SKU0002,Verde Moisturizer B,Verde,Skincare,Moisturizer,Top 10,Active,1179,64,0,,21,25061,BGR South,31,27,,46
2025-08,OUT0013,Nykaa Luxe - Mysore 3,Nykaa Luxe,MBO,Mysore,Karnataka,South,SKU0003,Verde Serum A,Verde,Skincare,Serum,Top 25,Active,2419,45,45,,8,22404,BGR South,11,8,,46
2025-08,OUT0013,Nykaa Luxe - Mysore 3,Nykaa Luxe,MBO,Mysore,Karnataka,South,SKU0004,Northline Serum B,Northline,Skincare,Serum,Top 25,Active,2489,31,30,,7,15832,BGR South,9,6,,48
2025-08,OUT0013,Nykaa Luxe - Mysore 3,Nykaa Luxe,MBO,Mysore,Karnataka,South,SKU0005,Northline Serum C,Northline,Skincare,Serum,Others,Inactive,1819,0,1,,1,1708,BGR South,3,2,,48
2025-08,OUT0013,Nykaa Luxe - Mysore 3,Nykaa Luxe,MBO,Mysore,Karnataka,South,SKU0006,Blush & Co Cleanser A,Blush & Co,Skincare,Cleanser,Top 10,Active,289,106,126,,32,9813,BGR South,58,52,,48
2025-08,OUT0013,Nykaa Luxe - Mysore 3,Nykaa Luxe,MBO,Mysore,Karnataka,South,SKU0009,Blush & Co Sunscreen B,Blush & Co,Skincare,Sunscreen,Others,Inactive,1629,24,26,,3,4538,BGR South,5,5,,46
2025-08,OUT0013,Nykaa Luxe - Mysore 3,Nykaa Luxe,MBO,Mysore,Karnataka,South,SKU0011,Lumina Foundation B,Lumina,Makeup,Foundation,Top 10,Inactive,1889,52,50,,25,51226,BGR South,23,23,,47
2025-08,OUT0013,Nykaa Luxe - Mysore 3,Nykaa Luxe,MBO,Mysore,Karnataka,South,SKU0012,Northline Lipstick A,Northline,Makeup,Lipstick,Others,Active,2429,9,12,,2,5599,BGR South,8,5,,50
2025-08,OUT0013,Nykaa Luxe - Mysore 3,Nykaa Luxe,MBO,Mysore,Karnataka,South,SKU0015,Blush & Co Mascara A,Blush & Co,Makeup,Mascara,Top 25,Active,1219,19,22,,19,22091,BGR South,24,22,,48
2025-08,OUT0013,Nykaa Luxe - Mysore 3,Nykaa Luxe,MBO,Mysore,Karnataka,South,SKU0016,Verde Mascara B,Verde,Makeup,Mascara,Top 25,Active,199,35,43,,7,1744,BGR South,15,15,,47
2025-08,OUT0013,Nykaa Luxe - Mysore 3,Nykaa Luxe,MBO,Mysore,Karnataka,South,SKU0017,Lumina Mascara C,Lumina,Makeup,Mascara,Top 10,Active,529,21,27,,15,8137,BGR South,24,21,,51
2025-08,OUT0013,Nykaa Luxe - Mysore 3,Nykaa Luxe,MBO,Mysore,Karnataka,South,SKU0018,Northline Eyeliner A,Northline,Makeup,Eyeliner,Others,Active,1959,0,3,,2,3967,BGR South,7,5,,47
2025-08,OUT0013,Nykaa Luxe - Mysore 3,Nykaa Luxe,MBO,Mysore,Karnataka,South,SKU0019,Northline Eyeliner B,Northline,Makeup,Eyeliner,Others,Active,1889,11,16,,3,7112,BGR South,9,8,,51
2025-08,OUT0013,Nykaa Luxe - Mysore 3,Nykaa Luxe,MBO,Mysore,Karnataka,South,SKU0020,Lumina Shampoo A,Lumina,Haircare,Shampoo,Top 10,Active,509,0,4,,14,8043,BGR South,23,18,,37
2025-08,OUT0013,Nykaa Luxe - Mysore 3,Nykaa Luxe,MBO,Mysore,Karnataka,South,SKU0021,Verde Shampoo B,Verde,Haircare,Shampoo,Others,Active,1319,17,18,,2,2899,BGR South,4,3,,34
2025-08,OUT0013,Nykaa Luxe - Mysore 3,Nykaa Luxe,MBO,Mysore,Karnataka,South,SKU0023,Northline Conditioner B,Northline,Haircare,Conditioner,Others,Active,379,0,1,,1,468,BGR South,4,2,,34
2025-08,OUT0013,Nykaa Luxe - Mysore 3,Nykaa Luxe,MBO,Mysore,Karnataka,South,SKU0027,Lumina EDP B,Lumina,Fragrance,EDP,Top 10,Active,529,63,78,,19,9015,BGR South,36,34,,53
2025-08,OUT0013,Nykaa Luxe - Mysore 3,Nykaa Luxe,MBO,Mysore,Karnataka,South,SKU0031,Lumina Body Mist A,Lumina,Fragrance,Body Mist,Top 25,Active,2119,0,8,,50,111666,BGR South,65,58,,55
2025-08,OUT0013,Nykaa Luxe - Mysore 3,Nykaa Luxe,MBO,Mysore,Karnataka,South,SKU0032,Northline Body Mist B,Northline,Fragrance,Body Mist,Others,Inactive,2229,5,7,,4,10544,BGR South,7,6,,56
2025-08,OUT0013,Nykaa Luxe - Mysore 3,Nykaa Luxe,MBO,Mysore,Karnataka,South,SKU0033,Northline Body Lotion A,Northline,Bath & Body,Body Lotion,Top 10,Active,1239,53,71,,28,34794,BGR South,58,46,,38
2025-08,OUT0013,Nykaa Luxe - Mysore 3,Nykaa Luxe,MBO,Mysore,Karnataka,South,SKU0034,Northline Body Lotion B,Northline,Bath & Body,Body Lotion,Top 25,Active,989,40,43,,9,10783,BGR South,15,12,,43
2025-08,OUT0013,Nykaa Luxe - Mysore 3,Nykaa Luxe,MBO,Mysore,Karnataka,South,SKU0038,Blush & Co Hand Cream A,Blush & Co,Bath & Body,Hand Cream,Others,Active,489,10,0,,3,1455,BGR South,9,9,,38
2025-08,OUT0014,Nykaa Luxe - Noida 4,Nykaa Luxe,MBO,Noida,UP,North,SKU0002,Verde Moisturizer B,Verde,Skincare,Moisturizer,Top 10,Active,1179,47,172,,21,30351,BGR North,38,38,,47
2025-08,OUT0014,Nykaa Luxe - Noida 4,Nykaa Luxe,MBO,Noida,UP,North,SKU0003,Verde Serum A,Verde,Skincare,Serum,Top 25,Active,2419,39,36,,12,33817,BGR North,14,9,,46
2025-08,OUT0014,Nykaa Luxe - Noida 4,Nykaa Luxe,MBO,Noida,UP,North,SKU0004,Northline Serum B,Northline,Skincare,Serum,Top 25,Active,2489,27,28,,5,11191,BGR North,9,6,,48
2025-08,OUT0014,Nykaa Luxe - Noida 4,Nykaa Luxe,MBO,Noida,UP,North,SKU0006,Blush & Co Cleanser A,Blush & Co,Skincare,Cleanser,Top 10,Active,289,63,81,,27,9744,BGR North,45,45,,44
2025-08,OUT0014,Nykaa Luxe - Noida 4,Nykaa Luxe,MBO,Noida,UP,North,SKU0007,Northline Cleanser B,Northline,Skincare,Cleanser,Others,Active,1809,7,6,,2,4494,BGR North,2,1,,47
2025-08,OUT0014,Nykaa Luxe - Noida 4,Nykaa Luxe,MBO,Noida,UP,North,SKU0008,Lumina Sunscreen A,Lumina,Skincare,Sunscreen,Others,Active,1599,11,13,,0,0,BGR North,3,2,,45
2025-08,OUT0014,Nykaa Luxe - Noida 4,Nykaa Luxe,MBO,Noida,UP,North,SKU0010,Blush & Co Foundation A,Blush & Co,Makeup,Foundation,Others,Active,1419,12,14,,3,3994,BGR North,7,5,,51
2025-08,OUT0014,Nykaa Luxe - Noida 4,Nykaa Luxe,MBO,Noida,UP,North,SKU0011,Lumina Foundation B,Lumina,Makeup,Foundation,Top 10,Inactive,1889,36,44,,19,33187,BGR North,27,27,,52
2025-08,OUT0014,Nykaa Luxe - Noida 4,Nykaa Luxe,MBO,Noida,UP,North,SKU0013,Northline Lipstick B,Northline,Makeup,Lipstick,Others,Active,2469,1,0,,1,2755,BGR North,1,0,,48
2025-08,OUT0014,Nykaa Luxe - Noida 4,Nykaa Luxe,MBO,Noida,UP,North,SKU0017,Lumina Mascara C,Lumina,Makeup,Mascara,Top 10,Active,529,69,75,,18,9566,BGR North,31,24,,50
2025-08,OUT0014,Nykaa Luxe - Noida 4,Nykaa Luxe,MBO,Noida,UP,North,SKU0019,Northline Eyeliner B,Northline,Makeup,Eyeliner,Others,Active,1889,12,13,,1,2218,BGR North,3,2,,49
2025-08,OUT0014,Nykaa Luxe - Noida 4,Nykaa Luxe,MBO,Noida,UP,North,SKU0020,Lumina Shampoo A,Lumina,Haircare,Shampoo,Top 10,Active,509,59,82,,22,13347,BGR North,45,45,,32
2025-08,OUT0014,Nykaa Luxe - Noida 4,Nykaa Luxe,MBO,Noida,UP,North,SKU0021,Verde Shampoo B,Verde,Haircare,Shampoo,Others,Active,1319,8,9,,2,3185,BGR North,4,3,,38
2025-08,OUT0014,Nykaa Luxe - Noida 4,Nykaa Luxe,MBO,Noida,UP,North,SKU0022,Northline Conditioner A,Northline,Haircare,Conditioner,Others,Active,779,8,0,,2,1696,BGR North,5,5,,32
2025-08,OUT0014,Nykaa Luxe - Noida 4,Nykaa Luxe,MBO,Noida,UP,North,SKU0027,Lumina EDP B,Lumina,Fragrance,EDP,Top 10,Active,529,33,30,,20,11999,BGR North,18,17,,53
2025-08,OUT0014,Nykaa Luxe - Noida 4,Nykaa Luxe,MBO,Noida,UP,North,SKU0028,Northline EDT A,Northline,Fragrance,EDT,Top 25,Active,1109,21,23,,8,9662,BGR North,13,10,,58
2025-08,OUT0014,Nykaa Luxe - Noida 4,Nykaa Luxe,MBO,Noida,UP,North,SKU0029,Blush & Co EDT B,Blush & Co,Fragrance,EDT,Top 25,Active,479,23,23,,6,3494,BGR North,9,6,,55
2025-08,OUT0014,Nykaa Luxe - Noida 4,Nykaa Luxe,MBO,Noida,UP,North,SKU0030,Blush & Co EDT C,Blush & Co,Fragrance,EDT,Others,Active,779,17,20,,3,2646,BGR North,6,6,,57
2025-08,OUT0014,Nykaa Luxe - Noida 4,Nykaa Luxe,MBO,Noida,UP,North,SKU0031,Lumina Body Mist A,Lumina,Fragrance,Body Mist,Top 25,Active,2119,7,12,,10,26478,BGR North,17,15,,52
2025-08,OUT0014,Nykaa Luxe - Noida 4,Nykaa Luxe,MBO,Noida,UP,North,SKU0032,Northline Body Mist B,Northline,Fragrance,Body Mist,Others,Inactive,2229,36,37,,4,8036,BGR North,8,5,,56
2025-08,OUT0014,Nykaa Luxe - Noida 4,Nykaa Luxe,MBO,Noida,UP,North,SKU0033,Northline Body Lotion A,Northline,Bath & Body,Body Lotion,Top 10,Active,1239,59,69,,34,47904,BGR North,56,44,,42
2025-08,OUT0014,Nykaa Luxe - Noida 4,Nykaa Luxe,MBO,Noida,UP,North,SKU0034,Northline Body Lotion B,Northline,Bath & Body,Body Lotion,Top 25,Active,989,16,18,,7,7161,BGR North,13,9,,41
2025-08,OUT0014,Nykaa Luxe - Noida 4,Nykaa Luxe,MBO,Noida,UP,North,SKU0037,Verde Body Wash C,Verde,Bath & Body,Body Wash,Top 25,Active,2239,22,29,,7,16269,BGR North,14,14,,42
2025-08,OUT0014,Nykaa Luxe - Noida 4,Nykaa Luxe,MBO,Noida,UP,North,SKU0038,Blush & Co Hand Cream A,Blush & Co,Bath & Body,Hand Cream,Others,Active,489,12,13,,3,1735,BGR North,5,4,,43
2025-08,OUT0015,Nykaa Luxe - Bhubaneswar 5,Nykaa Luxe,MBO,Bhubaneswar,Odisha,East,SKU0001,Blush & Co Moisturizer A,Blush & Co,Skincare,Moisturizer,Others,Active,2319,9,11,,5,10681,BGR East,7,7,,47
2025-08,OUT0015,Nykaa Luxe - Bhubaneswar 5,Nykaa Luxe,MBO,Bhubaneswar,Odisha,East,SKU0002,Verde Moisturizer B,Verde,Skincare,Moisturizer,Top 10,Active,1179,105,116,,17,19477,BGR East,30,28,,47
2025-08,OUT0015,Nykaa Luxe - Bhubaneswar 5,Nykaa Luxe,MBO,Bhubaneswar,Odisha,East,SKU0003,Verde Serum A,Verde,Skincare,Serum,Top 25,Active,2419,10,19,,13,30866,BGR East,24,22,,47
2025-08,OUT0015,Nykaa Luxe - Bhubaneswar 5,Nykaa Luxe,MBO,Bhubaneswar,Odisha,East,SKU0006,Blush & Co Cleanser A,Blush & Co,Skincare,Cleanser,Top 10,Active,289,100,131,,46,14502,BGR East,82,77,,48
2025-08,OUT0015,Nykaa Luxe - Bhubaneswar 5,Nykaa Luxe,MBO,Bhubaneswar,Odisha,East,SKU0011,Lumina Foundation B,Lumina,Makeup,Foundation,Top 10,Inactive,1889,19,42,,34,71936,BGR East,57,57,,49
2025-08,OUT0015,Nykaa Luxe - Bhubaneswar 5,Nykaa Luxe,MBO,Bhubaneswar,Odisha,East,SKU0013,Northline Lipstick B,Northline,Makeup,Lipstick,Others,Active,2469,10,11,,1,2231,BGR East,2,2,,47
2025-08,OUT0015,Nykaa Luxe - Bhubaneswar 5,Nykaa Luxe,MBO,Bhubaneswar,Odisha,East,SKU0014,Lumina Lipstick C,Lumina,Makeup,Lipstick,Top 25,Active,1729,51,0,,12,19912,BGR East,29,20,,53
2025-08,OUT0015,Nykaa Luxe - Bhubaneswar 5,Nykaa Luxe,MBO,Bhubaneswar,Odisha,East,SKU0015,Blush & Co Mascara A,Blush & Co,Makeup,Mascara,Top 25,Active,1219,53,49,,14,15506,BGR East,15,10,,52
2025-08,OUT0015,Nykaa Luxe - Bhubaneswar 5,Nykaa Luxe,MBO,Bhubaneswar,Odisha,East,SKU0016,Verde Mascara B,Verde,Makeup,Mascara,Top 25,Active,199,18,21,,10,1873,BGR East,14,13,,50
2025-08,OUT0015,Nykaa Luxe - Bhubaneswar 5,Nykaa Luxe,MBO,Bhubaneswar,Odisha,East,SKU0020,Lumina Shampoo A,Lumina,Haircare,Shampoo,Top 10,Active,509,0,10,,22,11765,BGR East,32,32,,32
2025-08,OUT0015,Nykaa Luxe - Bhubaneswar 5,Nykaa Luxe,MBO,Bhubaneswar,Odisha,East,SKU0023,Northline Conditioner B,Northline,Haircare,Conditioner,Others,Active,379,0,2,,1,408,BGR East,5,3,,35
2025-08,OUT0015,Nykaa Luxe - Bhubaneswar 5,Nykaa Luxe,MBO,Bhubaneswar,Odisha,East,SKU0027,Lumina EDP B,Lumina,Fragrance,EDP,Top 10,Active,529,92,98,,32,18763,BGR East,43,38,,58
2025-08,OUT0015,Nykaa Luxe - Bhubaneswar 5,Nykaa Luxe,MBO,Bhubaneswar,Odisha,East,SKU0028,Northline EDT A,Northline,Fragrance,EDT,Top 25,Active,1109,48,59,,14,18257,BGR East,25,25,,56
2025-08,OUT0015,Nykaa Luxe - Bhubaneswar 5,Nykaa Luxe,MBO,Bhubaneswar,Odisha,East,SKU0029,Blush & Co EDT B,Blush & Co,Fragrance,EDT,Top 25,Active,479,85,88,,9,5196,BGR East,18,12,,54
2025-08,OUT0015,Nykaa Luxe - Bhubaneswar 5,Nykaa Luxe,MBO,Bhubaneswar,Odisha,East,SKU0030,Blush & Co EDT C,Blush & Co,Fragrance,EDT,Others,Active,779,20,22,,4,2887,BGR East,9,6,,53
2025-08,OUT0015,Nykaa Luxe - Bhubaneswar 5,Nykaa Luxe,MBO,Bhubaneswar,Odisha,East,SKU0032,Northline Body Mist B,Northline,Fragrance,Body Mist,Others,Inactive,2229,23,25,,10,22505,BGR East,13,12,,56
2025-08,OUT0015,Nykaa Luxe - Bhubaneswar 5,Nykaa Luxe,MBO,Bhubaneswar,Odisha,East,SKU0033,Northline Body Lotion A,Northline,Bath & Body,Body Lotion,Top 10,Active,1239,95,108,,44,60436,BGR East,72,57,,43
2025-08,OUT0015,Nykaa Luxe - Bhubaneswar 5,Nykaa Luxe,MBO,Bhubaneswar,Odisha,East,SKU0037,Verde Body Wash C,Verde,Bath & Body,Body Wash,Top 25,Active,2239,21,30,,10,22600,BGR East,21,19,,43
2025-08,OUT0015,Nykaa Luxe - Bhubaneswar 5,Nykaa Luxe,MBO,Bhubaneswar,Odisha,East,SKU0038,Blush & Co Hand Cream A,Blush & Co,Bath & Body,Hand Cream,Others,Active,489,34,42,,4,2362,BGR East,12,12,,42
2025-08,OUT0016,Nykaa Luxe - Kolkata 6,Nykaa Luxe,MBO,Kolkata,West Bengal,East,SKU0002,Verde Moisturizer B,Verde,Skincare,Moisturizer,Top 10,Active,1179,23,132,,24,34874,BGR East,35,28,,42
2025-08,OUT0016,Nykaa Luxe - Kolkata 6,Nykaa Luxe,MBO,Kolkata,West Bengal,East,SKU0003,Verde Serum A,Verde,Skincare,Serum,Top 25,Active,2419,35,33,,15,32684,BGR East,13,13,,43
2025-08,OUT0016,Nykaa Luxe - Kolkata 6,Nykaa Luxe,MBO,Kolkata,West Bengal,East,SKU0004,Northline Serum B,Northline,Skincare,Serum,Top 25,Active,2489,15,16,,8,18331,BGR East,9,9,,44
2025-08,OUT0016,Nykaa Luxe - Kolkata 6,Nykaa Luxe,MBO,Kolkata,West Bengal,East,SKU0005,Northline Serum C,Northline,Skincare,Serum,Others,Inactive,1819,11,11,,1,1967,BGR East,2,1,,45
2025-08,OUT0016,Nykaa Luxe - Kolkata 6,Nykaa Luxe,MBO,Kolkata,West Bengal,East,SKU0006,Blush & Co Cleanser A,Blush & Co,Skincare,Cleanser,Top 10,Active,289,23,31,,50,15567,BGR East,65,58,,48
2025-08,OUT0016,Nykaa Luxe - Kolkata 6,Nykaa Luxe,MBO,Kolkata,West Bengal,East,SKU0011,Lumina Foundation B,Lumina,Makeup,Foundation,Top 10,Inactive,1889,78,79,,25,44602,BGR East,29,26,,52
2025-08,OUT0016,Nykaa Luxe - Kolkata 6,Nykaa Luxe,MBO,Kolkata,West Bengal,East,SKU0012,Northline Lipstick A,Northline,Makeup,Lipstick,Others,Active,2429,7,10,,1,2603,BGR East,6,4,,51
2025-08,OUT0016,Nykaa Luxe - Kolkata 6,Nykaa Luxe,MBO,Kolkata,West Bengal,East,SKU0014,Lumina Lipstick C,Lumina,Makeup,Lipstick,Top 25,Active,1729,0,1,,10,19009,BGR East,16,11,,51
2025-08,OUT0016,Nykaa Luxe - Kolkata 6,Nykaa Luxe,MBO,Kolkata,West Bengal,East,SKU0016,Verde Mascara B,Verde,Makeup,Mascara,Top 25,Active,199,30,33,,8,1579,BGR East,11,11,,47
2025-08,OUT0016,Nykaa Luxe - Kolkata 6,Nykaa Luxe,MBO,Kolkata,West Bengal,East,SKU0017,Lumina Mascara C,Lumina,Makeup,Mascara,Top 10,Active,529,163,171,,19,12660,BGR East,34,27,,48
2025-08,OUT0016,Nykaa Luxe - Kolkata 6,Nykaa Luxe,MBO,Kolkata,West Bengal,East,SKU0018,Northline Eyeliner A,Northline,Makeup,Eyeliner,Others,Active,1959,3,2,,2,3896,BGR East,2,1,,47
2025-08,OUT0016,Nykaa Luxe - Kolkata 6,Nykaa Luxe,MBO,Kolkata,West Bengal,East,SKU0020,Lumina Shampoo A,Lumina,Haircare,Shampoo,Top 10,Active,509,0,0,,32,15247,BGR East,30,27,,37
2025-08,OUT0016,Nykaa Luxe - Kolkata 6,Nykaa Luxe,MBO,Kolkata,West Bengal,East,SKU0027,Lumina EDP B,Lumina,Fragrance,EDP,Top 10,Active,529,239,242,,22,12052,BGR East,36,25,,52
2025-08,OUT0016,Nykaa Luxe - Kolkata 6,Nykaa Luxe,MBO,Kolkata,West Bengal,East,SKU0029,Blush & Co EDT B,Blush & Co,Fragrance,EDT,Top 25,Active,479,12,19,,9,4133,BGR East,16,16,,55
2025-08,OUT0016,Nykaa Luxe - Kolkata 6,Nykaa Luxe,MBO,Kolkata,West Bengal,East,SKU0030,Blush & Co EDT C,Blush & Co,Fragrance,EDT,Others,Active,779,29,31,,3,2605,BGR East,6,5,,56
2025-08,OUT0016,Nykaa Luxe - Kolkata 6,Nykaa Luxe,MBO,Kolkata,West Bengal,East,SKU0033,Northline Body Lotion A,Northline,Bath & Body,Body Lotion,Top 10,Active,1239,32,34,,33,47519,BGR East,50,35,,37
2025-08,OUT0016,Nykaa Luxe - Kolkata 6,Nykaa Luxe,MBO,Kolkata,West Bengal,East,SKU0036,Northline Body Wash B,Northline,Bath & Body,Body Wash,Others,Active,1179,6,8,,1,1152,BGR East,4,3,,41
2025-08,OUT0016,Nykaa Luxe - Kolkata 6,Nykaa Luxe,MBO,Kolkata,West Bengal,East,SKU0037,Verde Body Wash C,Verde,Bath & Body,Body Wash,Top 25,Active,2239,15,24,,6,12056,BGR East,16,15,,39
2025-08,OUT0016,Nykaa Luxe - Kolkata 6,Nykaa Luxe,MBO,Kolkata,West Bengal,East,SKU0038,Blush & Co Hand Cream A,Blush & Co,Bath & Body,Hand Cream,Others,Active,489,16,22,,2,1084,BGR East,9,8,,43
2025-08,OUT0017,Nykaa Luxe - Bhubaneswar 7,Nykaa Luxe,MBO,Bhubaneswar,Odisha,East,SKU0002,Verde Moisturizer B,Verde,Skincare,Moisturizer,Top 10,Active,1179,49,47,,20,28418,BGR East,21,18,,42
2025-08,OUT0017,Nykaa Luxe - Bhubaneswar 7,Nykaa Luxe,MBO,Bhubaneswar,Odisha,East,SKU0003,Verde Serum A,Verde,Skincare,Serum,Top 25,Active,2419,55,60,,19,49451,BGR East,27,24,,46
2025-08,OUT0017,Nykaa Luxe - Bhubaneswar 7,Nykaa Luxe,MBO,Bhubaneswar,Odisha,East,SKU0004,Northline Serum B,Northline,Skincare,Serum,Top 25,Active,2489,0,0,,12,36057,BGR East,16,12,,46
2025-08,OUT0017,Nykaa Luxe - Bhubaneswar 7,Nykaa Luxe,MBO,Bhubaneswar,Odisha,East,SKU0005,Northline Serum C,Northline,Skincare,Serum,Others,Inactive,1819,13,13,,3,6329,BGR East,4,3,,45
2025-08,OUT0017,Nykaa Luxe - Bhubaneswar 7,Nykaa Luxe,MBO,Bhubaneswar,Odisha,East,SKU0006,Blush & Co Cleanser A,Blush & Co,Skincare,Cleanser,Top 10,Active,289,330,0,,33,9326,BGR East,34,23,,48
2025-08,OUT0017,Nykaa Luxe - Bhubaneswar 7,Nykaa Luxe,MBO,Bhubaneswar,Odisha,East,SKU0007,Northline Cleanser B,Northline,Skincare,Cleanser,Others,Active,1809,16,0,,4,7163,BGR East,8,8,,48
2025-08,OUT0017,Nykaa Luxe - Bhubaneswar 7,Nykaa Luxe,MBO,Bhubaneswar,Odisha,East,SKU0009,Blush & Co Sunscreen B,Blush & Co,Skincare,Sunscreen,Others,Inactive,1629,19,19,,8,13900,BGR East,10,8,,48
2025-08,OUT0017,Nykaa Luxe - Bhubaneswar 7,Nykaa Luxe,MBO,Bhubaneswar,Odisha,East,SKU0011,Lumina Foundation B,Lumina,Makeup,Foundation,Top 10,Inactive,1889,42,40,,23,47765,BGR East,31,21,,53
2025-08,OUT0017,Nykaa Luxe - Bhubaneswar 7,Nykaa Luxe,MBO,Bhubaneswar,Odisha,East,SKU0013,Northline Lipstick B,Northline,Makeup,Lipstick,Others,Active,2469,9,10,,1,2971,BGR East,3,2,,53
2025-08,OUT0017,Nykaa Luxe - Bhubaneswar 7,Nykaa Luxe,MBO,Bhubaneswar,Odisha,East,SKU0014,Lumina Lipstick C,Lumina,Makeup,Lipstick,Top 25,Active,1729,36,51,,13,23408,BGR East,28,28,,53
2025-08,OUT0017,Nykaa Luxe - Bhubaneswar 7,Nykaa Luxe,MBO,Bhubaneswar,Odisha,East,SKU0015,Blush & Co Mascara A,Blush & Co,Makeup,Mascara,Top 25,Active,1219,33,34,,23,30526,BGR East,26,24,,47
2025-08,OUT0017,Nykaa Luxe - Bhubaneswar 7,Nykaa Luxe,MBO,Bhubaneswar,Odisha,East,SKU0016,Verde Mascara B,Verde,Makeup,Mascara,Top 25,Active,199,19,26,,12,2573,BGR East,19,19,,51
2025-08,OUT0017,Nykaa Luxe - Bhubaneswar 7,Nykaa Luxe,MBO,Bhubaneswar,Odisha,East,SKU0017,Lumina Mascara C,Lumina,Makeup,Mascara,Top 10,Active,529,80,90,,26,14865,BGR East,36,36,,53
2025-08,OUT0017,Nykaa Luxe - Bhubaneswar 7,Nykaa Luxe,MBO,Bhubaneswar,Odisha,East,SKU0020,Lumina Shampoo A,Lumina,Haircare,Shampoo,Top 10,Active,509,112,110,,19,11319,BGR East,25,17,,37
2025-08,OUT0017,Nykaa Luxe - Bhubaneswar 7,Nykaa Luxe,MBO,Bhubaneswar,Odisha,East,SKU0021,Verde Shampoo B,Verde,Haircare,Shampoo,Others,Active,1319,5,8,,4,5443,BGR East,8,7,,34
2025-08,OUT0017,Nykaa Luxe - Bhubaneswar 7,Nykaa Luxe,MBO,Bhubaneswar,Odisha,East,SKU0023,Northline Conditioner B,Northline,Haircare,Conditioner,Others,Active,379,11,0,,1,362,BGR East,3,3,,33
2025-08,OUT0017,Nykaa Luxe - Bhubaneswar 7,Nykaa Luxe,MBO,Bhubaneswar,Odisha,East,SKU0027,Lumina EDP B,Lumina,Fragrance,EDP,Top 10,Active,529,63,80,,35,20433,BGR East,66,52,,58
2025-08,OUT0017,Nykaa Luxe - Bhubaneswar 7,Nykaa Luxe,MBO,Bhubaneswar,Odisha,East,SKU0028,Northline EDT A,Northline,Fragrance,EDT,Top 25,Active,1109,50,56,,13,15760,BGR East,28,19,,56
2025-08,OUT0017,Nykaa Luxe - Bhubaneswar 7,Nykaa Luxe,MBO,Bhubaneswar,Odisha,East,SKU0029,Blush & Co EDT B,Blush & Co,Fragrance,EDT,Top 25,Active,479,60,61,,11,5952,BGR East,18,12,,52
2025-08,OUT0017,Nykaa Luxe - Bhubaneswar 7,Nykaa Luxe,MBO,Bhubaneswar,Odisha,East,SKU0031,Lumina Body Mist A,Lumina,Fragrance,Body Mist,Top 25,Active,2119,36,36,,16,30372,BGR East,23,16,,56
2025-08,OUT0017,Nykaa Luxe - Bhubaneswar 7,Nykaa Luxe,MBO,Bhubaneswar,Odisha,East,SKU0032,Northline Body Mist B,Northline,Fragrance,Body Mist,Others,Inactive,2229,20,23,,5,13842,BGR East,11,8,,54
2025-08,OUT0017,Nykaa Luxe - Bhubaneswar 7,Nykaa Luxe,MBO,Bhubaneswar,Odisha,East,SKU0033,Northline Body Lotion A,Northline,Bath & Body,Body Lotion,Top 10,Active,1239,147,160,,43,66472,BGR East,63,56,,42
2025-08,OUT0018,Nykaa Luxe - Bhubaneswar 8,Nykaa Luxe,MBO,Bhubaneswar,Odisha,East,SKU0001,Blush & Co Moisturizer A,Blush & Co,Skincare,Moisturizer,Others,Active,2319,0,0,,2,5009,BGR East,4,2,,44
2025-08,OUT0018,Nykaa Luxe - Bhubaneswar 8,Nykaa Luxe,MBO,Bhubaneswar,Odisha,East,SKU0002,Verde Moisturizer B,Verde,Skincare,Moisturizer,Top 10,Active,1179,164,178,,25,26455,BGR East,42,39,,46
2025-08,OUT0018,Nykaa Luxe - Bhubaneswar 8,Nykaa Luxe,MBO,Bhubaneswar,Odisha,East,SKU0004,Northline Serum B,Northline,Skincare,Serum,Top 25,Active,2489,57,65,,12,29501,BGR East,23,20,,43
2025-08,OUT0018,Nykaa Luxe - Bhubaneswar 8,Nykaa Luxe,MBO,Bhubaneswar,Odisha,East,SKU0007,Northline Cleanser B,Northline,Skincare,Cleanser,Others,Active,1809,10,12,,2,4241,BGR East,6,4,,47
2025-08,OUT0018,Nykaa Luxe - Bhubaneswar 8,Nykaa Luxe,MBO,Bhubaneswar,Odisha,East,SKU0009,Blush & Co Sunscreen B,Blush & Co,Skincare,Sunscreen,Others,Inactive,1629,15,19,,4,7670,BGR East,9,8,,44
2025-08,OUT0018,Nykaa Luxe - Bhubaneswar 8,Nykaa Luxe,MBO,Bhubaneswar,Odisha,East,SKU0010,Blush & Co Foundation A,Blush & Co,Makeup,Foundation,Others,Active,1419,0,3,,3,5165,BGR East,6,6,,48
2025-08,OUT0018,Nykaa Luxe - Bhubaneswar 8,Nykaa Luxe,MBO,Bhubaneswar,Odisha,East,SKU0011,Lumina Foundation B,Lumina,Makeup,Foundation,Top 10,Inactive,1889,0,0,,19,43091,BGR East,40,32,,47
2025-08,OUT0018,Nykaa Luxe - Bhubaneswar 8,Nykaa Luxe,MBO,Bhubaneswar,Odisha,East,SKU0012,Northline Lipstick A,Northline,Makeup,Lipstick,Others,Active,2429,12,17,,1,2668,BGR East,6,6,,49
2025-08,OUT0018,Nykaa Luxe - Bhubaneswar 8,Nykaa Luxe,MBO,Bhubaneswar,Odisha,East,SKU0013,Northline Lipstick B,Northline,Makeup,Lipstick,Others,Active,2469,10,10,,0,0,BGR East,1,0,,47
2025-08,OUT0018,Nykaa Luxe - Bhubaneswar 8,Nykaa Luxe,MBO,Bhubaneswar,Odisha,East,SKU0014,Lumina Lipstick C,Lumina,Makeup,Lipstick,Top 25,Active,1729,55,63,,7,13293,BGR East,15,15,,50
2025-08,OUT0018,Nykaa Luxe - Bhubaneswar 8,Nykaa Luxe,MBO,Bhubaneswar,Odisha,East,SKU0015,Blush & Co Mascara A,Blush & Co,Makeup,Mascara,Top 25,Active,1219,41,49,,16,19761,BGR East,30,24,,47
2025-08,OUT0018,Nykaa Luxe - Bhubaneswar 8,Nykaa Luxe,MBO,Bhubaneswar,Odisha,East,SKU0017,Lumina Mascara C,Lumina,Makeup,Mascara,Top 10,Active,529,219,220,,20,11330,BGR East,24,21,,49
2025-08,OUT0018,Nykaa Luxe - Bhubaneswar 8,Nykaa Luxe,MBO,Bhubaneswar,Odisha,East,SKU0019,Northline Eyeliner B,Northline,Makeup,Eyeliner,Others,Active,1889,32,0,,3,6297,BGR East,7,7,,51
2025-08,OUT0018,Nykaa Luxe - Bhubaneswar 8,Nykaa Luxe,MBO,Bhubaneswar,Odisha,East,SKU0020,Lumina Shampoo A,Lumina,Haircare,Shampoo,Top 10,Active,509,17,37,,17,10238,BGR East,37,37,,37
2025-08,OUT0018,Nykaa Luxe - Bhubaneswar 8,Nykaa Luxe,MBO,Bhubaneswar,Odisha,East,SKU0022,Northline Conditioner A,Northline,Haircare,Conditioner,Others,Active,779,14,16,,4,2861,BGR East,7,6,,38
2025-08,OUT0018,Nykaa Luxe - Bhubaneswar 8,Nykaa Luxe,MBO,Bhubaneswar,Odisha,East,SKU0023,Northline Conditioner B,Northline,Haircare,Conditioner,Others,Active,379,7,9,,0,0,BGR East,3,2,,33
2025-08,OUT0018,Nykaa Luxe - Bhubaneswar 8,Nykaa Luxe,MBO,Bhubaneswar,Odisha,East,SKU0027,Lumina EDP B,Lumina,Fragrance,EDP,Top 10,Active,529,89,95,,18,10412,BGR East,30,24,,52
2025-08,OUT0018,Nykaa Luxe - Bhubaneswar 8,Nykaa Luxe,MBO,Bhubaneswar,Odisha,East,SKU0028,Northline EDT A,Northline,Fragrance,EDT,Top 25,Active,1109,10,8,,14,14616,BGR East,18,12,,56
2025-08,OUT0018,Nykaa Luxe - Bhubaneswar 8,Nykaa Luxe,MBO,Bhubaneswar,Odisha,East,SKU0029,Blush & Co EDT B,Blush & Co,Fragrance,EDT,Top 25,Active,479,30,37,,7,3582,BGR East,14,14,,55
2025-08,OUT0018,Nykaa Luxe - Bhubaneswar 8,Nykaa Luxe,MBO,Bhubaneswar,Odisha,East,SKU0030,Blush & Co EDT C,Blush & Co,Fragrance,EDT,Others,Active,779,3,2,,4,3564,BGR East,5,3,,52
2025-08,OUT0018,Nykaa Luxe - Bhubaneswar 8,Nykaa Luxe,MBO,Bhubaneswar,Odisha,East,SKU0033,Northline Body Lotion A,Northline,Bath & Body,Body Lotion,Top 10,Active,1239,75,81,,26,29003,BGR East,34,32,,40
2025-08,OUT0018,Nykaa Luxe - Bhubaneswar 8,Nykaa Luxe,MBO,Bhubaneswar,Odisha,East,SKU0034,Northline Body Lotion B,Northline,Bath & Body,Body Lotion,Top 25,Active,989,79,81,,12,13770,BGR East,15,14,,43
2025-08,OUT0018,Nykaa Luxe - Bhubaneswar 8,Nykaa Luxe,MBO,Bhubaneswar,Odisha,East,SKU0037,Verde Body Wash C,Verde,Bath & Body,Body Wash,Top 25,Active,2239,7,12,,8,19583,BGR East,13,13,,39
2025-08,OUT0019,Nykaa Luxe - Ahmedabad 9,Nykaa Luxe,MBO,Ahmedabad,Gujarat,West,SKU0002,Verde Moisturizer B,Verde,Skincare,Moisturizer,Top 10,Active,1179,45,62,,28,32415,BGR West,57,45,,43
2025-08,OUT0019,Nykaa Luxe - Ahmedabad 9,Nykaa Luxe,MBO,Ahmedabad,Gujarat,West,SKU0003,Verde Serum A,Verde,Skincare,Serum,Top 25,Active,2419,86,88,,2,6049,BGR West,4,4,,47
2025-08,OUT0019,Nykaa Luxe - Ahmedabad 9,Nykaa Luxe,MBO,Ahmedabad,Gujarat,West,SKU0004,Northline Serum B,Northline,Skincare,Serum,Top 25,Active,2489,26,28,,8,20814,BGR West,15,10,,48
2025-08,OUT0019,Nykaa Luxe - Ahmedabad 9,Nykaa Luxe,MBO,Ahmedabad,Gujarat,West,SKU0005,Northline Serum C,Northline,Skincare,Serum,Others,Inactive,1819,6,6,,1,2180,BGR West,2,1,,42
2025-08,OUT0019,Nykaa Luxe - Ahmedabad 9,Nykaa Luxe,MBO,Ahmedabad,Gujarat,West,SKU0006,Blush & Co Cleanser A,Blush & Co,Skincare,Cleanser,Top 10,Active,289,86,239,,32,10007,BGR West,51,45,,48
2025-08,OUT0019,Nykaa Luxe - Ahmedabad 9,Nykaa Luxe,MBO,Ahmedabad,Gujarat,West,SKU0009,Blush & Co Sunscreen B,Blush & Co,Skincare,Sunscreen,Others,Inactive,1629,23,27,,4,6461,BGR West,12,8,,45
2025-08,OUT0019,Nykaa Luxe - Ahmedabad 9,Nykaa Luxe,MBO,Ahmedabad,Gujarat,West,SKU0010,Blush & Co Foundation A,Blush & Co,Makeup,Foundation,Others,Active,1419,0,3,,2,2833,BGR West,6,5,,49
2025-08,OUT0019,Nykaa Luxe - Ahmedabad 9,Nykaa Luxe,MBO,Ahmedabad,Gujarat,West,SKU0011,Lumina Foundation B,Lumina,Makeup,Foundation,Top 10,Inactive,1889,0,0,,22,46555,BGR West,45,36,,47
2025-08,OUT0019,Nykaa Luxe - Ahmedabad 9,Nykaa Luxe,MBO,Ahmedabad,Gujarat,West,SKU0012,Northline Lipstick A,Northline,Makeup,Lipstick,Others,Active,2429,12,12,,1,2421,BGR West,2,1,,53
2025-08,OUT0019,Nykaa Luxe - Ahmedabad 9,Nykaa Luxe,MBO,Ahmedabad,Gujarat,West,SKU0014,Lumina Lipstick C,Lumina,Makeup,Lipstick,Top 25,Active,1729,52,0,,14,25706,BGR West,24,21,,49
2025-08,OUT0019,Nykaa Luxe - Ahmedabad 9,Nykaa Luxe,MBO,Ahmedabad,Gujarat,West,SKU0015,Blush & Co Mascara A,Blush & Co,Makeup,Mascara,Top 25,Active,1219,19,30,,14,16135,BGR West,27,25,,47
2025-08,OUT0019,Nykaa Luxe - Ahmedabad 9,Nykaa Luxe,MBO,Ahmedabad,Gujarat,West,SKU0017,Lumina Mascara C,Lumina,Makeup,Mascara,Top 10,Active,529,52,72,,27,13584,BGR West,53,47,,48
2025-08,OUT0019,Nykaa Luxe - Ahmedabad 9,Nykaa Luxe,MBO,Ahmedabad,Gujarat,West,SKU0020,Lumina Shampoo A,Lumina,Haircare,Shampoo,Top 10,Active,509,27,27,,21,10434,BGR West,23,21,,37
2025-08,OUT0019,Nykaa Luxe - Ahmedabad 9,Nykaa Luxe,MBO,Ahmedabad,Gujarat,West,SKU0021,Verde Shampoo B,Verde,Haircare,Shampoo,Others,Active,1319,24,29,,5,7016,BGR West,13,10,,38
2025-08,OUT0019,Nykaa Luxe - Ahmedabad 9,Nykaa Luxe,MBO,Ahmedabad,Gujarat,West,SKU0022,Northline Conditioner A,Northline,Haircare,Conditioner,Others,Active,779,15,20,,8,6974,BGR West,15,13,,33
2025-08,OUT0019,Nykaa Luxe - Ahmedabad 9,Nykaa Luxe,MBO,Ahmedabad,Gujarat,West,SKU0027,Lumina EDP B,Lumina,Fragrance,EDP,Top 10,Active,529,46,0,,28,16458,BGR West,42,33,,53
2025-08,OUT0019,Nykaa Luxe - Ahmedabad 9,Nykaa Luxe,MBO,Ahmedabad,Gujarat,West,SKU0028,Northline EDT A,Northline,Fragrance,EDT,Top 25,Active,1109,34,45,,17,21756,BGR West,32,28,,53
2025-08,OUT0019,Nykaa Luxe - Ahmedabad 9,Nykaa Luxe,MBO,Ahmedabad,Gujarat,West,SKU0030,Blush & Co EDT C,Blush & Co,Fragrance,EDT,Others,Active,779,22,25,,4,3922,BGR West,8,7,,58
2025-08,OUT0019,Nykaa Luxe - Ahmedabad 9,Nykaa Luxe,MBO,Ahmedabad,Gujarat,West,SKU0031,Lumina Body Mist A,Lumina,Fragrance,Body Mist,Top 25,Active,2119,62,70,,20,38987,BGR West,41,28,,53
2025-08,OUT0019,Nykaa Luxe - Ahmedabad 9,Nykaa Luxe,MBO,Ahmedabad,Gujarat,West,SKU0033,Northline Body Lotion A,Northline,Bath & Body,Body Lotion,Top 10,Active,1239,44,36,,42,50223,BGR West,34,34,,41
2025-08,OUT0019,Nykaa Luxe - Ahmedabad 9,Nykaa Luxe,MBO,Ahmedabad,Gujarat,West,SKU0034,Northline Body Lotion B,Northline,Bath & Body,Body Lotion,Top 25,Active,989,121,118,,27,32501,BGR West,31,24,,40
2025-08,OUT0019,Nykaa Luxe - Ahmedabad 9,Nykaa Luxe,MBO,Ahmedabad,Gujarat,West,SKU0035,Northline Body Wash A,Northline,Bath & Body,Body Wash,Others,Active,469,14,17,,4,1896,BGR West,7,7,,37
2025-08,OUT0019,Nykaa Luxe - Ahmedabad 9,Nykaa Luxe,MBO,Ahmedabad,Gujarat,West,SKU0036,Northline Body Wash B,Northline,Bath & Body,Body Wash,Others,Active,1179,9,12,,1,1334,BGR West,4,4,,39
2025-08,OUT0019,Nykaa Luxe - Ahmedabad 9,Nykaa Luxe,MBO,Ahmedabad,Gujarat,West,SKU0038,Blush & Co Hand Cream A,Blush & Co,Bath & Body,Hand Cream,Others,Active,489,20,23,,5,2541,BGR West,9,8,,40
2025-08,OUT0019,Nykaa Luxe - Ahmedabad 9,Nykaa Luxe,MBO,Ahmedabad,Gujarat,West,SKU0039,Northline Hand Cream B,Northline,Bath & Body,Hand Cream,Others,Active,1189,16,20,,6,6489,BGR West,11,10,,42
2025-08,OUT0020,Reliance Beauty - New Delhi 1,Reliance Beauty,Department Store,New Delhi,Delhi,North,SKU0002,Verde Moisturizer B,Verde,Skincare,Moisturizer,Top 10,Active,1179,7,9,,11,14376,BGR North,14,13,,43
2025-08,OUT0020,Reliance Beauty - New Delhi 1,Reliance Beauty,Department Store,New Delhi,Delhi,North,SKU0004,Northline Serum B,Northline,Skincare,Serum,Top 25,Active,2489,19,22,,3,9068,BGR North,8,6,,46
2025-08,OUT0020,Reliance Beauty - New Delhi 1,Reliance Beauty,Department Store,New Delhi,Delhi,North,SKU0010,Blush & Co Foundation A,Blush & Co,Makeup,Foundation,Others,Active,1419,10,12,,1,1381,BGR North,4,3,,50
2025-08,OUT0020,Reliance Beauty - New Delhi 1,Reliance Beauty,Department Store,New Delhi,Delhi,North,SKU0011,Lumina Foundation B,Lumina,Makeup,Foundation,Top 10,Inactive,1889,48,55,,12,22402,BGR North,20,19,,49
2025-08,OUT0020,Reliance Beauty - New Delhi 1,Reliance Beauty,Department Store,New Delhi,Delhi,North,SKU0012,Northline Lipstick A,Northline,Makeup,Lipstick,Others,Active,2429,5,6,,0,0,BGR North,2,1,,48
2025-08,OUT0020,Reliance Beauty - New Delhi 1,Reliance Beauty,Department Store,New Delhi,Delhi,North,SKU0013,Northline Lipstick B,Northline,Makeup,Lipstick,Others,Active,2469,5,7,,0,0,BGR North,4,2,,51
2025-08,OUT0020,Reliance Beauty - New Delhi 1,Reliance Beauty,Department Store,New Delhi,Delhi,North,SKU0015,Blush & Co Mascara A,Blush & Co,Makeup,Mascara,Top 25,Active,1219,7,10,,8,9911,BGR North,11,11,,51
2025-08,OUT0020,Reliance Beauty - New Delhi 1,Reliance Beauty,Department Store,New Delhi,Delhi,North,SKU0016,Verde Mascara B,Verde,Makeup,Mascara,Top 25,Active,199,0,1,,3,555,BGR North,5,4,,52
2025-08,OUT0020,Reliance Beauty - New Delhi 1,Reliance Beauty,Department Store,New Delhi,Delhi,North,SKU0017,Lumina Mascara C,Lumina,Makeup,Mascara,Top 10,Active,529,3,0,,19,12335,BGR North,33,31,,53
2025-08,OUT0020,Reliance Beauty - New Delhi 1,Reliance Beauty,Department Store,New Delhi,Delhi,North,SKU0018,Northline Eyeliner A,Northline,Makeup,Eyeliner,Others,Active,1959,3,3,,0,0,BGR North,0,0,,47
2025-08,OUT0020,Reliance Beauty - New Delhi 1,Reliance Beauty,Department Store,New Delhi,Delhi,North,SKU0019,Northline Eyeliner B,Northline,Makeup,Eyeliner,Others,Active,1889,11,13,,1,1770,BGR North,3,3,,51
2025-08,OUT0020,Reliance Beauty - New Delhi 1,Reliance Beauty,Department Store,New Delhi,Delhi,North,SKU0020,Lumina Shampoo A,Lumina,Haircare,Shampoo,Top 10,Active,509,0,4,,11,5422,BGR North,15,15,,34
2025-08,OUT0020,Reliance Beauty - New Delhi 1,Reliance Beauty,Department Store,New Delhi,Delhi,North,SKU0028,Northline EDT A,Northline,Fragrance,EDT,Top 25,Active,1109,28,31,,4,4082,BGR North,8,7,,52
2025-08,OUT0020,Reliance Beauty - New Delhi 1,Reliance Beauty,Department Store,New Delhi,Delhi,North,SKU0030,Blush & Co EDT C,Blush & Co,Fragrance,EDT,Others,Active,779,6,8,,3,2359,BGR North,8,5,,56
2025-08,OUT0020,Reliance Beauty - New Delhi 1,Reliance Beauty,Department Store,New Delhi,Delhi,North,SKU0031,Lumina Body Mist A,Lumina,Fragrance,Body Mist,Top 25,Active,2119,17,21,,7,15259,BGR North,16,11,,56
2025-08,OUT0020,Reliance Beauty - New Delhi 1,Reliance Beauty,Department Store,New Delhi,Delhi,North,SKU0033,Northline Body Lotion A,Northline,Bath & Body,Body Lotion,Top 10,Active,1239,91,102,,20,30503,BGR North,39,31,,40
2025-08,OUT0020,Reliance Beauty - New Delhi 1,Reliance Beauty,Department Store,New Delhi,Delhi,North,SKU0034,Northline Body Lotion B,Northline,Bath & Body,Body Lotion,Top 25,Active,989,18,19,,7,6781,BGR North,11,8,,39
2025-08,OUT0020,Reliance Beauty - New Delhi 1,Reliance Beauty,Department Store,New Delhi,Delhi,North,SKU0038,Blush & Co Hand Cream A,Blush & Co,Bath & Body,Hand Cream,Others,Active,489,4,8,,1,604,BGR North,6,5,,38
2025-08,OUT0021,Reliance Beauty - Surat 2,Reliance Beauty,Department Store,Surat,Gujarat,West,SKU0002,Verde Moisturizer B,Verde,Skincare,Moisturizer,Top 10,Active,1179,91,92,,21,29837,BGR West,25,22,,45
2025-08,OUT0021,Reliance Beauty - Surat 2,Reliance Beauty,Department Store,Surat,Gujarat,West,SKU0004,Northline Serum B,Northline,Skincare,Serum,Top 25,Active,2489,19,16,,7,17974,BGR West,7,4,,45
2025-08,OUT0021,Reliance Beauty - Surat 2,Reliance Beauty,Department Store,Surat,Gujarat,West,SKU0006,Blush & Co Cleanser A,Blush & Co,Skincare,Cleanser,Top 10,Active,289,57,65,,38,10482,BGR West,49,46,,47
2025-08,OUT0021,Reliance Beauty - Surat 2,Reliance Beauty,Department Store,Surat,Gujarat,West,SKU0011,Lumina Foundation B,Lumina,Makeup,Foundation,Top 10,Inactive,1889,76,76,,23,43489,BGR West,34,23,,48
2025-08,OUT0021,Reliance Beauty - Surat 2,Reliance Beauty,Department Store,Surat,Gujarat,West,SKU0014,Lumina Lipstick C,Lumina,Makeup,Lipstick,Top 25,Active,1729,22,0,,6,12190,BGR West,12,12,,51
2025-08,OUT0021,Reliance Beauty - Surat 2,Reliance Beauty,Department Store,Surat,Gujarat,West,SKU0015,Blush & Co Mascara A,Blush & Co,Makeup,Mascara,Top 25,Active,1219,8,17,,9,11979,BGR West,21,18,,48
2025-08,OUT0021,Reliance Beauty - Surat 2,Reliance Beauty,Department Store,Surat,Gujarat,West,SKU0016,Verde Mascara B,Verde,Makeup,Mascara,Top 25,Active,199,52,54,,10,2472,BGR West,14,12,,51
2025-08,OUT0021,Reliance Beauty - Surat 2,Reliance Beauty,Department Store,Surat,Gujarat,West,SKU0017,Lumina Mascara C,Lumina,Makeup,Mascara,Top 10,Active,529,83,86,,25,15906,BGR West,35,28,,52
2025-08,OUT0021,Reliance Beauty - Surat 2,Reliance Beauty,Department Store,Surat,Gujarat,West,SKU0019,Northline Eyeliner B,Northline,Makeup,Eyeliner,Others,Active,1889,10,12,,2,4127,BGR West,6,4,,50
2025-08,OUT0021,Reliance Beauty - Surat 2,Reliance Beauty,Department Store,Surat,Gujarat,West,SKU0020,Lumina Shampoo A,Lumina,Haircare,Shampoo,Top 10,Active,509,36,0,,21,12308,BGR West,43,30,,32
2025-08,OUT0021,Reliance Beauty - Surat 2,Reliance Beauty,Department Store,Surat,Gujarat,West,SKU0021,Verde Shampoo B,Verde,Haircare,Shampoo,Others,Active,1319,11,13,,3,4405,BGR West,6,5,,35
2025-08,OUT0021,Reliance Beauty - Surat 2,Reliance Beauty,Department Store,Surat,Gujarat,West,SKU0022,Northline Conditioner A,Northline,Haircare,Conditioner,Others,Active,779,8,11,,4,3862,BGR West,8,7,,33
2025-08,OUT0021,Reliance Beauty - Surat 2,Reliance Beauty,Department Store,Surat,Gujarat,West,SKU0023,Northline Conditioner B,Northline,Haircare,Conditioner,Others,Active,379,0,0,,0,0,BGR West,0,0,,32
2025-08,OUT0021,Reliance Beauty - Surat 2,Reliance Beauty,Department Store,Surat,Gujarat,West,SKU0028,Northline EDT A,Northline,Fragrance,EDT,Top 25,Active,1109,34,42,,12,15447,BGR West,20,20,,54
2025-08,OUT0021,Reliance Beauty - Surat 2,Reliance Beauty,Department Store,Surat,Gujarat,West,SKU0029,Blush & Co EDT B,Blush & Co,Fragrance,EDT,Top 25,Active,479,26,25,,5,2388,BGR West,7,4,,52
2025-08,OUT0021,Reliance Beauty - Surat 2,Reliance Beauty,Department Store,Surat,Gujarat,West,SKU0031,Lumina Body Mist A,Lumina,Fragrance,Body Mist,Top 25,Active,2119,15,19,,6,14744,BGR West,13,10,,54
2025-08,OUT0021,Reliance Beauty - Surat 2,Reliance Beauty,Department Store,Surat,Gujarat,West,SKU0032,Northline Body Mist B,Northline,Fragrance,Body Mist,Others,Inactive,2229,18,21,,3,6363,BGR West,7,6,,57
2025-08,OUT0021,Reliance Beauty - Surat 2,Reliance Beauty,Department Store,Surat,Gujarat,West,SKU0033,Northline Body Lotion A,Northline,Bath & Body,Body Lotion,Top 10,Active,1239,34,0,,33,44038,BGR West,63,63,,39
2025-08,OUT0021,Reliance Beauty - Surat 2,Reliance Beauty,Department Store,Surat,Gujarat,West,SKU0034,Northline Body Lotion B,Northline,Bath & Body,Body Lotion,Top 25,Active,989,34,36,,8,9666,BGR West,13,10,,43
2025-08,OUT0021,Reliance Beauty - Surat 2,Reliance Beauty,Department Store,Surat,Gujarat,West,SKU0038,Blush & Co Hand Cream A,Blush & Co,Bath & Body,Hand Cream,Others,Active,489,20,22,,5,2796,BGR West,10,7,,37
2025-08,OUT0021,Reliance Beauty - Surat 2,Reliance Beauty,Department Store,Surat,Gujarat,West,SKU0039,Northline Hand Cream B,Northline,Bath & Body,Hand Cream,Others,Active,1189,5,6,,2,2193,BGR West,4,3,,38
2025-08,OUT0022,Reliance Beauty - Kolkata 3,Reliance Beauty,Department Store,Kolkata,West Bengal,East,SKU0002,Verde Moisturizer B,Verde,Skincare,Moisturizer,Top 10,Active,1179,32,34,,4,4581,BGR East,8,6,,45
2025-08,OUT0022,Reliance Beauty - Kolkata 3,Reliance Beauty,Department Store,Kolkata,West Bengal,East,SKU0003,Verde Serum A,Verde,Skincare,Serum,Top 25,Active,2419,24,26,,4,11881,BGR East,9,6,,44
2025-08,OUT0022,Reliance Beauty - Kolkata 3,Reliance Beauty,Department Store,Kolkata,West Bengal,East,SKU0004,Northline Serum B,Northline,Skincare,Serum,Top 25,Active,2489,20,21,,3,7283,BGR East,7,4,,44
2025-08,OUT0022,Reliance Beauty - Kolkata 3,Reliance Beauty,Department Store,Kolkata,West Bengal,East,SKU0006,Blush & Co Cleanser A,Blush & Co,Skincare,Cleanser,Top 10,Active,289,14,18,,9,2930,BGR East,19,13,,45
2025-08,OUT0022,Reliance Beauty - Kolkata 3,Reliance Beauty,Department Store,Kolkata,West Bengal,East,SKU0008,Lumina Sunscreen A,Lumina,Skincare,Sunscreen,Others,Active,1599,0,3,,0,0,BGR East,3,3,,42
2025-08,OUT0022,Reliance Beauty - Kolkata 3,Reliance Beauty,Department Store,Kolkata,West Bengal,East,SKU0011,Lumina Foundation B,Lumina,Makeup,Foundation,Top 10,Inactive,1889,31,0,,5,9251,BGR East,13,12,,53
2025-08,OUT0022,Reliance Beauty - Kolkata 3,Reliance Beauty,Department Store,Kolkata,West Bengal,East,SKU0012,Northline Lipstick A,Northline,Makeup,Lipstick,Others,Active,2429,0,2,,0,0,BGR East,2,2,,51
2025-08,OUT0022,Reliance Beauty - Kolkata 3,Reliance Beauty,Department Store,Kolkata,West Bengal,East,SKU0013,Northline Lipstick B,Northline,Makeup,Lipstick,Others,Active,2469,3,3,,0,0,BGR East,1,0,,49
2025-08,OUT0022,Reliance Beauty - Kolkata 3,Reliance Beauty,Department Store,Kolkata,West Bengal,East,SKU0014,Lumina Lipstick C,Lumina,Makeup,Lipstick,Top 25,Active,1729,17,18,,3,5350,BGR East,5,4,,51
2025-08,OUT0022,Reliance Beauty - Kolkata 3,Reliance Beauty,Department Store,Kolkata,West Bengal,East,SKU0015,Blush & Co Mascara A,Blush & Co,Makeup,Mascara,Top 25,Active,1219,11,16,,3,4520,BGR East,8,8,,53
2025-08,OUT0022,Reliance Beauty - Kolkata 3,Reliance Beauty,Department Store,Kolkata,West Bengal,East,SKU0017,Lumina Mascara C,Lumina,Makeup,Mascara,Top 10,Active,529,40,44,,10,5476,BGR East,14,14,,48
2025-08,OUT0022,Reliance Beauty - Kolkata 3,Reliance Beauty,Department Store,Kolkata,West Bengal,East,SKU0018,Northline Eyeliner A,Northline,Makeup,Eyeliner,Others,Active,1959,0,1,,0,0,BGR East,1,1,,50
2025-08,OUT0022,Reliance Beauty - Kolkata 3,Reliance Beauty,Department Store,Kolkata,West Bengal,East,SKU0019,Northline Eyeliner B,Northline,Makeup,Eyeliner,Others,Active,1889,8,10,,1,2203,BGR East,5,3,,50
2025-08,OUT0022,Reliance Beauty - Kolkata 3,Reliance Beauty,Department Store,Kolkata,West Bengal,East,SKU0020,Lumina Shampoo A,Lumina,Haircare,Shampoo,Top 10,Active,509,5,14,,7,3465,BGR East,17,16,,38
2025-08,OUT0022,Reliance Beauty - Kolkata 3,Reliance Beauty,Department Store,Kolkata,West Bengal,East,SKU0022,Northline Conditioner A,Northline,Haircare,Conditioner,Others,Active,779,12,12,,1,929,BGR East,1,1,,33
2025-08,OUT0022,Reliance Beauty - Kolkata 3,Reliance Beauty,Department Store,Kolkata,West Bengal,East,SKU0027,Lumina EDP B,Lumina,Fragrance,EDP,Top 10,Active,529,0,8,,13,8129,BGR East,21,21,,53
2025-08,OUT0022,Reliance Beauty - Kolkata 3,Reliance Beauty,Department Store,Kolkata,West Bengal,East,SKU0028,Northline EDT A,Northline,Fragrance,EDT,Top 25,Active,1109,22,25,,3,2989,BGR East,6,6,,56
2025-08,OUT0022,Reliance Beauty - Kolkata 3,Reliance Beauty,Department Store,Kolkata,West Bengal,East,SKU0029,Blush & Co EDT B,Blush & Co,Fragrance,EDT,Top 25,Active,479,19,23,,2,918,BGR East,6,6,,53
2025-08,OUT0022,Reliance Beauty - Kolkata 3,Reliance Beauty,Department Store,Kolkata,West Bengal,East,SKU0031,Lumina Body Mist A,Lumina,Fragrance,Body Mist,Top 25,Active,2119,5,7,,5,10479,BGR East,9,7,,56
2025-08,OUT0022,Reliance Beauty - Kolkata 3,Reliance Beauty,Department Store,Kolkata,West Bengal,East,SKU0032,Northline Body Mist B,Northline,Fragrance,Body Mist,Others,Inactive,2229,9,8,,2,4334,BGR East,2,1,,52
2025-08,OUT0022,Reliance Beauty - Kolkata 3,Reliance Beauty,Department Store,Kolkata,West Bengal,East,SKU0033,Northline Body Lotion A,Northline,Bath & Body,Body Lotion,Top 10,Active,1239,40,48,,8,11769,BGR East,18,16,,42
2025-08,OUT0022,Reliance Beauty - Kolkata 3,Reliance Beauty,Department Store,Kolkata,West Bengal,East,SKU0034,Northline Body Lotion B,Northline,Bath & Body,Body Lotion,Top 25,Active,989,8,11,,3,3244,BGR East,6,6,,39
2025-08,OUT0022,Reliance Beauty - Kolkata 3,Reliance Beauty,Department Store,Kolkata,West Bengal,East,SKU0035,Northline Body Wash A,Northline,Bath & Body,Body Wash,Others,Active,469,11,15,,1,454,BGR East,5,5,,41
2025-08,OUT0022,Reliance Beauty - Kolkata 3,Reliance Beauty,Department Store,Kolkata,West Bengal,East,SKU0036,Northline Body Wash B,Northline,Bath & Body,Body Wash,Others,Active,1179,9,11,,0,0,BGR East,3,2,,42
2025-08,OUT0022,Reliance Beauty - Kolkata 3,Reliance Beauty,Department Store,Kolkata,West Bengal,East,SKU0037,Verde Body Wash C,Verde,Bath & Body,Body Wash,Top 25,Active,2239,19,21,,4,11231,BGR East,6,6,,37
2025-08,OUT0023,Reliance Beauty - Pune 4,Reliance Beauty,Department Store,Pune,Maharashtra,West,SKU0001,Blush & Co Moisturizer A,Blush & Co,Skincare,Moisturizer,Others,Active,2319,15,15,,2,5343,BGR West,4,2,,48
2025-08,OUT0023,Reliance Beauty - Pune 4,Reliance Beauty,Department Store,Pune,Maharashtra,West,SKU0002,Verde Moisturizer B,Verde,Skincare,Moisturizer,Top 10,Active,1179,0,0,,19,22452,BGR West,17,17,,48
2025-08,OUT0023,Reliance Beauty - Pune 4,Reliance Beauty,Department Store,Pune,Maharashtra,West,SKU0003,Verde Serum A,Verde,Skincare,Serum,Top 25,Active,2419,38,40,,18,48636,BGR West,25,20,,48
2025-08,OUT0023,Reliance Beauty - Pune 4,Reliance Beauty,Department Store,Pune,Maharashtra,West,SKU0004,Northline Serum B,Northline,Skincare,Serum,Top 25,Active,2489,18,21,,6,14791,BGR West,10,9,,44
2025-08,OUT0023,Reliance Beauty - Pune 4,Reliance Beauty,Department Store,Pune,Maharashtra,West,SKU0005,Northline Serum C,Northline,Skincare,Serum,Others,Inactive,1819,8,7,,1,2171,BGR West,1,0,,43
2025-08,OUT0023,Reliance Beauty - Pune 4,Reliance Beauty,Department Store,Pune,Maharashtra,West,SKU0006,Blush & Co Cleanser A,Blush & Co,Skincare,Cleanser,Top 10,Active,289,6,0,,27,8040,BGR West,27,18,,44
2025-08,OUT0023,Reliance Beauty - Pune 4,Reliance Beauty,Department Store,Pune,Maharashtra,West,SKU0009,Blush & Co Sunscreen B,Blush & Co,Skincare,Sunscreen,Others,Inactive,1629,4,4,,2,3993,BGR West,3,2,,45
2025-08,OUT0023,Reliance Beauty - Pune 4,Reliance Beauty,Department Store,Pune,Maharashtra,West,SKU0010,Blush & Co Foundation A,Blush & Co,Makeup,Foundation,Others,Active,1419,0,1,,2,3270,BGR West,5,3,,52
2025-08,OUT0023,Reliance Beauty - Pune 4,Reliance Beauty,Department Store,Pune,Maharashtra,West,SKU0011,Lumina Foundation B,Lumina,Makeup,Foundation,Top 10,Inactive,1889,26,24,,16,28397,BGR West,15,14,,49
2025-08,OUT0023,Reliance Beauty - Pune 4,Reliance Beauty,Department Store,Pune,Maharashtra,West,SKU0012,Northline Lipstick A,Northline,Makeup,Lipstick,Others,Active,2429,7,9,,1,2615,BGR West,3,3,,49
2025-08,OUT0023,Reliance Beauty - Pune 4,Reliance Beauty,Department Store,Pune,Maharashtra,West,SKU0013,Northline Lipstick B,Northline,Makeup,Lipstick,Others,Active,2469,5,9,,0,0,BGR West,5,4,,52
2025-08,OUT0023,Reliance Beauty - Pune 4,Reliance Beauty,Department Store,Pune,Maharashtra,West,SKU0014,Lumina Lipstick C,Lumina,Makeup,Lipstick,Top 25,Active,1729,26,53,,9,14555,BGR West,19,18,,49
2025-08,OUT0023,Reliance Beauty - Pune 4,Reliance Beauty,Department Store,Pune,Maharashtra,West,SKU0015,Blush & Co Mascara A,Blush & Co,Makeup,Mascara,Top 25,Active,1219,0,0,,12,18205,BGR West,17,11,,47
2025-08,OUT0023,Reliance Beauty - Pune 4,Reliance Beauty,Department Store,Pune,Maharashtra,West,SKU0016,Verde Mascara B,Verde,Makeup,Mascara,Top 25,Active,199,15,21,,6,1206,BGR West,15,12,,52
2025-08,OUT0023,Reliance Beauty - Pune 4,Reliance Beauty,Department Store,Pune,Maharashtra,West,SKU0017,Lumina Mascara C,Lumina,Makeup,Mascara,Top 10,Active,529,57,58,,24,14165,BGR West,37,25,,48
2025-08,OUT0023,Reliance Beauty - Pune 4,Reliance Beauty,Department Store,Pune,Maharashtra,West,SKU0018,Northline Eyeliner A,Northline,Makeup,Eyeliner,Others,Active,1959,12,11,,2,3648,BGR West,2,1,,53
2025-08,OUT0023,Reliance Beauty - Pune 4,Reliance Beauty,Department Store,Pune,Maharashtra,West,SKU0020,Lumina Shampoo A,Lumina,Haircare,Shampoo,Top 10,Active,509,24,36,,25,12904,BGR West,47,37,,34
2025-08,OUT0023,Reliance Beauty - Pune 4,Reliance Beauty,Department Store,Pune,Maharashtra,West,SKU0022,Northline Conditioner A,Northline,Haircare,Conditioner,Others,Active,779,18,0,,2,1526,BGR West,5,4,,38
2025-08,OUT0023,Reliance Beauty - Pune 4,Reliance Beauty,Department Store,Pune,Maharashtra,West,SKU0023,Northline Conditioner B,Northline,Haircare,Conditioner,Others,Active,379,7,10,,0,0,BGR West,3,3,,37
2025-08,OUT0023,Reliance Beauty - Pune 4,Reliance Beauty,Department Store,Pune,Maharashtra,West,SKU0027,Lumina EDP B,Lumina,Fragrance,EDP,Top 10,Active,529,50,49,,23,11016,BGR West,28,22,,54
2025-08,OUT0023,Reliance Beauty - Pune 4,Reliance Beauty,Department Store,Pune,Maharashtra,West,SKU0028,Northline EDT A,Northline,Fragrance,EDT,Top 25,Active,1109,16,20,,11,10894,BGR West,15,15,,54
2025-08,OUT0023,Reliance Beauty - Pune 4,Reliance Beauty,Department Store,Pune,Maharashtra,West,SKU0029,Blush & Co EDT B,Blush & Co,Fragrance,EDT,Top 25,Active,479,25,29,,8,4045,BGR West,12,12,,53
2025-08,OUT0023,Reliance Beauty - Pune 4,Reliance Beauty,Department Store,Pune,Maharashtra,West,SKU0032,Northline Body Mist B,Northline,Fragrance,Body Mist,Others,Inactive,2229,17,18,,2,5403,BGR West,4,3,,52
2025-08,OUT0023,Reliance Beauty - Pune 4,Reliance Beauty,Department Store,Pune,Maharashtra,West,SKU0033,Northline Body Lotion A,Northline,Bath & Body,Body Lotion,Top 10,Active,1239,71,96,,24,29253,BGR West,49,49,,37
2025-08,OUT0023,Reliance Beauty - Pune 4,Reliance Beauty,Department Store,Pune,Maharashtra,West,SKU0034,Northline Body Lotion B,Northline,Bath & Body,Body Lotion,Top 25,Active,989,27,35,,10,10342,BGR West,18,18,,37
2025-08,OUT0023,Reliance Beauty - Pune 4,Reliance Beauty,Department Store,Pune,Maharashtra,West,SKU0035,Northline Body Wash A,Northline,Bath & Body,Body Wash,Others,Active,469,9,13,,3,1762,BGR West,7,7,,37
2025-08,OUT0023,Reliance Beauty - Pune 4,Reliance Beauty,Department Store,Pune,Maharashtra,West,SKU0036,Northline Body Wash B,Northline,Bath & Body,Body Wash,Others,Active,1179,5,5,,1,1156,BGR West,2,1,,40
2025-08,OUT0023,Reliance Beauty - Pune 4,Reliance Beauty,Department Store,Pune,Maharashtra,West,SKU0037,Verde Body Wash C,Verde,Bath & Body,Body Wash,Top 25,Active,2239,14,19,,5,12188,BGR West,10,10,,41
2025-08,OUT0023,Reliance Beauty - Pune 4,Reliance Beauty,Department Store,Pune,Maharashtra,West,SKU0038,Blush & Co Hand Cream A,Blush & Co,Bath & Body,Hand Cream,Others,Active,489,12,14,,2,1119,BGR West,6,4,,41
2025-08,OUT0024,Reliance Beauty - Bangalore 5,Reliance Beauty,Department Store,Bangalore,Karnataka,South,SKU0001,Blush & Co Moisturizer A,Blush & Co,Skincare,Moisturizer,Others,Active,2319,0,3,,1,2871,BGR South,5,4,,45
2025-08,OUT0024,Reliance Beauty - Bangalore 5,Reliance Beauty,Department Store,Bangalore,Karnataka,South,SKU0003,Verde Serum A,Verde,Skincare,Serum,Top 25,Active,2419,41,43,,5,12682,BGR South,7,7,,46
2025-08,OUT0024,Reliance Beauty - Bangalore 5,Reliance Beauty,Department Store,Bangalore,Karnataka,South,SKU0004,Northline Serum B,Northline,Skincare,Serum,Top 25,Active,2489,19,0,,4,9596,BGR South,9,9,,44
2025-08,OUT0024,Reliance Beauty - Bangalore 5,Reliance Beauty,Department Store,Bangalore,Karnataka,South,SKU0005,Northline Serum C,Northline,Skincare,Serum,Others,Inactive,1819,9,10,,0,0,BGR South,2,1,,48
2025-08,OUT0024,Reliance Beauty - Bangalore 5,Reliance Beauty,Department Store,Bangalore,Karnataka,South,SKU0006,Blush & Co Cleanser A,Blush & Co,Skincare,Cleanser,Top 10,Active,289,84,159,,18,6133,BGR South,23,23,,47
2025-08,OUT0024,Reliance Beauty - Bangalore 5,Reliance Beauty,Department Store,Bangalore,Karnataka,South,SKU0007,Northline Cleanser B,Northline,Skincare,Cleanser,Others,Active,1809,15,19,,1,1958,BGR South,6,5,,45
2025-08,OUT0024,Reliance Beauty - Bangalore 5,Reliance Beauty,Department Store,Bangalore,Karnataka,South,SKU0008,Lumina Sunscreen A,Lumina,Skincare,Sunscreen,Others,Active,1599,13,17,,0,0,BGR South,4,4,,47
2025-08,OUT0024,Reliance Beauty - Bangalore 5,Reliance Beauty,Department Store,Bangalore,Karnataka,South,SKU0009,Blush & Co Sunscreen B,Blush & Co,Skincare,Sunscreen,Others,Inactive,1629,0,3,,1,1682,BGR South,6,4,,45
2025-08,OUT0024,Reliance Beauty - Bangalore 5,Reliance Beauty,Department Store,Bangalore,Karnataka,South,SKU0011,Lumina Foundation B,Lumina,Makeup,Foundation,Top 10,Inactive,1889,26,29,,8,18394,BGR South,16,11,,53
2025-08,OUT0024,Reliance Beauty - Bangalore 5,Reliance Beauty,Department Store,Bangalore,Karnataka,South,SKU0013,Northline Lipstick B,Northline,Makeup,Lipstick,Others,Active,2469,0,1,,0,0,BGR South,1,1,,53
2025-08,OUT0024,Reliance Beauty - Bangalore 5,Reliance Beauty,Department Store,Bangalore,Karnataka,South,SKU0014,Lumina Lipstick C,Lumina,Makeup,Lipstick,Top 25,Active,1729,18,25,,3,5652,BGR South,5,5,,51
2025-08,OUT0024,Reliance Beauty - Bangalore 5,Reliance Beauty,Department Store,Bangalore,Karnataka,South,SKU0015,Blush & Co Mascara A,Blush & Co,Makeup,Mascara,Top 25,Active,1219,32,35,,5,6553,BGR South,9,8,,51
2025-08,OUT0024,Reliance Beauty - Bangalore 5,Reliance Beauty,Department Store,Bangalore,Karnataka,South,SKU0016,Verde Mascara B,Verde,Makeup,Mascara,Top 25,Active,199,7,0,,6,1457,BGR South,8,6,,50
2025-08,OUT0024,Reliance Beauty - Bangalore 5,Reliance Beauty,Department Store,Bangalore,Karnataka,South,SKU0017,Lumina Mascara C,Lumina,Makeup,Mascara,Top 10,Active,529,52,60,,13,6189,BGR South,27,21,,51
2025-08,OUT0024,Reliance Beauty - Bangalore 5,Reliance Beauty,Department Store,Bangalore,Karnataka,South,SKU0020,Lumina Shampoo A,Lumina,Haircare,Shampoo,Top 10,Active,509,19,22,,11,6414,BGR South,15,14,,34
2025-08,OUT0024,Reliance Beauty - Bangalore 5,Reliance Beauty,Department Store,Bangalore,Karnataka,South,SKU0021,Verde Shampoo B,Verde,Haircare,Shampoo,Others,Active,1319,6,8,,2,2532,BGR South,4,4,,36
2025-08,OUT0024,Reliance Beauty - Bangalore 5,Reliance Beauty,Department Store,Bangalore,Karnataka,South,SKU0022,Northline Conditioner A,Northline,Haircare,Conditioner,Others,Active,779,16,16,,4,3354,BGR South,6,4,,34
2025-08,OUT0024,Reliance Beauty - Bangalore 5,Reliance Beauty,Department Store,Bangalore,Karnataka,South,SKU0027,Lumina EDP B,Lumina,Fragrance,EDP,Top 10,Active,529,31,43,,14,7133,BGR South,28,26,,53
2025-08,OUT0024,Reliance Beauty - Bangalore 5,Reliance Beauty,Department Store,Bangalore,Karnataka,South,SKU0028,Northline EDT A,Northline,Fragrance,EDT,Top 25,Active,1109,18,22,,8,9068,BGR South,14,12,,53
2025-08,OUT0024,Reliance Beauty - Bangalore 5,Reliance Beauty,Department Store,Bangalore,Karnataka,South,SKU0029,Blush & Co EDT B,Blush & Co,Fragrance,EDT,Top 25,Active,479,22,24,,4,1819,BGR South,9,6,,56
2025-08,OUT0024,Reliance Beauty - Bangalore 5,Reliance Beauty,Department Store,Bangalore,Karnataka,South,SKU0031,Lumina Body Mist A,Lumina,Fragrance,Body Mist,Top 25,Active,2119,26,59,,43,91929,BGR South,85,76,,57
2025-08,OUT0024,Reliance Beauty - Bangalore 5,Reliance Beauty,Department Store,Bangalore,Karnataka,South,SKU0033,Northline Body Lotion A,Northline,Bath & Body,Body Lotion,Top 10,Active,1239,42,49,,16,21746,BGR South,26,23,,41
2025-08,OUT0024,Reliance Beauty - Bangalore 5,Reliance Beauty,Department Store,Bangalore,Karnataka,South,SKU0034,Northline Body Lotion B,Northline,Bath & Body,Body Lotion,Top 25,Active,989,20,22,,5,6036,BGR South,8,7,,40
2025-08,OUT0024,Reliance Beauty - Bangalore 5,Reliance Beauty,Department Store,Bangalore,Karnataka,South,SKU0037,Verde Body Wash C,Verde,Bath & Body,Body Wash,Top 25,Active,2239,19,25,,4,9962,BGR South,10,10,,37
2025-08,OUT0024,Reliance Beauty - Bangalore 5,Reliance Beauty,Department Store,Bangalore,Karnataka,South,SKU0038,Blush & Co Hand Cream A,Blush & Co,Bath & Body,Hand Cream,Others,Active,489,12,14,,1,523,BGR South,3,3,,42
2025-08,OUT0024,Reliance Beauty - Bangalore 5,Reliance Beauty,Department Store,Bangalore,Karnataka,South,SKU0039,Northline Hand Cream B,Northline,Bath & Body,Hand Cream,Others,Active,1189,11,13,,2,2709,BGR South,4,4,,42
2025-08,OUT0025,Reliance Beauty - Bangalore 6,Reliance Beauty,Department Store,Bangalore,Karnataka,South,SKU0002,Verde Moisturizer B,Verde,Skincare,Moisturizer,Top 10,Active,1179,24,24,,12,16949,BGR South,16,12,,44
2025-08,OUT0025,Reliance Beauty - Bangalore 6,Reliance Beauty,Department Store,Bangalore,Karnataka,South,SKU0004,Northline Serum B,Northline,Skincare,Serum,Top 25,Active,2489,0,2,,7,19842,BGR South,9,9,,46
2025-08,OUT0025,Reliance Beauty - Bangalore 6,Reliance Beauty,Department Store,Bangalore,Karnataka,South,SKU0006,Blush & Co Cleanser A,Blush & Co,Skincare,Cleanser,Top 10,Active,289,41,53,,17,5332,BGR South,29,29,,43
2025-08,OUT0025,Reliance Beauty - Bangalore 6,Reliance Beauty,Department Store,Bangalore,Karnataka,South,SKU0008,Lumina Sunscreen A,Lumina,Skincare,Sunscreen,Others,Active,1599,5,6,,0,0,BGR South,2,1,,46
2025-08,OUT0025,Reliance Beauty - Bangalore 6,Reliance Beauty,Department Store,Bangalore,Karnataka,South,SKU0010,Blush & Co Foundation A,Blush & Co,Makeup,Foundation,Others,Active,1419,2,3,,2,2684,BGR South,4,3,,51
2025-08,OUT0025,Reliance Beauty - Bangalore 6,Reliance Beauty,Department Store,Bangalore,Karnataka,South,SKU0011,Lumina Foundation B,Lumina,Makeup,Foundation,Top 10,Inactive,1889,38,44,,7,13520,BGR South,15,13,,50
2025-08,OUT0025,Reliance Beauty - Bangalore 6,Reliance Beauty,Department Store,Bangalore,Karnataka,South,SKU0015,Blush & Co Mascara A,Blush & Co,Makeup,Mascara,Top 25,Active,1219,13,36,,5,7349,BGR South,11,9,,53
2025-08,OUT0025,Reliance Beauty - Bangalore 6,Reliance Beauty,Department Store,Bangalore,Karnataka,South,SKU0016,Verde Mascara B,Verde,Makeup,Mascara,Top 25,Active,199,6,16,,8,1601,BGR South,20,18,,50
2025-08,OUT0025,Reliance Beauty - Bangalore 6,Reliance Beauty,Department Store,Bangalore,Karnataka,South,SKU0017,Lumina Mascara C,Lumina,Makeup,Mascara,Top 10,Active,529,53,61,,14,7223,BGR South,22,22,,51
2025-08,OUT0025,Reliance Beauty - Bangalore 6,Reliance Beauty,Department Store,Bangalore,Karnataka,South,SKU0019,Northline Eyeliner B,Northline,Makeup,Eyeliner,Others,Active,1889,6,7,,1,2104,BGR South,3,2,,50
2025-08,OUT0025,Reliance Beauty - Bangalore 6,Reliance Beauty,Department Store,Bangalore,Karnataka,South,SKU0020,Lumina Shampoo A,Lumina,Haircare,Shampoo,Top 10,Active,509,48,47,,13,6430,BGR South,15,12,,36
2025-08,OUT0025,Reliance Beauty - Bangalore 6,Reliance Beauty,Department Store,Bangalore,Karnataka,South,SKU0023,Northline Conditioner B,Northline,Haircare,Conditioner,Others,Active,379,2,5,,0,0,BGR South,3,3,,38
2025-08,OUT0025,Reliance Beauty - Bangalore 6,Reliance Beauty,Department Store,Bangalore,Karnataka,South,SKU0027,Lumina EDP B,Lumina,Fragrance,EDP,Top 10,Active,529,18,0,,11,6390,BGR South,20,20,,56
2025-08,OUT0025,Reliance Beauty - Bangalore 6,Reliance Beauty,Department Store,Bangalore,Karnataka,South,SKU0028,Northline EDT A,Northline,Fragrance,EDT,Top 25,Active,1109,33,34,,9,9819,BGR South,15,10,,58
2025-08,OUT0025,Reliance Beauty - Bangalore 6,Reliance Beauty,Department Store,Bangalore,Karnataka,South,SKU0029,Blush & Co EDT B,Blush & Co,Fragrance,EDT,Top 25,Active,479,34,38,,5,2570,BGR South,9,9,,55
2025-08,OUT0025,Reliance Beauty - Bangalore 6,Reliance Beauty,Department Store,Bangalore,Karnataka,South,SKU0030,Blush & Co EDT C,Blush & Co,Fragrance,EDT,Others,Active,779,3,6,,2,1676,BGR South,5,5,,57
2025-08,OUT0025,Reliance Beauty - Bangalore 6,Reliance Beauty,Department Store,Bangalore,Karnataka,South,SKU0031,Lumina Body Mist A,Lumina,Fragrance,Body Mist,Top 25,Active,2119,25,27,,10,21189,BGR South,18,12,,53
2025-08,OUT0025,Reliance Beauty - Bangalore 6,Reliance Beauty,Department Store,Bangalore,Karnataka,South,SKU0033,Northline Body Lotion A,Northline,Bath & Body,Body Lotion,Top 10,Active,1239,32,52,,18,23577,BGR South,38,38,,42
2025-08,OUT0025,Reliance Beauty - Bangalore 6,Reliance Beauty,Department Store,Bangalore,Karnataka,South,SKU0034,Northline Body Lotion B,Northline,Bath & Body,Body Lotion,Top 25,Active,989,21,20,,5,5496,BGR South,5,4,,40
2025-08,OUT0025,Reliance Beauty - Bangalore 6,Reliance Beauty,Department Store,Bangalore,Karnataka,South,SKU0036,Northline Body Wash B,Northline,Bath & Body,Body Wash,Others,Active,1179,5,6,,0,0,BGR South,1,1,,39
2025-08,OUT0025,Reliance Beauty - Bangalore 6,Reliance Beauty,Department Store,Bangalore,Karnataka,South,SKU0037,Verde Body Wash C,Verde,Bath & Body,Body Wash,Top 25,Active,2239,11,14,,4,9788,BGR South,7,7,,41
2025-08,OUT0025,Reliance Beauty - Bangalore 6,Reliance Beauty,Department Store,Bangalore,Karnataka,South,SKU0039,Northline Hand Cream B,Northline,Bath & Body,Hand Cream,Others,Active,1189,15,16,,3,3663,BGR South,6,4,,37
2025-08,OUT0026,Reliance Beauty - Bhubaneswar 7,Reliance Beauty,Department Store,Bhubaneswar,Odisha,East,SKU0002,Verde Moisturizer B,Verde,Skincare,Moisturizer,Top 10,Active,1179,20,24,,10,12294,BGR East,16,14,,47
2025-08,OUT0026,Reliance Beauty - Bhubaneswar 7,Reliance Beauty,Department Store,Bhubaneswar,Odisha,East,SKU0003,Verde Serum A,Verde,Skincare,Serum,Top 25,Active,2419,0,37,,7,19420,BGR East,13,13,,45
2025-08,OUT0026,Reliance Beauty - Bhubaneswar 7,Reliance Beauty,Department Store,Bhubaneswar,Odisha,East,SKU0004,Northline Serum B,Northline,Skincare,Serum,Top 25,Active,2489,15,19,,4,11987,BGR East,8,8,,42
2025-08,OUT0026,Reliance Beauty - Bhubaneswar 7,Reliance Beauty,Department Store,Bhubaneswar,Odisha,East,SKU0006,Blush & Co Cleanser A,Blush & Co,Skincare,Cleanser,Top 10,Active,289,27,26,,14,3893,BGR East,13,13,,45
2025-08,OUT0026,Reliance Beauty - Bhubaneswar 7,Reliance Beauty,Department Store,Bhubaneswar,Odisha,East,SKU0008,Lumina Sunscreen A,Lumina,Skincare,Sunscreen,Others,Active,1599,6,8,,0,0,BGR East,2,2,,42
2025-08,OUT0026,Reliance Beauty - Bhubaneswar 7,Reliance Beauty,Department Store,Bhubaneswar,Odisha,East,SKU0009,Blush & Co Sunscreen B,Blush & Co,Skincare,Sunscreen,Others,Inactive,1629,10,12,,2,3430,BGR East,5,4,,48
2025-08,OUT0026,Reliance Beauty - Bhubaneswar 7,Reliance Beauty,Department Store,Bhubaneswar,Odisha,East,SKU0010,Blush & Co Foundation A,Blush & Co,Makeup,Foundation,Others,Active,1419,1,1,,2,2832,BGR East,2,2,,51
2025-08,OUT0026,Reliance Beauty - Bhubaneswar 7,Reliance Beauty,Department Store,Bhubaneswar,Odisha,East,SKU0011,Lumina Foundation B,Lumina,Makeup,Foundation,Top 10,Inactive,1889,19,22,,19,33235,BGR East,25,22,,53
2025-08,OUT0026,Reliance Beauty - Bhubaneswar 7,Reliance Beauty,Department Store,Bhubaneswar,Odisha,East,SKU0014,Lumina Lipstick C,Lumina,Makeup,Lipstick,Top 25,Active,1729,27,27,,3,6159,BGR East,4,3,,47
2025-08,OUT0026,Reliance Beauty - Bhubaneswar 7,Reliance Beauty,Department Store,Bhubaneswar,Odisha,East,SKU0015,Blush & Co Mascara A,Blush & Co,Makeup,Mascara,Top 25,Active,1219,32,33,,4,5511,BGR East,5,5,,53
2025-08,OUT0026,Reliance Beauty - Bhubaneswar 7,Reliance Beauty,Department Store,Bhubaneswar,Odisha,East,SKU0016,Verde Mascara B,Verde,Makeup,Mascara,Top 25,Active,199,24,30,,5,1247,BGR East,12,11,,50
2025-08,OUT0026,Reliance Beauty - Bhubaneswar 7,Reliance Beauty,Department Store,Bhubaneswar,Odisha,East,SKU0020,Lumina Shampoo A,Lumina,Haircare,Shampoo,Top 10,Active,509,2,17,,11,5742,BGR East,26,26,,37
2025-08,OUT0026,Reliance Beauty - Bhubaneswar 7,Reliance Beauty,Department Store,Bhubaneswar,Odisha,East,SKU0023,Northline Conditioner B,Northline,Haircare,Conditioner,Others,Active,379,0,1,,0,0,BGR East,1,1,,34
2025-08,OUT0026,Reliance Beauty - Bhubaneswar 7,Reliance Beauty,Department Store,Bhubaneswar,Odisha,East,SKU0028,Northline EDT A,Northline,Fragrance,EDT,Top 25,Active,1109,12,17,,9,12238,BGR East,15,14,,55
2025-08,OUT0026,Reliance Beauty - Bhubaneswar 7,Reliance Beauty,Department Store,Bhubaneswar,Odisha,East,SKU0030,Blush & Co EDT C,Blush & Co,Fragrance,EDT,Others,Active,779,0,2,,2,1415,BGR East,7,4,,53
2025-08,OUT0026,Reliance Beauty - Bhubaneswar 7,Reliance Beauty,Department Store,Bhubaneswar,Odisha,East,SKU0032,Northline Body Mist B,Northline,Fragrance,Body Mist,Others,Inactive,2229,10,15,,1,2269,BGR East,7,6,,53
2025-08,OUT0026,Reliance Beauty - Bhubaneswar 7,Reliance Beauty,Department Store,Bhubaneswar,Odisha,East,SKU0033,Northline Body Lotion A,Northline,Bath & Body,Body Lotion,Top 10,Active,1239,42,56,,15,19188,BGR East,33,29,,38
2025-08,OUT0026,Reliance Beauty - Bhubaneswar 7,Reliance Beauty,Department Store,Bhubaneswar,Odisha,East,SKU0035,Northline Body Wash A,Northline,Bath & Body,Body Wash,Others,Active,469,0,2,,1,460,BGR East,5,3,,37
2025-08,OUT0026,Reliance Beauty - Bhubaneswar 7,Reliance Beauty,Department Store,Bhubaneswar,Odisha,East,SKU0036,Northline Body Wash B,Northline,Bath & Body,Body Wash,Others,Active,1179,6,9,,0,0,BGR East,4,3,,40
2025-08,OUT0026,Reliance Beauty - Bhubaneswar 7,Reliance Beauty,Department Store,Bhubaneswar,Odisha,East,SKU0037,Verde Body Wash C,Verde,Bath & Body,Body Wash,Top 25,Active,2239,2,1,,8,22090,BGR East,8,7,,37
2025-08,OUT0027,Reliance Beauty - Kolkata 8,Reliance Beauty,Department Store,Kolkata,West Bengal,East,SKU0002,Verde Moisturizer B,Verde,Skincare,Moisturizer,Top 10,Active,1179,18,23,,5,5391,BGR East,10,10,,47
2025-08,OUT0027,Reliance Beauty - Kolkata 8,Reliance Beauty,Department Store,Kolkata,West Bengal,East,SKU0003,Verde Serum A,Verde,Skincare,Serum,Top 25,Active,2419,23,22,,3,8671,BGR East,4,2,,43
2025-08,OUT0027,Reliance Beauty - Kolkata 8,Reliance Beauty,Department Store,Kolkata,West Bengal,East,SKU0004,Northline Serum B,Northline,Skincare,Serum,Top 25,Active,2489,15,0,,2,4940,BGR East,1,1,,42
2025-08,OUT0027,Reliance Beauty - Kolkata 8,Reliance Beauty,Department Store,Kolkata,West Bengal,East,SKU0005,Northline Serum C,Northline,Skincare,Serum,Others,Inactive,1819,6,9,,0,0,BGR East,4,3,,47
2025-08,OUT0027,Reliance Beauty - Kolkata 8,Reliance Beauty,Department Store,Kolkata,West Bengal,East,SKU0006,Blush & Co Cleanser A,Blush & Co,Skincare,Cleanser,Top 10,Active,289,41,43,,14,4885,BGR East,16,16,,42
2025-08,OUT0027,Reliance Beauty - Kolkata 8,Reliance Beauty,Department Store,Kolkata,West Bengal,East,SKU0009,Blush & Co Sunscreen B,Blush & Co,Skincare,Sunscreen,Others,Inactive,1629,7,11,,1,1489,BGR East,5,5,,43
2025-08,OUT0027,Reliance Beauty - Kolkata 8,Reliance Beauty,Department Store,Kolkata,West Bengal,East,SKU0010,Blush & Co Foundation A,Blush & Co,Makeup,Foundation,Others,Active,1419,7,8,,0,0,BGR East,2,1,,51
2025-08,OUT0027,Reliance Beauty - Kolkata 8,Reliance Beauty,Department Store,Kolkata,West Bengal,East,SKU0011,Lumina Foundation B,Lumina,Makeup,Foundation,Top 10,Inactive,1889,27,0,,5,11231,BGR East,9,7,,50
2025-08,OUT0027,Reliance Beauty - Kolkata 8,Reliance Beauty,Department Store,Kolkata,West Bengal,East,SKU0013,Northline Lipstick B,Northline,Makeup,Lipstick,Others,Active,2469,5,6,,0,0,BGR East,1,1,,50
2025-08,OUT0027,Reliance Beauty - Kolkata 8,Reliance Beauty,Department Store,Kolkata,West Bengal,East,SKU0014,Lumina Lipstick C,Lumina,Makeup,Lipstick,Top 25,Active,1729,11,13,,2,3819,BGR East,6,4,,48
2025-08,OUT0027,Reliance Beauty - Kolkata 8,Reliance Beauty,Department Store,Kolkata,West Bengal,East,SKU0015,Blush & Co Mascara A,Blush & Co,Makeup,Mascara,Top 25,Active,1219,15,21,,4,5074,BGR East,11,10,,50
2025-08,OUT0027,Reliance Beauty - Kolkata 8,Reliance Beauty,Department Store,Kolkata,West Bengal,East,SKU0016,Verde Mascara B,Verde,Makeup,Mascara,Top 25,Active,199,3,0,,3,589,BGR East,10,10,,49
2025-08,OUT0027,Reliance Beauty - Kolkata 8,Reliance Beauty,Department Store,Kolkata,West Bengal,East,SKU0017,Lumina Mascara C,Lumina,Makeup,Mascara,Top 10,Active,529,3,10,,6,3286,BGR East,14,13,,48
2025-08,OUT0027,Reliance Beauty - Kolkata 8,Reliance Beauty,Department Store,Kolkata,West Bengal,East,SKU0018,Northline Eyeliner A,Northline,Makeup,Eyeliner,Others,Active,1959,5,5,,0,0,BGR East,0,0,,49
2025-08,OUT0027,Reliance Beauty - Kolkata 8,Reliance Beauty,Department Store,Kolkata,West Bengal,East,SKU0020,Lumina Shampoo A,Lumina,Haircare,Shampoo,Top 10,Active,509,8,10,,8,3893,BGR East,12,10,,35
2025-08,OUT0027,Reliance Beauty - Kolkata 8,Reliance Beauty,Department Store,Kolkata,West Bengal,East,SKU0022,Northline Conditioner A,Northline,Haircare,Conditioner,Others,Active,779,0,3,,1,953,BGR East,5,4,,33
2025-08,OUT0027,Reliance Beauty - Kolkata 8,Reliance Beauty,Department Store,Kolkata,West Bengal,East,SKU0023,Northline Conditioner B,Northline,Haircare,Conditioner,Others,Active,379,8,10,,0,0,BGR East,2,2,,34
2025-08,OUT0027,Reliance Beauty - Kolkata 8,Reliance Beauty,Department Store,Kolkata,West Bengal,East,SKU0029,Blush & Co EDT B,Blush & Co,Fragrance,EDT,Top 25,Active,479,10,0,,3,1797,BGR East,6,6,,55
2025-08,OUT0027,Reliance Beauty - Kolkata 8,Reliance Beauty,Department Store,Kolkata,West Bengal,East,SKU0031,Lumina Body Mist A,Lumina,Fragrance,Body Mist,Top 25,Active,2119,0,3,,4,8603,BGR East,8,7,,57
2025-08,OUT0027,Reliance Beauty - Kolkata 8,Reliance Beauty,Department Store,Kolkata,West Bengal,East,SKU0033,Northline Body Lotion A,Northline,Bath & Body,Body Lotion,Top 10,Active,1239,34,45,,9,11537,BGR East,20,20,,39
2025-08,OUT0027,Reliance Beauty - Kolkata 8,Reliance Beauty,Department Store,Kolkata,West Bengal,East,SKU0034,Northline Body Lotion B,Northline,Bath & Body,Body Lotion,Top 25,Active,989,7,9,,3,3518,BGR East,7,5,,42
2025-08,OUT0027,Reliance Beauty - Kolkata 8,Reliance Beauty,Department Store,Kolkata,West Bengal,East,SKU0035,Northline Body Wash A,Northline,Bath & Body,Body Wash,Others,Active,469,9,10,,0,0,BGR East,2,1,,37
2025-08,OUT0027,Reliance Beauty - Kolkata 8,Reliance Beauty,Department Store,Kolkata,West Bengal,East,SKU0037,Verde Body Wash C,Verde,Bath & Body,Body Wash,Top 25,Active,2239,14,16,,3,7803,BGR East,6,5,,42
2025-08,OUT0027,Reliance Beauty - Kolkata 8,Reliance Beauty,Department Store,Kolkata,West Bengal,East,SKU0039,Northline Hand Cream B,Northline,Bath & Body,Hand Cream,Others,Active,1189,8,13,,2,2487,BGR East,7,7,,37
2025-08,OUT0028,Reliance Beauty - Pune 9,Reliance Beauty,Department Store,Pune,Maharashtra,West,SKU0001,Blush & Co Moisturizer A,Blush & Co,Skincare,Moisturizer,Others,Active,2319,13,12,,1,2721,BGR West,1,0,,42
2025-08,OUT0028,Reliance Beauty - Pune 9,Reliance Beauty,Department Store,Pune,Maharashtra,West,SKU0002,Verde Moisturizer B,Verde,Skincare,Moisturizer,Top 10,Active,1179,40,43,,9,11389,BGR West,12,12,,42
2025-08,OUT0028,Reliance Beauty - Pune 9,Reliance Beauty,Department Store,Pune,Maharashtra,West,SKU0003,Verde Serum A,Verde,Skincare,Serum,Top 25,Active,2419,0,10,,10,27681,BGR West,20,20,,46
2025-08,OUT0028,Reliance Beauty - Pune 9,Reliance Beauty,Department Store,Pune,Maharashtra,West,SKU0006,Blush & Co Cleanser A,Blush & Co,Skincare,Cleanser,Top 10,Active,289,46,60,,17,5495,BGR West,33,31,,48
2025-08,OUT0028,Reliance Beauty - Pune 9,Reliance Beauty,Department Store,Pune,Maharashtra,West,SKU0007,Northline Cleanser B,Northline,Skincare,Cleanser,Others,Active,1809,14,16,,1,1813,BGR West,3,3,,48
2025-08,OUT0028,Reliance Beauty - Pune 9,Reliance Beauty,Department Store,Pune,Maharashtra,West,SKU0010,Blush & Co Foundation A,Blush & Co,Makeup,Foundation,Others,Active,1419,11,13,,1,1522,BGR West,4,3,,49
2025-08,OUT0028,Reliance Beauty - Pune 9,Reliance Beauty,Department Store,Pune,Maharashtra,West,SKU0011,Lumina Foundation B,Lumina,Makeup,Foundation,Top 10,Inactive,1889,71,77,,11,23152,BGR West,22,17,,47
2025-08,OUT0028,Reliance Beauty - Pune 9,Reliance Beauty,Department Store,Pune,Maharashtra,West,SKU0012,Northline Lipstick A,Northline,Makeup,Lipstick,Others,Active,2429,0,3,,0,0,BGR West,3,3,,47
2025-08,OUT0028,Reliance Beauty - Pune 9,Reliance Beauty,Department Store,Pune,Maharashtra,West,SKU0014,Lumina Lipstick C,Lumina,Makeup,Lipstick,Top 25,Active,1729,23,26,,7,11225,BGR West,11,10,,50
2025-08,OUT0028,Reliance Beauty - Pune 9,Reliance Beauty,Department Store,Pune,Maharashtra,West,SKU0016,Verde Mascara B,Verde,Makeup,Mascara,Top 25,Active,199,20,28,,5,1178,BGR West,14,13,,47
2025-08,OUT0028,Reliance Beauty - Pune 9,Reliance Beauty,Department Store,Pune,Maharashtra,West,SKU0017,Lumina Mascara C,Lumina,Makeup,Mascara,Top 10,Active,529,45,94,,15,9611,BGR West,30,24,,48
2025-08,OUT0028,Reliance Beauty - Pune 9,Reliance Beauty,Department Store,Pune,Maharashtra,West,SKU0018,Northline Eyeliner A,Northline,Makeup,Eyeliner,Others,Active,1959,0,3,,0,0,BGR West,3,3,,47
2025-08,OUT0028,Reliance Beauty - Pune 9,Reliance Beauty,Department Store,Pune,Maharashtra,West,SKU0019,Northline Eyeliner B,Northline,Makeup,Eyeliner,Others,Active,1889,16,15,,2,4568,BGR West,2,1,,51
2025-08,OUT0028,Reliance Beauty - Pune 9,Reliance Beauty,Department Store,Pune,Maharashtra,West,SKU0020,Lumina Shampoo A,Lumina,Haircare,Shampoo,Top 10,Active,509,29,38,,14,8487,BGR West,29,23,,35
2025-08,OUT0028,Reliance Beauty - Pune 9,Reliance Beauty,Department Store,Pune,Maharashtra,West,SKU0022,Northline Conditioner A,Northline,Haircare,Conditioner,Others,Active,779,13,17,,2,1574,BGR West,7,6,,32
2025-08,OUT0028,Reliance Beauty - Pune 9,Reliance Beauty,Department Store,Pune,Maharashtra,West,SKU0027,Lumina EDP B,Lumina,Fragrance,EDP,Top 10,Active,529,49,51,,14,7669,BGR West,24,16,,58
2025-08,OUT0028,Reliance Beauty - Pune 9,Reliance Beauty,Department Store,Pune,Maharashtra,West,SKU0029,Blush & Co EDT B,Blush & Co,Fragrance,EDT,Top 25,Active,479,14,22,,9,4939,BGR West,18,17,,52
2025-08,OUT0028,Reliance Beauty - Pune 9,Reliance Beauty,Department Store,Pune,Maharashtra,West,SKU0031,Lumina Body Mist A,Lumina,Fragrance,Body Mist,Top 25,Active,2119,0,35,,34,69133,BGR West,69,69,,53
2025-08,OUT0028,Reliance Beauty - Pune 9,Reliance Beauty,Department Store,Pune,Maharashtra,West,SKU0032,Northline Body Mist B,Northline,Fragrance,Body Mist,Others,Inactive,2229,14,19,,2,5060,BGR West,7,7,,57
2025-08,OUT0028,Reliance Beauty - Pune 9,Reliance Beauty,Department Store,Pune,Maharashtra,West,SKU0033,Northline Body Lotion A,Northline,Bath & Body,Body Lotion,Top 10,Active,1239,60,60,,2,2327,BGR West,3,2,,37
2025-08,OUT0028,Reliance Beauty - Pune 9,Reliance Beauty,Department Store,Pune,Maharashtra,West,SKU0034,Northline Body Lotion B,Northline,Bath & Body,Body Lotion,Top 25,Active,989,24,27,,10,9716,BGR West,19,13,,41
2025-08,OUT0028,Reliance Beauty - Pune 9,Reliance Beauty,Department Store,Pune,Maharashtra,West,SKU0035,Northline Body Wash A,Northline,Bath & Body,Body Wash,Others,Active,469,9,12,,2,925,BGR West,6,5,,39
2025-08,OUT0028,Reliance Beauty - Pune 9,Reliance Beauty,Department Store,Pune,Maharashtra,West,SKU0036,Northline Body Wash B,Northline,Bath & Body,Body Wash,Others,Active,1179,11,12,,1,1377,BGR West,3,2,,41
2025-08,OUT0028,Reliance Beauty - Pune 9,Reliance Beauty,Department Store,Pune,Maharashtra,West,SKU0037,Verde Body Wash C,Verde,Bath & Body,Body Wash,Top 25,Active,2239,20,24,,6,15871,BGR West,10,10,,43
2025-08,OUT0028,Reliance Beauty - Pune 9,Reliance Beauty,Department Store,Pune,Maharashtra,West,SKU0038,Blush & Co Hand Cream A,Blush & Co,Bath & Body,Hand Cream,Others,Active,489,16,21,,2,1174,BGR West,7,7,,42
2025-08,OUT0028,Reliance Beauty - Pune 9,Reliance Beauty,Department Store,Pune,Maharashtra,West,SKU0039,Northline Hand Cream B,Northline,Bath & Body,Hand Cream,Others,Active,1189,22,21,,3,3264,BGR West,3,2,,43
2025-08,OUT0029,Reliance Beauty - Pune 10,Reliance Beauty,Department Store,Pune,Maharashtra,West,SKU0002,Verde Moisturizer B,Verde,Skincare,Moisturizer,Top 10,Active,1179,22,29,,13,14263,BGR West,22,20,,42
2025-08,OUT0029,Reliance Beauty - Pune 10,Reliance Beauty,Department Store,Pune,Maharashtra,West,SKU0003,Verde Serum A,Verde,Skincare,Serum,Top 25,Active,2419,33,30,,10,24353,BGR West,11,7,,45
2025-08,OUT0029,Reliance Beauty - Pune 10,Reliance Beauty,Department Store,Pune,Maharashtra,West,SKU0004,Northline Serum B,Northline,Skincare,Serum,Top 25,Active,2489,19,26,,4,9077,BGR West,11,11,,43
2025-08,OUT0029,Reliance Beauty - Pune 10,Reliance Beauty,Department Store,Pune,Maharashtra,West,SKU0006,Blush & Co Cleanser A,Blush & Co,Skincare,Cleanser,Top 10,Active,289,42,57,,14,3952,BGR West,33,29,,43
2025-08,OUT0029,Reliance Beauty - Pune 10,Reliance Beauty,Department Store,Pune,Maharashtra,West,SKU0007,Northline Cleanser B,Northline,Skincare,Cleanser,Others,Active,1809,10,14,,1,2057,BGR West,5,5,,44
2025-08,OUT0029,Reliance Beauty - Pune 10,Reliance Beauty,Department Store,Pune,Maharashtra,West,SKU0008,Lumina Sunscreen A,Lumina,Skincare,Sunscreen,Others,Active,1599,17,20,,1,1858,BGR West,5,4,,43
2025-08,OUT0029,Reliance Beauty - Pune 10,Reliance Beauty,Department Store,Pune,Maharashtra,West,SKU0011,Lumina Foundation B,Lumina,Makeup,Foundation,Top 10,Inactive,1889,26,43,,14,28892,BGR West,31,31,,50
2025-08,OUT0029,Reliance Beauty - Pune 10,Reliance Beauty,Department Store,Pune,Maharashtra,West,SKU0013,Northline Lipstick B,Northline,Makeup,Lipstick,Others,Active,2469,3,3,,0,0,BGR West,0,0,,48
2025-08,OUT0029,Reliance Beauty - Pune 10,Reliance Beauty,Department Store,Pune,Maharashtra,West,SKU0015,Blush & Co Mascara A,Blush & Co,Makeup,Mascara,Top 25,Active,1219,49,52,,8,9124,BGR West,13,11,,52
2025-08,OUT0029,Reliance Beauty - Pune 10,Reliance Beauty,Department Store,Pune,Maharashtra,West,SKU0016,Verde Mascara B,Verde,Makeup,Mascara,Top 25,Active,199,17,0,,5,1195,BGR West,4,4,,52
2025-08,OUT0029,Reliance Beauty - Pune 10,Reliance Beauty,Department Store,Pune,Maharashtra,West,SKU0017,Lumina Mascara C,Lumina,Makeup,Mascara,Top 10,Active,529,39,0,,12,7891,BGR West,16,16,,49
2025-08,OUT0029,Reliance Beauty - Pune 10,Reliance Beauty,Department Store,Pune,Maharashtra,West,SKU0018,Northline Eyeliner A,Northline,Makeup,Eyeliner,Others,Active,1959,11,14,,1,1877,BGR West,5,4,,51
2025-08,OUT0029,Reliance Beauty - Pune 10,Reliance Beauty,Department Store,Pune,Maharashtra,West,SKU0020,Lumina Shampoo A,Lumina,Haircare,Shampoo,Top 10,Active,509,22,26,,11,5862,BGR West,16,15,,33
2025-08,OUT0029,Reliance Beauty - Pune 10,Reliance Beauty,Department Store,Pune,Maharashtra,West,SKU0027,Lumina EDP B,Lumina,Fragrance,EDP,Top 10,Active,529,0,2,,9,5484,BGR West,16,11,,55
2025-08,OUT0029,Reliance Beauty - Pune 10,Reliance Beauty,Department Store,Pune,Maharashtra,West,SKU0028,Northline EDT A,Northline,Fragrance,EDT,Top 25,Active,1109,31,34,,6,7666,BGR West,13,9,,56
2025-08,OUT0029,Reliance Beauty - Pune 10,Reliance Beauty,Department Store,Pune,Maharashtra,West,SKU0029,Blush & Co EDT B,Blush & Co,Fragrance,EDT,Top 25,Active,479,0,5,,4,2231,BGR West,11,9,,52
2025-08,OUT0029,Reliance Beauty - Pune 10,Reliance Beauty,Department Store,Pune,Maharashtra,West,SKU0030,Blush & Co EDT C,Blush & Co,Fragrance,EDT,Others,Active,779,15,17,,2,1687,BGR West,5,4,,52
2025-08,OUT0029,Reliance Beauty - Pune 10,Reliance Beauty,Department Store,Pune,Maharashtra,West,SKU0033,Northline Body Lotion A,Northline,Bath & Body,Body Lotion,Top 10,Active,1239,43,42,,21,27318,BGR West,26,20,,42
2025-08,OUT0029,Reliance Beauty - Pune 10,Reliance Beauty,Department Store,Pune,Maharashtra,West,SKU0035,Northline Body Wash A,Northline,Bath & Body,Body Wash,Others,Active,469,13,15,,2,977,BGR West,4,4,,42
2025-08,OUT0029,Reliance Beauty - Pune 10,Reliance Beauty,Department Store,Pune,Maharashtra,West,SKU0036,Northline Body Wash B,Northline,Bath & Body,Body Wash,Others,Active,1179,1,4,,0,0,BGR West,4,3,,41
2025-08,OUT0029,Reliance Beauty - Pune 10,Reliance Beauty,Department Store,Pune,Maharashtra,West,SKU0037,Verde Body Wash C,Verde,Bath & Body,Body Wash,Top 25,Active,2239,5,4,,7,15552,BGR West,7,6,,38
2025-08,OUT0029,Reliance Beauty - Pune 10,Reliance Beauty,Department Store,Pune,Maharashtra,West,SKU0038,Blush & Co Hand Cream A,Blush & Co,Bath & Body,Hand Cream,Others,Active,489,10,0,,3,1731,BGR West,7,4,,43
2025-08,OUT0030,Reliance Beauty - Ahmedabad 11,Reliance Beauty,Department Store,Ahmedabad,Gujarat,West,SKU0002,Verde Moisturizer B,Verde,Skincare,Moisturizer,Top 10,Active,1179,62,0,,12,14069,BGR West,17,13,,45
2025-08,OUT0030,Reliance Beauty - Ahmedabad 11,Reliance Beauty,Department Store,Ahmedabad,Gujarat,West,SKU0003,Verde Serum A,Verde,Skincare,Serum,Top 25,Active,2419,43,40,,10,24513,BGR West,10,7,,43
2025-08,OUT0030,Reliance Beauty - Ahmedabad 11,Reliance Beauty,Department Store,Ahmedabad,Gujarat,West,SKU0004,Northline Serum B,Northline,Skincare,Serum,Top 25,Active,2489,17,19,,7,17207,BGR West,11,9,,44
2025-08,OUT0030,Reliance Beauty - Ahmedabad 11,Reliance Beauty,Department Store,Ahmedabad,Gujarat,West,SKU0006,Blush & Co Cleanser A,Blush & Co,Skincare,Cleanser,Top 10,Active,289,13,30,,16,4266,BGR West,33,33,,46
2025-08,OUT0030,Reliance Beauty - Ahmedabad 11,Reliance Beauty,Department Store,Ahmedabad,Gujarat,West,SKU0010,Blush & Co Foundation A,Blush & Co,Makeup,Foundation,Others,Active,1419,15,13,,3,4963,BGR West,2,1,,50
2025-08,OUT0030,Reliance Beauty - Ahmedabad 11,Reliance Beauty,Department Store,Ahmedabad,Gujarat,West,SKU0011,Lumina Foundation B,Lumina,Makeup,Foundation,Top 10,Inactive,1889,51,59,,20,35715,BGR West,35,28,,47
2025-08,OUT0030,Reliance Beauty - Ahmedabad 11,Reliance Beauty,Department Store,Ahmedabad,Gujarat,West,SKU0012,Northline Lipstick A,Northline,Makeup,Lipstick,Others,Active,2429,10,10,,1,2265,BGR West,2,1,,53
2025-08,OUT0030,Reliance Beauty - Ahmedabad 11,Reliance Beauty,Department Store,Ahmedabad,Gujarat,West,SKU0013,Northline Lipstick B,Northline,Makeup,Lipstick,Others,Active,2469,1,3,,0,0,BGR West,2,2,,47
2025-08,OUT0030,Reliance Beauty - Ahmedabad 11,Reliance Beauty,Department Store,Ahmedabad,Gujarat,West,SKU0014,Lumina Lipstick C,Lumina,Makeup,Lipstick,Top 25,Active,1729,22,29,,6,12445,BGR West,15,13,,47
2025-08,OUT0030,Reliance Beauty - Ahmedabad 11,Reliance Beauty,Department Store,Ahmedabad,Gujarat,West,SKU0015,Blush & Co Mascara A,Blush & Co,Makeup,Mascara,Top 25,Active,1219,60,69,,9,12381,BGR West,19,18,,51
2025-08,OUT0030,Reliance Beauty - Ahmedabad 11,Reliance Beauty,Department Store,Ahmedabad,Gujarat,West,SKU0016,Verde Mascara B,Verde,Makeup,Mascara,Top 25,Active,199,23,25,,7,1371,BGR West,14,9,,47
2025-08,OUT0030,Reliance Beauty - Ahmedabad 11,Reliance Beauty,Department Store,Ahmedabad,Gujarat,West,SKU0017,Lumina Mascara C,Lumina,Makeup,Mascara,Top 10,Active,529,103,101,,22,11917,BGR West,26,20,,50
2025-08,OUT0030,Reliance Beauty - Ahmedabad 11,Reliance Beauty,Department Store,Ahmedabad,Gujarat,West,SKU0019,Northline Eyeliner B,Northline,Makeup,Eyeliner,Others,Active,1889,8,13,,2,4302,BGR West,7,7,,49
2025-08,OUT0030,Reliance Beauty - Ahmedabad 11,Reliance Beauty,Department Store,Ahmedabad,Gujarat,West,SKU0020,Lumina Shampoo A,Lumina,Haircare,Shampoo,Top 10,Active,509,35,46,,16,9530,BGR West,27,27,,36
2025-08,OUT0030,Reliance Beauty - Ahmedabad 11,Reliance Beauty,Department Store,Ahmedabad,Gujarat,West,SKU0021,Verde Shampoo B,Verde,Haircare,Shampoo,Others,Active,1319,8,14,,2,2499,BGR West,8,8,,36
2025-08,OUT0030,Reliance Beauty - Ahmedabad 11,Reliance Beauty,Department Store,Ahmedabad,Gujarat,West,SKU0022,Northline Conditioner A,Northline,Haircare,Conditioner,Others,Active,779,16,21,,3,2353,BGR West,8,8,,33
2025-08,OUT0030,Reliance Beauty - Ahmedabad 11,Reliance Beauty,Department Store,Ahmedabad,Gujarat,West,SKU0023,Northline Conditioner B,Northline,Haircare,Conditioner,Others,Active,379,11,11,,0,0,BGR West,1,0,,37
2025-08,OUT0030,Reliance Beauty - Ahmedabad 11,Reliance Beauty,Department Store,Ahmedabad,Gujarat,West,SKU0027,Lumina EDP B,Lumina,Fragrance,EDP,Top 10,Active,529,8,18,,22,11945,BGR West,41,32,,52
2025-08,OUT0030,Reliance Beauty - Ahmedabad 11,Reliance Beauty,Department Store,Ahmedabad,Gujarat,West,SKU0028,Northline EDT A,Northline,Fragrance,EDT,Top 25,Active,1109,23,25,,12,16710,BGR West,14,14,,57
2025-08,OUT0030,Reliance Beauty - Ahmedabad 11,Reliance Beauty,Department Store,Ahmedabad,Gujarat,West,SKU0031,Lumina Body Mist A,Lumina,Fragrance,Body Mist,Top 25,Active,2119,30,36,,8,18427,BGR West,14,14,,57
2025-08,OUT0030,Reliance Beauty - Ahmedabad 11,Reliance Beauty,Department Store,Ahmedabad,Gujarat,West,SKU0033,Northline Body Lotion A,Northline,Bath & Body,Body Lotion,Top 10,Active,1239,48,51,,20,24479,BGR West,34,23,,37
2025-08,OUT0030,Reliance Beauty - Ahmedabad 11,Reliance Beauty,Department Store,Ahmedabad,Gujarat,West,SKU0034,Northline Body Lotion B,Northline,Bath & Body,Body Lotion,Top 25,Active,989,47,52,,8,9395,BGR West,13,13,,41
2025-08,OUT0030,Reliance Beauty - Ahmedabad 11,Reliance Beauty,Department Store,Ahmedabad,Gujarat,West,SKU0035,Northline Body Wash A,Northline,Bath & Body,Body Wash,Others,Active,469,6,12,,2,911,BGR West,8,8,,38
2025-08,OUT0031,Sephora - Kolkata 1,Sephora,MBO,Kolkata,West Bengal,East,SKU0001,Blush & Co Moisturizer A,Blush & Co,Skincare,Moisturizer,Others,Active,2319,8,16,,2,5463,BGR East,5,5,,47
2025-08,OUT0031,Sephora - Kolkata 1,Sephora,MBO,Kolkata,West Bengal,East,SKU0002,Verde Moisturizer B,Verde,Skincare,Moisturizer,Top 10,Active,1179,27,31,,28,33752,BGR East,41,32,,42
2025-08,OUT0031,Sephora - Kolkata 1,Sephora,MBO,Kolkata,West Bengal,East,SKU0003,Verde Serum A,Verde,Skincare,Serum,Top 25,Active,2419,40,52,,16,34623,BGR East,32,28,,44
2025-08,OUT0031,Sephora - Kolkata 1,Sephora,MBO,Kolkata,West Bengal,East,SKU0005,Northline Serum C,Northline,Skincare,Serum,Others,Inactive,1819,13,12,,2,4181,BGR East,2,1,,43
2025-08,OUT0031,Sephora - Kolkata 1,Sephora,MBO,Kolkata,West Bengal,East,SKU0006,Blush & Co Cleanser A,Blush & Co,Skincare,Cleanser,Top 10,Active,289,52,48,,34,11431,BGR East,30,30,,44
2025-08,OUT0031,Sephora - Kolkata 1,Sephora,MBO,Kolkata,West Bengal,East,SKU0007,Northline Cleanser B,Northline,Skincare,Cleanser,Others,Active,1809,10,15,,3,5280,BGR East,9,8,,45
2025-08,OUT0031,Sephora - Kolkata 1,Sephora,MBO,Kolkata,West Bengal,East,SKU0008,Lumina Sunscreen A,Lumina,Skincare,Sunscreen,Others,Active,1599,7,12,,1,1526,BGR East,6,6,,44
2025-08,OUT0031,Sephora - Kolkata 1,Sephora,MBO,Kolkata,West Bengal,East,SKU0009,Blush & Co Sunscreen B,Blush & Co,Skincare,Sunscreen,Others,Inactive,1629,16,20,,3,5154,BGR East,7,7,,42
2025-08,OUT0031,Sephora - Kolkata 1,Sephora,MBO,Kolkata,West Bengal,East,SKU0011,Lumina Foundation B,Lumina,Makeup,Foundation,Top 10,Inactive,1889,0,7,,29,60650,BGR East,40,36,,47
2025-08,OUT0031,Sephora - Kolkata 1,Sephora,MBO,Kolkata,West Bengal,East,SKU0012,Northline Lipstick A,Northline,Makeup,Lipstick,Others,Active,2429,0,4,,2,5876,BGR East,6,6,,47
2025-08,OUT0031,Sephora - Kolkata 1,Sephora,MBO,Kolkata,West Bengal,East,SKU0014,Lumina Lipstick C,Lumina,Makeup,Lipstick,Top 25,Active,1729,18,22,,14,28495,BGR East,26,18,,51
2025-08,OUT0031,Sephora - Kolkata 1,Sephora,MBO,Kolkata,West Bengal,East,SKU0015,Blush & Co Mascara A,Blush & Co,Makeup,Mascara,Top 25,Active,1219,23,31,,23,32972,BGR East,31,31,,53
2025-08,OUT0031,Sephora - Kolkata 1,Sephora,MBO,Kolkata,West Bengal,East,SKU0016,Verde Mascara B,Verde,Makeup,Mascara,Top 25,Active,199,32,39,,10,2085,BGR East,19,17,,47
2025-08,OUT0031,Sephora - Kolkata 1,Sephora,MBO,Kolkata,West Bengal,East,SKU0017,Lumina Mascara C,Lumina,Makeup,Mascara,Top 10,Active,529,54,74,,29,15475,BGR East,52,49,,51
2025-08,OUT0031,Sephora - Kolkata 1,Sephora,MBO,Kolkata,West Bengal,East,SKU0018,Northline Eyeliner A,Northline,Makeup,Eyeliner,Others,Active,1959,14,18,,5,10447,BGR East,10,9,,48
2025-08,OUT0031,Sephora - Kolkata 1,Sephora,MBO,Kolkata,West Bengal,East,SKU0020,Lumina Shampoo A,Lumina,Haircare,Shampoo,Top 10,Active,509,51,46,,35,20509,BGR East,34,30,,35
2025-08,OUT0031,Sephora - Kolkata 1,Sephora,MBO,Kolkata,West Bengal,East,SKU0022,Northline Conditioner A,Northline,Haircare,Conditioner,Others,Active,779,18,21,,3,2097,BGR East,7,6,,37
2025-08,OUT0031,Sephora - Kolkata 1,Sephora,MBO,Kolkata,West Bengal,East,SKU0023,Northline Conditioner B,Northline,Haircare,Conditioner,Others,Active,379,11,15,,0,0,BGR East,4,4,,36
2025-08,OUT0031,Sephora - Kolkata 1,Sephora,MBO,Kolkata,West Bengal,East,SKU0027,Lumina EDP B,Lumina,Fragrance,EDP,Top 10,Active,529,93,0,,25,11836,BGR East,38,26,,57
2025-08,OUT0031,Sephora - Kolkata 1,Sephora,MBO,Kolkata,West Bengal,East,SKU0028,Northline EDT A,Northline,Fragrance,EDT,Top 25,Active,1109,41,50,,25,32636,BGR East,34,34,,57
2025-08,OUT0031,Sephora - Kolkata 1,Sephora,MBO,Kolkata,West Bengal,East,SKU0031,Lumina Body Mist A,Lumina,Fragrance,Body Mist,Top 25,Active,2119,36,47,,11,28640,BGR East,24,22,,57
2025-08,OUT0031,Sephora - Kolkata 1,Sephora,MBO,Kolkata,West Bengal,East,SKU0033,Northline Body Lotion A,Northline,Bath & Body,Body Lotion,Top 10,Active,1239,17,12,,18,24379,BGR East,19,13,,41
2025-08,OUT0031,Sephora - Kolkata 1,Sephora,MBO,Kolkata,West Bengal,East,SKU0036,Northline Body Wash B,Northline,Bath & Body,Body Wash,Others,Active,1179,9,7,,1,1108,BGR East,2,2,,43
2025-08,OUT0031,Sephora - Kolkata 1,Sephora,MBO,Kolkata,West Bengal,East,SKU0037,Verde Body Wash C,Verde,Bath & Body,Body Wash,Top 25,Active,2239,4,11,,11,30146,BGR East,23,18,,42
2025-08,OUT0031,Sephora - Kolkata 1,Sephora,MBO,Kolkata,West Bengal,East,SKU0038,Blush & Co Hand Cream A,Blush & Co,Bath & Body,Hand Cream,Others,Active,489,0,1,,6,2755,BGR East,7,7,,38
2025-08,OUT0031,Sephora - Kolkata 1,Sephora,MBO,Kolkata,West Bengal,East,SKU0039,Northline Hand Cream B,Northline,Bath & Body,Hand Cream,Others,Active,1189,21,27,,7,9662,BGR East,14,13,,42
2025-08,OUT0032,Sephora - Bhubaneswar 2,Sephora,MBO,Bhubaneswar,Odisha,East,SKU0001,Blush & Co Moisturizer A,Blush & Co,Skincare,Moisturizer,Others,Active,2319,3,6,,1,2263,BGR East,5,4,,47
2025-08,OUT0032,Sephora - Bhubaneswar 2,Sephora,MBO,Bhubaneswar,Odisha,East,SKU0002,Verde Moisturizer B,Verde,Skincare,Moisturizer,Top 10,Active,1179,10,21,,10,14496,BGR East,21,21,,43
2025-08,OUT0032,Sephora - Bhubaneswar 2,Sephora,MBO,Bhubaneswar,Odisha,East,SKU0003,Verde Serum A,Verde,Skincare,Serum,Top 25,Active,2419,61,0,,6,15697,BGR East,8,6,,47
2025-08,OUT0032,Sephora - Bhubaneswar 2,Sephora,MBO,Bhubaneswar,Odisha,East,SKU0006,Blush & Co Cleanser A,Blush & Co,Skincare,Cleanser,Top 10,Active,289,12,21,,14,3883,BGR East,29,23,,42
2025-08,OUT0032,Sephora - Bhubaneswar 2,Sephora,MBO,Bhubaneswar,Odisha,East,SKU0008,Lumina Sunscreen A,Lumina,Skincare,Sunscreen,Others,Active,1599,0,1,,0,0,BGR East,2,1,,47
2025-08,OUT0032,Sephora - Bhubaneswar 2,Sephora,MBO,Bhubaneswar,Odisha,East,SKU0011,Lumina Foundation B,Lumina,Makeup,Foundation,Top 10,Inactive,1889,31,40,,9,15852,BGR East,18,18,,52
2025-08,OUT0032,Sephora - Bhubaneswar 2,Sephora,MBO,Bhubaneswar,Odisha,East,SKU0014,Lumina Lipstick C,Lumina,Makeup,Lipstick,Top 25,Active,1729,0,5,,4,7089,BGR East,10,9,,52
2025-08,OUT0032,Sephora - Bhubaneswar 2,Sephora,MBO,Bhubaneswar,Odisha,East,SKU0015,Blush & Co Mascara A,Blush & Co,Makeup,Mascara,Top 25,Active,1219,31,41,,12,17176,BGR East,25,22,,53
2025-08,OUT0032,Sephora - Bhubaneswar 2,Sephora,MBO,Bhubaneswar,Odisha,East,SKU0016,Verde Mascara B,Verde,Makeup,Mascara,Top 25,Active,199,20,25,,7,1585,BGR East,16,12,,47
2025-08,OUT0032,Sephora - Bhubaneswar 2,Sephora,MBO,Bhubaneswar,Odisha,East,SKU0017,Lumina Mascara C,Lumina,Makeup,Mascara,Top 10,Active,529,1,9,,13,8338,BGR East,27,21,,49
2025-08,OUT0032,Sephora - Bhubaneswar 2,Sephora,MBO,Bhubaneswar,Odisha,East,SKU0018,Northline Eyeliner A,Northline,Makeup,Eyeliner,Others,Active,1959,8,9,,1,1882,BGR East,3,2,,52
2025-08,OUT0032,Sephora - Bhubaneswar 2,Sephora,MBO,Bhubaneswar,Odisha,East,SKU0019,Northline Eyeliner B,Northline,Makeup,Eyeliner,Others,Active,1889,5,6,,1,1746,BGR East,3,2,,53
2025-08,OUT0032,Sephora - Bhubaneswar 2,Sephora,MBO,Bhubaneswar,Odisha,East,SKU0020,Lumina Shampoo A,Lumina,Haircare,Shampoo,Top 10,Active,509,30,32,,9,4142,BGR East,17,11,,33
2025-08,OUT0032,Sephora - Bhubaneswar 2,Sephora,MBO,Bhubaneswar,Odisha,East,SKU0022,Northline Conditioner A,Northline,Haircare,Conditioner,Others,Active,779,15,15,,2,1511,BGR East,4,2,,32
2025-08,OUT0032,Sephora - Bhubaneswar 2,Sephora,MBO,Bhubaneswar,Odisha,East,SKU0023,Northline Conditioner B,Northline,Haircare,Conditioner,Others,Active,379,3,3,,0,0,BGR East,1,0,,37
2025-08,OUT0032,Sephora - Bhubaneswar 2,Sephora,MBO,Bhubaneswar,Odisha,East,SKU0027,Lumina EDP B,Lumina,Fragrance,EDP,Top 10,Active,529,43,49,,12,7823,BGR East,18,18,,52
2025-08,OUT0032,Sephora - Bhubaneswar 2,Sephora,MBO,Bhubaneswar,Odisha,East,SKU0029,Blush & Co EDT B,Blush & Co,Fragrance,EDT,Top 25,Active,479,0,0,,4,1793,BGR East,7,4,,54
2025-08,OUT0032,Sephora - Bhubaneswar 2,Sephora,MBO,Bhubaneswar,Odisha,East,SKU0030,Blush & Co EDT C,Blush & Co,Fragrance,EDT,Others,Active,779,14,16,,2,1859,BGR East,5,4,,56
2025-08,OUT0032,Sephora - Bhubaneswar 2,Sephora,MBO,Bhubaneswar,Odisha,East,SKU0031,Lumina Body Mist A,Lumina,Fragrance,Body Mist,Top 25,Active,2119,32,37,,6,14408,BGR East,12,11,,57
2025-08,OUT0032,Sephora - Bhubaneswar 2,Sephora,MBO,Bhubaneswar,Odisha,East,SKU0033,Northline Body Lotion A,Northline,Bath & Body,Body Lotion,Top 10,Active,1239,57,59,,15,21363,BGR East,22,17,,37
2025-08,OUT0032,Sephora - Bhubaneswar 2,Sephora,MBO,Bhubaneswar,Odisha,East,SKU0034,Northline Body Lotion B,Northline,Bath & Body,Body Lotion,Top 25,Active,989,16,28,,4,3816,BGR East,5,5,,37
2025-08,OUT0032,Sephora - Bhubaneswar 2,Sephora,MBO,Bhubaneswar,Odisha,East,SKU0035,Northline Body Wash A,Northline,Bath & Body,Body Wash,Others,Active,469,13,13,,1,449,BGR East,2,1,,38
2025-08,OUT0032,Sephora - Bhubaneswar 2,Sephora,MBO,Bhubaneswar,Odisha,East,SKU0037,Verde Body Wash C,Verde,Bath & Body,Body Wash,Top 25,Active,2239,25,29,,5,10029,BGR East,13,9,,39
2025-08,OUT0033,Sephora - Hyderabad 3,Sephora,MBO,Hyderabad,Telangana,South,SKU0002,Verde Moisturizer B,Verde,Skincare,Moisturizer,Top 10,Active,1179,107,113,,12,17799,BGR South,18,18,,42
2025-08,OUT0033,Sephora - Hyderabad 3,Sephora,MBO,Hyderabad,Telangana,South,SKU0003,Verde Serum A,Verde,Skincare,Serum,Top 25,Active,2419,32,35,,14,36703,BGR South,18,17,,45
2025-08,OUT0033,Sephora - Hyderabad 3,Sephora,MBO,Hyderabad,Telangana,South,SKU0004,Northline Serum B,Northline,Skincare,Serum,Top 25,Active,2489,0,0,,7,15685,BGR South,8,6,,47
2025-08,OUT0033,Sephora - Hyderabad 3,Sephora,MBO,Hyderabad,Telangana,South,SKU0006,Blush & Co Cleanser A,Blush & Co,Skincare,Cleanser,Top 10,Active,289,148,154,,28,10048,BGR South,43,34,,42
2025-08,OUT0033,Sephora - Hyderabad 3,Sephora,MBO,Hyderabad,Telangana,South,SKU0007,Northline Cleanser B,Northline,Skincare,Cleanser,Others,Active,1809,12,13,,3,5779,BGR South,4,4,,43
2025-08,OUT0033,Sephora - Hyderabad 3,Sephora,MBO,Hyderabad,Telangana,South,SKU0009,Blush & Co Sunscreen B,Blush & Co,Skincare,Sunscreen,Others,Inactive,1629,11,15,,3,5869,BGR South,9,7,,43
2025-08,OUT0033,Sephora - Hyderabad 3,Sephora,MBO,Hyderabad,Telangana,South,SKU0011,Lumina Foundation B,Lumina,Makeup,Foundation,Top 10,Inactive,1889,46,71,,30,53711,BGR South,55,55,,51
2025-08,OUT0033,Sephora - Hyderabad 3,Sephora,MBO,Hyderabad,Telangana,South,SKU0014,Lumina Lipstick C,Lumina,Makeup,Lipstick,Top 25,Active,1729,17,16,,9,18227,BGR South,8,8,,52
2025-08,OUT0033,Sephora - Hyderabad 3,Sephora,MBO,Hyderabad,Telangana,South,SKU0015,Blush & Co Mascara A,Blush & Co,Makeup,Mascara,Top 25,Active,1219,28,28,,9,11364,BGR South,10,9,,50
2025-08,OUT0033,Sephora - Hyderabad 3,Sephora,MBO,Hyderabad,Telangana,South,SKU0016,Verde Mascara B,Verde,Makeup,Mascara,Top 25,Active,199,0,3,,6,1271,BGR South,9,9,,50
2025-08,OUT0033,Sephora - Hyderabad 3,Sephora,MBO,Hyderabad,Telangana,South,SKU0017,Lumina Mascara C,Lumina,Makeup,Mascara,Top 10,Active,529,103,105,,15,7420,BGR South,25,17,,48
2025-08,OUT0033,Sephora - Hyderabad 3,Sephora,MBO,Hyderabad,Telangana,South,SKU0018,Northline Eyeliner A,Northline,Makeup,Eyeliner,Others,Active,1959,10,9,,1,2388,BGR South,1,0,,50
2025-08,OUT0033,Sephora - Hyderabad 3,Sephora,MBO,Hyderabad,Telangana,South,SKU0021,Verde Shampoo B,Verde,Haircare,Shampoo,Others,Active,1319,7,12,,3,4316,BGR South,9,8,,34
2025-08,OUT0033,Sephora - Hyderabad 3,Sephora,MBO,Hyderabad,Telangana,South,SKU0022,Northline Conditioner A,Northline,Haircare,Conditioner,Others,Active,779,5,6,,3,2413,BGR South,7,4,,34
2025-08,OUT0033,Sephora - Hyderabad 3,Sephora,MBO,Hyderabad,Telangana,South,SKU0023,Northline Conditioner B,Northline,Haircare,Conditioner,Others,Active,379,2,5,,1,382,BGR South,4,4,,34
2025-08,OUT0033,Sephora - Hyderabad 3,Sephora,MBO,Hyderabad,Telangana,South,SKU0027,Lumina EDP B,Lumina,Fragrance,EDP,Top 10,Active,529,0,6,,17,11123,BGR South,26,23,,53
2025-08,OUT0033,Sephora - Hyderabad 3,Sephora,MBO,Hyderabad,Telangana,South,SKU0028,Northline EDT A,Northline,Fragrance,EDT,Top 25,Active,1109,51,53,,9,10121,BGR South,16,11,,57
2025-08,OUT0033,Sephora - Hyderabad 3,Sephora,MBO,Hyderabad,Telangana,South,SKU0030,Blush & Co EDT C,Blush & Co,Fragrance,EDT,Others,Active,779,14,16,,3,2237,BGR South,6,5,,57
2025-08,OUT0033,Sephora - Hyderabad 3,Sephora,MBO,Hyderabad,Telangana,South,SKU0031,Lumina Body Mist A,Lumina,Fragrance,Body Mist,Top 25,Active,2119,23,23,,6,11479,BGR South,8,6,,52
2025-08,OUT0033,Sephora - Hyderabad 3,Sephora,MBO,Hyderabad,Telangana,South,SKU0033,Northline Body Lotion A,Northline,Bath & Body,Body Lotion,Top 10,Active,1239,56,63,,37,57484,BGR South,47,44,,41
2025-08,OUT0033,Sephora - Hyderabad 3,Sephora,MBO,Hyderabad,Telangana,South,SKU0034,Northline Body Lotion B,Northline,Bath & Body,Body Lotion,Top 25,Active,989,34,39,,8,8672,BGR South,13,13,,37
2025-08,OUT0033,Sephora - Hyderabad 3,Sephora,MBO,Hyderabad,Telangana,South,SKU0036,Northline Body Wash B,Northline,Bath & Body,Body Wash,Others,Active,1179,10,11,,1,1275,BGR South,3,2,,43
2025-08,OUT0033,Sephora - Hyderabad 3,Sephora,MBO,Hyderabad,Telangana,South,SKU0037,Verde Body Wash C,Verde,Bath & Body,Body Wash,Top 25,Active,2239,19,26,,6,12661,BGR South,13,13,,41
2025-08,OUT0033,Sephora - Hyderabad 3,Sephora,MBO,Hyderabad,Telangana,South,SKU0038,Blush & Co Hand Cream A,Blush & Co,Bath & Body,Hand Cream,Others,Active,489,6,5,,2,1201,BGR South,2,1,,43
2025-08,OUT0034,Sephora - New Delhi 4,Sephora,MBO,New Delhi,Delhi,North,SKU0001,Blush & Co Moisturizer A,Blush & Co,Skincare,Moisturizer,Others,Active,2319,2,5,,1,2313,BGR North,4,4,,44
2025-08,OUT0034,Sephora - New Delhi 4,Sephora,MBO,New Delhi,Delhi,North,SKU0002,Verde Moisturizer B,Verde,Skincare,Moisturizer,Top 10,Active,1179,5,0,,6,8876,BGR North,12,12,,47
2025-08,OUT0034,Sephora - New Delhi 4,Sephora,MBO,New Delhi,Delhi,North,SKU0003,Verde Serum A,Verde,Skincare,Serum,Top 25,Active,2419,36,36,,7,16834,BGR North,10,7,,45
2025-08,OUT0034,Sephora - New Delhi 4,Sephora,MBO,New Delhi,Delhi,North,SKU0005,Northline Serum C,Northline,Skincare,Serum,Others,Inactive,1819,6,9,,0,0,BGR North,3,3,,47
2025-08,OUT0034,Sephora - New Delhi 4,Sephora,MBO,New Delhi,Delhi,North,SKU0008,Lumina Sunscreen A,Lumina,Skincare,Sunscreen,Others,Active,1599,14,17,,0,0,BGR North,3,3,,42
2025-08,OUT0034,Sephora - New Delhi 4,Sephora,MBO,New Delhi,Delhi,North,SKU0011,Lumina Foundation B,Lumina,Makeup,Foundation,Top 10,Inactive,1889,0,10,,12,25477,BGR North,24,22,,48
2025-08,OUT0034,Sephora - New Delhi 4,Sephora,MBO,New Delhi,Delhi,North,SKU0012,Northline Lipstick A,Northline,Makeup,Lipstick,Others,Active,2429,8,8,,1,2273,BGR North,2,1,,49
2025-08,OUT0034,Sephora - New Delhi 4,Sephora,MBO,New Delhi,Delhi,North,SKU0013,Northline Lipstick B,Northline,Makeup,Lipstick,Others,Active,2469,6,7,,0,0,BGR North,2,1,,48
2025-08,OUT0034,Sephora - New Delhi 4,Sephora,MBO,New Delhi,Delhi,North,SKU0014,Lumina Lipstick C,Lumina,Makeup,Lipstick,Top 25,Active,1729,24,24,,4,8565,BGR North,7,4,,53
2025-08,OUT0034,Sephora - New Delhi 4,Sephora,MBO,New Delhi,Delhi,North,SKU0015,Blush & Co Mascara A,Blush & Co,Makeup,Mascara,Top 25,Active,1219,14,14,,6,7294,BGR North,8,6,,50
2025-08,OUT0034,Sephora - New Delhi 4,Sephora,MBO,New Delhi,Delhi,North,SKU0016,Verde Mascara B,Verde,Makeup,Mascara,Top 25,Active,199,10,9,,3,633,BGR North,3,2,,48
2025-08,OUT0034,Sephora - New Delhi 4,Sephora,MBO,New Delhi,Delhi,North,SKU0017,Lumina Mascara C,Lumina,Makeup,Mascara,Top 10,Active,529,21,23,,6,3651,BGR North,9,8,,49
2025-08,OUT0034,Sephora - New Delhi 4,Sephora,MBO,New Delhi,Delhi,North,SKU0018,Northline Eyeliner A,Northline,Makeup,Eyeliner,Others,Active,1959,13,13,,0,0,BGR North,0,0,,50
2025-08,OUT0034,Sephora - New Delhi 4,Sephora,MBO,New Delhi,Delhi,North,SKU0020,Lumina Shampoo A,Lumina,Haircare,Shampoo,Top 10,Active,509,30,40,,26,15399,BGR North,36,36,,33
2025-08,OUT0034,Sephora - New Delhi 4,Sephora,MBO,New Delhi,Delhi,North,SKU0021,Verde Shampoo B,Verde,Haircare,Shampoo,Others,Active,1319,12,14,,1,1428,BGR North,3,3,,36
2025-08,OUT0034,Sephora - New Delhi 4,Sephora,MBO,New Delhi,Delhi,North,SKU0022,Northline Conditioner A,Northline,Haircare,Conditioner,Others,Active,779,9,10,,2,1714,BGR North,3,3,,36
2025-08,OUT0034,Sephora - New Delhi 4,Sephora,MBO,New Delhi,Delhi,North,SKU0027,Lumina EDP B,Lumina,Fragrance,EDP,Top 10,Active,529,30,33,,11,6881,BGR North,20,14,,54
2025-08,OUT0034,Sephora - New Delhi 4,Sephora,MBO,New Delhi,Delhi,North,SKU0028,Northline EDT A,Northline,Fragrance,EDT,Top 25,Active,1109,22,27,,6,7798,BGR North,11,11,,52
2025-08,OUT0034,Sephora - New Delhi 4,Sephora,MBO,New Delhi,Delhi,North,SKU0029,Blush & Co EDT B,Blush & Co,Fragrance,EDT,Top 25,Active,479,18,23,,3,1454,BGR North,8,8,,54
2025-08,OUT0034,Sephora - New Delhi 4,Sephora,MBO,New Delhi,Delhi,North,SKU0031,Lumina Body Mist A,Lumina,Fragrance,Body Mist,Top 25,Active,2119,8,10,,6,14842,BGR North,11,8,,56
2025-08,OUT0034,Sephora - New Delhi 4,Sephora,MBO,New Delhi,Delhi,North,SKU0033,Northline Body Lotion A,Northline,Bath & Body,Body Lotion,Top 10,Active,1239,28,32,,12,17384,BGR North,18,16,,38
2025-08,OUT0034,Sephora - New Delhi 4,Sephora,MBO,New Delhi,Delhi,North,SKU0034,Northline Body Lotion B,Northline,Bath & Body,Body Lotion,Top 25,Active,989,19,0,,4,3742,BGR North,9,9,,39
2025-08,OUT0034,Sephora - New Delhi 4,Sephora,MBO,New Delhi,Delhi,North,SKU0036,Northline Body Wash B,Northline,Bath & Body,Body Wash,Others,Active,1179,0,0,,0,0,BGR North,5,4,,43
2025-08,OUT0034,Sephora - New Delhi 4,Sephora,MBO,New Delhi,Delhi,North,SKU0038,Blush & Co Hand Cream A,Blush & Co,Bath & Body,Hand Cream,Others,Active,489,8,13,,2,1122,BGR North,7,7,,42
2025-08,OUT0034,Sephora - New Delhi 4,Sephora,MBO,New Delhi,Delhi,North,SKU0039,Northline Hand Cream B,Northline,Bath & Body,Hand Cream,Others,Active,1189,2,8,,1,1078,BGR North,3,2,,40
2025-08,OUT0035,Sephora - Noida 5,Sephora,MBO,Noida,UP,North,SKU0001,Blush & Co Moisturizer A,Blush & Co,Skincare,Moisturizer,Others,Active,2319,12,15,,4,10192,BGR North,8,7,,43
2025-08,OUT0035,Sephora - Noida 5,Sephora,MBO,Noida,UP,North,SKU0002,Verde Moisturizer B,Verde,Skincare,Moisturizer,Top 10,Active,1179,18,23,,14,17290,BGR North,28,19,,43
2025-08,OUT0035,Sephora - Noida 5,Sephora,MBO,Noida,UP,North,SKU0003,Verde Serum A,Verde,Skincare,Serum,Top 25,Active,2419,15,24,,13,33463,BGR North,22,22,,48
2025-08,OUT0035,Sephora - Noida 5,Sephora,MBO,Noida,UP,North,SKU0007,Northline Cleanser B,Northline,Skincare,Cleanser,Others,Active,1809,2,1,,4,7103,BGR North,4,3,,42
2025-08,OUT0035,Sephora - Noida 5,Sephora,MBO,Noida,UP,North,SKU0008,Lumina Sunscreen A,Lumina,Skincare,Sunscreen,Others,Active,1599,5,8,,1,1514,BGR North,4,4,,48
2025-08,OUT0035,Sephora - Noida 5,Sephora,MBO,Noida,UP,North,SKU0010,Blush & Co Foundation A,Blush & Co,Makeup,Foundation,Others,Active,1419,17,21,,4,5374,BGR North,8,8,,52
2025-08,OUT0035,Sephora - Noida 5,Sephora,MBO,Noida,UP,North,SKU0011,Lumina Foundation B,Lumina,Makeup,Foundation,Top 10,Inactive,1889,0,0,,26,59896,BGR North,25,25,,48
2025-08,OUT0035,Sephora - Noida 5,Sephora,MBO,Noida,UP,North,SKU0013,Northline Lipstick B,Northline,Makeup,Lipstick,Others,Active,2469,9,0,,1,2978,BGR North,3,3,,50
2025-08,OUT0035,Sephora - Noida 5,Sephora,MBO,Noida,UP,North,SKU0015,Blush & Co Mascara A,Blush & Co,Makeup,Mascara,Top 25,Active,1219,19,30,,13,19531,BGR North,24,24,,49
2025-08,OUT0035,Sephora - Noida 5,Sephora,MBO,Noida,UP,North,SKU0016,Verde Mascara B,Verde,Makeup,Mascara,Top 25,Active,199,27,32,,12,2899,BGR North,17,17,,51
2025-08,OUT0035,Sephora - Noida 5,Sephora,MBO,Noida,UP,North,SKU0017,Lumina Mascara C,Lumina,Makeup,Mascara,Top 10,Active,529,93,106,,32,19354,BGR North,45,45,,53
2025-08,OUT0035,Sephora - Noida 5,Sephora,MBO,Noida,UP,North,SKU0018,Northline Eyeliner A,Northline,Makeup,Eyeliner,Others,Active,1959,10,11,,2,4792,BGR North,3,3,,49
2025-08,OUT0035,Sephora - Noida 5,Sephora,MBO,Noida,UP,North,SKU0019,Northline Eyeliner B,Northline,Makeup,Eyeliner,Others,Active,1889,15,15,,3,6424,BGR North,5,3,,52
2025-08,OUT0035,Sephora - Noida 5,Sephora,MBO,Noida,UP,North,SKU0020,Lumina Shampoo A,Lumina,Haircare,Shampoo,Top 10,Active,509,63,66,,30,14547,BGR North,37,33,,38
2025-08,OUT0035,Sephora - Noida 5,Sephora,MBO,Noida,UP,North,SKU0022,Northline Conditioner A,Northline,Haircare,Conditioner,Others,Active,779,25,25,,5,4726,BGR North,5,5,,37
2025-08,OUT0035,Sephora - Noida 5,Sephora,MBO,Noida,UP,North,SKU0023,Northline Conditioner B,Northline,Haircare,Conditioner,Others,Active,379,8,9,,1,423,BGR North,3,2,,36
2025-08,OUT0035,Sephora - Noida 5,Sephora,MBO,Noida,UP,North,SKU0027,Lumina EDP B,Lumina,Fragrance,EDP,Top 10,Active,529,54,107,,21,10242,BGR North,44,41,,55
2025-08,OUT0035,Sephora - Noida 5,Sephora,MBO,Noida,UP,North,SKU0030,Blush & Co EDT C,Blush & Co,Fragrance,EDT,Others,Active,779,6,5,,6,5160,BGR North,7,5,,56
2025-08,OUT0035,Sephora - Noida 5,Sephora,MBO,Noida,UP,North,SKU0033,Northline Body Lotion A,Northline,Bath & Body,Body Lotion,Top 10,Active,1239,6,73,,65,98204,BGR North,132,132,,39
2025-08,OUT0035,Sephora - Noida 5,Sephora,MBO,Noida,UP,North,SKU0034,Northline Body Lotion B,Northline,Bath & Body,Body Lotion,Top 25,Active,989,0,12,,16,17589,BGR North,32,28,,42
2025-08,OUT0035,Sephora - Noida 5,Sephora,MBO,Noida,UP,North,SKU0037,Verde Body Wash C,Verde,Bath & Body,Body Wash,Top 25,Active,2239,32,37,,8,19599,BGR North,17,13,,41
2025-08,OUT0035,Sephora - Noida 5,Sephora,MBO,Noida,UP,North,SKU0038,Blush & Co Hand Cream A,Blush & Co,Bath & Body,Hand Cream,Others,Active,489,7,7,,4,2039,BGR North,6,4,,37
2025-08,OUT0035,Sephora - Noida 5,Sephora,MBO,Noida,UP,North,SKU0039,Northline Hand Cream B,Northline,Bath & Body,Hand Cream,Others,Active,1189,5,6,,7,7921,BGR North,8,8,,39
2025-08,OUT0036,Sephora - Hyderabad 6,Sephora,MBO,Hyderabad,Telangana,South,SKU0001,Blush & Co Moisturizer A,Blush & Co,Skincare,Moisturizer,Others,Active,2319,6,10,,2,5482,BGR South,6,6,,45
2025-08,OUT0036,Sephora - Hyderabad 6,Sephora,MBO,Hyderabad,Telangana,South,SKU0002,Verde Moisturizer B,Verde,Skincare,Moisturizer,Top 10,Active,1179,45,59,,15,18705,BGR South,29,29,,46
2025-08,OUT0036,Sephora - Hyderabad 6,Sephora,MBO,Hyderabad,Telangana,South,SKU0003,Verde Serum A,Verde,Skincare,Serum,Top 25,Active,2419,13,15,,10,24909,BGR South,16,12,,43
2025-08,OUT0036,Sephora - Hyderabad 6,Sephora,MBO,Hyderabad,Telangana,South,SKU0004,Northline Serum B,Northline,Skincare,Serum,Top 25,Active,2489,25,28,,7,16904,BGR South,15,10,,44
2025-08,OUT0036,Sephora - Hyderabad 6,Sephora,MBO,Hyderabad,Telangana,South,SKU0005,Northline Serum C,Northline,Skincare,Serum,Others,Inactive,1819,8,8,,2,4216,BGR South,3,2,,43
2025-08,OUT0036,Sephora - Hyderabad 6,Sephora,MBO,Hyderabad,Telangana,South,SKU0006,Blush & Co Cleanser A,Blush & Co,Skincare,Cleanser,Top 10,Active,289,0,0,,26,9196,BGR South,27,24,,46
2025-08,OUT0036,Sephora - Hyderabad 6,Sephora,MBO,Hyderabad,Telangana,South,SKU0007,Northline Cleanser B,Northline,Skincare,Cleanser,Others,Active,1809,0,3,,3,5924,BGR South,6,6,,44
2025-08,OUT0036,Sephora - Hyderabad 6,Sephora,MBO,Hyderabad,Telangana,South,SKU0011,Lumina Foundation B,Lumina,Makeup,Foundation,Top 10,Inactive,1889,43,49,,24,47892,BGR South,30,30,,48
2025-08,OUT0036,Sephora - Hyderabad 6,Sephora,MBO,Hyderabad,Telangana,South,SKU0014,Lumina Lipstick C,Lumina,Makeup,Lipstick,Top 25,Active,1729,36,41,,20,38664,BGR South,28,25,,47
2025-08,OUT0036,Sephora - Hyderabad 6,Sephora,MBO,Hyderabad,Telangana,South,SKU0015,Blush & Co Mascara A,Blush & Co,Makeup,Mascara,Top 25,Active,1219,61,65,,8,11191,BGR South,13,12,,51
2025-08,OUT0036,Sephora - Hyderabad 6,Sephora,MBO,Hyderabad,Telangana,South,SKU0017,Lumina Mascara C,Lumina,Makeup,Mascara,Top 10,Active,529,80,86,,31,16142,BGR South,37,37,,50
2025-08,OUT0036,Sephora - Hyderabad 6,Sephora,MBO,Hyderabad,Telangana,South,SKU0019,Northline Eyeliner B,Northline,Makeup,Eyeliner,Others,Active,1889,23,25,,2,3778,BGR South,7,4,,51
2025-08,OUT0036,Sephora - Hyderabad 6,Sephora,MBO,Hyderabad,Telangana,South,SKU0020,Lumina Shampoo A,Lumina,Haircare,Shampoo,Top 10,Active,509,58,70,,30,15895,BGR South,60,42,,35
2025-08,OUT0036,Sephora - Hyderabad 6,Sephora,MBO,Hyderabad,Telangana,South,SKU0022,Northline Conditioner A,Northline,Haircare,Conditioner,Others,Active,779,15,18,,4,3259,BGR South,7,7,,37
2025-08,OUT0036,Sephora - Hyderabad 6,Sephora,MBO,Hyderabad,Telangana,South,SKU0023,Northline Conditioner B,Northline,Haircare,Conditioner,Others,Active,379,0,2,,0,0,BGR South,3,2,,35
2025-08,OUT0036,Sephora - Hyderabad 6,Sephora,MBO,Hyderabad,Telangana,South,SKU0027,Lumina EDP B,Lumina,Fragrance,EDP,Top 10,Active,529,174,196,,26,15635,BGR South,48,48,,53
2025-08,OUT0036,Sephora - Hyderabad 6,Sephora,MBO,Hyderabad,Telangana,South,SKU0028,Northline EDT A,Northline,Fragrance,EDT,Top 25,Active,1109,39,46,,9,11094,BGR South,16,16,,53
2025-08,OUT0036,Sephora - Hyderabad 6,Sephora,MBO,Hyderabad,Telangana,South,SKU0030,Blush & Co EDT C,Blush & Co,Fragrance,EDT,Others,Active,779,22,0,,7,6555,BGR South,17,17,,58
2025-08,OUT0036,Sephora - Hyderabad 6,Sephora,MBO,Hyderabad,Telangana,South,SKU0031,Lumina Body Mist A,Lumina,Fragrance,Body Mist,Top 25,Active,2119,88,94,,17,36806,BGR South,23,23,,53
2025-08,OUT0036,Sephora - Hyderabad 6,Sephora,MBO,Hyderabad,Telangana,South,SKU0033,Northline Body Lotion A,Northline,Bath & Body,Body Lotion,Top 10,Active,1239,83,104,,39,57898,BGR South,64,60,,42
2025-08,OUT0036,Sephora - Hyderabad 6,Sephora,MBO,Hyderabad,Telangana,South,SKU0034,Northline Body Lotion B,Northline,Bath & Body,Body Lotion,Top 25,Active,989,86,88,,9,9664,BGR South,14,11,,40
2025-08,OUT0036,Sephora - Hyderabad 6,Sephora,MBO,Hyderabad,Telangana,South,SKU0035,Northline Body Wash A,Northline,Bath & Body,Body Wash,Others,Active,469,12,16,,2,1022,BGR South,8,6,,37
2025-08,OUT0036,Sephora - Hyderabad 6,Sephora,MBO,Hyderabad,Telangana,South,SKU0038,Blush & Co Hand Cream A,Blush & Co,Bath & Body,Hand Cream,Others,Active,489,0,7,,4,2223,BGR South,11,11,,40
2025-08,OUT0037,Sephora - Ahmedabad 7,Sephora,MBO,Ahmedabad,Gujarat,West,SKU0001,Blush & Co Moisturizer A,Blush & Co,Skincare,Moisturizer,Others,Active,2319,2,5,,2,4345,BGR West,5,5,,44
2025-08,OUT0037,Sephora - Ahmedabad 7,Sephora,MBO,Ahmedabad,Gujarat,West,SKU0003,Verde Serum A,Verde,Skincare,Serum,Top 25,Active,2419,38,50,,15,38833,BGR West,27,27,,46
2025-08,OUT0037,Sephora - Ahmedabad 7,Sephora,MBO,Ahmedabad,Gujarat,West,SKU0004,Northline Serum B,Northline,Skincare,Serum,Top 25,Active,2489,20,18,,37,83085,BGR West,37,35,,46
2025-08,OUT0037,Sephora - Ahmedabad 7,Sephora,MBO,Ahmedabad,Gujarat,West,SKU0005,Northline Serum C,Northline,Skincare,Serum,Others,Inactive,1819,8,8,,2,4005,BGR West,2,2,,46
2025-08,OUT0037,Sephora - Ahmedabad 7,Sephora,MBO,Ahmedabad,Gujarat,West,SKU0006,Blush & Co Cleanser A,Blush & Co,Skincare,Cleanser,Top 10,Active,289,64,514,,67,22597,BGR West,127,88,,47
2025-08,OUT0037,Sephora - Ahmedabad 7,Sephora,MBO,Ahmedabad,Gujarat,West,SKU0007,Northline Cleanser B,Northline,Skincare,Cleanser,Others,Active,1809,13,15,,3,6721,BGR West,7,5,,43
2025-08,OUT0037,Sephora - Ahmedabad 7,Sephora,MBO,Ahmedabad,Gujarat,West,SKU0008,Lumina Sunscreen A,Lumina,Skincare,Sunscreen,Others,Active,1599,8,12,,1,1506,BGR West,6,5,,44
2025-08,OUT0037,Sephora - Ahmedabad 7,Sephora,MBO,Ahmedabad,Gujarat,West,SKU0009,Blush & Co Sunscreen B,Blush & Co,Skincare,Sunscreen,Others,Inactive,1629,16,21,,3,5901,BGR West,10,8,,48
2025-08,OUT0037,Sephora - Ahmedabad 7,Sephora,MBO,Ahmedabad,Gujarat,West,SKU0011,Lumina Foundation B,Lumina,Makeup,Foundation,Top 10,Inactive,1889,42,50,,19,39310,BGR West,39,27,,48
2025-08,OUT0037,Sephora - Ahmedabad 7,Sephora,MBO,Ahmedabad,Gujarat,West,SKU0012,Northline Lipstick A,Northline,Makeup,Lipstick,Others,Active,2429,6,6,,1,2849,BGR West,2,1,,53
2025-08,OUT0037,Sephora - Ahmedabad 7,Sephora,MBO,Ahmedabad,Gujarat,West,SKU0014,Lumina Lipstick C,Lumina,Makeup,Lipstick,Top 25,Active,1729,32,43,,8,14089,BGR West,21,19,,52
2025-08,OUT0037,Sephora - Ahmedabad 7,Sephora,MBO,Ahmedabad,Gujarat,West,SKU0016,Verde Mascara B,Verde,Makeup,Mascara,Top 25,Active,199,17,20,,8,1737,BGR West,11,11,,48
2025-08,OUT0037,Sephora - Ahmedabad 7,Sephora,MBO,Ahmedabad,Gujarat,West,SKU0017,Lumina Mascara C,Lumina,Makeup,Mascara,Top 10,Active,529,4,4,,21,11468,BGR West,21,21,,49
2025-08,OUT0037,Sephora - Ahmedabad 7,Sephora,MBO,Ahmedabad,Gujarat,West,SKU0020,Lumina Shampoo A,Lumina,Haircare,Shampoo,Top 10,Active,509,28,30,,13,6383,BGR West,22,15,,36
2025-08,OUT0037,Sephora - Ahmedabad 7,Sephora,MBO,Ahmedabad,Gujarat,West,SKU0022,Northline Conditioner A,Northline,Haircare,Conditioner,Others,Active,779,24,24,,3,2270,BGR West,5,3,,34
2025-08,OUT0037,Sephora - Ahmedabad 7,Sephora,MBO,Ahmedabad,Gujarat,West,SKU0027,Lumina EDP B,Lumina,Fragrance,EDP,Top 10,Active,529,55,61,,17,9059,BGR West,33,23,,53
2025-08,OUT0037,Sephora - Ahmedabad 7,Sephora,MBO,Ahmedabad,Gujarat,West,SKU0029,Blush & Co EDT B,Blush & Co,Fragrance,EDT,Top 25,Active,479,35,37,,5,2937,BGR West,10,7,,52
2025-08,OUT0037,Sephora - Ahmedabad 7,Sephora,MBO,Ahmedabad,Gujarat,West,SKU0033,Northline Body Lotion A,Northline,Bath & Body,Body Lotion,Top 10,Active,1239,5,22,,23,28331,BGR West,40,40,,43
2025-08,OUT0037,Sephora - Ahmedabad 7,Sephora,MBO,Ahmedabad,Gujarat,West,SKU0034,Northline Body Lotion B,Northline,Bath & Body,Body Lotion,Top 25,Active,989,53,55,,12,12196,BGR West,14,14,,43
2025-08,OUT0037,Sephora - Ahmedabad 7,Sephora,MBO,Ahmedabad,Gujarat,West,SKU0037,Verde Body Wash C,Verde,Bath & Body,Body Wash,Top 25,Active,2239,22,26,,8,19598,BGR West,13,12,,42
2025-08,OUT0037,Sephora - Ahmedabad 7,Sephora,MBO,Ahmedabad,Gujarat,West,SKU0038,Blush & Co Hand Cream A,Blush & Co,Bath & Body,Hand Cream,Others,Active,489,0,2,,1,481,BGR West,3,3,,42
2025-08,OUT0037,Sephora - Ahmedabad 7,Sephora,MBO,Ahmedabad,Gujarat,West,SKU0039,Northline Hand Cream B,Northline,Bath & Body,Hand Cream,Others,Active,1189,3,5,,4,5390,BGR West,7,6,,40
2025-08,OUT0038,Sephora - Pune 8,Sephora,MBO,Pune,Maharashtra,West,SKU0002,Verde Moisturizer B,Verde,Skincare,Moisturizer,Top 10,Active,1179,41,49,,15,21371,BGR West,26,23,,46
2025-08,OUT0038,Sephora - Pune 8,Sephora,MBO,Pune,Maharashtra,West,SKU0003,Verde Serum A,Verde,Skincare,Serum,Top 25,Active,2419,43,44,,14,37671,BGR West,15,15,,48
2025-08,OUT0038,Sephora - Pune 8,Sephora,MBO,Pune,Maharashtra,West,SKU0005,Northline Serum C,Northline,Skincare,Serum,Others,Inactive,1819,9,10,,1,2131,BGR West,3,2,,44
2025-08,OUT0038,Sephora - Pune 8,Sephora,MBO,Pune,Maharashtra,West,SKU0006,Blush & Co Cleanser A,Blush & Co,Skincare,Cleanser,Top 10,Active,289,61,74,,32,10377,BGR West,45,45,,43
2025-08,OUT0038,Sephora - Pune 8,Sephora,MBO,Pune,Maharashtra,West,SKU0007,Northline Cleanser B,Northline,Skincare,Cleanser,Others,Active,1809,16,15,,2,3237,BGR West,2,1,,44
2025-08,OUT0038,Sephora - Pune 8,Sephora,MBO,Pune,Maharashtra,West,SKU0009,Blush & Co Sunscreen B,Blush & Co,Skincare,Sunscreen,Others,Inactive,1629,16,19,,3,5757,BGR West,7,6,,46
2025-08,OUT0038,Sephora - Pune 8,Sephora,MBO,Pune,Maharashtra,West,SKU0011,Lumina Foundation B,Lumina,Makeup,Foundation,Top 10,Inactive,1889,13,22,,16,37421,BGR West,32,25,,53
2025-08,OUT0038,Sephora - Pune 8,Sephora,MBO,Pune,Maharashtra,West,SKU0012,Northline Lipstick A,Northline,Makeup,Lipstick,Others,Active,2429,6,8,,1,2705,BGR West,2,2,,52
2025-08,OUT0038,Sephora - Pune 8,Sephora,MBO,Pune,Maharashtra,West,SKU0013,Northline Lipstick B,Northline,Makeup,Lipstick,Others,Active,2469,10,14,,0,0,BGR West,5,4,,49
2025-08,OUT0038,Sephora - Pune 8,Sephora,MBO,Pune,Maharashtra,West,SKU0014,Lumina Lipstick C,Lumina,Makeup,Lipstick,Top 25,Active,1729,17,18,,8,15694,BGR West,10,9,,49
2025-08,OUT0038,Sephora - Pune 8,Sephora,MBO,Pune,Maharashtra,West,SKU0015,Blush & Co Mascara A,Blush & Co,Makeup,Mascara,Top 25,Active,1219,12,20,,7,8234,BGR West,15,15,,53
2025-08,OUT0038,Sephora - Pune 8,Sephora,MBO,Pune,Maharashtra,West,SKU0016,Verde Mascara B,Verde,Makeup,Mascara,Top 25,Active,199,24,28,,7,1731,BGR West,13,11,,52
2025-08,OUT0038,Sephora - Pune 8,Sephora,MBO,Pune,Maharashtra,West,SKU0017,Lumina Mascara C,Lumina,Makeup,Mascara,Top 10,Active,529,62,62,,17,9482,BGR West,22,17,,53
2025-08,OUT0038,Sephora - Pune 8,Sephora,MBO,Pune,Maharashtra,West,SKU0018,Northline Eyeliner A,Northline,Makeup,Eyeliner,Others,Active,1959,11,0,,1,1819,BGR West,5,4,,47
2025-08,OUT0038,Sephora - Pune 8,Sephora,MBO,Pune,Maharashtra,West,SKU0021,Verde Shampoo B,Verde,Haircare,Shampoo,Others,Active,1319,11,13,,4,5341,BGR West,6,6,,38
2025-08,OUT0038,Sephora - Pune 8,Sephora,MBO,Pune,Maharashtra,West,SKU0022,Northline Conditioner A,Northline,Haircare,Conditioner,Others,Active,779,3,5,,4,3781,BGR West,8,6,,36
2025-08,OUT0038,Sephora - Pune 8,Sephora,MBO,Pune,Maharashtra,West,SKU0027,Lumina EDP B,Lumina,Fragrance,EDP,Top 10,Active,529,0,8,,24,13638,BGR West,32,32,,56
2025-08,OUT0038,Sephora - Pune 8,Sephora,MBO,Pune,Maharashtra,West,SKU0029,Blush & Co EDT B,Blush & Co,Fragrance,EDT,Top 25,Active,479,7,12,,11,5979,BGR West,24,16,,53
2025-08,OUT0038,Sephora - Pune 8,Sephora,MBO,Pune,Maharashtra,West,SKU0031,Lumina Body Mist A,Lumina,Fragrance,Body Mist,Top 25,Active,2119,60,58,,18,44582,BGR West,17,16,,56
2025-08,OUT0038,Sephora - Pune 8,Sephora,MBO,Pune,Maharashtra,West,SKU0032,Northline Body Mist B,Northline,Fragrance,Body Mist,Others,Inactive,2229,15,0,,5,10311,BGR West,9,8,,56
2025-08,OUT0038,Sephora - Pune 8,Sephora,MBO,Pune,Maharashtra,West,SKU0033,Northline Body Lotion A,Northline,Bath & Body,Body Lotion,Top 10,Active,1239,135,133,,29,39810,BGR West,39,27,,40
2025-08,OUT0038,Sephora - Pune 8,Sephora,MBO,Pune,Maharashtra,West,SKU0037,Verde Body Wash C,Verde,Bath & Body,Body Wash,Top 25,Active,2239,0,2,,8,21806,BGR West,10,10,,39
2025-08,OUT0038,Sephora - Pune 8,Sephora,MBO,Pune,Maharashtra,West,SKU0038,Blush & Co Hand Cream A,Blush & Co,Bath & Body,Hand Cream,Others,Active,489,10,12,,3,1659,BGR West,5,5,,40
2025-08,OUT0039,Sephora - Bhubaneswar 9,Sephora,MBO,Bhubaneswar,Odisha,East,SKU0001,Blush & Co Moisturizer A,Blush & Co,Skincare,Moisturizer,Others,Active,2319,20,27,,3,8697,BGR East,10,10,,46
2025-08,OUT0039,Sephora - Bhubaneswar 9,Sephora,MBO,Bhubaneswar,Odisha,East,SKU0002,Verde Moisturizer B,Verde,Skincare,Moisturizer,Top 10,Active,1179,83,107,,27,30005,BGR East,51,51,,48
2025-08,OUT0039,Sephora - Bhubaneswar 9,Sephora,MBO,Bhubaneswar,Odisha,East,SKU0003,Verde Serum A,Verde,Skincare,Serum,Top 25,Active,2419,84,88,,28,76513,BGR East,36,32,,45
2025-08,OUT0039,Sephora - Bhubaneswar 9,Sephora,MBO,Bhubaneswar,Odisha,East,SKU0004,Northline Serum B,Northline,Skincare,Serum,Top 25,Active,2489,29,31,,12,34303,BGR East,16,14,,42
2025-08,OUT0039,Sephora - Bhubaneswar 9,Sephora,MBO,Bhubaneswar,Odisha,East,SKU0005,Northline Serum C,Northline,Skincare,Serum,Others,Inactive,1819,5,6,,1,1884,BGR East,3,2,,48
2025-08,OUT0039,Sephora - Bhubaneswar 9,Sephora,MBO,Bhubaneswar,Odisha,East,SKU0006,Blush & Co Cleanser A,Blush & Co,Skincare,Cleanser,Top 10,Active,289,112,125,,31,8701,BGR East,56,44,,43
2025-08,OUT0039,Sephora - Bhubaneswar 9,Sephora,MBO,Bhubaneswar,Odisha,East,SKU0008,Lumina Sunscreen A,Lumina,Skincare,Sunscreen,Others,Active,1599,4,6,,2,3308,BGR East,4,4,,45
2025-08,OUT0039,Sephora - Bhubaneswar 9,Sephora,MBO,Bhubaneswar,Odisha,East,SKU0009,Blush & Co Sunscreen B,Blush & Co,Skincare,Sunscreen,Others,Inactive,1629,3,9,,8,14504,BGR East,14,14,,43
2025-08,OUT0039,Sephora - Bhubaneswar 9,Sephora,MBO,Bhubaneswar,Odisha,East,SKU0010,Blush & Co Foundation A,Blush & Co,Makeup,Foundation,Others,Active,1419,13,17,,6,10543,BGR East,10,10,,47
2025-08,OUT0039,Sephora - Bhubaneswar 9,Sephora,MBO,Bhubaneswar,Odisha,East,SKU0011,Lumina Foundation B,Lumina,Makeup,Foundation,Top 10,Inactive,1889,62,82,,22,51229,BGR East,42,42,,48
2025-08,OUT0039,Sephora - Bhubaneswar 9,Sephora,MBO,Bhubaneswar,Odisha,East,SKU0012,Northline Lipstick A,Northline,Makeup,Lipstick,Others,Active,2429,9,17,,6,13641,BGR East,14,14,,48
2025-08,OUT0039,Sephora - Bhubaneswar 9,Sephora,MBO,Bhubaneswar,Odisha,East,SKU0013,Northline Lipstick B,Northline,Makeup,Lipstick,Others,Active,2469,5,7,,0,0,BGR East,3,2,,48
2025-08,OUT0039,Sephora - Bhubaneswar 9,Sephora,MBO,Bhubaneswar,Odisha,East,SKU0014,Lumina Lipstick C,Lumina,Makeup,Lipstick,Top 25,Active,1729,28,44,,19,33726,BGR East,37,35,,51
2025-08,OUT0039,Sephora - Bhubaneswar 9,Sephora,MBO,Bhubaneswar,Odisha,East,SKU0015,Blush & Co Mascara A,Blush & Co,Makeup,Mascara,Top 25,Active,1219,2,2,,16,22964,BGR East,24,16,,48
2025-08,OUT0039,Sephora - Bhubaneswar 9,Sephora,MBO,Bhubaneswar,Odisha,East,SKU0016,Verde Mascara B,Verde,Makeup,Mascara,Top 25,Active,199,38,44,,11,2356,BGR East,18,17,,48
2025-08,OUT0039,Sephora - Bhubaneswar 9,Sephora,MBO,Bhubaneswar,Odisha,East,SKU0017,Lumina Mascara C,Lumina,Makeup,Mascara,Top 10,Active,529,62,0,,21,12588,BGR East,39,39,,47
2025-08,OUT0039,Sephora - Bhubaneswar 9,Sephora,MBO,Bhubaneswar,Odisha,East,SKU0020,Lumina Shampoo A,Lumina,Haircare,Shampoo,Top 10,Active,509,50,93,,42,22136,BGR East,85,85,,34
2025-08,OUT0039,Sephora - Bhubaneswar 9,Sephora,MBO,Bhubaneswar,Odisha,East,SKU0021,Verde Shampoo B,Verde,Haircare,Shampoo,Others,Active,1319,18,19,,4,5341,BGR East,8,5,,37
2025-08,OUT0039,Sephora - Bhubaneswar 9,Sephora,MBO,Bhubaneswar,Odisha,East,SKU0022,Northline Conditioner A,Northline,Haircare,Conditioner,Others,Active,779,11,14,,5,3517,BGR East,9,8,,34
2025-08,OUT0039,Sephora - Bhubaneswar 9,Sephora,MBO,Bhubaneswar,Odisha,East,SKU0023,Northline Conditioner B,Northline,Haircare,Conditioner,Others,Active,379,10,13,,1,385,BGR East,6,4,,32
2025-08,OUT0039,Sephora - Bhubaneswar 9,Sephora,MBO,Bhubaneswar,Odisha,East,SKU0027,Lumina EDP B,Lumina,Fragrance,EDP,Top 10,Active,529,88,114,,33,20150,BGR East,63,59,,52
2025-08,OUT0039,Sephora - Bhubaneswar 9,Sephora,MBO,Bhubaneswar,Odisha,East,SKU0028,Northline EDT A,Northline,Fragrance,EDT,Top 25,Active,1109,0,4,,16,17220,BGR East,20,20,,55
2025-08,OUT0039,Sephora - Bhubaneswar 9,Sephora,MBO,Bhubaneswar,Odisha,East,SKU0029,Blush & Co EDT B,Blush & Co,Fragrance,EDT,Top 25,Active,479,35,35,,9,4982,BGR East,11,9,,52
2025-08,OUT0039,Sephora - Bhubaneswar 9,Sephora,MBO,Bhubaneswar,Odisha,East,SKU0030,Blush & Co EDT C,Blush & Co,Fragrance,EDT,Others,Active,779,13,14,,6,5612,BGR East,7,7,,53
2025-08,OUT0039,Sephora - Bhubaneswar 9,Sephora,MBO,Bhubaneswar,Odisha,East,SKU0031,Lumina Body Mist A,Lumina,Fragrance,Body Mist,Top 25,Active,2119,30,36,,12,31113,BGR East,18,18,,58
2025-08,OUT0039,Sephora - Bhubaneswar 9,Sephora,MBO,Bhubaneswar,Odisha,East,SKU0032,Northline Body Mist B,Northline,Fragrance,Body Mist,Others,Inactive,2229,8,10,,7,17557,BGR East,11,9,,52
2025-08,OUT0039,Sephora - Bhubaneswar 9,Sephora,MBO,Bhubaneswar,Odisha,East,SKU0033,Northline Body Lotion A,Northline,Bath & Body,Body Lotion,Top 10,Active,1239,82,91,,40,61173,BGR East,49,49,,42
2025-08,OUT0039,Sephora - Bhubaneswar 9,Sephora,MBO,Bhubaneswar,Odisha,East,SKU0034,Northline Body Lotion B,Northline,Bath & Body,Body Lotion,Top 25,Active,989,77,91,,20,19548,BGR East,38,34,,42
2025-08,OUT0039,Sephora - Bhubaneswar 9,Sephora,MBO,Bhubaneswar,Odisha,East,SKU0036,Northline Body Wash B,Northline,Bath & Body,Body Wash,Others,Active,1179,5,0,,1,1398,BGR East,4,4,,39
2025-08,OUT0039,Sephora - Bhubaneswar 9,Sephora,MBO,Bhubaneswar,Odisha,East,SKU0037,Verde Body Wash C,Verde,Bath & Body,Body Wash,Top 25,Active,2239,47,52,,12,31215,BGR East,25,17,,43
2025-08,OUT0040,Sephora - Bhubaneswar 10,Sephora,MBO,Bhubaneswar,Odisha,East,SKU0002,Verde Moisturizer B,Verde,Skincare,Moisturizer,Top 10,Active,1179,49,61,,19,26016,BGR East,35,31,,45
2025-08,OUT0040,Sephora - Bhubaneswar 10,Sephora,MBO,Bhubaneswar,Odisha,East,SKU0003,Verde Serum A,Verde,Skincare,Serum,Top 25,Active,2419,79,87,,11,30936,BGR East,19,19,,48
2025-08,OUT0040,Sephora - Bhubaneswar 10,Sephora,MBO,Bhubaneswar,Odisha,East,SKU0005,Northline Serum C,Northline,Skincare,Serum,Others,Inactive,1819,9,8,,1,1653,BGR East,1,0,,44
2025-08,OUT0040,Sephora - Bhubaneswar 10,Sephora,MBO,Bhubaneswar,Odisha,East,SKU0006,Blush & Co Cleanser A,Blush & Co,Skincare,Cleanser,Top 10,Active,289,0,0,,42,11983,BGR East,52,36,,48
2025-08,OUT0040,Sephora - Bhubaneswar 10,Sephora,MBO,Bhubaneswar,Odisha,East,SKU0007,Northline Cleanser B,Northline,Skincare,Cleanser,Others,Active,1809,5,9,,4,9021,BGR East,8,8,,48
2025-08,OUT0040,Sephora - Bhubaneswar 10,Sephora,MBO,Bhubaneswar,Odisha,East,SKU0008,Lumina Sunscreen A,Lumina,Skincare,Sunscreen,Others,Active,1599,5,5,,1,1516,BGR East,2,1,,48
2025-08,OUT0040,Sephora - Bhubaneswar 10,Sephora,MBO,Bhubaneswar,Odisha,East,SKU0010,Blush & Co Foundation A,Blush & Co,Makeup,Foundation,Others,Active,1419,16,20,,2,3222,BGR East,6,6,,53
2025-08,OUT0040,Sephora - Bhubaneswar 10,Sephora,MBO,Bhubaneswar,Odisha,East,SKU0011,Lumina Foundation B,Lumina,Makeup,Foundation,Top 10,Inactive,1889,51,63,,19,32562,BGR East,39,31,,49
2025-08,OUT0040,Sephora - Bhubaneswar 10,Sephora,MBO,Bhubaneswar,Odisha,East,SKU0014,Lumina Lipstick C,Lumina,Makeup,Lipstick,Top 25,Active,1729,24,103,,16,27545,BGR East,32,32,,50
2025-08,OUT0040,Sephora - Bhubaneswar 10,Sephora,MBO,Bhubaneswar,Odisha,East,SKU0015,Blush & Co Mascara A,Blush & Co,Makeup,Mascara,Top 25,Active,1219,29,30,,14,17159,BGR East,17,15,,52
2025-08,OUT0040,Sephora - Bhubaneswar 10,Sephora,MBO,Bhubaneswar,Odisha,East,SKU0016,Verde Mascara B,Verde,Makeup,Mascara,Top 25,Active,199,23,29,,12,2204,BGR East,21,18,,47
2025-08,OUT0040,Sephora - Bhubaneswar 10,Sephora,MBO,Bhubaneswar,Odisha,East,SKU0017,Lumina Mascara C,Lumina,Makeup,Mascara,Top 10,Active,529,0,0,,18,9529,BGR East,17,17,,49
2025-08,OUT0040,Sephora - Bhubaneswar 10,Sephora,MBO,Bhubaneswar,Odisha,East,SKU0020,Lumina Shampoo A,Lumina,Haircare,Shampoo,Top 10,Active,509,38,41,,16,8767,BGR East,28,19,,33
2025-08,OUT0040,Sephora - Bhubaneswar 10,Sephora,MBO,Bhubaneswar,Odisha,East,SKU0021,Verde Shampoo B,Verde,Haircare,Shampoo,Others,Active,1319,21,28,,5,5938,BGR East,12,12,,37
2025-08,OUT0040,Sephora - Bhubaneswar 10,Sephora,MBO,Bhubaneswar,Odisha,East,SKU0022,Northline Conditioner A,Northline,Haircare,Conditioner,Others,Active,779,15,17,,4,3530,BGR East,9,6,,32
2025-08,OUT0040,Sephora - Bhubaneswar 10,Sephora,MBO,Bhubaneswar,Odisha,East,SKU0023,Northline Conditioner B,Northline,Haircare,Conditioner,Others,Active,379,9,12,,1,438,BGR East,4,4,,35
2025-08,OUT0040,Sephora - Bhubaneswar 10,Sephora,MBO,Bhubaneswar,Odisha,East,SKU0027,Lumina EDP B,Lumina,Fragrance,EDP,Top 10,Active,529,27,26,,26,14214,BGR East,25,25,,55
2025-08,OUT0040,Sephora - Bhubaneswar 10,Sephora,MBO,Bhubaneswar,Odisha,East,SKU0029,Blush & Co EDT B,Blush & Co,Fragrance,EDT,Top 25,Active,479,26,26,,16,9093,BGR East,16,16,,53
2025-08,OUT0040,Sephora - Bhubaneswar 10,Sephora,MBO,Bhubaneswar,Odisha,East,SKU0030,Blush & Co EDT C,Blush & Co,Fragrance,EDT,Others,Active,779,17,18,,4,3440,BGR East,5,5,,57
2025-08,OUT0040,Sephora - Bhubaneswar 10,Sephora,MBO,Bhubaneswar,Odisha,East,SKU0031,Lumina Body Mist A,Lumina,Fragrance,Body Mist,Top 25,Active,2119,48,58,,18,44418,BGR East,32,28,,57
2025-08,OUT0040,Sephora - Bhubaneswar 10,Sephora,MBO,Bhubaneswar,Odisha,East,SKU0033,Northline Body Lotion A,Northline,Bath & Body,Body Lotion,Top 10,Active,1239,47,47,,23,35073,BGR East,34,23,,37
2025-08,OUT0040,Sephora - Bhubaneswar 10,Sephora,MBO,Bhubaneswar,Odisha,East,SKU0034,Northline Body Lotion B,Northline,Bath & Body,Body Lotion,Top 25,Active,989,31,29,,16,14666,BGR East,20,14,,42
2025-08,OUT0040,Sephora - Bhubaneswar 10,Sephora,MBO,Bhubaneswar,Odisha,East,SKU0036,Northline Body Wash B,Northline,Bath & Body,Body Wash,Others,Active,1179,6,6,,1,1106,BGR East,2,1,,37
2025-08,OUT0040,Sephora - Bhubaneswar 10,Sephora,MBO,Bhubaneswar,Odisha,East,SKU0037,Verde Body Wash C,Verde,Bath & Body,Body Wash,Top 25,Active,2239,8,15,,10,23184,BGR East,19,17,,37
2025-08,OUT0040,Sephora - Bhubaneswar 10,Sephora,MBO,Bhubaneswar,Odisha,East,SKU0039,Northline Hand Cream B,Northline,Bath & Body,Hand Cream,Others,Active,1189,13,16,,4,4672,BGR East,7,7,,40
2025-08,OUT0041,Renee EBO - Chennai 1,Renee EBO,EBO,Chennai,Tamil Nadu,South,SKU0001,Blush & Co Moisturizer A,Blush & Co,Skincare,Moisturizer,Others,Active,2319,0,0,,1,2221,BGR South,1,0,,47
2025-08,OUT0041,Renee EBO - Chennai 1,Renee EBO,EBO,Chennai,Tamil Nadu,South,SKU0002,Verde Moisturizer B,Verde,Skincare,Moisturizer,Top 10,Active,1179,34,0,,5,7009,BGR South,5,4,,46
2025-08,OUT0041,Renee EBO - Chennai 1,Renee EBO,EBO,Chennai,Tamil Nadu,South,SKU0004,Northline Serum B,Northline,Skincare,Serum,Top 25,Active,2489,17,18,,2,5968,BGR South,4,3,,46
2025-08,OUT0041,Renee EBO - Chennai 1,Renee EBO,EBO,Chennai,Tamil Nadu,South,SKU0006,Blush & Co Cleanser A,Blush & Co,Skincare,Cleanser,Top 10,Active,289,34,32,,14,4823,BGR South,18,12,,46
2025-08,OUT0041,Renee EBO - Chennai 1,Renee EBO,EBO,Chennai,Tamil Nadu,South,SKU0007,Northline Cleanser B,Northline,Skincare,Cleanser,Others,Active,1809,5,7,,1,2174,BGR South,4,3,,42
2025-08,OUT0041,Renee EBO - Chennai 1,Renee EBO,EBO,Chennai,Tamil Nadu,South,SKU0008,Lumina Sunscreen A,Lumina,Skincare,Sunscreen,Others,Active,1599,7,11,,0,0,BGR South,4,4,,44
2025-08,OUT0041,Renee EBO - Chennai 1,Renee EBO,EBO,Chennai,Tamil Nadu,South,SKU0009,Blush & Co Sunscreen B,Blush & Co,Skincare,Sunscreen,Others,Inactive,1629,4,7,,1,1631,BGR South,5,4,,45
2025-08,OUT0041,Renee EBO - Chennai 1,Renee EBO,EBO,Chennai,Tamil Nadu,South,SKU0010,Blush & Co Foundation A,Blush & Co,Makeup,Foundation,Others,Active,1419,3,5,,0,0,BGR South,3,2,,51
2025-08,OUT0041,Renee EBO - Chennai 1,Renee EBO,EBO,Chennai,Tamil Nadu,South,SKU0011,Lumina Foundation B,Lumina,Makeup,Foundation,Top 10,Inactive,1889,25,31,,10,19211,BGR South,16,16,,53
2025-08,OUT0041,Renee EBO - Chennai 1,Renee EBO,EBO,Chennai,Tamil Nadu,South,SKU0014,Lumina Lipstick C,Lumina,Makeup,Lipstick,Top 25,Active,1729,11,15,,4,7519,BGR South,11,8,,52
2025-08,OUT0041,Renee EBO - Chennai 1,Renee EBO,EBO,Chennai,Tamil Nadu,South,SKU0015,Blush & Co Mascara A,Blush & Co,Makeup,Mascara,Top 25,Active,1219,18,23,,6,8888,BGR South,11,11,,49
2025-08,OUT0041,Renee EBO - Chennai 1,Renee EBO,EBO,Chennai,Tamil Nadu,South,SKU0016,Verde Mascara B,Verde,Makeup,Mascara,Top 25,Active,199,13,13,,4,870,BGR South,5,4,,51
2025-08,OUT0041,Renee EBO - Chennai 1,Renee EBO,EBO,Chennai,Tamil Nadu,South,SKU0017,Lumina Mascara C,Lumina,Makeup,Mascara,Top 10,Active,529,26,31,,5,2866,BGR South,13,10,,53
2025-08,OUT0041,Renee EBO - Chennai 1,Renee EBO,EBO,Chennai,Tamil Nadu,South,SKU0018,Northline Eyeliner A,Northline,Makeup,Eyeliner,Others,Active,1959,5,6,,0,0,BGR South,2,1,,47
2025-08,OUT0041,Renee EBO - Chennai 1,Renee EBO,EBO,Chennai,Tamil Nadu,South,SKU0019,Northline Eyeliner B,Northline,Makeup,Eyeliner,Others,Active,1889,11,14,,2,4374,BGR South,5,5,,49
2025-08,OUT0041,Renee EBO - Chennai 1,Renee EBO,EBO,Chennai,Tamil Nadu,South,SKU0020,Lumina Shampoo A,Lumina,Haircare,Shampoo,Top 10,Active,509,37,36,,10,5391,BGR South,12,9,,33
2025-08,OUT0041,Renee EBO - Chennai 1,Renee EBO,EBO,Chennai,Tamil Nadu,South,SKU0021,Verde Shampoo B,Verde,Haircare,Shampoo,Others,Active,1319,8,11,,1,1505,BGR South,4,4,,32
2025-08,OUT0041,Renee EBO - Chennai 1,Renee EBO,EBO,Chennai,Tamil Nadu,South,SKU0022,Northline Conditioner A,Northline,Haircare,Conditioner,Others,Active,779,1,1,,1,949,BGR South,2,1,,37
2025-08,OUT0041,Renee EBO - Chennai 1,Renee EBO,EBO,Chennai,Tamil Nadu,South,SKU0023,Northline Conditioner B,Northline,Haircare,Conditioner,Others,Active,379,3,0,,0,0,BGR South,4,3,,36
2025-08,OUT0041,Renee EBO - Chennai 1,Renee EBO,EBO,Chennai,Tamil Nadu,South,SKU0027,Lumina EDP B,Lumina,Fragrance,EDP,Top 10,Active,529,0,0,,9,4817,BGR South,10,7,,53
2025-08,OUT0041,Renee EBO - Chennai 1,Renee EBO,EBO,Chennai,Tamil Nadu,South,SKU0028,Northline EDT A,Northline,Fragrance,EDT,Top 25,Active,1109,15,20,,5,5282,BGR South,11,10,,54
2025-08,OUT0041,Renee EBO - Chennai 1,Renee EBO,EBO,Chennai,Tamil Nadu,South,SKU0030,Blush & Co EDT C,Blush & Co,Fragrance,EDT,Others,Active,779,6,10,,0,0,BGR South,5,4,,57
2025-08,OUT0041,Renee EBO - Chennai 1,Renee EBO,EBO,Chennai,Tamil Nadu,South,SKU0031,Lumina Body Mist A,Lumina,Fragrance,Body Mist,Top 25,Active,2119,22,22,,3,7475,BGR South,4,3,,55
2025-08,OUT0041,Renee EBO - Chennai 1,Renee EBO,EBO,Chennai,Tamil Nadu,South,SKU0032,Northline Body Mist B,Northline,Fragrance,Body Mist,Others,Inactive,2229,3,6,,1,2599,BGR South,4,4,,55
2025-08,OUT0041,Renee EBO - Chennai 1,Renee EBO,EBO,Chennai,Tamil Nadu,South,SKU0033,Northline Body Lotion A,Northline,Bath & Body,Body Lotion,Top 10,Active,1239,3,9,,8,10449,BGR South,16,14,,39
2025-08,OUT0041,Renee EBO - Chennai 1,Renee EBO,EBO,Chennai,Tamil Nadu,South,SKU0035,Northline Body Wash A,Northline,Bath & Body,Body Wash,Others,Active,469,9,12,,1,500,BGR South,4,4,,42
2025-08,OUT0041,Renee EBO - Chennai 1,Renee EBO,EBO,Chennai,Tamil Nadu,South,SKU0037,Verde Body Wash C,Verde,Bath & Body,Body Wash,Top 25,Active,2239,10,10,,3,8022,BGR South,4,3,,37
2025-08,OUT0041,Renee EBO - Chennai 1,Renee EBO,EBO,Chennai,Tamil Nadu,South,SKU0039,Northline Hand Cream B,Northline,Bath & Body,Hand Cream,Others,Active,1189,9,11,,1,1350,BGR South,5,3,,42
2025-08,OUT0042,Renee EBO - Ahmedabad 2,Renee EBO,EBO,Ahmedabad,Gujarat,West,SKU0001,Blush & Co Moisturizer A,Blush & Co,Skincare,Moisturizer,Others,Active,2319,11,13,,1,2844,BGR West,4,3,,44
2025-08,OUT0042,Renee EBO - Ahmedabad 2,Renee EBO,EBO,Ahmedabad,Gujarat,West,SKU0002,Verde Moisturizer B,Verde,Skincare,Moisturizer,Top 10,Active,1179,27,35,,11,15964,BGR West,21,19,,46
2025-08,OUT0042,Renee EBO - Ahmedabad 2,Renee EBO,EBO,Ahmedabad,Gujarat,West,SKU0003,Verde Serum A,Verde,Skincare,Serum,Top 25,Active,2419,36,46,,7,16827,BGR West,17,17,,45
2025-08,OUT0042,Renee EBO - Ahmedabad 2,Renee EBO,EBO,Ahmedabad,Gujarat,West,SKU0005,Northline Serum C,Northline,Skincare,Serum,Others,Inactive,1819,8,10,,1,2198,BGR West,4,3,,46
2025-08,OUT0042,Renee EBO - Ahmedabad 2,Renee EBO,EBO,Ahmedabad,Gujarat,West,SKU0006,Blush & Co Cleanser A,Blush & Co,Skincare,Cleanser,Top 10,Active,289,13,29,,21,6250,BGR West,37,37,,48
2025-08,OUT0042,Renee EBO - Ahmedabad 2,Renee EBO,EBO,Ahmedabad,Gujarat,West,SKU0007,Northline Cleanser B,Northline,Skincare,Cleanser,Others,Active,1809,10,13,,1,1781,BGR West,5,4,,47
2025-08,OUT0042,Renee EBO - Ahmedabad 2,Renee EBO,EBO,Ahmedabad,Gujarat,West,SKU0008,Lumina Sunscreen A,Lumina,Skincare,Sunscreen,Others,Active,1599,14,16,,0,0,BGR West,3,2,,47
2025-08,OUT0042,Renee EBO - Ahmedabad 2,Renee EBO,EBO,Ahmedabad,Gujarat,West,SKU0010,Blush & Co Foundation A,Blush & Co,Makeup,Foundation,Others,Active,1419,10,13,,3,4336,BGR West,6,6,,49
2025-08,OUT0042,Renee EBO - Ahmedabad 2,Renee EBO,EBO,Ahmedabad,Gujarat,West,SKU0011,Lumina Foundation B,Lumina,Makeup,Foundation,Top 10,Inactive,1889,22,0,,14,27177,BGR West,19,17,,48
2025-08,OUT0042,Renee EBO - Ahmedabad 2,Renee EBO,EBO,Ahmedabad,Gujarat,West,SKU0012,Northline Lipstick A,Northline,Makeup,Lipstick,Others,Active,2429,11,13,,1,2524,BGR West,4,3,,47
2025-08,OUT0042,Renee EBO - Ahmedabad 2,Renee EBO,EBO,Ahmedabad,Gujarat,West,SKU0014,Lumina Lipstick C,Lumina,Makeup,Lipstick,Top 25,Active,1729,17,19,,7,13717,BGR West,11,9,,53
2025-08,OUT0042,Renee EBO - Ahmedabad 2,Renee EBO,EBO,Ahmedabad,Gujarat,West,SKU0015,Blush & Co Mascara A,Blush & Co,Makeup,Mascara,Top 25,Active,1219,18,21,,5,6654,BGR West,8,8,,48
2025-08,OUT0042,Renee EBO - Ahmedabad 2,Renee EBO,EBO,Ahmedabad,Gujarat,West,SKU0017,Lumina Mascara C,Lumina,Makeup,Mascara,Top 10,Active,529,52,51,,13,6629,BGR West,15,12,,47
2025-08,OUT0042,Renee EBO - Ahmedabad 2,Renee EBO,EBO,Ahmedabad,Gujarat,West,SKU0020,Lumina Shampoo A,Lumina,Haircare,Shampoo,Top 10,Active,509,0,2,,12,7651,BGR West,16,14,,32
2025-08,OUT0042,Renee EBO - Ahmedabad 2,Renee EBO,EBO,Ahmedabad,Gujarat,West,SKU0021,Verde Shampoo B,Verde,Haircare,Shampoo,Others,Active,1319,15,14,,2,3081,BGR West,2,1,,34
2025-08,OUT0042,Renee EBO - Ahmedabad 2,Renee EBO,EBO,Ahmedabad,Gujarat,West,SKU0022,Northline Conditioner A,Northline,Haircare,Conditioner,Others,Active,779,11,11,,3,2403,BGR West,5,3,,35
2025-08,OUT0042,Renee EBO - Ahmedabad 2,Renee EBO,EBO,Ahmedabad,Gujarat,West,SKU0023,Northline Conditioner B,Northline,Haircare,Conditioner,Others,Active,379,9,11,,0,0,BGR West,3,2,,35
2025-08,OUT0042,Renee EBO - Ahmedabad 2,Renee EBO,EBO,Ahmedabad,Gujarat,West,SKU0027,Lumina EDP B,Lumina,Fragrance,EDP,Top 10,Active,529,35,34,,12,6916,BGR West,17,11,,54
2025-08,OUT0042,Renee EBO - Ahmedabad 2,Renee EBO,EBO,Ahmedabad,Gujarat,West,SKU0028,Northline EDT A,Northline,Fragrance,EDT,Top 25,Active,1109,1,2,,10,13288,BGR West,17,11,,53
2025-08,OUT0042,Renee EBO - Ahmedabad 2,Renee EBO,EBO,Ahmedabad,Gujarat,West,SKU0029,Blush & Co EDT B,Blush & Co,Fragrance,EDT,Top 25,Active,479,2,4,,4,2170,BGR West,8,6,,52
2025-08,OUT0042,Renee EBO - Ahmedabad 2,Renee EBO,EBO,Ahmedabad,Gujarat,West,SKU0033,Northline Body Lotion A,Northline,Bath & Body,Body Lotion,Top 10,Active,1239,40,44,,23,34036,BGR West,39,27,,39
2025-08,OUT0042,Renee EBO - Ahmedabad 2,Renee EBO,EBO,Ahmedabad,Gujarat,West,SKU0035,Northline Body Wash A,Northline,Bath & Body,Body Wash,Others,Active,469,9,8,,2,861,BGR West,2,1,,38
2025-08,OUT0042,Renee EBO - Ahmedabad 2,Renee EBO,EBO,Ahmedabad,Gujarat,West,SKU0036,Northline Body Wash B,Northline,Bath & Body,Body Wash,Others,Active,1179,8,8,,0,0,BGR West,0,0,,38
2025-08,OUT0042,Renee EBO - Ahmedabad 2,Renee EBO,EBO,Ahmedabad,Gujarat,West,SKU0037,Verde Body Wash C,Verde,Bath & Body,Body Wash,Top 25,Active,2239,20,21,,3,8229,BGR West,4,4,,43
2025-08,OUT0042,Renee EBO - Ahmedabad 2,Renee EBO,EBO,Ahmedabad,Gujarat,West,SKU0038,Blush & Co Hand Cream A,Blush & Co,Bath & Body,Hand Cream,Others,Active,489,12,17,,1,494,BGR West,6,6,,41
2025-08,OUT0043,Renee EBO - Ludhiana 3,Renee EBO,EBO,Ludhiana,Punjab,North,SKU0002,Verde Moisturizer B,Verde,Skincare,Moisturizer,Top 10,Active,1179,28,37,,10,13057,BGR North,19,19,,46
2025-08,OUT0043,Renee EBO - Ludhiana 3,Renee EBO,EBO,Ludhiana,Punjab,North,SKU0003,Verde Serum A,Verde,Skincare,Serum,Top 25,Active,2419,41,43,,7,17810,BGR North,9,9,,46
2025-08,OUT0043,Renee EBO - Ludhiana 3,Renee EBO,EBO,Ludhiana,Punjab,North,SKU0004,Northline Serum B,Northline,Skincare,Serum,Top 25,Active,2489,27,30,,8,19164,BGR North,11,11,,47
2025-08,OUT0043,Renee EBO - Ludhiana 3,Renee EBO,EBO,Ludhiana,Punjab,North,SKU0006,Blush & Co Cleanser A,Blush & Co,Skincare,Cleanser,Top 10,Active,289,38,43,,15,5445,BGR North,26,20,,48
2025-08,OUT0043,Renee EBO - Ludhiana 3,Renee EBO,EBO,Ludhiana,Punjab,North,SKU0010,Blush & Co Foundation A,Blush & Co,Makeup,Foundation,Others,Active,1419,10,13,,3,4172,BGR North,6,6,,49
2025-08,OUT0043,Renee EBO - Ludhiana 3,Renee EBO,EBO,Ludhiana,Punjab,North,SKU0013,Northline Lipstick B,Northline,Makeup,Lipstick,Others,Active,2469,5,6,,0,0,BGR North,2,1,,53
2025-08,OUT0043,Renee EBO - Ludhiana 3,Renee EBO,EBO,Ludhiana,Punjab,North,SKU0014,Lumina Lipstick C,Lumina,Makeup,Lipstick,Top 25,Active,1729,25,29,,5,9093,BGR North,10,9,,52
2025-08,OUT0043,Renee EBO - Ludhiana 3,Renee EBO,EBO,Ludhiana,Punjab,North,SKU0015,Blush & Co Mascara A,Blush & Co,Makeup,Mascara,Top 25,Active,1219,24,28,,7,10009,BGR North,11,11,,52
2025-08,OUT0043,Renee EBO - Ludhiana 3,Renee EBO,EBO,Ludhiana,Punjab,North,SKU0017,Lumina Mascara C,Lumina,Makeup,Mascara,Top 10,Active,529,68,80,,16,9474,BGR North,28,28,,50
2025-08,OUT0043,Renee EBO - Ludhiana 3,Renee EBO,EBO,Ludhiana,Punjab,North,SKU0018,Northline Eyeliner A,Northline,Makeup,Eyeliner,Others,Active,1959,11,0,,1,1793,BGR North,4,3,,51
2025-08,OUT0043,Renee EBO - Ludhiana 3,Renee EBO,EBO,Ludhiana,Punjab,North,SKU0020,Lumina Shampoo A,Lumina,Haircare,Shampoo,Top 10,Active,509,48,56,,20,9804,BGR North,28,28,,35
2025-08,OUT0043,Renee EBO - Ludhiana 3,Renee EBO,EBO,Ludhiana,Punjab,North,SKU0022,Northline Conditioner A,Northline,Haircare,Conditioner,Others,Active,779,7,10,,2,1417,BGR North,5,5,,36
2025-08,OUT0043,Renee EBO - Ludhiana 3,Renee EBO,EBO,Ludhiana,Punjab,North,SKU0027,Lumina EDP B,Lumina,Fragrance,EDP,Top 10,Active,529,48,110,,13,6813,BGR North,12,11,,55
2025-08,OUT0043,Renee EBO - Ludhiana 3,Renee EBO,EBO,Ludhiana,Punjab,North,SKU0029,Blush & Co EDT B,Blush & Co,Fragrance,EDT,Top 25,Active,479,24,30,,4,1859,BGR North,11,10,,57
2025-08,OUT0043,Renee EBO - Ludhiana 3,Renee EBO,EBO,Ludhiana,Punjab,North,SKU0030,Blush & Co EDT C,Blush & Co,Fragrance,EDT,Others,Active,779,7,8,,2,1890,BGR North,3,3,,52
2025-08,OUT0043,Renee EBO - Ludhiana 3,Renee EBO,EBO,Ludhiana,Punjab,North,SKU0032,Northline Body Mist B,Northline,Fragrance,Body Mist,Others,Inactive,2229,0,5,,4,10653,BGR North,9,9,,56
2025-08,OUT0043,Renee EBO - Ludhiana 3,Renee EBO,EBO,Ludhiana,Punjab,North,SKU0033,Northline Body Lotion A,Northline,Bath & Body,Body Lotion,Top 10,Active,1239,50,63,,22,26340,BGR North,35,35,,40
2025-08,OUT0043,Renee EBO - Ludhiana 3,Renee EBO,EBO,Ludhiana,Punjab,North,SKU0036,Northline Body Wash B,Northline,Bath & Body,Body Wash,Others,Active,1179,8,8,,0,0,BGR North,1,0,,39
2025-08,OUT0043,Renee EBO - Ludhiana 3,Renee EBO,EBO,Ludhiana,Punjab,North,SKU0037,Verde Body Wash C,Verde,Bath & Body,Body Wash,Top 25,Active,2239,17,39,,22,56774,BGR North,44,44,,43
2025-08,OUT0043,Renee EBO - Ludhiana 3,Renee EBO,EBO,Ludhiana,Punjab,North,SKU0038,Blush & Co Hand Cream A,Blush & Co,Bath & Body,Hand Cream,Others,Active,489,8,9,,2,1225,BGR North,4,3,,41
2025-08,OUT0043,Renee EBO - Ludhiana 3,Renee EBO,EBO,Ludhiana,Punjab,North,SKU0039,Northline Hand Cream B,Northline,Bath & Body,Hand Cream,Others,Active,1189,0,3,,4,5909,BGR North,7,7,,37
2025-08,OUT0044,Renee EBO - Chandigarh 4,Renee EBO,EBO,Chandigarh,Punjab,North,SKU0002,Verde Moisturizer B,Verde,Skincare,Moisturizer,Top 10,Active,1179,24,32,,13,18364,BGR North,21,21,,48
2025-08,OUT0044,Renee EBO - Chandigarh 4,Renee EBO,EBO,Chandigarh,Punjab,North,SKU0003,Verde Serum A,Verde,Skincare,Serum,Top 25,Active,2419,20,21,,10,26325,BGR North,14,11,,46
2025-08,OUT0044,Renee EBO - Chandigarh 4,Renee EBO,EBO,Chandigarh,Punjab,North,SKU0005,Northline Serum C,Northline,Skincare,Serum,Others,Inactive,1819,0,3,,0,0,BGR North,3,3,,44
2025-08,OUT0044,Renee EBO - Chandigarh 4,Renee EBO,EBO,Chandigarh,Punjab,North,SKU0006,Blush & Co Cleanser A,Blush & Co,Skincare,Cleanser,Top 10,Active,289,50,65,,12,3314,BGR North,27,27,,48
2025-08,OUT0044,Renee EBO - Chandigarh 4,Renee EBO,EBO,Chandigarh,Punjab,North,SKU0010,Blush & Co Foundation A,Blush & Co,Makeup,Foundation,Others,Active,1419,9,11,,1,1403,BGR North,3,3,,53
2025-08,OUT0044,Renee EBO - Chandigarh 4,Renee EBO,EBO,Chandigarh,Punjab,North,SKU0011,Lumina Foundation B,Lumina,Makeup,Foundation,Top 10,Inactive,1889,14,19,,15,25905,BGR North,23,20,,50
2025-08,OUT0044,Renee EBO - Chandigarh 4,Renee EBO,EBO,Chandigarh,Punjab,North,SKU0015,Blush & Co Mascara A,Blush & Co,Makeup,Mascara,Top 25,Active,1219,25,0,,6,6990,BGR North,14,14,,50
2025-08,OUT0044,Renee EBO - Chandigarh 4,Renee EBO,EBO,Chandigarh,Punjab,North,SKU0016,Verde Mascara B,Verde,Makeup,Mascara,Top 25,Active,199,19,19,,0,0,BGR North,0,0,,47
2025-08,OUT0044,Renee EBO - Chandigarh 4,Renee EBO,EBO,Chandigarh,Punjab,North,SKU0017,Lumina Mascara C,Lumina,Makeup,Mascara,Top 10,Active,529,29,36,,11,7279,BGR North,20,18,,49
2025-08,OUT0044,Renee EBO - Chandigarh 4,Renee EBO,EBO,Chandigarh,Punjab,North,SKU0019,Northline Eyeliner B,Northline,Makeup,Eyeliner,Others,Active,1889,10,10,,1,2137,BGR North,2,1,,50
2025-08,OUT0044,Renee EBO - Chandigarh 4,Renee EBO,EBO,Chandigarh,Punjab,North,SKU0020,Lumina Shampoo A,Lumina,Haircare,Shampoo,Top 10,Active,509,2,2,,10,5330,BGR North,11,10,,37
2025-08,OUT0044,Renee EBO - Chandigarh 4,Renee EBO,EBO,Chandigarh,Punjab,North,SKU0021,Verde Shampoo B,Verde,Haircare,Shampoo,Others,Active,1319,1,4,,1,1343,BGR North,4,4,,36
2025-08,OUT0044,Renee EBO - Chandigarh 4,Renee EBO,EBO,Chandigarh,Punjab,North,SKU0022,Northline Conditioner A,Northline,Haircare,Conditioner,Others,Active,779,12,14,,1,846,BGR North,5,3,,38
2025-08,OUT0044,Renee EBO - Chandigarh 4,Renee EBO,EBO,Chandigarh,Punjab,North,SKU0023,Northline Conditioner B,Northline,Haircare,Conditioner,Others,Active,379,5,6,,0,0,BGR North,2,1,,33
2025-08,OUT0044,Renee EBO - Chandigarh 4,Renee EBO,EBO,Chandigarh,Punjab,North,SKU0027,Lumina EDP B,Lumina,Fragrance,EDP,Top 10,Active,529,13,17,,6,3734,BGR North,12,10,,58
2025-08,OUT0044,Renee EBO - Chandigarh 4,Renee EBO,EBO,Chandigarh,Punjab,North,SKU0028,Northline EDT A,Northline,Fragrance,EDT,Top 25,Active,1109,0,7,,7,7930,BGR North,18,14,,58
2025-08,OUT0044,Renee EBO - Chandigarh 4,Renee EBO,EBO,Chandigarh,Punjab,North,SKU0029,Blush & Co EDT B,Blush & Co,Fragrance,EDT,Top 25,Active,479,0,1,,4,2365,BGR North,5,5,,58
2025-08,OUT0044,Renee EBO - Chandigarh 4,Renee EBO,EBO,Chandigarh,Punjab,North,SKU0031,Lumina Body Mist A,Lumina,Fragrance,Body Mist,Top 25,Active,2119,29,35,,8,16238,BGR North,15,14,,53
2025-08,OUT0044,Renee EBO - Chandigarh 4,Renee EBO,EBO,Chandigarh,Punjab,North,SKU0033,Northline Body Lotion A,Northline,Bath & Body,Body Lotion,Top 10,Active,1239,22,23,,13,14831,BGR North,15,14,,43
2025-08,OUT0044,Renee EBO - Chandigarh 4,Renee EBO,EBO,Chandigarh,Punjab,North,SKU0034,Northline Body Lotion B,Northline,Bath & Body,Body Lotion,Top 25,Active,989,19,20,,9,8023,BGR North,12,10,,41
2025-08,OUT0044,Renee EBO - Chandigarh 4,Renee EBO,EBO,Chandigarh,Punjab,North,SKU0037,Verde Body Wash C,Verde,Bath & Body,Body Wash,Top 25,Active,2239,15,18,,5,10772,BGR North,8,8,,40
2025-08,OUT0044,Renee EBO - Chandigarh 4,Renee EBO,EBO,Chandigarh,Punjab,North,SKU0038,Blush & Co Hand Cream A,Blush & Co,Bath & Body,Hand Cream,Others,Active,489,1,6,,1,574,BGR North,6,6,,40
2025-08,OUT0045,Renee EBO - Mysore 5,Renee EBO,EBO,Mysore,Karnataka,South,SKU0002,Verde Moisturizer B,Verde,Skincare,Moisturizer,Top 10,Active,1179,33,35,,10,14256,BGR South,18,12,,48
2025-08,OUT0045,Renee EBO - Mysore 5,Renee EBO,EBO,Mysore,Karnataka,South,SKU0003,Verde Serum A,Verde,Skincare,Serum,Top 25,Active,2419,35,39,,6,16240,BGR South,10,10,,42
2025-08,OUT0045,Renee EBO - Mysore 5,Renee EBO,EBO,Mysore,Karnataka,South,SKU0005,Northline Serum C,Northline,Skincare,Serum,Others,Inactive,1819,10,9,,1,1745,BGR South,1,0,,48
2025-08,OUT0045,Renee EBO - Mysore 5,Renee EBO,EBO,Mysore,Karnataka,South,SKU0006,Blush & Co Cleanser A,Blush & Co,Skincare,Cleanser,Top 10,Active,289,81,84,,11,3131,BGR South,15,14,,45
2025-08,OUT0045,Renee EBO - Mysore 5,Renee EBO,EBO,Mysore,Karnataka,South,SKU0011,Lumina Foundation B,Lumina,Makeup,Foundation,Top 10,Inactive,1889,89,103,,16,32209,BGR South,30,30,,49
2025-08,OUT0045,Renee EBO - Mysore 5,Renee EBO,EBO,Mysore,Karnataka,South,SKU0014,Lumina Lipstick C,Lumina,Makeup,Lipstick,Top 25,Active,1729,0,3,,4,7604,BGR South,10,7,,47
2025-08,OUT0045,Renee EBO - Mysore 5,Renee EBO,EBO,Mysore,Karnataka,South,SKU0015,Blush & Co Mascara A,Blush & Co,Makeup,Mascara,Top 25,Active,1219,14,19,,5,6999,BGR South,11,10,,47
2025-08,OUT0045,Renee EBO - Mysore 5,Renee EBO,EBO,Mysore,Karnataka,South,SKU0017,Lumina Mascara C,Lumina,Makeup,Mascara,Top 10,Active,529,0,16,,18,10391,BGR South,36,34,,48
2025-08,OUT0045,Renee EBO - Mysore 5,Renee EBO,EBO,Mysore,Karnataka,South,SKU0019,Northline Eyeliner B,Northline,Makeup,Eyeliner,Others,Active,1889,16,19,,1,2225,BGR South,5,4,,51
2025-08,OUT0045,Renee EBO - Mysore 5,Renee EBO,EBO,Mysore,Karnataka,South,SKU0020,Lumina Shampoo A,Lumina,Haircare,Shampoo,Top 10,Active,509,0,14,,53,24103,BGR South,67,67,,32
2025-08,OUT0045,Renee EBO - Mysore 5,Renee EBO,EBO,Mysore,Karnataka,South,SKU0023,Northline Conditioner B,Northline,Haircare,Conditioner,Others,Active,379,1,1,,0,0,BGR South,0,0,,37
2025-08,OUT0045,Renee EBO - Mysore 5,Renee EBO,EBO,Mysore,Karnataka,South,SKU0027,Lumina EDP B,Lumina,Fragrance,EDP,Top 10,Active,529,38,41,,12,6442,BGR South,22,15,,52
2025-08,OUT0045,Renee EBO - Mysore 5,Renee EBO,EBO,Mysore,Karnataka,South,SKU0028,Northline EDT A,Northline,Fragrance,EDT,Top 25,Active,1109,13,17,,7,8190,BGR South,13,11,,54
2025-08,OUT0045,Renee EBO - Mysore 5,Renee EBO,EBO,Mysore,Karnataka,South,SKU0029,Blush & Co EDT B,Blush & Co,Fragrance,EDT,Top 25,Active,479,11,14,,4,2355,BGR South,9,7,,57
2025-08,OUT0045,Renee EBO - Mysore 5,Renee EBO,EBO,Mysore,Karnataka,South,SKU0033,Northline Body Lotion A,Northline,Bath & Body,Body Lotion,Top 10,Active,1239,42,41,,11,15467,BGR South,12,10,,39
2025-08,OUT0045,Renee EBO - Mysore 5,Renee EBO,EBO,Mysore,Karnataka,South,SKU0034,Northline Body Lotion B,Northline,Bath & Body,Body Lotion,Top 25,Active,989,9,18,,5,4741,BGR South,14,14,,41
2025-08,OUT0045,Renee EBO - Mysore 5,Renee EBO,EBO,Mysore,Karnataka,South,SKU0035,Northline Body Wash A,Northline,Bath & Body,Body Wash,Others,Active,469,8,10,,1,510,BGR South,4,3,,37
2025-08,OUT0045,Renee EBO - Mysore 5,Renee EBO,EBO,Mysore,Karnataka,South,SKU0039,Northline Hand Cream B,Northline,Bath & Body,Hand Cream,Others,Active,1189,7,9,,2,2713,BGR South,4,4,,39
2025-08,OUT0046,Renee EBO - Lucknow 6,Renee EBO,EBO,Lucknow,UP,North,SKU0001,Blush & Co Moisturizer A,Blush & Co,Skincare,Moisturizer,Others,Active,2319,9,9,,0,0,BGR North,1,0,,44
2025-08,OUT0046,Renee EBO - Lucknow 6,Renee EBO,EBO,Lucknow,UP,North,SKU0004,Northline Serum B,Northline,Skincare,Serum,Top 25,Active,2489,15,15,,2,4975,BGR North,2,2,,43
2025-08,OUT0046,Renee EBO - Lucknow 6,Renee EBO,EBO,Lucknow,UP,North,SKU0005,Northline Serum C,Northline,Skincare,Serum,Others,Inactive,1819,0,0,,0,0,BGR North,1,0,,44
2025-08,OUT0046,Renee EBO - Lucknow 6,Renee EBO,EBO,Lucknow,UP,North,SKU0006,Blush & Co Cleanser A,Blush & Co,Skincare,Cleanser,Top 10,Active,289,18,33,,11,3999,BGR North,26,26,,45
2025-08,OUT0046,Renee EBO - Lucknow 6,Renee EBO,EBO,Lucknow,UP,North,SKU0008,Lumina Sunscreen A,Lumina,Skincare,Sunscreen,Others,Active,1599,3,4,,0,0,BGR North,1,1,,44
2025-08,OUT0046,Renee EBO - Lucknow 6,Renee EBO,EBO,Lucknow,UP,North,SKU0009,Blush & Co Sunscreen B,Blush & Co,Skincare,Sunscreen,Others,Inactive,1629,8,13,,1,1513,BGR North,6,6,,48
2025-08,OUT0046,Renee EBO - Lucknow 6,Renee EBO,EBO,Lucknow,UP,North,SKU0011,Lumina Foundation B,Lumina,Makeup,Foundation,Top 10,Inactive,1889,23,30,,8,17216,BGR North,15,15,,49
2025-08,OUT0046,Renee EBO - Lucknow 6,Renee EBO,EBO,Lucknow,UP,North,SKU0012,Northline Lipstick A,Northline,Makeup,Lipstick,Others,Active,2429,3,4,,0,0,BGR North,1,1,,49
2025-08,OUT0046,Renee EBO - Lucknow 6,Renee EBO,EBO,Lucknow,UP,North,SKU0013,Northline Lipstick B,Northline,Makeup,Lipstick,Others,Active,2469,1,3,,0,0,BGR North,4,2,,53
2025-08,OUT0046,Renee EBO - Lucknow 6,Renee EBO,EBO,Lucknow,UP,North,SKU0014,Lumina Lipstick C,Lumina,Makeup,Lipstick,Top 25,Active,1729,19,26,,2,3289,BGR North,9,9,,53
2025-08,OUT0046,Renee EBO - Lucknow 6,Renee EBO,EBO,Lucknow,UP,North,SKU0015,Blush & Co Mascara A,Blush & Co,Makeup,Mascara,Top 25,Active,1219,9,7,,5,6052,BGR North,4,3,,49
2025-08,OUT0046,Renee EBO - Lucknow 6,Renee EBO,EBO,Lucknow,UP,North,SKU0016,Verde Mascara B,Verde,Makeup,Mascara,Top 25,Active,199,4,6,,2,359,BGR North,5,4,,50
2025-08,OUT0046,Renee EBO - Lucknow 6,Renee EBO,EBO,Lucknow,UP,North,SKU0017,Lumina Mascara C,Lumina,Makeup,Mascara,Top 10,Active,529,25,30,,5,2445,BGR North,10,10,,50
2025-08,OUT0046,Renee EBO - Lucknow 6,Renee EBO,EBO,Lucknow,UP,North,SKU0018,Northline Eyeliner A,Northline,Makeup,Eyeliner,Others,Active,1959,7,8,,0,0,BGR North,2,1,,53
2025-08,OUT0046,Renee EBO - Lucknow 6,Renee EBO,EBO,Lucknow,UP,North,SKU0020,Lumina Shampoo A,Lumina,Haircare,Shampoo,Top 10,Active,509,32,34,,7,4381,BGR North,10,9,,38
2025-08,OUT0046,Renee EBO - Lucknow 6,Renee EBO,EBO,Lucknow,UP,North,SKU0022,Northline Conditioner A,Northline,Haircare,Conditioner,Others,Active,779,7,13,,1,818,BGR North,7,7,,36
2025-08,OUT0046,Renee EBO - Lucknow 6,Renee EBO,EBO,Lucknow,UP,North,SKU0027,Lumina EDP B,Lumina,Fragrance,EDP,Top 10,Active,529,31,35,,8,4954,BGR North,18,12,,57
2025-08,OUT0046,Renee EBO - Lucknow 6,Renee EBO,EBO,Lucknow,UP,North,SKU0028,Northline EDT A,Northline,Fragrance,EDT,Top 25,Active,1109,15,19,,5,6954,BGR North,9,9,,54
2025-08,OUT0046,Renee EBO - Lucknow 6,Renee EBO,EBO,Lucknow,UP,North,SKU0029,Blush & Co EDT B,Blush & Co,Fragrance,EDT,Top 25,Active,479,17,17,,1,530,BGR North,2,1,,53
2025-08,OUT0046,Renee EBO - Lucknow 6,Renee EBO,EBO,Lucknow,UP,North,SKU0030,Blush & Co EDT C,Blush & Co,Fragrance,EDT,Others,Active,779,9,0,,1,914,BGR North,4,3,,54
2025-08,OUT0046,Renee EBO - Lucknow 6,Renee EBO,EBO,Lucknow,UP,North,SKU0031,Lumina Body Mist A,Lumina,Fragrance,Body Mist,Top 25,Active,2119,12,18,,6,13386,BGR North,12,12,,57
2025-08,OUT0046,Renee EBO - Lucknow 6,Renee EBO,EBO,Lucknow,UP,North,SKU0033,Northline Body Lotion A,Northline,Bath & Body,Body Lotion,Top 10,Active,1239,22,28,,9,11754,BGR North,15,15,,38
2025-08,OUT0046,Renee EBO - Lucknow 6,Renee EBO,EBO,Lucknow,UP,North,SKU0034,Northline Body Lotion B,Northline,Bath & Body,Body Lotion,Top 25,Active,989,5,7,,4,3763,BGR North,8,6,,39
2025-08,OUT0046,Renee EBO - Lucknow 6,Renee EBO,EBO,Lucknow,UP,North,SKU0037,Verde Body Wash C,Verde,Bath & Body,Body Wash,Top 25,Active,2239,8,10,,2,5168,BGR North,4,4,,41
2025-08,OUT0046,Renee EBO - Lucknow 6,Renee EBO,EBO,Lucknow,UP,North,SKU0038,Blush & Co Hand Cream A,Blush & Co,Bath & Body,Hand Cream,Others,Active,489,7,10,,0,0,BGR North,4,3,,41
2025-08,OUT0047,Renee EBO - Ahmedabad 7,Renee EBO,EBO,Ahmedabad,Gujarat,West,SKU0001,Blush & Co Moisturizer A,Blush & Co,Skincare,Moisturizer,Others,Active,2319,0,3,,1,2684,BGR West,4,4,,47
2025-08,OUT0047,Renee EBO - Ahmedabad 7,Renee EBO,EBO,Ahmedabad,Gujarat,West,SKU0002,Verde Moisturizer B,Verde,Skincare,Moisturizer,Top 10,Active,1179,3,3,,8,9698,BGR West,9,8,,48
2025-08,OUT0047,Renee EBO - Ahmedabad 7,Renee EBO,EBO,Ahmedabad,Gujarat,West,SKU0003,Verde Serum A,Verde,Skincare,Serum,Top 25,Active,2419,18,28,,8,20457,BGR West,18,18,,42
2025-08,OUT0047,Renee EBO - Ahmedabad 7,Renee EBO,EBO,Ahmedabad,Gujarat,West,SKU0005,Northline Serum C,Northline,Skincare,Serum,Others,Inactive,1819,0,7,,1,2275,BGR West,1,0,,42
2025-08,OUT0047,Renee EBO - Ahmedabad 7,Renee EBO,EBO,Ahmedabad,Gujarat,West,SKU0006,Blush & Co Cleanser A,Blush & Co,Skincare,Cleanser,Top 10,Active,289,42,45,,10,3527,BGR West,15,13,,48
2025-08,OUT0047,Renee EBO - Ahmedabad 7,Renee EBO,EBO,Ahmedabad,Gujarat,West,SKU0007,Northline Cleanser B,Northline,Skincare,Cleanser,Others,Active,1809,5,8,,2,3417,BGR West,6,5,,47
2025-08,OUT0047,Renee EBO - Ahmedabad 7,Renee EBO,EBO,Ahmedabad,Gujarat,West,SKU0009,Blush & Co Sunscreen B,Blush & Co,Skincare,Sunscreen,Others,Inactive,1629,11,10,,1,1803,BGR West,1,0,,48
2025-08,OUT0047,Renee EBO - Ahmedabad 7,Renee EBO,EBO,Ahmedabad,Gujarat,West,SKU0010,Blush & Co Foundation A,Blush & Co,Makeup,Foundation,Others,Active,1419,12,13,,2,2686,BGR West,3,3,,49
2025-08,OUT0047,Renee EBO - Ahmedabad 7,Renee EBO,EBO,Ahmedabad,Gujarat,West,SKU0011,Lumina Foundation B,Lumina,Makeup,Foundation,Top 10,Inactive,1889,34,34,,8,17298,BGR West,12,8,,52
2025-08,OUT0047,Renee EBO - Ahmedabad 7,Renee EBO,EBO,Ahmedabad,Gujarat,West,SKU0012,Northline Lipstick A,Northline,Makeup,Lipstick,Others,Active,2429,1,2,,0,0,BGR West,2,1,,51
2025-08,OUT0047,Renee EBO - Ahmedabad 7,Renee EBO,EBO,Ahmedabad,Gujarat,West,SKU0014,Lumina Lipstick C,Lumina,Makeup,Lipstick,Top 25,Active,1729,34,34,,5,8673,BGR West,8,5,,52
2025-08,OUT0047,Renee EBO - Ahmedabad 7,Renee EBO,EBO,Ahmedabad,Gujarat,West,SKU0015,Blush & Co Mascara A,Blush & Co,Makeup,Mascara,Top 25,Active,1219,32,35,,7,8117,BGR West,10,10,,52
2025-08,OUT0047,Renee EBO - Ahmedabad 7,Renee EBO,EBO,Ahmedabad,Gujarat,West,SKU0017,Lumina Mascara C,Lumina,Makeup,Mascara,Top 10,Active,529,0,0,,16,7581,BGR West,16,14,,49
2025-08,OUT0047,Renee EBO - Ahmedabad 7,Renee EBO,EBO,Ahmedabad,Gujarat,West,SKU0019,Northline Eyeliner B,Northline,Makeup,Eyeliner,Others,Active,1889,12,13,,2,3970,BGR West,3,3,,47
2025-08,OUT0047,Renee EBO - Ahmedabad 7,Renee EBO,EBO,Ahmedabad,Gujarat,West,SKU0020,Lumina Shampoo A,Lumina,Haircare,Shampoo,Top 10,Active,509,13,14,,16,10131,BGR West,19,17,,37
2025-08,OUT0047,Renee EBO - Ahmedabad 7,Renee EBO,EBO,Ahmedabad,Gujarat,West,SKU0021,Verde Shampoo B,Verde,Haircare,Shampoo,Others,Active,1319,8,13,,2,2881,BGR West,8,7,,35
2025-08,OUT0047,Renee EBO - Ahmedabad 7,Renee EBO,EBO,Ahmedabad,Gujarat,West,SKU0027,Lumina EDP B,Lumina,Fragrance,EDP,Top 10,Active,529,34,93,,17,8490,BGR West,22,20,,56
2025-08,OUT0047,Renee EBO - Ahmedabad 7,Renee EBO,EBO,Ahmedabad,Gujarat,West,SKU0028,Northline EDT A,Northline,Fragrance,EDT,Top 25,Active,1109,29,32,,6,6890,BGR West,9,9,,53
2025-08,OUT0047,Renee EBO - Ahmedabad 7,Renee EBO,EBO,Ahmedabad,Gujarat,West,SKU0029,Blush & Co EDT B,Blush & Co,Fragrance,EDT,Top 25,Active,479,17,21,,8,4501,BGR West,16,12,,57
2025-08,OUT0047,Renee EBO - Ahmedabad 7,Renee EBO,EBO,Ahmedabad,Gujarat,West,SKU0031,Lumina Body Mist A,Lumina,Fragrance,Body Mist,Top 25,Active,2119,10,16,,7,13537,BGR West,13,13,,52
2025-08,OUT0047,Renee EBO - Ahmedabad 7,Renee EBO,EBO,Ahmedabad,Gujarat,West,SKU0033,Northline Body Lotion A,Northline,Bath & Body,Body Lotion,Top 10,Active,1239,43,103,,16,18916,BGR West,26,20,,41
2025-08,OUT0047,Renee EBO - Ahmedabad 7,Renee EBO,EBO,Ahmedabad,Gujarat,West,SKU0034,Northline Body Lotion B,Northline,Bath & Body,Body Lotion,Top 25,Active,989,49,47,,12,11534,BGR West,15,10,,42
2025-08,OUT0047,Renee EBO - Ahmedabad 7,Renee EBO,EBO,Ahmedabad,Gujarat,West,SKU0036,Northline Body Wash B,Northline,Bath & Body,Body Wash,Others,Active,1179,9,12,,0,0,BGR West,4,3,,40
2025-08,OUT0047,Renee EBO - Ahmedabad 7,Renee EBO,EBO,Ahmedabad,Gujarat,West,SKU0037,Verde Body Wash C,Verde,Bath & Body,Body Wash,Top 25,Active,2239,13,16,,3,6855,BGR West,8,6,,43
2025-08,OUT0047,Renee EBO - Ahmedabad 7,Renee EBO,EBO,Ahmedabad,Gujarat,West,SKU0038,Blush & Co Hand Cream A,Blush & Co,Bath & Body,Hand Cream,Others,Active,489,5,0,,1,447,BGR West,2,1,,40
2025-08,OUT0047,Renee EBO - Ahmedabad 7,Renee EBO,EBO,Ahmedabad,Gujarat,West,SKU0039,Northline Hand Cream B,Northline,Bath & Body,Hand Cream,Others,Active,1189,17,19,,2,2938,BGR West,6,4,,43
2025-08,OUT0048,Renee EBO - Bhubaneswar 8,Renee EBO,EBO,Bhubaneswar,Odisha,East,SKU0002,Verde Moisturizer B,Verde,Skincare,Moisturizer,Top 10,Active,1179,0,9,,14,20312,BGR East,26,23,,42
2025-08,OUT0048,Renee EBO - Bhubaneswar 8,Renee EBO,EBO,Bhubaneswar,Odisha,East,SKU0004,Northline Serum B,Northline,Skincare,Serum,Top 25,Active,2489,27,25,,6,14923,BGR East,6,4,,45
2025-08,OUT0048,Renee EBO - Bhubaneswar 8,Renee EBO,EBO,Bhubaneswar,Odisha,East,SKU0005,Northline Serum C,Northline,Skincare,Serum,Others,Inactive,1819,4,8,,0,0,BGR East,5,4,,42
2025-08,OUT0048,Renee EBO - Bhubaneswar 8,Renee EBO,EBO,Bhubaneswar,Odisha,East,SKU0006,Blush & Co Cleanser A,Blush & Co,Skincare,Cleanser,Top 10,Active,289,84,90,,10,2929,BGR East,16,16,,44
2025-08,OUT0048,Renee EBO - Bhubaneswar 8,Renee EBO,EBO,Bhubaneswar,Odisha,East,SKU0007,Northline Cleanser B,Northline,Skincare,Cleanser,Others,Active,1809,11,8,,1,1940,BGR East,4,3,,47
2025-08,OUT0048,Renee EBO - Bhubaneswar 8,Renee EBO,EBO,Bhubaneswar,Odisha,East,SKU0009,Blush & Co Sunscreen B,Blush & Co,Skincare,Sunscreen,Others,Inactive,1629,11,11,,1,1903,BGR East,2,1,,48
2025-08,OUT0048,Renee EBO - Bhubaneswar 8,Renee EBO,EBO,Bhubaneswar,Odisha,East,SKU0011,Lumina Foundation B,Lumina,Makeup,Foundation,Top 10,Inactive,1889,49,46,,9,18059,BGR East,9,6,,51
2025-08,OUT0048,Renee EBO - Bhubaneswar 8,Renee EBO,EBO,Bhubaneswar,Odisha,East,SKU0012,Northline Lipstick A,Northline,Makeup,Lipstick,Others,Active,2429,8,12,,1,2282,BGR East,5,5,,52
2025-08,OUT0048,Renee EBO - Bhubaneswar 8,Renee EBO,EBO,Bhubaneswar,Odisha,East,SKU0013,Northline Lipstick B,Northline,Makeup,Lipstick,Others,Active,2469,10,13,,0,0,BGR East,3,3,,51
2025-08,OUT0048,Renee EBO - Bhubaneswar 8,Renee EBO,EBO,Bhubaneswar,Odisha,East,SKU0016,Verde Mascara B,Verde,Makeup,Mascara,Top 25,Active,199,23,27,,4,859,BGR East,9,8,,50
2025-08,OUT0048,Renee EBO - Bhubaneswar 8,Renee EBO,EBO,Bhubaneswar,Odisha,East,SKU0017,Lumina Mascara C,Lumina,Makeup,Mascara,Top 10,Active,529,23,36,,10,5997,BGR East,23,23,,49
2025-08,OUT0048,Renee EBO - Bhubaneswar 8,Renee EBO,EBO,Bhubaneswar,Odisha,East,SKU0018,Northline Eyeliner A,Northline,Makeup,Eyeliner,Others,Active,1959,4,5,,0,0,BGR East,2,1,,50
2025-08,OUT0048,Renee EBO - Bhubaneswar 8,Renee EBO,EBO,Bhubaneswar,Odisha,East,SKU0022,Northline Conditioner A,Northline,Haircare,Conditioner,Others,Active,779,12,14,,2,1923,BGR East,7,4,,35
2025-08,OUT0048,Renee EBO - Bhubaneswar 8,Renee EBO,EBO,Bhubaneswar,Odisha,East,SKU0023,Northline Conditioner B,Northline,Haircare,Conditioner,Others,Active,379,6,6,,0,0,BGR East,0,0,,38
2025-08,OUT0048,Renee EBO - Bhubaneswar 8,Renee EBO,EBO,Bhubaneswar,Odisha,East,SKU0028,Northline EDT A,Northline,Fragrance,EDT,Top 25,Active,1109,33,38,,10,13414,BGR East,16,15,,56
2025-08,OUT0048,Renee EBO - Bhubaneswar 8,Renee EBO,EBO,Bhubaneswar,Odisha,East,SKU0029,Blush & Co EDT B,Blush & Co,Fragrance,EDT,Top 25,Active,479,35,39,,2,1109,BGR East,6,6,,55
2025-08,OUT0048,Renee EBO - Bhubaneswar 8,Renee EBO,EBO,Bhubaneswar,Odisha,East,SKU0030,Blush & Co EDT C,Blush & Co,Fragrance,EDT,Others,Active,779,16,17,,3,2788,BGR East,6,4,,52
2025-08,OUT0048,Renee EBO - Bhubaneswar 8,Renee EBO,EBO,Bhubaneswar,Odisha,East,SKU0031,Lumina Body Mist A,Lumina,Fragrance,Body Mist,Top 25,Active,2119,27,27,,4,9327,BGR East,5,4,,54
2025-08,OUT0048,Renee EBO - Bhubaneswar 8,Renee EBO,EBO,Bhubaneswar,Odisha,East,SKU0032,Northline Body Mist B,Northline,Fragrance,Body Mist,Others,Inactive,2229,2,4,,2,4557,BGR East,5,4,,54
2025-08,OUT0048,Renee EBO - Bhubaneswar 8,Renee EBO,EBO,Bhubaneswar,Odisha,East,SKU0033,Northline Body Lotion A,Northline,Bath & Body,Body Lotion,Top 10,Active,1239,129,135,,19,26604,BGR East,36,25,,38
2025-08,OUT0048,Renee EBO - Bhubaneswar 8,Renee EBO,EBO,Bhubaneswar,Odisha,East,SKU0034,Northline Body Lotion B,Northline,Bath & Body,Body Lotion,Top 25,Active,989,19,29,,8,9402,BGR East,18,18,,43
2025-08,OUT0048,Renee EBO - Bhubaneswar 8,Renee EBO,EBO,Bhubaneswar,Odisha,East,SKU0037,Verde Body Wash C,Verde,Bath & Body,Body Wash,Top 25,Active,2239,21,23,,6,16754,BGR East,8,8,,37
2025-08,OUT0048,Renee EBO - Bhubaneswar 8,Renee EBO,EBO,Bhubaneswar,Odisha,East,SKU0038,Blush & Co Hand Cream A,Blush & Co,Bath & Body,Hand Cream,Others,Active,489,6,53,,9,4022,BGR East,13,13,,42
2025-08,OUT0048,Renee EBO - Bhubaneswar 8,Renee EBO,EBO,Bhubaneswar,Odisha,East,SKU0039,Northline Hand Cream B,Northline,Bath & Body,Hand Cream,Others,Active,1189,0,2,,4,4784,BGR East,6,6,,37
2025-08,OUT0049,Renee EBO - Lucknow 9,Renee EBO,EBO,Lucknow,UP,North,SKU0001,Blush & Co Moisturizer A,Blush & Co,Skincare,Moisturizer,Others,Active,2319,9,11,,2,4737,BGR North,6,4,,45
2025-08,OUT0049,Renee EBO - Lucknow 9,Renee EBO,EBO,Lucknow,UP,North,SKU0002,Verde Moisturizer B,Verde,Skincare,Moisturizer,Top 10,Active,1179,46,46,,8,10892,BGR North,11,8,,47
2025-08,OUT0049,Renee EBO - Lucknow 9,Renee EBO,EBO,Lucknow,UP,North,SKU0004,Northline Serum B,Northline,Skincare,Serum,Top 25,Active,2489,0,3,,6,18544,BGR North,9,9,,48
2025-08,OUT0049,Renee EBO - Lucknow 9,Renee EBO,EBO,Lucknow,UP,North,SKU0005,Northline Serum C,Northline,Skincare,Serum,Others,Inactive,1819,3,3,,1,1783,BGR North,1,1,,43
2025-08,OUT0049,Renee EBO - Lucknow 9,Renee EBO,EBO,Lucknow,UP,North,SKU0006,Blush & Co Cleanser A,Blush & Co,Skincare,Cleanser,Top 10,Active,289,52,56,,17,4926,BGR North,30,21,,45
2025-08,OUT0049,Renee EBO - Lucknow 9,Renee EBO,EBO,Lucknow,UP,North,SKU0007,Northline Cleanser B,Northline,Skincare,Cleanser,Others,Active,1809,8,11,,1,1916,BGR North,5,4,,45
2025-08,OUT0049,Renee EBO - Lucknow 9,Renee EBO,EBO,Lucknow,UP,North,SKU0010,Blush & Co Foundation A,Blush & Co,Makeup,Foundation,Others,Active,1419,10,10,,2,3126,BGR North,3,2,,49
2025-08,OUT0049,Renee EBO - Lucknow 9,Renee EBO,EBO,Lucknow,UP,North,SKU0011,Lumina Foundation B,Lumina,Makeup,Foundation,Top 10,Inactive,1889,20,29,,15,31437,BGR North,26,24,,48
2025-08,OUT0049,Renee EBO - Lucknow 9,Renee EBO,EBO,Lucknow,UP,North,SKU0013,Northline Lipstick B,Northline,Makeup,Lipstick,Others,Active,2469,9,11,,0,0,BGR North,2,2,,51
2025-08,OUT0049,Renee EBO - Lucknow 9,Renee EBO,EBO,Lucknow,UP,North,SKU0014,Lumina Lipstick C,Lumina,Makeup,Lipstick,Top 25,Active,1729,7,9,,3,5352,BGR North,8,5,,50
2025-08,OUT0049,Renee EBO - Lucknow 9,Renee EBO,EBO,Lucknow,UP,North,SKU0015,Blush & Co Mascara A,Blush & Co,Makeup,Mascara,Top 25,Active,1219,3,6,,7,9889,BGR North,13,10,,50
2025-08,OUT0049,Renee EBO - Lucknow 9,Renee EBO,EBO,Lucknow,UP,North,SKU0016,Verde Mascara B,Verde,Makeup,Mascara,Top 25,Active,199,17,19,,5,1185,BGR North,7,7,,51
2025-08,OUT0049,Renee EBO - Lucknow 9,Renee EBO,EBO,Lucknow,UP,North,SKU0017,Lumina Mascara C,Lumina,Makeup,Mascara,Top 10,Active,529,47,48,,12,6792,BGR North,15,13,,49
2025-08,OUT0049,Renee EBO - Lucknow 9,Renee EBO,EBO,Lucknow,UP,North,SKU0020,Lumina Shampoo A,Lumina,Haircare,Shampoo,Top 10,Active,509,12,17,,12,7673,BGR North,17,17,,38
2025-08,OUT0049,Renee EBO - Lucknow 9,Renee EBO,EBO,Lucknow,UP,North,SKU0023,Northline Conditioner B,Northline,Haircare,Conditioner,Others,Active,379,2,2,,0,0,BGR North,1,0,,37
2025-08,OUT0049,Renee EBO - Lucknow 9,Renee EBO,EBO,Lucknow,UP,North,SKU0027,Lumina EDP B,Lumina,Fragrance,EDP,Top 10,Active,529,31,38,,15,9222,BGR North,25,22,,57
2025-08,OUT0049,Renee EBO - Lucknow 9,Renee EBO,EBO,Lucknow,UP,North,SKU0028,Northline EDT A,Northline,Fragrance,EDT,Top 25,Active,1109,18,22,,10,12738,BGR North,14,14,,56
2025-08,OUT0049,Renee EBO - Lucknow 9,Renee EBO,EBO,Lucknow,UP,North,SKU0029,Blush & Co EDT B,Blush & Co,Fragrance,EDT,Top 25,Active,479,14,0,,4,2247,BGR North,5,3,,55
2025-08,OUT0049,Renee EBO - Lucknow 9,Renee EBO,EBO,Lucknow,UP,North,SKU0031,Lumina Body Mist A,Lumina,Fragrance,Body Mist,Top 25,Active,2119,20,27,,9,21147,BGR North,16,16,,56
2025-08,OUT0049,Renee EBO - Lucknow 9,Renee EBO,EBO,Lucknow,UP,North,SKU0032,Northline Body Mist B,Northline,Fragrance,Body Mist,Others,Inactive,2229,7,0,,4,10339,BGR North,8,8,,55
2025-08,OUT0049,Renee EBO - Lucknow 9,Renee EBO,EBO,Lucknow,UP,North,SKU0033,Northline Body Lotion A,Northline,Bath & Body,Body Lotion,Top 10,Active,1239,1,0,,20,25845,BGR North,19,15,,42
2025-08,OUT0049,Renee EBO - Lucknow 9,Renee EBO,EBO,Lucknow,UP,North,SKU0034,Northline Body Lotion B,Northline,Bath & Body,Body Lotion,Top 25,Active,989,11,18,,5,5168,BGR North,12,12,,37
2025-08,OUT0049,Renee EBO - Lucknow 9,Renee EBO,EBO,Lucknow,UP,North,SKU0035,Northline Body Wash A,Northline,Bath & Body,Body Wash,Others,Active,469,6,7,,2,1124,BGR North,5,3,,38
2025-08,OUT0049,Renee EBO - Lucknow 9,Renee EBO,EBO,Lucknow,UP,North,SKU0036,Northline Body Wash B,Northline,Bath & Body,Body Wash,Others,Active,1179,6,9,,1,1299,BGR North,5,4,,37
2025-08,OUT0049,Renee EBO - Lucknow 9,Renee EBO,EBO,Lucknow,UP,North,SKU0037,Verde Body Wash C,Verde,Bath & Body,Body Wash,Top 25,Active,2239,22,0,,12,30234,BGR North,16,12,,38
2025-08,OUT0049,Renee EBO - Lucknow 9,Renee EBO,EBO,Lucknow,UP,North,SKU0038,Blush & Co Hand Cream A,Blush & Co,Bath & Body,Hand Cream,Others,Active,489,13,15,,2,1082,BGR North,5,4,,40
2025-08,OUT0050,Renee EBO - Kolkata 10,Renee EBO,EBO,Kolkata,West Bengal,East,SKU0002,Verde Moisturizer B,Verde,Skincare,Moisturizer,Top 10,Active,1179,4,10,,6,7114,BGR East,14,12,,45
2025-08,OUT0050,Renee EBO - Kolkata 10,Renee EBO,EBO,Kolkata,West Bengal,East,SKU0004,Northline Serum B,Northline,Skincare,Serum,Top 25,Active,2489,25,28,,2,5872,BGR East,5,5,,48
2025-08,OUT0050,Renee EBO - Kolkata 10,Renee EBO,EBO,Kolkata,West Bengal,East,SKU0006,Blush & Co Cleanser A,Blush & Co,Skincare,Cleanser,Top 10,Active,289,31,37,,5,1676,BGR East,13,11,,45
2025-08,OUT0050,Renee EBO - Kolkata 10,Renee EBO,EBO,Kolkata,West Bengal,East,SKU0007,Northline Cleanser B,Northline,Skincare,Cleanser,Others,Active,1809,8,11,,0,0,BGR East,4,3,,42
2025-08,OUT0050,Renee EBO - Kolkata 10,Renee EBO,EBO,Kolkata,West Bengal,East,SKU0011,Lumina Foundation B,Lumina,Makeup,Foundation,Top 10,Inactive,1889,24,28,,6,11094,BGR East,12,10,,52
2025-08,OUT0050,Renee EBO - Kolkata 10,Renee EBO,EBO,Kolkata,West Bengal,East,SKU0012,Northline Lipstick A,Northline,Makeup,Lipstick,Others,Active,2429,1,1,,0,0,BGR East,0,0,,50
2025-08,OUT0050,Renee EBO - Kolkata 10,Renee EBO,EBO,Kolkata,West Bengal,East,SKU0013,Northline Lipstick B,Northline,Makeup,Lipstick,Others,Active,2469,7,10,,0,0,BGR East,3,3,,52
2025-08,OUT0050,Renee EBO - Kolkata 10,Renee EBO,EBO,Kolkata,West Bengal,East,SKU0014,Lumina Lipstick C,Lumina,Makeup,Lipstick,Top 25,Active,1729,14,17,,2,4186,BGR East,6,5,,50
2025-08,OUT0050,Renee EBO - Kolkata 10,Renee EBO,EBO,Kolkata,West Bengal,East,SKU0015,Blush & Co Mascara A,Blush & Co,Makeup,Mascara,Top 25,Active,1219,18,23,,4,5881,BGR East,12,9,,51
2025-08,OUT0050,Renee EBO - Kolkata 10,Renee EBO,EBO,Kolkata,West Bengal,East,SKU0017,Lumina Mascara C,Lumina,Makeup,Mascara,Top 10,Active,529,21,24,,6,3850,BGR East,11,9,,49
2025-08,OUT0050,Renee EBO - Kolkata 10,Renee EBO,EBO,Kolkata,West Bengal,East,SKU0019,Northline Eyeliner B,Northline,Makeup,Eyeliner,Others,Active,1889,0,7,,1,2025,BGR East,3,3,,49
2025-08,OUT0050,Renee EBO - Kolkata 10,Renee EBO,EBO,Kolkata,West Bengal,East,SKU0020,Lumina Shampoo A,Lumina,Haircare,Shampoo,Top 10,Active,509,18,21,,5,2477,BGR East,9,8,,36
2025-08,OUT0050,Renee EBO - Kolkata 10,Renee EBO,EBO,Kolkata,West Bengal,East,SKU0022,Northline Conditioner A,Northline,Haircare,Conditioner,Others,Active,779,0,1,,1,782,BGR East,2,2,,35
2025-08,OUT0050,Renee EBO - Kolkata 10,Renee EBO,EBO,Kolkata,West Bengal,East,SKU0027,Lumina EDP B,Lumina,Fragrance,EDP,Top 10,Active,529,21,21,,7,4117,BGR East,11,7,,55
2025-08,OUT0050,Renee EBO - Kolkata 10,Renee EBO,EBO,Kolkata,West Bengal,East,SKU0028,Northline EDT A,Northline,Fragrance,EDT,Top 25,Active,1109,19,21,,4,5260,BGR East,7,6,,58
2025-08,OUT0050,Renee EBO - Kolkata 10,Renee EBO,EBO,Kolkata,West Bengal,East,SKU0029,Blush & Co EDT B,Blush & Co,Fragrance,EDT,Top 25,Active,479,7,8,,2,882,BGR East,3,3,,53
2025-08,OUT0050,Renee EBO - Kolkata 10,Renee EBO,EBO,Kolkata,West Bengal,East,SKU0031,Lumina Body Mist A,Lumina,Fragrance,Body Mist,Top 25,Active,2119,24,0,,4,9520,BGR East,9,9,,53
2025-08,OUT0050,Renee EBO - Kolkata 10,Renee EBO,EBO,Kolkata,West Bengal,East,SKU0033,Northline Body Lotion A,Northline,Bath & Body,Body Lotion,Top 10,Active,1239,20,26,,5,7388,BGR East,12,11,,39
2025-08,OUT0050,Renee EBO - Kolkata 10,Renee EBO,EBO,Kolkata,West Bengal,East,SKU0035,Northline Body Wash A,Northline,Bath & Body,Body Wash,Others,Active,469,7,9,,1,530,BGR East,4,3,,40
2025-08,OUT0050,Renee EBO - Kolkata 10,Renee EBO,EBO,Kolkata,West Bengal,East,SKU0037,Verde Body Wash C,Verde,Bath & Body,Body Wash,Top 25,Active,2239,19,23,,1,2153,BGR East,6,5,,40
2025-08,OUT0051,Renee EBO - Surat 11,Renee EBO,EBO,Surat,Gujarat,West,SKU0003,Verde Serum A,Verde,Skincare,Serum,Top 25,Active,2419,12,17,,7,16758,BGR West,16,12,,46
2025-08,OUT0051,Renee EBO - Surat 11,Renee EBO,EBO,Surat,Gujarat,West,SKU0004,Northline Serum B,Northline,Skincare,Serum,Top 25,Active,2489,22,25,,5,13104,BGR West,10,8,,42
2025-08,OUT0051,Renee EBO - Surat 11,Renee EBO,EBO,Surat,Gujarat,West,SKU0006,Blush & Co Cleanser A,Blush & Co,Skincare,Cleanser,Top 10,Active,289,31,32,,11,3822,BGR West,12,12,,45
2025-08,OUT0051,Renee EBO - Surat 11,Renee EBO,EBO,Surat,Gujarat,West,SKU0008,Lumina Sunscreen A,Lumina,Skincare,Sunscreen,Others,Active,1599,9,11,,0,0,BGR West,3,2,,47
2025-08,OUT0051,Renee EBO - Surat 11,Renee EBO,EBO,Surat,Gujarat,West,SKU0009,Blush & Co Sunscreen B,Blush & Co,Skincare,Sunscreen,Others,Inactive,1629,15,0,,2,3875,BGR West,3,2,,47
2025-08,OUT0051,Renee EBO - Surat 11,Renee EBO,EBO,Surat,Gujarat,West,SKU0010,Blush & Co Foundation A,Blush & Co,Makeup,Foundation,Others,Active,1419,10,10,,2,3203,BGR West,4,3,,52
2025-08,OUT0051,Renee EBO - Surat 11,Renee EBO,EBO,Surat,Gujarat,West,SKU0011,Lumina Foundation B,Lumina,Makeup,Foundation,Top 10,Inactive,1889,36,38,,19,40886,BGR West,21,21,,52
2025-08,OUT0051,Renee EBO - Surat 11,Renee EBO,EBO,Surat,Gujarat,West,SKU0013,Northline Lipstick B,Northline,Makeup,Lipstick,Others,Active,2469,3,0,,0,0,BGR West,1,0,,51
2025-08,OUT0051,Renee EBO - Surat 11,Renee EBO,EBO,Surat,Gujarat,West,SKU0014,Lumina Lipstick C,Lumina,Makeup,Lipstick,Top 25,Active,1729,5,8,,4,7641,BGR West,9,7,,51
2025-08,OUT0051,Renee EBO - Surat 11,Renee EBO,EBO,Surat,Gujarat,West,SKU0015,Blush & Co Mascara A,Blush & Co,Makeup,Mascara,Top 25,Active,1219,16,16,,9,13064,BGR West,11,9,,52
2025-08,OUT0051,Renee EBO - Surat 11,Renee EBO,EBO,Surat,Gujarat,West,SKU0016,Verde Mascara B,Verde,Makeup,Mascara,Top 25,Active,199,0,4,,8,1925,BGR West,16,12,,53
2025-08,OUT0051,Renee EBO - Surat 11,Renee EBO,EBO,Surat,Gujarat,West,SKU0018,Northline Eyeliner A,Northline,Makeup,Eyeliner,Others,Active,1959,9,13,,1,1766,BGR West,5,5,,53
2025-08,OUT0051,Renee EBO - Surat 11,Renee EBO,EBO,Surat,Gujarat,West,SKU0019,Northline Eyeliner B,Northline,Makeup,Eyeliner,Others,Active,1889,2,5,,2,4368,BGR West,7,5,,47
2025-08,OUT0051,Renee EBO - Surat 11,Renee EBO,EBO,Surat,Gujarat,West,SKU0020,Lumina Shampoo A,Lumina,Haircare,Shampoo,Top 10,Active,509,13,23,,16,8502,BGR West,33,26,,32
2025-08,OUT0051,Renee EBO - Surat 11,Renee EBO,EBO,Surat,Gujarat,West,SKU0022,Northline Conditioner A,Northline,Haircare,Conditioner,Others,Active,779,1,0,,3,2550,BGR West,6,6,,33
2025-08,OUT0051,Renee EBO - Surat 11,Renee EBO,EBO,Surat,Gujarat,West,SKU0027,Lumina EDP B,Lumina,Fragrance,EDP,Top 10,Active,529,66,73,,17,9353,BGR West,35,24,,54
2025-08,OUT0051,Renee EBO - Surat 11,Renee EBO,EBO,Surat,Gujarat,West,SKU0028,Northline EDT A,Northline,Fragrance,EDT,Top 25,Active,1109,30,33,,5,5777,BGR West,9,8,,54
2025-08,OUT0051,Renee EBO - Surat 11,Renee EBO,EBO,Surat,Gujarat,West,SKU0031,Lumina Body Mist A,Lumina,Fragrance,Body Mist,Top 25,Active,2119,30,28,,7,15096,BGR West,6,5,,58
2025-08,OUT0051,Renee EBO - Surat 11,Renee EBO,EBO,Surat,Gujarat,West,SKU0032,Northline Body Mist B,Northline,Fragrance,Body Mist,Others,Inactive,2229,7,11,,2,4204,BGR West,6,6,,57
2025-08,OUT0051,Renee EBO - Surat 11,Renee EBO,EBO,Surat,Gujarat,West,SKU0033,Northline Body Lotion A,Northline,Bath & Body,Body Lotion,Top 10,Active,1239,53,47,,34,37887,BGR West,30,28,,41
2025-08,OUT0051,Renee EBO - Surat 11,Renee EBO,EBO,Surat,Gujarat,West,SKU0034,Northline Body Lotion B,Northline,Bath & Body,Body Lotion,Top 25,Active,989,26,31,,8,8075,BGR West,13,13,,40
2025-08,OUT0051,Renee EBO - Surat 11,Renee EBO,EBO,Surat,Gujarat,West,SKU0037,Verde Body Wash C,Verde,Bath & Body,Body Wash,Top 25,Active,2239,18,18,,5,11003,BGR West,6,5,,38
2025-08,OUT0051,Renee EBO - Surat 11,Renee EBO,EBO,Surat,Gujarat,West,SKU0038,Blush & Co Hand Cream A,Blush & Co,Bath & Body,Hand Cream,Others,Active,489,12,17,,2,884,BGR West,7,7,,43
2025-08,OUT0052,Airport Retail Co - Coimbatore 1,Airport Retail Co,Airport,Coimbatore,Tamil Nadu,South,SKU0001,Blush & Co Moisturizer A,Blush & Co,Skincare,Moisturizer,Others,Active,2319,10,12,,1,2233,BGR South,4,3,,44
2025-08,OUT0052,Airport Retail Co - Coimbatore 1,Airport Retail Co,Airport,Coimbatore,Tamil Nadu,South,SKU0002,Verde Moisturizer B,Verde,Skincare,Moisturizer,Top 10,Active,1179,18,22,,12,12762,BGR South,17,16,,48
2025-08,OUT0052,Airport Retail Co - Coimbatore 1,Airport Retail Co,Airport,Coimbatore,Tamil Nadu,South,SKU0003,Verde Serum A,Verde,Skincare,Serum,Top 25,Active,2419,41,53,,9,24757,BGR South,21,21,,48
2025-08,OUT0052,Airport Retail Co - Coimbatore 1,Airport Retail Co,Airport,Coimbatore,Tamil Nadu,South,SKU0004,Northline Serum B,Northline,Skincare,Serum,Top 25,Active,2489,0,7,,6,17864,BGR South,14,13,,42
2025-08,OUT0052,Airport Retail Co - Coimbatore 1,Airport Retail Co,Airport,Coimbatore,Tamil Nadu,South,SKU0005,Northline Serum C,Northline,Skincare,Serum,Others,Inactive,1819,5,9,,0,0,BGR South,5,4,,48
2025-08,OUT0052,Airport Retail Co - Coimbatore 1,Airport Retail Co,Airport,Coimbatore,Tamil Nadu,South,SKU0006,Blush & Co Cleanser A,Blush & Co,Skincare,Cleanser,Top 10,Active,289,80,78,,15,5417,BGR South,19,13,,42
2025-08,OUT0052,Airport Retail Co - Coimbatore 1,Airport Retail Co,Airport,Coimbatore,Tamil Nadu,South,SKU0007,Northline Cleanser B,Northline,Skincare,Cleanser,Others,Active,1809,6,0,,2,3829,BGR South,7,7,,44
2025-08,OUT0052,Airport Retail Co - Coimbatore 1,Airport Retail Co,Airport,Coimbatore,Tamil Nadu,South,SKU0008,Lumina Sunscreen A,Lumina,Skincare,Sunscreen,Others,Active,1599,4,5,,1,1541,BGR South,3,2,,44
2025-08,OUT0052,Airport Retail Co - Coimbatore 1,Airport Retail Co,Airport,Coimbatore,Tamil Nadu,South,SKU0010,Blush & Co Foundation A,Blush & Co,Makeup,Foundation,Others,Active,1419,12,12,,2,2951,BGR South,3,2,,48
2025-08,OUT0052,Airport Retail Co - Coimbatore 1,Airport Retail Co,Airport,Coimbatore,Tamil Nadu,South,SKU0012,Northline Lipstick A,Northline,Makeup,Lipstick,Others,Active,2429,0,3,,0,0,BGR South,3,3,,49
2025-08,OUT0052,Airport Retail Co - Coimbatore 1,Airport Retail Co,Airport,Coimbatore,Tamil Nadu,South,SKU0014,Lumina Lipstick C,Lumina,Makeup,Lipstick,Top 25,Active,1729,25,34,,7,10963,BGR South,18,16,,51
2025-08,OUT0052,Airport Retail Co - Coimbatore 1,Airport Retail Co,Airport,Coimbatore,Tamil Nadu,South,SKU0015,Blush & Co Mascara A,Blush & Co,Makeup,Mascara,Top 25,Active,1219,2,3,,7,10477,BGR South,11,8,,51
2025-08,OUT0052,Airport Retail Co - Coimbatore 1,Airport Retail Co,Airport,Coimbatore,Tamil Nadu,South,SKU0016,Verde Mascara B,Verde,Makeup,Mascara,Top 25,Active,199,17,14,,7,1431,BGR South,7,4,,50
2025-08,OUT0052,Airport Retail Co - Coimbatore 1,Airport Retail Co,Airport,Coimbatore,Tamil Nadu,South,SKU0017,Lumina Mascara C,Lumina,Makeup,Mascara,Top 10,Active,529,56,0,,11,7047,BGR South,24,19,,53
2025-08,OUT0052,Airport Retail Co - Coimbatore 1,Airport Retail Co,Airport,Coimbatore,Tamil Nadu,South,SKU0020,Lumina Shampoo A,Lumina,Haircare,Shampoo,Top 10,Active,509,28,0,,18,9721,BGR South,36,36,,32
2025-08,OUT0052,Airport Retail Co - Coimbatore 1,Airport Retail Co,Airport,Coimbatore,Tamil Nadu,South,SKU0023,Northline Conditioner B,Northline,Haircare,Conditioner,Others,Active,379,3,4,,0,0,BGR South,1,1,,34
2025-08,OUT0052,Airport Retail Co - Coimbatore 1,Airport Retail Co,Airport,Coimbatore,Tamil Nadu,South,SKU0027,Lumina EDP B,Lumina,Fragrance,EDP,Top 10,Active,529,30,25,,17,11038,BGR South,18,12,,55
2025-08,OUT0052,Airport Retail Co - Coimbatore 1,Airport Retail Co,Airport,Coimbatore,Tamil Nadu,South,SKU0028,Northline EDT A,Northline,Fragrance,EDT,Top 25,Active,1109,21,25,,9,10209,BGR South,13,13,,55
2025-08,OUT0052,Airport Retail Co - Coimbatore 1,Airport Retail Co,Airport,Coimbatore,Tamil Nadu,South,SKU0030,Blush & Co EDT C,Blush & Co,Fragrance,EDT,Others,Active,779,12,12,,1,811,BGR South,2,1,,53
2025-08,OUT0052,Airport Retail Co - Coimbatore 1,Airport Retail Co,Airport,Coimbatore,Tamil Nadu,South,SKU0031,Lumina Body Mist A,Lumina,Fragrance,Body Mist,Top 25,Active,2119,64,69,,8,20730,BGR South,13,13,,52
2025-08,OUT0052,Airport Retail Co - Coimbatore 1,Airport Retail Co,Airport,Coimbatore,Tamil Nadu,South,SKU0032,Northline Body Mist B,Northline,Fragrance,Body Mist,Others,Inactive,2229,14,17,,2,3986,BGR South,8,5,,52
2025-08,OUT0052,Airport Retail Co - Coimbatore 1,Airport Retail Co,Airport,Coimbatore,Tamil Nadu,South,SKU0033,Northline Body Lotion A,Northline,Bath & Body,Body Lotion,Top 10,Active,1239,17,30,,15,19962,BGR South,30,28,,37
2025-08,OUT0052,Airport Retail Co - Coimbatore 1,Airport Retail Co,Airport,Coimbatore,Tamil Nadu,South,SKU0034,Northline Body Lotion B,Northline,Bath & Body,Body Lotion,Top 25,Active,989,5,14,,6,6081,BGR South,15,15,,43
2025-08,OUT0052,Airport Retail Co - Coimbatore 1,Airport Retail Co,Airport,Coimbatore,Tamil Nadu,South,SKU0037,Verde Body Wash C,Verde,Bath & Body,Body Wash,Top 25,Active,2239,24,26,,5,12146,BGR South,10,7,,39
2025-08,OUT0053,Airport Retail Co - Mumbai 2,Airport Retail Co,Airport,Mumbai,Maharashtra,West,SKU0002,Verde Moisturizer B,Verde,Skincare,Moisturizer,Top 10,Active,1179,0,0,,13,16195,BGR West,12,12,,42
2025-08,OUT0053,Airport Retail Co - Mumbai 2,Airport Retail Co,Airport,Mumbai,Maharashtra,West,SKU0003,Verde Serum A,Verde,Skincare,Serum,Top 25,Active,2419,30,27,,15,45294,BGR West,18,12,,44
2025-08,OUT0053,Airport Retail Co - Mumbai 2,Airport Retail Co,Airport,Mumbai,Maharashtra,West,SKU0006,Blush & Co Cleanser A,Blush & Co,Skincare,Cleanser,Top 10,Active,289,48,54,,17,6016,BGR West,29,23,,42
2025-08,OUT0053,Airport Retail Co - Mumbai 2,Airport Retail Co,Airport,Mumbai,Maharashtra,West,SKU0008,Lumina Sunscreen A,Lumina,Skincare,Sunscreen,Others,Active,1599,14,16,,0,0,BGR West,3,2,,44
2025-08,OUT0053,Airport Retail Co - Mumbai 2,Airport Retail Co,Airport,Mumbai,Maharashtra,West,SKU0009,Blush & Co Sunscreen B,Blush & Co,Skincare,Sunscreen,Others,Inactive,1629,18,19,,1,1578,BGR West,2,2,,43
2025-08,OUT0053,Airport Retail Co - Mumbai 2,Airport Retail Co,Airport,Mumbai,Maharashtra,West,SKU0011,Lumina Foundation B,Lumina,Makeup,Foundation,Top 10,Inactive,1889,101,103,,13,24019,BGR West,15,15,,53
2025-08,OUT0053,Airport Retail Co - Mumbai 2,Airport Retail Co,Airport,Mumbai,Maharashtra,West,SKU0014,Lumina Lipstick C,Lumina,Makeup,Lipstick,Top 25,Active,1729,9,15,,6,10294,BGR West,14,12,,47
2025-08,OUT0053,Airport Retail Co - Mumbai 2,Airport Retail Co,Airport,Mumbai,Maharashtra,West,SKU0015,Blush & Co Mascara A,Blush & Co,Makeup,Mascara,Top 25,Active,1219,37,48,,7,10103,BGR West,18,18,,48
2025-08,OUT0053,Airport Retail Co - Mumbai 2,Airport Retail Co,Airport,Mumbai,Maharashtra,West,SKU0017,Lumina Mascara C,Lumina,Makeup,Mascara,Top 10,Active,529,41,39,,14,7904,BGR West,13,12,,50
2025-08,OUT0053,Airport Retail Co - Mumbai 2,Airport Retail Co,Airport,Mumbai,Maharashtra,West,SKU0018,Northline Eyeliner A,Northline,Makeup,Eyeliner,Others,Active,1959,9,11,,0,0,BGR West,3,2,,47
2025-08,OUT0053,Airport Retail Co - Mumbai 2,Airport Retail Co,Airport,Mumbai,Maharashtra,West,SKU0019,Northline Eyeliner B,Northline,Makeup,Eyeliner,Others,Active,1889,7,8,,1,2351,BGR West,4,2,,49
2025-08,OUT0053,Airport Retail Co - Mumbai 2,Airport Retail Co,Airport,Mumbai,Maharashtra,West,SKU0020,Lumina Shampoo A,Lumina,Haircare,Shampoo,Top 10,Active,509,35,44,,9,4459,BGR West,18,18,,32
2025-08,OUT0053,Airport Retail Co - Mumbai 2,Airport Retail Co,Airport,Mumbai,Maharashtra,West,SKU0021,Verde Shampoo B,Verde,Haircare,Shampoo,Others,Active,1319,15,16,,2,2407,BGR West,4,3,,37
2025-08,OUT0053,Airport Retail Co - Mumbai 2,Airport Retail Co,Airport,Mumbai,Maharashtra,West,SKU0027,Lumina EDP B,Lumina,Fragrance,EDP,Top 10,Active,529,17,16,,19,12624,BGR West,20,18,,56
2025-08,OUT0053,Airport Retail Co - Mumbai 2,Airport Retail Co,Airport,Mumbai,Maharashtra,West,SKU0028,Northline EDT A,Northline,Fragrance,EDT,Top 25,Active,1109,15,21,,8,8825,BGR West,16,14,,52
2025-08,OUT0053,Airport Retail Co - Mumbai 2,Airport Retail Co,Airport,Mumbai,Maharashtra,West,SKU0030,Blush & Co EDT C,Blush & Co,Fragrance,EDT,Others,Active,779,12,14,,3,2835,BGR West,5,5,,57
2025-08,OUT0053,Airport Retail Co - Mumbai 2,Airport Retail Co,Airport,Mumbai,Maharashtra,West,SKU0031,Lumina Body Mist A,Lumina,Fragrance,Body Mist,Top 25,Active,2119,16,12,,13,32820,BGR West,12,9,,55
2025-08,OUT0053,Airport Retail Co - Mumbai 2,Airport Retail Co,Airport,Mumbai,Maharashtra,West,SKU0033,Northline Body Lotion A,Northline,Bath & Body,Body Lotion,Top 10,Active,1239,62,59,,23,26005,BGR West,29,20,,43
2025-08,OUT0053,Airport Retail Co - Mumbai 2,Airport Retail Co,Airport,Mumbai,Maharashtra,West,SKU0034,Northline Body Lotion B,Northline,Bath & Body,Body Lotion,Top 25,Active,989,20,20,,7,7414,BGR West,8,7,,37
2025-08,OUT0053,Airport Retail Co - Mumbai 2,Airport Retail Co,Airport,Mumbai,Maharashtra,West,SKU0037,Verde Body Wash C,Verde,Bath & Body,Body Wash,Top 25,Active,2239,7,12,,4,10735,BGR West,10,9,,43
2025-08,OUT0053,Airport Retail Co - Mumbai 2,Airport Retail Co,Airport,Mumbai,Maharashtra,West,SKU0038,Blush & Co Hand Cream A,Blush & Co,Bath & Body,Hand Cream,Others,Active,489,19,19,,3,1351,BGR West,4,3,,38
2025-08,OUT0053,Airport Retail Co - Mumbai 2,Airport Retail Co,Airport,Mumbai,Maharashtra,West,SKU0039,Northline Hand Cream B,Northline,Bath & Body,Hand Cream,Others,Active,1189,9,13,,3,4444,BGR West,7,7,,43
2025-08,OUT0054,Airport Retail Co - New Delhi 3,Airport Retail Co,Airport,New Delhi,Delhi,North,SKU0002,Verde Moisturizer B,Verde,Skincare,Moisturizer,Top 10,Active,1179,16,15,,3,3543,BGR North,3,2,,43
2025-08,OUT0054,Airport Retail Co - New Delhi 3,Airport Retail Co,Airport,New Delhi,Delhi,North,SKU0005,Northline Serum C,Northline,Skincare,Serum,Others,Inactive,1819,9,9,,0,0,BGR North,0,0,,45
2025-08,OUT0054,Airport Retail Co - New Delhi 3,Airport Retail Co,Airport,New Delhi,Delhi,North,SKU0006,Blush & Co Cleanser A,Blush & Co,Skincare,Cleanser,Top 10,Active,289,15,19,,6,1890,BGR North,10,10,,46
2025-08,OUT0054,Airport Retail Co - New Delhi 3,Airport Retail Co,Airport,New Delhi,Delhi,North,SKU0007,Northline Cleanser B,Northline,Skincare,Cleanser,Others,Active,1809,5,10,,0,0,BGR North,5,5,,46
2025-08,OUT0054,Airport Retail Co - New Delhi 3,Airport Retail Co,Airport,New Delhi,Delhi,North,SKU0008,Lumina Sunscreen A,Lumina,Skincare,Sunscreen,Others,Active,1599,7,7,,0,0,BGR North,0,0,,42
2025-08,OUT0054,Airport Retail Co - New Delhi 3,Airport Retail Co,Airport,New Delhi,Delhi,North,SKU0010,Blush & Co Foundation A,Blush & Co,Makeup,Foundation,Others,Active,1419,8,8,,1,1663,BGR North,2,1,,49
2025-08,OUT0054,Airport Retail Co - New Delhi 3,Airport Retail Co,Airport,New Delhi,Delhi,North,SKU0011,Lumina Foundation B,Lumina,Makeup,Foundation,Top 10,Inactive,1889,19,21,,9,20095,BGR North,11,11,,53
2025-08,OUT0054,Airport Retail Co - New Delhi 3,Airport Retail Co,Airport,New Delhi,Delhi,North,SKU0013,Northline Lipstick B,Northline,Makeup,Lipstick,Others,Active,2469,6,10,,0,0,BGR North,4,4,,48
2025-08,OUT0054,Airport Retail Co - New Delhi 3,Airport Retail Co,Airport,New Delhi,Delhi,North,SKU0015,Blush & Co Mascara A,Blush & Co,Makeup,Mascara,Top 25,Active,1219,20,23,,3,4440,BGR North,7,6,,47
2025-08,OUT0054,Airport Retail Co - New Delhi 3,Airport Retail Co,Airport,New Delhi,Delhi,North,SKU0016,Verde Mascara B,Verde,Makeup,Mascara,Top 25,Active,199,0,3,,1,246,BGR North,6,4,,52
2025-08,OUT0054,Airport Retail Co - New Delhi 3,Airport Retail Co,Airport,New Delhi,Delhi,North,SKU0017,Lumina Mascara C,Lumina,Makeup,Mascara,Top 10,Active,529,25,29,,5,2420,BGR North,10,9,,50
2025-08,OUT0054,Airport Retail Co - New Delhi 3,Airport Retail Co,Airport,New Delhi,Delhi,North,SKU0020,Lumina Shampoo A,Lumina,Haircare,Shampoo,Top 10,Active,509,19,0,,4,1946,BGR North,10,8,,34
2025-08,OUT0054,Airport Retail Co - New Delhi 3,Airport Retail Co,Airport,New Delhi,Delhi,North,SKU0027,Lumina EDP B,Lumina,Fragrance,EDP,Top 10,Active,529,22,24,,5,2981,BGR North,10,7,,53
2025-08,OUT0054,Airport Retail Co - New Delhi 3,Airport Retail Co,Airport,New Delhi,Delhi,North,SKU0028,Northline EDT A,Northline,Fragrance,EDT,Top 25,Active,1109,16,17,,3,3075,BGR North,5,4,,54
2025-08,OUT0054,Airport Retail Co - New Delhi 3,Airport Retail Co,Airport,New Delhi,Delhi,North,SKU0029,Blush & Co EDT B,Blush & Co,Fragrance,EDT,Top 25,Active,479,6,8,,2,878,BGR North,6,4,,52
2025-08,OUT0054,Airport Retail Co - New Delhi 3,Airport Retail Co,Airport,New Delhi,Delhi,North,SKU0030,Blush & Co EDT C,Blush & Co,Fragrance,EDT,Others,Active,779,11,14,,1,747,BGR North,4,4,,53
2025-08,OUT0054,Airport Retail Co - New Delhi 3,Airport Retail Co,Airport,New Delhi,Delhi,North,SKU0033,Northline Body Lotion A,Northline,Bath & Body,Body Lotion,Top 10,Active,1239,28,36,,9,13602,BGR North,19,17,,37
2025-08,OUT0054,Airport Retail Co - New Delhi 3,Airport Retail Co,Airport,New Delhi,Delhi,North,SKU0034,Northline Body Lotion B,Northline,Bath & Body,Body Lotion,Top 25,Active,989,21,24,,2,2106,BGR North,6,5,,43
2025-08,OUT0054,Airport Retail Co - New Delhi 3,Airport Retail Co,Airport,New Delhi,Delhi,North,SKU0036,Northline Body Wash B,Northline,Bath & Body,Body Wash,Others,Active,1179,10,12,,0,0,BGR North,2,2,,41
2025-08,OUT0054,Airport Retail Co - New Delhi 3,Airport Retail Co,Airport,New Delhi,Delhi,North,SKU0037,Verde Body Wash C,Verde,Bath & Body,Body Wash,Top 25,Active,2239,11,13,,1,2523,BGR North,3,3,,37
2025-08,OUT0055,Airport Retail Co - Lucknow 4,Airport Retail Co,Airport,Lucknow,UP,North,SKU0001,Blush & Co Moisturizer A,Blush & Co,Skincare,Moisturizer,Others,Active,2319,6,8,,1,2611,BGR North,4,3,,43
2025-08,OUT0055,Airport Retail Co - Lucknow 4,Airport Retail Co,Airport,Lucknow,UP,North,SKU0002,Verde Moisturizer B,Verde,Skincare,Moisturizer,Top 10,Active,1179,6,8,,8,8778,BGR North,10,10,,48
2025-08,OUT0055,Airport Retail Co - Lucknow 4,Airport Retail Co,Airport,Lucknow,UP,North,SKU0004,Northline Serum B,Northline,Skincare,Serum,Top 25,Active,2489,10,16,,2,4915,BGR North,8,8,,48
2025-08,OUT0055,Airport Retail Co - Lucknow 4,Airport Retail Co,Airport,Lucknow,UP,North,SKU0005,Northline Serum C,Northline,Skincare,Serum,Others,Inactive,1819,0,4,,0,0,BGR North,5,4,,42
2025-08,OUT0055,Airport Retail Co - Lucknow 4,Airport Retail Co,Airport,Lucknow,UP,North,SKU0006,Blush & Co Cleanser A,Blush & Co,Skincare,Cleanser,Top 10,Active,289,35,41,,9,3057,BGR North,15,15,,45
2025-08,OUT0055,Airport Retail Co - Lucknow 4,Airport Retail Co,Airport,Lucknow,UP,North,SKU0007,Northline Cleanser B,Northline,Skincare,Cleanser,Others,Active,1809,3,4,,1,1949,BGR North,3,2,,48
2025-08,OUT0055,Airport Retail Co - Lucknow 4,Airport Retail Co,Airport,Lucknow,UP,North,SKU0013,Northline Lipstick B,Northline,Makeup,Lipstick,Others,Active,2469,0,0,,0,0,BGR North,0,0,,50
2025-08,OUT0055,Airport Retail Co - Lucknow 4,Airport Retail Co,Airport,Lucknow,UP,North,SKU0014,Lumina Lipstick C,Lumina,Makeup,Lipstick,Top 25,Active,1729,8,13,,3,6173,BGR North,9,8,,47
2025-08,OUT0055,Airport Retail Co - Lucknow 4,Airport Retail Co,Airport,Lucknow,UP,North,SKU0016,Verde Mascara B,Verde,Makeup,Mascara,Top 25,Active,199,17,18,,2,415,BGR North,5,3,,53
2025-08,OUT0055,Airport Retail Co - Lucknow 4,Airport Retail Co,Airport,Lucknow,UP,North,SKU0017,Lumina Mascara C,Lumina,Makeup,Mascara,Top 10,Active,529,13,16,,11,6612,BGR North,14,14,,50
2025-08,OUT0055,Airport Retail Co - Lucknow 4,Airport Retail Co,Airport,Lucknow,UP,North,SKU0019,Northline Eyeliner B,Northline,Makeup,Eyeliner,Others,Active,1889,4,5,,1,2044,BGR North,2,2,,47
2025-08,OUT0055,Airport Retail Co - Lucknow 4,Airport Retail Co,Airport,Lucknow,UP,North,SKU0020,Lumina Shampoo A,Lumina,Haircare,Shampoo,Top 10,Active,509,21,0,,5,2719,BGR North,13,12,,38
2025-08,OUT0055,Airport Retail Co - Lucknow 4,Airport Retail Co,Airport,Lucknow,UP,North,SKU0021,Verde Shampoo B,Verde,Haircare,Shampoo,Others,Active,1319,1,1,,1,1602,BGR North,2,1,,37
2025-08,OUT0055,Airport Retail Co - Lucknow 4,Airport Retail Co,Airport,Lucknow,UP,North,SKU0022,Northline Conditioner A,Northline,Haircare,Conditioner,Others,Active,779,8,11,,1,851,BGR North,5,4,,37
2025-08,OUT0055,Airport Retail Co - Lucknow 4,Airport Retail Co,Airport,Lucknow,UP,North,SKU0027,Lumina EDP B,Lumina,Fragrance,EDP,Top 10,Active,529,12,21,,6,3586,BGR North,15,15,,53
2025-08,OUT0055,Airport Retail Co - Lucknow 4,Airport Retail Co,Airport,Lucknow,UP,North,SKU0028,Northline EDT A,Northline,Fragrance,EDT,Top 25,Active,1109,22,26,,4,4242,BGR North,8,8,,57
2025-08,OUT0055,Airport Retail Co - Lucknow 4,Airport Retail Co,Airport,Lucknow,UP,North,SKU0029,Blush & Co EDT B,Blush & Co,Fragrance,EDT,Top 25,Active,479,15,18,,2,1104,BGR North,6,5,,56
2025-08,OUT0055,Airport Retail Co - Lucknow 4,Airport Retail Co,Airport,Lucknow,UP,North,SKU0030,Blush & Co EDT C,Blush & Co,Fragrance,EDT,Others,Active,779,15,19,,2,1735,BGR North,7,6,,58
2025-08,OUT0055,Airport Retail Co - Lucknow 4,Airport Retail Co,Airport,Lucknow,UP,North,SKU0031,Lumina Body Mist A,Lumina,Fragrance,Body Mist,Top 25,Active,2119,33,34,,2,4462,BGR North,4,3,,53
2025-08,OUT0055,Airport Retail Co - Lucknow 4,Airport Retail Co,Airport,Lucknow,UP,North,SKU0033,Northline Body Lotion A,Northline,Bath & Body,Body Lotion,Top 10,Active,1239,27,0,,6,9234,BGR North,12,11,,38
2025-08,OUT0055,Airport Retail Co - Lucknow 4,Airport Retail Co,Airport,Lucknow,UP,North,SKU0034,Northline Body Lotion B,Northline,Bath & Body,Body Lotion,Top 25,Active,989,14,19,,5,6101,BGR North,10,10,,39
2025-08,OUT0055,Airport Retail Co - Lucknow 4,Airport Retail Co,Airport,Lucknow,UP,North,SKU0035,Northline Body Wash A,Northline,Bath & Body,Body Wash,Others,Active,469,7,7,,1,439,BGR North,2,1,,42
2025-08,OUT0055,Airport Retail Co - Lucknow 4,Airport Retail Co,Airport,Lucknow,UP,North,SKU0036,Northline Body Wash B,Northline,Bath & Body,Body Wash,Others,Active,1179,6,6,,0,0,BGR North,0,0,,39
2025-08,OUT0055,Airport Retail Co - Lucknow 4,Airport Retail Co,Airport,Lucknow,UP,North,SKU0037,Verde Body Wash C,Verde,Bath & Body,Body Wash,Top 25,Active,2239,22,25,,2,5121,BGR North,6,5,,41
2025-08,OUT0055,Airport Retail Co - Lucknow 4,Airport Retail Co,Airport,Lucknow,UP,North,SKU0038,Blush & Co Hand Cream A,Blush & Co,Bath & Body,Hand Cream,Others,Active,489,0,0,,1,519,BGR North,6,6,,39
2025-08,OUT0055,Airport Retail Co - Lucknow 4,Airport Retail Co,Airport,Lucknow,UP,North,SKU0039,Northline Hand Cream B,Northline,Bath & Body,Hand Cream,Others,Active,1189,3,6,,1,1096,BGR North,7,4,,39
2025-08,OUT0056,Airport Retail Co - Kolkata 5,Airport Retail Co,Airport,Kolkata,West Bengal,East,SKU0001,Blush & Co Moisturizer A,Blush & Co,Skincare,Moisturizer,Others,Active,2319,0,4,,0,0,BGR East,4,4,,46
2025-08,OUT0056,Airport Retail Co - Kolkata 5,Airport Retail Co,Airport,Kolkata,West Bengal,East,SKU0002,Verde Moisturizer B,Verde,Skincare,Moisturizer,Top 10,Active,1179,12,13,,4,5034,BGR East,6,5,,42
2025-08,OUT0056,Airport Retail Co - Kolkata 5,Airport Retail Co,Airport,Kolkata,West Bengal,East,SKU0004,Northline Serum B,Northline,Skincare,Serum,Top 25,Active,2489,9,11,,1,2461,BGR East,4,3,,44
2025-08,OUT0056,Airport Retail Co - Kolkata 5,Airport Retail Co,Airport,Kolkata,West Bengal,East,SKU0005,Northline Serum C,Northline,Skincare,Serum,Others,Inactive,1819,7,7,,0,0,BGR East,1,0,,46
2025-08,OUT0056,Airport Retail Co - Kolkata 5,Airport Retail Co,Airport,Kolkata,West Bengal,East,SKU0006,Blush & Co Cleanser A,Blush & Co,Skincare,Cleanser,Top 10,Active,289,27,34,,8,2403,BGR East,15,15,,48
2025-08,OUT0056,Airport Retail Co - Kolkata 5,Airport Retail Co,Airport,Kolkata,West Bengal,East,SKU0008,Lumina Sunscreen A,Lumina,Skincare,Sunscreen,Others,Active,1599,7,7,,0,0,BGR East,0,0,,47
2025-08,OUT0056,Airport Retail Co - Kolkata 5,Airport Retail Co,Airport,Kolkata,West Bengal,East,SKU0011,Lumina Foundation B,Lumina,Makeup,Foundation,Top 10,Inactive,1889,36,41,,5,8867,BGR East,13,10,,49
2025-08,OUT0056,Airport Retail Co - Kolkata 5,Airport Retail Co,Airport,Kolkata,West Bengal,East,SKU0015,Blush & Co Mascara A,Blush & Co,Makeup,Mascara,Top 25,Active,1219,13,14,,4,5613,BGR East,8,5,,51
2025-08,OUT0056,Airport Retail Co - Kolkata 5,Airport Retail Co,Airport,Kolkata,West Bengal,East,SKU0017,Lumina Mascara C,Lumina,Makeup,Mascara,Top 10,Active,529,19,20,,6,3930,BGR East,8,7,,53
2025-08,OUT0056,Airport Retail Co - Kolkata 5,Airport Retail Co,Airport,Kolkata,West Bengal,East,SKU0018,Northline Eyeliner A,Northline,Makeup,Eyeliner,Others,Active,1959,3,3,,0,0,BGR East,0,0,,51
2025-08,OUT0056,Airport Retail Co - Kolkata 5,Airport Retail Co,Airport,Kolkata,West Bengal,East,SKU0019,Northline Eyeliner B,Northline,Makeup,Eyeliner,Others,Active,1889,7,9,,0,0,BGR East,3,2,,47
2025-08,OUT0056,Airport Retail Co - Kolkata 5,Airport Retail Co,Airport,Kolkata,West Bengal,East,SKU0020,Lumina Shampoo A,Lumina,Haircare,Shampoo,Top 10,Active,509,10,14,,5,2616,BGR East,13,9,,36
2025-08,OUT0056,Airport Retail Co - Kolkata 5,Airport Retail Co,Airport,Kolkata,West Bengal,East,SKU0021,Verde Shampoo B,Verde,Haircare,Shampoo,Others,Active,1319,10,14,,0,0,BGR East,5,4,,38
2025-08,OUT0056,Airport Retail Co - Kolkata 5,Airport Retail Co,Airport,Kolkata,West Bengal,East,SKU0022,Northline Conditioner A,Northline,Haircare,Conditioner,Others,Active,779,7,6,,1,825,BGR East,1,0,,32
2025-08,OUT0056,Airport Retail Co - Kolkata 5,Airport Retail Co,Airport,Kolkata,West Bengal,East,SKU0027,Lumina EDP B,Lumina,Fragrance,EDP,Top 10,Active,529,27,34,,5,3106,BGR East,13,12,,52
2025-08,OUT0056,Airport Retail Co - Kolkata 5,Airport Retail Co,Airport,Kolkata,West Bengal,East,SKU0028,Northline EDT A,Northline,Fragrance,EDT,Top 25,Active,1109,11,12,,3,3935,BGR East,6,4,,56
2025-08,OUT0056,Airport Retail Co - Kolkata 5,Airport Retail Co,Airport,Kolkata,West Bengal,East,SKU0030,Blush & Co EDT C,Blush & Co,Fragrance,EDT,Others,Active,779,7,8,,1,854,BGR East,4,2,,56
2025-08,OUT0056,Airport Retail Co - Kolkata 5,Airport Retail Co,Airport,Kolkata,West Bengal,East,SKU0031,Lumina Body Mist A,Lumina,Fragrance,Body Mist,Top 25,Active,2119,8,0,,3,7872,BGR East,4,3,,52
2025-08,OUT0056,Airport Retail Co - Kolkata 5,Airport Retail Co,Airport,Kolkata,West Bengal,East,SKU0032,Northline Body Mist B,Northline,Fragrance,Body Mist,Others,Inactive,2229,12,14,,1,2031,BGR East,4,3,,56
2025-08,OUT0056,Airport Retail Co - Kolkata 5,Airport Retail Co,Airport,Kolkata,West Bengal,East,SKU0033,Northline Body Lotion A,Northline,Bath & Body,Body Lotion,Top 10,Active,1239,0,57,,9,13252,BGR East,16,14,,41
2025-08,OUT0056,Airport Retail Co - Kolkata 5,Airport Retail Co,Airport,Kolkata,West Bengal,East,SKU0035,Northline Body Wash A,Northline,Bath & Body,Body Wash,Others,Active,469,8,8,,0,0,BGR East,0,0,,40
2025-08,OUT0056,Airport Retail Co - Kolkata 5,Airport Retail Co,Airport,Kolkata,West Bengal,East,SKU0037,Verde Body Wash C,Verde,Bath & Body,Body Wash,Top 25,Active,2239,14,14,,1,2016,BGR East,2,1,,39
2025-08,OUT0056,Airport Retail Co - Kolkata 5,Airport Retail Co,Airport,Kolkata,West Bengal,East,SKU0038,Blush & Co Hand Cream A,Blush & Co,Bath & Body,Hand Cream,Others,Active,489,10,11,,0,0,BGR East,2,1,,42
2025-08,OUT0057,Airport Retail Co - Noida 6,Airport Retail Co,Airport,Noida,UP,North,SKU0002,Verde Moisturizer B,Verde,Skincare,Moisturizer,Top 10,Active,1179,2,4,,6,8041,BGR North,10,8,,46
2025-08,OUT0057,Airport Retail Co - Noida 6,Airport Retail Co,Airport,Noida,UP,North,SKU0003,Verde Serum A,Verde,Skincare,Serum,Top 25,Active,2419,1,0,,8,23006,BGR North,11,10,,44
2025-08,OUT0057,Airport Retail Co - Noida 6,Airport Retail Co,Airport,Noida,UP,North,SKU0004,Northline Serum B,Northline,Skincare,Serum,Top 25,Active,2489,15,14,,5,11982,BGR North,6,4,,43
2025-08,OUT0057,Airport Retail Co - Noida 6,Airport Retail Co,Airport,Noida,UP,North,SKU0006,Blush & Co Cleanser A,Blush & Co,Skincare,Cleanser,Top 10,Active,289,32,0,,11,3842,BGR North,20,19,,46
2025-08,OUT0057,Airport Retail Co - Noida 6,Airport Retail Co,Airport,Noida,UP,North,SKU0009,Blush & Co Sunscreen B,Blush & Co,Skincare,Sunscreen,Others,Inactive,1629,11,16,,2,2939,BGR North,7,7,,45
2025-08,OUT0057,Airport Retail Co - Noida 6,Airport Retail Co,Airport,Noida,UP,North,SKU0011,Lumina Foundation B,Lumina,Makeup,Foundation,Top 10,Inactive,1889,30,42,,12,27153,BGR North,24,24,,49
2025-08,OUT0057,Airport Retail Co - Noida 6,Airport Retail Co,Airport,Noida,UP,North,SKU0012,Northline Lipstick A,Northline,Makeup,Lipstick,Others,Active,2429,7,0,,0,0,BGR North,0,0,,49
2025-08,OUT0057,Airport Retail Co - Noida 6,Airport Retail Co,Airport,Noida,UP,North,SKU0014,Lumina Lipstick C,Lumina,Makeup,Lipstick,Top 25,Active,1729,18,21,,3,6279,BGR North,6,6,,50
2025-08,OUT0057,Airport Retail Co - Noida 6,Airport Retail Co,Airport,Noida,UP,North,SKU0017,Lumina Mascara C,Lumina,Makeup,Mascara,Top 10,Active,529,27,36,,12,6567,BGR North,21,21,,52
2025-08,OUT0057,Airport Retail Co - Noida 6,Airport Retail Co,Airport,Noida,UP,North,SKU0019,Northline Eyeliner B,Northline,Makeup,Eyeliner,Others,Active,1889,8,12,,1,1993,BGR North,6,5,,48
2025-08,OUT0057,Airport Retail Co - Noida 6,Airport Retail Co,Airport,Noida,UP,North,SKU0023,Northline Conditioner B,Northline,Haircare,Conditioner,Others,Active,379,9,13,,0,0,BGR North,5,4,,38
2025-08,OUT0057,Airport Retail Co - Noida 6,Airport Retail Co,Airport,Noida,UP,North,SKU0027,Lumina EDP B,Lumina,Fragrance,EDP,Top 10,Active,529,19,24,,9,5053,BGR North,16,14,,55
2025-08,OUT0057,Airport Retail Co - Noida 6,Airport Retail Co,Airport,Noida,UP,North,SKU0028,Northline EDT A,Northline,Fragrance,EDT,Top 25,Active,1109,27,0,,6,8090,BGR North,9,6,,58
2025-08,OUT0057,Airport Retail Co - Noida 6,Airport Retail Co,Airport,Noida,UP,North,SKU0029,Blush & Co EDT B,Blush & Co,Fragrance,EDT,Top 25,Active,479,27,29,,5,2599,BGR North,11,7,,56
2025-08,OUT0057,Airport Retail Co - Noida 6,Airport Retail Co,Airport,Noida,UP,North,SKU0033,Northline Body Lotion A,Northline,Bath & Body,Body Lotion,Top 10,Active,1239,79,77,,13,15325,BGR North,13,11,,41
2025-08,OUT0057,Airport Retail Co - Noida 6,Airport Retail Co,Airport,Noida,UP,North,SKU0034,Northline Body Lotion B,Northline,Bath & Body,Body Lotion,Top 25,Active,989,16,20,,5,5147,BGR North,10,9,,39
2025-08,OUT0057,Airport Retail Co - Noida 6,Airport Retail Co,Airport,Noida,UP,North,SKU0035,Northline Body Wash A,Northline,Bath & Body,Body Wash,Others,Active,469,2,3,,0,0,BGR North,2,1,,39
2025-08,OUT0057,Airport Retail Co - Noida 6,Airport Retail Co,Airport,Noida,UP,North,SKU0037,Verde Body Wash C,Verde,Bath & Body,Body Wash,Top 25,Active,2239,0,1,,3,6495,BGR North,4,4,,42
2025-08,OUT0057,Airport Retail Co - Noida 6,Airport Retail Co,Airport,Noida,UP,North,SKU0039,Northline Hand Cream B,Northline,Bath & Body,Hand Cream,Others,Active,1189,0,1,,2,2689,BGR North,4,3,,37
2025-08,OUT0058,Airport Retail Co - Ludhiana 7,Airport Retail Co,Airport,Ludhiana,Punjab,North,SKU0002,Verde Moisturizer B,Verde,Skincare,Moisturizer,Top 10,Active,1179,41,47,,5,6463,BGR North,11,11,,45
2025-08,OUT0058,Airport Retail Co - Ludhiana 7,Airport Retail Co,Airport,Ludhiana,Punjab,North,SKU0003,Verde Serum A,Verde,Skincare,Serum,Top 25,Active,2419,0,0,,5,12335,BGR North,13,13,,47
2025-08,OUT0058,Airport Retail Co - Ludhiana 7,Airport Retail Co,Airport,Ludhiana,Punjab,North,SKU0004,Northline Serum B,Northline,Skincare,Serum,Top 25,Active,2489,17,19,,4,11528,BGR North,7,6,,44
2025-08,OUT0058,Airport Retail Co - Ludhiana 7,Airport Retail Co,Airport,Ludhiana,Punjab,North,SKU0006,Blush & Co Cleanser A,Blush & Co,Skincare,Cleanser,Top 10,Active,289,7,5,,13,4561,BGR North,14,11,,42
2025-08,OUT0058,Airport Retail Co - Ludhiana 7,Airport Retail Co,Airport,Ludhiana,Punjab,North,SKU0008,Lumina Sunscreen A,Lumina,Skincare,Sunscreen,Others,Active,1599,11,14,,0,0,BGR North,4,3,,43
2025-08,OUT0058,Airport Retail Co - Ludhiana 7,Airport Retail Co,Airport,Ludhiana,Punjab,North,SKU0011,Lumina Foundation B,Lumina,Makeup,Foundation,Top 10,Inactive,1889,13,14,,9,21139,BGR North,15,10,,49
2025-08,OUT0058,Airport Retail Co - Ludhiana 7,Airport Retail Co,Airport,Ludhiana,Punjab,North,SKU0012,Northline Lipstick A,Northline,Makeup,Lipstick,Others,Active,2429,0,1,,0,0,BGR North,1,1,,52
2025-08,OUT0058,Airport Retail Co - Ludhiana 7,Airport Retail Co,Airport,Ludhiana,Punjab,North,SKU0013,Northline Lipstick B,Northline,Makeup,Lipstick,Others,Active,2469,5,7,,0,0,BGR North,3,2,,49
2025-08,OUT0058,Airport Retail Co - Ludhiana 7,Airport Retail Co,Airport,Ludhiana,Punjab,North,SKU0014,Lumina Lipstick C,Lumina,Makeup,Lipstick,Top 25,Active,1729,15,23,,4,8089,BGR North,12,12,,52
2025-08,OUT0058,Airport Retail Co - Ludhiana 7,Airport Retail Co,Airport,Ludhiana,Punjab,North,SKU0016,Verde Mascara B,Verde,Makeup,Mascara,Top 25,Active,199,0,1,,4,910,BGR North,8,5,,53
2025-08,OUT0058,Airport Retail Co - Ludhiana 7,Airport Retail Co,Airport,Ludhiana,Punjab,North,SKU0017,Lumina Mascara C,Lumina,Makeup,Mascara,Top 10,Active,529,32,33,,0,0,BGR North,2,1,,50
2025-08,OUT0058,Airport Retail Co - Ludhiana 7,Airport Retail Co,Airport,Ludhiana,Punjab,North,SKU0019,Northline Eyeliner B,Northline,Makeup,Eyeliner,Others,Active,1889,4,6,,1,2305,BGR North,4,3,,48
2025-08,OUT0058,Airport Retail Co - Ludhiana 7,Airport Retail Co,Airport,Ludhiana,Punjab,North,SKU0020,Lumina Shampoo A,Lumina,Haircare,Shampoo,Top 10,Active,509,42,0,,11,5969,BGR North,22,22,,33
2025-08,OUT0058,Airport Retail Co - Ludhiana 7,Airport Retail Co,Airport,Ludhiana,Punjab,North,SKU0022,Northline Conditioner A,Northline,Haircare,Conditioner,Others,Active,779,6,11,,2,1479,BGR North,8,7,,32
2025-08,OUT0058,Airport Retail Co - Ludhiana 7,Airport Retail Co,Airport,Ludhiana,Punjab,North,SKU0023,Northline Conditioner B,Northline,Haircare,Conditioner,Others,Active,379,4,5,,0,0,BGR North,2,1,,38
2025-08,OUT0058,Airport Retail Co - Ludhiana 7,Airport Retail Co,Airport,Ludhiana,Punjab,North,SKU0027,Lumina EDP B,Lumina,Fragrance,EDP,Top 10,Active,529,8,20,,9,4295,BGR North,21,21,,55
2025-08,OUT0058,Airport Retail Co - Ludhiana 7,Airport Retail Co,Airport,Ludhiana,Punjab,North,SKU0028,Northline EDT A,Northline,Fragrance,EDT,Top 25,Active,1109,2,3,,8,9672,BGR North,9,9,,53
2025-08,OUT0058,Airport Retail Co - Ludhiana 7,Airport Retail Co,Airport,Ludhiana,Punjab,North,SKU0031,Lumina Body Mist A,Lumina,Fragrance,Body Mist,Top 25,Active,2119,23,25,,6,11445,BGR North,11,8,,56
2025-08,OUT0058,Airport Retail Co - Ludhiana 7,Airport Retail Co,Airport,Ludhiana,Punjab,North,SKU0033,Northline Body Lotion A,Northline,Bath & Body,Body Lotion,Top 10,Active,1239,5,8,,11,13075,BGR North,21,14,,42
2025-08,OUT0058,Airport Retail Co - Ludhiana 7,Airport Retail Co,Airport,Ludhiana,Punjab,North,SKU0035,Northline Body Wash A,Northline,Bath & Body,Body Wash,Others,Active,469,6,8,,1,567,BGR North,4,3,,43
2025-08,OUT0058,Airport Retail Co - Ludhiana 7,Airport Retail Co,Airport,Ludhiana,Punjab,North,SKU0036,Northline Body Wash B,Northline,Bath & Body,Body Wash,Others,Active,1179,0,2,,0,0,BGR North,2,2,,43
2025-08,OUT0058,Airport Retail Co - Ludhiana 7,Airport Retail Co,Airport,Ludhiana,Punjab,North,SKU0037,Verde Body Wash C,Verde,Bath & Body,Body Wash,Top 25,Active,2239,16,22,,3,7848,BGR North,9,9,,37
2025-08,OUT0058,Airport Retail Co - Ludhiana 7,Airport Retail Co,Airport,Ludhiana,Punjab,North,SKU0038,Blush & Co Hand Cream A,Blush & Co,Bath & Body,Hand Cream,Others,Active,489,14,15,,2,876,BGR North,3,3,,39
2025-08,OUT0059,Airport Retail Co - Surat 8,Airport Retail Co,Airport,Surat,Gujarat,West,SKU0001,Blush & Co Moisturizer A,Blush & Co,Skincare,Moisturizer,Others,Active,2319,7,7,,1,2412,BGR West,2,1,,43
2025-08,OUT0059,Airport Retail Co - Surat 8,Airport Retail Co,Airport,Surat,Gujarat,West,SKU0002,Verde Moisturizer B,Verde,Skincare,Moisturizer,Top 10,Active,1179,43,48,,9,12202,BGR West,14,14,,47
2025-08,OUT0059,Airport Retail Co - Surat 8,Airport Retail Co,Airport,Surat,Gujarat,West,SKU0003,Verde Serum A,Verde,Skincare,Serum,Top 25,Active,2419,26,0,,10,22716,BGR West,18,14,,47
2025-08,OUT0059,Airport Retail Co - Surat 8,Airport Retail Co,Airport,Surat,Gujarat,West,SKU0005,Northline Serum C,Northline,Skincare,Serum,Others,Inactive,1819,9,10,,0,0,BGR West,2,1,,47
2025-08,OUT0059,Airport Retail Co - Surat 8,Airport Retail Co,Airport,Surat,Gujarat,West,SKU0006,Blush & Co Cleanser A,Blush & Co,Skincare,Cleanser,Top 10,Active,289,14,0,,18,5123,BGR West,21,14,,45
2025-08,OUT0059,Airport Retail Co - Surat 8,Airport Retail Co,Airport,Surat,Gujarat,West,SKU0010,Blush & Co Foundation A,Blush & Co,Makeup,Foundation,Others,Active,1419,0,0,,1,1416,BGR West,2,1,,48
2025-08,OUT0059,Airport Retail Co - Surat 8,Airport Retail Co,Airport,Surat,Gujarat,West,SKU0011,Lumina Foundation B,Lumina,Makeup,Foundation,Top 10,Inactive,1889,47,51,,9,15974,BGR West,15,13,,50
2025-08,OUT0059,Airport Retail Co - Surat 8,Airport Retail Co,Airport,Surat,Gujarat,West,SKU0012,Northline Lipstick A,Northline,Makeup,Lipstick,Others,Active,2429,5,5,,0,0,BGR West,0,0,,52
2025-08,OUT0059,Airport Retail Co - Surat 8,Airport Retail Co,Airport,Surat,Gujarat,West,SKU0013,Northline Lipstick B,Northline,Makeup,Lipstick,Others,Active,2469,5,8,,0,0,BGR West,4,3,,48
2025-08,OUT0059,Airport Retail Co - Surat 8,Airport Retail Co,Airport,Surat,Gujarat,West,SKU0014,Lumina Lipstick C,Lumina,Makeup,Lipstick,Top 25,Active,1729,3,11,,4,6345,BGR West,12,12,,49
2025-08,OUT0059,Airport Retail Co - Surat 8,Airport Retail Co,Airport,Surat,Gujarat,West,SKU0016,Verde Mascara B,Verde,Makeup,Mascara,Top 25,Active,199,18,21,,3,642,BGR West,7,6,,53
2025-08,OUT0059,Airport Retail Co - Surat 8,Airport Retail Co,Airport,Surat,Gujarat,West,SKU0017,Lumina Mascara C,Lumina,Makeup,Mascara,Top 10,Active,529,55,58,,11,5900,BGR West,18,14,,53
2025-08,OUT0059,Airport Retail Co - Surat 8,Airport Retail Co,Airport,Surat,Gujarat,West,SKU0018,Northline Eyeliner A,Northline,Makeup,Eyeliner,Others,Active,1959,11,0,,0,0,BGR West,1,0,,51
2025-08,OUT0059,Airport Retail Co - Surat 8,Airport Retail Co,Airport,Surat,Gujarat,West,SKU0020,Lumina Shampoo A,Lumina,Haircare,Shampoo,Top 10,Active,509,62,64,,9,4981,BGR West,11,11,,37
2025-08,OUT0059,Airport Retail Co - Surat 8,Airport Retail Co,Airport,Surat,Gujarat,West,SKU0021,Verde Shampoo B,Verde,Haircare,Shampoo,Others,Active,1319,5,9,,1,1236,BGR West,5,5,,37
2025-08,OUT0059,Airport Retail Co - Surat 8,Airport Retail Co,Airport,Surat,Gujarat,West,SKU0023,Northline Conditioner B,Northline,Haircare,Conditioner,Others,Active,379,9,9,,0,0,BGR West,1,0,,35
2025-08,OUT0059,Airport Retail Co - Surat 8,Airport Retail Co,Airport,Surat,Gujarat,West,SKU0027,Lumina EDP B,Lumina,Fragrance,EDP,Top 10,Active,529,4,15,,12,5942,BGR West,23,23,,57
2025-08,OUT0059,Airport Retail Co - Surat 8,Airport Retail Co,Airport,Surat,Gujarat,West,SKU0028,Northline EDT A,Northline,Fragrance,EDT,Top 25,Active,1109,1,3,,9,9760,BGR West,13,11,,57
2025-08,OUT0059,Airport Retail Co - Surat 8,Airport Retail Co,Airport,Surat,Gujarat,West,SKU0029,Blush & Co EDT B,Blush & Co,Fragrance,EDT,Top 25,Active,479,0,5,,7,3846,BGR West,13,12,,58
2025-08,OUT0059,Airport Retail Co - Surat 8,Airport Retail Co,Airport,Surat,Gujarat,West,SKU0030,Blush & Co EDT C,Blush & Co,Fragrance,EDT,Others,Active,779,5,8,,1,897,BGR West,6,4,,54
2025-08,OUT0059,Airport Retail Co - Surat 8,Airport Retail Co,Airport,Surat,Gujarat,West,SKU0031,Lumina Body Mist A,Lumina,Fragrance,Body Mist,Top 25,Active,2119,24,24,,7,13266,BGR West,10,7,,58
2025-08,OUT0059,Airport Retail Co - Surat 8,Airport Retail Co,Airport,Surat,Gujarat,West,SKU0033,Northline Body Lotion A,Northline,Bath & Body,Body Lotion,Top 10,Active,1239,4,11,,12,16979,BGR West,24,19,,37
2025-08,OUT0059,Airport Retail Co - Surat 8,Airport Retail Co,Airport,Surat,Gujarat,West,SKU0034,Northline Body Lotion B,Northline,Bath & Body,Body Lotion,Top 25,Active,989,12,11,,5,4789,BGR West,7,4,,38
2025-08,OUT0059,Airport Retail Co - Surat 8,Airport Retail Co,Airport,Surat,Gujarat,West,SKU0036,Northline Body Wash B,Northline,Bath & Body,Body Wash,Others,Active,1179,0,3,,1,1245,BGR West,5,4,,38
2025-08,OUT0059,Airport Retail Co - Surat 8,Airport Retail Co,Airport,Surat,Gujarat,West,SKU0037,Verde Body Wash C,Verde,Bath & Body,Body Wash,Top 25,Active,2239,20,0,,3,7270,BGR West,6,6,,40
