Month,Outlet Code,Outlet Name,Chain Name,Chain Type,City,State,Region,SKU Code,SKU,Brand,Category,Sub Category,Pareto,Status,MRP,OP Stock,CL Stock,Stock Qty,Tertiary Qty,Target Value,BGR,Order Qty,Filled Qty,Fill Rate %,Margin %,Manpower,Visibility %,Launch Date,Promo %
2026-07,OL1001,HG-NEXUS PUNE 1,Health & Glow,MBO,Pune,Maharashtra,West,SKU40078,Matte Lip Color Rose 4.2Ml,Renee,Makeup,Lipstick,Top 25,Active,650,0,1,,4,3058,BGR West,7,5,,50,1,59,,
2026-07,OL1001,HG-NEXUS PUNE 1,Health & Glow,MBO,Pune,Maharashtra,West,SKU40127,Matte Lip Color Coral 4.2Ml,Renee,Makeup,Lipstick,Top 25,Active,499,8,11,,7,4109,BGR West,15,10,,50,1,59,,
2026-07,OL1001,HG-NEXUS PUNE 1,Health & Glow,MBO,Pune,Maharashtra,West,SKU40202,Liquid Lipstick Mocha 5Ml,Renee,Makeup,Lipstick,Top 25,Active,799,5,0,,0,0,BGR West,3,2,,50,1,59,2025-11,
2026-07,OL1001,HG-NEXUS PUNE 1,Health & Glow,MBO,Pune,Maharashtra,West,SKU40266,Liquid Lipstick Nude 5Ml,Renee,Makeup,Lipstick,Top 10,Active,799,0,0,,8,7518,BGR West,7,5,,50,1,59,,
2026-07,OL1001,HG-NEXUS PUNE 1,Health & Glow,MBO,Pune,Maharashtra,West,SKU40318,Midnight Eyeliner Hazelnut 2.5Ml,Renee,Makeup,Eyeliner,Others,Active,650,9,9,,4,3058,BGR West,5,4,,50,1,59,,
2026-07,OL1001,HG-NEXUS PUNE 1,Health & Glow,MBO,Pune,Maharashtra,West,SKU40425,Kajal Vanilla 0.35Gm,Renee,Makeup,Eyeliner,Top 25,Active,299,30,31,,9,3165,BGR West,10,10,,50,1,59,,
2026-07,OL1001,HG-NEXUS PUNE 1,Health & Glow,MBO,Pune,Maharashtra,West,SKU40529,Kajal Rose 0.35Gm,Renee,Makeup,Eyeliner,Others,Active,449,4,7,,2,1056,BGR West,6,5,,50,1,59,2026-03,
2026-07,OL1001,HG-NEXUS PUNE 1,Health & Glow,MBO,Pune,Maharashtra,West,SKU40544,Bb Cream Peach 30Ml,Renee,Makeup,Foundation,Top 10,Active,599,32,53,,6,4227,BGR West,10,7,,50,1,59,,
2026-07,OL1001,HG-NEXUS PUNE 1,Health & Glow,MBO,Pune,Maharashtra,West,SKU40588,Bb Cream Coral 30Ml,Renee,Makeup,Foundation,Top 10,Active,349,29,28,,6,2463,BGR West,8,5,,50,1,59,,
2026-07,OL1001,HG-NEXUS PUNE 1,Health & Glow,MBO,Pune,Maharashtra,West,SKU40595,Compact Powder Mocha 9Gm,Renee,Makeup,Foundation,Top 10,Active,449,31,38,,8,4225,BGR West,16,15,,50,1,59,,
2026-07,OL1001,HG-NEXUS PUNE 1,Health & Glow,MBO,Pune,Maharashtra,West,SKU40662,Compact Powder Nude 9Gm,Renee,Makeup,Foundation,Top 25,Active,1199,3,3,,1,1410,BGR West,3,2,,50,1,59,,
2026-07,OL1001,HG-NEXUS PUNE 1,Health & Glow,MBO,Pune,Maharashtra,West,SKU40722,Compact Powder Berry 9Gm,Renee,Makeup,Foundation,Top 10,Active,799,20,19,,4,3759,BGR West,4,3,,50,1,59,,
2026-07,OL1001,HG-NEXUS PUNE 1,Health & Glow,MBO,Pune,Maharashtra,West,SKU40979,Sunscreen Gel Spf 50 50Ml,Renee,Skincare,Sunscreen,Top 25,Active,799,42,42,,3,2819,BGR West,5,3,,45,1,59,,
2026-07,OL1001,HG-NEXUS PUNE 1,Health & Glow,MBO,Pune,Maharashtra,West,SKU41024,Vitamin C Serum 30Ml,Renee,Skincare,Serum,Others,Active,449,8,8,,4,2112,BGR West,6,4,,45,1,59,,
2026-07,OL1001,HG-NEXUS PUNE 1,Health & Glow,MBO,Pune,Maharashtra,West,SKU41032,Face Wash Hazelnut 60Ml,Renee,Skincare,Cleanser,Others,Active,499,7,10,,2,1174,BGR West,5,5,,45,1,59,,
2026-07,OL1001,HG-NEXUS PUNE 1,Health & Glow,MBO,Pune,Maharashtra,West,SKU41129,Face Wash Vanilla 40Ml,Renee,Skincare,Cleanser,Others,Active,299,0,0,,3,1055,BGR West,5,3,,45,1,59,,
2026-07,OL1001,HG-NEXUS PUNE 1,Health & Glow,MBO,Pune,Maharashtra,West,SKU41215,Perfume Midnight 50Ml,Renee,Fragrance,EDP,Others,Active,399,15,17,,2,939,BGR West,4,4,,55,1,59,,
2026-07,OL1001,HG-NEXUS PUNE 1,Health & Glow,MBO,Pune,Maharashtra,West,SKU41382,Perfume Peach 50Ml,Renee,Fragrance,EDP,Top 25,Active,499,14,18,,5,2935,BGR West,9,9,,55,1,59,2025-08,
2026-07,OL1001,HG-NEXUS PUNE 1,Health & Glow,MBO,Pune,Maharashtra,West,SKU41420,Body Mist Coral 100Ml,Renee,Fragrance,Body Mist,Top 25,Active,399,6,10,,4,1877,BGR West,9,8,,55,1,59,,
2026-07,OL1001,HG-NEXUS PUNE 1,Health & Glow,MBO,Pune,Maharashtra,West,SKU41647,Hair Oil Hazelnut 100Ml,Renee,Haircare,Hair Oil,Others,Active,799,2,2,,3,2819,BGR West,4,3,,35,1,59,,
2026-07,OL1002,HG-PHOENIX SURAT 2,Health & Glow,MBO,Surat,Gujarat,West,SKU40108,Matte Lip Color Peach 4.2Ml,Renee,Makeup,Lipstick,Top 10,Active,650,3,4,,1,788,BGR West,3,2,,50,2,48,,
2026-07,OL1002,HG-PHOENIX SURAT 2,Health & Glow,MBO,Surat,Gujarat,West,SKU40127,Matte Lip Color Coral 4.2Ml,Renee,Makeup,Lipstick,Top 25,Active,499,8,10,,2,1210,BGR West,7,6,,50,2,48,,
2026-07,OL1002,HG-PHOENIX SURAT 2,Health & Glow,MBO,Surat,Gujarat,West,SKU40202,Liquid Lipstick Mocha 5Ml,Renee,Makeup,Lipstick,Top 25,Active,799,6,9,,3,2907,BGR West,8,6,,50,2,48,2025-11,
2026-07,OL1002,HG-PHOENIX SURAT 2,Health & Glow,MBO,Surat,Gujarat,West,SKU40266,Liquid Lipstick Nude 5Ml,Renee,Makeup,Lipstick,Top 10,Active,799,0,0,,2,1938,BGR West,1,1,,50,2,48,,
2026-07,OL1002,HG-PHOENIX SURAT 2,Health & Glow,MBO,Surat,Gujarat,West,SKU40281,Midnight Eyeliner Berry 2.5Ml,Renee,Makeup,Eyeliner,Others,Active,299,8,7,,1,363,BGR West,1,1,,50,2,48,,
2026-07,OL1002,HG-PHOENIX SURAT 2,Health & Glow,MBO,Surat,Gujarat,West,SKU40425,Kajal Vanilla 0.35Gm,Renee,Makeup,Eyeliner,Top 25,Active,299,19,23,,2,725,BGR West,6,6,,50,2,48,,
2026-07,OL1002,HG-PHOENIX SURAT 2,Health & Glow,MBO,Surat,Gujarat,West,SKU40490,Kajal Midnight 0.35Gm,Renee,Makeup,Eyeliner,Top 10,Active,599,5,9,,2,1453,BGR West,6,6,,50,2,48,,
2026-07,OL1002,HG-PHOENIX SURAT 2,Health & Glow,MBO,Surat,Gujarat,West,SKU40529,Kajal Rose 0.35Gm,Renee,Makeup,Eyeliner,Others,Active,449,28,30,,1,545,BGR West,5,4,,50,2,48,2026-03,
2026-07,OL1002,HG-PHOENIX SURAT 2,Health & Glow,MBO,Surat,Gujarat,West,SKU40588,Bb Cream Coral 30Ml,Renee,Makeup,Foundation,Top 10,Active,349,0,1,,2,847,BGR West,6,4,,50,2,48,,
2026-07,OL1002,HG-PHOENIX SURAT 2,Health & Glow,MBO,Surat,Gujarat,West,SKU40595,Compact Powder Mocha 9Gm,Renee,Makeup,Foundation,Top 10,Active,449,7,11,,4,2178,BGR West,8,8,,50,2,48,,
2026-07,OL1002,HG-PHOENIX SURAT 2,Health & Glow,MBO,Surat,Gujarat,West,SKU40812,Blending Brush R1,Renee,Makeup,Brushes,Top 10,Active,599,0,0,,8,5812,BGR West,7,6,,50,2,48,2025-09,
2026-07,OL1002,HG-PHOENIX SURAT 2,Health & Glow,MBO,Surat,Gujarat,West,SKU40836,Blending Brush R4,Renee,Makeup,Brushes,Top 10,Active,1199,4,7,,2,2908,BGR West,5,5,,50,2,48,,
2026-07,OL1002,HG-PHOENIX SURAT 2,Health & Glow,MBO,Surat,Gujarat,West,SKU40850,Powder Brush R8,Renee,Makeup,Brushes,Top 25,Active,650,11,13,,2,1577,BGR West,5,4,,50,2,48,,
2026-07,OL1002,HG-PHOENIX SURAT 2,Health & Glow,MBO,Surat,Gujarat,West,SKU40928,Powder Brush R4,Renee,Makeup,Brushes,Top 25,Active,650,11,11,,4,3153,BGR West,6,4,,50,2,48,,
2026-07,OL1002,HG-PHOENIX SURAT 2,Health & Glow,MBO,Surat,Gujarat,West,SKU40972,Sunscreen Gel Spf 50 70Ml,Renee,Skincare,Sunscreen,Top 25,Active,599,13,15,,3,2179,BGR West,6,5,,45,2,48,,
2026-07,OL1002,HG-PHOENIX SURAT 2,Health & Glow,MBO,Surat,Gujarat,West,SKU40979,Sunscreen Gel Spf 50 50Ml,Renee,Skincare,Sunscreen,Top 25,Active,799,18,25,,4,3876,BGR West,8,7,,45,2,48,,
2026-07,OL1002,HG-PHOENIX SURAT 2,Health & Glow,MBO,Surat,Gujarat,West,SKU41012,Vitamin C Serum 30Ml,Renee,Skincare,Serum,Others,Active,599,8,10,,4,2906,BGR West,6,6,,45,2,48,2026-06,
2026-07,OL1002,HG-PHOENIX SURAT 2,Health & Glow,MBO,Surat,Gujarat,West,SKU41032,Face Wash Hazelnut 60Ml,Renee,Skincare,Cleanser,Others,Active,499,12,14,,1,605,BGR West,3,3,,45,2,48,,
2026-07,OL1002,HG-PHOENIX SURAT 2,Health & Glow,MBO,Surat,Gujarat,West,SKU41048,Face Wash Ocean 20Ml,Renee,Skincare,Cleanser,Others,Active,349,7,0,,1,423,BGR West,3,2,,45,2,48,,
2026-07,OL1002,HG-PHOENIX SURAT 2,Health & Glow,MBO,Surat,Gujarat,West,SKU41129,Face Wash Vanilla 40Ml,Renee,Skincare,Cleanser,Others,Active,299,9,9,,2,725,BGR West,3,2,,45,2,48,,
2026-07,OL1002,HG-PHOENIX SURAT 2,Health & Glow,MBO,Surat,Gujarat,West,SKU41215,Perfume Midnight 50Ml,Renee,Fragrance,EDP,Others,Active,399,12,14,,3,1452,BGR West,9,6,,55,2,48,,
2026-07,OL1002,HG-PHOENIX SURAT 2,Health & Glow,MBO,Surat,Gujarat,West,SKU41382,Perfume Peach 50Ml,Renee,Fragrance,EDP,Top 25,Active,499,9,10,,3,1816,BGR West,5,4,,55,2,48,2025-08,
2026-07,OL1003,HG-FORUM JAIPUR 3,Health & Glow,MBO,Jaipur,Rajasthan,North,SKU40108,Matte Lip Color Peach 4.2Ml,Renee,Makeup,Lipstick,Top 10,Active,650,16,14,,3,2419,BGR North,3,2,,50,4,94,,
2026-07,OL1003,HG-FORUM JAIPUR 3,Health & Glow,MBO,Jaipur,Rajasthan,North,SKU40127,Matte Lip Color Coral 4.2Ml,Renee,Makeup,Lipstick,Top 25,Active,499,10,11,,3,1857,BGR North,5,4,,50,4,94,,
2026-07,OL1003,HG-FORUM JAIPUR 3,Health & Glow,MBO,Jaipur,Rajasthan,North,SKU40266,Liquid Lipstick Nude 5Ml,Renee,Makeup,Lipstick,Top 10,Active,799,5,5,,3,2974,BGR North,5,4,,50,4,94,,
2026-07,OL1003,HG-FORUM JAIPUR 3,Health & Glow,MBO,Jaipur,Rajasthan,North,SKU40381,Midnight Eyeliner Ocean 2.5Ml,Renee,Makeup,Eyeliner,Top 25,Active,699,1,4,,1,867,BGR North,4,4,,50,4,94,,
2026-07,OL1003,HG-FORUM JAIPUR 3,Health & Glow,MBO,Jaipur,Rajasthan,North,SKU40425,Kajal Vanilla 0.35Gm,Renee,Makeup,Eyeliner,Top 25,Active,299,14,15,,2,742,BGR North,4,3,,50,4,94,,
2026-07,OL1003,HG-FORUM JAIPUR 3,Health & Glow,MBO,Jaipur,Rajasthan,North,SKU40529,Kajal Rose 0.35Gm,Renee,Makeup,Eyeliner,Others,Active,449,10,9,,2,1114,BGR North,2,1,,50,4,94,2026-03,
2026-07,OL1003,HG-FORUM JAIPUR 3,Health & Glow,MBO,Jaipur,Rajasthan,North,SKU40722,Compact Powder Berry 9Gm,Renee,Makeup,Foundation,Top 10,Active,799,34,36,,1,991,BGR North,3,3,,50,4,94,,
2026-07,OL1003,HG-FORUM JAIPUR 3,Health & Glow,MBO,Jaipur,Rajasthan,North,SKU40763,Blending Brush R6,Renee,Makeup,Brushes,Others,Active,349,3,6,,2,866,BGR North,5,5,,50,4,94,,
2026-07,OL1003,HG-FORUM JAIPUR 3,Health & Glow,MBO,Jaipur,Rajasthan,North,SKU40836,Blending Brush R4,Renee,Makeup,Brushes,Top 10,Active,1199,23,19,,3,4463,BGR North,6,4,,50,4,94,,
2026-07,OL1003,HG-FORUM JAIPUR 3,Health & Glow,MBO,Jaipur,Rajasthan,North,SKU40928,Powder Brush R4,Renee,Makeup,Brushes,Top 25,Active,650,6,7,,4,3226,BGR North,7,5,,50,4,94,,
2026-07,OL1003,HG-FORUM JAIPUR 3,Health & Glow,MBO,Jaipur,Rajasthan,North,SKU40979,Sunscreen Gel Spf 50 50Ml,Renee,Skincare,Sunscreen,Top 25,Active,799,6,6,,2,1983,BGR North,4,2,,45,4,94,,
2026-07,OL1003,HG-FORUM JAIPUR 3,Health & Glow,MBO,Jaipur,Rajasthan,North,SKU41048,Face Wash Ocean 20Ml,Renee,Skincare,Cleanser,Others,Active,349,12,14,,3,1299,BGR North,6,5,,45,4,94,,
2026-07,OL1003,HG-FORUM JAIPUR 3,Health & Glow,MBO,Jaipur,Rajasthan,North,SKU41215,Perfume Midnight 50Ml,Renee,Fragrance,EDP,Others,Active,399,20,21,,1,495,BGR North,3,2,,55,4,94,,
2026-07,OL1003,HG-FORUM JAIPUR 3,Health & Glow,MBO,Jaipur,Rajasthan,North,SKU41295,Perfume Rose 50Ml,Renee,Fragrance,EDP,Top 25,Active,599,32,35,,4,2973,BGR North,8,7,,55,4,94,,
2026-07,OL1003,HG-FORUM JAIPUR 3,Health & Glow,MBO,Jaipur,Rajasthan,North,SKU41536,Body Mist Nude 100Ml,Renee,Fragrance,Body Mist,Top 25,Active,349,30,34,,4,1732,BGR North,8,8,,55,4,94,,
2026-07,OL1004,HG-PHOENIX PUNE 4,Health & Glow,MBO,Pune,Maharashtra,West,SKU40108,Matte Lip Color Peach 4.2Ml,Renee,Makeup,Lipstick,Top 10,Active,650,20,21,,5,3252,BGR West,7,6,,50,3,80,,
2026-07,OL1004,HG-PHOENIX PUNE 4,Health & Glow,MBO,Pune,Maharashtra,West,SKU40266,Liquid Lipstick Nude 5Ml,Renee,Makeup,Lipstick,Top 10,Active,799,0,5,,16,12791,BGR West,23,21,,50,3,80,,
2026-07,OL1004,HG-PHOENIX PUNE 4,Health & Glow,MBO,Pune,Maharashtra,West,SKU40281,Midnight Eyeliner Berry 2.5Ml,Renee,Makeup,Eyeliner,Others,Active,299,5,6,,8,2393,BGR West,12,9,,50,3,80,,
2026-07,OL1004,HG-PHOENIX PUNE 4,Health & Glow,MBO,Pune,Maharashtra,West,SKU40425,Kajal Vanilla 0.35Gm,Renee,Makeup,Eyeliner,Top 25,Active,299,2,6,,6,1795,BGR West,10,10,,50,3,80,,
2026-07,OL1004,HG-PHOENIX PUNE 4,Health & Glow,MBO,Pune,Maharashtra,West,SKU40490,Kajal Midnight 0.35Gm,Renee,Makeup,Eyeliner,Top 10,Active,599,50,50,,10,5993,BGR West,19,19,,50,3,80,,
2026-07,OL1004,HG-PHOENIX PUNE 4,Health & Glow,MBO,Pune,Maharashtra,West,SKU40529,Kajal Rose 0.35Gm,Renee,Makeup,Eyeliner,Others,Active,449,9,11,,2,899,BGR West,7,6,,50,3,80,2026-03,
2026-07,OL1004,HG-PHOENIX PUNE 4,Health & Glow,MBO,Pune,Maharashtra,West,SKU40544,Bb Cream Peach 30Ml,Renee,Makeup,Foundation,Top 10,Active,599,103,71,,10,5993,BGR West,20,14,,50,3,80,,
2026-07,OL1004,HG-PHOENIX PUNE 4,Health & Glow,MBO,Pune,Maharashtra,West,SKU40595,Compact Powder Mocha 9Gm,Renee,Makeup,Foundation,Top 10,Active,449,1,0,,14,6290,BGR West,13,12,,50,3,80,,
2026-07,OL1004,HG-PHOENIX PUNE 4,Health & Glow,MBO,Pune,Maharashtra,West,SKU40662,Compact Powder Nude 9Gm,Renee,Makeup,Foundation,Top 25,Active,1199,0,1,,0,0,BGR West,1,1,,50,3,80,,
2026-07,OL1004,HG-PHOENIX PUNE 4,Health & Glow,MBO,Pune,Maharashtra,West,SKU40763,Blending Brush R6,Renee,Makeup,Brushes,Others,Active,349,32,33,,0,0,BGR West,2,1,,50,3,80,,
2026-07,OL1004,HG-PHOENIX PUNE 4,Health & Glow,MBO,Pune,Maharashtra,West,SKU40812,Blending Brush R1,Renee,Makeup,Brushes,Top 10,Active,599,2,0,,12,7192,BGR West,12,10,,50,3,80,2025-09,
2026-07,OL1004,HG-PHOENIX PUNE 4,Health & Glow,MBO,Pune,Maharashtra,West,SKU40928,Powder Brush R4,Renee,Makeup,Brushes,Top 25,Active,650,48,51,,4,2601,BGR West,9,7,,50,3,80,,
2026-07,OL1004,HG-PHOENIX PUNE 4,Health & Glow,MBO,Pune,Maharashtra,West,SKU40951,Sunscreen Gel Spf 50 70Ml,Renee,Skincare,Sunscreen,Top 25,Active,999,4,8,,3,2999,BGR West,8,7,,45,3,80,,
2026-07,OL1004,HG-PHOENIX PUNE 4,Health & Glow,MBO,Pune,Maharashtra,West,SKU41024,Vitamin C Serum 30Ml,Renee,Skincare,Serum,Others,Active,449,14,16,,4,1797,BGR West,8,6,,45,3,80,,
2026-07,OL1004,HG-PHOENIX PUNE 4,Health & Glow,MBO,Pune,Maharashtra,West,SKU41032,Face Wash Hazelnut 60Ml,Renee,Skincare,Cleanser,Others,Active,499,2,0,,2,999,BGR West,1,0,,45,3,80,,
2026-07,OL1004,HG-PHOENIX PUNE 4,Health & Glow,MBO,Pune,Maharashtra,West,SKU41476,Body Mist Mocha 100Ml,Renee,Fragrance,Body Mist,Top 10,Active,799,17,19,,3,2398,BGR West,5,5,,55,3,80,,
2026-07,OL1004,HG-PHOENIX PUNE 4,Health & Glow,MBO,Pune,Maharashtra,West,SKU41608,Hair Oil Berry 100Ml,Renee,Haircare,Hair Oil,Others,Active,449,24,25,,4,1797,BGR West,6,5,,35,3,80,,
2026-07,OL1005,HG-CITY CENTRE CHENNAI 5,Health & Glow,MBO,Chennai,Tamil Nadu,South,SKU40078,Matte Lip Color Rose 4.2Ml,Renee,Makeup,Lipstick,Top 25,Active,650,12,14,,2,1449,BGR South,5,4,,50,3,51.8,,
2026-07,OL1005,HG-CITY CENTRE CHENNAI 5,Health & Glow,MBO,Chennai,Tamil Nadu,South,SKU40108,Matte Lip Color Peach 4.2Ml,Renee,Makeup,Lipstick,Top 10,Active,650,12,13,,4,2898,BGR South,5,5,,50,3,51.8,,
2026-07,OL1005,HG-CITY CENTRE CHENNAI 5,Health & Glow,MBO,Chennai,Tamil Nadu,South,SKU40202,Liquid Lipstick Mocha 5Ml,Renee,Makeup,Lipstick,Top 25,Active,799,15,19,,4,3563,BGR South,9,8,,50,3,51.8,2025-11,
2026-07,OL1005,HG-CITY CENTRE CHENNAI 5,Health & Glow,MBO,Chennai,Tamil Nadu,South,SKU40281,Midnight Eyeliner Berry 2.5Ml,Renee,Makeup,Eyeliner,Others,Active,299,27,29,,3,1000,BGR South,6,5,,50,3,51.8,,
2026-07,OL1005,HG-CITY CENTRE CHENNAI 5,Health & Glow,MBO,Chennai,Tamil Nadu,South,SKU40425,Kajal Vanilla 0.35Gm,Renee,Makeup,Eyeliner,Top 25,Active,299,37,38,,6,2000,BGR South,8,7,,50,3,51.8,,
2026-07,OL1005,HG-CITY CENTRE CHENNAI 5,Health & Glow,MBO,Chennai,Tamil Nadu,South,SKU40544,Bb Cream Peach 30Ml,Renee,Makeup,Foundation,Top 10,Active,599,7,11,,12,8013,BGR South,18,16,,50,3,51.8,,
2026-07,OL1005,HG-CITY CENTRE CHENNAI 5,Health & Glow,MBO,Chennai,Tamil Nadu,South,SKU40588,Bb Cream Coral 30Ml,Renee,Makeup,Foundation,Top 10,Active,349,36,40,,12,4669,BGR South,16,16,,50,3,51.8,,
2026-07,OL1005,HG-CITY CENTRE CHENNAI 5,Health & Glow,MBO,Chennai,Tamil Nadu,South,SKU40595,Compact Powder Mocha 9Gm,Renee,Makeup,Foundation,Top 10,Active,449,37,37,,7,3504,BGR South,10,7,,50,3,51.8,,
2026-07,OL1005,HG-CITY CENTRE CHENNAI 5,Health & Glow,MBO,Chennai,Tamil Nadu,South,SKU40722,Compact Powder Berry 9Gm,Renee,Makeup,Foundation,Top 10,Active,799,6,7,,3,2672,BGR South,6,4,,50,3,51.8,,
2026-07,OL1005,HG-CITY CENTRE CHENNAI 5,Health & Glow,MBO,Chennai,Tamil Nadu,South,SKU40763,Blending Brush R6,Renee,Makeup,Brushes,Others,Active,349,18,17,,1,389,BGR South,2,1,,50,3,51.8,,
2026-07,OL1005,HG-CITY CENTRE CHENNAI 5,Health & Glow,MBO,Chennai,Tamil Nadu,South,SKU40836,Blending Brush R4,Renee,Makeup,Brushes,Top 10,Active,1199,48,49,,3,4010,BGR South,6,4,,50,3,51.8,,
2026-07,OL1005,HG-CITY CENTRE CHENNAI 5,Health & Glow,MBO,Chennai,Tamil Nadu,South,SKU40850,Powder Brush R8,Renee,Makeup,Brushes,Top 25,Active,650,36,39,,4,2898,BGR South,8,7,,50,3,51.8,,
2026-07,OL1005,HG-CITY CENTRE CHENNAI 5,Health & Glow,MBO,Chennai,Tamil Nadu,South,SKU40951,Sunscreen Gel Spf 50 70Ml,Renee,Skincare,Sunscreen,Top 25,Active,999,9,9,,2,2227,BGR South,3,2,,45,3,51.8,,
2026-07,OL1005,HG-CITY CENTRE CHENNAI 5,Health & Glow,MBO,Chennai,Tamil Nadu,South,SKU41032,Face Wash Hazelnut 60Ml,Renee,Skincare,Cleanser,Others,Active,499,5,0,,1,556,BGR South,4,2,,45,3,51.8,,
2026-07,OL1005,HG-CITY CENTRE CHENNAI 5,Health & Glow,MBO,Chennai,Tamil Nadu,South,SKU41215,Perfume Midnight 50Ml,Renee,Fragrance,EDP,Others,Active,399,3,2,,1,445,BGR South,1,0,,55,3,51.8,,
2026-07,OL1005,HG-CITY CENTRE CHENNAI 5,Health & Glow,MBO,Chennai,Tamil Nadu,South,SKU41295,Perfume Rose 50Ml,Renee,Fragrance,EDP,Top 25,Active,599,31,36,,6,4007,BGR South,13,11,,55,3,51.8,,
2026-07,OL1005,HG-CITY CENTRE CHENNAI 5,Health & Glow,MBO,Chennai,Tamil Nadu,South,SKU41476,Body Mist Mocha 100Ml,Renee,Fragrance,Body Mist,Top 10,Active,799,0,2,,6,5344,BGR South,15,10,,55,3,51.8,,
2026-07,OL1005,HG-CITY CENTRE CHENNAI 5,Health & Glow,MBO,Chennai,Tamil Nadu,South,SKU41608,Hair Oil Berry 100Ml,Renee,Haircare,Hair Oil,Others,Active,449,10,13,,1,501,BGR South,4,4,,35,3,51.8,,
2026-07,OL1005,HG-CITY CENTRE CHENNAI 5,Health & Glow,MBO,Chennai,Tamil Nadu,South,SKU41647,Hair Oil Hazelnut 100Ml,Renee,Haircare,Hair Oil,Others,Active,799,5,6,,3,2672,BGR South,5,4,,35,3,51.8,,
2026-07,OL1006,HG-INORBIT GUWAHATI 6,Health & Glow,MBO,Guwahati,Assam,East,SKU40202,Liquid Lipstick Mocha 5Ml,Renee,Makeup,Lipstick,Top 25,Active,799,25,24,,2,1928,BGR East,2,1,,50,2,84.7,2025-11,
2026-07,OL1006,HG-INORBIT GUWAHATI 6,Health & Glow,MBO,Guwahati,Assam,East,SKU40266,Liquid Lipstick Nude 5Ml,Renee,Makeup,Lipstick,Top 10,Active,799,54,51,,12,11570,BGR East,9,9,,50,2,84.7,,
2026-07,OL1006,HG-INORBIT GUWAHATI 6,Health & Glow,MBO,Guwahati,Assam,East,SKU40490,Kajal Midnight 0.35Gm,Renee,Makeup,Eyeliner,Top 10,Active,599,69,65,,12,8674,BGR East,9,8,,50,2,84.7,,
2026-07,OL1006,HG-INORBIT GUWAHATI 6,Health & Glow,MBO,Guwahati,Assam,East,SKU40529,Kajal Rose 0.35Gm,Renee,Makeup,Eyeliner,Others,Active,449,11,13,,4,2167,BGR East,6,6,,50,2,84.7,2026-03,
2026-07,OL1006,HG-INORBIT GUWAHATI 6,Health & Glow,MBO,Guwahati,Assam,East,SKU40544,Bb Cream Peach 30Ml,Renee,Makeup,Foundation,Top 10,Active,599,28,31,,8,5782,BGR East,11,11,,50,2,84.7,,
2026-07,OL1006,HG-INORBIT GUWAHATI 6,Health & Glow,MBO,Guwahati,Assam,East,SKU40595,Compact Powder Mocha 9Gm,Renee,Makeup,Foundation,Top 10,Active,449,117,130,,20,10836,BGR East,37,33,,50,2,84.7,,
2026-07,OL1006,HG-INORBIT GUWAHATI 6,Health & Glow,MBO,Guwahati,Assam,East,SKU40812,Blending Brush R1,Renee,Makeup,Brushes,Top 10,Active,599,35,36,,9,6505,BGR East,13,10,,50,2,84.7,2025-09,
2026-07,OL1006,HG-INORBIT GUWAHATI 6,Health & Glow,MBO,Guwahati,Assam,East,SKU40836,Blending Brush R4,Renee,Makeup,Brushes,Top 10,Active,1199,50,56,,8,11575,BGR East,14,14,,50,2,84.7,,
2026-07,OL1006,HG-INORBIT GUWAHATI 6,Health & Glow,MBO,Guwahati,Assam,East,SKU40928,Powder Brush R4,Renee,Makeup,Brushes,Top 25,Active,650,20,23,,4,3137,BGR East,8,7,,50,2,84.7,,
2026-07,OL1006,HG-INORBIT GUWAHATI 6,Health & Glow,MBO,Guwahati,Assam,East,SKU40951,Sunscreen Gel Spf 50 70Ml,Renee,Skincare,Sunscreen,Top 25,Active,999,11,11,,2,2411,BGR East,3,2,,45,2,84.7,,
2026-07,OL1006,HG-INORBIT GUWAHATI 6,Health & Glow,MBO,Guwahati,Assam,East,SKU40979,Sunscreen Gel Spf 50 50Ml,Renee,Skincare,Sunscreen,Top 25,Active,799,23,25,,4,3857,BGR East,8,6,,45,2,84.7,,
2026-07,OL1006,HG-INORBIT GUWAHATI 6,Health & Glow,MBO,Guwahati,Assam,East,SKU41024,Vitamin C Serum 30Ml,Renee,Skincare,Serum,Others,Active,449,1,2,,2,1084,BGR East,5,3,,45,2,84.7,,
2026-07,OL1006,HG-INORBIT GUWAHATI 6,Health & Glow,MBO,Guwahati,Assam,East,SKU41215,Perfume Midnight 50Ml,Renee,Fragrance,EDP,Others,Active,399,5,9,,4,1926,BGR East,8,8,,55,2,84.7,,
2026-07,OL1006,HG-INORBIT GUWAHATI 6,Health & Glow,MBO,Guwahati,Assam,East,SKU41382,Perfume Peach 50Ml,Renee,Fragrance,EDP,Top 25,Active,499,19,20,,4,2409,BGR East,6,5,,55,2,84.7,2025-08,
2026-07,OL1006,HG-INORBIT GUWAHATI 6,Health & Glow,MBO,Guwahati,Assam,East,SKU41420,Body Mist Coral 100Ml,Renee,Fragrance,Body Mist,Top 25,Active,399,0,6,,6,2889,BGR East,12,12,,55,2,84.7,,
2026-07,OL1006,HG-INORBIT GUWAHATI 6,Health & Glow,MBO,Guwahati,Assam,East,SKU41476,Body Mist Mocha 100Ml,Renee,Fragrance,Body Mist,Top 10,Active,799,0,8,,12,11570,BGR East,20,20,,55,2,84.7,,
2026-07,OL1006,HG-INORBIT GUWAHATI 6,Health & Glow,MBO,Guwahati,Assam,East,SKU41536,Body Mist Nude 100Ml,Renee,Fragrance,Body Mist,Top 25,Active,349,43,49,,9,3790,BGR East,15,15,,55,2,84.7,,
2026-07,OL1007,HG-NEXUS JAIPUR 7,Health & Glow,MBO,Jaipur,Rajasthan,North,SKU40078,Matte Lip Color Rose 4.2Ml,Renee,Makeup,Lipstick,Top 25,Active,650,10,12,,3,2489,BGR North,7,6,,50,4,92.2,,
2026-07,OL1007,HG-NEXUS JAIPUR 7,Health & Glow,MBO,Jaipur,Rajasthan,North,SKU40202,Liquid Lipstick Mocha 5Ml,Renee,Makeup,Lipstick,Top 25,Active,799,6,8,,2,2040,BGR North,5,4,,50,4,92.2,2025-11,
2026-07,OL1007,HG-NEXUS JAIPUR 7,Health & Glow,MBO,Jaipur,Rajasthan,North,SKU40281,Midnight Eyeliner Berry 2.5Ml,Renee,Makeup,Eyeliner,Others,Active,299,45,52,,6,2290,BGR North,17,16,,50,4,92.2,,
2026-07,OL1007,HG-NEXUS JAIPUR 7,Health & Glow,MBO,Jaipur,Rajasthan,North,SKU40425,Kajal Vanilla 0.35Gm,Renee,Makeup,Eyeliner,Top 25,Active,299,73,0,,20,7634,BGR North,33,31,,50,4,92.2,,
2026-07,OL1007,HG-NEXUS JAIPUR 7,Health & Glow,MBO,Jaipur,Rajasthan,North,SKU40490,Kajal Midnight 0.35Gm,Renee,Makeup,Eyeliner,Top 10,Active,599,51,52,,11,8411,BGR North,13,12,,50,4,92.2,,
2026-07,OL1007,HG-NEXUS JAIPUR 7,Health & Glow,MBO,Jaipur,Rajasthan,North,SKU40529,Kajal Rose 0.35Gm,Renee,Makeup,Eyeliner,Others,Active,449,9,11,,3,1720,BGR North,5,5,,50,4,92.2,2026-03,
2026-07,OL1007,HG-NEXUS JAIPUR 7,Health & Glow,MBO,Jaipur,Rajasthan,North,SKU40544,Bb Cream Peach 30Ml,Renee,Makeup,Foundation,Top 10,Active,599,27,103,,16,12235,BGR North,19,19,,50,4,92.2,,
2026-07,OL1007,HG-NEXUS JAIPUR 7,Health & Glow,MBO,Jaipur,Rajasthan,North,SKU40595,Compact Powder Mocha 9Gm,Renee,Makeup,Foundation,Top 10,Active,449,7,18,,11,6305,BGR North,33,33,,50,4,92.2,,
2026-07,OL1007,HG-NEXUS JAIPUR 7,Health & Glow,MBO,Jaipur,Rajasthan,North,SKU40662,Compact Powder Nude 9Gm,Renee,Makeup,Foundation,Top 25,Active,1199,21,20,,3,4592,BGR North,3,2,,50,4,92.2,,
2026-07,OL1007,HG-NEXUS JAIPUR 7,Health & Glow,MBO,Jaipur,Rajasthan,North,SKU40722,Compact Powder Berry 9Gm,Renee,Makeup,Foundation,Top 10,Active,799,48,50,,7,7140,BGR North,9,9,,50,4,92.2,,
2026-07,OL1007,HG-NEXUS JAIPUR 7,Health & Glow,MBO,Jaipur,Rajasthan,North,SKU40763,Blending Brush R6,Renee,Makeup,Brushes,Others,Active,349,6,7,,2,891,BGR North,5,4,,50,4,92.2,,
2026-07,OL1007,HG-NEXUS JAIPUR 7,Health & Glow,MBO,Jaipur,Rajasthan,North,SKU40836,Blending Brush R4,Renee,Makeup,Brushes,Top 10,Active,1199,152,156,,8,12245,BGR North,14,12,,50,4,92.2,,
2026-07,OL1007,HG-NEXUS JAIPUR 7,Health & Glow,MBO,Jaipur,Rajasthan,North,SKU40850,Powder Brush R8,Renee,Makeup,Brushes,Top 25,Active,650,67,65,,8,6638,BGR North,13,11,,50,4,92.2,,
2026-07,OL1007,HG-NEXUS JAIPUR 7,Health & Glow,MBO,Jaipur,Rajasthan,North,SKU40928,Powder Brush R4,Renee,Makeup,Brushes,Top 25,Active,650,6,5,,6,4979,BGR North,8,5,,50,4,92.2,,
2026-07,OL1007,HG-NEXUS JAIPUR 7,Health & Glow,MBO,Jaipur,Rajasthan,North,SKU40972,Sunscreen Gel Spf 50 70Ml,Renee,Skincare,Sunscreen,Top 25,Active,599,9,9,,3,2294,BGR North,4,3,,45,4,92.2,,
2026-07,OL1007,HG-NEXUS JAIPUR 7,Health & Glow,MBO,Jaipur,Rajasthan,North,SKU41024,Vitamin C Serum 30Ml,Renee,Skincare,Serum,Others,Active,449,1,0,,1,573,BGR North,4,4,,45,4,92.2,,
2026-07,OL1007,HG-NEXUS JAIPUR 7,Health & Glow,MBO,Jaipur,Rajasthan,North,SKU41032,Face Wash Hazelnut 60Ml,Renee,Skincare,Cleanser,Others,Active,499,17,15,,4,2548,BGR North,3,2,,45,4,92.2,,
2026-07,OL1007,HG-NEXUS JAIPUR 7,Health & Glow,MBO,Jaipur,Rajasthan,North,SKU41048,Face Wash Ocean 20Ml,Renee,Skincare,Cleanser,Others,Active,349,75,83,,8,3564,BGR North,16,16,,45,4,92.2,,
2026-07,OL1007,HG-NEXUS JAIPUR 7,Health & Glow,MBO,Jaipur,Rajasthan,North,SKU41129,Face Wash Vanilla 40Ml,Renee,Skincare,Cleanser,Others,Active,299,29,31,,3,1145,BGR North,5,5,,45,4,92.2,,
2026-07,OL1007,HG-NEXUS JAIPUR 7,Health & Glow,MBO,Jaipur,Rajasthan,North,SKU41215,Perfume Midnight 50Ml,Renee,Fragrance,EDP,Others,Active,399,12,14,,1,509,BGR North,4,3,,55,4,92.2,,
2026-07,OL1007,HG-NEXUS JAIPUR 7,Health & Glow,MBO,Jaipur,Rajasthan,North,SKU41295,Perfume Rose 50Ml,Renee,Fragrance,EDP,Top 25,Active,599,2,3,,9,6882,BGR North,15,10,,55,4,92.2,,
2026-07,OL1007,HG-NEXUS JAIPUR 7,Health & Glow,MBO,Jaipur,Rajasthan,North,SKU41382,Perfume Peach 50Ml,Renee,Fragrance,EDP,Top 25,Active,499,0,37,,6,3822,BGR North,6,5,,55,4,92.2,2025-08,
2026-07,OL1007,HG-NEXUS JAIPUR 7,Health & Glow,MBO,Jaipur,Rajasthan,North,SKU41420,Body Mist Coral 100Ml,Renee,Fragrance,Body Mist,Top 25,Active,399,2,2,,3,1528,BGR North,6,4,,55,4,92.2,,
2026-07,OL1007,HG-NEXUS JAIPUR 7,Health & Glow,MBO,Jaipur,Rajasthan,North,SKU41476,Body Mist Mocha 100Ml,Renee,Fragrance,Body Mist,Top 10,Active,799,45,47,,8,8160,BGR North,12,10,,55,4,92.2,,
2026-07,OL1007,HG-NEXUS JAIPUR 7,Health & Glow,MBO,Jaipur,Rajasthan,North,SKU41647,Hair Oil Hazelnut 100Ml,Renee,Haircare,Hair Oil,Others,Active,799,12,12,,0,0,BGR North,2,1,,35,4,92.2,,
2026-07,OL1008,HG-PHOENIX KOCHI 8,Health & Glow,MBO,Kochi,Kerala,South,SKU40108,Matte Lip Color Peach 4.2Ml,Renee,Makeup,Lipstick,Top 10,Active,650,32,34,,4,3022,BGR South,8,6,,50,1,75.4,,
2026-07,OL1008,HG-PHOENIX KOCHI 8,Health & Glow,MBO,Kochi,Kerala,South,SKU40127,Matte Lip Color Coral 4.2Ml,Renee,Makeup,Lipstick,Top 25,Active,499,12,17,,5,2900,BGR South,12,10,,50,1,75.4,,
2026-07,OL1008,HG-PHOENIX KOCHI 8,Health & Glow,MBO,Kochi,Kerala,South,SKU40381,Midnight Eyeliner Ocean 2.5Ml,Renee,Makeup,Eyeliner,Top 25,Active,699,8,8,,4,3250,BGR South,5,4,,50,1,75.4,,
2026-07,OL1008,HG-PHOENIX KOCHI 8,Health & Glow,MBO,Kochi,Kerala,South,SKU40490,Kajal Midnight 0.35Gm,Renee,Makeup,Eyeliner,Top 10,Active,599,7,8,,6,4177,BGR South,7,7,,50,1,75.4,,
2026-07,OL1008,HG-PHOENIX KOCHI 8,Health & Glow,MBO,Kochi,Kerala,South,SKU40595,Compact Powder Mocha 9Gm,Renee,Makeup,Foundation,Top 10,Active,449,41,44,,9,4697,BGR South,18,12,,50,1,75.4,,
2026-07,OL1008,HG-PHOENIX KOCHI 8,Health & Glow,MBO,Kochi,Kerala,South,SKU40722,Compact Powder Berry 9Gm,Renee,Makeup,Foundation,Top 10,Active,799,0,0,,3,2786,BGR South,4,3,,50,1,75.4,,
2026-07,OL1008,HG-PHOENIX KOCHI 8,Health & Glow,MBO,Kochi,Kerala,South,SKU40812,Blending Brush R1,Renee,Makeup,Brushes,Top 10,Active,599,34,37,,6,4177,BGR South,10,9,,50,1,75.4,2025-09,
2026-07,OL1008,HG-PHOENIX KOCHI 8,Health & Glow,MBO,Kochi,Kerala,South,SKU40836,Blending Brush R4,Renee,Makeup,Brushes,Top 10,Active,1199,37,0,,4,5574,BGR South,9,9,,50,1,75.4,,
2026-07,OL1008,HG-PHOENIX KOCHI 8,Health & Glow,MBO,Kochi,Kerala,South,SKU40928,Powder Brush R4,Renee,Makeup,Brushes,Top 25,Active,650,3,4,,3,2266,BGR South,5,4,,50,1,75.4,,
2026-07,OL1008,HG-PHOENIX KOCHI 8,Health & Glow,MBO,Kochi,Kerala,South,SKU40979,Sunscreen Gel Spf 50 50Ml,Renee,Skincare,Sunscreen,Top 25,Active,799,13,17,,2,1857,BGR South,6,6,,45,1,75.4,,
2026-07,OL1008,HG-PHOENIX KOCHI 8,Health & Glow,MBO,Kochi,Kerala,South,SKU41024,Vitamin C Serum 30Ml,Renee,Skincare,Serum,Others,Active,449,0,3,,0,0,BGR South,3,3,,45,1,75.4,,
2026-07,OL1008,HG-PHOENIX KOCHI 8,Health & Glow,MBO,Kochi,Kerala,South,SKU41048,Face Wash Ocean 20Ml,Renee,Skincare,Cleanser,Others,Active,349,24,24,,4,1622,BGR South,6,4,,45,1,75.4,,
2026-07,OL1008,HG-PHOENIX KOCHI 8,Health & Glow,MBO,Kochi,Kerala,South,SKU41382,Perfume Peach 50Ml,Renee,Fragrance,EDP,Top 25,Active,499,46,46,,4,2320,BGR South,6,4,,55,1,75.4,2025-08,
2026-07,OL1008,HG-PHOENIX KOCHI 8,Health & Glow,MBO,Kochi,Kerala,South,SKU41420,Body Mist Coral 100Ml,Renee,Fragrance,Body Mist,Top 25,Active,399,29,0,,4,1855,BGR South,7,6,,55,1,75.4,,
2026-07,OL1008,HG-PHOENIX KOCHI 8,Health & Glow,MBO,Kochi,Kerala,South,SKU41476,Body Mist Mocha 100Ml,Renee,Fragrance,Body Mist,Top 10,Active,799,25,29,,6,5572,BGR South,11,10,,55,1,75.4,,
2026-07,OL1008,HG-PHOENIX KOCHI 8,Health & Glow,MBO,Kochi,Kerala,South,SKU41608,Hair Oil Berry 100Ml,Renee,Haircare,Hair Oil,Others,Active,449,0,0,,2,1044,BGR South,3,2,,35,1,75.4,,
2026-07,OL1008,HG-PHOENIX KOCHI 8,Health & Glow,MBO,Kochi,Kerala,South,SKU41647,Hair Oil Hazelnut 100Ml,Renee,Haircare,Hair Oil,Others,Active,799,22,23,,2,1857,BGR South,5,3,,35,1,75.4,,
2026-07,OL1009,HG-SELECT MUMBAI 9,Health & Glow,MBO,Mumbai,Maharashtra,West,SKU40078,Matte Lip Color Rose 4.2Ml,Renee,Makeup,Lipstick,Top 25,Active,650,16,16,,6,4817,BGR West,7,6,,50,4,67,,
2026-07,OL1009,HG-SELECT MUMBAI 9,Health & Glow,MBO,Mumbai,Maharashtra,West,SKU40108,Matte Lip Color Peach 4.2Ml,Renee,Makeup,Lipstick,Top 10,Active,650,23,25,,3,2408,BGR West,6,5,,50,4,67,,
2026-07,OL1009,HG-SELECT MUMBAI 9,Health & Glow,MBO,Mumbai,Maharashtra,West,SKU40127,Matte Lip Color Coral 4.2Ml,Renee,Makeup,Lipstick,Top 25,Active,499,6,7,,3,1849,BGR West,5,4,,50,4,67,,
2026-07,OL1009,HG-SELECT MUMBAI 9,Health & Glow,MBO,Mumbai,Maharashtra,West,SKU40381,Midnight Eyeliner Ocean 2.5Ml,Renee,Makeup,Eyeliner,Top 25,Active,699,4,5,,3,2590,BGR West,5,4,,50,4,67,,
2026-07,OL1009,HG-SELECT MUMBAI 9,Health & Glow,MBO,Mumbai,Maharashtra,West,SKU40490,Kajal Midnight 0.35Gm,Renee,Makeup,Eyeliner,Top 10,Active,599,56,57,,6,4439,BGR West,8,7,,50,4,67,,
2026-07,OL1009,HG-SELECT MUMBAI 9,Health & Glow,MBO,Mumbai,Maharashtra,West,SKU40529,Kajal Rose 0.35Gm,Renee,Makeup,Eyeliner,Others,Active,449,14,14,,4,2218,BGR West,6,4,,50,4,67,2026-03,
2026-07,OL1009,HG-SELECT MUMBAI 9,Health & Glow,MBO,Mumbai,Maharashtra,West,SKU40662,Compact Powder Nude 9Gm,Renee,Makeup,Foundation,Top 25,Active,1199,24,23,,4,5923,BGR West,3,3,,50,4,67,,
2026-07,OL1009,HG-SELECT MUMBAI 9,Health & Glow,MBO,Mumbai,Maharashtra,West,SKU40812,Blending Brush R1,Renee,Makeup,Brushes,Top 10,Active,599,32,34,,6,4439,BGR West,8,8,,50,4,67,2025-09,
2026-07,OL1009,HG-SELECT MUMBAI 9,Health & Glow,MBO,Mumbai,Maharashtra,West,SKU40836,Blending Brush R4,Renee,Makeup,Brushes,Top 10,Active,1199,25,53,,8,11846,BGR West,14,12,,50,4,67,,
2026-07,OL1009,HG-SELECT MUMBAI 9,Health & Glow,MBO,Mumbai,Maharashtra,West,SKU40972,Sunscreen Gel Spf 50 70Ml,Renee,Skincare,Sunscreen,Top 25,Active,599,21,21,,4,2959,BGR West,5,4,,45,4,67,,
2026-07,OL1009,HG-SELECT MUMBAI 9,Health & Glow,MBO,Mumbai,Maharashtra,West,SKU40979,Sunscreen Gel Spf 50 50Ml,Renee,Skincare,Sunscreen,Top 25,Active,799,30,30,,4,3947,BGR West,4,4,,45,4,67,,
2026-07,OL1009,HG-SELECT MUMBAI 9,Health & Glow,MBO,Mumbai,Maharashtra,West,SKU41032,Face Wash Hazelnut 60Ml,Renee,Skincare,Cleanser,Others,Active,499,13,13,,2,1233,BGR West,4,2,,45,4,67,,
2026-07,OL1009,HG-SELECT MUMBAI 9,Health & Glow,MBO,Mumbai,Maharashtra,West,SKU41048,Face Wash Ocean 20Ml,Renee,Skincare,Cleanser,Others,Active,349,15,17,,3,1293,BGR West,6,5,,45,4,67,,
2026-07,OL1009,HG-SELECT MUMBAI 9,Health & Glow,MBO,Mumbai,Maharashtra,West,SKU41129,Face Wash Vanilla 40Ml,Renee,Skincare,Cleanser,Others,Active,299,7,9,,3,1108,BGR West,6,5,,45,4,67,,
2026-07,OL1009,HG-SELECT MUMBAI 9,Health & Glow,MBO,Mumbai,Maharashtra,West,SKU41215,Perfume Midnight 50Ml,Renee,Fragrance,EDP,Others,Active,399,12,14,,2,986,BGR West,5,4,,55,4,67,,
2026-07,OL1009,HG-SELECT MUMBAI 9,Health & Glow,MBO,Mumbai,Maharashtra,West,SKU41295,Perfume Rose 50Ml,Renee,Fragrance,EDP,Top 25,Active,599,19,22,,4,2959,BGR West,9,7,,55,4,67,,
2026-07,OL1009,HG-SELECT MUMBAI 9,Health & Glow,MBO,Mumbai,Maharashtra,West,SKU41382,Perfume Peach 50Ml,Renee,Fragrance,EDP,Top 25,Active,499,0,0,,4,2465,BGR West,5,4,,55,4,67,2025-08,
2026-07,OL1009,HG-SELECT MUMBAI 9,Health & Glow,MBO,Mumbai,Maharashtra,West,SKU41476,Body Mist Mocha 100Ml,Renee,Fragrance,Body Mist,Top 10,Active,799,58,62,,3,2960,BGR West,10,8,,55,4,67,,
2026-07,OL1009,HG-SELECT MUMBAI 9,Health & Glow,MBO,Mumbai,Maharashtra,West,SKU41536,Body Mist Nude 100Ml,Renee,Fragrance,Body Mist,Top 25,Active,349,2,3,,6,2586,BGR West,10,9,,55,4,67,,
2026-07,OL1009,HG-SELECT MUMBAI 9,Health & Glow,MBO,Mumbai,Maharashtra,West,SKU41647,Hair Oil Hazelnut 100Ml,Renee,Haircare,Hair Oil,Others,Active,799,1,5,,4,3947,BGR West,9,8,,35,4,67,,
2026-07,OL1010,HG-GALLERIA BANGALORE 10,Health & Glow,MBO,Bangalore,Karnataka,South,SKU40078,Matte Lip Color Rose 4.2Ml,Renee,Makeup,Lipstick,Top 25,Active,650,6,5,,2,1318,BGR South,2,1,,50,4,46.1,,
2026-07,OL1010,HG-GALLERIA BANGALORE 10,Health & Glow,MBO,Bangalore,Karnataka,South,SKU40266,Liquid Lipstick Nude 5Ml,Renee,Makeup,Lipstick,Top 10,Active,799,13,0,,2,1620,BGR South,1,1,,50,4,46.1,,
2026-07,OL1010,HG-GALLERIA BANGALORE 10,Health & Glow,MBO,Bangalore,Karnataka,South,SKU40318,Midnight Eyeliner Hazelnut 2.5Ml,Renee,Makeup,Eyeliner,Others,Active,650,25,24,,1,659,BGR South,1,0,,50,4,46.1,,
2026-07,OL1010,HG-GALLERIA BANGALORE 10,Health & Glow,MBO,Bangalore,Karnataka,South,SKU40425,Kajal Vanilla 0.35Gm,Renee,Makeup,Eyeliner,Top 25,Active,299,25,25,,3,910,BGR South,4,3,,50,4,46.1,,
2026-07,OL1010,HG-GALLERIA BANGALORE 10,Health & Glow,MBO,Bangalore,Karnataka,South,SKU40490,Kajal Midnight 0.35Gm,Renee,Makeup,Eyeliner,Top 10,Active,599,0,0,,4,2430,BGR South,5,4,,50,4,46.1,,
2026-07,OL1010,HG-GALLERIA BANGALORE 10,Health & Glow,MBO,Bangalore,Karnataka,South,SKU40529,Kajal Rose 0.35Gm,Renee,Makeup,Eyeliner,Others,Active,449,7,5,,2,911,BGR South,1,0,,50,4,46.1,2026-03,
2026-07,OL1010,HG-GALLERIA BANGALORE 10,Health & Glow,MBO,Bangalore,Karnataka,South,SKU40544,Bb Cream Peach 30Ml,Renee,Makeup,Foundation,Top 10,Active,599,30,35,,4,2430,BGR South,9,9,,50,4,46.1,,
2026-07,OL1010,HG-GALLERIA BANGALORE 10,Health & Glow,MBO,Bangalore,Karnataka,South,SKU40588,Bb Cream Coral 30Ml,Renee,Makeup,Foundation,Top 10,Active,349,18,17,,3,1062,BGR South,7,7,,50,4,46.1,,
2026-07,OL1010,HG-GALLERIA BANGALORE 10,Health & Glow,MBO,Bangalore,Karnataka,South,SKU40595,Compact Powder Mocha 9Gm,Renee,Makeup,Foundation,Top 10,Active,449,49,50,,3,1366,BGR South,5,4,,50,4,46.1,,
2026-07,OL1010,HG-GALLERIA BANGALORE 10,Health & Glow,MBO,Bangalore,Karnataka,South,SKU40951,Sunscreen Gel Spf 50 70Ml,Renee,Skincare,Sunscreen,Top 25,Active,999,8,10,,2,2026,BGR South,3,2,,45,4,46.1,,
2026-07,OL1010,HG-GALLERIA BANGALORE 10,Health & Glow,MBO,Bangalore,Karnataka,South,SKU40979,Sunscreen Gel Spf 50 50Ml,Renee,Skincare,Sunscreen,Top 25,Active,799,36,40,,2,1620,BGR South,7,7,,45,4,46.1,,
2026-07,OL1010,HG-GALLERIA BANGALORE 10,Health & Glow,MBO,Bangalore,Karnataka,South,SKU41012,Vitamin C Serum 30Ml,Renee,Skincare,Serum,Others,Active,599,11,14,,4,2430,BGR South,8,7,,45,4,46.1,2026-06,
2026-07,OL1010,HG-GALLERIA BANGALORE 10,Health & Glow,MBO,Bangalore,Karnataka,South,SKU41215,Perfume Midnight 50Ml,Renee,Fragrance,EDP,Others,Active,399,5,6,,3,1214,BGR South,5,5,,55,4,46.1,,
2026-07,OL1010,HG-GALLERIA BANGALORE 10,Health & Glow,MBO,Bangalore,Karnataka,South,SKU41420,Body Mist Coral 100Ml,Renee,Fragrance,Body Mist,Top 25,Active,399,16,18,,1,405,BGR South,3,3,,55,4,46.1,,
2026-07,OL1010,HG-GALLERIA BANGALORE 10,Health & Glow,MBO,Bangalore,Karnataka,South,SKU41536,Body Mist Nude 100Ml,Renee,Fragrance,Body Mist,Top 25,Active,349,9,9,,4,1416,BGR South,5,4,,55,4,46.1,,
2026-07,OL1011,HG-NEXUS MUMBAI 11,Health & Glow,MBO,Mumbai,Maharashtra,West,SKU40108,Matte Lip Color Peach 4.2Ml,Renee,Makeup,Lipstick,Top 10,Active,650,0,2,,2,1512,BGR West,6,4,,50,3,52.2,,
2026-07,OL1011,HG-NEXUS MUMBAI 11,Health & Glow,MBO,Mumbai,Maharashtra,West,SKU40127,Matte Lip Color Coral 4.2Ml,Renee,Makeup,Lipstick,Top 25,Active,499,2,2,,0,0,BGR West,5,3,,50,3,52.2,,
2026-07,OL1011,HG-NEXUS MUMBAI 11,Health & Glow,MBO,Mumbai,Maharashtra,West,SKU40202,Liquid Lipstick Mocha 5Ml,Renee,Makeup,Lipstick,Top 25,Active,799,7,10,,4,3717,BGR West,7,7,,50,3,52.2,2025-11,
2026-07,OL1011,HG-NEXUS MUMBAI 11,Health & Glow,MBO,Mumbai,Maharashtra,West,SKU40266,Liquid Lipstick Nude 5Ml,Renee,Makeup,Lipstick,Top 10,Active,799,24,25,,1,929,BGR West,4,3,,50,3,52.2,,
2026-07,OL1011,HG-NEXUS MUMBAI 11,Health & Glow,MBO,Mumbai,Maharashtra,West,SKU40381,Midnight Eyeliner Ocean 2.5Ml,Renee,Makeup,Eyeliner,Top 25,Active,699,3,4,,2,1626,BGR West,4,3,,50,3,52.2,,
2026-07,OL1011,HG-NEXUS MUMBAI 11,Health & Glow,MBO,Mumbai,Maharashtra,West,SKU40425,Kajal Vanilla 0.35Gm,Renee,Makeup,Eyeliner,Top 25,Active,299,22,22,,4,1391,BGR West,6,4,,50,3,52.2,,
2026-07,OL1011,HG-NEXUS MUMBAI 11,Health & Glow,MBO,Mumbai,Maharashtra,West,SKU40588,Bb Cream Coral 30Ml,Renee,Makeup,Foundation,Top 10,Active,349,28,28,,4,1624,BGR West,5,4,,50,3,52.2,,
2026-07,OL1011,HG-NEXUS MUMBAI 11,Health & Glow,MBO,Mumbai,Maharashtra,West,SKU40595,Compact Powder Mocha 9Gm,Renee,Makeup,Foundation,Top 10,Active,449,27,29,,3,1567,BGR West,7,6,,50,3,52.2,,
2026-07,OL1011,HG-NEXUS MUMBAI 11,Health & Glow,MBO,Mumbai,Maharashtra,West,SKU40722,Compact Powder Berry 9Gm,Renee,Makeup,Foundation,Top 10,Active,799,31,32,,2,1859,BGR West,4,3,,50,3,52.2,,
2026-07,OL1011,HG-NEXUS MUMBAI 11,Health & Glow,MBO,Mumbai,Maharashtra,West,SKU40763,Blending Brush R6,Renee,Makeup,Brushes,Others,Active,349,0,2,,1,406,BGR West,3,3,,50,3,52.2,,
2026-07,OL1011,HG-NEXUS MUMBAI 11,Health & Glow,MBO,Mumbai,Maharashtra,West,SKU40850,Powder Brush R8,Renee,Makeup,Brushes,Top 25,Active,650,7,9,,2,1512,BGR West,5,4,,50,3,52.2,,
2026-07,OL1011,HG-NEXUS MUMBAI 11,Health & Glow,MBO,Mumbai,Maharashtra,West,SKU41295,Perfume Rose 50Ml,Renee,Fragrance,EDP,Top 25,Active,599,7,8,,2,1393,BGR West,3,3,,55,3,52.2,,
2026-07,OL1011,HG-NEXUS MUMBAI 11,Health & Glow,MBO,Mumbai,Maharashtra,West,SKU41382,Perfume Peach 50Ml,Renee,Fragrance,EDP,Top 25,Active,499,22,24,,2,1161,BGR West,4,4,,55,3,52.2,2025-08,
2026-07,OL1012,HG-INORBIT AHMEDABAD 12,Health & Glow,MBO,Ahmedabad,Gujarat,West,SKU40078,Matte Lip Color Rose 4.2Ml,Renee,Makeup,Lipstick,Top 25,Active,650,21,21,,3,2751,BGR West,5,3,,50,2,61.3,,
2026-07,OL1012,HG-INORBIT AHMEDABAD 12,Health & Glow,MBO,Ahmedabad,Gujarat,West,SKU40108,Matte Lip Color Peach 4.2Ml,Renee,Makeup,Lipstick,Top 10,Active,650,0,3,,4,3668,BGR West,8,7,,50,2,61.3,,
2026-07,OL1012,HG-INORBIT AHMEDABAD 12,Health & Glow,MBO,Ahmedabad,Gujarat,West,SKU40127,Matte Lip Color Coral 4.2Ml,Renee,Makeup,Lipstick,Top 25,Active,499,15,16,,3,2112,BGR West,6,4,,50,2,61.3,,
2026-07,OL1012,HG-INORBIT AHMEDABAD 12,Health & Glow,MBO,Ahmedabad,Gujarat,West,SKU40202,Liquid Lipstick Mocha 5Ml,Renee,Makeup,Lipstick,Top 25,Active,799,12,15,,1,1127,BGR West,3,3,,50,2,61.3,2025-11,
2026-07,OL1012,HG-INORBIT AHMEDABAD 12,Health & Glow,MBO,Ahmedabad,Gujarat,West,SKU40266,Liquid Lipstick Nude 5Ml,Renee,Makeup,Lipstick,Top 10,Active,799,52,55,,7,7891,BGR West,13,10,,50,2,61.3,,
2026-07,OL1012,HG-INORBIT AHMEDABAD 12,Health & Glow,MBO,Ahmedabad,Gujarat,West,SKU40281,Midnight Eyeliner Berry 2.5Ml,Renee,Makeup,Eyeliner,Others,Active,299,13,16,,4,1687,BGR West,8,7,,50,2,61.3,,
2026-07,OL1012,HG-INORBIT AHMEDABAD 12,Health & Glow,MBO,Ahmedabad,Gujarat,West,SKU40425,Kajal Vanilla 0.35Gm,Renee,Makeup,Eyeliner,Top 25,Active,299,0,6,,8,3375,BGR West,14,14,,50,2,61.3,,
2026-07,OL1012,HG-INORBIT AHMEDABAD 12,Health & Glow,MBO,Ahmedabad,Gujarat,West,SKU40529,Kajal Rose 0.35Gm,Renee,Makeup,Eyeliner,Others,Active,449,5,5,,1,633,BGR West,3,2,,50,2,61.3,2026-03,
2026-07,OL1012,HG-INORBIT AHMEDABAD 12,Health & Glow,MBO,Ahmedabad,Gujarat,West,SKU40544,Bb Cream Peach 30Ml,Renee,Makeup,Foundation,Top 10,Active,599,70,68,,8,6761,BGR West,8,6,,50,2,61.3,,
2026-07,OL1012,HG-INORBIT AHMEDABAD 12,Health & Glow,MBO,Ahmedabad,Gujarat,West,SKU40588,Bb Cream Coral 30Ml,Renee,Makeup,Foundation,Top 10,Active,349,108,107,,8,3939,BGR West,11,7,,50,2,61.3,,
2026-07,OL1012,HG-INORBIT AHMEDABAD 12,Health & Glow,MBO,Ahmedabad,Gujarat,West,SKU40662,Compact Powder Nude 9Gm,Renee,Makeup,Foundation,Top 25,Active,1199,22,21,,2,3383,BGR West,2,1,,50,2,61.3,,
2026-07,OL1012,HG-INORBIT AHMEDABAD 12,Health & Glow,MBO,Ahmedabad,Gujarat,West,SKU40812,Blending Brush R1,Renee,Makeup,Brushes,Top 10,Active,599,40,42,,8,6761,BGR West,15,10,,50,2,61.3,2025-09,
2026-07,OL1012,HG-INORBIT AHMEDABAD 12,Health & Glow,MBO,Ahmedabad,Gujarat,West,SKU40836,Blending Brush R4,Renee,Makeup,Brushes,Top 10,Active,1199,22,25,,6,10149,BGR West,16,12,,50,2,61.3,,
2026-07,OL1012,HG-INORBIT AHMEDABAD 12,Health & Glow,MBO,Ahmedabad,Gujarat,West,SKU40850,Powder Brush R8,Renee,Makeup,Brushes,Top 25,Active,650,43,0,,0,0,BGR West,13,13,,50,2,61.3,,
2026-07,OL1012,HG-INORBIT AHMEDABAD 12,Health & Glow,MBO,Ahmedabad,Gujarat,West,SKU40928,Powder Brush R4,Renee,Makeup,Brushes,Top 25,Active,650,69,70,,1,917,BGR West,2,2,,50,2,61.3,,
2026-07,OL1012,HG-INORBIT AHMEDABAD 12,Health & Glow,MBO,Ahmedabad,Gujarat,West,SKU41215,Perfume Midnight 50Ml,Renee,Fragrance,EDP,Others,Active,399,19,20,,3,1689,BGR West,6,4,,55,2,61.3,,
2026-07,OL1012,HG-INORBIT AHMEDABAD 12,Health & Glow,MBO,Ahmedabad,Gujarat,West,SKU41295,Perfume Rose 50Ml,Renee,Fragrance,EDP,Top 25,Active,599,16,18,,4,3380,BGR West,7,6,,55,2,61.3,,
2026-07,OL1012,HG-INORBIT AHMEDABAD 12,Health & Glow,MBO,Ahmedabad,Gujarat,West,SKU41420,Body Mist Coral 100Ml,Renee,Fragrance,Body Mist,Top 25,Active,399,0,0,,4,2252,BGR West,7,7,,55,2,61.3,,
2026-07,OL1012,HG-INORBIT AHMEDABAD 12,Health & Glow,MBO,Ahmedabad,Gujarat,West,SKU41536,Body Mist Nude 100Ml,Renee,Fragrance,Body Mist,Top 25,Active,349,41,47,,6,2954,BGR West,12,12,,55,2,61.3,,
2026-07,OL1012,HG-INORBIT AHMEDABAD 12,Health & Glow,MBO,Ahmedabad,Gujarat,West,SKU41608,Hair Oil Berry 100Ml,Renee,Haircare,Hair Oil,Others,Active,449,2,3,,4,2534,BGR West,6,5,,35,2,61.3,,
2026-07,OL1013,HG-SELECT SURAT 13,Health & Glow,MBO,Surat,Gujarat,West,SKU40078,Matte Lip Color Rose 4.2Ml,Renee,Makeup,Lipstick,Top 25,Active,650,24,26,,5,3589,BGR West,7,7,,50,2,89,,
2026-07,OL1013,HG-SELECT SURAT 13,Health & Glow,MBO,Surat,Gujarat,West,SKU40127,Matte Lip Color Coral 4.2Ml,Renee,Makeup,Lipstick,Top 25,Active,499,24,28,,3,1653,BGR West,8,7,,50,2,89,,
2026-07,OL1013,HG-SELECT SURAT 13,Health & Glow,MBO,Surat,Gujarat,West,SKU40318,Midnight Eyeliner Hazelnut 2.5Ml,Renee,Makeup,Eyeliner,Others,Active,650,23,26,,1,718,BGR West,6,5,,50,2,89,,
2026-07,OL1013,HG-SELECT SURAT 13,Health & Glow,MBO,Surat,Gujarat,West,SKU40381,Midnight Eyeliner Ocean 2.5Ml,Renee,Makeup,Eyeliner,Top 25,Active,699,24,0,,6,4632,BGR West,6,6,,50,2,89,,
2026-07,OL1013,HG-SELECT SURAT 13,Health & Glow,MBO,Surat,Gujarat,West,SKU40425,Kajal Vanilla 0.35Gm,Renee,Makeup,Eyeliner,Top 25,Active,299,32,36,,8,2642,BGR West,15,12,,50,2,89,,
2026-07,OL1013,HG-SELECT SURAT 13,Health & Glow,MBO,Surat,Gujarat,West,SKU40490,Kajal Midnight 0.35Gm,Renee,Makeup,Eyeliner,Top 10,Active,599,39,42,,12,7938,BGR West,22,15,,50,2,89,,
2026-07,OL1013,HG-SELECT SURAT 13,Health & Glow,MBO,Surat,Gujarat,West,SKU40588,Bb Cream Coral 30Ml,Renee,Makeup,Foundation,Top 10,Active,349,101,0,,7,2698,BGR West,13,10,,50,2,89,,
2026-07,OL1013,HG-SELECT SURAT 13,Health & Glow,MBO,Surat,Gujarat,West,SKU40595,Compact Powder Mocha 9Gm,Renee,Makeup,Foundation,Top 10,Active,449,28,31,,9,4463,BGR West,13,12,,50,2,89,,
2026-07,OL1013,HG-SELECT SURAT 13,Health & Glow,MBO,Surat,Gujarat,West,SKU40722,Compact Powder Berry 9Gm,Renee,Makeup,Foundation,Top 10,Active,799,7,10,,7,6177,BGR West,13,10,,50,2,89,,
2026-07,OL1013,HG-SELECT SURAT 13,Health & Glow,MBO,Surat,Gujarat,West,SKU40836,Blending Brush R4,Renee,Makeup,Brushes,Top 10,Active,1199,48,52,,8,10593,BGR West,12,12,,50,2,89,,
2026-07,OL1013,HG-SELECT SURAT 13,Health & Glow,MBO,Surat,Gujarat,West,SKU40951,Sunscreen Gel Spf 50 70Ml,Renee,Skincare,Sunscreen,Top 25,Active,999,25,28,,3,3310,BGR West,7,6,,45,2,89,,
2026-07,OL1013,HG-SELECT SURAT 13,Health & Glow,MBO,Surat,Gujarat,West,SKU40979,Sunscreen Gel Spf 50 50Ml,Renee,Skincare,Sunscreen,Top 25,Active,799,4,8,,4,3529,BGR West,8,8,,45,2,89,,
2026-07,OL1013,HG-SELECT SURAT 13,Health & Glow,MBO,Surat,Gujarat,West,SKU41012,Vitamin C Serum 30Ml,Renee,Skincare,Serum,Others,Active,599,21,22,,7,4630,BGR West,8,8,,45,2,89,2026-06,
2026-07,OL1013,HG-SELECT SURAT 13,Health & Glow,MBO,Surat,Gujarat,West,SKU41024,Vitamin C Serum 30Ml,Renee,Skincare,Serum,Others,Active,449,19,20,,2,992,BGR West,4,3,,45,2,89,,
2026-07,OL1013,HG-SELECT SURAT 13,Health & Glow,MBO,Surat,Gujarat,West,SKU41048,Face Wash Ocean 20Ml,Renee,Skincare,Cleanser,Others,Active,349,0,3,,6,2312,BGR West,12,9,,45,2,89,,
2026-07,OL1013,HG-SELECT SURAT 13,Health & Glow,MBO,Surat,Gujarat,West,SKU41129,Face Wash Vanilla 40Ml,Renee,Skincare,Cleanser,Others,Active,299,4,5,,3,991,BGR West,5,4,,45,2,89,,
2026-07,OL1013,HG-SELECT SURAT 13,Health & Glow,MBO,Surat,Gujarat,West,SKU41420,Body Mist Coral 100Ml,Renee,Fragrance,Body Mist,Top 25,Active,399,34,34,,4,1763,BGR West,6,4,,55,2,89,,
2026-07,OL1013,HG-SELECT SURAT 13,Health & Glow,MBO,Surat,Gujarat,West,SKU41536,Body Mist Nude 100Ml,Renee,Fragrance,Body Mist,Top 25,Active,349,31,37,,15,5781,BGR West,23,21,,55,2,89,,
2026-07,OL1013,HG-SELECT SURAT 13,Health & Glow,MBO,Surat,Gujarat,West,SKU41608,Hair Oil Berry 100Ml,Renee,Haircare,Hair Oil,Others,Active,449,11,12,,3,1488,BGR West,5,4,,35,2,89,,
2026-07,OL1013,HG-SELECT SURAT 13,Health & Glow,MBO,Surat,Gujarat,West,SKU41647,Hair Oil Hazelnut 100Ml,Renee,Haircare,Hair Oil,Others,Active,799,1,1,,4,3529,BGR West,5,4,,35,2,89,,
2026-07,OL1014,HG-FORUM CHANDIGARH 14,Health & Glow,MBO,Chandigarh,Punjab,North,SKU40078,Matte Lip Color Rose 4.2Ml,Renee,Makeup,Lipstick,Top 25,Active,650,7,5,,1,752,BGR North,1,1,,50,1,80.6,,
2026-07,OL1014,HG-FORUM CHANDIGARH 14,Health & Glow,MBO,Chandigarh,Punjab,North,SKU40127,Matte Lip Color Coral 4.2Ml,Renee,Makeup,Lipstick,Top 25,Active,499,3,4,,4,2308,BGR North,5,5,,50,1,80.6,,
2026-07,OL1014,HG-FORUM CHANDIGARH 14,Health & Glow,MBO,Chandigarh,Punjab,North,SKU40281,Midnight Eyeliner Berry 2.5Ml,Renee,Makeup,Eyeliner,Others,Active,299,37,38,,3,1037,BGR North,6,5,,50,1,80.6,,
2026-07,OL1014,HG-FORUM CHANDIGARH 14,Health & Glow,MBO,Chandigarh,Punjab,North,SKU40381,Midnight Eyeliner Ocean 2.5Ml,Renee,Makeup,Eyeliner,Top 25,Active,699,25,26,,4,3233,BGR North,5,5,,50,1,80.6,,
2026-07,OL1014,HG-FORUM CHANDIGARH 14,Health & Glow,MBO,Chandigarh,Punjab,North,SKU40425,Kajal Vanilla 0.35Gm,Renee,Makeup,Eyeliner,Top 25,Active,299,7,10,,3,1037,BGR North,7,6,,50,1,80.6,,
2026-07,OL1014,HG-FORUM CHANDIGARH 14,Health & Glow,MBO,Chandigarh,Punjab,North,SKU40490,Kajal Midnight 0.35Gm,Renee,Makeup,Eyeliner,Top 10,Active,599,12,16,,3,2078,BGR North,7,7,,50,1,80.6,,
2026-07,OL1014,HG-FORUM CHANDIGARH 14,Health & Glow,MBO,Chandigarh,Punjab,North,SKU40588,Bb Cream Coral 30Ml,Renee,Makeup,Foundation,Top 10,Active,349,5,9,,2,807,BGR North,6,6,,50,1,80.6,,
2026-07,OL1014,HG-FORUM CHANDIGARH 14,Health & Glow,MBO,Chandigarh,Punjab,North,SKU40595,Compact Powder Mocha 9Gm,Renee,Makeup,Foundation,Top 10,Active,449,14,0,,4,2077,BGR North,4,4,,50,1,80.6,,
2026-07,OL1014,HG-FORUM CHANDIGARH 14,Health & Glow,MBO,Chandigarh,Punjab,North,SKU40662,Compact Powder Nude 9Gm,Renee,Makeup,Foundation,Top 25,Active,1199,0,1,,4,5546,BGR North,7,5,,50,1,80.6,,
2026-07,OL1014,HG-FORUM CHANDIGARH 14,Health & Glow,MBO,Chandigarh,Punjab,North,SKU40722,Compact Powder Berry 9Gm,Renee,Makeup,Foundation,Top 10,Active,799,21,23,,4,3696,BGR North,7,6,,50,1,80.6,,
2026-07,OL1014,HG-FORUM CHANDIGARH 14,Health & Glow,MBO,Chandigarh,Punjab,North,SKU40850,Powder Brush R8,Renee,Makeup,Brushes,Top 25,Active,650,3,2,,4,3006,BGR North,5,3,,50,1,80.6,,
2026-07,OL1014,HG-FORUM CHANDIGARH 14,Health & Glow,MBO,Chandigarh,Punjab,North,SKU40928,Powder Brush R4,Renee,Makeup,Brushes,Top 25,Active,650,17,17,,2,1503,BGR North,5,5,,50,1,80.6,,
2026-07,OL1014,HG-FORUM CHANDIGARH 14,Health & Glow,MBO,Chandigarh,Punjab,North,SKU40979,Sunscreen Gel Spf 50 50Ml,Renee,Skincare,Sunscreen,Top 25,Active,799,15,15,,4,3696,BGR North,6,4,,45,1,80.6,,
2026-07,OL1014,HG-FORUM CHANDIGARH 14,Health & Glow,MBO,Chandigarh,Punjab,North,SKU41012,Vitamin C Serum 30Ml,Renee,Skincare,Serum,Others,Active,599,6,7,,2,1385,BGR North,4,3,,45,1,80.6,2026-06,
2026-07,OL1014,HG-FORUM CHANDIGARH 14,Health & Glow,MBO,Chandigarh,Punjab,North,SKU41048,Face Wash Ocean 20Ml,Renee,Skincare,Cleanser,Others,Active,349,19,17,,2,807,BGR North,5,4,,45,1,80.6,,
2026-07,OL1014,HG-FORUM CHANDIGARH 14,Health & Glow,MBO,Chandigarh,Punjab,North,SKU41420,Body Mist Coral 100Ml,Renee,Fragrance,Body Mist,Top 25,Active,399,28,28,,3,1384,BGR North,3,3,,55,1,80.6,,
2026-07,OL1015,HG-FORUM NOIDA 15,Health & Glow,MBO,Noida,Uttar Pradesh,North,SKU40108,Matte Lip Color Peach 4.2Ml,Renee,Makeup,Lipstick,Top 10,Active,650,16,14,,3,1883,BGR North,2,1,,50,2,86.5,,
2026-07,OL1015,HG-FORUM NOIDA 15,Health & Glow,MBO,Noida,Uttar Pradesh,North,SKU40127,Matte Lip Color Coral 4.2Ml,Renee,Makeup,Lipstick,Top 25,Active,499,0,1,,1,482,BGR North,2,2,,50,2,86.5,,
2026-07,OL1015,HG-FORUM NOIDA 15,Health & Glow,MBO,Noida,Uttar Pradesh,North,SKU40281,Midnight Eyeliner Berry 2.5Ml,Renee,Makeup,Eyeliner,Others,Active,299,19,20,,3,866,BGR North,6,4,,50,2,86.5,,
2026-07,OL1015,HG-FORUM NOIDA 15,Health & Glow,MBO,Noida,Uttar Pradesh,North,SKU40318,Midnight Eyeliner Hazelnut 2.5Ml,Renee,Makeup,Eyeliner,Others,Active,650,6,4,,2,1255,BGR North,1,0,,50,2,86.5,,
2026-07,OL1015,HG-FORUM NOIDA 15,Health & Glow,MBO,Noida,Uttar Pradesh,North,SKU40425,Kajal Vanilla 0.35Gm,Renee,Makeup,Eyeliner,Top 25,Active,299,5,7,,3,866,BGR North,7,6,,50,2,86.5,,
2026-07,OL1015,HG-FORUM NOIDA 15,Health & Glow,MBO,Noida,Uttar Pradesh,North,SKU40490,Kajal Midnight 0.35Gm,Renee,Makeup,Eyeliner,Top 10,Active,599,0,4,,4,2314,BGR North,9,8,,50,2,86.5,,
2026-07,OL1015,HG-FORUM NOIDA 15,Health & Glow,MBO,Noida,Uttar Pradesh,North,SKU40588,Bb Cream Coral 30Ml,Renee,Makeup,Foundation,Top 10,Active,349,35,34,,4,1348,BGR North,4,3,,50,2,86.5,,
2026-07,OL1015,HG-FORUM NOIDA 15,Health & Glow,MBO,Noida,Uttar Pradesh,North,SKU40812,Blending Brush R1,Renee,Makeup,Brushes,Top 10,Active,599,13,14,,2,1157,BGR North,4,3,,50,2,86.5,2025-09,
2026-07,OL1015,HG-FORUM NOIDA 15,Health & Glow,MBO,Noida,Uttar Pradesh,North,SKU40836,Blending Brush R4,Renee,Makeup,Brushes,Top 10,Active,1199,15,19,,2,2316,BGR North,6,6,,50,2,86.5,,
2026-07,OL1015,HG-FORUM NOIDA 15,Health & Glow,MBO,Noida,Uttar Pradesh,North,SKU40850,Powder Brush R8,Renee,Makeup,Brushes,Top 25,Active,650,17,12,,2,1255,BGR North,5,4,,50,2,86.5,,
2026-07,OL1015,HG-FORUM NOIDA 15,Health & Glow,MBO,Noida,Uttar Pradesh,North,SKU40928,Powder Brush R4,Renee,Makeup,Brushes,Top 25,Active,650,0,2,,0,0,BGR North,3,2,,50,2,86.5,,
2026-07,OL1015,HG-FORUM NOIDA 15,Health & Glow,MBO,Noida,Uttar Pradesh,North,SKU40972,Sunscreen Gel Spf 50 70Ml,Renee,Skincare,Sunscreen,Top 25,Active,599,0,0,,2,1157,BGR North,3,2,,45,2,86.5,,
2026-07,OL1015,HG-FORUM NOIDA 15,Health & Glow,MBO,Noida,Uttar Pradesh,North,SKU40979,Sunscreen Gel Spf 50 50Ml,Renee,Skincare,Sunscreen,Top 25,Active,799,36,18,,3,2315,BGR North,5,3,,45,2,86.5,,
2026-07,OL1015,HG-FORUM NOIDA 15,Health & Glow,MBO,Noida,Uttar Pradesh,North,SKU41032,Face Wash Hazelnut 60Ml,Renee,Skincare,Cleanser,Others,Active,499,4,6,,3,1446,BGR North,7,5,,45,2,86.5,,
2026-07,OL1015,HG-FORUM NOIDA 15,Health & Glow,MBO,Noida,Uttar Pradesh,North,SKU41295,Perfume Rose 50Ml,Renee,Fragrance,EDP,Top 25,Active,599,16,16,,2,1157,BGR North,3,2,,55,2,86.5,,
2026-07,OL1015,HG-FORUM NOIDA 15,Health & Glow,MBO,Noida,Uttar Pradesh,North,SKU41382,Perfume Peach 50Ml,Renee,Fragrance,EDP,Top 25,Active,499,0,0,,2,964,BGR North,3,2,,55,2,86.5,2025-08,
2026-07,OL1015,HG-FORUM NOIDA 15,Health & Glow,MBO,Noida,Uttar Pradesh,North,SKU41420,Body Mist Coral 100Ml,Renee,Fragrance,Body Mist,Top 25,Active,399,23,23,,2,771,BGR North,3,2,,55,2,86.5,,
2026-07,OL1016,HG-INORBIT KOCHI 16,Health & Glow,MBO,Kochi,Kerala,South,SKU40108,Matte Lip Color Peach 4.2Ml,Renee,Makeup,Lipstick,Top 10,Active,650,8,15,,6,4293,BGR South,13,13,,50,4,61,,
2026-07,OL1016,HG-INORBIT KOCHI 16,Health & Glow,MBO,Kochi,Kerala,South,SKU40127,Matte Lip Color Coral 4.2Ml,Renee,Makeup,Lipstick,Top 25,Active,499,4,6,,2,1099,BGR South,5,4,,50,4,61,,
2026-07,OL1016,HG-INORBIT KOCHI 16,Health & Glow,MBO,Kochi,Kerala,South,SKU40202,Liquid Lipstick Mocha 5Ml,Renee,Makeup,Lipstick,Top 25,Active,799,15,15,,2,1759,BGR South,4,2,,50,4,61,2025-11,
2026-07,OL1016,HG-INORBIT KOCHI 16,Health & Glow,MBO,Kochi,Kerala,South,SKU40266,Liquid Lipstick Nude 5Ml,Renee,Makeup,Lipstick,Top 10,Active,799,54,0,,15,13192,BGR South,22,22,,50,4,61,,
2026-07,OL1016,HG-INORBIT KOCHI 16,Health & Glow,MBO,Kochi,Kerala,South,SKU40281,Midnight Eyeliner Berry 2.5Ml,Renee,Makeup,Eyeliner,Others,Active,299,5,11,,4,1316,BGR South,10,10,,50,4,61,,
2026-07,OL1016,HG-INORBIT KOCHI 16,Health & Glow,MBO,Kochi,Kerala,South,SKU40318,Midnight Eyeliner Hazelnut 2.5Ml,Renee,Makeup,Eyeliner,Others,Active,650,1,2,,2,1431,BGR South,4,3,,50,4,61,,
2026-07,OL1016,HG-INORBIT KOCHI 16,Health & Glow,MBO,Kochi,Kerala,South,SKU40425,Kajal Vanilla 0.35Gm,Renee,Makeup,Eyeliner,Top 25,Active,299,6,11,,12,3949,BGR South,17,17,,50,4,61,,
2026-07,OL1016,HG-INORBIT KOCHI 16,Health & Glow,MBO,Kochi,Kerala,South,SKU40490,Kajal Midnight 0.35Gm,Renee,Makeup,Eyeliner,Top 10,Active,599,58,59,,3,1978,BGR South,5,4,,50,4,61,,
2026-07,OL1016,HG-INORBIT KOCHI 16,Health & Glow,MBO,Kochi,Kerala,South,SKU40544,Bb Cream Peach 30Ml,Renee,Makeup,Foundation,Top 10,Active,599,133,132,,8,5275,BGR South,13,11,,50,4,61,,
2026-07,OL1016,HG-INORBIT KOCHI 16,Health & Glow,MBO,Kochi,Kerala,South,SKU40588,Bb Cream Coral 30Ml,Renee,Makeup,Foundation,Top 10,Active,349,7,8,,12,4610,BGR South,15,13,,50,4,61,,
2026-07,OL1016,HG-INORBIT KOCHI 16,Health & Glow,MBO,Kochi,Kerala,South,SKU40722,Compact Powder Berry 9Gm,Renee,Makeup,Foundation,Top 10,Active,799,22,21,,8,7036,BGR South,9,7,,50,4,61,,
2026-07,OL1016,HG-INORBIT KOCHI 16,Health & Glow,MBO,Kochi,Kerala,South,SKU40763,Blending Brush R6,Renee,Makeup,Brushes,Others,Active,349,22,22,,4,1537,BGR South,5,4,,50,4,61,,
2026-07,OL1016,HG-INORBIT KOCHI 16,Health & Glow,MBO,Kochi,Kerala,South,SKU40812,Blending Brush R1,Renee,Makeup,Brushes,Top 10,Active,599,2,64,,9,5934,BGR South,11,11,,50,4,61,2025-09,
2026-07,OL1016,HG-INORBIT KOCHI 16,Health & Glow,MBO,Kochi,Kerala,South,SKU40836,Blending Brush R4,Renee,Makeup,Brushes,Top 10,Active,1199,22,30,,12,15837,BGR South,25,20,,50,4,61,,
2026-07,OL1016,HG-INORBIT KOCHI 16,Health & Glow,MBO,Kochi,Kerala,South,SKU40928,Powder Brush R4,Renee,Makeup,Brushes,Top 25,Active,650,0,3,,5,3577,BGR South,10,8,,50,4,61,,
2026-07,OL1016,HG-INORBIT KOCHI 16,Health & Glow,MBO,Kochi,Kerala,South,SKU40951,Sunscreen Gel Spf 50 70Ml,Renee,Skincare,Sunscreen,Top 25,Active,999,2,2,,2,2199,BGR South,3,2,,45,4,61,,
2026-07,OL1016,HG-INORBIT KOCHI 16,Health & Glow,MBO,Kochi,Kerala,South,SKU40972,Sunscreen Gel Spf 50 70Ml,Renee,Skincare,Sunscreen,Top 25,Active,599,6,12,,6,3956,BGR South,13,12,,45,4,61,,
2026-07,OL1016,HG-INORBIT KOCHI 16,Health & Glow,MBO,Kochi,Kerala,South,SKU41024,Vitamin C Serum 30Ml,Renee,Skincare,Serum,Others,Active,449,1,1,,1,494,BGR South,2,1,,45,4,61,,
2026-07,OL1016,HG-INORBIT KOCHI 16,Health & Glow,MBO,Kochi,Kerala,South,SKU41032,Face Wash Hazelnut 60Ml,Renee,Skincare,Cleanser,Others,Active,499,13,14,,4,2197,BGR South,5,5,,45,4,61,,
2026-07,OL1016,HG-INORBIT KOCHI 16,Health & Glow,MBO,Kochi,Kerala,South,SKU41129,Face Wash Vanilla 40Ml,Renee,Skincare,Cleanser,Others,Active,299,16,15,,4,1316,BGR South,4,3,,45,4,61,,
2026-07,OL1016,HG-INORBIT KOCHI 16,Health & Glow,MBO,Kochi,Kerala,South,SKU41382,Perfume Peach 50Ml,Renee,Fragrance,EDP,Top 25,Active,499,0,0,,0,0,BGR South,0,0,,55,4,61,2025-08,
2026-07,OL1016,HG-INORBIT KOCHI 16,Health & Glow,MBO,Kochi,Kerala,South,SKU41476,Body Mist Mocha 100Ml,Renee,Fragrance,Body Mist,Top 10,Active,799,7,12,,0,0,BGR South,17,17,,55,4,61,,
2026-07,OL1017,HG-PHOENIX NOIDA 17,Health & Glow,MBO,Noida,Uttar Pradesh,North,SKU40078,Matte Lip Color Rose 4.2Ml,Renee,Makeup,Lipstick,Top 25,Active,650,28,26,,4,2858,BGR North,3,2,,50,3,60.5,,
2026-07,OL1017,HG-PHOENIX NOIDA 17,Health & Glow,MBO,Noida,Uttar Pradesh,North,SKU40108,Matte Lip Color Peach 4.2Ml,Renee,Makeup,Lipstick,Top 10,Active,650,24,27,,7,5001,BGR North,12,10,,50,3,60.5,,
2026-07,OL1017,HG-PHOENIX NOIDA 17,Health & Glow,MBO,Noida,Uttar Pradesh,North,SKU40202,Liquid Lipstick Mocha 5Ml,Renee,Makeup,Lipstick,Top 25,Active,799,28,29,,3,2635,BGR North,5,4,,50,3,60.5,2025-11,
2026-07,OL1017,HG-PHOENIX NOIDA 17,Health & Glow,MBO,Noida,Uttar Pradesh,North,SKU40266,Liquid Lipstick Nude 5Ml,Renee,Makeup,Lipstick,Top 10,Active,799,48,50,,6,5269,BGR North,9,8,,50,3,60.5,,
2026-07,OL1017,HG-PHOENIX NOIDA 17,Health & Glow,MBO,Noida,Uttar Pradesh,North,SKU40281,Midnight Eyeliner Berry 2.5Ml,Renee,Makeup,Eyeliner,Others,Active,299,0,2,,3,986,BGR North,6,5,,50,3,60.5,,
2026-07,OL1017,HG-PHOENIX NOIDA 17,Health & Glow,MBO,Noida,Uttar Pradesh,North,SKU40318,Midnight Eyeliner Hazelnut 2.5Ml,Renee,Makeup,Eyeliner,Others,Active,650,1,2,,2,1429,BGR North,4,3,,50,3,60.5,,
2026-07,OL1017,HG-PHOENIX NOIDA 17,Health & Glow,MBO,Noida,Uttar Pradesh,North,SKU40381,Midnight Eyeliner Ocean 2.5Ml,Renee,Makeup,Eyeliner,Top 25,Active,699,27,30,,3,2305,BGR North,7,7,,50,3,60.5,,
2026-07,OL1017,HG-PHOENIX NOIDA 17,Health & Glow,MBO,Noida,Uttar Pradesh,North,SKU40490,Kajal Midnight 0.35Gm,Renee,Makeup,Eyeliner,Top 10,Active,599,49,49,,8,5267,BGR North,11,8,,50,3,60.5,,
2026-07,OL1017,HG-PHOENIX NOIDA 17,Health & Glow,MBO,Noida,Uttar Pradesh,North,SKU40722,Compact Powder Berry 9Gm,Renee,Makeup,Foundation,Top 10,Active,799,16,16,,2,1756,BGR North,3,2,,50,3,60.5,,
2026-07,OL1017,HG-PHOENIX NOIDA 17,Health & Glow,MBO,Noida,Uttar Pradesh,North,SKU40812,Blending Brush R1,Renee,Makeup,Brushes,Top 10,Active,599,12,13,,6,3950,BGR North,8,7,,50,3,60.5,2025-09,
2026-07,OL1017,HG-PHOENIX NOIDA 17,Health & Glow,MBO,Noida,Uttar Pradesh,North,SKU40979,Sunscreen Gel Spf 50 50Ml,Renee,Skincare,Sunscreen,Top 25,Active,799,17,19,,2,1756,BGR North,4,4,,45,3,60.5,,
2026-07,OL1017,HG-PHOENIX NOIDA 17,Health & Glow,MBO,Noida,Uttar Pradesh,North,SKU41032,Face Wash Hazelnut 60Ml,Renee,Skincare,Cleanser,Others,Active,499,26,0,,3,1645,BGR North,5,4,,45,3,60.5,,
2026-07,OL1017,HG-PHOENIX NOIDA 17,Health & Glow,MBO,Noida,Uttar Pradesh,North,SKU41048,Face Wash Ocean 20Ml,Renee,Skincare,Cleanser,Others,Active,349,2,5,,4,1534,BGR North,8,7,,45,3,60.5,,
2026-07,OL1017,HG-PHOENIX NOIDA 17,Health & Glow,MBO,Noida,Uttar Pradesh,North,SKU41215,Perfume Midnight 50Ml,Renee,Fragrance,EDP,Others,Active,399,12,13,,3,1316,BGR North,7,4,,55,3,60.5,,
2026-07,OL1017,HG-PHOENIX NOIDA 17,Health & Glow,MBO,Noida,Uttar Pradesh,North,SKU41382,Perfume Peach 50Ml,Renee,Fragrance,EDP,Top 25,Active,499,94,27,,4,2194,BGR North,7,7,,55,3,60.5,2025-08,
2026-07,OL1017,HG-PHOENIX NOIDA 17,Health & Glow,MBO,Noida,Uttar Pradesh,North,SKU41536,Body Mist Nude 100Ml,Renee,Fragrance,Body Mist,Top 25,Active,349,19,20,,6,2302,BGR North,7,7,,55,3,60.5,,
2026-07,OL1017,HG-PHOENIX NOIDA 17,Health & Glow,MBO,Noida,Uttar Pradesh,North,SKU41608,Hair Oil Berry 100Ml,Renee,Haircare,Hair Oil,Others,Active,449,12,14,,2,987,BGR North,4,4,,35,3,60.5,,
2026-07,OL1018,HG-FORUM CHENNAI 18,Health & Glow,MBO,Chennai,Tamil Nadu,South,SKU40108,Matte Lip Color Peach 4.2Ml,Renee,Makeup,Lipstick,Top 10,Active,650,11,14,,1,691,BGR South,4,4,,50,3,56.9,,
2026-07,OL1018,HG-FORUM CHENNAI 18,Health & Glow,MBO,Chennai,Tamil Nadu,South,SKU40127,Matte Lip Color Coral 4.2Ml,Renee,Makeup,Lipstick,Top 25,Active,499,9,9,,2,1061,BGR South,2,2,,50,3,56.9,,
2026-07,OL1018,HG-FORUM CHENNAI 18,Health & Glow,MBO,Chennai,Tamil Nadu,South,SKU40266,Liquid Lipstick Nude 5Ml,Renee,Makeup,Lipstick,Top 10,Active,799,52,52,,3,2548,BGR South,4,3,,50,3,56.9,,
2026-07,OL1018,HG-FORUM CHENNAI 18,Health & Glow,MBO,Chennai,Tamil Nadu,South,SKU40281,Midnight Eyeliner Berry 2.5Ml,Renee,Makeup,Eyeliner,Others,Active,299,3,3,,2,636,BGR South,3,2,,50,3,56.9,,
2026-07,OL1018,HG-FORUM CHENNAI 18,Health & Glow,MBO,Chennai,Tamil Nadu,South,SKU40381,Midnight Eyeliner Ocean 2.5Ml,Renee,Makeup,Eyeliner,Top 25,Active,699,9,10,,4,2972,BGR South,7,5,,50,3,56.9,,
2026-07,OL1018,HG-FORUM CHENNAI 18,Health & Glow,MBO,Chennai,Tamil Nadu,South,SKU40490,Kajal Midnight 0.35Gm,Renee,Makeup,Eyeliner,Top 10,Active,599,0,0,,8,5093,BGR South,11,9,,50,3,56.9,,
2026-07,OL1018,HG-FORUM CHENNAI 18,Health & Glow,MBO,Chennai,Tamil Nadu,South,SKU40544,Bb Cream Peach 30Ml,Renee,Makeup,Foundation,Top 10,Active,599,43,47,,3,1910,BGR South,7,7,,50,3,56.9,,
2026-07,OL1018,HG-FORUM CHENNAI 18,Health & Glow,MBO,Chennai,Tamil Nadu,South,SKU40595,Compact Powder Mocha 9Gm,Renee,Makeup,Foundation,Top 10,Active,449,59,63,,8,3818,BGR South,15,12,,50,3,56.9,,
2026-07,OL1018,HG-FORUM CHENNAI 18,Health & Glow,MBO,Chennai,Tamil Nadu,South,SKU40763,Blending Brush R6,Renee,Makeup,Brushes,Others,Active,349,5,7,,2,742,BGR South,5,4,,50,3,56.9,,
2026-07,OL1018,HG-FORUM CHENNAI 18,Health & Glow,MBO,Chennai,Tamil Nadu,South,SKU40850,Powder Brush R8,Renee,Makeup,Brushes,Top 25,Active,650,37,37,,4,2763,BGR South,5,4,,50,3,56.9,,
2026-07,OL1018,HG-FORUM CHENNAI 18,Health & Glow,MBO,Chennai,Tamil Nadu,South,SKU40928,Powder Brush R4,Renee,Makeup,Brushes,Top 25,Active,650,17,16,,3,2073,BGR South,4,2,,50,3,56.9,,
2026-07,OL1018,HG-FORUM CHENNAI 18,Health & Glow,MBO,Chennai,Tamil Nadu,South,SKU40979,Sunscreen Gel Spf 50 50Ml,Renee,Skincare,Sunscreen,Top 25,Active,799,3,2,,4,3397,BGR South,4,3,,45,3,56.9,,
2026-07,OL1018,HG-FORUM CHENNAI 18,Health & Glow,MBO,Chennai,Tamil Nadu,South,SKU41012,Vitamin C Serum 30Ml,Renee,Skincare,Serum,Others,Active,599,18,17,,6,3820,BGR South,7,5,,45,3,56.9,2026-06,
2026-07,OL1018,HG-FORUM CHENNAI 18,Health & Glow,MBO,Chennai,Tamil Nadu,South,SKU41048,Face Wash Ocean 20Ml,Renee,Skincare,Cleanser,Others,Active,349,6,5,,3,1113,BGR South,4,2,,45,3,56.9,,
2026-07,OL1018,HG-FORUM CHENNAI 18,Health & Glow,MBO,Chennai,Tamil Nadu,South,SKU41382,Perfume Peach 50Ml,Renee,Fragrance,EDP,Top 25,Active,499,0,2,,2,1061,BGR South,7,6,,55,3,56.9,2025-08,
2026-07,OL1018,HG-FORUM CHENNAI 18,Health & Glow,MBO,Chennai,Tamil Nadu,South,SKU41476,Body Mist Mocha 100Ml,Renee,Fragrance,Body Mist,Top 10,Active,799,2,5,,6,5095,BGR South,10,9,,55,3,56.9,,
2026-07,OL1018,HG-FORUM CHENNAI 18,Health & Glow,MBO,Chennai,Tamil Nadu,South,SKU41536,Body Mist Nude 100Ml,Renee,Fragrance,Body Mist,Top 25,Active,349,22,21,,6,2226,BGR South,6,5,,55,3,56.9,,
2026-07,OL1018,HG-FORUM CHENNAI 18,Health & Glow,MBO,Chennai,Tamil Nadu,South,SKU41647,Hair Oil Hazelnut 100Ml,Renee,Haircare,Hair Oil,Others,Active,799,6,7,,2,1698,BGR South,5,3,,35,3,56.9,,
2026-07,OL1019,HG-CITY CENTRE HYDERABAD 19,Health & Glow,MBO,Hyderabad,Telangana,South,SKU40078,Matte Lip Color Rose 4.2Ml,Renee,Makeup,Lipstick,Top 25,Active,650,12,13,,3,2327,BGR South,4,4,,50,3,92.9,,
2026-07,OL1019,HG-CITY CENTRE HYDERABAD 19,Health & Glow,MBO,Hyderabad,Telangana,South,SKU40108,Matte Lip Color Peach 4.2Ml,Renee,Makeup,Lipstick,Top 10,Active,650,15,16,,4,3102,BGR South,5,5,,50,3,92.9,,
2026-07,OL1019,HG-CITY CENTRE HYDERABAD 19,Health & Glow,MBO,Hyderabad,Telangana,South,SKU40202,Liquid Lipstick Mocha 5Ml,Renee,Makeup,Lipstick,Top 25,Active,799,0,0,,3,2860,BGR South,3,3,,50,3,92.9,2025-11,
2026-07,OL1019,HG-CITY CENTRE HYDERABAD 19,Health & Glow,MBO,Hyderabad,Telangana,South,SKU40266,Liquid Lipstick Nude 5Ml,Renee,Makeup,Lipstick,Top 10,Active,799,38,39,,10,9533,BGR South,11,11,,50,3,92.9,,
2026-07,OL1019,HG-CITY CENTRE HYDERABAD 19,Health & Glow,MBO,Hyderabad,Telangana,South,SKU40281,Midnight Eyeliner Berry 2.5Ml,Renee,Makeup,Eyeliner,Others,Active,299,15,13,,2,713,BGR South,4,3,,50,3,92.9,,
2026-07,OL1019,HG-CITY CENTRE HYDERABAD 19,Health & Glow,MBO,Hyderabad,Telangana,South,SKU40318,Midnight Eyeliner Hazelnut 2.5Ml,Renee,Makeup,Eyeliner,Others,Active,650,1,2,,3,2327,BGR South,5,4,,50,3,92.9,,
2026-07,OL1019,HG-CITY CENTRE HYDERABAD 19,Health & Glow,MBO,Hyderabad,Telangana,South,SKU40425,Kajal Vanilla 0.35Gm,Renee,Makeup,Eyeliner,Top 25,Active,299,1,5,,8,2854,BGR South,14,12,,50,3,92.9,,
2026-07,OL1019,HG-CITY CENTRE HYDERABAD 19,Health & Glow,MBO,Hyderabad,Telangana,South,SKU40544,Bb Cream Peach 30Ml,Renee,Makeup,Foundation,Top 10,Active,599,0,6,,8,5717,BGR South,16,14,,50,3,92.9,,
2026-07,OL1019,HG-CITY CENTRE HYDERABAD 19,Health & Glow,MBO,Hyderabad,Telangana,South,SKU40588,Bb Cream Coral 30Ml,Renee,Makeup,Foundation,Top 10,Active,349,54,59,,8,3331,BGR South,13,13,,50,3,92.9,,
2026-07,OL1019,HG-CITY CENTRE HYDERABAD 19,Health & Glow,MBO,Hyderabad,Telangana,South,SKU40595,Compact Powder Mocha 9Gm,Renee,Makeup,Foundation,Top 10,Active,449,13,20,,9,4821,BGR South,16,16,,50,3,92.9,,
2026-07,OL1019,HG-CITY CENTRE HYDERABAD 19,Health & Glow,MBO,Hyderabad,Telangana,South,SKU40836,Blending Brush R4,Renee,Makeup,Brushes,Top 10,Active,1199,21,0,,4,5722,BGR South,10,10,,50,3,92.9,,
2026-07,OL1019,HG-CITY CENTRE HYDERABAD 19,Health & Glow,MBO,Hyderabad,Telangana,South,SKU40850,Powder Brush R8,Renee,Makeup,Brushes,Top 25,Active,650,25,27,,4,3102,BGR South,6,6,,50,3,92.9,,
2026-07,OL1019,HG-CITY CENTRE HYDERABAD 19,Health & Glow,MBO,Hyderabad,Telangana,South,SKU40928,Powder Brush R4,Renee,Makeup,Brushes,Top 25,Active,650,39,39,,4,3102,BGR South,5,4,,50,3,92.9,,
2026-07,OL1019,HG-CITY CENTRE HYDERABAD 19,Health & Glow,MBO,Hyderabad,Telangana,South,SKU40972,Sunscreen Gel Spf 50 70Ml,Renee,Skincare,Sunscreen,Top 25,Active,599,11,11,,3,2144,BGR South,4,3,,45,3,92.9,,
2026-07,OL1019,HG-CITY CENTRE HYDERABAD 19,Health & Glow,MBO,Hyderabad,Telangana,South,SKU41012,Vitamin C Serum 30Ml,Renee,Skincare,Serum,Others,Active,599,12,10,,7,5003,BGR South,8,5,,45,3,92.9,2026-06,
2026-07,OL1019,HG-CITY CENTRE HYDERABAD 19,Health & Glow,MBO,Hyderabad,Telangana,South,SKU41048,Face Wash Ocean 20Ml,Renee,Skincare,Cleanser,Others,Active,349,0,0,,2,833,BGR South,4,3,,45,3,92.9,,
2026-07,OL1019,HG-CITY CENTRE HYDERABAD 19,Health & Glow,MBO,Hyderabad,Telangana,South,SKU41129,Face Wash Vanilla 40Ml,Renee,Skincare,Cleanser,Others,Active,299,3,4,,1,357,BGR South,4,2,,45,3,92.9,,
2026-07,OL1019,HG-CITY CENTRE HYDERABAD 19,Health & Glow,MBO,Hyderabad,Telangana,South,SKU41215,Perfume Midnight 50Ml,Renee,Fragrance,EDP,Others,Active,399,18,20,,4,1904,BGR South,7,6,,55,3,92.9,,
2026-07,OL1019,HG-CITY CENTRE HYDERABAD 19,Health & Glow,MBO,Hyderabad,Telangana,South,SKU41295,Perfume Rose 50Ml,Renee,Fragrance,EDP,Top 25,Active,599,0,3,,8,5717,BGR South,11,11,,55,3,92.9,,
2026-07,OL1019,HG-CITY CENTRE HYDERABAD 19,Health & Glow,MBO,Hyderabad,Telangana,South,SKU41420,Body Mist Coral 100Ml,Renee,Fragrance,Body Mist,Top 25,Active,399,2,4,,4,1904,BGR South,9,6,,55,3,92.9,,
2026-07,OL1019,HG-CITY CENTRE HYDERABAD 19,Health & Glow,MBO,Hyderabad,Telangana,South,SKU41536,Body Mist Nude 100Ml,Renee,Fragrance,Body Mist,Top 25,Active,349,1,0,,6,2498,BGR South,4,3,,55,3,92.9,,
2026-07,OL1019,HG-CITY CENTRE HYDERABAD 19,Health & Glow,MBO,Hyderabad,Telangana,South,SKU41608,Hair Oil Berry 100Ml,Renee,Haircare,Hair Oil,Others,Active,449,8,11,,2,1071,BGR South,5,5,,35,3,92.9,,
2026-07,OL1019,HG-CITY CENTRE HYDERABAD 19,Health & Glow,MBO,Hyderabad,Telangana,South,SKU41647,Hair Oil Hazelnut 100Ml,Renee,Haircare,Hair Oil,Others,Active,799,22,25,,3,2860,BGR South,6,6,,35,3,92.9,,
2026-07,OL1020,HG-NEXUS SURAT 20,Health & Glow,MBO,Surat,Gujarat,West,SKU40078,Matte Lip Color Rose 4.2Ml,Renee,Makeup,Lipstick,Top 25,Active,650,12,13,,4,2917,BGR West,6,5,,50,4,71.7,,
2026-07,OL1020,HG-NEXUS SURAT 20,Health & Glow,MBO,Surat,Gujarat,West,SKU40108,Matte Lip Color Peach 4.2Ml,Renee,Makeup,Lipstick,Top 10,Active,650,4,5,,3,2188,BGR West,4,4,,50,4,71.7,,
2026-07,OL1020,HG-NEXUS SURAT 20,Health & Glow,MBO,Surat,Gujarat,West,SKU40281,Midnight Eyeliner Berry 2.5Ml,Renee,Makeup,Eyeliner,Others,Active,299,5,7,,4,1342,BGR West,8,6,,50,4,71.7,,
2026-07,OL1020,HG-NEXUS SURAT 20,Health & Glow,MBO,Surat,Gujarat,West,SKU40318,Midnight Eyeliner Hazelnut 2.5Ml,Renee,Makeup,Eyeliner,Others,Active,650,3,5,,2,1458,BGR West,5,4,,50,4,71.7,,
2026-07,OL1020,HG-NEXUS SURAT 20,Health & Glow,MBO,Surat,Gujarat,West,SKU40381,Midnight Eyeliner Ocean 2.5Ml,Renee,Makeup,Eyeliner,Top 25,Active,699,0,0,,0,0,BGR West,3,2,,50,4,71.7,,
2026-07,OL1020,HG-NEXUS SURAT 20,Health & Glow,MBO,Surat,Gujarat,West,SKU40425,Kajal Vanilla 0.35Gm,Renee,Makeup,Eyeliner,Top 25,Active,299,48,49,,4,1342,BGR West,7,5,,50,4,71.7,,
2026-07,OL1020,HG-NEXUS SURAT 20,Health & Glow,MBO,Surat,Gujarat,West,SKU40490,Kajal Midnight 0.35Gm,Renee,Makeup,Eyeliner,Top 10,Active,599,22,21,,6,4032,BGR West,6,5,,50,4,71.7,,
2026-07,OL1020,HG-NEXUS SURAT 20,Health & Glow,MBO,Surat,Gujarat,West,SKU40529,Kajal Rose 0.35Gm,Renee,Makeup,Eyeliner,Others,Active,449,0,1,,4,2015,BGR West,5,5,,50,4,71.7,2026-03,
2026-07,OL1020,HG-NEXUS SURAT 20,Health & Glow,MBO,Surat,Gujarat,West,SKU40662,Compact Powder Nude 9Gm,Renee,Makeup,Foundation,Top 25,Active,1199,15,15,,2,2690,BGR West,3,2,,50,4,71.7,,
2026-07,OL1020,HG-NEXUS SURAT 20,Health & Glow,MBO,Surat,Gujarat,West,SKU40836,Blending Brush R4,Renee,Makeup,Brushes,Top 10,Active,1199,11,9,,7,9416,BGR West,6,5,,50,4,71.7,,
2026-07,OL1020,HG-NEXUS SURAT 20,Health & Glow,MBO,Surat,Gujarat,West,SKU40928,Powder Brush R4,Renee,Makeup,Brushes,Top 25,Active,650,0,1,,4,2917,BGR West,6,5,,50,4,71.7,,
2026-07,OL1020,HG-NEXUS SURAT 20,Health & Glow,MBO,Surat,Gujarat,West,SKU40972,Sunscreen Gel Spf 50 70Ml,Renee,Skincare,Sunscreen,Top 25,Active,599,26,26,,2,1344,BGR West,3,2,,45,4,71.7,,
2026-07,OL1020,HG-NEXUS SURAT 20,Health & Glow,MBO,Surat,Gujarat,West,SKU41012,Vitamin C Serum 30Ml,Renee,Skincare,Serum,Others,Active,599,9,11,,3,2016,BGR West,6,5,,45,4,71.7,2026-06,
2026-07,OL1020,HG-NEXUS SURAT 20,Health & Glow,MBO,Surat,Gujarat,West,SKU41024,Vitamin C Serum 30Ml,Renee,Skincare,Serum,Others,Active,449,11,13,,2,1007,BGR West,6,4,,45,4,71.7,,
2026-07,OL1020,HG-NEXUS SURAT 20,Health & Glow,MBO,Surat,Gujarat,West,SKU41420,Body Mist Coral 100Ml,Renee,Fragrance,Body Mist,Top 25,Active,399,10,10,,2,895,BGR West,3,2,,55,4,71.7,,
2026-07,OL1020,HG-NEXUS SURAT 20,Health & Glow,MBO,Surat,Gujarat,West,SKU41476,Body Mist Mocha 100Ml,Renee,Fragrance,Body Mist,Top 10,Active,799,11,10,,4,3585,BGR West,3,3,,55,4,71.7,,
2026-07,OL1021,HG-INORBIT NEW DELHI 21,Health & Glow,MBO,New Delhi,Delhi,North,SKU40078,Matte Lip Color Rose 4.2Ml,Renee,Makeup,Lipstick,Top 25,Active,650,14,17,,3,2531,BGR North,6,6,,50,2,64.7,,
2026-07,OL1021,HG-INORBIT NEW DELHI 21,Health & Glow,MBO,New Delhi,Delhi,North,SKU40108,Matte Lip Color Peach 4.2Ml,Renee,Makeup,Lipstick,Top 10,Active,650,57,55,,3,2531,BGR North,2,1,,50,2,64.7,,
2026-07,OL1021,HG-INORBIT NEW DELHI 21,Health & Glow,MBO,New Delhi,Delhi,North,SKU40202,Liquid Lipstick Mocha 5Ml,Renee,Makeup,Lipstick,Top 25,Active,799,10,13,,1,1037,BGR North,6,5,,50,2,64.7,2025-11,
2026-07,OL1021,HG-INORBIT NEW DELHI 21,Health & Glow,MBO,New Delhi,Delhi,North,SKU40281,Midnight Eyeliner Berry 2.5Ml,Renee,Makeup,Eyeliner,Others,Active,299,1,5,,9,3493,BGR North,13,13,,50,2,64.7,,
2026-07,OL1021,HG-INORBIT NEW DELHI 21,Health & Glow,MBO,New Delhi,Delhi,North,SKU40381,Midnight Eyeliner Ocean 2.5Ml,Renee,Makeup,Eyeliner,Top 25,Active,699,20,20,,2,1815,BGR North,3,2,,50,2,64.7,,
2026-07,OL1021,HG-INORBIT NEW DELHI 21,Health & Glow,MBO,New Delhi,Delhi,North,SKU40490,Kajal Midnight 0.35Gm,Renee,Makeup,Eyeliner,Top 10,Active,599,10,9,,6,4666,BGR North,8,7,,50,2,64.7,,
2026-07,OL1021,HG-INORBIT NEW DELHI 21,Health & Glow,MBO,New Delhi,Delhi,North,SKU40529,Kajal Rose 0.35Gm,Renee,Makeup,Eyeliner,Others,Active,449,35,39,,3,1749,BGR North,8,8,,50,2,64.7,2026-03,
2026-07,OL1021,HG-INORBIT NEW DELHI 21,Health & Glow,MBO,New Delhi,Delhi,North,SKU40588,Bb Cream Coral 30Ml,Renee,Makeup,Foundation,Top 10,Active,349,8,11,,16,7249,BGR North,19,19,,50,2,64.7,,
2026-07,OL1021,HG-INORBIT NEW DELHI 21,Health & Glow,MBO,New Delhi,Delhi,North,SKU40595,Compact Powder Mocha 9Gm,Renee,Makeup,Foundation,Top 10,Active,449,88,0,,9,5246,BGR North,13,10,,50,2,64.7,,
2026-07,OL1021,HG-INORBIT NEW DELHI 21,Health & Glow,MBO,New Delhi,Delhi,North,SKU40722,Compact Powder Berry 9Gm,Renee,Makeup,Foundation,Top 10,Active,799,6,9,,5,5186,BGR North,9,8,,50,2,64.7,,
2026-07,OL1021,HG-INORBIT NEW DELHI 21,Health & Glow,MBO,New Delhi,Delhi,North,SKU40951,Sunscreen Gel Spf 50 70Ml,Renee,Skincare,Sunscreen,Top 25,Active,999,11,11,,1,1297,BGR North,2,1,,45,2,64.7,,
2026-07,OL1021,HG-INORBIT NEW DELHI 21,Health & Glow,MBO,New Delhi,Delhi,North,SKU40979,Sunscreen Gel Spf 50 50Ml,Renee,Skincare,Sunscreen,Top 25,Active,799,3,5,,2,2074,BGR North,5,4,,45,2,64.7,,
2026-07,OL1021,HG-INORBIT NEW DELHI 21,Health & Glow,MBO,New Delhi,Delhi,North,SKU41012,Vitamin C Serum 30Ml,Renee,Skincare,Serum,Others,Active,599,17,15,,5,3888,BGR North,4,3,,45,2,64.7,2026-06,
2026-07,OL1021,HG-INORBIT NEW DELHI 21,Health & Glow,MBO,New Delhi,Delhi,North,SKU41024,Vitamin C Serum 30Ml,Renee,Skincare,Serum,Others,Active,449,13,15,,4,2331,BGR North,7,6,,45,2,64.7,,
2026-07,OL1021,HG-INORBIT NEW DELHI 21,Health & Glow,MBO,New Delhi,Delhi,North,SKU41032,Face Wash Hazelnut 60Ml,Renee,Skincare,Cleanser,Others,Active,499,33,34,,1,648,BGR North,2,2,,45,2,64.7,,
2026-07,OL1021,HG-INORBIT NEW DELHI 21,Health & Glow,MBO,New Delhi,Delhi,North,SKU41295,Perfume Rose 50Ml,Renee,Fragrance,EDP,Top 25,Active,599,12,17,,8,6221,BGR North,14,13,,55,2,64.7,,
2026-07,OL1021,HG-INORBIT NEW DELHI 21,Health & Glow,MBO,New Delhi,Delhi,North,SKU41476,Body Mist Mocha 100Ml,Renee,Fragrance,Body Mist,Top 10,Active,799,47,51,,6,6223,BGR North,13,13,,55,2,64.7,,
2026-07,OL1021,HG-INORBIT NEW DELHI 21,Health & Glow,MBO,New Delhi,Delhi,North,SKU41536,Body Mist Nude 100Ml,Renee,Fragrance,Body Mist,Top 25,Active,349,0,4,,6,2718,BGR North,12,10,,55,2,64.7,,
2026-07,OL1022,HG-SELECT NEW DELHI 22,Health & Glow,MBO,New Delhi,Delhi,North,SKU40108,Matte Lip Color Peach 4.2Ml,Renee,Makeup,Lipstick,Top 10,Active,650,115,121,,0,0,BGR North,18,17,,50,2,67.5,,
2026-07,OL1022,HG-SELECT NEW DELHI 22,Health & Glow,MBO,New Delhi,Delhi,North,SKU40127,Matte Lip Color Coral 4.2Ml,Renee,Makeup,Lipstick,Top 25,Active,499,3,0,,16,8814,BGR North,19,13,,50,2,67.5,,
2026-07,OL1022,HG-SELECT NEW DELHI 22,Health & Glow,MBO,New Delhi,Delhi,North,SKU40202,Liquid Lipstick Mocha 5Ml,Renee,Makeup,Lipstick,Top 25,Active,799,16,18,,4,3528,BGR North,6,6,,50,2,67.5,2025-11,
2026-07,OL1022,HG-SELECT NEW DELHI 22,Health & Glow,MBO,New Delhi,Delhi,North,SKU40266,Liquid Lipstick Nude 5Ml,Renee,Makeup,Lipstick,Top 10,Active,799,0,0,,8,7057,BGR North,12,12,,50,2,67.5,,
2026-07,OL1022,HG-SELECT NEW DELHI 22,Health & Glow,MBO,New Delhi,Delhi,North,SKU40318,Midnight Eyeliner Hazelnut 2.5Ml,Renee,Makeup,Eyeliner,Others,Active,650,17,0,,3,2153,BGR North,5,4,,50,2,67.5,,
2026-07,OL1022,HG-SELECT NEW DELHI 22,Health & Glow,MBO,New Delhi,Delhi,North,SKU40381,Midnight Eyeliner Ocean 2.5Ml,Renee,Makeup,Eyeliner,Top 25,Active,699,8,10,,3,2315,BGR North,5,5,,50,2,67.5,,
2026-07,OL1022,HG-SELECT NEW DELHI 22,Health & Glow,MBO,New Delhi,Delhi,North,SKU40425,Kajal Vanilla 0.35Gm,Renee,Makeup,Eyeliner,Top 25,Active,299,60,69,,12,3961,BGR North,24,21,,50,2,67.5,,
2026-07,OL1022,HG-SELECT NEW DELHI 22,Health & Glow,MBO,New Delhi,Delhi,North,SKU40490,Kajal Midnight 0.35Gm,Renee,Makeup,Eyeliner,Top 10,Active,599,15,11,,12,7935,BGR North,10,8,,50,2,67.5,,
2026-07,OL1022,HG-SELECT NEW DELHI 22,Health & Glow,MBO,New Delhi,Delhi,North,SKU40529,Kajal Rose 0.35Gm,Renee,Makeup,Eyeliner,Others,Active,449,12,17,,4,1983,BGR North,10,9,,50,2,67.5,2026-03,
2026-07,OL1022,HG-SELECT NEW DELHI 22,Health & Glow,MBO,New Delhi,Delhi,North,SKU40588,Bb Cream Coral 30Ml,Renee,Makeup,Foundation,Top 10,Active,349,71,82,,16,6165,BGR North,31,27,,50,2,67.5,,
2026-07,OL1022,HG-SELECT NEW DELHI 22,Health & Glow,MBO,New Delhi,Delhi,North,SKU40662,Compact Powder Nude 9Gm,Renee,Makeup,Foundation,Top 25,Active,1199,14,15,,3,3971,BGR North,7,4,,50,2,67.5,,
2026-07,OL1022,HG-SELECT NEW DELHI 22,Health & Glow,MBO,New Delhi,Delhi,North,SKU40722,Compact Powder Berry 9Gm,Renee,Makeup,Foundation,Top 10,Active,799,42,41,,4,3528,BGR North,5,5,,50,2,67.5,,
2026-07,OL1022,HG-SELECT NEW DELHI 22,Health & Glow,MBO,New Delhi,Delhi,North,SKU40763,Blending Brush R6,Renee,Makeup,Brushes,Others,Active,349,15,14,,2,771,BGR North,3,2,,50,2,67.5,,
2026-07,OL1022,HG-SELECT NEW DELHI 22,Health & Glow,MBO,New Delhi,Delhi,North,SKU40812,Blending Brush R1,Renee,Makeup,Brushes,Top 10,Active,599,3,3,,9,5952,BGR North,10,9,,50,2,67.5,2025-09,
2026-07,OL1022,HG-SELECT NEW DELHI 22,Health & Glow,MBO,New Delhi,Delhi,North,SKU40850,Powder Brush R8,Renee,Makeup,Brushes,Top 25,Active,650,47,49,,10,7176,BGR North,12,12,,50,2,67.5,,
2026-07,OL1022,HG-SELECT NEW DELHI 22,Health & Glow,MBO,New Delhi,Delhi,North,SKU40951,Sunscreen Gel Spf 50 70Ml,Renee,Skincare,Sunscreen,Top 25,Active,999,9,10,,2,2206,BGR North,3,3,,45,2,67.5,,
2026-07,OL1022,HG-SELECT NEW DELHI 22,Health & Glow,MBO,New Delhi,Delhi,North,SKU40979,Sunscreen Gel Spf 50 50Ml,Renee,Skincare,Sunscreen,Top 25,Active,799,0,1,,4,3528,BGR North,8,5,,45,2,67.5,,
2026-07,OL1022,HG-SELECT NEW DELHI 22,Health & Glow,MBO,New Delhi,Delhi,North,SKU41012,Vitamin C Serum 30Ml,Renee,Skincare,Serum,Others,Active,599,28,34,,8,5290,BGR North,14,14,,45,2,67.5,2026-06,
2026-07,OL1022,HG-SELECT NEW DELHI 22,Health & Glow,MBO,New Delhi,Delhi,North,SKU41024,Vitamin C Serum 30Ml,Renee,Skincare,Serum,Others,Active,449,29,0,,2,991,BGR North,5,3,,45,2,67.5,,
2026-07,OL1022,HG-SELECT NEW DELHI 22,Health & Glow,MBO,New Delhi,Delhi,North,SKU41129,Face Wash Vanilla 40Ml,Renee,Skincare,Cleanser,Others,Active,299,18,19,,3,990,BGR North,5,4,,45,2,67.5,,
2026-07,OL1022,HG-SELECT NEW DELHI 22,Health & Glow,MBO,New Delhi,Delhi,North,SKU41215,Perfume Midnight 50Ml,Renee,Fragrance,EDP,Others,Active,399,0,0,,1,440,BGR North,1,0,,55,2,67.5,,
2026-07,OL1022,HG-SELECT NEW DELHI 22,Health & Glow,MBO,New Delhi,Delhi,North,SKU41382,Perfume Peach 50Ml,Renee,Fragrance,EDP,Top 25,Active,499,13,19,,6,3305,BGR North,12,12,,55,2,67.5,2025-08,
2026-07,OL1022,HG-SELECT NEW DELHI 22,Health & Glow,MBO,New Delhi,Delhi,North,SKU41536,Body Mist Nude 100Ml,Renee,Fragrance,Body Mist,Top 25,Active,349,26,28,,8,3082,BGR North,11,10,,55,2,67.5,,
2026-07,OL1022,HG-SELECT NEW DELHI 22,Health & Glow,MBO,New Delhi,Delhi,North,SKU41608,Hair Oil Berry 100Ml,Renee,Haircare,Hair Oil,Others,Active,449,11,12,,2,991,BGR North,3,3,,35,2,67.5,,
2026-07,OL1023,HG-GALLERIA CHENNAI 23,Health & Glow,MBO,Chennai,Tamil Nadu,South,SKU40127,Matte Lip Color Coral 4.2Ml,Renee,Makeup,Lipstick,Top 25,Active,499,0,4,,5,2808,BGR South,10,9,,50,3,68.2,,
2026-07,OL1023,HG-GALLERIA CHENNAI 23,Health & Glow,MBO,Chennai,Tamil Nadu,South,SKU40266,Liquid Lipstick Nude 5Ml,Renee,Makeup,Lipstick,Top 10,Active,799,11,8,,12,10791,BGR South,11,9,,50,3,68.2,,
2026-07,OL1023,HG-GALLERIA CHENNAI 23,Health & Glow,MBO,Chennai,Tamil Nadu,South,SKU40281,Midnight Eyeliner Berry 2.5Ml,Renee,Makeup,Eyeliner,Others,Active,299,21,58,,7,2356,BGR South,10,8,,50,3,68.2,,
2026-07,OL1023,HG-GALLERIA CHENNAI 23,Health & Glow,MBO,Chennai,Tamil Nadu,South,SKU40318,Midnight Eyeliner Hazelnut 2.5Ml,Renee,Makeup,Eyeliner,Others,Active,650,0,0,,3,2195,BGR South,4,2,,50,3,68.2,,
2026-07,OL1023,HG-GALLERIA CHENNAI 23,Health & Glow,MBO,Chennai,Tamil Nadu,South,SKU40381,Midnight Eyeliner Ocean 2.5Ml,Renee,Makeup,Eyeliner,Top 25,Active,699,17,17,,4,3147,BGR South,5,4,,50,3,68.2,,
2026-07,OL1023,HG-GALLERIA CHENNAI 23,Health & Glow,MBO,Chennai,Tamil Nadu,South,SKU40425,Kajal Vanilla 0.35Gm,Renee,Makeup,Eyeliner,Top 25,Active,299,67,69,,0,0,BGR South,3,2,,50,3,68.2,,
2026-07,OL1023,HG-GALLERIA CHENNAI 23,Health & Glow,MBO,Chennai,Tamil Nadu,South,SKU40529,Kajal Rose 0.35Gm,Renee,Makeup,Eyeliner,Others,Active,449,8,7,,4,2021,BGR South,4,3,,50,3,68.2,2026-03,
2026-07,OL1023,HG-GALLERIA CHENNAI 23,Health & Glow,MBO,Chennai,Tamil Nadu,South,SKU40544,Bb Cream Peach 30Ml,Renee,Makeup,Foundation,Top 10,Active,599,14,20,,12,8090,BGR South,18,18,,50,3,68.2,,
2026-07,OL1023,HG-GALLERIA CHENNAI 23,Health & Glow,MBO,Chennai,Tamil Nadu,South,SKU40595,Compact Powder Mocha 9Gm,Renee,Makeup,Foundation,Top 10,Active,449,36,36,,6,3032,BGR South,12,8,,50,3,68.2,,
2026-07,OL1023,HG-GALLERIA CHENNAI 23,Health & Glow,MBO,Chennai,Tamil Nadu,South,SKU40812,Blending Brush R1,Renee,Makeup,Brushes,Top 10,Active,599,74,74,,8,5393,BGR South,8,8,,50,3,68.2,2025-09,
2026-07,OL1023,HG-GALLERIA CHENNAI 23,Health & Glow,MBO,Chennai,Tamil Nadu,South,SKU40850,Powder Brush R8,Renee,Makeup,Brushes,Top 25,Active,650,25,25,,6,4389,BGR South,6,6,,50,3,68.2,,
2026-07,OL1023,HG-GALLERIA CHENNAI 23,Health & Glow,MBO,Chennai,Tamil Nadu,South,SKU40951,Sunscreen Gel Spf 50 70Ml,Renee,Skincare,Sunscreen,Top 25,Active,999,1,1,,4,4497,BGR South,5,4,,45,3,68.2,,
2026-07,OL1023,HG-GALLERIA CHENNAI 23,Health & Glow,MBO,Chennai,Tamil Nadu,South,SKU40972,Sunscreen Gel Spf 50 70Ml,Renee,Skincare,Sunscreen,Top 25,Active,599,22,22,,4,2697,BGR South,7,4,,45,3,68.2,,
2026-07,OL1023,HG-GALLERIA CHENNAI 23,Health & Glow,MBO,Chennai,Tamil Nadu,South,SKU40979,Sunscreen Gel Spf 50 50Ml,Renee,Skincare,Sunscreen,Top 25,Active,799,4,3,,0,0,BGR South,4,2,,45,3,68.2,,
2026-07,OL1023,HG-GALLERIA CHENNAI 23,Health & Glow,MBO,Chennai,Tamil Nadu,South,SKU41012,Vitamin C Serum 30Ml,Renee,Skincare,Serum,Others,Active,599,10,30,,5,3371,BGR South,10,9,,45,3,68.2,2026-06,
2026-07,OL1023,HG-GALLERIA CHENNAI 23,Health & Glow,MBO,Chennai,Tamil Nadu,South,SKU41215,Perfume Midnight 50Ml,Renee,Fragrance,EDP,Others,Active,399,19,19,,4,1796,BGR South,7,4,,55,3,68.2,,
2026-07,OL1023,HG-GALLERIA CHENNAI 23,Health & Glow,MBO,Chennai,Tamil Nadu,South,SKU41295,Perfume Rose 50Ml,Renee,Fragrance,EDP,Top 25,Active,599,76,77,,2,1348,BGR South,4,3,,55,3,68.2,,
2026-07,OL1023,HG-GALLERIA CHENNAI 23,Health & Glow,MBO,Chennai,Tamil Nadu,South,SKU41420,Body Mist Coral 100Ml,Renee,Fragrance,Body Mist,Top 25,Active,399,22,23,,4,1796,BGR South,7,5,,55,3,68.2,,
2026-07,OL1023,HG-GALLERIA CHENNAI 23,Health & Glow,MBO,Chennai,Tamil Nadu,South,SKU41476,Body Mist Mocha 100Ml,Renee,Fragrance,Body Mist,Top 10,Active,799,23,27,,12,10791,BGR South,16,16,,55,3,68.2,,
2026-07,OL1023,HG-GALLERIA CHENNAI 23,Health & Glow,MBO,Chennai,Tamil Nadu,South,SKU41536,Body Mist Nude 100Ml,Renee,Fragrance,Body Mist,Top 25,Active,349,101,105,,6,2357,BGR South,14,12,,55,3,68.2,,
2026-07,OL1023,HG-GALLERIA CHENNAI 23,Health & Glow,MBO,Chennai,Tamil Nadu,South,SKU41608,Hair Oil Berry 100Ml,Renee,Haircare,Hair Oil,Others,Active,449,14,17,,3,1516,BGR South,7,6,,35,3,68.2,,
2026-07,OL1023,HG-GALLERIA CHENNAI 23,Health & Glow,MBO,Chennai,Tamil Nadu,South,SKU41647,Hair Oil Hazelnut 100Ml,Renee,Haircare,Hair Oil,Others,Active,799,0,0,,1,899,BGR South,2,1,,35,3,68.2,,
2026-07,OL1024,HG-CITY CENTRE SURAT 24,Health & Glow,MBO,Surat,Gujarat,West,SKU40078,Matte Lip Color Rose 4.2Ml,Renee,Makeup,Lipstick,Top 25,Active,650,8,9,,4,3207,BGR West,6,5,,50,1,93.9,,
2026-07,OL1024,HG-CITY CENTRE SURAT 24,Health & Glow,MBO,Surat,Gujarat,West,SKU40127,Matte Lip Color Coral 4.2Ml,Renee,Makeup,Lipstick,Top 25,Active,499,12,12,,4,2462,BGR West,7,4,,50,1,93.9,,
2026-07,OL1024,HG-CITY CENTRE SURAT 24,Health & Glow,MBO,Surat,Gujarat,West,SKU40202,Liquid Lipstick Mocha 5Ml,Renee,Makeup,Lipstick,Top 25,Active,799,9,10,,1,986,BGR West,3,2,,50,1,93.9,2025-11,
2026-07,OL1024,HG-CITY CENTRE SURAT 24,Health & Glow,MBO,Surat,Gujarat,West,SKU40318,Midnight Eyeliner Hazelnut 2.5Ml,Renee,Makeup,Eyeliner,Others,Active,650,10,11,,2,1604,BGR West,3,3,,50,1,93.9,,
2026-07,OL1024,HG-CITY CENTRE SURAT 24,Health & Glow,MBO,Surat,Gujarat,West,SKU40529,Kajal Rose 0.35Gm,Renee,Makeup,Eyeliner,Others,Active,449,3,5,,2,1108,BGR West,4,4,,50,1,93.9,2026-03,
2026-07,OL1024,HG-CITY CENTRE SURAT 24,Health & Glow,MBO,Surat,Gujarat,West,SKU40588,Bb Cream Coral 30Ml,Renee,Makeup,Foundation,Top 10,Active,349,18,19,,8,3444,BGR West,9,9,,50,1,93.9,,
2026-07,OL1024,HG-CITY CENTRE SURAT 24,Health & Glow,MBO,Surat,Gujarat,West,SKU40595,Compact Powder Mocha 9Gm,Renee,Makeup,Foundation,Top 10,Active,449,17,20,,6,3323,BGR West,11,9,,50,1,93.9,,
2026-07,OL1024,HG-CITY CENTRE SURAT 24,Health & Glow,MBO,Surat,Gujarat,West,SKU40722,Compact Powder Berry 9Gm,Renee,Makeup,Foundation,Top 10,Active,799,17,18,,1,986,BGR West,4,2,,50,1,93.9,,
2026-07,OL1024,HG-CITY CENTRE SURAT 24,Health & Glow,MBO,Surat,Gujarat,West,SKU40763,Blending Brush R6,Renee,Makeup,Brushes,Others,Active,349,8,8,,1,431,BGR West,1,1,,50,1,93.9,,
2026-07,OL1024,HG-CITY CENTRE SURAT 24,Health & Glow,MBO,Surat,Gujarat,West,SKU40850,Powder Brush R8,Renee,Makeup,Brushes,Top 25,Active,650,10,12,,4,3207,BGR West,8,6,,50,1,93.9,,
2026-07,OL1024,HG-CITY CENTRE SURAT 24,Health & Glow,MBO,Surat,Gujarat,West,SKU40928,Powder Brush R4,Renee,Makeup,Brushes,Top 25,Active,650,21,20,,2,1604,BGR West,2,1,,50,1,93.9,,
2026-07,OL1024,HG-CITY CENTRE SURAT 24,Health & Glow,MBO,Surat,Gujarat,West,SKU40972,Sunscreen Gel Spf 50 70Ml,Renee,Skincare,Sunscreen,Top 25,Active,599,23,23,,2,1478,BGR West,3,2,,45,1,93.9,,
2026-07,OL1024,HG-CITY CENTRE SURAT 24,Health & Glow,MBO,Surat,Gujarat,West,SKU41032,Face Wash Hazelnut 60Ml,Renee,Skincare,Cleanser,Others,Active,499,5,5,,2,1231,BGR West,3,2,,45,1,93.9,,
2026-07,OL1024,HG-CITY CENTRE SURAT 24,Health & Glow,MBO,Surat,Gujarat,West,SKU41295,Perfume Rose 50Ml,Renee,Fragrance,EDP,Top 25,Active,599,19,20,,4,2956,BGR West,8,5,,55,1,93.9,,
2026-07,OL1024,HG-CITY CENTRE SURAT 24,Health & Glow,MBO,Surat,Gujarat,West,SKU41382,Perfume Peach 50Ml,Renee,Fragrance,EDP,Top 25,Active,499,11,12,,3,1847,BGR West,6,4,,55,1,93.9,2025-08,
2026-07,OL1024,HG-CITY CENTRE SURAT 24,Health & Glow,MBO,Surat,Gujarat,West,SKU41536,Body Mist Nude 100Ml,Renee,Fragrance,Body Mist,Top 25,Active,349,21,21,,4,1722,BGR West,5,4,,55,1,93.9,,
2026-07,OL1024,HG-CITY CENTRE SURAT 24,Health & Glow,MBO,Surat,Gujarat,West,SKU41647,Hair Oil Hazelnut 100Ml,Renee,Haircare,Hair Oil,Others,Active,799,6,5,,3,2957,BGR West,5,3,,35,1,93.9,,
2026-07,OL1025,HG-PHOENIX CHANDIGARH 25,Health & Glow,MBO,Chandigarh,Punjab,North,SKU40108,Matte Lip Color Peach 4.2Ml,Renee,Makeup,Lipstick,Top 10,Active,650,23,24,,4,3091,BGR North,7,5,,50,4,62.1,,
2026-07,OL1025,HG-PHOENIX CHANDIGARH 25,Health & Glow,MBO,Chandigarh,Punjab,North,SKU40202,Liquid Lipstick Mocha 5Ml,Renee,Makeup,Lipstick,Top 25,Active,799,0,1,,2,1900,BGR North,3,3,,50,4,62.1,2025-11,
2026-07,OL1025,HG-PHOENIX CHANDIGARH 25,Health & Glow,MBO,Chandigarh,Punjab,North,SKU40281,Midnight Eyeliner Berry 2.5Ml,Renee,Makeup,Eyeliner,Others,Active,299,1,1,,2,711,BGR North,3,2,,50,4,62.1,,
2026-07,OL1025,HG-PHOENIX CHANDIGARH 25,Health & Glow,MBO,Chandigarh,Punjab,North,SKU40318,Midnight Eyeliner Hazelnut 2.5Ml,Renee,Makeup,Eyeliner,Others,Active,650,0,1,,4,3091,BGR North,6,5,,50,4,62.1,,
2026-07,OL1025,HG-PHOENIX CHANDIGARH 25,Health & Glow,MBO,Chandigarh,Punjab,North,SKU40381,Midnight Eyeliner Ocean 2.5Ml,Renee,Makeup,Eyeliner,Top 25,Active,699,13,14,,4,3325,BGR North,6,5,,50,4,62.1,,
2026-07,OL1025,HG-PHOENIX CHANDIGARH 25,Health & Glow,MBO,Chandigarh,Punjab,North,SKU40529,Kajal Rose 0.35Gm,Renee,Makeup,Eyeliner,Others,Active,449,0,0,,1,534,BGR North,2,1,,50,4,62.1,2026-03,
2026-07,OL1025,HG-PHOENIX CHANDIGARH 25,Health & Glow,MBO,Chandigarh,Punjab,North,SKU40588,Bb Cream Coral 30Ml,Renee,Makeup,Foundation,Top 10,Active,349,16,17,,4,1660,BGR North,9,9,,50,4,62.1,,
2026-07,OL1025,HG-PHOENIX CHANDIGARH 25,Health & Glow,MBO,Chandigarh,Punjab,North,SKU40595,Compact Powder Mocha 9Gm,Renee,Makeup,Foundation,Top 10,Active,449,8,9,,5,2669,BGR North,8,6,,50,4,62.1,,
2026-07,OL1025,HG-PHOENIX CHANDIGARH 25,Health & Glow,MBO,Chandigarh,Punjab,North,SKU40812,Blending Brush R1,Renee,Makeup,Brushes,Top 10,Active,599,0,2,,6,4273,BGR North,8,8,,50,4,62.1,2025-09,
2026-07,OL1025,HG-PHOENIX CHANDIGARH 25,Health & Glow,MBO,Chandigarh,Punjab,North,SKU40850,Powder Brush R8,Renee,Makeup,Brushes,Top 25,Active,650,15,17,,3,2319,BGR North,5,5,,50,4,62.1,,
2026-07,OL1025,HG-PHOENIX CHANDIGARH 25,Health & Glow,MBO,Chandigarh,Punjab,North,SKU40928,Powder Brush R4,Renee,Makeup,Brushes,Top 25,Active,650,14,14,,2,1546,BGR North,3,2,,50,4,62.1,,
2026-07,OL1025,HG-PHOENIX CHANDIGARH 25,Health & Glow,MBO,Chandigarh,Punjab,North,SKU40979,Sunscreen Gel Spf 50 50Ml,Renee,Skincare,Sunscreen,Top 25,Active,799,7,9,,2,1900,BGR North,7,5,,45,4,62.1,,
2026-07,OL1025,HG-PHOENIX CHANDIGARH 25,Health & Glow,MBO,Chandigarh,Punjab,North,SKU41012,Vitamin C Serum 30Ml,Renee,Skincare,Serum,Others,Active,599,7,5,,3,2137,BGR North,3,2,,45,4,62.1,2026-06,
2026-07,OL1025,HG-PHOENIX CHANDIGARH 25,Health & Glow,MBO,Chandigarh,Punjab,North,SKU41048,Face Wash Ocean 20Ml,Renee,Skincare,Cleanser,Others,Active,349,30,28,,4,1660,BGR North,3,2,,45,4,62.1,,
2026-07,OL1025,HG-PHOENIX CHANDIGARH 25,Health & Glow,MBO,Chandigarh,Punjab,North,SKU41129,Face Wash Vanilla 40Ml,Renee,Skincare,Cleanser,Others,Active,299,14,18,,3,1067,BGR North,8,7,,45,4,62.1,,
2026-07,OL1025,HG-PHOENIX CHANDIGARH 25,Health & Glow,MBO,Chandigarh,Punjab,North,SKU41215,Perfume Midnight 50Ml,Renee,Fragrance,EDP,Others,Active,399,5,5,,2,949,BGR North,3,2,,55,4,62.1,,
2026-07,OL1025,HG-PHOENIX CHANDIGARH 25,Health & Glow,MBO,Chandigarh,Punjab,North,SKU41382,Perfume Peach 50Ml,Renee,Fragrance,EDP,Top 25,Active,499,14,12,,4,2373,BGR North,4,2,,55,4,62.1,2025-08,
2026-07,OL1025,HG-PHOENIX CHANDIGARH 25,Health & Glow,MBO,Chandigarh,Punjab,North,SKU41420,Body Mist Coral 100Ml,Renee,Fragrance,Body Mist,Top 25,Active,399,10,10,,2,949,BGR North,2,2,,55,4,62.1,,
2026-07,OL1025,HG-PHOENIX CHANDIGARH 25,Health & Glow,MBO,Chandigarh,Punjab,North,SKU41608,Hair Oil Berry 100Ml,Renee,Haircare,Hair Oil,Others,Active,449,10,15,,3,1602,BGR North,8,8,,35,4,62.1,,
2026-07,OL1026,HG-PHOENIX NOIDA 26,Health & Glow,MBO,Noida,Uttar Pradesh,North,SKU40078,Matte Lip Color Rose 4.2Ml,Renee,Makeup,Lipstick,Top 25,Active,650,0,4,,0,0,BGR North,6,6,,50,4,85,,
2026-07,OL1026,HG-PHOENIX NOIDA 26,Health & Glow,MBO,Noida,Uttar Pradesh,North,SKU40108,Matte Lip Color Peach 4.2Ml,Renee,Makeup,Lipstick,Top 10,Active,650,7,8,,4,2682,BGR North,7,5,,50,4,85,,
2026-07,OL1026,HG-PHOENIX NOIDA 26,Health & Glow,MBO,Noida,Uttar Pradesh,North,SKU40127,Matte Lip Color Coral 4.2Ml,Renee,Makeup,Lipstick,Top 25,Active,499,10,0,,3,1544,BGR North,12,12,,50,4,85,,
2026-07,OL1026,HG-PHOENIX NOIDA 26,Health & Glow,MBO,Noida,Uttar Pradesh,North,SKU40202,Liquid Lipstick Mocha 5Ml,Renee,Makeup,Lipstick,Top 25,Active,799,9,10,,1,824,BGR North,4,2,,50,4,85,2025-11,
2026-07,OL1026,HG-PHOENIX NOIDA 26,Health & Glow,MBO,Noida,Uttar Pradesh,North,SKU40318,Midnight Eyeliner Hazelnut 2.5Ml,Renee,Makeup,Eyeliner,Others,Active,650,21,22,,1,671,BGR North,3,2,,50,4,85,,
2026-07,OL1026,HG-PHOENIX NOIDA 26,Health & Glow,MBO,Noida,Uttar Pradesh,North,SKU40425,Kajal Vanilla 0.35Gm,Renee,Makeup,Eyeliner,Top 25,Active,299,27,28,,3,925,BGR North,4,4,,50,4,85,,
2026-07,OL1026,HG-PHOENIX NOIDA 26,Health & Glow,MBO,Noida,Uttar Pradesh,North,SKU40490,Kajal Midnight 0.35Gm,Renee,Makeup,Eyeliner,Top 10,Active,599,8,17,,3,1854,BGR North,4,3,,50,4,85,,
2026-07,OL1026,HG-PHOENIX NOIDA 26,Health & Glow,MBO,Noida,Uttar Pradesh,North,SKU40588,Bb Cream Coral 30Ml,Renee,Makeup,Foundation,Top 10,Active,349,13,15,,3,1080,BGR North,7,6,,50,4,85,,
2026-07,OL1026,HG-PHOENIX NOIDA 26,Health & Glow,MBO,Noida,Uttar Pradesh,North,SKU40662,Compact Powder Nude 9Gm,Renee,Makeup,Foundation,Top 25,Active,1199,14,13,,3,3711,BGR North,4,2,,50,4,85,,
2026-07,OL1026,HG-PHOENIX NOIDA 26,Health & Glow,MBO,Noida,Uttar Pradesh,North,SKU40722,Compact Powder Berry 9Gm,Renee,Makeup,Foundation,Top 10,Active,799,23,24,,2,1648,BGR North,4,3,,50,4,85,,
2026-07,OL1026,HG-PHOENIX NOIDA 26,Health & Glow,MBO,Noida,Uttar Pradesh,North,SKU40763,Blending Brush R6,Renee,Makeup,Brushes,Others,Active,349,16,17,,2,720,BGR North,4,3,,50,4,85,,
2026-07,OL1026,HG-PHOENIX NOIDA 26,Health & Glow,MBO,Noida,Uttar Pradesh,North,SKU40836,Blending Brush R4,Renee,Makeup,Brushes,Top 10,Active,1199,12,14,,6,7421,BGR North,8,8,,50,4,85,,
2026-07,OL1026,HG-PHOENIX NOIDA 26,Health & Glow,MBO,Noida,Uttar Pradesh,North,SKU40850,Powder Brush R8,Renee,Makeup,Brushes,Top 25,Active,650,11,13,,2,1341,BGR North,4,4,,50,4,85,,
2026-07,OL1026,HG-PHOENIX NOIDA 26,Health & Glow,MBO,Noida,Uttar Pradesh,North,SKU40972,Sunscreen Gel Spf 50 70Ml,Renee,Skincare,Sunscreen,Top 25,Active,599,5,4,,3,1854,BGR North,4,2,,45,4,85,,
2026-07,OL1026,HG-PHOENIX NOIDA 26,Health & Glow,MBO,Noida,Uttar Pradesh,North,SKU41024,Vitamin C Serum 30Ml,Renee,Skincare,Serum,Others,Active,449,8,9,,2,926,BGR North,4,3,,45,4,85,,
2026-07,OL1026,HG-PHOENIX NOIDA 26,Health & Glow,MBO,Noida,Uttar Pradesh,North,SKU41048,Face Wash Ocean 20Ml,Renee,Skincare,Cleanser,Others,Active,349,18,18,,2,720,BGR North,2,2,,45,4,85,,
2026-07,OL1026,HG-PHOENIX NOIDA 26,Health & Glow,MBO,Noida,Uttar Pradesh,North,SKU41295,Perfume Rose 50Ml,Renee,Fragrance,EDP,Top 25,Active,599,15,34,,4,2472,BGR North,7,5,,55,4,85,,
2026-07,OL1026,HG-PHOENIX NOIDA 26,Health & Glow,MBO,Noida,Uttar Pradesh,North,SKU41420,Body Mist Coral 100Ml,Renee,Fragrance,Body Mist,Top 25,Active,399,2,6,,3,1235,BGR North,8,8,,55,4,85,,
2026-07,OL1026,HG-PHOENIX NOIDA 26,Health & Glow,MBO,Noida,Uttar Pradesh,North,SKU41476,Body Mist Mocha 100Ml,Renee,Fragrance,Body Mist,Top 10,Active,799,40,39,,6,4945,BGR North,7,5,,55,4,85,,
2026-07,OL1026,HG-PHOENIX NOIDA 26,Health & Glow,MBO,Noida,Uttar Pradesh,North,SKU41536,Body Mist Nude 100Ml,Renee,Fragrance,Body Mist,Top 25,Active,349,39,40,,7,2520,BGR North,8,8,,55,4,85,,
2026-07,OL1026,HG-PHOENIX NOIDA 26,Health & Glow,MBO,Noida,Uttar Pradesh,North,SKU41608,Hair Oil Berry 100Ml,Renee,Haircare,Hair Oil,Others,Active,449,0,0,,4,1853,BGR North,7,4,,35,4,85,,
2026-07,OL1027,SSL-FORUM CHANDIGARH 1,Shoppers Stop,Department Store,Chandigarh,Punjab,North,SKU40108,Matte Lip Color Peach 4.2Ml,Renee,Makeup,Lipstick,Top 10,Active,650,38,41,,7,4535,BGR North,10,10,,50,4,92.3,,
2026-07,OL1027,SSL-FORUM CHANDIGARH 1,Shoppers Stop,Department Store,Chandigarh,Punjab,North,SKU40127,Matte Lip Color Coral 4.2Ml,Renee,Makeup,Lipstick,Top 25,Active,499,33,30,,5,2487,BGR North,4,2,,50,4,92.3,,
2026-07,OL1027,SSL-FORUM CHANDIGARH 1,Shoppers Stop,Department Store,Chandigarh,Punjab,North,SKU40202,Liquid Lipstick Mocha 5Ml,Renee,Makeup,Lipstick,Top 25,Active,799,9,11,,2,1593,BGR North,4,4,,50,4,92.3,2025-11,
2026-07,OL1027,SSL-FORUM CHANDIGARH 1,Shoppers Stop,Department Store,Chandigarh,Punjab,North,SKU40266,Liquid Lipstick Nude 5Ml,Renee,Makeup,Lipstick,Top 10,Active,799,2,0,,0,0,BGR North,0,0,,50,4,92.3,,
2026-07,OL1027,SSL-FORUM CHANDIGARH 1,Shoppers Stop,Department Store,Chandigarh,Punjab,North,SKU40490,Kajal Midnight 0.35Gm,Renee,Makeup,Eyeliner,Top 10,Active,599,2,3,,6,3582,BGR North,9,7,,50,4,92.3,,
2026-07,OL1027,SSL-FORUM CHANDIGARH 1,Shoppers Stop,Department Store,Chandigarh,Punjab,North,SKU40544,Bb Cream Peach 30Ml,Renee,Makeup,Foundation,Top 10,Active,599,51,55,,6,3582,BGR North,13,10,,50,4,92.3,,
2026-07,OL1027,SSL-FORUM CHANDIGARH 1,Shoppers Stop,Department Store,Chandigarh,Punjab,North,SKU40588,Bb Cream Coral 30Ml,Renee,Makeup,Foundation,Top 10,Active,349,6,6,,8,2783,BGR North,9,8,,50,4,92.3,,
2026-07,OL1027,SSL-FORUM CHANDIGARH 1,Shoppers Stop,Department Store,Chandigarh,Punjab,North,SKU40595,Compact Powder Mocha 9Gm,Renee,Makeup,Foundation,Top 10,Active,449,41,48,,14,6265,BGR North,24,21,,50,4,92.3,,
2026-07,OL1027,SSL-FORUM CHANDIGARH 1,Shoppers Stop,Department Store,Chandigarh,Punjab,North,SKU40722,Compact Powder Berry 9Gm,Renee,Makeup,Foundation,Top 10,Active,799,0,1,,2,1593,BGR North,5,3,,50,4,92.3,,
2026-07,OL1027,SSL-FORUM CHANDIGARH 1,Shoppers Stop,Department Store,Chandigarh,Punjab,North,SKU40812,Blending Brush R1,Renee,Makeup,Brushes,Top 10,Active,599,34,36,,7,4179,BGR North,10,9,,50,4,92.3,2025-09,
2026-07,OL1027,SSL-FORUM CHANDIGARH 1,Shoppers Stop,Department Store,Chandigarh,Punjab,North,SKU40836,Blending Brush R4,Renee,Makeup,Brushes,Top 10,Active,1199,10,9,,7,8365,BGR North,9,6,,50,4,92.3,,
2026-07,OL1027,SSL-FORUM CHANDIGARH 1,Shoppers Stop,Department Store,Chandigarh,Punjab,North,SKU40972,Sunscreen Gel Spf 50 70Ml,Renee,Skincare,Sunscreen,Top 25,Active,599,20,21,,5,2985,BGR North,9,6,,45,4,92.3,,
2026-07,OL1027,SSL-FORUM CHANDIGARH 1,Shoppers Stop,Department Store,Chandigarh,Punjab,North,SKU40979,Sunscreen Gel Spf 50 50Ml,Renee,Skincare,Sunscreen,Top 25,Active,799,10,13,,2,1593,BGR North,5,5,,45,4,92.3,,
2026-07,OL1027,SSL-FORUM CHANDIGARH 1,Shoppers Stop,Department Store,Chandigarh,Punjab,North,SKU41012,Vitamin C Serum 30Ml,Renee,Skincare,Serum,Others,Active,599,5,5,,5,2985,BGR North,7,5,,45,4,92.3,2026-06,
2026-07,OL1027,SSL-FORUM CHANDIGARH 1,Shoppers Stop,Department Store,Chandigarh,Punjab,North,SKU41215,Perfume Midnight 50Ml,Renee,Fragrance,EDP,Others,Active,399,7,9,,1,398,BGR North,3,3,,55,4,92.3,,
2026-07,OL1027,SSL-FORUM CHANDIGARH 1,Shoppers Stop,Department Store,Chandigarh,Punjab,North,SKU41382,Perfume Peach 50Ml,Renee,Fragrance,EDP,Top 25,Active,499,27,30,,4,1989,BGR North,7,7,,55,4,92.3,2025-08,
2026-07,OL1027,SSL-FORUM CHANDIGARH 1,Shoppers Stop,Department Store,Chandigarh,Punjab,North,SKU41476,Body Mist Mocha 100Ml,Renee,Fragrance,Body Mist,Top 10,Active,799,5,6,,12,9556,BGR North,15,13,,55,4,92.3,,
2026-07,OL1027,SSL-FORUM CHANDIGARH 1,Shoppers Stop,Department Store,Chandigarh,Punjab,North,SKU41536,Body Mist Nude 100Ml,Renee,Fragrance,Body Mist,Top 25,Active,349,15,16,,9,3131,BGR North,10,10,,55,4,92.3,,
2026-07,OL1028,SSL-ORION BANGALORE 2,Shoppers Stop,Department Store,Bangalore,Karnataka,South,SKU40078,Matte Lip Color Rose 4.2Ml,Renee,Makeup,Lipstick,Top 25,Active,650,48,0,,2,1265,BGR South,2,2,,50,2,71.1,,
2026-07,OL1028,SSL-ORION BANGALORE 2,Shoppers Stop,Department Store,Bangalore,Karnataka,South,SKU40202,Liquid Lipstick Mocha 5Ml,Renee,Makeup,Lipstick,Top 25,Active,799,4,4,,0,0,BGR South,1,0,,50,2,71.1,2025-11,
2026-07,OL1028,SSL-ORION BANGALORE 2,Shoppers Stop,Department Store,Bangalore,Karnataka,South,SKU40490,Kajal Midnight 0.35Gm,Renee,Makeup,Eyeliner,Top 10,Active,599,57,60,,7,4079,BGR South,10,10,,50,2,71.1,,
2026-07,OL1028,SSL-ORION BANGALORE 2,Shoppers Stop,Department Store,Bangalore,Karnataka,South,SKU40544,Bb Cream Peach 30Ml,Renee,Makeup,Foundation,Top 10,Active,599,4,10,,5,2913,BGR South,11,11,,50,2,71.1,,
2026-07,OL1028,SSL-ORION BANGALORE 2,Shoppers Stop,Department Store,Bangalore,Karnataka,South,SKU40836,Blending Brush R4,Renee,Makeup,Brushes,Top 10,Active,1199,17,21,,6,6998,BGR South,10,10,,50,2,71.1,,
2026-07,OL1028,SSL-ORION BANGALORE 2,Shoppers Stop,Department Store,Bangalore,Karnataka,South,SKU40850,Powder Brush R8,Renee,Makeup,Brushes,Top 25,Active,650,22,23,,4,2529,BGR South,7,5,,50,2,71.1,,
2026-07,OL1028,SSL-ORION BANGALORE 2,Shoppers Stop,Department Store,Bangalore,Karnataka,South,SKU40928,Powder Brush R4,Renee,Makeup,Brushes,Top 25,Active,650,0,3,,4,2529,BGR South,7,7,,50,2,71.1,,
2026-07,OL1028,SSL-ORION BANGALORE 2,Shoppers Stop,Department Store,Bangalore,Karnataka,South,SKU40972,Sunscreen Gel Spf 50 70Ml,Renee,Skincare,Sunscreen,Top 25,Active,599,9,10,,2,1165,BGR South,4,3,,45,2,71.1,,
2026-07,OL1028,SSL-ORION BANGALORE 2,Shoppers Stop,Department Store,Bangalore,Karnataka,South,SKU41129,Face Wash Vanilla 40Ml,Renee,Skincare,Cleanser,Others,Active,299,0,0,,2,582,BGR South,2,2,,45,2,71.1,,
2026-07,OL1028,SSL-ORION BANGALORE 2,Shoppers Stop,Department Store,Bangalore,Karnataka,South,SKU41215,Perfume Midnight 50Ml,Renee,Fragrance,EDP,Others,Active,399,3,3,,1,388,BGR South,2,1,,55,2,71.1,,
2026-07,OL1028,SSL-ORION BANGALORE 2,Shoppers Stop,Department Store,Bangalore,Karnataka,South,SKU41382,Perfume Peach 50Ml,Renee,Fragrance,EDP,Top 25,Active,499,5,5,,2,971,BGR South,3,2,,55,2,71.1,2025-08,
2026-07,OL1028,SSL-ORION BANGALORE 2,Shoppers Stop,Department Store,Bangalore,Karnataka,South,SKU41420,Body Mist Coral 100Ml,Renee,Fragrance,Body Mist,Top 25,Active,399,12,13,,2,776,BGR South,4,3,,55,2,71.1,,
2026-07,OL1028,SSL-ORION BANGALORE 2,Shoppers Stop,Department Store,Bangalore,Karnataka,South,SKU41536,Body Mist Nude 100Ml,Renee,Fragrance,Body Mist,Top 25,Active,349,44,45,,3,1018,BGR South,5,4,,55,2,71.1,,
2026-07,OL1028,SSL-ORION BANGALORE 2,Shoppers Stop,Department Store,Bangalore,Karnataka,South,SKU41608,Hair Oil Berry 100Ml,Renee,Haircare,Hair Oil,Others,Active,449,2,5,,1,437,BGR South,4,4,,35,2,71.1,,
2026-07,OL1029,SSL-SELECT NOIDA 3,Shoppers Stop,Department Store,Noida,Uttar Pradesh,North,SKU40108,Matte Lip Color Peach 4.2Ml,Renee,Makeup,Lipstick,Top 10,Active,650,57,57,,7,4934,BGR North,9,7,,50,2,60.2,,
2026-07,OL1029,SSL-SELECT NOIDA 3,Shoppers Stop,Department Store,Noida,Uttar Pradesh,North,SKU40266,Liquid Lipstick Nude 5Ml,Renee,Makeup,Lipstick,Top 10,Active,799,60,62,,17,14730,BGR North,20,19,,50,2,60.2,,
2026-07,OL1029,SSL-SELECT NOIDA 3,Shoppers Stop,Department Store,Noida,Uttar Pradesh,North,SKU40281,Midnight Eyeliner Berry 2.5Ml,Renee,Makeup,Eyeliner,Others,Active,299,0,3,,4,1297,BGR North,7,7,,50,2,60.2,,
2026-07,OL1029,SSL-SELECT NOIDA 3,Shoppers Stop,Department Store,Noida,Uttar Pradesh,North,SKU40425,Kajal Vanilla 0.35Gm,Renee,Makeup,Eyeliner,Top 25,Active,299,158,169,,13,4215,BGR North,24,24,,50,2,60.2,,
2026-07,OL1029,SSL-SELECT NOIDA 3,Shoppers Stop,Department Store,Noida,Uttar Pradesh,North,SKU40529,Kajal Rose 0.35Gm,Renee,Makeup,Eyeliner,Others,Active,449,7,0,,6,2921,BGR North,14,14,,50,2,60.2,2026-03,
2026-07,OL1029,SSL-SELECT NOIDA 3,Shoppers Stop,Department Store,Noida,Uttar Pradesh,North,SKU40544,Bb Cream Peach 30Ml,Renee,Makeup,Foundation,Top 10,Active,599,57,57,,13,8445,BGR North,19,13,,50,2,60.2,,
2026-07,OL1029,SSL-SELECT NOIDA 3,Shoppers Stop,Department Store,Noida,Uttar Pradesh,North,SKU40662,Compact Powder Nude 9Gm,Renee,Makeup,Foundation,Top 25,Active,1199,13,0,,0,0,BGR North,2,1,,50,2,60.2,,
2026-07,OL1029,SSL-SELECT NOIDA 3,Shoppers Stop,Department Store,Noida,Uttar Pradesh,North,SKU40722,Compact Powder Berry 9Gm,Renee,Makeup,Foundation,Top 10,Active,799,69,70,,6,5199,BGR North,8,7,,50,2,60.2,,
2026-07,OL1029,SSL-SELECT NOIDA 3,Shoppers Stop,Department Store,Noida,Uttar Pradesh,North,SKU40763,Blending Brush R6,Renee,Makeup,Brushes,Others,Active,349,13,11,,3,1135,BGR North,2,1,,50,2,60.2,,
2026-07,OL1029,SSL-SELECT NOIDA 3,Shoppers Stop,Department Store,Noida,Uttar Pradesh,North,SKU40812,Blending Brush R1,Renee,Makeup,Brushes,Top 10,Active,599,142,62,,9,5846,BGR North,14,14,,50,2,60.2,2025-09,
2026-07,OL1029,SSL-SELECT NOIDA 3,Shoppers Stop,Department Store,Noida,Uttar Pradesh,North,SKU40850,Powder Brush R8,Renee,Makeup,Brushes,Top 25,Active,650,28,40,,5,3524,BGR North,9,9,,50,2,60.2,,
2026-07,OL1029,SSL-SELECT NOIDA 3,Shoppers Stop,Department Store,Noida,Uttar Pradesh,North,SKU40951,Sunscreen Gel Spf 50 70Ml,Renee,Skincare,Sunscreen,Top 25,Active,999,25,27,,2,2167,BGR North,4,4,,45,2,60.2,,
2026-07,OL1029,SSL-SELECT NOIDA 3,Shoppers Stop,Department Store,Noida,Uttar Pradesh,North,SKU41012,Vitamin C Serum 30Ml,Renee,Skincare,Serum,Others,Active,599,39,36,,14,9094,BGR North,16,11,,45,2,60.2,2026-06,
2026-07,OL1029,SSL-SELECT NOIDA 3,Shoppers Stop,Department Store,Noida,Uttar Pradesh,North,SKU41024,Vitamin C Serum 30Ml,Renee,Skincare,Serum,Others,Active,449,9,10,,1,487,BGR North,4,2,,45,2,60.2,,
2026-07,OL1029,SSL-SELECT NOIDA 3,Shoppers Stop,Department Store,Noida,Uttar Pradesh,North,SKU41032,Face Wash Hazelnut 60Ml,Renee,Skincare,Cleanser,Others,Active,499,23,23,,2,1082,BGR North,3,2,,45,2,60.2,,
2026-07,OL1029,SSL-SELECT NOIDA 3,Shoppers Stop,Department Store,Noida,Uttar Pradesh,North,SKU41048,Face Wash Ocean 20Ml,Renee,Skincare,Cleanser,Others,Active,349,3,9,,7,2649,BGR North,13,13,,45,2,60.2,,
2026-07,OL1029,SSL-SELECT NOIDA 3,Shoppers Stop,Department Store,Noida,Uttar Pradesh,North,SKU41129,Face Wash Vanilla 40Ml,Renee,Skincare,Cleanser,Others,Active,299,22,24,,2,648,BGR North,5,4,,45,2,60.2,,
2026-07,OL1029,SSL-SELECT NOIDA 3,Shoppers Stop,Department Store,Noida,Uttar Pradesh,North,SKU41215,Perfume Midnight 50Ml,Renee,Fragrance,EDP,Others,Active,399,8,9,,1,433,BGR North,3,2,,55,2,60.2,,
2026-07,OL1029,SSL-SELECT NOIDA 3,Shoppers Stop,Department Store,Noida,Uttar Pradesh,North,SKU41382,Perfume Peach 50Ml,Renee,Fragrance,EDP,Top 25,Active,499,19,23,,5,2706,BGR North,11,9,,55,2,60.2,2025-08,
2026-07,OL1029,SSL-SELECT NOIDA 3,Shoppers Stop,Department Store,Noida,Uttar Pradesh,North,SKU41420,Body Mist Coral 100Ml,Renee,Fragrance,Body Mist,Top 25,Active,399,26,27,,7,3029,BGR North,11,8,,55,2,60.2,,
2026-07,OL1029,SSL-SELECT NOIDA 3,Shoppers Stop,Department Store,Noida,Uttar Pradesh,North,SKU41536,Body Mist Nude 100Ml,Renee,Fragrance,Body Mist,Top 25,Active,349,7,12,,17,6434,BGR North,25,22,,55,2,60.2,,
2026-07,OL1029,SSL-SELECT NOIDA 3,Shoppers Stop,Department Store,Noida,Uttar Pradesh,North,SKU41608,Hair Oil Berry 100Ml,Renee,Haircare,Hair Oil,Others,Active,449,0,1,,2,974,BGR North,4,3,,35,2,60.2,,
2026-07,OL1029,SSL-SELECT NOIDA 3,Shoppers Stop,Department Store,Noida,Uttar Pradesh,North,SKU41647,Hair Oil Hazelnut 100Ml,Renee,Haircare,Hair Oil,Others,Active,799,7,8,,1,866,BGR North,3,2,,35,2,60.2,,
2026-07,OL1030,SSL-NEXUS NOIDA 4,Shoppers Stop,Department Store,Noida,Uttar Pradesh,North,SKU40108,Matte Lip Color Peach 4.2Ml,Renee,Makeup,Lipstick,Top 10,Active,650,21,20,,3,2025,BGR North,3,2,,50,1,75.3,,
2026-07,OL1030,SSL-NEXUS NOIDA 4,Shoppers Stop,Department Store,Noida,Uttar Pradesh,North,SKU40266,Liquid Lipstick Nude 5Ml,Renee,Makeup,Lipstick,Top 10,Active,799,26,28,,3,2489,BGR North,6,5,,50,1,75.3,,
2026-07,OL1030,SSL-NEXUS NOIDA 4,Shoppers Stop,Department Store,Noida,Uttar Pradesh,North,SKU40281,Midnight Eyeliner Berry 2.5Ml,Renee,Makeup,Eyeliner,Others,Active,299,7,7,,1,310,BGR North,1,1,,50,1,75.3,,
2026-07,OL1030,SSL-NEXUS NOIDA 4,Shoppers Stop,Department Store,Noida,Uttar Pradesh,North,SKU40381,Midnight Eyeliner Ocean 2.5Ml,Renee,Makeup,Eyeliner,Top 25,Active,699,5,7,,2,1452,BGR North,4,4,,50,1,75.3,,
2026-07,OL1030,SSL-NEXUS NOIDA 4,Shoppers Stop,Department Store,Noida,Uttar Pradesh,North,SKU40490,Kajal Midnight 0.35Gm,Renee,Makeup,Eyeliner,Top 10,Active,599,4,8,,3,1866,BGR North,7,7,,50,1,75.3,,
2026-07,OL1030,SSL-NEXUS NOIDA 4,Shoppers Stop,Department Store,Noida,Uttar Pradesh,North,SKU40595,Compact Powder Mocha 9Gm,Renee,Makeup,Foundation,Top 10,Active,449,0,0,,0,0,BGR North,1,0,,50,1,75.3,,
2026-07,OL1030,SSL-NEXUS NOIDA 4,Shoppers Stop,Department Store,Noida,Uttar Pradesh,North,SKU40928,Powder Brush R4,Renee,Makeup,Brushes,Top 25,Active,650,8,9,,2,1350,BGR North,4,3,,50,1,75.3,,
2026-07,OL1030,SSL-NEXUS NOIDA 4,Shoppers Stop,Department Store,Noida,Uttar Pradesh,North,SKU41012,Vitamin C Serum 30Ml,Renee,Skincare,Serum,Others,Active,599,5,3,,5,3110,BGR North,4,3,,45,1,75.3,2026-06,
2026-07,OL1030,SSL-NEXUS NOIDA 4,Shoppers Stop,Department Store,Noida,Uttar Pradesh,North,SKU41024,Vitamin C Serum 30Ml,Renee,Skincare,Serum,Others,Active,449,0,2,,1,466,BGR North,3,3,,45,1,75.3,,
2026-07,OL1030,SSL-NEXUS NOIDA 4,Shoppers Stop,Department Store,Noida,Uttar Pradesh,North,SKU41032,Face Wash Hazelnut 60Ml,Renee,Skincare,Cleanser,Others,Active,499,0,0,,1,518,BGR North,1,0,,45,1,75.3,,
2026-07,OL1030,SSL-NEXUS NOIDA 4,Shoppers Stop,Department Store,Noida,Uttar Pradesh,North,SKU41129,Face Wash Vanilla 40Ml,Renee,Skincare,Cleanser,Others,Active,299,11,11,,1,310,BGR North,1,1,,45,1,75.3,,
2026-07,OL1030,SSL-NEXUS NOIDA 4,Shoppers Stop,Department Store,Noida,Uttar Pradesh,North,SKU41382,Perfume Peach 50Ml,Renee,Fragrance,EDP,Top 25,Active,499,6,7,,2,1036,BGR North,4,3,,55,1,75.3,2025-08,
2026-07,OL1030,SSL-NEXUS NOIDA 4,Shoppers Stop,Department Store,Noida,Uttar Pradesh,North,SKU41420,Body Mist Coral 100Ml,Renee,Fragrance,Body Mist,Top 25,Active,399,18,21,,2,829,BGR North,5,5,,55,1,75.3,,
2026-07,OL1030,SSL-NEXUS NOIDA 4,Shoppers Stop,Department Store,Noida,Uttar Pradesh,North,SKU41536,Body Mist Nude 100Ml,Renee,Fragrance,Body Mist,Top 25,Active,349,4,0,,4,1450,BGR North,6,4,,55,1,75.3,,
2026-07,OL1030,SSL-NEXUS NOIDA 4,Shoppers Stop,Department Store,Noida,Uttar Pradesh,North,SKU41608,Hair Oil Berry 100Ml,Renee,Haircare,Hair Oil,Others,Active,449,4,5,,1,466,BGR North,2,2,,35,1,75.3,,
2026-07,OL1031,SSL-SELECT HYDERABAD 5,Shoppers Stop,Department Store,Hyderabad,Telangana,South,SKU40078,Matte Lip Color Rose 4.2Ml,Renee,Makeup,Lipstick,Top 25,Active,650,33,35,,4,2544,BGR South,7,6,,50,1,69.6,,
2026-07,OL1031,SSL-SELECT HYDERABAD 5,Shoppers Stop,Department Store,Hyderabad,Telangana,South,SKU40108,Matte Lip Color Peach 4.2Ml,Renee,Makeup,Lipstick,Top 10,Active,650,2,6,,5,3180,BGR South,10,9,,50,1,69.6,,
2026-07,OL1031,SSL-SELECT HYDERABAD 5,Shoppers Stop,Department Store,Hyderabad,Telangana,South,SKU40127,Matte Lip Color Coral 4.2Ml,Renee,Makeup,Lipstick,Top 25,Active,499,0,3,,5,2441,BGR South,8,8,,50,1,69.6,,
2026-07,OL1031,SSL-SELECT HYDERABAD 5,Shoppers Stop,Department Store,Hyderabad,Telangana,South,SKU40318,Midnight Eyeliner Hazelnut 2.5Ml,Renee,Makeup,Eyeliner,Others,Active,650,15,14,,1,636,BGR South,0,0,,50,1,69.6,,
2026-07,OL1031,SSL-SELECT HYDERABAD 5,Shoppers Stop,Department Store,Hyderabad,Telangana,South,SKU40381,Midnight Eyeliner Ocean 2.5Ml,Renee,Makeup,Eyeliner,Top 25,Active,699,16,0,,6,4103,BGR South,13,10,,50,1,69.6,,
2026-07,OL1031,SSL-SELECT HYDERABAD 5,Shoppers Stop,Department Store,Hyderabad,Telangana,South,SKU40425,Kajal Vanilla 0.35Gm,Renee,Makeup,Eyeliner,Top 25,Active,299,51,51,,6,1755,BGR South,7,6,,50,1,69.6,,
2026-07,OL1031,SSL-SELECT HYDERABAD 5,Shoppers Stop,Department Store,Hyderabad,Telangana,South,SKU40490,Kajal Midnight 0.35Gm,Renee,Makeup,Eyeliner,Top 10,Active,599,0,4,,9,5274,BGR South,14,13,,50,1,69.6,,
2026-07,OL1031,SSL-SELECT HYDERABAD 5,Shoppers Stop,Department Store,Hyderabad,Telangana,South,SKU40529,Kajal Rose 0.35Gm,Renee,Makeup,Eyeliner,Others,Active,449,4,4,,2,879,BGR South,4,2,,50,1,69.6,2026-03,
2026-07,OL1031,SSL-SELECT HYDERABAD 5,Shoppers Stop,Department Store,Hyderabad,Telangana,South,SKU40544,Bb Cream Peach 30Ml,Renee,Makeup,Foundation,Top 10,Active,599,97,99,,5,2930,BGR South,11,7,,50,1,69.6,,
2026-07,OL1031,SSL-SELECT HYDERABAD 5,Shoppers Stop,Department Store,Hyderabad,Telangana,South,SKU40595,Compact Powder Mocha 9Gm,Renee,Makeup,Foundation,Top 10,Active,449,21,20,,7,3075,BGR South,9,6,,50,1,69.6,,
2026-07,OL1031,SSL-SELECT HYDERABAD 5,Shoppers Stop,Department Store,Hyderabad,Telangana,South,SKU40662,Compact Powder Nude 9Gm,Renee,Makeup,Foundation,Top 25,Active,1199,0,0,,1,1173,BGR South,1,0,,50,1,69.6,,
2026-07,OL1031,SSL-SELECT HYDERABAD 5,Shoppers Stop,Department Store,Hyderabad,Telangana,South,SKU40763,Blending Brush R6,Renee,Makeup,Brushes,Others,Active,349,8,10,,4,1366,BGR South,6,6,,50,1,69.6,,
2026-07,OL1031,SSL-SELECT HYDERABAD 5,Shoppers Stop,Department Store,Hyderabad,Telangana,South,SKU40836,Blending Brush R4,Renee,Makeup,Brushes,Top 10,Active,1199,21,26,,7,8211,BGR South,12,12,,50,1,69.6,,
2026-07,OL1031,SSL-SELECT HYDERABAD 5,Shoppers Stop,Department Store,Hyderabad,Telangana,South,SKU40928,Powder Brush R4,Renee,Makeup,Brushes,Top 25,Active,650,22,23,,4,2544,BGR South,6,5,,50,1,69.6,,
2026-07,OL1031,SSL-SELECT HYDERABAD 5,Shoppers Stop,Department Store,Hyderabad,Telangana,South,SKU40979,Sunscreen Gel Spf 50 50Ml,Renee,Skincare,Sunscreen,Top 25,Active,799,16,18,,3,2345,BGR South,6,5,,45,1,69.6,,
2026-07,OL1031,SSL-SELECT HYDERABAD 5,Shoppers Stop,Department Store,Hyderabad,Telangana,South,SKU41048,Face Wash Ocean 20Ml,Renee,Skincare,Cleanser,Others,Active,349,10,11,,4,1366,BGR South,6,5,,45,1,69.6,,
2026-07,OL1031,SSL-SELECT HYDERABAD 5,Shoppers Stop,Department Store,Hyderabad,Telangana,South,SKU41129,Face Wash Vanilla 40Ml,Renee,Skincare,Cleanser,Others,Active,299,4,6,,2,585,BGR South,5,4,,45,1,69.6,,
2026-07,OL1031,SSL-SELECT HYDERABAD 5,Shoppers Stop,Department Store,Hyderabad,Telangana,South,SKU41215,Perfume Midnight 50Ml,Renee,Fragrance,EDP,Others,Active,399,2,1,,1,390,BGR South,1,0,,55,1,69.6,,
2026-07,OL1031,SSL-SELECT HYDERABAD 5,Shoppers Stop,Department Store,Hyderabad,Telangana,South,SKU41295,Perfume Rose 50Ml,Renee,Fragrance,EDP,Top 25,Active,599,34,0,,4,2344,BGR South,8,8,,55,1,69.6,,
2026-07,OL1031,SSL-SELECT HYDERABAD 5,Shoppers Stop,Department Store,Hyderabad,Telangana,South,SKU41382,Perfume Peach 50Ml,Renee,Fragrance,EDP,Top 25,Active,499,7,9,,7,3417,BGR South,10,9,,55,1,69.6,2025-08,
2026-07,OL1031,SSL-SELECT HYDERABAD 5,Shoppers Stop,Department Store,Hyderabad,Telangana,South,SKU41420,Body Mist Coral 100Ml,Renee,Fragrance,Body Mist,Top 25,Active,399,27,30,,6,2342,BGR South,10,9,,55,1,69.6,,
2026-07,OL1031,SSL-SELECT HYDERABAD 5,Shoppers Stop,Department Store,Hyderabad,Telangana,South,SKU41608,Hair Oil Berry 100Ml,Renee,Haircare,Hair Oil,Others,Active,449,6,0,,1,439,BGR South,2,1,,35,1,69.6,,
2026-07,OL1031,SSL-SELECT HYDERABAD 5,Shoppers Stop,Department Store,Hyderabad,Telangana,South,SKU41647,Hair Oil Hazelnut 100Ml,Renee,Haircare,Hair Oil,Others,Active,799,10,5,,1,782,BGR South,1,1,,35,1,69.6,,
2026-07,OL1032,SSL-GALLERIA BANGALORE 6,Shoppers Stop,Department Store,Bangalore,Karnataka,South,SKU40078,Matte Lip Color Rose 4.2Ml,Renee,Makeup,Lipstick,Top 25,Active,650,46,47,,3,2025,BGR South,5,4,,50,4,58.5,,
2026-07,OL1032,SSL-GALLERIA BANGALORE 6,Shoppers Stop,Department Store,Bangalore,Karnataka,South,SKU40127,Matte Lip Color Coral 4.2Ml,Renee,Makeup,Lipstick,Top 25,Active,499,19,23,,4,2073,BGR South,5,4,,50,4,58.5,,
2026-07,OL1032,SSL-GALLERIA BANGALORE 6,Shoppers Stop,Department Store,Bangalore,Karnataka,South,SKU40202,Liquid Lipstick Mocha 5Ml,Renee,Makeup,Lipstick,Top 25,Active,799,6,8,,1,830,BGR South,4,3,,50,4,58.5,2025-11,
2026-07,OL1032,SSL-GALLERIA BANGALORE 6,Shoppers Stop,Department Store,Bangalore,Karnataka,South,SKU40266,Liquid Lipstick Nude 5Ml,Renee,Makeup,Lipstick,Top 10,Active,799,8,10,,13,10787,BGR South,15,15,,50,4,58.5,,
2026-07,OL1032,SSL-GALLERIA BANGALORE 6,Shoppers Stop,Department Store,Bangalore,Karnataka,South,SKU40281,Midnight Eyeliner Berry 2.5Ml,Renee,Makeup,Eyeliner,Others,Active,299,20,20,,4,1242,BGR South,7,4,,50,4,58.5,,
2026-07,OL1032,SSL-GALLERIA BANGALORE 6,Shoppers Stop,Department Store,Bangalore,Karnataka,South,SKU40318,Midnight Eyeliner Hazelnut 2.5Ml,Renee,Makeup,Eyeliner,Others,Active,650,6,8,,1,675,BGR South,4,3,,50,4,58.5,,
2026-07,OL1032,SSL-GALLERIA BANGALORE 6,Shoppers Stop,Department Store,Bangalore,Karnataka,South,SKU40425,Kajal Vanilla 0.35Gm,Renee,Makeup,Eyeliner,Top 25,Active,299,19,27,,9,2795,BGR South,17,17,,50,4,58.5,,
2026-07,OL1032,SSL-GALLERIA BANGALORE 6,Shoppers Stop,Department Store,Bangalore,Karnataka,South,SKU40490,Kajal Midnight 0.35Gm,Renee,Makeup,Eyeliner,Top 10,Active,599,20,25,,4,2488,BGR South,9,9,,50,4,58.5,,
2026-07,OL1032,SSL-GALLERIA BANGALORE 6,Shoppers Stop,Department Store,Bangalore,Karnataka,South,SKU40529,Kajal Rose 0.35Gm,Renee,Makeup,Eyeliner,Others,Active,449,3,4,,2,933,BGR South,4,3,,50,4,58.5,2026-03,
2026-07,OL1032,SSL-GALLERIA BANGALORE 6,Shoppers Stop,Department Store,Bangalore,Karnataka,South,SKU40595,Compact Powder Mocha 9Gm,Renee,Makeup,Foundation,Top 10,Active,449,86,84,,8,3730,BGR South,8,6,,50,4,58.5,,
2026-07,OL1032,SSL-GALLERIA BANGALORE 6,Shoppers Stop,Department Store,Bangalore,Karnataka,South,SKU40662,Compact Powder Nude 9Gm,Renee,Makeup,Foundation,Top 25,Active,1199,9,8,,1,1245,BGR South,1,0,,50,4,58.5,,
2026-07,OL1032,SSL-GALLERIA BANGALORE 6,Shoppers Stop,Department Store,Bangalore,Karnataka,South,SKU40722,Compact Powder Berry 9Gm,Renee,Makeup,Foundation,Top 10,Active,799,7,9,,3,2489,BGR South,6,5,,50,4,58.5,,
2026-07,OL1032,SSL-GALLERIA BANGALORE 6,Shoppers Stop,Department Store,Bangalore,Karnataka,South,SKU40763,Blending Brush R6,Renee,Makeup,Brushes,Others,Active,349,4,4,,2,725,BGR South,3,2,,50,4,58.5,,
2026-07,OL1032,SSL-GALLERIA BANGALORE 6,Shoppers Stop,Department Store,Bangalore,Karnataka,South,SKU40812,Blending Brush R1,Renee,Makeup,Brushes,Top 10,Active,599,21,20,,11,6843,BGR South,11,10,,50,4,58.5,2025-09,
2026-07,OL1032,SSL-GALLERIA BANGALORE 6,Shoppers Stop,Department Store,Bangalore,Karnataka,South,SKU40836,Blending Brush R4,Renee,Makeup,Brushes,Top 10,Active,1199,36,41,,11,13697,BGR South,17,16,,50,4,58.5,,
2026-07,OL1032,SSL-GALLERIA BANGALORE 6,Shoppers Stop,Department Store,Bangalore,Karnataka,South,SKU40928,Powder Brush R4,Renee,Makeup,Brushes,Top 25,Active,650,13,14,,3,2025,BGR South,5,4,,50,4,58.5,,
2026-07,OL1032,SSL-GALLERIA BANGALORE 6,Shoppers Stop,Department Store,Bangalore,Karnataka,South,SKU40951,Sunscreen Gel Spf 50 70Ml,Renee,Skincare,Sunscreen,Top 25,Active,999,2,3,,1,1038,BGR South,3,2,,45,4,58.5,,
2026-07,OL1032,SSL-GALLERIA BANGALORE 6,Shoppers Stop,Department Store,Bangalore,Karnataka,South,SKU40979,Sunscreen Gel Spf 50 50Ml,Renee,Skincare,Sunscreen,Top 25,Active,799,12,11,,3,2489,BGR South,4,2,,45,4,58.5,,
2026-07,OL1032,SSL-GALLERIA BANGALORE 6,Shoppers Stop,Department Store,Bangalore,Karnataka,South,SKU41012,Vitamin C Serum 30Ml,Renee,Skincare,Serum,Others,Active,599,13,20,,11,6843,BGR South,18,18,,45,4,58.5,2026-06,
2026-07,OL1032,SSL-GALLERIA BANGALORE 6,Shoppers Stop,Department Store,Bangalore,Karnataka,South,SKU41032,Face Wash Hazelnut 60Ml,Renee,Skincare,Cleanser,Others,Active,499,0,0,,2,1036,BGR South,4,2,,45,4,58.5,,
2026-07,OL1032,SSL-GALLERIA BANGALORE 6,Shoppers Stop,Department Store,Bangalore,Karnataka,South,SKU41048,Face Wash Ocean 20Ml,Renee,Skincare,Cleanser,Others,Active,349,5,5,,3,1087,BGR South,4,3,,45,4,58.5,,
2026-07,OL1032,SSL-GALLERIA BANGALORE 6,Shoppers Stop,Department Store,Bangalore,Karnataka,South,SKU41215,Perfume Midnight 50Ml,Renee,Fragrance,EDP,Others,Active,399,4,6,,1,414,BGR South,3,3,,55,4,58.5,,
2026-07,OL1032,SSL-GALLERIA BANGALORE 6,Shoppers Stop,Department Store,Bangalore,Karnataka,South,SKU41295,Perfume Rose 50Ml,Renee,Fragrance,EDP,Top 25,Active,599,39,39,,5,3110,BGR South,7,5,,55,4,58.5,,
2026-07,OL1032,SSL-GALLERIA BANGALORE 6,Shoppers Stop,Department Store,Bangalore,Karnataka,South,SKU41382,Perfume Peach 50Ml,Renee,Fragrance,EDP,Top 25,Active,499,0,1,,3,1555,BGR South,6,4,,55,4,58.5,2025-08,
2026-07,OL1032,SSL-GALLERIA BANGALORE 6,Shoppers Stop,Department Store,Bangalore,Karnataka,South,SKU41608,Hair Oil Berry 100Ml,Renee,Haircare,Hair Oil,Others,Active,449,13,13,,1,466,BGR South,2,1,,35,4,58.5,,
2026-07,OL1032,SSL-GALLERIA BANGALORE 6,Shoppers Stop,Department Store,Bangalore,Karnataka,South,SKU41647,Hair Oil Hazelnut 100Ml,Renee,Haircare,Hair Oil,Others,Active,799,9,5,,1,830,BGR South,0,0,,35,4,58.5,,
2026-07,OL1033,SSL-SELECT PUNE 7,Shoppers Stop,Department Store,Pune,Maharashtra,West,SKU40078,Matte Lip Color Rose 4.2Ml,Renee,Makeup,Lipstick,Top 25,Active,650,2,5,,5,3193,BGR West,11,8,,50,4,71.2,,
2026-07,OL1033,SSL-SELECT PUNE 7,Shoppers Stop,Department Store,Pune,Maharashtra,West,SKU40108,Matte Lip Color Peach 4.2Ml,Renee,Makeup,Lipstick,Top 10,Active,650,46,48,,4,2555,BGR West,7,6,,50,4,71.2,,
2026-07,OL1033,SSL-SELECT PUNE 7,Shoppers Stop,Department Store,Pune,Maharashtra,West,SKU40202,Liquid Lipstick Mocha 5Ml,Renee,Makeup,Lipstick,Top 25,Active,799,4,4,,2,1570,BGR West,2,2,,50,4,71.2,2025-11,
2026-07,OL1033,SSL-SELECT PUNE 7,Shoppers Stop,Department Store,Pune,Maharashtra,West,SKU40318,Midnight Eyeliner Hazelnut 2.5Ml,Renee,Makeup,Eyeliner,Others,Active,650,19,18,,3,1916,BGR West,4,2,,50,4,71.2,,
2026-07,OL1033,SSL-SELECT PUNE 7,Shoppers Stop,Department Store,Pune,Maharashtra,West,SKU40490,Kajal Midnight 0.35Gm,Renee,Makeup,Eyeliner,Top 10,Active,599,23,27,,10,5885,BGR West,14,14,,50,4,71.2,,
2026-07,OL1033,SSL-SELECT PUNE 7,Shoppers Stop,Department Store,Pune,Maharashtra,West,SKU40529,Kajal Rose 0.35Gm,Renee,Makeup,Eyeliner,Others,Active,449,0,0,,5,2206,BGR West,5,4,,50,4,71.2,2026-03,
2026-07,OL1033,SSL-SELECT PUNE 7,Shoppers Stop,Department Store,Pune,Maharashtra,West,SKU40544,Bb Cream Peach 30Ml,Renee,Makeup,Foundation,Top 10,Active,599,26,32,,14,8240,BGR West,22,20,,50,4,71.2,,
2026-07,OL1033,SSL-SELECT PUNE 7,Shoppers Stop,Department Store,Pune,Maharashtra,West,SKU40588,Bb Cream Coral 30Ml,Renee,Makeup,Foundation,Top 10,Active,349,56,74,,21,7201,BGR West,42,39,,50,4,71.2,,
2026-07,OL1033,SSL-SELECT PUNE 7,Shoppers Stop,Department Store,Pune,Maharashtra,West,SKU40595,Compact Powder Mocha 9Gm,Renee,Makeup,Foundation,Top 10,Active,449,113,123,,24,10588,BGR West,34,34,,50,4,71.2,,
2026-07,OL1033,SSL-SELECT PUNE 7,Shoppers Stop,Department Store,Pune,Maharashtra,West,SKU40662,Compact Powder Nude 9Gm,Renee,Makeup,Foundation,Top 25,Active,1199,9,9,,2,2356,BGR West,3,2,,50,4,71.2,,
2026-07,OL1033,SSL-SELECT PUNE 7,Shoppers Stop,Department Store,Pune,Maharashtra,West,SKU40722,Compact Powder Berry 9Gm,Renee,Makeup,Foundation,Top 10,Active,799,21,28,,9,7066,BGR West,16,16,,50,4,71.2,,
2026-07,OL1033,SSL-SELECT PUNE 7,Shoppers Stop,Department Store,Pune,Maharashtra,West,SKU40812,Blending Brush R1,Renee,Makeup,Brushes,Top 10,Active,599,10,69,,9,5297,BGR West,19,17,,50,4,71.2,2025-09,
2026-07,OL1033,SSL-SELECT PUNE 7,Shoppers Stop,Department Store,Pune,Maharashtra,West,SKU40928,Powder Brush R4,Renee,Makeup,Brushes,Top 25,Active,650,28,29,,5,3193,BGR West,6,6,,50,4,71.2,,
2026-07,OL1033,SSL-SELECT PUNE 7,Shoppers Stop,Department Store,Pune,Maharashtra,West,SKU40951,Sunscreen Gel Spf 50 70Ml,Renee,Skincare,Sunscreen,Top 25,Active,999,16,18,,1,982,BGR West,4,3,,45,4,71.2,,
2026-07,OL1033,SSL-SELECT PUNE 7,Shoppers Stop,Department Store,Pune,Maharashtra,West,SKU41012,Vitamin C Serum 30Ml,Renee,Skincare,Serum,Others,Active,599,36,34,,12,7063,BGR West,15,10,,45,4,71.2,2026-06,
2026-07,OL1033,SSL-SELECT PUNE 7,Shoppers Stop,Department Store,Pune,Maharashtra,West,SKU41024,Vitamin C Serum 30Ml,Renee,Skincare,Serum,Others,Active,449,5,7,,1,441,BGR West,4,3,,45,4,71.2,,
2026-07,OL1033,SSL-SELECT PUNE 7,Shoppers Stop,Department Store,Pune,Maharashtra,West,SKU41032,Face Wash Hazelnut 60Ml,Renee,Skincare,Cleanser,Others,Active,499,2,2,,2,981,BGR West,3,2,,45,4,71.2,,
2026-07,OL1033,SSL-SELECT PUNE 7,Shoppers Stop,Department Store,Pune,Maharashtra,West,SKU41048,Face Wash Ocean 20Ml,Renee,Skincare,Cleanser,Others,Active,349,23,20,,8,2743,BGR West,7,5,,45,4,71.2,,
2026-07,OL1033,SSL-SELECT PUNE 7,Shoppers Stop,Department Store,Pune,Maharashtra,West,SKU41215,Perfume Midnight 50Ml,Renee,Fragrance,EDP,Others,Active,399,6,8,,1,392,BGR West,3,3,,55,4,71.2,,
2026-07,OL1033,SSL-SELECT PUNE 7,Shoppers Stop,Department Store,Pune,Maharashtra,West,SKU41295,Perfume Rose 50Ml,Renee,Fragrance,EDP,Top 25,Active,599,10,14,,5,2943,BGR West,10,9,,55,4,71.2,,
2026-07,OL1033,SSL-SELECT PUNE 7,Shoppers Stop,Department Store,Pune,Maharashtra,West,SKU41382,Perfume Peach 50Ml,Renee,Fragrance,EDP,Top 25,Active,499,40,45,,6,2942,BGR West,11,11,,55,4,71.2,2025-08,
2026-07,OL1033,SSL-SELECT PUNE 7,Shoppers Stop,Department Store,Pune,Maharashtra,West,SKU41476,Body Mist Mocha 100Ml,Renee,Fragrance,Body Mist,Top 10,Active,799,0,0,,10,7851,BGR West,12,9,,55,4,71.2,,
2026-07,OL1033,SSL-SELECT PUNE 7,Shoppers Stop,Department Store,Pune,Maharashtra,West,SKU41536,Body Mist Nude 100Ml,Renee,Fragrance,Body Mist,Top 25,Active,349,0,0,,9,3086,BGR West,10,7,,55,4,71.2,,
2026-07,OL1033,SSL-SELECT PUNE 7,Shoppers Stop,Department Store,Pune,Maharashtra,West,SKU41608,Hair Oil Berry 100Ml,Renee,Haircare,Hair Oil,Others,Active,449,6,8,,2,882,BGR West,5,4,,35,4,71.2,,
2026-07,OL1033,SSL-SELECT PUNE 7,Shoppers Stop,Department Store,Pune,Maharashtra,West,SKU41647,Hair Oil Hazelnut 100Ml,Renee,Haircare,Hair Oil,Others,Active,799,15,15,,1,785,BGR West,1,1,,35,4,71.2,,
2026-07,OL1034,SSL-PHOENIX BHUBANESWAR 8,Shoppers Stop,Department Store,Bhubaneswar,Odisha,East,SKU40078,Matte Lip Color Rose 4.2Ml,Renee,Makeup,Lipstick,Top 25,Active,650,14,18,,4,2930,BGR East,8,8,,50,1,46.8,,
2026-07,OL1034,SSL-PHOENIX BHUBANESWAR 8,Shoppers Stop,Department Store,Bhubaneswar,Odisha,East,SKU40127,Matte Lip Color Coral 4.2Ml,Renee,Makeup,Lipstick,Top 25,Active,499,10,15,,4,2250,BGR East,9,9,,50,1,46.8,,
2026-07,OL1034,SSL-PHOENIX BHUBANESWAR 8,Shoppers Stop,Department Store,Bhubaneswar,Odisha,East,SKU40318,Midnight Eyeliner Hazelnut 2.5Ml,Renee,Makeup,Eyeliner,Others,Active,650,18,17,,2,1465,BGR East,2,1,,50,1,46.8,,
2026-07,OL1034,SSL-PHOENIX BHUBANESWAR 8,Shoppers Stop,Department Store,Bhubaneswar,Odisha,East,SKU40381,Midnight Eyeliner Ocean 2.5Ml,Renee,Makeup,Eyeliner,Top 25,Active,699,3,3,,4,3151,BGR East,5,4,,50,1,46.8,,
2026-07,OL1034,SSL-PHOENIX BHUBANESWAR 8,Shoppers Stop,Department Store,Bhubaneswar,Odisha,East,SKU40529,Kajal Rose 0.35Gm,Renee,Makeup,Eyeliner,Others,Active,449,2,2,,3,1518,BGR East,4,3,,50,1,46.8,2026-03,
2026-07,OL1034,SSL-PHOENIX BHUBANESWAR 8,Shoppers Stop,Department Store,Bhubaneswar,Odisha,East,SKU40544,Bb Cream Peach 30Ml,Renee,Makeup,Foundation,Top 10,Active,599,19,21,,6,4051,BGR East,9,8,,50,1,46.8,,
2026-07,OL1034,SSL-PHOENIX BHUBANESWAR 8,Shoppers Stop,Department Store,Bhubaneswar,Odisha,East,SKU40595,Compact Powder Mocha 9Gm,Renee,Makeup,Foundation,Top 10,Active,449,142,153,,14,7085,BGR East,25,25,,50,1,46.8,,
2026-07,OL1034,SSL-PHOENIX BHUBANESWAR 8,Shoppers Stop,Department Store,Bhubaneswar,Odisha,East,SKU40836,Blending Brush R4,Renee,Makeup,Brushes,Top 10,Active,1199,43,49,,9,12162,BGR East,17,15,,50,1,46.8,,
2026-07,OL1034,SSL-PHOENIX BHUBANESWAR 8,Shoppers Stop,Department Store,Bhubaneswar,Odisha,East,SKU40850,Powder Brush R8,Renee,Makeup,Brushes,Top 25,Active,650,7,11,,4,2930,BGR East,8,8,,50,1,46.8,,
2026-07,OL1034,SSL-PHOENIX BHUBANESWAR 8,Shoppers Stop,Department Store,Bhubaneswar,Odisha,East,SKU40928,Powder Brush R4,Renee,Makeup,Brushes,Top 25,Active,650,43,44,,6,4396,BGR East,8,7,,50,1,46.8,,
2026-07,OL1034,SSL-PHOENIX BHUBANESWAR 8,Shoppers Stop,Department Store,Bhubaneswar,Odisha,East,SKU40951,Sunscreen Gel Spf 50 70Ml,Renee,Skincare,Sunscreen,Top 25,Active,999,6,8,,1,1126,BGR East,3,3,,45,1,46.8,,
2026-07,OL1034,SSL-PHOENIX BHUBANESWAR 8,Shoppers Stop,Department Store,Bhubaneswar,Odisha,East,SKU40972,Sunscreen Gel Spf 50 70Ml,Renee,Skincare,Sunscreen,Top 25,Active,599,11,14,,5,3376,BGR East,9,8,,45,1,46.8,,
2026-07,OL1034,SSL-PHOENIX BHUBANESWAR 8,Shoppers Stop,Department Store,Bhubaneswar,Odisha,East,SKU41032,Face Wash Hazelnut 60Ml,Renee,Skincare,Cleanser,Others,Active,499,1,0,,1,562,BGR East,1,0,,45,1,46.8,,
2026-07,OL1034,SSL-PHOENIX BHUBANESWAR 8,Shoppers Stop,Department Store,Bhubaneswar,Odisha,East,SKU41215,Perfume Midnight 50Ml,Renee,Fragrance,EDP,Others,Active,399,2,6,,1,450,BGR East,2,1,,55,1,46.8,,
2026-07,OL1034,SSL-PHOENIX BHUBANESWAR 8,Shoppers Stop,Department Store,Bhubaneswar,Odisha,East,SKU41295,Perfume Rose 50Ml,Renee,Fragrance,EDP,Top 25,Active,599,3,5,,4,2701,BGR East,7,6,,55,1,46.8,,
2026-07,OL1034,SSL-PHOENIX BHUBANESWAR 8,Shoppers Stop,Department Store,Bhubaneswar,Odisha,East,SKU41476,Body Mist Mocha 100Ml,Renee,Fragrance,Body Mist,Top 10,Active,799,57,61,,7,6304,BGR East,14,11,,55,1,46.8,,
2026-07,OL1034,SSL-PHOENIX BHUBANESWAR 8,Shoppers Stop,Department Store,Bhubaneswar,Odisha,East,SKU41536,Body Mist Nude 100Ml,Renee,Fragrance,Body Mist,Top 25,Active,349,12,26,,15,5900,BGR East,29,29,,55,1,46.8,,
2026-07,OL1034,SSL-PHOENIX BHUBANESWAR 8,Shoppers Stop,Department Store,Bhubaneswar,Odisha,East,SKU41608,Hair Oil Berry 100Ml,Renee,Haircare,Hair Oil,Others,Active,449,8,10,,1,506,BGR East,3,3,,35,1,46.8,,
2026-07,OL1034,SSL-PHOENIX BHUBANESWAR 8,Shoppers Stop,Department Store,Bhubaneswar,Odisha,East,SKU41647,Hair Oil Hazelnut 100Ml,Renee,Haircare,Hair Oil,Others,Active,799,6,8,,1,901,BGR East,3,3,,35,1,46.8,,
2026-07,OL1035,SSL-EXPRESS CHENNAI 9,Shoppers Stop,Department Store,Chennai,Tamil Nadu,South,SKU40127,Matte Lip Color Coral 4.2Ml,Renee,Makeup,Lipstick,Top 25,Active,499,28,30,,4,2018,BGR South,7,6,,50,4,50.2,,
2026-07,OL1035,SSL-EXPRESS CHENNAI 9,Shoppers Stop,Department Store,Chennai,Tamil Nadu,South,SKU40202,Liquid Lipstick Mocha 5Ml,Renee,Makeup,Lipstick,Top 25,Active,799,1,0,,1,808,BGR South,4,4,,50,4,50.2,2025-11,
2026-07,OL1035,SSL-EXPRESS CHENNAI 9,Shoppers Stop,Department Store,Chennai,Tamil Nadu,South,SKU40318,Midnight Eyeliner Hazelnut 2.5Ml,Renee,Makeup,Eyeliner,Others,Active,650,7,8,,0,0,BGR South,2,1,,50,4,50.2,,
2026-07,OL1035,SSL-EXPRESS CHENNAI 9,Shoppers Stop,Department Store,Chennai,Tamil Nadu,South,SKU40425,Kajal Vanilla 0.35Gm,Renee,Makeup,Eyeliner,Top 25,Active,299,26,28,,5,1512,BGR South,10,7,,50,4,50.2,,
2026-07,OL1035,SSL-EXPRESS CHENNAI 9,Shoppers Stop,Department Store,Chennai,Tamil Nadu,South,SKU40490,Kajal Midnight 0.35Gm,Renee,Makeup,Eyeliner,Top 10,Active,599,0,2,,7,4240,BGR South,10,9,,50,4,50.2,,
2026-07,OL1035,SSL-EXPRESS CHENNAI 9,Shoppers Stop,Department Store,Chennai,Tamil Nadu,South,SKU40544,Bb Cream Peach 30Ml,Renee,Makeup,Foundation,Top 10,Active,599,0,0,,3,1817,BGR South,4,3,,50,4,50.2,,
2026-07,OL1035,SSL-EXPRESS CHENNAI 9,Shoppers Stop,Department Store,Chennai,Tamil Nadu,South,SKU40588,Bb Cream Coral 30Ml,Renee,Makeup,Foundation,Top 10,Active,349,44,49,,9,3176,BGR South,14,14,,50,4,50.2,,
2026-07,OL1035,SSL-EXPRESS CHENNAI 9,Shoppers Stop,Department Store,Chennai,Tamil Nadu,South,SKU40595,Compact Powder Mocha 9Gm,Renee,Makeup,Foundation,Top 10,Active,449,20,20,,8,3632,BGR South,12,8,,50,4,50.2,,
2026-07,OL1035,SSL-EXPRESS CHENNAI 9,Shoppers Stop,Department Store,Chennai,Tamil Nadu,South,SKU40763,Blending Brush R6,Renee,Makeup,Brushes,Others,Active,349,12,14,,2,706,BGR South,5,4,,50,4,50.2,,
2026-07,OL1035,SSL-EXPRESS CHENNAI 9,Shoppers Stop,Department Store,Chennai,Tamil Nadu,South,SKU40812,Blending Brush R1,Renee,Makeup,Brushes,Top 10,Active,599,12,18,,7,4240,BGR South,14,13,,50,4,50.2,2025-09,
2026-07,OL1035,SSL-EXPRESS CHENNAI 9,Shoppers Stop,Department Store,Chennai,Tamil Nadu,South,SKU40850,Powder Brush R8,Renee,Makeup,Brushes,Top 25,Active,650,2,4,,2,1314,BGR South,5,4,,50,4,50.2,,
2026-07,OL1035,SSL-EXPRESS CHENNAI 9,Shoppers Stop,Department Store,Chennai,Tamil Nadu,South,SKU40928,Powder Brush R4,Renee,Makeup,Brushes,Top 25,Active,650,9,11,,1,657,BGR South,3,3,,50,4,50.2,,
2026-07,OL1035,SSL-EXPRESS CHENNAI 9,Shoppers Stop,Department Store,Chennai,Tamil Nadu,South,SKU40951,Sunscreen Gel Spf 50 70Ml,Renee,Skincare,Sunscreen,Top 25,Active,999,7,8,,1,1010,BGR South,2,2,,45,4,50.2,,
2026-07,OL1035,SSL-EXPRESS CHENNAI 9,Shoppers Stop,Department Store,Chennai,Tamil Nadu,South,SKU40979,Sunscreen Gel Spf 50 50Ml,Renee,Skincare,Sunscreen,Top 25,Active,799,18,18,,2,1616,BGR South,3,2,,45,4,50.2,,
2026-07,OL1035,SSL-EXPRESS CHENNAI 9,Shoppers Stop,Department Store,Chennai,Tamil Nadu,South,SKU41012,Vitamin C Serum 30Ml,Renee,Skincare,Serum,Others,Active,599,9,14,,3,1817,BGR South,8,8,,45,4,50.2,2026-06,
2026-07,OL1035,SSL-EXPRESS CHENNAI 9,Shoppers Stop,Department Store,Chennai,Tamil Nadu,South,SKU41032,Face Wash Hazelnut 60Ml,Renee,Skincare,Cleanser,Others,Active,499,0,2,,1,505,BGR South,4,3,,45,4,50.2,,
2026-07,OL1035,SSL-EXPRESS CHENNAI 9,Shoppers Stop,Department Store,Chennai,Tamil Nadu,South,SKU41048,Face Wash Ocean 20Ml,Renee,Skincare,Cleanser,Others,Active,349,12,12,,3,1059,BGR South,4,3,,45,4,50.2,,
2026-07,OL1035,SSL-EXPRESS CHENNAI 9,Shoppers Stop,Department Store,Chennai,Tamil Nadu,South,SKU41129,Face Wash Vanilla 40Ml,Renee,Skincare,Cleanser,Others,Active,299,10,9,,1,302,BGR South,0,0,,45,4,50.2,,
2026-07,OL1035,SSL-EXPRESS CHENNAI 9,Shoppers Stop,Department Store,Chennai,Tamil Nadu,South,SKU41215,Perfume Midnight 50Ml,Renee,Fragrance,EDP,Others,Active,399,9,9,,1,403,BGR South,1,1,,55,4,50.2,,
2026-07,OL1035,SSL-EXPRESS CHENNAI 9,Shoppers Stop,Department Store,Chennai,Tamil Nadu,South,SKU41382,Perfume Peach 50Ml,Renee,Fragrance,EDP,Top 25,Active,499,19,17,,2,1009,BGR South,4,3,,55,4,50.2,2025-08,
2026-07,OL1035,SSL-EXPRESS CHENNAI 9,Shoppers Stop,Department Store,Chennai,Tamil Nadu,South,SKU41420,Body Mist Coral 100Ml,Renee,Fragrance,Body Mist,Top 25,Active,399,1,1,,2,807,BGR South,3,2,,55,4,50.2,,
2026-07,OL1035,SSL-EXPRESS CHENNAI 9,Shoppers Stop,Department Store,Chennai,Tamil Nadu,South,SKU41608,Hair Oil Berry 100Ml,Renee,Haircare,Hair Oil,Others,Active,449,4,3,,1,454,BGR South,0,0,,35,4,50.2,,
2026-07,OL1036,SSL-GALLERIA MUMBAI 10,Shoppers Stop,Department Store,Mumbai,Maharashtra,West,SKU40078,Matte Lip Color Rose 4.2Ml,Renee,Makeup,Lipstick,Top 25,Active,650,35,36,,7,4354,BGR West,12,8,,50,4,46.2,,
2026-07,OL1036,SSL-GALLERIA MUMBAI 10,Shoppers Stop,Department Store,Mumbai,Maharashtra,West,SKU40127,Matte Lip Color Coral 4.2Ml,Renee,Makeup,Lipstick,Top 25,Active,499,8,7,,3,1433,BGR West,3,2,,50,4,46.2,,
2026-07,OL1036,SSL-GALLERIA MUMBAI 10,Shoppers Stop,Department Store,Mumbai,Maharashtra,West,SKU40202,Liquid Lipstick Mocha 5Ml,Renee,Makeup,Lipstick,Top 25,Active,799,11,13,,1,765,BGR West,4,3,,50,4,46.2,2025-11,
2026-07,OL1036,SSL-GALLERIA MUMBAI 10,Shoppers Stop,Department Store,Mumbai,Maharashtra,West,SKU40266,Liquid Lipstick Nude 5Ml,Renee,Makeup,Lipstick,Top 10,Active,799,4,0,,7,5352,BGR West,9,9,,50,4,46.2,,
2026-07,OL1036,SSL-GALLERIA MUMBAI 10,Shoppers Stop,Department Store,Mumbai,Maharashtra,West,SKU40281,Midnight Eyeliner Berry 2.5Ml,Renee,Makeup,Eyeliner,Others,Active,299,15,17,,4,1145,BGR West,6,6,,50,4,46.2,,
2026-07,OL1036,SSL-GALLERIA MUMBAI 10,Shoppers Stop,Department Store,Mumbai,Maharashtra,West,SKU40425,Kajal Vanilla 0.35Gm,Renee,Makeup,Eyeliner,Top 25,Active,299,1,1,,7,2003,BGR West,7,7,,50,4,46.2,,
2026-07,OL1036,SSL-GALLERIA MUMBAI 10,Shoppers Stop,Department Store,Mumbai,Maharashtra,West,SKU40588,Bb Cream Coral 30Ml,Renee,Makeup,Foundation,Top 10,Active,349,0,7,,11,3674,BGR West,18,18,,50,4,46.2,,
2026-07,OL1036,SSL-GALLERIA MUMBAI 10,Shoppers Stop,Department Store,Mumbai,Maharashtra,West,SKU40763,Blending Brush R6,Renee,Makeup,Brushes,Others,Active,349,4,6,,4,1336,BGR West,7,6,,50,4,46.2,,
2026-07,OL1036,SSL-GALLERIA MUMBAI 10,Shoppers Stop,Department Store,Mumbai,Maharashtra,West,SKU40836,Blending Brush R4,Renee,Makeup,Brushes,Top 10,Active,1199,66,64,,13,14917,BGR West,17,11,,50,4,46.2,,
2026-07,OL1036,SSL-GALLERIA MUMBAI 10,Shoppers Stop,Department Store,Mumbai,Maharashtra,West,SKU40850,Powder Brush R8,Renee,Makeup,Brushes,Top 25,Active,650,24,24,,4,2488,BGR West,4,4,,50,4,46.2,,
2026-07,OL1036,SSL-GALLERIA MUMBAI 10,Shoppers Stop,Department Store,Mumbai,Maharashtra,West,SKU40928,Powder Brush R4,Renee,Makeup,Brushes,Top 25,Active,650,23,24,,2,1244,BGR West,4,3,,50,4,46.2,,
2026-07,OL1036,SSL-GALLERIA MUMBAI 10,Shoppers Stop,Department Store,Mumbai,Maharashtra,West,SKU41012,Vitamin C Serum 30Ml,Renee,Skincare,Serum,Others,Active,599,14,18,,7,4013,BGR West,16,11,,45,4,46.2,2026-06,
2026-07,OL1036,SSL-GALLERIA MUMBAI 10,Shoppers Stop,Department Store,Mumbai,Maharashtra,West,SKU41024,Vitamin C Serum 30Ml,Renee,Skincare,Serum,Others,Active,449,1,0,,1,430,BGR West,1,0,,45,4,46.2,,
2026-07,OL1036,SSL-GALLERIA MUMBAI 10,Shoppers Stop,Department Store,Mumbai,Maharashtra,West,SKU41032,Face Wash Hazelnut 60Ml,Renee,Skincare,Cleanser,Others,Active,499,4,5,,2,955,BGR West,3,3,,45,4,46.2,,
2026-07,OL1036,SSL-GALLERIA MUMBAI 10,Shoppers Stop,Department Store,Mumbai,Maharashtra,West,SKU41295,Perfume Rose 50Ml,Renee,Fragrance,EDP,Top 25,Active,599,59,64,,6,3439,BGR West,14,11,,55,4,46.2,,
2026-07,OL1036,SSL-GALLERIA MUMBAI 10,Shoppers Stop,Department Store,Mumbai,Maharashtra,West,SKU41382,Perfume Peach 50Ml,Renee,Fragrance,EDP,Top 25,Active,499,0,4,,4,1910,BGR West,9,8,,55,4,46.2,2025-08,
2026-07,OL1036,SSL-GALLERIA MUMBAI 10,Shoppers Stop,Department Store,Mumbai,Maharashtra,West,SKU41420,Body Mist Coral 100Ml,Renee,Fragrance,Body Mist,Top 25,Active,399,17,19,,2,764,BGR West,5,4,,55,4,46.2,,
2026-07,OL1037,SSL-ORION AHMEDABAD 11,Shoppers Stop,Department Store,Ahmedabad,Gujarat,West,SKU40078,Matte Lip Color Rose 4.2Ml,Renee,Makeup,Lipstick,Top 25,Active,650,29,35,,5,3669,BGR West,8,8,,50,2,71.5,,
2026-07,OL1037,SSL-ORION AHMEDABAD 11,Shoppers Stop,Department Store,Ahmedabad,Gujarat,West,SKU40266,Liquid Lipstick Nude 5Ml,Renee,Makeup,Lipstick,Top 10,Active,799,70,81,,13,11725,BGR West,24,24,,50,2,71.5,,
2026-07,OL1037,SSL-ORION AHMEDABAD 11,Shoppers Stop,Department Store,Ahmedabad,Gujarat,West,SKU40281,Midnight Eyeliner Berry 2.5Ml,Renee,Makeup,Eyeliner,Others,Active,299,73,74,,8,2700,BGR West,9,9,,50,2,71.5,,
2026-07,OL1037,SSL-ORION AHMEDABAD 11,Shoppers Stop,Department Store,Ahmedabad,Gujarat,West,SKU40425,Kajal Vanilla 0.35Gm,Renee,Makeup,Eyeliner,Top 25,Active,299,18,28,,17,5738,BGR West,27,27,,50,2,71.5,,
2026-07,OL1037,SSL-ORION AHMEDABAD 11,Shoppers Stop,Department Store,Ahmedabad,Gujarat,West,SKU40490,Kajal Midnight 0.35Gm,Renee,Makeup,Eyeliner,Top 10,Active,599,114,117,,13,8790,BGR West,20,16,,50,2,71.5,,
2026-07,OL1037,SSL-ORION AHMEDABAD 11,Shoppers Stop,Department Store,Ahmedabad,Gujarat,West,SKU40544,Bb Cream Peach 30Ml,Renee,Makeup,Foundation,Top 10,Active,599,36,45,,13,8790,BGR West,24,22,,50,2,71.5,,
2026-07,OL1037,SSL-ORION AHMEDABAD 11,Shoppers Stop,Department Store,Ahmedabad,Gujarat,West,SKU40662,Compact Powder Nude 9Gm,Renee,Makeup,Foundation,Top 25,Active,1199,10,8,,2,2707,BGR West,1,0,,50,2,71.5,,
2026-07,OL1037,SSL-ORION AHMEDABAD 11,Shoppers Stop,Department Store,Ahmedabad,Gujarat,West,SKU40812,Blending Brush R1,Renee,Makeup,Brushes,Top 10,Active,599,42,44,,8,5409,BGR West,10,10,,50,2,71.5,2025-09,
2026-07,OL1037,SSL-ORION AHMEDABAD 11,Shoppers Stop,Department Store,Ahmedabad,Gujarat,West,SKU40836,Blending Brush R4,Renee,Makeup,Brushes,Top 10,Active,1199,130,129,,9,12181,BGR West,9,8,,50,2,71.5,,
2026-07,OL1037,SSL-ORION AHMEDABAD 11,Shoppers Stop,Department Store,Ahmedabad,Gujarat,West,SKU40850,Powder Brush R8,Renee,Makeup,Brushes,Top 25,Active,650,51,55,,5,3669,BGR West,11,9,,50,2,71.5,,
2026-07,OL1037,SSL-ORION AHMEDABAD 11,Shoppers Stop,Department Store,Ahmedabad,Gujarat,West,SKU40928,Powder Brush R4,Renee,Makeup,Brushes,Top 25,Active,650,18,17,,3,2201,BGR West,4,2,,50,2,71.5,,
2026-07,OL1037,SSL-ORION AHMEDABAD 11,Shoppers Stop,Department Store,Ahmedabad,Gujarat,West,SKU40979,Sunscreen Gel Spf 50 50Ml,Renee,Skincare,Sunscreen,Top 25,Active,799,24,25,,2,1804,BGR West,3,3,,45,2,71.5,,
2026-07,OL1037,SSL-ORION AHMEDABAD 11,Shoppers Stop,Department Store,Ahmedabad,Gujarat,West,SKU41024,Vitamin C Serum 30Ml,Renee,Skincare,Serum,Others,Active,449,2,2,,1,507,BGR West,1,1,,45,2,71.5,,
2026-07,OL1037,SSL-ORION AHMEDABAD 11,Shoppers Stop,Department Store,Ahmedabad,Gujarat,West,SKU41032,Face Wash Hazelnut 60Ml,Renee,Skincare,Cleanser,Others,Active,499,16,18,,2,1127,BGR West,5,4,,45,2,71.5,,
2026-07,OL1037,SSL-ORION AHMEDABAD 11,Shoppers Stop,Department Store,Ahmedabad,Gujarat,West,SKU41129,Face Wash Vanilla 40Ml,Renee,Skincare,Cleanser,Others,Active,299,15,15,,2,675,BGR West,4,2,,45,2,71.5,,
2026-07,OL1037,SSL-ORION AHMEDABAD 11,Shoppers Stop,Department Store,Ahmedabad,Gujarat,West,SKU41295,Perfume Rose 50Ml,Renee,Fragrance,EDP,Top 25,Active,599,30,31,,7,4733,BGR West,12,8,,55,2,71.5,,
2026-07,OL1037,SSL-ORION AHMEDABAD 11,Shoppers Stop,Department Store,Ahmedabad,Gujarat,West,SKU41476,Body Mist Mocha 100Ml,Renee,Fragrance,Body Mist,Top 10,Active,799,22,30,,9,8117,BGR West,18,17,,55,2,71.5,,
2026-07,OL1037,SSL-ORION AHMEDABAD 11,Shoppers Stop,Department Store,Ahmedabad,Gujarat,West,SKU41536,Body Mist Nude 100Ml,Renee,Fragrance,Body Mist,Top 25,Active,349,7,5,,9,3545,BGR West,11,7,,55,2,71.5,,
2026-07,OL1037,SSL-ORION AHMEDABAD 11,Shoppers Stop,Department Store,Ahmedabad,Gujarat,West,SKU41647,Hair Oil Hazelnut 100Ml,Renee,Haircare,Hair Oil,Others,Active,799,9,8,,1,902,BGR West,1,0,,35,2,71.5,,
2026-07,OL1038,SSL-INORBIT PUNE 12,Shoppers Stop,Department Store,Pune,Maharashtra,West,SKU40078,Matte Lip Color Rose 4.2Ml,Renee,Makeup,Lipstick,Top 25,Active,650,6,12,,9,6725,BGR West,15,15,,50,3,89.5,,
2026-07,OL1038,SSL-INORBIT PUNE 12,Shoppers Stop,Department Store,Pune,Maharashtra,West,SKU40266,Liquid Lipstick Nude 5Ml,Renee,Makeup,Lipstick,Top 10,Active,799,31,27,,13,11941,BGR West,13,9,,50,3,89.5,,
2026-07,OL1038,SSL-INORBIT PUNE 12,Shoppers Stop,Department Store,Pune,Maharashtra,West,SKU40529,Kajal Rose 0.35Gm,Renee,Makeup,Eyeliner,Others,Active,449,16,16,,3,1548,BGR West,4,3,,50,3,89.5,2026-03,
2026-07,OL1038,SSL-INORBIT PUNE 12,Shoppers Stop,Department Store,Pune,Maharashtra,West,SKU40544,Bb Cream Peach 30Ml,Renee,Makeup,Foundation,Top 10,Active,599,8,0,,11,7575,BGR West,15,15,,50,3,89.5,,
2026-07,OL1038,SSL-INORBIT PUNE 12,Shoppers Stop,Department Store,Pune,Maharashtra,West,SKU40588,Bb Cream Coral 30Ml,Renee,Makeup,Foundation,Top 10,Active,349,130,96,,11,4413,BGR West,15,15,,50,3,89.5,,
2026-07,OL1038,SSL-INORBIT PUNE 12,Shoppers Stop,Department Store,Pune,Maharashtra,West,SKU40595,Compact Powder Mocha 9Gm,Renee,Makeup,Foundation,Top 10,Active,449,11,15,,7,3613,BGR West,12,11,,50,3,89.5,,
2026-07,OL1038,SSL-INORBIT PUNE 12,Shoppers Stop,Department Store,Pune,Maharashtra,West,SKU40722,Compact Powder Berry 9Gm,Renee,Makeup,Foundation,Top 10,Active,799,22,22,,3,2756,BGR West,3,3,,50,3,89.5,,
2026-07,OL1038,SSL-INORBIT PUNE 12,Shoppers Stop,Department Store,Pune,Maharashtra,West,SKU40812,Blending Brush R1,Renee,Makeup,Brushes,Top 10,Active,599,44,57,,12,8263,BGR West,25,25,,50,3,89.5,2025-09,
2026-07,OL1038,SSL-INORBIT PUNE 12,Shoppers Stop,Department Store,Pune,Maharashtra,West,SKU40836,Blending Brush R4,Renee,Makeup,Brushes,Top 10,Active,1199,29,0,,8,11027,BGR West,10,9,,50,3,89.5,,
2026-07,OL1038,SSL-INORBIT PUNE 12,Shoppers Stop,Department Store,Pune,Maharashtra,West,SKU40928,Powder Brush R4,Renee,Makeup,Brushes,Top 25,Active,650,18,23,,4,2989,BGR West,9,9,,50,3,89.5,,
2026-07,OL1038,SSL-INORBIT PUNE 12,Shoppers Stop,Department Store,Pune,Maharashtra,West,SKU41012,Vitamin C Serum 30Ml,Renee,Skincare,Serum,Others,Active,599,24,30,,6,4132,BGR West,13,12,,45,3,89.5,2026-06,
2026-07,OL1038,SSL-INORBIT PUNE 12,Shoppers Stop,Department Store,Pune,Maharashtra,West,SKU41024,Vitamin C Serum 30Ml,Renee,Skincare,Serum,Others,Active,449,4,5,,2,1032,BGR West,4,3,,45,3,89.5,,
2026-07,OL1038,SSL-INORBIT PUNE 12,Shoppers Stop,Department Store,Pune,Maharashtra,West,SKU41032,Face Wash Hazelnut 60Ml,Renee,Skincare,Cleanser,Others,Active,499,4,3,,2,1147,BGR West,2,1,,45,3,89.5,,
2026-07,OL1038,SSL-INORBIT PUNE 12,Shoppers Stop,Department Store,Pune,Maharashtra,West,SKU41129,Face Wash Vanilla 40Ml,Renee,Skincare,Cleanser,Others,Active,299,5,9,,2,687,BGR West,6,6,,45,3,89.5,,
2026-07,OL1038,SSL-INORBIT PUNE 12,Shoppers Stop,Department Store,Pune,Maharashtra,West,SKU41215,Perfume Midnight 50Ml,Renee,Fragrance,EDP,Others,Active,399,7,8,,1,459,BGR West,2,2,,55,3,89.5,,
2026-07,OL1038,SSL-INORBIT PUNE 12,Shoppers Stop,Department Store,Pune,Maharashtra,West,SKU41295,Perfume Rose 50Ml,Renee,Fragrance,EDP,Top 25,Active,599,21,24,,3,2066,BGR West,6,6,,55,3,89.5,,
2026-07,OL1038,SSL-INORBIT PUNE 12,Shoppers Stop,Department Store,Pune,Maharashtra,West,SKU41382,Perfume Peach 50Ml,Renee,Fragrance,EDP,Top 25,Active,499,5,5,,6,3442,BGR West,7,6,,55,3,89.5,2025-08,
2026-07,OL1038,SSL-INORBIT PUNE 12,Shoppers Stop,Department Store,Pune,Maharashtra,West,SKU41476,Body Mist Mocha 100Ml,Renee,Fragrance,Body Mist,Top 10,Active,799,53,0,,8,7348,BGR West,6,5,,55,3,89.5,,
2026-07,OL1038,SSL-INORBIT PUNE 12,Shoppers Stop,Department Store,Pune,Maharashtra,West,SKU41536,Body Mist Nude 100Ml,Renee,Fragrance,Body Mist,Top 25,Active,349,38,42,,9,3611,BGR West,13,13,,55,3,89.5,,
2026-07,OL1038,SSL-INORBIT PUNE 12,Shoppers Stop,Department Store,Pune,Maharashtra,West,SKU41608,Hair Oil Berry 100Ml,Renee,Haircare,Hair Oil,Others,Active,449,29,29,,1,516,BGR West,2,1,,35,3,89.5,,
2026-07,OL1038,SSL-INORBIT PUNE 12,Shoppers Stop,Department Store,Pune,Maharashtra,West,SKU41647,Hair Oil Hazelnut 100Ml,Renee,Haircare,Hair Oil,Others,Active,799,0,0,,1,919,BGR West,2,1,,35,3,89.5,,
2026-07,OL1039,SSL-CITY CENTRE SURAT 13,Shoppers Stop,Department Store,Surat,Gujarat,West,SKU40108,Matte Lip Color Peach 4.2Ml,Renee,Makeup,Lipstick,Top 10,Active,650,13,15,,2,1401,BGR West,5,4,,50,1,58,,
2026-07,OL1039,SSL-CITY CENTRE SURAT 13,Shoppers Stop,Department Store,Surat,Gujarat,West,SKU40281,Midnight Eyeliner Berry 2.5Ml,Renee,Makeup,Eyeliner,Others,Active,299,1,4,,2,645,BGR West,6,5,,50,1,58,,
2026-07,OL1039,SSL-CITY CENTRE SURAT 13,Shoppers Stop,Department Store,Surat,Gujarat,West,SKU40381,Midnight Eyeliner Ocean 2.5Ml,Renee,Makeup,Eyeliner,Top 25,Active,699,0,0,,2,1507,BGR West,1,0,,50,1,58,,
2026-07,OL1039,SSL-CITY CENTRE SURAT 13,Shoppers Stop,Department Store,Surat,Gujarat,West,SKU40529,Kajal Rose 0.35Gm,Renee,Makeup,Eyeliner,Others,Active,449,3,3,,0,0,BGR West,1,0,,50,1,58,2026-03,
2026-07,OL1039,SSL-CITY CENTRE SURAT 13,Shoppers Stop,Department Store,Surat,Gujarat,West,SKU40662,Compact Powder Nude 9Gm,Renee,Makeup,Foundation,Top 25,Active,1199,3,7,,1,1292,BGR West,2,1,,50,1,58,,
2026-07,OL1039,SSL-CITY CENTRE SURAT 13,Shoppers Stop,Department Store,Surat,Gujarat,West,SKU40836,Blending Brush R4,Renee,Makeup,Brushes,Top 10,Active,1199,32,0,,4,5169,BGR West,7,4,,50,1,58,,
2026-07,OL1039,SSL-CITY CENTRE SURAT 13,Shoppers Stop,Department Store,Surat,Gujarat,West,SKU40850,Powder Brush R8,Renee,Makeup,Brushes,Top 25,Active,650,2,2,,0,0,BGR West,1,0,,50,1,58,,
2026-07,OL1039,SSL-CITY CENTRE SURAT 13,Shoppers Stop,Department Store,Surat,Gujarat,West,SKU41012,Vitamin C Serum 30Ml,Renee,Skincare,Serum,Others,Active,599,11,14,,4,2582,BGR West,8,7,,45,1,58,2026-06,
2026-07,OL1039,SSL-CITY CENTRE SURAT 13,Shoppers Stop,Department Store,Surat,Gujarat,West,SKU41048,Face Wash Ocean 20Ml,Renee,Skincare,Cleanser,Others,Active,349,12,11,,1,376,BGR West,1,0,,45,1,58,,
2026-07,OL1039,SSL-CITY CENTRE SURAT 13,Shoppers Stop,Department Store,Surat,Gujarat,West,SKU41129,Face Wash Vanilla 40Ml,Renee,Skincare,Cleanser,Others,Active,299,7,7,,1,322,BGR West,2,1,,45,1,58,,
2026-07,OL1039,SSL-CITY CENTRE SURAT 13,Shoppers Stop,Department Store,Surat,Gujarat,West,SKU41382,Perfume Peach 50Ml,Renee,Fragrance,EDP,Top 25,Active,499,4,7,,2,1076,BGR West,6,5,,55,1,58,2025-08,
2026-07,OL1039,SSL-CITY CENTRE SURAT 13,Shoppers Stop,Department Store,Surat,Gujarat,West,SKU41420,Body Mist Coral 100Ml,Renee,Fragrance,Body Mist,Top 25,Active,399,9,11,,1,430,BGR West,3,3,,55,1,58,,
2026-07,OL1039,SSL-CITY CENTRE SURAT 13,Shoppers Stop,Department Store,Surat,Gujarat,West,SKU41608,Hair Oil Berry 100Ml,Renee,Haircare,Hair Oil,Others,Active,449,9,0,,1,484,BGR West,3,3,,35,1,58,,
2026-07,OL1040,SSL-FORUM BHUBANESWAR 14,Shoppers Stop,Department Store,Bhubaneswar,Odisha,East,SKU40078,Matte Lip Color Rose 4.2Ml,Renee,Makeup,Lipstick,Top 25,Active,650,12,13,,3,2275,BGR East,5,4,,50,1,49.8,,
2026-07,OL1040,SSL-FORUM BHUBANESWAR 14,Shoppers Stop,Department Store,Bhubaneswar,Odisha,East,SKU40127,Matte Lip Color Coral 4.2Ml,Renee,Makeup,Lipstick,Top 25,Active,499,9,10,,3,1747,BGR East,6,4,,50,1,49.8,,
2026-07,OL1040,SSL-FORUM BHUBANESWAR 14,Shoppers Stop,Department Store,Bhubaneswar,Odisha,East,SKU40202,Liquid Lipstick Mocha 5Ml,Renee,Makeup,Lipstick,Top 25,Active,799,0,0,,1,932,BGR East,1,0,,50,1,49.8,2025-11,
2026-07,OL1040,SSL-FORUM BHUBANESWAR 14,Shoppers Stop,Department Store,Bhubaneswar,Odisha,East,SKU40425,Kajal Vanilla 0.35Gm,Renee,Makeup,Eyeliner,Top 25,Active,299,10,12,,4,1395,BGR East,6,6,,50,1,49.8,,
2026-07,OL1040,SSL-FORUM BHUBANESWAR 14,Shoppers Stop,Department Store,Bhubaneswar,Odisha,East,SKU40490,Kajal Midnight 0.35Gm,Renee,Makeup,Eyeliner,Top 10,Active,599,38,0,,5,3494,BGR East,11,10,,50,1,49.8,,
2026-07,OL1040,SSL-FORUM BHUBANESWAR 14,Shoppers Stop,Department Store,Bhubaneswar,Odisha,East,SKU40544,Bb Cream Peach 30Ml,Renee,Makeup,Foundation,Top 10,Active,599,0,2,,4,2795,BGR East,6,6,,50,1,49.8,,
2026-07,OL1040,SSL-FORUM BHUBANESWAR 14,Shoppers Stop,Department Store,Bhubaneswar,Odisha,East,SKU40595,Compact Powder Mocha 9Gm,Renee,Makeup,Foundation,Top 10,Active,449,44,48,,9,4715,BGR East,13,13,,50,1,49.8,,
2026-07,OL1040,SSL-FORUM BHUBANESWAR 14,Shoppers Stop,Department Store,Bhubaneswar,Odisha,East,SKU40812,Blending Brush R1,Renee,Makeup,Brushes,Top 10,Active,599,6,6,,4,2795,BGR East,7,4,,50,1,49.8,2025-09,
2026-07,OL1040,SSL-FORUM BHUBANESWAR 14,Shoppers Stop,Department Store,Bhubaneswar,Odisha,East,SKU40836,Blending Brush R4,Renee,Makeup,Brushes,Top 10,Active,1199,21,21,,3,4197,BGR East,4,3,,50,1,49.8,,
2026-07,OL1040,SSL-FORUM BHUBANESWAR 14,Shoppers Stop,Department Store,Bhubaneswar,Odisha,East,SKU40928,Powder Brush R4,Renee,Makeup,Brushes,Top 25,Active,650,3,3,,3,2275,BGR East,4,3,,50,1,49.8,,
2026-07,OL1040,SSL-FORUM BHUBANESWAR 14,Shoppers Stop,Department Store,Bhubaneswar,Odisha,East,SKU40951,Sunscreen Gel Spf 50 70Ml,Renee,Skincare,Sunscreen,Top 25,Active,999,6,6,,1,1166,BGR East,1,1,,45,1,49.8,,
2026-07,OL1040,SSL-FORUM BHUBANESWAR 14,Shoppers Stop,Department Store,Bhubaneswar,Odisha,East,SKU40972,Sunscreen Gel Spf 50 70Ml,Renee,Skincare,Sunscreen,Top 25,Active,599,10,13,,3,2097,BGR East,7,6,,45,1,49.8,,
2026-07,OL1040,SSL-FORUM BHUBANESWAR 14,Shoppers Stop,Department Store,Bhubaneswar,Odisha,East,SKU41024,Vitamin C Serum 30Ml,Renee,Skincare,Serum,Others,Active,449,4,5,,1,524,BGR East,3,2,,45,1,49.8,,
2026-07,OL1040,SSL-FORUM BHUBANESWAR 14,Shoppers Stop,Department Store,Bhubaneswar,Odisha,East,SKU41129,Face Wash Vanilla 40Ml,Renee,Skincare,Cleanser,Others,Active,299,4,5,,1,349,BGR East,3,2,,45,1,49.8,,
2026-07,OL1040,SSL-FORUM BHUBANESWAR 14,Shoppers Stop,Department Store,Bhubaneswar,Odisha,East,SKU41215,Perfume Midnight 50Ml,Renee,Fragrance,EDP,Others,Active,399,2,2,,1,466,BGR East,2,1,,55,1,49.8,,
2026-07,OL1040,SSL-FORUM BHUBANESWAR 14,Shoppers Stop,Department Store,Bhubaneswar,Odisha,East,SKU41420,Body Mist Coral 100Ml,Renee,Fragrance,Body Mist,Top 25,Active,399,0,0,,2,931,BGR East,3,2,,55,1,49.8,,
2026-07,OL1040,SSL-FORUM BHUBANESWAR 14,Shoppers Stop,Department Store,Bhubaneswar,Odisha,East,SKU41476,Body Mist Mocha 100Ml,Renee,Fragrance,Body Mist,Top 10,Active,799,22,25,,2,1864,BGR East,5,5,,55,1,49.8,,
2026-07,OL1040,SSL-FORUM BHUBANESWAR 14,Shoppers Stop,Department Store,Bhubaneswar,Odisha,East,SKU41608,Hair Oil Berry 100Ml,Renee,Haircare,Hair Oil,Others,Active,449,0,0,,0,0,BGR East,0,0,,35,1,49.8,,
2026-07,OL1041,SSL-INORBIT JAIPUR 15,Shoppers Stop,Department Store,Jaipur,Rajasthan,North,SKU40108,Matte Lip Color Peach 4.2Ml,Renee,Makeup,Lipstick,Top 10,Active,650,9,11,,2,1447,BGR North,4,4,,50,3,70.1,,
2026-07,OL1041,SSL-INORBIT JAIPUR 15,Shoppers Stop,Department Store,Jaipur,Rajasthan,North,SKU40202,Liquid Lipstick Mocha 5Ml,Renee,Makeup,Lipstick,Top 25,Active,799,0,1,,1,890,BGR North,3,2,,50,3,70.1,2025-11,
2026-07,OL1041,SSL-INORBIT JAIPUR 15,Shoppers Stop,Department Store,Jaipur,Rajasthan,North,SKU40281,Midnight Eyeliner Berry 2.5Ml,Renee,Makeup,Eyeliner,Others,Active,299,17,20,,1,333,BGR North,4,4,,50,3,70.1,,
2026-07,OL1041,SSL-INORBIT JAIPUR 15,Shoppers Stop,Department Store,Jaipur,Rajasthan,North,SKU40425,Kajal Vanilla 0.35Gm,Renee,Makeup,Eyeliner,Top 25,Active,299,10,11,,3,999,BGR North,5,4,,50,3,70.1,,
2026-07,OL1041,SSL-INORBIT JAIPUR 15,Shoppers Stop,Department Store,Jaipur,Rajasthan,North,SKU40490,Kajal Midnight 0.35Gm,Renee,Makeup,Eyeliner,Top 10,Active,599,0,4,,4,2668,BGR North,8,8,,50,3,70.1,,
2026-07,OL1041,SSL-INORBIT JAIPUR 15,Shoppers Stop,Department Store,Jaipur,Rajasthan,North,SKU40588,Bb Cream Coral 30Ml,Renee,Makeup,Foundation,Top 10,Active,349,33,33,,0,0,BGR North,1,0,,50,3,70.1,,
2026-07,OL1041,SSL-INORBIT JAIPUR 15,Shoppers Stop,Department Store,Jaipur,Rajasthan,North,SKU40662,Compact Powder Nude 9Gm,Renee,Makeup,Foundation,Top 25,Active,1199,1,1,,1,1335,BGR North,2,1,,50,3,70.1,,
2026-07,OL1041,SSL-INORBIT JAIPUR 15,Shoppers Stop,Department Store,Jaipur,Rajasthan,North,SKU40812,Blending Brush R1,Renee,Makeup,Brushes,Top 10,Active,599,8,11,,4,2668,BGR North,8,7,,50,3,70.1,2025-09,
2026-07,OL1041,SSL-INORBIT JAIPUR 15,Shoppers Stop,Department Store,Jaipur,Rajasthan,North,SKU40850,Powder Brush R8,Renee,Makeup,Brushes,Top 25,Active,650,0,0,,2,1447,BGR North,2,1,,50,3,70.1,,
2026-07,OL1041,SSL-INORBIT JAIPUR 15,Shoppers Stop,Department Store,Jaipur,Rajasthan,North,SKU40928,Powder Brush R4,Renee,Makeup,Brushes,Top 25,Active,650,5,4,,1,724,BGR North,1,0,,50,3,70.1,,
2026-07,OL1041,SSL-INORBIT JAIPUR 15,Shoppers Stop,Department Store,Jaipur,Rajasthan,North,SKU41012,Vitamin C Serum 30Ml,Renee,Skincare,Serum,Others,Active,599,4,6,,4,2668,BGR North,6,6,,45,3,70.1,2026-06,
2026-07,OL1041,SSL-INORBIT JAIPUR 15,Shoppers Stop,Department Store,Jaipur,Rajasthan,North,SKU41382,Perfume Peach 50Ml,Renee,Fragrance,EDP,Top 25,Active,499,13,0,,1,556,BGR North,1,0,,55,3,70.1,2025-08,
2026-07,OL1041,SSL-INORBIT JAIPUR 15,Shoppers Stop,Department Store,Jaipur,Rajasthan,North,SKU41420,Body Mist Coral 100Ml,Renee,Fragrance,Body Mist,Top 25,Active,399,10,9,,1,444,BGR North,1,0,,55,3,70.1,,
2026-07,OL1041,SSL-INORBIT JAIPUR 15,Shoppers Stop,Department Store,Jaipur,Rajasthan,North,SKU41476,Body Mist Mocha 100Ml,Renee,Fragrance,Body Mist,Top 10,Active,799,2,5,,4,3558,BGR North,8,7,,55,3,70.1,,
2026-07,OL1041,SSL-INORBIT JAIPUR 15,Shoppers Stop,Department Store,Jaipur,Rajasthan,North,SKU41608,Hair Oil Berry 100Ml,Renee,Haircare,Hair Oil,Others,Active,449,4,6,,1,500,BGR North,3,3,,35,3,70.1,,
2026-07,OL1042,SSL-CITY CENTRE SURAT 16,Shoppers Stop,Department Store,Surat,Gujarat,West,SKU40108,Matte Lip Color Peach 4.2Ml,Renee,Makeup,Lipstick,Top 10,Active,650,29,31,,2,1418,BGR West,6,4,,50,4,52.3,,
2026-07,OL1042,SSL-CITY CENTRE SURAT 16,Shoppers Stop,Department Store,Surat,Gujarat,West,SKU40202,Liquid Lipstick Mocha 5Ml,Renee,Makeup,Lipstick,Top 25,Active,799,0,2,,1,872,BGR West,4,3,,50,4,52.3,2025-11,
2026-07,OL1042,SSL-CITY CENTRE SURAT 16,Shoppers Stop,Department Store,Surat,Gujarat,West,SKU40266,Liquid Lipstick Nude 5Ml,Renee,Makeup,Lipstick,Top 10,Active,799,37,40,,6,5230,BGR West,13,9,,50,4,52.3,,
2026-07,OL1042,SSL-CITY CENTRE SURAT 16,Shoppers Stop,Department Store,Surat,Gujarat,West,SKU40281,Midnight Eyeliner Berry 2.5Ml,Renee,Makeup,Eyeliner,Others,Active,299,12,12,,2,652,BGR West,3,2,,50,4,52.3,,
2026-07,OL1042,SSL-CITY CENTRE SURAT 16,Shoppers Stop,Department Store,Surat,Gujarat,West,SKU40318,Midnight Eyeliner Hazelnut 2.5Ml,Renee,Makeup,Eyeliner,Others,Active,650,11,10,,1,709,BGR West,1,0,,50,4,52.3,,
2026-07,OL1042,SSL-CITY CENTRE SURAT 16,Shoppers Stop,Department Store,Surat,Gujarat,West,SKU40381,Midnight Eyeliner Ocean 2.5Ml,Renee,Makeup,Eyeliner,Top 25,Active,699,34,34,,1,763,BGR West,2,1,,50,4,52.3,,
2026-07,OL1042,SSL-CITY CENTRE SURAT 16,Shoppers Stop,Department Store,Surat,Gujarat,West,SKU40425,Kajal Vanilla 0.35Gm,Renee,Makeup,Eyeliner,Top 25,Active,299,35,38,,4,1305,BGR West,10,7,,50,4,52.3,,
2026-07,OL1042,SSL-CITY CENTRE SURAT 16,Shoppers Stop,Department Store,Surat,Gujarat,West,SKU40490,Kajal Midnight 0.35Gm,Renee,Makeup,Eyeliner,Top 10,Active,599,33,33,,0,0,BGR West,0,0,,50,4,52.3,,
2026-07,OL1042,SSL-CITY CENTRE SURAT 16,Shoppers Stop,Department Store,Surat,Gujarat,West,SKU40529,Kajal Rose 0.35Gm,Renee,Makeup,Eyeliner,Others,Active,449,4,7,,2,980,BGR West,6,5,,50,4,52.3,2026-03,
2026-07,OL1042,SSL-CITY CENTRE SURAT 16,Shoppers Stop,Department Store,Surat,Gujarat,West,SKU40544,Bb Cream Peach 30Ml,Renee,Makeup,Foundation,Top 10,Active,599,2,7,,5,3267,BGR West,10,10,,50,4,52.3,,
2026-07,OL1042,SSL-CITY CENTRE SURAT 16,Shoppers Stop,Department Store,Surat,Gujarat,West,SKU40588,Bb Cream Coral 30Ml,Renee,Makeup,Foundation,Top 10,Active,349,3,4,,3,1142,BGR West,6,4,,50,4,52.3,,
2026-07,OL1042,SSL-CITY CENTRE SURAT 16,Shoppers Stop,Department Store,Surat,Gujarat,West,SKU40595,Compact Powder Mocha 9Gm,Renee,Makeup,Foundation,Top 10,Active,449,36,43,,8,3919,BGR West,16,15,,50,4,52.3,,
2026-07,OL1042,SSL-CITY CENTRE SURAT 16,Shoppers Stop,Department Store,Surat,Gujarat,West,SKU40662,Compact Powder Nude 9Gm,Renee,Makeup,Foundation,Top 25,Active,1199,3,0,,1,1308,BGR West,3,2,,50,4,52.3,,
2026-07,OL1042,SSL-CITY CENTRE SURAT 16,Shoppers Stop,Department Store,Surat,Gujarat,West,SKU40722,Compact Powder Berry 9Gm,Renee,Makeup,Foundation,Top 10,Active,799,13,14,,2,1743,BGR West,4,3,,50,4,52.3,,
2026-07,OL1042,SSL-CITY CENTRE SURAT 16,Shoppers Stop,Department Store,Surat,Gujarat,West,SKU40763,Blending Brush R6,Renee,Makeup,Brushes,Others,Active,349,13,15,,1,381,BGR West,3,3,,50,4,52.3,,
2026-07,OL1042,SSL-CITY CENTRE SURAT 16,Shoppers Stop,Department Store,Surat,Gujarat,West,SKU40836,Blending Brush R4,Renee,Makeup,Brushes,Top 10,Active,1199,24,24,,5,6540,BGR West,5,5,,50,4,52.3,,
2026-07,OL1042,SSL-CITY CENTRE SURAT 16,Shoppers Stop,Department Store,Surat,Gujarat,West,SKU40928,Powder Brush R4,Renee,Makeup,Brushes,Top 25,Active,650,0,3,,2,1418,BGR West,5,5,,50,4,52.3,,
2026-07,OL1042,SSL-CITY CENTRE SURAT 16,Shoppers Stop,Department Store,Surat,Gujarat,West,SKU40972,Sunscreen Gel Spf 50 70Ml,Renee,Skincare,Sunscreen,Top 25,Active,599,11,12,,2,1307,BGR West,3,3,,45,4,52.3,,
2026-07,OL1042,SSL-CITY CENTRE SURAT 16,Shoppers Stop,Department Store,Surat,Gujarat,West,SKU40979,Sunscreen Gel Spf 50 50Ml,Renee,Skincare,Sunscreen,Top 25,Active,799,10,11,,1,872,BGR West,4,2,,45,4,52.3,,
2026-07,OL1042,SSL-CITY CENTRE SURAT 16,Shoppers Stop,Department Store,Surat,Gujarat,West,SKU41024,Vitamin C Serum 30Ml,Renee,Skincare,Serum,Others,Active,449,5,7,,1,490,BGR West,3,3,,45,4,52.3,,
2026-07,OL1042,SSL-CITY CENTRE SURAT 16,Shoppers Stop,Department Store,Surat,Gujarat,West,SKU41129,Face Wash Vanilla 40Ml,Renee,Skincare,Cleanser,Others,Active,299,0,2,,1,326,BGR West,3,3,,45,4,52.3,,
2026-07,OL1042,SSL-CITY CENTRE SURAT 16,Shoppers Stop,Department Store,Surat,Gujarat,West,SKU41215,Perfume Midnight 50Ml,Renee,Fragrance,EDP,Others,Active,399,6,8,,1,435,BGR West,4,3,,55,4,52.3,,
2026-07,OL1043,SSL-FORUM SURAT 17,Shoppers Stop,Department Store,Surat,Gujarat,West,SKU40078,Matte Lip Color Rose 4.2Ml,Renee,Makeup,Lipstick,Top 25,Active,650,29,31,,5,3271,BGR West,7,7,,50,1,74,,
2026-07,OL1043,SSL-FORUM SURAT 17,Shoppers Stop,Department Store,Surat,Gujarat,West,SKU40266,Liquid Lipstick Nude 5Ml,Renee,Makeup,Lipstick,Top 10,Active,799,29,0,,11,8846,BGR West,17,13,,50,1,74,,
2026-07,OL1043,SSL-FORUM SURAT 17,Shoppers Stop,Department Store,Surat,Gujarat,West,SKU40381,Midnight Eyeliner Ocean 2.5Ml,Renee,Makeup,Eyeliner,Top 25,Active,699,20,23,,4,2814,BGR West,7,7,,50,1,74,,
2026-07,OL1043,SSL-FORUM SURAT 17,Shoppers Stop,Department Store,Surat,Gujarat,West,SKU40425,Kajal Vanilla 0.35Gm,Renee,Makeup,Eyeliner,Top 25,Active,299,0,9,,9,2708,BGR West,19,18,,50,1,74,,
2026-07,OL1043,SSL-FORUM SURAT 17,Shoppers Stop,Department Store,Surat,Gujarat,West,SKU40490,Kajal Midnight 0.35Gm,Renee,Makeup,Eyeliner,Top 10,Active,599,38,36,,13,7837,BGR West,12,11,,50,1,74,,
2026-07,OL1043,SSL-FORUM SURAT 17,Shoppers Stop,Department Store,Surat,Gujarat,West,SKU40595,Compact Powder Mocha 9Gm,Renee,Makeup,Foundation,Top 10,Active,449,8,15,,13,5875,BGR West,20,20,,50,1,74,,
2026-07,OL1043,SSL-FORUM SURAT 17,Shoppers Stop,Department Store,Surat,Gujarat,West,SKU40722,Compact Powder Berry 9Gm,Renee,Makeup,Foundation,Top 10,Active,799,34,37,,8,6433,BGR West,11,11,,50,1,74,,
2026-07,OL1043,SSL-FORUM SURAT 17,Shoppers Stop,Department Store,Surat,Gujarat,West,SKU40812,Blending Brush R1,Renee,Makeup,Brushes,Top 10,Active,599,54,49,,17,10249,BGR West,16,12,,50,1,74,2025-09,
2026-07,OL1043,SSL-FORUM SURAT 17,Shoppers Stop,Department Store,Surat,Gujarat,West,SKU40836,Blending Brush R4,Renee,Makeup,Brushes,Top 10,Active,1199,54,61,,14,16894,BGR West,30,21,,50,1,74,,
2026-07,OL1043,SSL-FORUM SURAT 17,Shoppers Stop,Department Store,Surat,Gujarat,West,SKU40850,Powder Brush R8,Renee,Makeup,Brushes,Top 25,Active,650,104,104,,5,3271,BGR West,7,5,,50,1,74,,
2026-07,OL1043,SSL-FORUM SURAT 17,Shoppers Stop,Department Store,Surat,Gujarat,West,SKU40928,Powder Brush R4,Renee,Makeup,Brushes,Top 25,Active,650,0,1,,5,3271,BGR West,6,6,,50,1,74,,
2026-07,OL1043,SSL-FORUM SURAT 17,Shoppers Stop,Department Store,Surat,Gujarat,West,SKU40972,Sunscreen Gel Spf 50 70Ml,Renee,Skincare,Sunscreen,Top 25,Active,599,3,7,,6,3617,BGR West,11,10,,45,1,74,,
2026-07,OL1043,SSL-FORUM SURAT 17,Shoppers Stop,Department Store,Surat,Gujarat,West,SKU40979,Sunscreen Gel Spf 50 50Ml,Renee,Skincare,Sunscreen,Top 25,Active,799,12,11,,5,4021,BGR West,6,4,,45,1,74,,
2026-07,OL1043,SSL-FORUM SURAT 17,Shoppers Stop,Department Store,Surat,Gujarat,West,SKU41012,Vitamin C Serum 30Ml,Renee,Skincare,Serum,Others,Active,599,15,18,,15,9043,BGR West,27,18,,45,1,74,2026-06,
2026-07,OL1043,SSL-FORUM SURAT 17,Shoppers Stop,Department Store,Surat,Gujarat,West,SKU41024,Vitamin C Serum 30Ml,Renee,Skincare,Serum,Others,Active,449,7,9,,1,452,BGR West,4,3,,45,1,74,,
2026-07,OL1043,SSL-FORUM SURAT 17,Shoppers Stop,Department Store,Surat,Gujarat,West,SKU41032,Face Wash Hazelnut 60Ml,Renee,Skincare,Cleanser,Others,Active,499,25,25,,1,502,BGR West,2,1,,45,1,74,,
2026-07,OL1043,SSL-FORUM SURAT 17,Shoppers Stop,Department Store,Surat,Gujarat,West,SKU41048,Face Wash Ocean 20Ml,Renee,Skincare,Cleanser,Others,Active,349,44,45,,0,0,BGR West,2,1,,45,1,74,,
2026-07,OL1043,SSL-FORUM SURAT 17,Shoppers Stop,Department Store,Surat,Gujarat,West,SKU41215,Perfume Midnight 50Ml,Renee,Fragrance,EDP,Others,Active,399,6,7,,1,402,BGR West,2,2,,55,1,74,,
2026-07,OL1043,SSL-FORUM SURAT 17,Shoppers Stop,Department Store,Surat,Gujarat,West,SKU41295,Perfume Rose 50Ml,Renee,Fragrance,EDP,Top 25,Active,599,19,20,,6,3617,BGR West,9,7,,55,1,74,,
2026-07,OL1043,SSL-FORUM SURAT 17,Shoppers Stop,Department Store,Surat,Gujarat,West,SKU41382,Perfume Peach 50Ml,Renee,Fragrance,EDP,Top 25,Active,499,2,4,,6,3013,BGR West,10,8,,55,1,74,2025-08,
2026-07,OL1043,SSL-FORUM SURAT 17,Shoppers Stop,Department Store,Surat,Gujarat,West,SKU41476,Body Mist Mocha 100Ml,Renee,Fragrance,Body Mist,Top 10,Active,799,8,11,,0,0,BGR West,3,3,,55,1,74,,
2026-07,OL1043,SSL-FORUM SURAT 17,Shoppers Stop,Department Store,Surat,Gujarat,West,SKU41536,Body Mist Nude 100Ml,Renee,Fragrance,Body Mist,Top 25,Active,349,71,70,,9,3161,BGR West,10,8,,55,1,74,,
2026-07,OL1043,SSL-FORUM SURAT 17,Shoppers Stop,Department Store,Surat,Gujarat,West,SKU41608,Hair Oil Berry 100Ml,Renee,Haircare,Hair Oil,Others,Active,449,4,4,,2,904,BGR West,4,2,,35,1,74,,
2026-07,OL1044,SSL-CITY CENTRE GUWAHATI 18,Shoppers Stop,Department Store,Guwahati,Assam,East,SKU40108,Matte Lip Color Peach 4.2Ml,Renee,Makeup,Lipstick,Top 10,Active,650,18,0,,3,2144,BGR East,4,3,,50,3,66.5,,
2026-07,OL1044,SSL-CITY CENTRE GUWAHATI 18,Shoppers Stop,Department Store,Guwahati,Assam,East,SKU40127,Matte Lip Color Coral 4.2Ml,Renee,Makeup,Lipstick,Top 25,Active,499,3,2,,3,1646,BGR East,4,2,,50,3,66.5,,
2026-07,OL1044,SSL-CITY CENTRE GUWAHATI 18,Shoppers Stop,Department Store,Guwahati,Assam,East,SKU40318,Midnight Eyeliner Hazelnut 2.5Ml,Renee,Makeup,Eyeliner,Others,Active,650,8,6,,2,1429,BGR East,1,0,,50,3,66.5,,
2026-07,OL1044,SSL-CITY CENTRE GUWAHATI 18,Shoppers Stop,Department Store,Guwahati,Assam,East,SKU40381,Midnight Eyeliner Ocean 2.5Ml,Renee,Makeup,Eyeliner,Top 25,Active,699,5,6,,2,1537,BGR East,3,3,,50,3,66.5,,
2026-07,OL1044,SSL-CITY CENTRE GUWAHATI 18,Shoppers Stop,Department Store,Guwahati,Assam,East,SKU40529,Kajal Rose 0.35Gm,Renee,Makeup,Eyeliner,Others,Active,449,1,2,,1,494,BGR East,4,2,,50,3,66.5,2026-03,
2026-07,OL1044,SSL-CITY CENTRE GUWAHATI 18,Shoppers Stop,Department Store,Guwahati,Assam,East,SKU40544,Bb Cream Peach 30Ml,Renee,Makeup,Foundation,Top 10,Active,599,25,26,,4,2634,BGR East,7,5,,50,3,66.5,,
2026-07,OL1044,SSL-CITY CENTRE GUWAHATI 18,Shoppers Stop,Department Store,Guwahati,Assam,East,SKU40722,Compact Powder Berry 9Gm,Renee,Makeup,Foundation,Top 10,Active,799,40,40,,5,4392,BGR East,6,5,,50,3,66.5,,
2026-07,OL1044,SSL-CITY CENTRE GUWAHATI 18,Shoppers Stop,Department Store,Guwahati,Assam,East,SKU40763,Blending Brush R6,Renee,Makeup,Brushes,Others,Active,349,7,10,,1,384,BGR East,4,4,,50,3,66.5,,
2026-07,OL1044,SSL-CITY CENTRE GUWAHATI 18,Shoppers Stop,Department Store,Guwahati,Assam,East,SKU40836,Blending Brush R4,Renee,Makeup,Brushes,Top 10,Active,1199,13,17,,5,6591,BGR East,10,9,,50,3,66.5,,
2026-07,OL1044,SSL-CITY CENTRE GUWAHATI 18,Shoppers Stop,Department Store,Guwahati,Assam,East,SKU40850,Powder Brush R8,Renee,Makeup,Brushes,Top 25,Active,650,6,8,,2,1429,BGR East,5,4,,50,3,66.5,,
2026-07,OL1044,SSL-CITY CENTRE GUWAHATI 18,Shoppers Stop,Department Store,Guwahati,Assam,East,SKU40928,Powder Brush R4,Renee,Makeup,Brushes,Top 25,Active,650,19,20,,1,715,BGR East,3,2,,50,3,66.5,,
2026-07,OL1044,SSL-CITY CENTRE GUWAHATI 18,Shoppers Stop,Department Store,Guwahati,Assam,East,SKU40979,Sunscreen Gel Spf 50 50Ml,Renee,Skincare,Sunscreen,Top 25,Active,799,8,6,,2,1757,BGR East,1,0,,45,3,66.5,,
2026-07,OL1044,SSL-CITY CENTRE GUWAHATI 18,Shoppers Stop,Department Store,Guwahati,Assam,East,SKU41012,Vitamin C Serum 30Ml,Renee,Skincare,Serum,Others,Active,599,10,13,,8,5269,BGR East,11,11,,45,3,66.5,2026-06,
2026-07,OL1044,SSL-CITY CENTRE GUWAHATI 18,Shoppers Stop,Department Store,Guwahati,Assam,East,SKU41032,Face Wash Hazelnut 60Ml,Renee,Skincare,Cleanser,Others,Active,499,3,0,,1,549,BGR East,1,0,,45,3,66.5,,
2026-07,OL1044,SSL-CITY CENTRE GUWAHATI 18,Shoppers Stop,Department Store,Guwahati,Assam,East,SKU41295,Perfume Rose 50Ml,Renee,Fragrance,EDP,Top 25,Active,599,10,13,,4,2634,BGR East,7,7,,55,3,66.5,,
2026-07,OL1044,SSL-CITY CENTRE GUWAHATI 18,Shoppers Stop,Department Store,Guwahati,Assam,East,SKU41608,Hair Oil Berry 100Ml,Renee,Haircare,Hair Oil,Others,Active,449,12,13,,1,494,BGR East,3,2,,35,3,66.5,,
2026-07,OL1045,DAB-PHOENIX CHENNAI 1,Dabur,MBO,Chennai,Tamil Nadu,South,SKU40266,Liquid Lipstick Nude 5Ml,Renee,Makeup,Lipstick,Top 10,Active,799,62,65,,12,10946,BGR South,17,15,,50,4,63,,
2026-07,OL1045,DAB-PHOENIX CHENNAI 1,Dabur,MBO,Chennai,Tamil Nadu,South,SKU40281,Midnight Eyeliner Berry 2.5Ml,Renee,Makeup,Eyeliner,Others,Active,299,18,21,,3,1024,BGR South,7,6,,50,4,63,,
2026-07,OL1045,DAB-PHOENIX CHENNAI 1,Dabur,MBO,Chennai,Tamil Nadu,South,SKU40318,Midnight Eyeliner Hazelnut 2.5Ml,Renee,Makeup,Eyeliner,Others,Active,650,8,7,,1,742,BGR South,0,0,,50,4,63,,
2026-07,OL1045,DAB-PHOENIX CHENNAI 1,Dabur,MBO,Chennai,Tamil Nadu,South,SKU40381,Midnight Eyeliner Ocean 2.5Ml,Renee,Makeup,Eyeliner,Top 25,Active,699,19,20,,4,3192,BGR South,5,5,,50,4,63,,
2026-07,OL1045,DAB-PHOENIX CHENNAI 1,Dabur,MBO,Chennai,Tamil Nadu,South,SKU40425,Kajal Vanilla 0.35Gm,Renee,Makeup,Eyeliner,Top 25,Active,299,59,67,,8,2731,BGR South,18,16,,50,4,63,,
2026-07,OL1045,DAB-PHOENIX CHENNAI 1,Dabur,MBO,Chennai,Tamil Nadu,South,SKU40490,Kajal Midnight 0.35Gm,Renee,Makeup,Eyeliner,Top 10,Active,599,34,32,,6,4103,BGR South,7,4,,50,4,63,,
2026-07,OL1045,DAB-PHOENIX CHENNAI 1,Dabur,MBO,Chennai,Tamil Nadu,South,SKU40529,Kajal Rose 0.35Gm,Renee,Makeup,Eyeliner,Others,Active,449,9,11,,3,1538,BGR South,6,5,,50,4,63,2026-03,
2026-07,OL1045,DAB-PHOENIX CHENNAI 1,Dabur,MBO,Chennai,Tamil Nadu,South,SKU40544,Bb Cream Peach 30Ml,Renee,Makeup,Foundation,Top 10,Active,599,0,3,,0,0,BGR South,3,3,,50,4,63,,
2026-07,OL1045,DAB-PHOENIX CHENNAI 1,Dabur,MBO,Chennai,Tamil Nadu,South,SKU40662,Compact Powder Nude 9Gm,Renee,Makeup,Foundation,Top 25,Active,1199,6,5,,1,1369,BGR South,1,0,,50,4,63,,
2026-07,OL1045,DAB-PHOENIX CHENNAI 1,Dabur,MBO,Chennai,Tamil Nadu,South,SKU40722,Compact Powder Berry 9Gm,Renee,Makeup,Foundation,Top 10,Active,799,24,24,,4,3649,BGR South,4,4,,50,4,63,,
2026-07,OL1045,DAB-PHOENIX CHENNAI 1,Dabur,MBO,Chennai,Tamil Nadu,South,SKU40836,Blending Brush R4,Renee,Makeup,Brushes,Top 10,Active,1199,20,19,,5,6844,BGR South,7,4,,50,4,63,,
2026-07,OL1045,DAB-PHOENIX CHENNAI 1,Dabur,MBO,Chennai,Tamil Nadu,South,SKU40850,Powder Brush R8,Renee,Makeup,Brushes,Top 25,Active,650,38,38,,4,2968,BGR South,7,4,,50,4,63,,
2026-07,OL1045,DAB-PHOENIX CHENNAI 1,Dabur,MBO,Chennai,Tamil Nadu,South,SKU40928,Powder Brush R4,Renee,Makeup,Brushes,Top 25,Active,650,35,0,,3,2226,BGR South,6,6,,50,4,63,,
2026-07,OL1045,DAB-PHOENIX CHENNAI 1,Dabur,MBO,Chennai,Tamil Nadu,South,SKU40972,Sunscreen Gel Spf 50 70Ml,Renee,Skincare,Sunscreen,Top 25,Active,599,37,38,,2,1368,BGR South,3,3,,45,4,63,,
2026-07,OL1045,DAB-PHOENIX CHENNAI 1,Dabur,MBO,Chennai,Tamil Nadu,South,SKU41012,Vitamin C Serum 30Ml,Renee,Skincare,Serum,Others,Active,599,6,7,,6,4103,BGR South,7,7,,45,4,63,2026-06,
2026-07,OL1045,DAB-PHOENIX CHENNAI 1,Dabur,MBO,Chennai,Tamil Nadu,South,SKU41032,Face Wash Hazelnut 60Ml,Renee,Skincare,Cleanser,Others,Active,499,15,6,,1,570,BGR South,1,0,,45,4,63,,
2026-07,OL1045,DAB-PHOENIX CHENNAI 1,Dabur,MBO,Chennai,Tamil Nadu,South,SKU41295,Perfume Rose 50Ml,Renee,Fragrance,EDP,Top 25,Active,599,59,61,,0,0,BGR South,3,2,,55,4,63,,
2026-07,OL1045,DAB-PHOENIX CHENNAI 1,Dabur,MBO,Chennai,Tamil Nadu,South,SKU41420,Body Mist Coral 100Ml,Renee,Fragrance,Body Mist,Top 25,Active,399,0,0,,6,2733,BGR South,5,5,,55,4,63,,
2026-07,OL1045,DAB-PHOENIX CHENNAI 1,Dabur,MBO,Chennai,Tamil Nadu,South,SKU41536,Body Mist Nude 100Ml,Renee,Fragrance,Body Mist,Top 25,Active,349,39,43,,8,3187,BGR South,12,12,,55,4,63,,
2026-07,OL1045,DAB-PHOENIX CHENNAI 1,Dabur,MBO,Chennai,Tamil Nadu,South,SKU41647,Hair Oil Hazelnut 100Ml,Renee,Haircare,Hair Oil,Others,Active,799,11,11,,4,3649,BGR South,6,4,,35,4,63,,
2026-07,OL1046,DAB-FORUM SURAT 2,Dabur,MBO,Surat,Gujarat,West,SKU40078,Matte Lip Color Rose 4.2Ml,Renee,Makeup,Lipstick,Top 25,Active,650,30,31,,3,1884,BGR West,5,4,,50,3,89.7,,
2026-07,OL1046,DAB-FORUM SURAT 2,Dabur,MBO,Surat,Gujarat,West,SKU40108,Matte Lip Color Peach 4.2Ml,Renee,Makeup,Lipstick,Top 10,Active,650,33,33,,0,0,BGR West,1,0,,50,3,89.7,,
2026-07,OL1046,DAB-FORUM SURAT 2,Dabur,MBO,Surat,Gujarat,West,SKU40127,Matte Lip Color Coral 4.2Ml,Renee,Makeup,Lipstick,Top 25,Active,499,15,15,,2,964,BGR West,2,2,,50,3,89.7,,
2026-07,OL1046,DAB-FORUM SURAT 2,Dabur,MBO,Surat,Gujarat,West,SKU40425,Kajal Vanilla 0.35Gm,Renee,Makeup,Eyeliner,Top 25,Active,299,3,3,,2,578,BGR West,4,2,,50,3,89.7,,
2026-07,OL1046,DAB-FORUM SURAT 2,Dabur,MBO,Surat,Gujarat,West,SKU40490,Kajal Midnight 0.35Gm,Renee,Makeup,Eyeliner,Top 10,Active,599,22,21,,2,1158,BGR West,2,1,,50,3,89.7,,
2026-07,OL1046,DAB-FORUM SURAT 2,Dabur,MBO,Surat,Gujarat,West,SKU40529,Kajal Rose 0.35Gm,Renee,Makeup,Eyeliner,Others,Active,449,3,5,,1,434,BGR West,4,3,,50,3,89.7,2026-03,
2026-07,OL1046,DAB-FORUM SURAT 2,Dabur,MBO,Surat,Gujarat,West,SKU40588,Bb Cream Coral 30Ml,Renee,Makeup,Foundation,Top 10,Active,349,26,29,,4,1349,BGR West,8,7,,50,3,89.7,,
2026-07,OL1046,DAB-FORUM SURAT 2,Dabur,MBO,Surat,Gujarat,West,SKU40595,Compact Powder Mocha 9Gm,Renee,Makeup,Foundation,Top 10,Active,449,18,18,,8,3471,BGR West,11,8,,50,3,89.7,,
2026-07,OL1046,DAB-FORUM SURAT 2,Dabur,MBO,Surat,Gujarat,West,SKU40722,Compact Powder Berry 9Gm,Renee,Makeup,Foundation,Top 10,Active,799,18,18,,3,2316,BGR West,4,3,,50,3,89.7,,
2026-07,OL1046,DAB-FORUM SURAT 2,Dabur,MBO,Surat,Gujarat,West,SKU40836,Blending Brush R4,Renee,Makeup,Brushes,Top 10,Active,1199,24,24,,3,3476,BGR West,5,3,,50,3,89.7,,
2026-07,OL1046,DAB-FORUM SURAT 2,Dabur,MBO,Surat,Gujarat,West,SKU40850,Powder Brush R8,Renee,Makeup,Brushes,Top 25,Active,650,6,7,,2,1256,BGR West,4,3,,50,3,89.7,,
2026-07,OL1046,DAB-FORUM SURAT 2,Dabur,MBO,Surat,Gujarat,West,SKU40928,Powder Brush R4,Renee,Makeup,Brushes,Top 25,Active,650,8,10,,4,2513,BGR West,6,6,,50,3,89.7,,
2026-07,OL1046,DAB-FORUM SURAT 2,Dabur,MBO,Surat,Gujarat,West,SKU40972,Sunscreen Gel Spf 50 70Ml,Renee,Skincare,Sunscreen,Top 25,Active,599,10,12,,4,2315,BGR West,7,6,,45,3,89.7,,
2026-07,OL1046,DAB-FORUM SURAT 2,Dabur,MBO,Surat,Gujarat,West,SKU40979,Sunscreen Gel Spf 50 50Ml,Renee,Skincare,Sunscreen,Top 25,Active,799,11,13,,2,1544,BGR West,4,4,,45,3,89.7,,
2026-07,OL1046,DAB-FORUM SURAT 2,Dabur,MBO,Surat,Gujarat,West,SKU41024,Vitamin C Serum 30Ml,Renee,Skincare,Serum,Others,Active,449,0,3,,2,868,BGR West,5,5,,45,3,89.7,,
2026-07,OL1046,DAB-FORUM SURAT 2,Dabur,MBO,Surat,Gujarat,West,SKU41032,Face Wash Hazelnut 60Ml,Renee,Skincare,Cleanser,Others,Active,499,18,19,,0,0,BGR West,2,1,,45,3,89.7,,
2026-07,OL1046,DAB-FORUM SURAT 2,Dabur,MBO,Surat,Gujarat,West,SKU41048,Face Wash Ocean 20Ml,Renee,Skincare,Cleanser,Others,Active,349,25,27,,2,675,BGR West,6,4,,45,3,89.7,,
2026-07,OL1046,DAB-FORUM SURAT 2,Dabur,MBO,Surat,Gujarat,West,SKU41129,Face Wash Vanilla 40Ml,Renee,Skincare,Cleanser,Others,Active,299,11,11,,1,289,BGR West,2,1,,45,3,89.7,,
2026-07,OL1046,DAB-FORUM SURAT 2,Dabur,MBO,Surat,Gujarat,West,SKU41295,Perfume Rose 50Ml,Renee,Fragrance,EDP,Top 25,Active,599,21,25,,3,1737,BGR West,7,7,,55,3,89.7,,
2026-07,OL1046,DAB-FORUM SURAT 2,Dabur,MBO,Surat,Gujarat,West,SKU41476,Body Mist Mocha 100Ml,Renee,Fragrance,Body Mist,Top 10,Active,799,31,33,,8,6177,BGR West,10,10,,55,3,89.7,,
2026-07,OL1046,DAB-FORUM SURAT 2,Dabur,MBO,Surat,Gujarat,West,SKU41608,Hair Oil Berry 100Ml,Renee,Haircare,Hair Oil,Others,Active,449,20,19,,1,434,BGR West,1,0,,35,3,89.7,,
2026-07,OL1047,DAB-ORION KOLKATA 3,Dabur,MBO,Kolkata,West Bengal,East,SKU40108,Matte Lip Color Peach 4.2Ml,Renee,Makeup,Lipstick,Top 10,Active,650,5,4,,5,3362,BGR East,7,4,,50,3,59,,
2026-07,OL1047,DAB-ORION KOLKATA 3,Dabur,MBO,Kolkata,West Bengal,East,SKU40127,Matte Lip Color Coral 4.2Ml,Renee,Makeup,Lipstick,Top 25,Active,499,17,17,,8,4129,BGR East,12,8,,50,3,59,,
2026-07,OL1047,DAB-ORION KOLKATA 3,Dabur,MBO,Kolkata,West Bengal,East,SKU40281,Midnight Eyeliner Berry 2.5Ml,Renee,Makeup,Eyeliner,Others,Active,299,21,20,,1,309,BGR East,1,0,,50,3,59,,
2026-07,OL1047,DAB-ORION KOLKATA 3,Dabur,MBO,Kolkata,West Bengal,East,SKU40318,Midnight Eyeliner Hazelnut 2.5Ml,Renee,Makeup,Eyeliner,Others,Active,650,18,19,,4,2689,BGR East,7,5,,50,3,59,,
2026-07,OL1047,DAB-ORION KOLKATA 3,Dabur,MBO,Kolkata,West Bengal,East,SKU40529,Kajal Rose 0.35Gm,Renee,Makeup,Eyeliner,Others,Active,449,3,6,,3,1393,BGR East,7,6,,50,3,59,2026-03,
2026-07,OL1047,DAB-ORION KOLKATA 3,Dabur,MBO,Kolkata,West Bengal,East,SKU40588,Bb Cream Coral 30Ml,Renee,Makeup,Foundation,Top 10,Active,349,67,69,,10,3610,BGR East,13,12,,50,3,59,,
2026-07,OL1047,DAB-ORION KOLKATA 3,Dabur,MBO,Kolkata,West Bengal,East,SKU40595,Compact Powder Mocha 9Gm,Renee,Makeup,Foundation,Top 10,Active,449,0,5,,10,4645,BGR East,19,15,,50,3,59,,
2026-07,OL1047,DAB-ORION KOLKATA 3,Dabur,MBO,Kolkata,West Bengal,East,SKU40662,Compact Powder Nude 9Gm,Renee,Makeup,Foundation,Top 25,Active,1199,5,5,,3,3721,BGR East,4,3,,50,3,59,,
2026-07,OL1047,DAB-ORION KOLKATA 3,Dabur,MBO,Kolkata,West Bengal,East,SKU40763,Blending Brush R6,Renee,Makeup,Brushes,Others,Active,349,38,36,,4,1444,BGR East,4,2,,50,3,59,,
2026-07,OL1047,DAB-ORION KOLKATA 3,Dabur,MBO,Kolkata,West Bengal,East,SKU40812,Blending Brush R1,Renee,Makeup,Brushes,Top 10,Active,599,36,45,,8,4957,BGR East,17,17,,50,3,59,2025-09,
2026-07,OL1047,DAB-ORION KOLKATA 3,Dabur,MBO,Kolkata,West Bengal,East,SKU40972,Sunscreen Gel Spf 50 70Ml,Renee,Skincare,Sunscreen,Top 25,Active,599,23,23,,3,1859,BGR East,5,3,,45,3,59,,
2026-07,OL1047,DAB-ORION KOLKATA 3,Dabur,MBO,Kolkata,West Bengal,East,SKU40979,Sunscreen Gel Spf 50 50Ml,Renee,Skincare,Sunscreen,Top 25,Active,799,13,24,,3,2479,BGR East,8,8,,45,3,59,,
2026-07,OL1047,DAB-ORION KOLKATA 3,Dabur,MBO,Kolkata,West Bengal,East,SKU41012,Vitamin C Serum 30Ml,Renee,Skincare,Serum,Others,Active,599,30,29,,8,4957,BGR East,10,7,,45,3,59,2026-06,
2026-07,OL1047,DAB-ORION KOLKATA 3,Dabur,MBO,Kolkata,West Bengal,East,SKU41024,Vitamin C Serum 30Ml,Renee,Skincare,Serum,Others,Active,449,15,17,,1,464,BGR East,4,3,,45,3,59,,
2026-07,OL1047,DAB-ORION KOLKATA 3,Dabur,MBO,Kolkata,West Bengal,East,SKU41048,Face Wash Ocean 20Ml,Renee,Skincare,Cleanser,Others,Active,349,10,9,,4,1444,BGR East,5,3,,45,3,59,,
2026-07,OL1047,DAB-ORION KOLKATA 3,Dabur,MBO,Kolkata,West Bengal,East,SKU41295,Perfume Rose 50Ml,Renee,Fragrance,EDP,Top 25,Active,599,14,14,,6,3718,BGR East,7,6,,55,3,59,,
2026-07,OL1047,DAB-ORION KOLKATA 3,Dabur,MBO,Kolkata,West Bengal,East,SKU41476,Body Mist Mocha 100Ml,Renee,Fragrance,Body Mist,Top 10,Active,799,25,24,,4,3306,BGR East,3,3,,55,3,59,,
2026-07,OL1048,DAB-SELECT AHMEDABAD 4,Dabur,MBO,Ahmedabad,Gujarat,West,SKU40108,Matte Lip Color Peach 4.2Ml,Renee,Makeup,Lipstick,Top 10,Active,650,22,23,,4,3056,BGR West,6,5,,50,3,83.4,,
2026-07,OL1048,DAB-SELECT AHMEDABAD 4,Dabur,MBO,Ahmedabad,Gujarat,West,SKU40281,Midnight Eyeliner Berry 2.5Ml,Renee,Makeup,Eyeliner,Others,Active,299,32,32,,4,1406,BGR West,7,4,,50,3,83.4,,
2026-07,OL1048,DAB-SELECT AHMEDABAD 4,Dabur,MBO,Ahmedabad,Gujarat,West,SKU40381,Midnight Eyeliner Ocean 2.5Ml,Renee,Makeup,Eyeliner,Top 25,Active,699,0,0,,3,2465,BGR West,5,3,,50,3,83.4,,
2026-07,OL1048,DAB-SELECT AHMEDABAD 4,Dabur,MBO,Ahmedabad,Gujarat,West,SKU40425,Kajal Vanilla 0.35Gm,Renee,Makeup,Eyeliner,Top 25,Active,299,0,6,,4,1406,BGR West,10,10,,50,3,83.4,,
2026-07,OL1048,DAB-SELECT AHMEDABAD 4,Dabur,MBO,Ahmedabad,Gujarat,West,SKU40529,Kajal Rose 0.35Gm,Renee,Makeup,Eyeliner,Others,Active,449,1,3,,1,528,BGR West,3,3,,50,3,83.4,2026-03,
2026-07,OL1048,DAB-SELECT AHMEDABAD 4,Dabur,MBO,Ahmedabad,Gujarat,West,SKU40544,Bb Cream Peach 30Ml,Renee,Makeup,Foundation,Top 10,Active,599,14,14,,2,1408,BGR West,5,4,,50,3,83.4,,
2026-07,OL1048,DAB-SELECT AHMEDABAD 4,Dabur,MBO,Ahmedabad,Gujarat,West,SKU40588,Bb Cream Coral 30Ml,Renee,Makeup,Foundation,Top 10,Active,349,29,33,,4,1641,BGR West,8,8,,50,3,83.4,,
2026-07,OL1048,DAB-SELECT AHMEDABAD 4,Dabur,MBO,Ahmedabad,Gujarat,West,SKU40763,Blending Brush R6,Renee,Makeup,Brushes,Others,Active,349,30,13,,2,820,BGR West,2,2,,50,3,83.4,,
2026-07,OL1048,DAB-SELECT AHMEDABAD 4,Dabur,MBO,Ahmedabad,Gujarat,West,SKU40836,Blending Brush R4,Renee,Makeup,Brushes,Top 10,Active,1199,25,26,,4,5637,BGR West,5,5,,50,3,83.4,,
2026-07,OL1048,DAB-SELECT AHMEDABAD 4,Dabur,MBO,Ahmedabad,Gujarat,West,SKU40928,Powder Brush R4,Renee,Makeup,Brushes,Top 25,Active,650,5,7,,3,2292,BGR West,5,5,,50,3,83.4,,
2026-07,OL1048,DAB-SELECT AHMEDABAD 4,Dabur,MBO,Ahmedabad,Gujarat,West,SKU40951,Sunscreen Gel Spf 50 70Ml,Renee,Skincare,Sunscreen,Top 25,Active,999,0,4,,4,4697,BGR West,9,8,,45,3,83.4,,
2026-07,OL1048,DAB-SELECT AHMEDABAD 4,Dabur,MBO,Ahmedabad,Gujarat,West,SKU40972,Sunscreen Gel Spf 50 70Ml,Renee,Skincare,Sunscreen,Top 25,Active,599,1,4,,2,1408,BGR West,6,5,,45,3,83.4,,
2026-07,OL1048,DAB-SELECT AHMEDABAD 4,Dabur,MBO,Ahmedabad,Gujarat,West,SKU40979,Sunscreen Gel Spf 50 50Ml,Renee,Skincare,Sunscreen,Top 25,Active,799,10,13,,4,3757,BGR West,7,7,,45,3,83.4,,
2026-07,OL1048,DAB-SELECT AHMEDABAD 4,Dabur,MBO,Ahmedabad,Gujarat,West,SKU41024,Vitamin C Serum 30Ml,Renee,Skincare,Serum,Others,Active,449,2,4,,0,0,BGR West,3,2,,45,3,83.4,,
2026-07,OL1048,DAB-SELECT AHMEDABAD 4,Dabur,MBO,Ahmedabad,Gujarat,West,SKU41032,Face Wash Hazelnut 60Ml,Renee,Skincare,Cleanser,Others,Active,499,3,4,,3,1760,BGR West,5,4,,45,3,83.4,,
2026-07,OL1048,DAB-SELECT AHMEDABAD 4,Dabur,MBO,Ahmedabad,Gujarat,West,SKU41048,Face Wash Ocean 20Ml,Renee,Skincare,Cleanser,Others,Active,349,12,13,,2,820,BGR West,1,0,,45,3,83.4,,
2026-07,OL1048,DAB-SELECT AHMEDABAD 4,Dabur,MBO,Ahmedabad,Gujarat,West,SKU41129,Face Wash Vanilla 40Ml,Renee,Skincare,Cleanser,Others,Active,299,14,14,,1,351,BGR West,2,1,,45,3,83.4,,
2026-07,OL1048,DAB-SELECT AHMEDABAD 4,Dabur,MBO,Ahmedabad,Gujarat,West,SKU41382,Perfume Peach 50Ml,Renee,Fragrance,EDP,Top 25,Active,499,7,6,,4,2346,BGR West,5,3,,55,3,83.4,2025-08,
2026-07,OL1048,DAB-SELECT AHMEDABAD 4,Dabur,MBO,Ahmedabad,Gujarat,West,SKU41420,Body Mist Coral 100Ml,Renee,Fragrance,Body Mist,Top 25,Active,399,19,19,,2,938,BGR West,2,2,,55,3,83.4,,
2026-07,OL1048,DAB-SELECT AHMEDABAD 4,Dabur,MBO,Ahmedabad,Gujarat,West,SKU41608,Hair Oil Berry 100Ml,Renee,Haircare,Hair Oil,Others,Active,449,4,6,,3,1583,BGR West,6,5,,35,3,83.4,,
2026-07,OL1049,DAB-FORUM KOLKATA 5,Dabur,MBO,Kolkata,West Bengal,East,SKU40108,Matte Lip Color Peach 4.2Ml,Renee,Makeup,Lipstick,Top 10,Active,650,7,11,,2,1355,BGR East,6,6,,50,4,50,,
2026-07,OL1049,DAB-FORUM KOLKATA 5,Dabur,MBO,Kolkata,West Bengal,East,SKU40127,Matte Lip Color Coral 4.2Ml,Renee,Makeup,Lipstick,Top 25,Active,499,5,6,,2,1040,BGR East,3,3,,50,4,50,,
2026-07,OL1049,DAB-FORUM KOLKATA 5,Dabur,MBO,Kolkata,West Bengal,East,SKU40318,Midnight Eyeliner Hazelnut 2.5Ml,Renee,Makeup,Eyeliner,Others,Active,650,7,6,,3,2032,BGR East,3,2,,50,4,50,,
2026-07,OL1049,DAB-FORUM KOLKATA 5,Dabur,MBO,Kolkata,West Bengal,East,SKU40425,Kajal Vanilla 0.35Gm,Renee,Makeup,Eyeliner,Top 25,Active,299,33,33,,4,1247,BGR East,4,4,,50,4,50,,
2026-07,OL1049,DAB-FORUM KOLKATA 5,Dabur,MBO,Kolkata,West Bengal,East,SKU40529,Kajal Rose 0.35Gm,Renee,Makeup,Eyeliner,Others,Active,449,37,35,,2,936,BGR East,1,0,,50,4,50,2026-03,
2026-07,OL1049,DAB-FORUM KOLKATA 5,Dabur,MBO,Kolkata,West Bengal,East,SKU40544,Bb Cream Peach 30Ml,Renee,Makeup,Foundation,Top 10,Active,599,12,12,,4,2497,BGR East,6,4,,50,4,50,,
2026-07,OL1049,DAB-FORUM KOLKATA 5,Dabur,MBO,Kolkata,West Bengal,East,SKU40588,Bb Cream Coral 30Ml,Renee,Makeup,Foundation,Top 10,Active,349,28,31,,3,1091,BGR East,6,6,,50,4,50,,
2026-07,OL1049,DAB-FORUM KOLKATA 5,Dabur,MBO,Kolkata,West Bengal,East,SKU40763,Blending Brush R6,Renee,Makeup,Brushes,Others,Active,349,2,3,,2,727,BGR East,3,3,,50,4,50,,
2026-07,OL1049,DAB-FORUM KOLKATA 5,Dabur,MBO,Kolkata,West Bengal,East,SKU40850,Powder Brush R8,Renee,Makeup,Brushes,Top 25,Active,650,16,17,,2,1355,BGR East,4,3,,50,4,50,,
2026-07,OL1049,DAB-FORUM KOLKATA 5,Dabur,MBO,Kolkata,West Bengal,East,SKU40928,Powder Brush R4,Renee,Makeup,Brushes,Top 25,Active,650,0,2,,3,2032,BGR East,6,5,,50,4,50,,
2026-07,OL1049,DAB-FORUM KOLKATA 5,Dabur,MBO,Kolkata,West Bengal,East,SKU40951,Sunscreen Gel Spf 50 70Ml,Renee,Skincare,Sunscreen,Top 25,Active,999,9,10,,3,3124,BGR East,6,4,,45,4,50,,
2026-07,OL1049,DAB-FORUM KOLKATA 5,Dabur,MBO,Kolkata,West Bengal,East,SKU40979,Sunscreen Gel Spf 50 50Ml,Renee,Skincare,Sunscreen,Top 25,Active,799,19,19,,1,833,BGR East,2,1,,45,4,50,,
2026-07,OL1049,DAB-FORUM KOLKATA 5,Dabur,MBO,Kolkata,West Bengal,East,SKU41295,Perfume Rose 50Ml,Renee,Fragrance,EDP,Top 25,Active,599,25,27,,2,1249,BGR East,5,4,,55,4,50,,
2026-07,OL1049,DAB-FORUM KOLKATA 5,Dabur,MBO,Kolkata,West Bengal,East,SKU41382,Perfume Peach 50Ml,Renee,Fragrance,EDP,Top 25,Active,499,16,19,,2,1040,BGR East,5,5,,55,4,50,2025-08,
2026-07,OL1049,DAB-FORUM KOLKATA 5,Dabur,MBO,Kolkata,West Bengal,East,SKU41476,Body Mist Mocha 100Ml,Renee,Fragrance,Body Mist,Top 10,Active,799,20,20,,3,2498,BGR East,4,3,,55,4,50,,
2026-07,OL1049,DAB-FORUM KOLKATA 5,Dabur,MBO,Kolkata,West Bengal,East,SKU41536,Body Mist Nude 100Ml,Renee,Fragrance,Body Mist,Top 25,Active,349,17,19,,3,1091,BGR East,5,5,,55,4,50,,
2026-07,OL1050,DAB-EXPRESS HYDERABAD 6,Dabur,MBO,Hyderabad,Telangana,South,SKU40078,Matte Lip Color Rose 4.2Ml,Renee,Makeup,Lipstick,Top 25,Active,650,26,28,,4,2580,BGR South,6,6,,50,3,55.8,,
2026-07,OL1050,DAB-EXPRESS HYDERABAD 6,Dabur,MBO,Hyderabad,Telangana,South,SKU40108,Matte Lip Color Peach 4.2Ml,Renee,Makeup,Lipstick,Top 10,Active,650,19,25,,8,5160,BGR South,14,14,,50,3,55.8,,
2026-07,OL1050,DAB-EXPRESS HYDERABAD 6,Dabur,MBO,Hyderabad,Telangana,South,SKU40127,Matte Lip Color Coral 4.2Ml,Renee,Makeup,Lipstick,Top 25,Active,499,1,0,,9,4457,BGR South,9,6,,50,3,55.8,,
2026-07,OL1050,DAB-EXPRESS HYDERABAD 6,Dabur,MBO,Hyderabad,Telangana,South,SKU40281,Midnight Eyeliner Berry 2.5Ml,Renee,Makeup,Eyeliner,Others,Active,299,16,18,,4,1187,BGR South,8,6,,50,3,55.8,,
2026-07,OL1050,DAB-EXPRESS HYDERABAD 6,Dabur,MBO,Hyderabad,Telangana,South,SKU40381,Midnight Eyeliner Ocean 2.5Ml,Renee,Makeup,Eyeliner,Top 25,Active,699,22,26,,8,5549,BGR South,15,12,,50,3,55.8,,
2026-07,OL1050,DAB-EXPRESS HYDERABAD 6,Dabur,MBO,Hyderabad,Telangana,South,SKU40588,Bb Cream Coral 30Ml,Renee,Makeup,Foundation,Top 10,Active,349,59,70,,16,5541,BGR South,27,27,,50,3,55.8,,
2026-07,OL1050,DAB-EXPRESS HYDERABAD 6,Dabur,MBO,Hyderabad,Telangana,South,SKU40595,Compact Powder Mocha 9Gm,Renee,Makeup,Foundation,Top 10,Active,449,4,9,,16,7129,BGR South,31,21,,50,3,55.8,,
2026-07,OL1050,DAB-EXPRESS HYDERABAD 6,Dabur,MBO,Hyderabad,Telangana,South,SKU40722,Compact Powder Berry 9Gm,Renee,Makeup,Foundation,Top 10,Active,799,5,7,,8,6343,BGR South,11,10,,50,3,55.8,,
2026-07,OL1050,DAB-EXPRESS HYDERABAD 6,Dabur,MBO,Hyderabad,Telangana,South,SKU40812,Blending Brush R1,Renee,Makeup,Brushes,Top 10,Active,599,35,36,,10,5944,BGR South,14,11,,50,3,55.8,2025-09,
2026-07,OL1050,DAB-EXPRESS HYDERABAD 6,Dabur,MBO,Hyderabad,Telangana,South,SKU40836,Blending Brush R4,Renee,Makeup,Brushes,Top 10,Active,1199,21,30,,17,20227,BGR South,29,26,,50,3,55.8,,
2026-07,OL1050,DAB-EXPRESS HYDERABAD 6,Dabur,MBO,Hyderabad,Telangana,South,SKU40951,Sunscreen Gel Spf 50 70Ml,Renee,Skincare,Sunscreen,Top 25,Active,999,13,17,,2,1983,BGR South,6,6,,45,3,55.8,,
2026-07,OL1050,DAB-EXPRESS HYDERABAD 6,Dabur,MBO,Hyderabad,Telangana,South,SKU40972,Sunscreen Gel Spf 50 70Ml,Renee,Skincare,Sunscreen,Top 25,Active,599,11,52,,6,3567,BGR South,7,7,,45,3,55.8,,
2026-07,OL1050,DAB-EXPRESS HYDERABAD 6,Dabur,MBO,Hyderabad,Telangana,South,SKU41024,Vitamin C Serum 30Ml,Renee,Skincare,Serum,Others,Active,449,14,15,,2,891,BGR South,3,3,,45,3,55.8,,
2026-07,OL1050,DAB-EXPRESS HYDERABAD 6,Dabur,MBO,Hyderabad,Telangana,South,SKU41048,Face Wash Ocean 20Ml,Renee,Skincare,Cleanser,Others,Active,349,28,35,,9,3117,BGR South,18,16,,45,3,55.8,,
2026-07,OL1050,DAB-EXPRESS HYDERABAD 6,Dabur,MBO,Hyderabad,Telangana,South,SKU41129,Face Wash Vanilla 40Ml,Renee,Skincare,Cleanser,Others,Active,299,16,17,,2,593,BGR South,4,3,,45,3,55.8,,
2026-07,OL1050,DAB-EXPRESS HYDERABAD 6,Dabur,MBO,Hyderabad,Telangana,South,SKU41382,Perfume Peach 50Ml,Renee,Fragrance,EDP,Top 25,Active,499,3,9,,8,3962,BGR South,14,14,,55,3,55.8,2025-08,
2026-07,OL1050,DAB-EXPRESS HYDERABAD 6,Dabur,MBO,Hyderabad,Telangana,South,SKU41476,Body Mist Mocha 100Ml,Renee,Fragrance,Body Mist,Top 10,Active,799,45,49,,5,3964,BGR South,9,9,,55,3,55.8,,
2026-07,OL1050,DAB-EXPRESS HYDERABAD 6,Dabur,MBO,Hyderabad,Telangana,South,SKU41536,Body Mist Nude 100Ml,Renee,Fragrance,Body Mist,Top 25,Active,349,8,14,,16,5541,BGR South,22,22,,55,3,55.8,,
2026-07,OL1051,DAB-CITY CENTRE AHMEDABAD 7,Dabur,MBO,Ahmedabad,Gujarat,West,SKU40108,Matte Lip Color Peach 4.2Ml,Renee,Makeup,Lipstick,Top 10,Active,650,23,24,,4,2604,BGR West,5,5,,50,2,80.1,,
2026-07,OL1051,DAB-CITY CENTRE AHMEDABAD 7,Dabur,MBO,Ahmedabad,Gujarat,West,SKU40127,Matte Lip Color Coral 4.2Ml,Renee,Makeup,Lipstick,Top 25,Active,499,5,9,,3,1499,BGR West,8,7,,50,2,80.1,,
2026-07,OL1051,DAB-CITY CENTRE AHMEDABAD 7,Dabur,MBO,Ahmedabad,Gujarat,West,SKU40281,Midnight Eyeliner Berry 2.5Ml,Renee,Makeup,Eyeliner,Others,Active,299,22,26,,4,1198,BGR West,8,8,,50,2,80.1,,
2026-07,OL1051,DAB-CITY CENTRE AHMEDABAD 7,Dabur,MBO,Ahmedabad,Gujarat,West,SKU40318,Midnight Eyeliner Hazelnut 2.5Ml,Renee,Makeup,Eyeliner,Others,Active,650,4,5,,3,1953,BGR West,5,4,,50,2,80.1,,
2026-07,OL1051,DAB-CITY CENTRE AHMEDABAD 7,Dabur,MBO,Ahmedabad,Gujarat,West,SKU40381,Midnight Eyeliner Ocean 2.5Ml,Renee,Makeup,Eyeliner,Top 25,Active,699,0,5,,4,2801,BGR West,10,9,,50,2,80.1,,
2026-07,OL1051,DAB-CITY CENTRE AHMEDABAD 7,Dabur,MBO,Ahmedabad,Gujarat,West,SKU40490,Kajal Midnight 0.35Gm,Renee,Makeup,Eyeliner,Top 10,Active,599,0,0,,8,4800,BGR West,6,4,,50,2,80.1,,
2026-07,OL1051,DAB-CITY CENTRE AHMEDABAD 7,Dabur,MBO,Ahmedabad,Gujarat,West,SKU40529,Kajal Rose 0.35Gm,Renee,Makeup,Eyeliner,Others,Active,449,14,16,,2,899,BGR West,6,4,,50,2,80.1,2026-03,
2026-07,OL1051,DAB-CITY CENTRE AHMEDABAD 7,Dabur,MBO,Ahmedabad,Gujarat,West,SKU40951,Sunscreen Gel Spf 50 70Ml,Renee,Skincare,Sunscreen,Top 25,Active,999,17,16,,3,3002,BGR West,3,2,,45,2,80.1,,
2026-07,OL1051,DAB-CITY CENTRE AHMEDABAD 7,Dabur,MBO,Ahmedabad,Gujarat,West,SKU40972,Sunscreen Gel Spf 50 70Ml,Renee,Skincare,Sunscreen,Top 25,Active,599,33,34,,4,2400,BGR West,7,5,,45,2,80.1,,
2026-07,OL1051,DAB-CITY CENTRE AHMEDABAD 7,Dabur,MBO,Ahmedabad,Gujarat,West,SKU41024,Vitamin C Serum 30Ml,Renee,Skincare,Serum,Others,Active,449,0,0,,1,450,BGR West,2,1,,45,2,80.1,,
2026-07,OL1051,DAB-CITY CENTRE AHMEDABAD 7,Dabur,MBO,Ahmedabad,Gujarat,West,SKU41048,Face Wash Ocean 20Ml,Renee,Skincare,Cleanser,Others,Active,349,1,4,,0,0,BGR West,3,3,,45,2,80.1,,
2026-07,OL1051,DAB-CITY CENTRE AHMEDABAD 7,Dabur,MBO,Ahmedabad,Gujarat,West,SKU41295,Perfume Rose 50Ml,Renee,Fragrance,EDP,Top 25,Active,599,5,0,,4,2400,BGR West,5,5,,55,2,80.1,,
2026-07,OL1051,DAB-CITY CENTRE AHMEDABAD 7,Dabur,MBO,Ahmedabad,Gujarat,West,SKU41382,Perfume Peach 50Ml,Renee,Fragrance,EDP,Top 25,Active,499,60,59,,4,1999,BGR West,4,3,,55,2,80.1,2025-08,
2026-07,OL1051,DAB-CITY CENTRE AHMEDABAD 7,Dabur,MBO,Ahmedabad,Gujarat,West,SKU41476,Body Mist Mocha 100Ml,Renee,Fragrance,Body Mist,Top 10,Active,799,23,25,,7,5602,BGR West,11,9,,55,2,80.1,,
2026-07,OL1051,DAB-CITY CENTRE AHMEDABAD 7,Dabur,MBO,Ahmedabad,Gujarat,West,SKU41536,Body Mist Nude 100Ml,Renee,Fragrance,Body Mist,Top 25,Active,349,23,27,,6,2097,BGR West,10,10,,55,2,80.1,,
2026-07,OL1052,DAB-CITY CENTRE CHENNAI 8,Dabur,MBO,Chennai,Tamil Nadu,South,SKU40078,Matte Lip Color Rose 4.2Ml,Renee,Makeup,Lipstick,Top 25,Active,650,0,1,,2,1438,BGR South,4,3,,50,4,70.2,,
2026-07,OL1052,DAB-CITY CENTRE CHENNAI 8,Dabur,MBO,Chennai,Tamil Nadu,South,SKU40108,Matte Lip Color Peach 4.2Ml,Renee,Makeup,Lipstick,Top 10,Active,650,9,9,,6,4315,BGR South,7,6,,50,4,70.2,,
2026-07,OL1052,DAB-CITY CENTRE CHENNAI 8,Dabur,MBO,Chennai,Tamil Nadu,South,SKU40266,Liquid Lipstick Nude 5Ml,Renee,Makeup,Lipstick,Top 10,Active,799,17,22,,9,7957,BGR South,16,14,,50,4,70.2,,
2026-07,OL1052,DAB-CITY CENTRE CHENNAI 8,Dabur,MBO,Chennai,Tamil Nadu,South,SKU40381,Midnight Eyeliner Ocean 2.5Ml,Renee,Makeup,Eyeliner,Top 25,Active,699,11,15,,3,2320,BGR South,7,7,,50,4,70.2,,
2026-07,OL1052,DAB-CITY CENTRE CHENNAI 8,Dabur,MBO,Chennai,Tamil Nadu,South,SKU40425,Kajal Vanilla 0.35Gm,Renee,Makeup,Eyeliner,Top 25,Active,299,14,21,,8,2647,BGR South,15,15,,50,4,70.2,,
2026-07,OL1052,DAB-CITY CENTRE CHENNAI 8,Dabur,MBO,Chennai,Tamil Nadu,South,SKU40490,Kajal Midnight 0.35Gm,Renee,Makeup,Eyeliner,Top 10,Active,599,0,0,,6,3977,BGR South,7,4,,50,4,70.2,,
2026-07,OL1052,DAB-CITY CENTRE CHENNAI 8,Dabur,MBO,Chennai,Tamil Nadu,South,SKU40544,Bb Cream Peach 30Ml,Renee,Makeup,Foundation,Top 10,Active,599,16,25,,8,5302,BGR South,17,17,,50,4,70.2,,
2026-07,OL1052,DAB-CITY CENTRE CHENNAI 8,Dabur,MBO,Chennai,Tamil Nadu,South,SKU40588,Bb Cream Coral 30Ml,Renee,Makeup,Foundation,Top 10,Active,349,58,59,,6,2317,BGR South,8,7,,50,4,70.2,,
2026-07,OL1052,DAB-CITY CENTRE CHENNAI 8,Dabur,MBO,Chennai,Tamil Nadu,South,SKU40595,Compact Powder Mocha 9Gm,Renee,Makeup,Foundation,Top 10,Active,449,11,15,,9,4471,BGR South,13,13,,50,4,70.2,,
2026-07,OL1052,DAB-CITY CENTRE CHENNAI 8,Dabur,MBO,Chennai,Tamil Nadu,South,SKU40662,Compact Powder Nude 9Gm,Renee,Makeup,Foundation,Top 25,Active,1199,15,16,,2,2653,BGR South,4,3,,50,4,70.2,,
2026-07,OL1052,DAB-CITY CENTRE CHENNAI 8,Dabur,MBO,Chennai,Tamil Nadu,South,SKU40763,Blending Brush R6,Renee,Makeup,Brushes,Others,Active,349,3,0,,4,1545,BGR South,8,5,,50,4,70.2,,
2026-07,OL1052,DAB-CITY CENTRE CHENNAI 8,Dabur,MBO,Chennai,Tamil Nadu,South,SKU40836,Blending Brush R4,Renee,Makeup,Brushes,Top 10,Active,1199,34,36,,5,6634,BGR South,9,7,,50,4,70.2,,
2026-07,OL1052,DAB-CITY CENTRE CHENNAI 8,Dabur,MBO,Chennai,Tamil Nadu,South,SKU40850,Powder Brush R8,Renee,Makeup,Brushes,Top 25,Active,650,65,69,,3,2158,BGR South,7,7,,50,4,70.2,,
2026-07,OL1052,DAB-CITY CENTRE CHENNAI 8,Dabur,MBO,Chennai,Tamil Nadu,South,SKU40928,Powder Brush R4,Renee,Makeup,Brushes,Top 25,Active,650,11,10,,3,2158,BGR South,2,2,,50,4,70.2,,
2026-07,OL1052,DAB-CITY CENTRE CHENNAI 8,Dabur,MBO,Chennai,Tamil Nadu,South,SKU40951,Sunscreen Gel Spf 50 70Ml,Renee,Skincare,Sunscreen,Top 25,Active,999,2,0,,1,1105,BGR South,3,3,,45,4,70.2,,
2026-07,OL1052,DAB-CITY CENTRE CHENNAI 8,Dabur,MBO,Chennai,Tamil Nadu,South,SKU40979,Sunscreen Gel Spf 50 50Ml,Renee,Skincare,Sunscreen,Top 25,Active,799,14,15,,2,1768,BGR South,4,3,,45,4,70.2,,
2026-07,OL1052,DAB-CITY CENTRE CHENNAI 8,Dabur,MBO,Chennai,Tamil Nadu,South,SKU41012,Vitamin C Serum 30Ml,Renee,Skincare,Serum,Others,Active,599,24,25,,8,5302,BGR South,10,9,,45,4,70.2,2026-06,
2026-07,OL1052,DAB-CITY CENTRE CHENNAI 8,Dabur,MBO,Chennai,Tamil Nadu,South,SKU41032,Face Wash Hazelnut 60Ml,Renee,Skincare,Cleanser,Others,Active,499,34,36,,1,552,BGR South,4,3,,45,4,70.2,,
2026-07,OL1052,DAB-CITY CENTRE CHENNAI 8,Dabur,MBO,Chennai,Tamil Nadu,South,SKU41048,Face Wash Ocean 20Ml,Renee,Skincare,Cleanser,Others,Active,349,0,0,,3,1159,BGR South,5,3,,45,4,70.2,,
2026-07,OL1052,DAB-CITY CENTRE CHENNAI 8,Dabur,MBO,Chennai,Tamil Nadu,South,SKU41129,Face Wash Vanilla 40Ml,Renee,Skincare,Cleanser,Others,Active,299,15,19,,3,993,BGR South,7,7,,45,4,70.2,,
2026-07,OL1052,DAB-CITY CENTRE CHENNAI 8,Dabur,MBO,Chennai,Tamil Nadu,South,SKU41295,Perfume Rose 50Ml,Renee,Fragrance,EDP,Top 25,Active,599,44,0,,8,5302,BGR South,14,14,,55,4,70.2,,
2026-07,OL1052,DAB-CITY CENTRE CHENNAI 8,Dabur,MBO,Chennai,Tamil Nadu,South,SKU41382,Perfume Peach 50Ml,Renee,Fragrance,EDP,Top 25,Active,499,7,6,,3,1656,BGR South,3,2,,55,4,70.2,2025-08,
2026-07,OL1052,DAB-CITY CENTRE CHENNAI 8,Dabur,MBO,Chennai,Tamil Nadu,South,SKU41420,Body Mist Coral 100Ml,Renee,Fragrance,Body Mist,Top 25,Active,399,14,0,,3,1325,BGR South,3,2,,55,4,70.2,,
2026-07,OL1052,DAB-CITY CENTRE CHENNAI 8,Dabur,MBO,Chennai,Tamil Nadu,South,SKU41608,Hair Oil Berry 100Ml,Renee,Haircare,Hair Oil,Others,Active,449,0,15,,2,994,BGR South,2,1,,35,4,70.2,,
2026-07,OL1053,DAB-CITY CENTRE KOLKATA 9,Dabur,MBO,Kolkata,West Bengal,East,SKU40078,Matte Lip Color Rose 4.2Ml,Renee,Makeup,Lipstick,Top 25,Active,650,35,36,,2,1502,BGR East,4,3,,50,3,72.5,,
2026-07,OL1053,DAB-CITY CENTRE KOLKATA 9,Dabur,MBO,Kolkata,West Bengal,East,SKU40127,Matte Lip Color Coral 4.2Ml,Renee,Makeup,Lipstick,Top 25,Active,499,12,17,,4,2306,BGR East,9,9,,50,3,72.5,,
2026-07,OL1053,DAB-CITY CENTRE KOLKATA 9,Dabur,MBO,Kolkata,West Bengal,East,SKU40202,Liquid Lipstick Mocha 5Ml,Renee,Makeup,Lipstick,Top 25,Active,799,0,1,,3,2769,BGR East,4,4,,50,3,72.5,2025-11,
2026-07,OL1053,DAB-CITY CENTRE KOLKATA 9,Dabur,MBO,Kolkata,West Bengal,East,SKU40266,Liquid Lipstick Nude 5Ml,Renee,Makeup,Lipstick,Top 10,Active,799,9,9,,4,3692,BGR East,4,4,,50,3,72.5,,
2026-07,OL1053,DAB-CITY CENTRE KOLKATA 9,Dabur,MBO,Kolkata,West Bengal,East,SKU40281,Midnight Eyeliner Berry 2.5Ml,Renee,Makeup,Eyeliner,Others,Active,299,23,25,,2,691,BGR East,5,4,,50,3,72.5,,
2026-07,OL1053,DAB-CITY CENTRE KOLKATA 9,Dabur,MBO,Kolkata,West Bengal,East,SKU40529,Kajal Rose 0.35Gm,Renee,Makeup,Eyeliner,Others,Active,449,8,10,,2,1037,BGR East,4,4,,50,3,72.5,2026-03,
2026-07,OL1053,DAB-CITY CENTRE KOLKATA 9,Dabur,MBO,Kolkata,West Bengal,East,SKU40662,Compact Powder Nude 9Gm,Renee,Makeup,Foundation,Top 25,Active,1199,9,9,,4,5540,BGR East,6,4,,50,3,72.5,,
2026-07,OL1053,DAB-CITY CENTRE KOLKATA 9,Dabur,MBO,Kolkata,West Bengal,East,SKU40928,Powder Brush R4,Renee,Makeup,Brushes,Top 25,Active,650,45,22,,3,2253,BGR East,3,2,,50,3,72.5,,
2026-07,OL1053,DAB-CITY CENTRE KOLKATA 9,Dabur,MBO,Kolkata,West Bengal,East,SKU40951,Sunscreen Gel Spf 50 70Ml,Renee,Skincare,Sunscreen,Top 25,Active,999,19,17,,4,4616,BGR East,3,2,,45,3,72.5,,
2026-07,OL1053,DAB-CITY CENTRE KOLKATA 9,Dabur,MBO,Kolkata,West Bengal,East,SKU40979,Sunscreen Gel Spf 50 50Ml,Renee,Skincare,Sunscreen,Top 25,Active,799,12,13,,1,923,BGR East,3,2,,45,3,72.5,,
2026-07,OL1053,DAB-CITY CENTRE KOLKATA 9,Dabur,MBO,Kolkata,West Bengal,East,SKU41012,Vitamin C Serum 30Ml,Renee,Skincare,Serum,Others,Active,599,3,0,,5,3460,BGR East,10,7,,45,3,72.5,2026-06,
2026-07,OL1053,DAB-CITY CENTRE KOLKATA 9,Dabur,MBO,Kolkata,West Bengal,East,SKU41048,Face Wash Ocean 20Ml,Renee,Skincare,Cleanser,Others,Active,349,39,40,,2,806,BGR East,3,3,,45,3,72.5,,
2026-07,OL1053,DAB-CITY CENTRE KOLKATA 9,Dabur,MBO,Kolkata,West Bengal,East,SKU41295,Perfume Rose 50Ml,Renee,Fragrance,EDP,Top 25,Active,599,18,16,,3,2076,BGR East,2,1,,55,3,72.5,,
2026-07,OL1053,DAB-CITY CENTRE KOLKATA 9,Dabur,MBO,Kolkata,West Bengal,East,SKU41382,Perfume Peach 50Ml,Renee,Fragrance,EDP,Top 25,Active,499,12,22,,4,2306,BGR East,8,5,,55,3,72.5,2025-08,
2026-07,OL1053,DAB-CITY CENTRE KOLKATA 9,Dabur,MBO,Kolkata,West Bengal,East,SKU41536,Body Mist Nude 100Ml,Renee,Fragrance,Body Mist,Top 25,Active,349,15,17,,5,2016,BGR East,8,7,,55,3,72.5,,
2026-07,OL1053,DAB-CITY CENTRE KOLKATA 9,Dabur,MBO,Kolkata,West Bengal,East,SKU41608,Hair Oil Berry 100Ml,Renee,Haircare,Hair Oil,Others,Active,449,5,6,,0,0,BGR East,2,1,,35,3,72.5,,
2026-07,OL1054,DAB-NEXUS MUMBAI 10,Dabur,MBO,Mumbai,Maharashtra,West,SKU40108,Matte Lip Color Peach 4.2Ml,Renee,Makeup,Lipstick,Top 10,Active,650,44,42,,3,2195,BGR West,2,1,,50,1,64.3,,
2026-07,OL1054,DAB-NEXUS MUMBAI 10,Dabur,MBO,Mumbai,Maharashtra,West,SKU40425,Kajal Vanilla 0.35Gm,Renee,Makeup,Eyeliner,Top 25,Active,299,1,4,,6,2019,BGR West,9,9,,50,1,64.3,,
2026-07,OL1054,DAB-NEXUS MUMBAI 10,Dabur,MBO,Mumbai,Maharashtra,West,SKU40490,Kajal Midnight 0.35Gm,Renee,Makeup,Eyeliner,Top 10,Active,599,63,69,,8,5394,BGR West,16,14,,50,1,64.3,,
2026-07,OL1054,DAB-NEXUS MUMBAI 10,Dabur,MBO,Mumbai,Maharashtra,West,SKU40529,Kajal Rose 0.35Gm,Renee,Makeup,Eyeliner,Others,Active,449,0,0,,3,1516,BGR West,4,3,,50,1,64.3,2026-03,
2026-07,OL1054,DAB-NEXUS MUMBAI 10,Dabur,MBO,Mumbai,Maharashtra,West,SKU40544,Bb Cream Peach 30Ml,Renee,Makeup,Foundation,Top 10,Active,599,86,87,,4,2697,BGR West,5,5,,50,1,64.3,,
2026-07,OL1054,DAB-NEXUS MUMBAI 10,Dabur,MBO,Mumbai,Maharashtra,West,SKU40595,Compact Powder Mocha 9Gm,Renee,Makeup,Foundation,Top 10,Active,449,33,35,,11,5559,BGR West,13,13,,50,1,64.3,,
2026-07,OL1054,DAB-NEXUS MUMBAI 10,Dabur,MBO,Mumbai,Maharashtra,West,SKU40722,Compact Powder Berry 9Gm,Renee,Makeup,Foundation,Top 10,Active,799,11,12,,3,2698,BGR West,5,4,,50,1,64.3,,
2026-07,OL1054,DAB-NEXUS MUMBAI 10,Dabur,MBO,Mumbai,Maharashtra,West,SKU40763,Blending Brush R6,Renee,Makeup,Brushes,Others,Active,349,29,31,,3,1178,BGR West,7,5,,50,1,64.3,,
2026-07,OL1054,DAB-NEXUS MUMBAI 10,Dabur,MBO,Mumbai,Maharashtra,West,SKU40812,Blending Brush R1,Renee,Makeup,Brushes,Top 10,Active,599,18,21,,8,5394,BGR West,11,11,,50,1,64.3,2025-09,
2026-07,OL1054,DAB-NEXUS MUMBAI 10,Dabur,MBO,Mumbai,Maharashtra,West,SKU40850,Powder Brush R8,Renee,Makeup,Brushes,Top 25,Active,650,66,66,,6,4390,BGR West,7,6,,50,1,64.3,,
2026-07,OL1054,DAB-NEXUS MUMBAI 10,Dabur,MBO,Mumbai,Maharashtra,West,SKU40928,Powder Brush R4,Renee,Makeup,Brushes,Top 25,Active,650,30,0,,4,2926,BGR West,8,7,,50,1,64.3,,
2026-07,OL1054,DAB-NEXUS MUMBAI 10,Dabur,MBO,Mumbai,Maharashtra,West,SKU40972,Sunscreen Gel Spf 50 70Ml,Renee,Skincare,Sunscreen,Top 25,Active,599,0,0,,1,674,BGR West,1,0,,45,1,64.3,,
2026-07,OL1054,DAB-NEXUS MUMBAI 10,Dabur,MBO,Mumbai,Maharashtra,West,SKU40979,Sunscreen Gel Spf 50 50Ml,Renee,Skincare,Sunscreen,Top 25,Active,799,13,15,,3,2698,BGR West,7,5,,45,1,64.3,,
2026-07,OL1054,DAB-NEXUS MUMBAI 10,Dabur,MBO,Mumbai,Maharashtra,West,SKU41012,Vitamin C Serum 30Ml,Renee,Skincare,Serum,Others,Active,599,7,10,,6,4045,BGR West,9,9,,45,1,64.3,2026-06,
2026-07,OL1054,DAB-NEXUS MUMBAI 10,Dabur,MBO,Mumbai,Maharashtra,West,SKU41024,Vitamin C Serum 30Ml,Renee,Skincare,Serum,Others,Active,449,0,0,,2,1011,BGR West,2,1,,45,1,64.3,,
2026-07,OL1054,DAB-NEXUS MUMBAI 10,Dabur,MBO,Mumbai,Maharashtra,West,SKU41032,Face Wash Hazelnut 60Ml,Renee,Skincare,Cleanser,Others,Active,499,5,5,,4,2247,BGR West,5,4,,45,1,64.3,,
2026-07,OL1054,DAB-NEXUS MUMBAI 10,Dabur,MBO,Mumbai,Maharashtra,West,SKU41295,Perfume Rose 50Ml,Renee,Fragrance,EDP,Top 25,Active,599,2,2,,3,2023,BGR West,3,3,,55,1,64.3,,
2026-07,OL1054,DAB-NEXUS MUMBAI 10,Dabur,MBO,Mumbai,Maharashtra,West,SKU41382,Perfume Peach 50Ml,Renee,Fragrance,EDP,Top 25,Active,499,12,12,,4,2247,BGR West,6,4,,55,1,64.3,2025-08,
2026-07,OL1054,DAB-NEXUS MUMBAI 10,Dabur,MBO,Mumbai,Maharashtra,West,SKU41536,Body Mist Nude 100Ml,Renee,Fragrance,Body Mist,Top 25,Active,349,3,4,,6,2357,BGR West,11,7,,55,1,64.3,,
2026-07,OL1054,DAB-NEXUS MUMBAI 10,Dabur,MBO,Mumbai,Maharashtra,West,SKU41608,Hair Oil Berry 100Ml,Renee,Haircare,Hair Oil,Others,Active,449,0,0,,2,1011,BGR West,2,1,,35,1,64.3,,
2026-07,OL1055,DAB-FORUM KOLKATA 11,Dabur,MBO,Kolkata,West Bengal,East,SKU40078,Matte Lip Color Rose 4.2Ml,Renee,Makeup,Lipstick,Top 25,Active,650,13,0,,4,3022,BGR East,8,8,,50,1,66.5,,
2026-07,OL1055,DAB-FORUM KOLKATA 11,Dabur,MBO,Kolkata,West Bengal,East,SKU40108,Matte Lip Color Peach 4.2Ml,Renee,Makeup,Lipstick,Top 10,Active,650,22,26,,8,6045,BGR East,12,12,,50,1,66.5,,
2026-07,OL1055,DAB-FORUM KOLKATA 11,Dabur,MBO,Kolkata,West Bengal,East,SKU40127,Matte Lip Color Coral 4.2Ml,Renee,Makeup,Lipstick,Top 25,Active,499,22,22,,4,2320,BGR East,5,4,,50,1,66.5,,
2026-07,OL1055,DAB-FORUM KOLKATA 11,Dabur,MBO,Kolkata,West Bengal,East,SKU40202,Liquid Lipstick Mocha 5Ml,Renee,Makeup,Lipstick,Top 25,Active,799,19,22,,2,1858,BGR East,6,5,,50,1,66.5,2025-11,
2026-07,OL1055,DAB-FORUM KOLKATA 11,Dabur,MBO,Kolkata,West Bengal,East,SKU40266,Liquid Lipstick Nude 5Ml,Renee,Makeup,Lipstick,Top 10,Active,799,79,78,,9,8359,BGR East,11,8,,50,1,66.5,,
2026-07,OL1055,DAB-FORUM KOLKATA 11,Dabur,MBO,Kolkata,West Bengal,East,SKU40318,Midnight Eyeliner Hazelnut 2.5Ml,Renee,Makeup,Eyeliner,Others,Active,650,0,1,,2,1511,BGR East,5,3,,50,1,66.5,,
2026-07,OL1055,DAB-FORUM KOLKATA 11,Dabur,MBO,Kolkata,West Bengal,East,SKU40529,Kajal Rose 0.35Gm,Renee,Makeup,Eyeliner,Others,Active,449,13,15,,2,1044,BGR East,5,4,,50,1,66.5,2026-03,
2026-07,OL1055,DAB-FORUM KOLKATA 11,Dabur,MBO,Kolkata,West Bengal,East,SKU40544,Bb Cream Peach 30Ml,Renee,Makeup,Foundation,Top 10,Active,599,2,65,,8,5571,BGR East,6,5,,50,1,66.5,,
2026-07,OL1055,DAB-FORUM KOLKATA 11,Dabur,MBO,Kolkata,West Bengal,East,SKU40588,Bb Cream Coral 30Ml,Renee,Makeup,Foundation,Top 10,Active,349,102,107,,12,4868,BGR East,22,17,,50,1,66.5,,
2026-07,OL1055,DAB-FORUM KOLKATA 11,Dabur,MBO,Kolkata,West Bengal,East,SKU40595,Compact Powder Mocha 9Gm,Renee,Makeup,Foundation,Top 10,Active,449,23,24,,15,7829,BGR East,23,16,,50,1,66.5,,
2026-07,OL1055,DAB-FORUM KOLKATA 11,Dabur,MBO,Kolkata,West Bengal,East,SKU40662,Compact Powder Nude 9Gm,Renee,Makeup,Foundation,Top 25,Active,1199,0,1,,4,5575,BGR East,6,5,,50,1,66.5,,
2026-07,OL1055,DAB-FORUM KOLKATA 11,Dabur,MBO,Kolkata,West Bengal,East,SKU40722,Compact Powder Berry 9Gm,Renee,Makeup,Foundation,Top 10,Active,799,31,31,,0,0,BGR East,1,0,,50,1,66.5,,
2026-07,OL1055,DAB-FORUM KOLKATA 11,Dabur,MBO,Kolkata,West Bengal,East,SKU40763,Blending Brush R6,Renee,Makeup,Brushes,Others,Active,349,24,25,,3,1217,BGR East,5,4,,50,1,66.5,,
2026-07,OL1055,DAB-FORUM KOLKATA 11,Dabur,MBO,Kolkata,West Bengal,East,SKU40812,Blending Brush R1,Renee,Makeup,Brushes,Top 10,Active,599,42,50,,12,8356,BGR East,20,20,,50,1,66.5,2025-09,
2026-07,OL1055,DAB-FORUM KOLKATA 11,Dabur,MBO,Kolkata,West Bengal,East,SKU40836,Blending Brush R4,Renee,Makeup,Brushes,Top 10,Active,1199,21,18,,23,32057,BGR East,20,20,,50,1,66.5,,
2026-07,OL1055,DAB-FORUM KOLKATA 11,Dabur,MBO,Kolkata,West Bengal,East,SKU40850,Powder Brush R8,Renee,Makeup,Brushes,Top 25,Active,650,10,14,,4,3022,BGR East,8,8,,50,1,66.5,,
2026-07,OL1055,DAB-FORUM KOLKATA 11,Dabur,MBO,Kolkata,West Bengal,East,SKU40979,Sunscreen Gel Spf 50 50Ml,Renee,Skincare,Sunscreen,Top 25,Active,799,3,5,,4,3715,BGR East,7,6,,45,1,66.5,,
2026-07,OL1055,DAB-FORUM KOLKATA 11,Dabur,MBO,Kolkata,West Bengal,East,SKU41024,Vitamin C Serum 30Ml,Renee,Skincare,Serum,Others,Active,449,8,7,,1,522,BGR East,1,0,,45,1,66.5,,
2026-07,OL1055,DAB-FORUM KOLKATA 11,Dabur,MBO,Kolkata,West Bengal,East,SKU41032,Face Wash Hazelnut 60Ml,Renee,Skincare,Cleanser,Others,Active,499,13,13,,1,580,BGR East,1,1,,45,1,66.5,,
2026-07,OL1055,DAB-FORUM KOLKATA 11,Dabur,MBO,Kolkata,West Bengal,East,SKU41048,Face Wash Ocean 20Ml,Renee,Skincare,Cleanser,Others,Active,349,0,0,,8,3246,BGR East,12,12,,45,1,66.5,,
2026-07,OL1055,DAB-FORUM KOLKATA 11,Dabur,MBO,Kolkata,West Bengal,East,SKU41129,Face Wash Vanilla 40Ml,Renee,Skincare,Cleanser,Others,Active,299,2,0,,4,1390,BGR East,3,2,,45,1,66.5,,
2026-07,OL1055,DAB-FORUM KOLKATA 11,Dabur,MBO,Kolkata,West Bengal,East,SKU41215,Perfume Midnight 50Ml,Renee,Fragrance,EDP,Others,Active,399,7,7,,4,1855,BGR East,4,4,,55,1,66.5,,
2026-07,OL1055,DAB-FORUM KOLKATA 11,Dabur,MBO,Kolkata,West Bengal,East,SKU41382,Perfume Peach 50Ml,Renee,Fragrance,EDP,Top 25,Active,499,25,28,,3,1740,BGR East,8,6,,55,1,66.5,2025-08,
2026-07,OL1056,DAB-SELECT LUCKNOW 12,Dabur,MBO,Lucknow,Uttar Pradesh,North,SKU40127,Matte Lip Color Coral 4.2Ml,Renee,Makeup,Lipstick,Top 25,Active,499,22,21,,4,2035,BGR North,4,3,,50,3,69.2,,
2026-07,OL1056,DAB-SELECT LUCKNOW 12,Dabur,MBO,Lucknow,Uttar Pradesh,North,SKU40202,Liquid Lipstick Mocha 5Ml,Renee,Makeup,Lipstick,Top 25,Active,799,3,0,,3,2444,BGR North,5,4,,50,3,69.2,2025-11,
2026-07,OL1056,DAB-SELECT LUCKNOW 12,Dabur,MBO,Lucknow,Uttar Pradesh,North,SKU40266,Liquid Lipstick Nude 5Ml,Renee,Makeup,Lipstick,Top 10,Active,799,4,3,,8,6517,BGR North,11,7,,50,3,69.2,,
2026-07,OL1056,DAB-SELECT LUCKNOW 12,Dabur,MBO,Lucknow,Uttar Pradesh,North,SKU40281,Midnight Eyeliner Berry 2.5Ml,Renee,Makeup,Eyeliner,Others,Active,299,36,0,,2,610,BGR North,2,1,,50,3,69.2,,
2026-07,OL1056,DAB-SELECT LUCKNOW 12,Dabur,MBO,Lucknow,Uttar Pradesh,North,SKU40318,Midnight Eyeliner Hazelnut 2.5Ml,Renee,Makeup,Eyeliner,Others,Active,650,12,17,,3,1988,BGR North,7,7,,50,3,69.2,,
2026-07,OL1056,DAB-SELECT LUCKNOW 12,Dabur,MBO,Lucknow,Uttar Pradesh,North,SKU40381,Midnight Eyeliner Ocean 2.5Ml,Renee,Makeup,Eyeliner,Top 25,Active,699,8,10,,4,2851,BGR North,8,6,,50,3,69.2,,
2026-07,OL1056,DAB-SELECT LUCKNOW 12,Dabur,MBO,Lucknow,Uttar Pradesh,North,SKU40425,Kajal Vanilla 0.35Gm,Renee,Makeup,Eyeliner,Top 25,Active,299,46,50,,6,1829,BGR North,10,10,,50,3,69.2,,
2026-07,OL1056,DAB-SELECT LUCKNOW 12,Dabur,MBO,Lucknow,Uttar Pradesh,North,SKU40490,Kajal Midnight 0.35Gm,Renee,Makeup,Eyeliner,Top 10,Active,599,34,35,,6,3664,BGR North,8,7,,50,3,69.2,,
2026-07,OL1056,DAB-SELECT LUCKNOW 12,Dabur,MBO,Lucknow,Uttar Pradesh,North,SKU40662,Compact Powder Nude 9Gm,Renee,Makeup,Foundation,Top 25,Active,1199,29,31,,4,4890,BGR North,7,6,,50,3,69.2,,
2026-07,OL1056,DAB-SELECT LUCKNOW 12,Dabur,MBO,Lucknow,Uttar Pradesh,North,SKU40836,Blending Brush R4,Renee,Makeup,Brushes,Top 10,Active,1199,3,7,,4,4890,BGR North,9,8,,50,3,69.2,,
2026-07,OL1056,DAB-SELECT LUCKNOW 12,Dabur,MBO,Lucknow,Uttar Pradesh,North,SKU40928,Powder Brush R4,Renee,Makeup,Brushes,Top 25,Active,650,32,33,,4,2651,BGR North,5,5,,50,3,69.2,,
2026-07,OL1056,DAB-SELECT LUCKNOW 12,Dabur,MBO,Lucknow,Uttar Pradesh,North,SKU40951,Sunscreen Gel Spf 50 70Ml,Renee,Skincare,Sunscreen,Top 25,Active,999,2,3,,4,4074,BGR North,5,5,,45,3,69.2,,
2026-07,OL1056,DAB-SELECT LUCKNOW 12,Dabur,MBO,Lucknow,Uttar Pradesh,North,SKU40979,Sunscreen Gel Spf 50 50Ml,Renee,Skincare,Sunscreen,Top 25,Active,799,11,11,,4,3258,BGR North,6,4,,45,3,69.2,,
2026-07,OL1056,DAB-SELECT LUCKNOW 12,Dabur,MBO,Lucknow,Uttar Pradesh,North,SKU41012,Vitamin C Serum 30Ml,Renee,Skincare,Serum,Others,Active,599,21,21,,6,3664,BGR North,6,6,,45,3,69.2,2026-06,
2026-07,OL1056,DAB-SELECT LUCKNOW 12,Dabur,MBO,Lucknow,Uttar Pradesh,North,SKU41032,Face Wash Hazelnut 60Ml,Renee,Skincare,Cleanser,Others,Active,499,4,4,,4,2035,BGR North,7,4,,45,3,69.2,,
2026-07,OL1056,DAB-SELECT LUCKNOW 12,Dabur,MBO,Lucknow,Uttar Pradesh,North,SKU41215,Perfume Midnight 50Ml,Renee,Fragrance,EDP,Others,Active,399,9,0,,3,1220,BGR North,5,5,,55,3,69.2,,
2026-07,OL1056,DAB-SELECT LUCKNOW 12,Dabur,MBO,Lucknow,Uttar Pradesh,North,SKU41295,Perfume Rose 50Ml,Renee,Fragrance,EDP,Top 25,Active,599,37,0,,5,3053,BGR North,9,9,,55,3,69.2,,
2026-07,OL1056,DAB-SELECT LUCKNOW 12,Dabur,MBO,Lucknow,Uttar Pradesh,North,SKU41420,Body Mist Coral 100Ml,Renee,Fragrance,Body Mist,Top 25,Active,399,9,26,,4,1627,BGR North,5,3,,55,3,69.2,,
2026-07,OL1056,DAB-SELECT LUCKNOW 12,Dabur,MBO,Lucknow,Uttar Pradesh,North,SKU41536,Body Mist Nude 100Ml,Renee,Fragrance,Body Mist,Top 25,Active,349,19,19,,4,1423,BGR North,5,4,,55,3,69.2,,
2026-07,OL1056,DAB-SELECT LUCKNOW 12,Dabur,MBO,Lucknow,Uttar Pradesh,North,SKU41608,Hair Oil Berry 100Ml,Renee,Haircare,Hair Oil,Others,Active,449,28,29,,4,1831,BGR North,6,5,,35,3,69.2,,
2026-07,OL1056,DAB-SELECT LUCKNOW 12,Dabur,MBO,Lucknow,Uttar Pradesh,North,SKU41647,Hair Oil Hazelnut 100Ml,Renee,Haircare,Hair Oil,Others,Active,799,8,8,,1,815,BGR North,2,1,,35,3,69.2,,
2026-07,OL1057,DAB-EXPRESS LUCKNOW 13,Dabur,MBO,Lucknow,Uttar Pradesh,North,SKU40078,Matte Lip Color Rose 4.2Ml,Renee,Makeup,Lipstick,Top 25,Active,650,13,15,,1,648,BGR North,4,3,,50,1,76.6,,
2026-07,OL1057,DAB-EXPRESS LUCKNOW 13,Dabur,MBO,Lucknow,Uttar Pradesh,North,SKU40108,Matte Lip Color Peach 4.2Ml,Renee,Makeup,Lipstick,Top 10,Active,650,22,27,,4,2593,BGR North,9,9,,50,1,76.6,,
2026-07,OL1057,DAB-EXPRESS LUCKNOW 13,Dabur,MBO,Lucknow,Uttar Pradesh,North,SKU40281,Midnight Eyeliner Berry 2.5Ml,Renee,Makeup,Eyeliner,Others,Active,299,0,1,,1,298,BGR North,2,2,,50,1,76.6,,
2026-07,OL1057,DAB-EXPRESS LUCKNOW 13,Dabur,MBO,Lucknow,Uttar Pradesh,North,SKU40318,Midnight Eyeliner Hazelnut 2.5Ml,Renee,Makeup,Eyeliner,Others,Active,650,17,19,,3,1944,BGR North,6,5,,50,1,76.6,,
2026-07,OL1057,DAB-EXPRESS LUCKNOW 13,Dabur,MBO,Lucknow,Uttar Pradesh,North,SKU40381,Midnight Eyeliner Ocean 2.5Ml,Renee,Makeup,Eyeliner,Top 25,Active,699,14,17,,4,2788,BGR North,7,7,,50,1,76.6,,
2026-07,OL1057,DAB-EXPRESS LUCKNOW 13,Dabur,MBO,Lucknow,Uttar Pradesh,North,SKU40425,Kajal Vanilla 0.35Gm,Renee,Makeup,Eyeliner,Top 25,Active,299,5,6,,4,1193,BGR North,8,5,,50,1,76.6,,
2026-07,OL1057,DAB-EXPRESS LUCKNOW 13,Dabur,MBO,Lucknow,Uttar Pradesh,North,SKU40490,Kajal Midnight 0.35Gm,Renee,Makeup,Eyeliner,Top 10,Active,599,8,9,,3,1792,BGR North,6,4,,50,1,76.6,,
2026-07,OL1057,DAB-EXPRESS LUCKNOW 13,Dabur,MBO,Lucknow,Uttar Pradesh,North,SKU40529,Kajal Rose 0.35Gm,Renee,Makeup,Eyeliner,Others,Active,449,9,9,,4,1791,BGR North,4,4,,50,1,76.6,2026-03,
2026-07,OL1057,DAB-EXPRESS LUCKNOW 13,Dabur,MBO,Lucknow,Uttar Pradesh,North,SKU40544,Bb Cream Peach 30Ml,Renee,Makeup,Foundation,Top 10,Active,599,0,3,,4,2389,BGR North,7,7,,50,1,76.6,,
2026-07,OL1057,DAB-EXPRESS LUCKNOW 13,Dabur,MBO,Lucknow,Uttar Pradesh,North,SKU40588,Bb Cream Coral 30Ml,Renee,Makeup,Foundation,Top 10,Active,349,10,10,,3,1044,BGR North,4,3,,50,1,76.6,,
2026-07,OL1057,DAB-EXPRESS LUCKNOW 13,Dabur,MBO,Lucknow,Uttar Pradesh,North,SKU40812,Blending Brush R1,Renee,Makeup,Brushes,Top 10,Active,599,10,11,,3,1792,BGR North,6,4,,50,1,76.6,2025-09,
2026-07,OL1057,DAB-EXPRESS LUCKNOW 13,Dabur,MBO,Lucknow,Uttar Pradesh,North,SKU40836,Blending Brush R4,Renee,Makeup,Brushes,Top 10,Active,1199,9,10,,3,3587,BGR North,4,4,,50,1,76.6,,
2026-07,OL1057,DAB-EXPRESS LUCKNOW 13,Dabur,MBO,Lucknow,Uttar Pradesh,North,SKU40928,Powder Brush R4,Renee,Makeup,Brushes,Top 25,Active,650,13,16,,3,1944,BGR North,6,6,,50,1,76.6,,
2026-07,OL1057,DAB-EXPRESS LUCKNOW 13,Dabur,MBO,Lucknow,Uttar Pradesh,North,SKU40951,Sunscreen Gel Spf 50 70Ml,Renee,Skincare,Sunscreen,Top 25,Active,999,8,10,,3,2988,BGR North,6,5,,45,1,76.6,,
2026-07,OL1057,DAB-EXPRESS LUCKNOW 13,Dabur,MBO,Lucknow,Uttar Pradesh,North,SKU40972,Sunscreen Gel Spf 50 70Ml,Renee,Skincare,Sunscreen,Top 25,Active,599,4,25,,3,1792,BGR North,5,5,,45,1,76.6,,
2026-07,OL1057,DAB-EXPRESS LUCKNOW 13,Dabur,MBO,Lucknow,Uttar Pradesh,North,SKU41012,Vitamin C Serum 30Ml,Renee,Skincare,Serum,Others,Active,599,15,16,,4,2389,BGR North,7,5,,45,1,76.6,2026-06,
2026-07,OL1057,DAB-EXPRESS LUCKNOW 13,Dabur,MBO,Lucknow,Uttar Pradesh,North,SKU41032,Face Wash Hazelnut 60Ml,Renee,Skincare,Cleanser,Others,Active,499,4,0,,3,1493,BGR North,5,5,,45,1,76.6,,
2026-07,OL1057,DAB-EXPRESS LUCKNOW 13,Dabur,MBO,Lucknow,Uttar Pradesh,North,SKU41295,Perfume Rose 50Ml,Renee,Fragrance,EDP,Top 25,Active,599,24,23,,4,2389,BGR North,3,3,,55,1,76.6,,
2026-07,OL1057,DAB-EXPRESS LUCKNOW 13,Dabur,MBO,Lucknow,Uttar Pradesh,North,SKU41382,Perfume Peach 50Ml,Renee,Fragrance,EDP,Top 25,Active,499,0,0,,1,498,BGR North,2,1,,55,1,76.6,2025-08,
2026-07,OL1057,DAB-EXPRESS LUCKNOW 13,Dabur,MBO,Lucknow,Uttar Pradesh,North,SKU41536,Body Mist Nude 100Ml,Renee,Fragrance,Body Mist,Top 25,Active,349,8,8,,2,696,BGR North,4,2,,55,1,76.6,,
2026-07,OL1057,DAB-EXPRESS LUCKNOW 13,Dabur,MBO,Lucknow,Uttar Pradesh,North,SKU41647,Hair Oil Hazelnut 100Ml,Renee,Haircare,Hair Oil,Others,Active,799,1,4,,1,797,BGR North,4,4,,35,1,76.6,,
2026-07,OL1058,DAB-INORBIT KOLKATA 14,Dabur,MBO,Kolkata,West Bengal,East,SKU40108,Matte Lip Color Peach 4.2Ml,Renee,Makeup,Lipstick,Top 10,Active,650,36,35,,3,2012,BGR East,3,2,,50,3,48.7,,
2026-07,OL1058,DAB-INORBIT KOLKATA 14,Dabur,MBO,Kolkata,West Bengal,East,SKU40127,Matte Lip Color Coral 4.2Ml,Renee,Makeup,Lipstick,Top 25,Active,499,12,13,,5,2575,BGR East,9,6,,50,3,48.7,,
2026-07,OL1058,DAB-INORBIT KOLKATA 14,Dabur,MBO,Kolkata,West Bengal,East,SKU40202,Liquid Lipstick Mocha 5Ml,Renee,Makeup,Lipstick,Top 25,Active,799,8,10,,2,1649,BGR East,5,4,,50,3,48.7,2025-11,
2026-07,OL1058,DAB-INORBIT KOLKATA 14,Dabur,MBO,Kolkata,West Bengal,East,SKU40266,Liquid Lipstick Nude 5Ml,Renee,Makeup,Lipstick,Top 10,Active,799,0,0,,8,6596,BGR East,7,4,,50,3,48.7,,
2026-07,OL1058,DAB-INORBIT KOLKATA 14,Dabur,MBO,Kolkata,West Bengal,East,SKU40318,Midnight Eyeliner Hazelnut 2.5Ml,Renee,Makeup,Eyeliner,Others,Active,650,6,0,,1,671,BGR East,4,4,,50,3,48.7,,
2026-07,OL1058,DAB-INORBIT KOLKATA 14,Dabur,MBO,Kolkata,West Bengal,East,SKU40425,Kajal Vanilla 0.35Gm,Renee,Makeup,Eyeliner,Top 25,Active,299,0,0,,4,1234,BGR East,5,4,,50,3,48.7,,
2026-07,OL1058,DAB-INORBIT KOLKATA 14,Dabur,MBO,Kolkata,West Bengal,East,SKU40490,Kajal Midnight 0.35Gm,Renee,Makeup,Eyeliner,Top 10,Active,599,10,9,,5,3091,BGR East,7,4,,50,3,48.7,,
2026-07,OL1058,DAB-INORBIT KOLKATA 14,Dabur,MBO,Kolkata,West Bengal,East,SKU40529,Kajal Rose 0.35Gm,Renee,Makeup,Eyeliner,Others,Active,449,12,14,,4,1853,BGR East,7,6,,50,3,48.7,2026-03,
2026-07,OL1058,DAB-INORBIT KOLKATA 14,Dabur,MBO,Kolkata,West Bengal,East,SKU40588,Bb Cream Coral 30Ml,Renee,Makeup,Foundation,Top 10,Active,349,14,14,,4,1441,BGR East,6,4,,50,3,48.7,,
2026-07,OL1058,DAB-INORBIT KOLKATA 14,Dabur,MBO,Kolkata,West Bengal,East,SKU40595,Compact Powder Mocha 9Gm,Renee,Makeup,Foundation,Top 10,Active,449,91,91,,6,2780,BGR East,8,6,,50,3,48.7,,
2026-07,OL1058,DAB-INORBIT KOLKATA 14,Dabur,MBO,Kolkata,West Bengal,East,SKU40722,Compact Powder Berry 9Gm,Renee,Makeup,Foundation,Top 10,Active,799,2,26,,4,3298,BGR East,3,2,,50,3,48.7,,
2026-07,OL1058,DAB-INORBIT KOLKATA 14,Dabur,MBO,Kolkata,West Bengal,East,SKU40763,Blending Brush R6,Renee,Makeup,Brushes,Others,Active,349,3,23,,3,1080,BGR East,4,3,,50,3,48.7,,
2026-07,OL1058,DAB-INORBIT KOLKATA 14,Dabur,MBO,Kolkata,West Bengal,East,SKU40836,Blending Brush R4,Renee,Makeup,Brushes,Top 10,Active,1199,26,29,,5,6187,BGR East,8,8,,50,3,48.7,,
2026-07,OL1058,DAB-INORBIT KOLKATA 14,Dabur,MBO,Kolkata,West Bengal,East,SKU40979,Sunscreen Gel Spf 50 50Ml,Renee,Skincare,Sunscreen,Top 25,Active,799,15,18,,2,1649,BGR East,6,5,,45,3,48.7,,
2026-07,OL1058,DAB-INORBIT KOLKATA 14,Dabur,MBO,Kolkata,West Bengal,East,SKU41012,Vitamin C Serum 30Ml,Renee,Skincare,Serum,Others,Active,599,25,27,,3,1854,BGR East,7,5,,45,3,48.7,2026-06,
2026-07,OL1058,DAB-INORBIT KOLKATA 14,Dabur,MBO,Kolkata,West Bengal,East,SKU41048,Face Wash Ocean 20Ml,Renee,Skincare,Cleanser,Others,Active,349,16,20,,3,1080,BGR East,8,7,,45,3,48.7,,
2026-07,OL1058,DAB-INORBIT KOLKATA 14,Dabur,MBO,Kolkata,West Bengal,East,SKU41420,Body Mist Coral 100Ml,Renee,Fragrance,Body Mist,Top 25,Active,399,20,22,,4,1647,BGR East,7,6,,55,3,48.7,,
2026-07,OL1058,DAB-INORBIT KOLKATA 14,Dabur,MBO,Kolkata,West Bengal,East,SKU41476,Body Mist Mocha 100Ml,Renee,Fragrance,Body Mist,Top 10,Active,799,16,15,,4,3298,BGR East,4,3,,55,3,48.7,,
2026-07,OL1058,DAB-INORBIT KOLKATA 14,Dabur,MBO,Kolkata,West Bengal,East,SKU41536,Body Mist Nude 100Ml,Renee,Fragrance,Body Mist,Top 25,Active,349,2,4,,8,2881,BGR East,15,10,,55,3,48.7,,
2026-07,OL1058,DAB-INORBIT KOLKATA 14,Dabur,MBO,Kolkata,West Bengal,East,SKU41608,Hair Oil Berry 100Ml,Renee,Haircare,Hair Oil,Others,Active,449,8,7,,1,463,BGR East,1,0,,35,3,48.7,,
2026-07,OL1059,DAB-NEXUS BHUBANESWAR 15,Dabur,MBO,Bhubaneswar,Odisha,East,SKU40108,Matte Lip Color Peach 4.2Ml,Renee,Makeup,Lipstick,Top 10,Active,650,27,31,,3,1943,BGR East,7,7,,50,1,71.2,,
2026-07,OL1059,DAB-NEXUS BHUBANESWAR 15,Dabur,MBO,Bhubaneswar,Odisha,East,SKU40127,Matte Lip Color Coral 4.2Ml,Renee,Makeup,Lipstick,Top 25,Active,499,19,17,,4,1988,BGR East,3,2,,50,1,71.2,,
2026-07,OL1059,DAB-NEXUS BHUBANESWAR 15,Dabur,MBO,Bhubaneswar,Odisha,East,SKU40266,Liquid Lipstick Nude 5Ml,Renee,Makeup,Lipstick,Top 10,Active,799,20,22,,6,4776,BGR East,12,8,,50,1,71.2,,
2026-07,OL1059,DAB-NEXUS BHUBANESWAR 15,Dabur,MBO,Bhubaneswar,Odisha,East,SKU40318,Midnight Eyeliner Hazelnut 2.5Ml,Renee,Makeup,Eyeliner,Others,Active,650,12,13,,3,1943,BGR East,5,4,,50,1,71.2,,
2026-07,OL1059,DAB-NEXUS BHUBANESWAR 15,Dabur,MBO,Bhubaneswar,Odisha,East,SKU40381,Midnight Eyeliner Ocean 2.5Ml,Renee,Makeup,Eyeliner,Top 25,Active,699,3,4,,2,1393,BGR East,4,3,,50,1,71.2,,
2026-07,OL1059,DAB-NEXUS BHUBANESWAR 15,Dabur,MBO,Bhubaneswar,Odisha,East,SKU40425,Kajal Vanilla 0.35Gm,Renee,Makeup,Eyeliner,Top 25,Active,299,4,24,,3,894,BGR East,5,5,,50,1,71.2,,
2026-07,OL1059,DAB-NEXUS BHUBANESWAR 15,Dabur,MBO,Bhubaneswar,Odisha,East,SKU40490,Kajal Midnight 0.35Gm,Renee,Makeup,Eyeliner,Top 10,Active,599,40,43,,4,2387,BGR East,9,7,,50,1,71.2,,
2026-07,OL1059,DAB-NEXUS BHUBANESWAR 15,Dabur,MBO,Bhubaneswar,Odisha,East,SKU40722,Compact Powder Berry 9Gm,Renee,Makeup,Foundation,Top 10,Active,799,14,15,,3,2388,BGR East,6,4,,50,1,71.2,,
2026-07,OL1059,DAB-NEXUS BHUBANESWAR 15,Dabur,MBO,Bhubaneswar,Odisha,East,SKU40763,Blending Brush R6,Renee,Makeup,Brushes,Others,Active,349,11,10,,2,695,BGR East,2,1,,50,1,71.2,,
2026-07,OL1059,DAB-NEXUS BHUBANESWAR 15,Dabur,MBO,Bhubaneswar,Odisha,East,SKU40812,Blending Brush R1,Renee,Makeup,Brushes,Top 10,Active,599,17,24,,6,3580,BGR East,13,13,,50,1,71.2,2025-09,
2026-07,OL1059,DAB-NEXUS BHUBANESWAR 15,Dabur,MBO,Bhubaneswar,Odisha,East,SKU40836,Blending Brush R4,Renee,Makeup,Brushes,Top 10,Active,1199,28,30,,3,3583,BGR East,5,5,,50,1,71.2,,
2026-07,OL1059,DAB-NEXUS BHUBANESWAR 15,Dabur,MBO,Bhubaneswar,Odisha,East,SKU40850,Powder Brush R8,Renee,Makeup,Brushes,Top 25,Active,650,20,21,,3,1943,BGR East,5,4,,50,1,71.2,,
2026-07,OL1059,DAB-NEXUS BHUBANESWAR 15,Dabur,MBO,Bhubaneswar,Odisha,East,SKU40928,Powder Brush R4,Renee,Makeup,Brushes,Top 25,Active,650,8,8,,3,1943,BGR East,4,3,,50,1,71.2,,
2026-07,OL1059,DAB-NEXUS BHUBANESWAR 15,Dabur,MBO,Bhubaneswar,Odisha,East,SKU40951,Sunscreen Gel Spf 50 70Ml,Renee,Skincare,Sunscreen,Top 25,Active,999,19,20,,1,995,BGR East,2,2,,45,1,71.2,,
2026-07,OL1059,DAB-NEXUS BHUBANESWAR 15,Dabur,MBO,Bhubaneswar,Odisha,East,SKU40972,Sunscreen Gel Spf 50 70Ml,Renee,Skincare,Sunscreen,Top 25,Active,599,6,22,,4,2387,BGR East,8,8,,45,1,71.2,,
2026-07,OL1059,DAB-NEXUS BHUBANESWAR 15,Dabur,MBO,Bhubaneswar,Odisha,East,SKU40979,Sunscreen Gel Spf 50 50Ml,Renee,Skincare,Sunscreen,Top 25,Active,799,3,3,,1,796,BGR East,2,1,,45,1,71.2,,
2026-07,OL1059,DAB-NEXUS BHUBANESWAR 15,Dabur,MBO,Bhubaneswar,Odisha,East,SKU41129,Face Wash Vanilla 40Ml,Renee,Skincare,Cleanser,Others,Active,299,2,0,,2,596,BGR East,1,1,,45,1,71.2,,
2026-07,OL1059,DAB-NEXUS BHUBANESWAR 15,Dabur,MBO,Bhubaneswar,Odisha,East,SKU41295,Perfume Rose 50Ml,Renee,Fragrance,EDP,Top 25,Active,599,0,0,,3,1790,BGR East,3,3,,55,1,71.2,,
2026-07,OL1059,DAB-NEXUS BHUBANESWAR 15,Dabur,MBO,Bhubaneswar,Odisha,East,SKU41382,Perfume Peach 50Ml,Renee,Fragrance,EDP,Top 25,Active,499,0,1,,3,1491,BGR East,5,4,,55,1,71.2,2025-08,
2026-07,OL1059,DAB-NEXUS BHUBANESWAR 15,Dabur,MBO,Bhubaneswar,Odisha,East,SKU41420,Body Mist Coral 100Ml,Renee,Fragrance,Body Mist,Top 25,Active,399,0,0,,2,795,BGR East,2,1,,55,1,71.2,,
2026-07,OL1059,DAB-NEXUS BHUBANESWAR 15,Dabur,MBO,Bhubaneswar,Odisha,East,SKU41536,Body Mist Nude 100Ml,Renee,Fragrance,Body Mist,Top 25,Active,349,46,48,,3,1043,BGR East,5,5,,55,1,71.2,,
2026-07,OL1059,DAB-NEXUS BHUBANESWAR 15,Dabur,MBO,Bhubaneswar,Odisha,East,SKU41608,Hair Oil Berry 100Ml,Renee,Haircare,Hair Oil,Others,Active,449,4,5,,2,895,BGR East,4,3,,35,1,71.2,,
2026-07,OL1059,DAB-NEXUS BHUBANESWAR 15,Dabur,MBO,Bhubaneswar,Odisha,East,SKU41647,Hair Oil Hazelnut 100Ml,Renee,Haircare,Hair Oil,Others,Active,799,21,22,,1,796,BGR East,3,2,,35,1,71.2,,
2026-07,OL1060,DAB-ORION GUWAHATI 16,Dabur,MBO,Guwahati,Assam,East,SKU40078,Matte Lip Color Rose 4.2Ml,Renee,Makeup,Lipstick,Top 25,Active,650,31,32,,4,2997,BGR East,7,5,,50,4,67.8,,
2026-07,OL1060,DAB-ORION GUWAHATI 16,Dabur,MBO,Guwahati,Assam,East,SKU40108,Matte Lip Color Peach 4.2Ml,Renee,Makeup,Lipstick,Top 10,Active,650,1,5,,3,2247,BGR East,8,7,,50,4,67.8,,
2026-07,OL1060,DAB-ORION GUWAHATI 16,Dabur,MBO,Guwahati,Assam,East,SKU40127,Matte Lip Color Coral 4.2Ml,Renee,Makeup,Lipstick,Top 25,Active,499,2,19,,3,1725,BGR East,7,7,,50,4,67.8,,
2026-07,OL1060,DAB-ORION GUWAHATI 16,Dabur,MBO,Guwahati,Assam,East,SKU40202,Liquid Lipstick Mocha 5Ml,Renee,Makeup,Lipstick,Top 25,Active,799,7,11,,4,3683,BGR East,10,8,,50,4,67.8,2025-11,
2026-07,OL1060,DAB-ORION GUWAHATI 16,Dabur,MBO,Guwahati,Assam,East,SKU40281,Midnight Eyeliner Berry 2.5Ml,Renee,Makeup,Eyeliner,Others,Active,299,23,24,,2,689,BGR East,4,3,,50,4,67.8,,
2026-07,OL1060,DAB-ORION GUWAHATI 16,Dabur,MBO,Guwahati,Assam,East,SKU40318,Midnight Eyeliner Hazelnut 2.5Ml,Renee,Makeup,Eyeliner,Others,Active,650,2,4,,4,2997,BGR East,6,6,,50,4,67.8,,
2026-07,OL1060,DAB-ORION GUWAHATI 16,Dabur,MBO,Guwahati,Assam,East,SKU40381,Midnight Eyeliner Ocean 2.5Ml,Renee,Makeup,Eyeliner,Top 25,Active,699,16,17,,3,2417,BGR East,6,4,,50,4,67.8,,
2026-07,OL1060,DAB-ORION GUWAHATI 16,Dabur,MBO,Guwahati,Assam,East,SKU40529,Kajal Rose 0.35Gm,Renee,Makeup,Eyeliner,Others,Active,449,2,5,,3,1552,BGR East,8,6,,50,4,67.8,2026-03,
2026-07,OL1060,DAB-ORION GUWAHATI 16,Dabur,MBO,Guwahati,Assam,East,SKU40588,Bb Cream Coral 30Ml,Renee,Makeup,Foundation,Top 10,Active,349,72,82,,12,4827,BGR East,22,22,,50,4,67.8,,
2026-07,OL1060,DAB-ORION GUWAHATI 16,Dabur,MBO,Guwahati,Assam,East,SKU40595,Compact Powder Mocha 9Gm,Renee,Makeup,Foundation,Top 10,Active,449,53,54,,8,4140,BGR East,9,9,,50,4,67.8,,
2026-07,OL1060,DAB-ORION GUWAHATI 16,Dabur,MBO,Guwahati,Assam,East,SKU40662,Compact Powder Nude 9Gm,Renee,Makeup,Foundation,Top 25,Active,1199,26,27,,2,2764,BGR East,4,3,,50,4,67.8,,
2026-07,OL1060,DAB-ORION GUWAHATI 16,Dabur,MBO,Guwahati,Assam,East,SKU40763,Blending Brush R6,Renee,Makeup,Brushes,Others,Active,349,0,0,,2,804,BGR East,6,6,,50,4,67.8,,
2026-07,OL1060,DAB-ORION GUWAHATI 16,Dabur,MBO,Guwahati,Assam,East,SKU40928,Powder Brush R4,Renee,Makeup,Brushes,Top 25,Active,650,12,14,,2,1498,BGR East,4,4,,50,4,67.8,,
2026-07,OL1060,DAB-ORION GUWAHATI 16,Dabur,MBO,Guwahati,Assam,East,SKU40972,Sunscreen Gel Spf 50 70Ml,Renee,Skincare,Sunscreen,Top 25,Active,599,29,30,,1,690,BGR East,2,2,,45,4,67.8,,
2026-07,OL1060,DAB-ORION GUWAHATI 16,Dabur,MBO,Guwahati,Assam,East,SKU40979,Sunscreen Gel Spf 50 50Ml,Renee,Skincare,Sunscreen,Top 25,Active,799,0,2,,4,3683,BGR East,9,6,,45,4,67.8,,
2026-07,OL1060,DAB-ORION GUWAHATI 16,Dabur,MBO,Guwahati,Assam,East,SKU41024,Vitamin C Serum 30Ml,Renee,Skincare,Serum,Others,Active,449,14,16,,2,1035,BGR East,6,4,,45,4,67.8,,
2026-07,OL1060,DAB-ORION GUWAHATI 16,Dabur,MBO,Guwahati,Assam,East,SKU41032,Face Wash Hazelnut 60Ml,Renee,Skincare,Cleanser,Others,Active,499,1,4,,4,2300,BGR East,7,7,,45,4,67.8,,
2026-07,OL1060,DAB-ORION GUWAHATI 16,Dabur,MBO,Guwahati,Assam,East,SKU41048,Face Wash Ocean 20Ml,Renee,Skincare,Cleanser,Others,Active,349,19,23,,4,1609,BGR East,8,8,,45,4,67.8,,
2026-07,OL1060,DAB-ORION GUWAHATI 16,Dabur,MBO,Guwahati,Assam,East,SKU41129,Face Wash Vanilla 40Ml,Renee,Skincare,Cleanser,Others,Active,299,12,10,,2,689,BGR East,1,0,,45,4,67.8,,
2026-07,OL1060,DAB-ORION GUWAHATI 16,Dabur,MBO,Guwahati,Assam,East,SKU41295,Perfume Rose 50Ml,Renee,Fragrance,EDP,Top 25,Active,599,34,36,,6,4142,BGR East,9,8,,55,4,67.8,,
2026-07,OL1060,DAB-ORION GUWAHATI 16,Dabur,MBO,Guwahati,Assam,East,SKU41382,Perfume Peach 50Ml,Renee,Fragrance,EDP,Top 25,Active,499,16,16,,3,1725,BGR East,5,4,,55,4,67.8,2025-08,
2026-07,OL1060,DAB-ORION GUWAHATI 16,Dabur,MBO,Guwahati,Assam,East,SKU41420,Body Mist Coral 100Ml,Renee,Fragrance,Body Mist,Top 25,Active,399,3,2,,5,2299,BGR East,4,4,,55,4,67.8,,
2026-07,OL1060,DAB-ORION GUWAHATI 16,Dabur,MBO,Guwahati,Assam,East,SKU41476,Body Mist Mocha 100Ml,Renee,Fragrance,Body Mist,Top 10,Active,799,21,24,,8,7367,BGR East,12,11,,55,4,67.8,,
2026-07,OL1061,DAB-GALLERIA HYDERABAD 17,Dabur,MBO,Hyderabad,Telangana,South,SKU40127,Matte Lip Color Coral 4.2Ml,Renee,Makeup,Lipstick,Top 25,Active,499,19,18,,2,1079,BGR South,2,1,,50,2,78.4,,
2026-07,OL1061,DAB-GALLERIA HYDERABAD 17,Dabur,MBO,Hyderabad,Telangana,South,SKU40281,Midnight Eyeliner Berry 2.5Ml,Renee,Makeup,Eyeliner,Others,Active,299,12,11,,2,647,BGR South,2,1,,50,2,78.4,,
2026-07,OL1061,DAB-GALLERIA HYDERABAD 17,Dabur,MBO,Hyderabad,Telangana,South,SKU40318,Midnight Eyeliner Hazelnut 2.5Ml,Renee,Makeup,Eyeliner,Others,Active,650,13,14,,3,2108,BGR South,5,4,,50,2,78.4,,
2026-07,OL1061,DAB-GALLERIA HYDERABAD 17,Dabur,MBO,Hyderabad,Telangana,South,SKU40381,Midnight Eyeliner Ocean 2.5Ml,Renee,Makeup,Eyeliner,Top 25,Active,699,9,11,,4,3023,BGR South,7,6,,50,2,78.4,,
2026-07,OL1061,DAB-GALLERIA HYDERABAD 17,Dabur,MBO,Hyderabad,Telangana,South,SKU40490,Kajal Midnight 0.35Gm,Renee,Makeup,Eyeliner,Top 10,Active,599,19,0,,4,2591,BGR South,4,4,,50,2,78.4,,
2026-07,OL1061,DAB-GALLERIA HYDERABAD 17,Dabur,MBO,Hyderabad,Telangana,South,SKU40529,Kajal Rose 0.35Gm,Renee,Makeup,Eyeliner,Others,Active,449,11,30,,4,1942,BGR South,7,6,,50,2,78.4,2026-03,
2026-07,OL1061,DAB-GALLERIA HYDERABAD 17,Dabur,MBO,Hyderabad,Telangana,South,SKU40588,Bb Cream Coral 30Ml,Renee,Makeup,Foundation,Top 10,Active,349,24,28,,2,755,BGR South,6,6,,50,2,78.4,,
2026-07,OL1061,DAB-GALLERIA HYDERABAD 17,Dabur,MBO,Hyderabad,Telangana,South,SKU40595,Compact Powder Mocha 9Gm,Renee,Makeup,Foundation,Top 10,Active,449,8,11,,4,1942,BGR South,8,7,,50,2,78.4,,
2026-07,OL1061,DAB-GALLERIA HYDERABAD 17,Dabur,MBO,Hyderabad,Telangana,South,SKU40722,Compact Powder Berry 9Gm,Renee,Makeup,Foundation,Top 10,Active,799,0,1,,4,3456,BGR South,8,5,,50,2,78.4,,
2026-07,OL1061,DAB-GALLERIA HYDERABAD 17,Dabur,MBO,Hyderabad,Telangana,South,SKU40836,Blending Brush R4,Renee,Makeup,Brushes,Top 10,Active,1199,0,1,,3,3889,BGR South,5,4,,50,2,78.4,,
2026-07,OL1061,DAB-GALLERIA HYDERABAD 17,Dabur,MBO,Hyderabad,Telangana,South,SKU40951,Sunscreen Gel Spf 50 70Ml,Renee,Skincare,Sunscreen,Top 25,Active,999,19,19,,1,1080,BGR South,2,1,,45,2,78.4,,
2026-07,OL1061,DAB-GALLERIA HYDERABAD 17,Dabur,MBO,Hyderabad,Telangana,South,SKU40972,Sunscreen Gel Spf 50 70Ml,Renee,Skincare,Sunscreen,Top 25,Active,599,0,2,,2,1295,BGR South,5,4,,45,2,78.4,,
2026-07,OL1061,DAB-GALLERIA HYDERABAD 17,Dabur,MBO,Hyderabad,Telangana,South,SKU41012,Vitamin C Serum 30Ml,Renee,Skincare,Serum,Others,Active,599,9,10,,3,1943,BGR South,5,4,,45,2,78.4,2026-06,
2026-07,OL1061,DAB-GALLERIA HYDERABAD 17,Dabur,MBO,Hyderabad,Telangana,South,SKU41129,Face Wash Vanilla 40Ml,Renee,Skincare,Cleanser,Others,Active,299,13,16,,1,323,BGR South,4,4,,45,2,78.4,,
2026-07,OL1061,DAB-GALLERIA HYDERABAD 17,Dabur,MBO,Hyderabad,Telangana,South,SKU41295,Perfume Rose 50Ml,Renee,Fragrance,EDP,Top 25,Active,599,24,26,,2,1295,BGR South,6,4,,55,2,78.4,,
2026-07,OL1062,DAB-SELECT NOIDA 18,Dabur,MBO,Noida,Uttar Pradesh,North,SKU40078,Matte Lip Color Rose 4.2Ml,Renee,Makeup,Lipstick,Top 25,Active,650,2,3,,2,1531,BGR North,5,3,,50,2,92.6,,
2026-07,OL1062,DAB-SELECT NOIDA 18,Dabur,MBO,Noida,Uttar Pradesh,North,SKU40108,Matte Lip Color Peach 4.2Ml,Renee,Makeup,Lipstick,Top 10,Active,650,21,22,,6,4594,BGR North,7,7,,50,2,92.6,,
2026-07,OL1062,DAB-SELECT NOIDA 18,Dabur,MBO,Noida,Uttar Pradesh,North,SKU40202,Liquid Lipstick Mocha 5Ml,Renee,Makeup,Lipstick,Top 25,Active,799,10,10,,4,3765,BGR North,6,4,,50,2,92.6,2025-11,
2026-07,OL1062,DAB-SELECT NOIDA 18,Dabur,MBO,Noida,Uttar Pradesh,North,SKU40318,Midnight Eyeliner Hazelnut 2.5Ml,Renee,Makeup,Eyeliner,Others,Active,650,21,24,,4,3063,BGR North,7,7,,50,2,92.6,,
2026-07,OL1062,DAB-SELECT NOIDA 18,Dabur,MBO,Noida,Uttar Pradesh,North,SKU40490,Kajal Midnight 0.35Gm,Renee,Makeup,Eyeliner,Top 10,Active,599,20,0,,4,2823,BGR North,6,4,,50,2,92.6,,
2026-07,OL1062,DAB-SELECT NOIDA 18,Dabur,MBO,Noida,Uttar Pradesh,North,SKU40722,Compact Powder Berry 9Gm,Renee,Makeup,Foundation,Top 10,Active,799,43,46,,3,2824,BGR North,7,6,,50,2,92.6,,
2026-07,OL1062,DAB-SELECT NOIDA 18,Dabur,MBO,Noida,Uttar Pradesh,North,SKU40763,Blending Brush R6,Renee,Makeup,Brushes,Others,Active,349,0,0,,4,1644,BGR North,5,3,,50,2,92.6,,
2026-07,OL1062,DAB-SELECT NOIDA 18,Dabur,MBO,Noida,Uttar Pradesh,North,SKU40928,Powder Brush R4,Renee,Makeup,Brushes,Top 25,Active,650,12,14,,2,1531,BGR North,4,4,,50,2,92.6,,
2026-07,OL1062,DAB-SELECT NOIDA 18,Dabur,MBO,Noida,Uttar Pradesh,North,SKU40951,Sunscreen Gel Spf 50 70Ml,Renee,Skincare,Sunscreen,Top 25,Active,999,11,12,,2,2354,BGR North,4,3,,45,2,92.6,,
2026-07,OL1062,DAB-SELECT NOIDA 18,Dabur,MBO,Noida,Uttar Pradesh,North,SKU41048,Face Wash Ocean 20Ml,Renee,Skincare,Cleanser,Others,Active,349,23,0,,4,1644,BGR North,4,2,,45,2,92.6,,
2026-07,OL1062,DAB-SELECT NOIDA 18,Dabur,MBO,Noida,Uttar Pradesh,North,SKU41129,Face Wash Vanilla 40Ml,Renee,Skincare,Cleanser,Others,Active,299,0,0,,2,704,BGR North,4,2,,45,2,92.6,,
2026-07,OL1062,DAB-SELECT NOIDA 18,Dabur,MBO,Noida,Uttar Pradesh,North,SKU41215,Perfume Midnight 50Ml,Renee,Fragrance,EDP,Others,Active,399,1,1,,2,940,BGR North,4,2,,55,2,92.6,,
2026-07,OL1062,DAB-SELECT NOIDA 18,Dabur,MBO,Noida,Uttar Pradesh,North,SKU41295,Perfume Rose 50Ml,Renee,Fragrance,EDP,Top 25,Active,599,12,14,,3,2117,BGR North,5,5,,55,2,92.6,,
2026-07,OL1063,DAB-CITY CENTRE NEW DELHI 19,Dabur,MBO,New Delhi,Delhi,North,SKU40202,Liquid Lipstick Mocha 5Ml,Renee,Makeup,Lipstick,Top 25,Active,799,6,7,,4,3351,BGR North,5,5,,50,3,58.7,2025-11,
2026-07,OL1063,DAB-CITY CENTRE NEW DELHI 19,Dabur,MBO,New Delhi,Delhi,North,SKU40266,Liquid Lipstick Nude 5Ml,Renee,Makeup,Lipstick,Top 10,Active,799,35,41,,7,5864,BGR North,13,13,,50,3,58.7,,
2026-07,OL1063,DAB-CITY CENTRE NEW DELHI 19,Dabur,MBO,New Delhi,Delhi,North,SKU40318,Midnight Eyeliner Hazelnut 2.5Ml,Renee,Makeup,Eyeliner,Others,Active,650,3,2,,3,2044,BGR North,4,2,,50,3,58.7,,
2026-07,OL1063,DAB-CITY CENTRE NEW DELHI 19,Dabur,MBO,New Delhi,Delhi,North,SKU40381,Midnight Eyeliner Ocean 2.5Ml,Renee,Makeup,Eyeliner,Top 25,Active,699,9,11,,2,1466,BGR North,4,4,,50,3,58.7,,
2026-07,OL1063,DAB-CITY CENTRE NEW DELHI 19,Dabur,MBO,New Delhi,Delhi,North,SKU40425,Kajal Vanilla 0.35Gm,Renee,Makeup,Eyeliner,Top 25,Active,299,21,0,,8,2508,BGR North,18,14,,50,3,58.7,,
2026-07,OL1063,DAB-CITY CENTRE NEW DELHI 19,Dabur,MBO,New Delhi,Delhi,North,SKU40529,Kajal Rose 0.35Gm,Renee,Makeup,Eyeliner,Others,Active,449,10,0,,4,1883,BGR North,7,7,,50,3,58.7,2026-03,
2026-07,OL1063,DAB-CITY CENTRE NEW DELHI 19,Dabur,MBO,New Delhi,Delhi,North,SKU40588,Bb Cream Coral 30Ml,Renee,Makeup,Foundation,Top 10,Active,349,0,7,,12,4391,BGR North,22,19,,50,3,58.7,,
2026-07,OL1063,DAB-CITY CENTRE NEW DELHI 19,Dabur,MBO,New Delhi,Delhi,North,SKU40595,Compact Powder Mocha 9Gm,Renee,Makeup,Foundation,Top 10,Active,449,9,9,,5,2354,BGR North,5,5,,50,3,58.7,,
2026-07,OL1063,DAB-CITY CENTRE NEW DELHI 19,Dabur,MBO,New Delhi,Delhi,North,SKU40662,Compact Powder Nude 9Gm,Renee,Makeup,Foundation,Top 25,Active,1199,4,5,,1,1257,BGR North,3,2,,50,3,58.7,,
2026-07,OL1063,DAB-CITY CENTRE NEW DELHI 19,Dabur,MBO,New Delhi,Delhi,North,SKU40722,Compact Powder Berry 9Gm,Renee,Makeup,Foundation,Top 10,Active,799,15,15,,3,2513,BGR North,4,3,,50,3,58.7,,
2026-07,OL1063,DAB-CITY CENTRE NEW DELHI 19,Dabur,MBO,New Delhi,Delhi,North,SKU40763,Blending Brush R6,Renee,Makeup,Brushes,Others,Active,349,26,28,,4,1464,BGR North,6,6,,50,3,58.7,,
2026-07,OL1063,DAB-CITY CENTRE NEW DELHI 19,Dabur,MBO,New Delhi,Delhi,North,SKU41012,Vitamin C Serum 30Ml,Renee,Skincare,Serum,Others,Active,599,6,8,,6,3768,BGR North,8,8,,45,3,58.7,2026-06,
2026-07,OL1063,DAB-CITY CENTRE NEW DELHI 19,Dabur,MBO,New Delhi,Delhi,North,SKU41024,Vitamin C Serum 30Ml,Renee,Skincare,Serum,Others,Active,449,16,18,,3,1412,BGR North,5,5,,45,3,58.7,,
2026-07,OL1063,DAB-CITY CENTRE NEW DELHI 19,Dabur,MBO,New Delhi,Delhi,North,SKU41032,Face Wash Hazelnut 60Ml,Renee,Skincare,Cleanser,Others,Active,499,0,0,,1,523,BGR North,2,1,,45,3,58.7,,
2026-07,OL1063,DAB-CITY CENTRE NEW DELHI 19,Dabur,MBO,New Delhi,Delhi,North,SKU41476,Body Mist Mocha 100Ml,Renee,Fragrance,Body Mist,Top 10,Active,799,14,17,,6,5026,BGR North,14,9,,55,3,58.7,,
2026-07,OL1063,DAB-CITY CENTRE NEW DELHI 19,Dabur,MBO,New Delhi,Delhi,North,SKU41536,Body Mist Nude 100Ml,Renee,Fragrance,Body Mist,Top 25,Active,349,12,14,,4,1464,BGR North,7,6,,55,3,58.7,,
2026-07,OL1063,DAB-CITY CENTRE NEW DELHI 19,Dabur,MBO,New Delhi,Delhi,North,SKU41647,Hair Oil Hazelnut 100Ml,Renee,Haircare,Hair Oil,Others,Active,799,5,8,,3,2513,BGR North,6,6,,35,3,58.7,,
2026-07,OL1064,DAB-EXPRESS SURAT 20,Dabur,MBO,Surat,Gujarat,West,SKU40078,Matte Lip Color Rose 4.2Ml,Renee,Makeup,Lipstick,Top 25,Active,650,4,6,,3,2037,BGR West,8,5,,50,2,70.1,,
2026-07,OL1064,DAB-EXPRESS SURAT 20,Dabur,MBO,Surat,Gujarat,West,SKU40202,Liquid Lipstick Mocha 5Ml,Renee,Makeup,Lipstick,Top 25,Active,799,3,5,,1,834,BGR West,3,3,,50,2,70.1,2025-11,
2026-07,OL1064,DAB-EXPRESS SURAT 20,Dabur,MBO,Surat,Gujarat,West,SKU40318,Midnight Eyeliner Hazelnut 2.5Ml,Renee,Makeup,Eyeliner,Others,Active,650,14,16,,2,1358,BGR West,4,4,,50,2,70.1,,
2026-07,OL1064,DAB-EXPRESS SURAT 20,Dabur,MBO,Surat,Gujarat,West,SKU40490,Kajal Midnight 0.35Gm,Renee,Makeup,Eyeliner,Top 10,Active,599,28,35,,9,5630,BGR West,20,16,,50,2,70.1,,
2026-07,OL1064,DAB-EXPRESS SURAT 20,Dabur,MBO,Surat,Gujarat,West,SKU40529,Kajal Rose 0.35Gm,Renee,Makeup,Eyeliner,Others,Active,449,6,5,,3,1407,BGR West,3,2,,50,2,70.1,2026-03,
2026-07,OL1064,DAB-EXPRESS SURAT 20,Dabur,MBO,Surat,Gujarat,West,SKU40588,Bb Cream Coral 30Ml,Renee,Makeup,Foundation,Top 10,Active,349,16,15,,8,2916,BGR West,11,7,,50,2,70.1,,
2026-07,OL1064,DAB-EXPRESS SURAT 20,Dabur,MBO,Surat,Gujarat,West,SKU40722,Compact Powder Berry 9Gm,Renee,Makeup,Foundation,Top 10,Active,799,12,14,,6,5007,BGR West,8,8,,50,2,70.1,,
2026-07,OL1064,DAB-EXPRESS SURAT 20,Dabur,MBO,Surat,Gujarat,West,SKU40763,Blending Brush R6,Renee,Makeup,Brushes,Others,Active,349,0,0,,1,365,BGR West,2,1,,50,2,70.1,,
2026-07,OL1064,DAB-EXPRESS SURAT 20,Dabur,MBO,Surat,Gujarat,West,SKU40836,Blending Brush R4,Renee,Makeup,Brushes,Top 10,Active,1199,1,4,,5,6261,BGR West,11,8,,50,2,70.1,,
2026-07,OL1064,DAB-EXPRESS SURAT 20,Dabur,MBO,Surat,Gujarat,West,SKU40928,Powder Brush R4,Renee,Makeup,Brushes,Top 25,Active,650,48,51,,4,2715,BGR West,9,7,,50,2,70.1,,
2026-07,OL1064,DAB-EXPRESS SURAT 20,Dabur,MBO,Surat,Gujarat,West,SKU40979,Sunscreen Gel Spf 50 50Ml,Renee,Skincare,Sunscreen,Top 25,Active,799,6,6,,2,1669,BGR West,3,2,,45,2,70.1,,
2026-07,OL1064,DAB-EXPRESS SURAT 20,Dabur,MBO,Surat,Gujarat,West,SKU41032,Face Wash Hazelnut 60Ml,Renee,Skincare,Cleanser,Others,Active,499,0,2,,1,521,BGR West,3,3,,45,2,70.1,,
2026-07,OL1064,DAB-EXPRESS SURAT 20,Dabur,MBO,Surat,Gujarat,West,SKU41420,Body Mist Coral 100Ml,Renee,Fragrance,Body Mist,Top 25,Active,399,16,16,,3,1250,BGR West,5,3,,55,2,70.1,,
2026-07,OL1064,DAB-EXPRESS SURAT 20,Dabur,MBO,Surat,Gujarat,West,SKU41536,Body Mist Nude 100Ml,Renee,Fragrance,Body Mist,Top 25,Active,349,1,4,,6,2187,BGR West,10,9,,55,2,70.1,,
2026-07,OL1064,DAB-EXPRESS SURAT 20,Dabur,MBO,Surat,Gujarat,West,SKU41647,Hair Oil Hazelnut 100Ml,Renee,Haircare,Hair Oil,Others,Active,799,14,8,,1,834,BGR West,3,2,,35,2,70.1,,
2026-07,OL1065,DAB-PHOENIX SURAT 21,Dabur,MBO,Surat,Gujarat,West,SKU40108,Matte Lip Color Peach 4.2Ml,Renee,Makeup,Lipstick,Top 10,Active,650,4,4,,4,3093,BGR West,5,4,,50,3,66.3,,
2026-07,OL1065,DAB-PHOENIX SURAT 21,Dabur,MBO,Surat,Gujarat,West,SKU40127,Matte Lip Color Coral 4.2Ml,Renee,Makeup,Lipstick,Top 25,Active,499,32,35,,3,1781,BGR West,7,6,,50,3,66.3,,
2026-07,OL1065,DAB-PHOENIX SURAT 21,Dabur,MBO,Surat,Gujarat,West,SKU40266,Liquid Lipstick Nude 5Ml,Renee,Makeup,Lipstick,Top 10,Active,799,61,61,,5,4753,BGR West,6,5,,50,3,66.3,,
2026-07,OL1065,DAB-PHOENIX SURAT 21,Dabur,MBO,Surat,Gujarat,West,SKU40318,Midnight Eyeliner Hazelnut 2.5Ml,Renee,Makeup,Eyeliner,Others,Active,650,13,13,,0,0,BGR West,0,0,,50,3,66.3,,
2026-07,OL1065,DAB-PHOENIX SURAT 21,Dabur,MBO,Surat,Gujarat,West,SKU40381,Midnight Eyeliner Ocean 2.5Ml,Renee,Makeup,Eyeliner,Top 25,Active,699,30,13,,2,1663,BGR West,5,3,,50,3,66.3,,
2026-07,OL1065,DAB-PHOENIX SURAT 21,Dabur,MBO,Surat,Gujarat,West,SKU40425,Kajal Vanilla 0.35Gm,Renee,Makeup,Eyeliner,Top 25,Active,299,0,1,,2,711,BGR West,4,3,,50,3,66.3,,
2026-07,OL1065,DAB-PHOENIX SURAT 21,Dabur,MBO,Surat,Gujarat,West,SKU40490,Kajal Midnight 0.35Gm,Renee,Makeup,Eyeliner,Top 10,Active,599,10,32,,6,4276,BGR West,9,7,,50,3,66.3,,
2026-07,OL1065,DAB-PHOENIX SURAT 21,Dabur,MBO,Surat,Gujarat,West,SKU40529,Kajal Rose 0.35Gm,Renee,Makeup,Eyeliner,Others,Active,449,7,11,,2,1068,BGR West,5,3,,50,3,66.3,2026-03,
2026-07,OL1065,DAB-PHOENIX SURAT 21,Dabur,MBO,Surat,Gujarat,West,SKU40544,Bb Cream Peach 30Ml,Renee,Makeup,Foundation,Top 10,Active,599,5,24,,3,2138,BGR West,7,4,,50,3,66.3,,
2026-07,OL1065,DAB-PHOENIX SURAT 21,Dabur,MBO,Surat,Gujarat,West,SKU40662,Compact Powder Nude 9Gm,Renee,Makeup,Foundation,Top 25,Active,1199,20,22,,2,2853,BGR West,6,4,,50,3,66.3,,
2026-07,OL1065,DAB-PHOENIX SURAT 21,Dabur,MBO,Surat,Gujarat,West,SKU40763,Blending Brush R6,Renee,Makeup,Brushes,Others,Active,349,3,4,,4,1661,BGR West,6,5,,50,3,66.3,,
2026-07,OL1065,DAB-PHOENIX SURAT 21,Dabur,MBO,Surat,Gujarat,West,SKU40812,Blending Brush R1,Renee,Makeup,Brushes,Top 10,Active,599,32,29,,8,5701,BGR West,7,5,,50,3,66.3,2025-09,
2026-07,OL1065,DAB-PHOENIX SURAT 21,Dabur,MBO,Surat,Gujarat,West,SKU40850,Powder Brush R8,Renee,Makeup,Brushes,Top 25,Active,650,30,31,,3,2320,BGR West,5,4,,50,3,66.3,,
2026-07,OL1065,DAB-PHOENIX SURAT 21,Dabur,MBO,Surat,Gujarat,West,SKU41129,Face Wash Vanilla 40Ml,Renee,Skincare,Cleanser,Others,Active,299,21,22,,3,1067,BGR West,7,4,,45,3,66.3,,
2026-07,OL1065,DAB-PHOENIX SURAT 21,Dabur,MBO,Surat,Gujarat,West,SKU41215,Perfume Midnight 50Ml,Renee,Fragrance,EDP,Others,Active,399,0,2,,3,1424,BGR West,6,5,,55,3,66.3,,
2026-07,OL1065,DAB-PHOENIX SURAT 21,Dabur,MBO,Surat,Gujarat,West,SKU41382,Perfume Peach 50Ml,Renee,Fragrance,EDP,Top 25,Active,499,27,28,,3,1781,BGR West,7,4,,55,3,66.3,2025-08,
2026-07,OL1065,DAB-PHOENIX SURAT 21,Dabur,MBO,Surat,Gujarat,West,SKU41420,Body Mist Coral 100Ml,Renee,Fragrance,Body Mist,Top 25,Active,399,3,4,,2,949,BGR West,4,3,,55,3,66.3,,
2026-07,OL1065,DAB-PHOENIX SURAT 21,Dabur,MBO,Surat,Gujarat,West,SKU41476,Body Mist Mocha 100Ml,Renee,Fragrance,Body Mist,Top 10,Active,799,29,31,,8,7605,BGR West,15,10,,55,3,66.3,,
2026-07,OL1065,DAB-PHOENIX SURAT 21,Dabur,MBO,Surat,Gujarat,West,SKU41608,Hair Oil Berry 100Ml,Renee,Haircare,Hair Oil,Others,Active,449,11,11,,2,1068,BGR West,3,2,,35,3,66.3,,
2026-07,OL1065,DAB-PHOENIX SURAT 21,Dabur,MBO,Surat,Gujarat,West,SKU41647,Hair Oil Hazelnut 100Ml,Renee,Haircare,Hair Oil,Others,Active,799,19,20,,4,3802,BGR West,8,5,,35,3,66.3,,
2026-07,OL1066,DAB-GALLERIA MUMBAI 22,Dabur,MBO,Mumbai,Maharashtra,West,SKU40108,Matte Lip Color Peach 4.2Ml,Renee,Makeup,Lipstick,Top 10,Active,650,24,28,,3,1900,BGR West,7,7,,50,2,72.5,,
2026-07,OL1066,DAB-GALLERIA MUMBAI 22,Dabur,MBO,Mumbai,Maharashtra,West,SKU40266,Liquid Lipstick Nude 5Ml,Renee,Makeup,Lipstick,Top 10,Active,799,0,3,,6,4672,BGR West,10,9,,50,2,72.5,,
2026-07,OL1066,DAB-GALLERIA MUMBAI 22,Dabur,MBO,Mumbai,Maharashtra,West,SKU40318,Midnight Eyeliner Hazelnut 2.5Ml,Renee,Makeup,Eyeliner,Others,Active,650,28,30,,1,633,BGR West,3,3,,50,2,72.5,,
2026-07,OL1066,DAB-GALLERIA MUMBAI 22,Dabur,MBO,Mumbai,Maharashtra,West,SKU40381,Midnight Eyeliner Ocean 2.5Ml,Renee,Makeup,Eyeliner,Top 25,Active,699,13,16,,2,1362,BGR West,5,5,,50,2,72.5,,
2026-07,OL1066,DAB-GALLERIA MUMBAI 22,Dabur,MBO,Mumbai,Maharashtra,West,SKU40425,Kajal Vanilla 0.35Gm,Renee,Makeup,Eyeliner,Top 25,Active,299,22,22,,4,1166,BGR West,7,4,,50,2,72.5,,
2026-07,OL1066,DAB-GALLERIA MUMBAI 22,Dabur,MBO,Mumbai,Maharashtra,West,SKU40544,Bb Cream Peach 30Ml,Renee,Makeup,Foundation,Top 10,Active,599,29,35,,5,2919,BGR West,11,11,,50,2,72.5,,
2026-07,OL1066,DAB-GALLERIA MUMBAI 22,Dabur,MBO,Mumbai,Maharashtra,West,SKU40662,Compact Powder Nude 9Gm,Renee,Makeup,Foundation,Top 25,Active,1199,10,9,,2,2337,BGR West,2,1,,50,2,72.5,,
2026-07,OL1066,DAB-GALLERIA MUMBAI 22,Dabur,MBO,Mumbai,Maharashtra,West,SKU40763,Blending Brush R6,Renee,Makeup,Brushes,Others,Active,349,15,14,,2,680,BGR West,1,1,,50,2,72.5,,
2026-07,OL1066,DAB-GALLERIA MUMBAI 22,Dabur,MBO,Mumbai,Maharashtra,West,SKU40836,Blending Brush R4,Renee,Makeup,Brushes,Top 10,Active,1199,4,9,,9,10517,BGR West,15,14,,50,2,72.5,,
2026-07,OL1066,DAB-GALLERIA MUMBAI 22,Dabur,MBO,Mumbai,Maharashtra,West,SKU40928,Powder Brush R4,Renee,Makeup,Brushes,Top 25,Active,650,2,3,,3,1900,BGR West,6,4,,50,2,72.5,,
2026-07,OL1066,DAB-GALLERIA MUMBAI 22,Dabur,MBO,Mumbai,Maharashtra,West,SKU40951,Sunscreen Gel Spf 50 70Ml,Renee,Skincare,Sunscreen,Top 25,Active,999,19,18,,1,974,BGR West,1,0,,45,2,72.5,,
2026-07,OL1066,DAB-GALLERIA MUMBAI 22,Dabur,MBO,Mumbai,Maharashtra,West,SKU41012,Vitamin C Serum 30Ml,Renee,Skincare,Serum,Others,Active,599,3,1,,9,5254,BGR West,8,7,,45,2,72.5,2026-06,
2026-07,OL1066,DAB-GALLERIA MUMBAI 22,Dabur,MBO,Mumbai,Maharashtra,West,SKU41215,Perfume Midnight 50Ml,Renee,Fragrance,EDP,Others,Active,399,6,8,,4,1555,BGR West,7,6,,55,2,72.5,,
2026-07,OL1066,DAB-GALLERIA MUMBAI 22,Dabur,MBO,Mumbai,Maharashtra,West,SKU41476,Body Mist Mocha 100Ml,Renee,Fragrance,Body Mist,Top 10,Active,799,67,71,,4,3115,BGR West,8,8,,55,2,72.5,,
2026-07,OL1066,DAB-GALLERIA MUMBAI 22,Dabur,MBO,Mumbai,Maharashtra,West,SKU41536,Body Mist Nude 100Ml,Renee,Fragrance,Body Mist,Top 25,Active,349,30,31,,6,2041,BGR West,7,7,,55,2,72.5,,
2026-07,OL1066,DAB-GALLERIA MUMBAI 22,Dabur,MBO,Mumbai,Maharashtra,West,SKU41608,Hair Oil Berry 100Ml,Renee,Haircare,Hair Oil,Others,Active,449,5,5,,3,1313,BGR West,4,3,,35,2,72.5,,
2026-07,OL1066,DAB-GALLERIA MUMBAI 22,Dabur,MBO,Mumbai,Maharashtra,West,SKU41647,Hair Oil Hazelnut 100Ml,Renee,Haircare,Hair Oil,Others,Active,799,5,4,,2,1557,BGR West,2,1,,35,2,72.5,,
2026-07,OL1067,LS-NEXUS JAIPUR 1,Lifestyle,Department Store,Jaipur,Rajasthan,North,SKU40127,Matte Lip Color Coral 4.2Ml,Renee,Makeup,Lipstick,Top 25,Active,499,34,35,,1,535,BGR North,3,2,,50,4,82.2,,
2026-07,OL1067,LS-NEXUS JAIPUR 1,Lifestyle,Department Store,Jaipur,Rajasthan,North,SKU40266,Liquid Lipstick Nude 5Ml,Renee,Makeup,Lipstick,Top 10,Active,799,11,11,,4,3430,BGR North,4,4,,50,4,82.2,,
2026-07,OL1067,LS-NEXUS JAIPUR 1,Lifestyle,Department Store,Jaipur,Rajasthan,North,SKU40381,Midnight Eyeliner Ocean 2.5Ml,Renee,Makeup,Eyeliner,Top 25,Active,699,18,18,,0,0,BGR North,0,0,,50,4,82.2,,
2026-07,OL1067,LS-NEXUS JAIPUR 1,Lifestyle,Department Store,Jaipur,Rajasthan,North,SKU40425,Kajal Vanilla 0.35Gm,Renee,Makeup,Eyeliner,Top 25,Active,299,11,10,,1,321,BGR North,1,0,,50,4,82.2,,
2026-07,OL1067,LS-NEXUS JAIPUR 1,Lifestyle,Department Store,Jaipur,Rajasthan,North,SKU40490,Kajal Midnight 0.35Gm,Renee,Makeup,Eyeliner,Top 10,Active,599,9,7,,4,2571,BGR North,3,2,,50,4,82.2,,
2026-07,OL1067,LS-NEXUS JAIPUR 1,Lifestyle,Department Store,Jaipur,Rajasthan,North,SKU40544,Bb Cream Peach 30Ml,Renee,Makeup,Foundation,Top 10,Active,599,18,19,,4,2571,BGR North,6,5,,50,4,82.2,,
2026-07,OL1067,LS-NEXUS JAIPUR 1,Lifestyle,Department Store,Jaipur,Rajasthan,North,SKU40662,Compact Powder Nude 9Gm,Renee,Makeup,Foundation,Top 25,Active,1199,32,32,,1,1287,BGR North,1,1,,50,4,82.2,,
2026-07,OL1067,LS-NEXUS JAIPUR 1,Lifestyle,Department Store,Jaipur,Rajasthan,North,SKU40722,Compact Powder Berry 9Gm,Renee,Makeup,Foundation,Top 10,Active,799,38,40,,4,3430,BGR North,7,6,,50,4,82.2,,
2026-07,OL1067,LS-NEXUS JAIPUR 1,Lifestyle,Department Store,Jaipur,Rajasthan,North,SKU40763,Blending Brush R6,Renee,Makeup,Brushes,Others,Active,349,24,26,,4,1498,BGR North,7,6,,50,4,82.2,,
2026-07,OL1067,LS-NEXUS JAIPUR 1,Lifestyle,Department Store,Jaipur,Rajasthan,North,SKU40812,Blending Brush R1,Renee,Makeup,Brushes,Top 10,Active,599,32,17,,3,1928,BGR North,6,5,,50,4,82.2,2025-09,
2026-07,OL1067,LS-NEXUS JAIPUR 1,Lifestyle,Department Store,Jaipur,Rajasthan,North,SKU40850,Powder Brush R8,Renee,Makeup,Brushes,Top 25,Active,650,30,36,,4,2790,BGR North,10,10,,50,4,82.2,,
2026-07,OL1067,LS-NEXUS JAIPUR 1,Lifestyle,Department Store,Jaipur,Rajasthan,North,SKU40928,Powder Brush R4,Renee,Makeup,Brushes,Top 25,Active,650,31,32,,4,2790,BGR North,5,5,,50,4,82.2,,
2026-07,OL1067,LS-NEXUS JAIPUR 1,Lifestyle,Department Store,Jaipur,Rajasthan,North,SKU40951,Sunscreen Gel Spf 50 70Ml,Renee,Skincare,Sunscreen,Top 25,Active,999,0,2,,1,1072,BGR North,4,3,,45,4,82.2,,
2026-07,OL1067,LS-NEXUS JAIPUR 1,Lifestyle,Department Store,Jaipur,Rajasthan,North,SKU40979,Sunscreen Gel Spf 50 50Ml,Renee,Skincare,Sunscreen,Top 25,Active,799,2,3,,4,3430,BGR North,5,5,,45,4,82.2,,
2026-07,OL1067,LS-NEXUS JAIPUR 1,Lifestyle,Department Store,Jaipur,Rajasthan,North,SKU41048,Face Wash Ocean 20Ml,Renee,Skincare,Cleanser,Others,Active,349,0,1,,2,749,BGR North,4,3,,45,4,82.2,,
2026-07,OL1067,LS-NEXUS JAIPUR 1,Lifestyle,Department Store,Jaipur,Rajasthan,North,SKU41129,Face Wash Vanilla 40Ml,Renee,Skincare,Cleanser,Others,Active,299,16,0,,2,642,BGR North,3,3,,45,4,82.2,,
2026-07,OL1067,LS-NEXUS JAIPUR 1,Lifestyle,Department Store,Jaipur,Rajasthan,North,SKU41476,Body Mist Mocha 100Ml,Renee,Fragrance,Body Mist,Top 10,Active,799,22,26,,3,2572,BGR North,7,7,,55,4,82.2,,
2026-07,OL1067,LS-NEXUS JAIPUR 1,Lifestyle,Department Store,Jaipur,Rajasthan,North,SKU41536,Body Mist Nude 100Ml,Renee,Fragrance,Body Mist,Top 25,Active,349,28,27,,1,375,BGR North,0,0,,55,4,82.2,,
2026-07,OL1068,LS-CITY CENTRE BANGALORE 2,Lifestyle,Department Store,Bangalore,Karnataka,South,SKU40078,Matte Lip Color Rose 4.2Ml,Renee,Makeup,Lipstick,Top 25,Active,650,36,38,,3,1956,BGR South,6,5,,50,2,67.2,,
2026-07,OL1068,LS-CITY CENTRE BANGALORE 2,Lifestyle,Department Store,Bangalore,Karnataka,South,SKU40127,Matte Lip Color Coral 4.2Ml,Renee,Makeup,Lipstick,Top 25,Active,499,55,34,,4,2002,BGR South,6,5,,50,2,67.2,,
2026-07,OL1068,LS-CITY CENTRE BANGALORE 2,Lifestyle,Department Store,Bangalore,Karnataka,South,SKU40202,Liquid Lipstick Mocha 5Ml,Renee,Makeup,Lipstick,Top 25,Active,799,5,4,,1,801,BGR South,0,0,,50,2,67.2,2025-11,
2026-07,OL1068,LS-CITY CENTRE BANGALORE 2,Lifestyle,Department Store,Bangalore,Karnataka,South,SKU40318,Midnight Eyeliner Hazelnut 2.5Ml,Renee,Makeup,Eyeliner,Others,Active,650,4,4,,4,2608,BGR South,7,4,,50,2,67.2,,
2026-07,OL1068,LS-CITY CENTRE BANGALORE 2,Lifestyle,Department Store,Bangalore,Karnataka,South,SKU40381,Midnight Eyeliner Ocean 2.5Ml,Renee,Makeup,Eyeliner,Top 25,Active,699,9,9,,2,1402,BGR South,2,2,,50,2,67.2,,
2026-07,OL1068,LS-CITY CENTRE BANGALORE 2,Lifestyle,Department Store,Bangalore,Karnataka,South,SKU40425,Kajal Vanilla 0.35Gm,Renee,Makeup,Eyeliner,Top 25,Active,299,45,44,,6,1799,BGR South,7,5,,50,2,67.2,,
2026-07,OL1068,LS-CITY CENTRE BANGALORE 2,Lifestyle,Department Store,Bangalore,Karnataka,South,SKU40490,Kajal Midnight 0.35Gm,Renee,Makeup,Eyeliner,Top 10,Active,599,5,6,,7,4206,BGR South,12,8,,50,2,67.2,,
2026-07,OL1068,LS-CITY CENTRE BANGALORE 2,Lifestyle,Department Store,Bangalore,Karnataka,South,SKU40529,Kajal Rose 0.35Gm,Renee,Makeup,Eyeliner,Others,Active,449,8,12,,4,1801,BGR South,9,8,,50,2,67.2,2026-03,
2026-07,OL1068,LS-CITY CENTRE BANGALORE 2,Lifestyle,Department Store,Bangalore,Karnataka,South,SKU40588,Bb Cream Coral 30Ml,Renee,Makeup,Foundation,Top 10,Active,349,28,32,,8,2800,BGR South,12,12,,50,2,67.2,,
2026-07,OL1068,LS-CITY CENTRE BANGALORE 2,Lifestyle,Department Store,Bangalore,Karnataka,South,SKU40812,Blending Brush R1,Renee,Makeup,Brushes,Top 10,Active,599,12,12,,12,7210,BGR South,12,12,,50,2,67.2,2025-09,
2026-07,OL1068,LS-CITY CENTRE BANGALORE 2,Lifestyle,Department Store,Bangalore,Karnataka,South,SKU40836,Blending Brush R4,Renee,Makeup,Brushes,Top 10,Active,1199,18,20,,6,7216,BGR South,9,8,,50,2,67.2,,
2026-07,OL1068,LS-CITY CENTRE BANGALORE 2,Lifestyle,Department Store,Bangalore,Karnataka,South,SKU40928,Powder Brush R4,Renee,Makeup,Brushes,Top 25,Active,650,6,5,,4,2608,BGR South,4,3,,50,2,67.2,,
2026-07,OL1068,LS-CITY CENTRE BANGALORE 2,Lifestyle,Department Store,Bangalore,Karnataka,South,SKU40972,Sunscreen Gel Spf 50 70Ml,Renee,Skincare,Sunscreen,Top 25,Active,599,15,18,,3,1802,BGR South,7,6,,45,2,67.2,,
2026-07,OL1068,LS-CITY CENTRE BANGALORE 2,Lifestyle,Department Store,Bangalore,Karnataka,South,SKU40979,Sunscreen Gel Spf 50 50Ml,Renee,Skincare,Sunscreen,Top 25,Active,799,13,17,,4,3206,BGR South,8,8,,45,2,67.2,,
2026-07,OL1068,LS-CITY CENTRE BANGALORE 2,Lifestyle,Department Store,Bangalore,Karnataka,South,SKU41012,Vitamin C Serum 30Ml,Renee,Skincare,Serum,Others,Active,599,21,23,,8,4806,BGR South,11,10,,45,2,67.2,2026-06,
2026-07,OL1068,LS-CITY CENTRE BANGALORE 2,Lifestyle,Department Store,Bangalore,Karnataka,South,SKU41032,Face Wash Hazelnut 60Ml,Renee,Skincare,Cleanser,Others,Active,499,22,23,,2,1001,BGR South,3,3,,45,2,67.2,,
2026-07,OL1068,LS-CITY CENTRE BANGALORE 2,Lifestyle,Department Store,Bangalore,Karnataka,South,SKU41129,Face Wash Vanilla 40Ml,Renee,Skincare,Cleanser,Others,Active,299,10,9,,4,1200,BGR South,5,3,,45,2,67.2,,
2026-07,OL1068,LS-CITY CENTRE BANGALORE 2,Lifestyle,Department Store,Bangalore,Karnataka,South,SKU41536,Body Mist Nude 100Ml,Renee,Fragrance,Body Mist,Top 25,Active,349,8,9,,2,700,BGR South,4,3,,55,2,67.2,,
2026-07,OL1068,LS-CITY CENTRE BANGALORE 2,Lifestyle,Department Store,Bangalore,Karnataka,South,SKU41608,Hair Oil Berry 100Ml,Renee,Haircare,Hair Oil,Others,Active,449,6,9,,2,901,BGR South,5,5,,35,2,67.2,,
2026-07,OL1069,LS-FORUM KOLKATA 3,Lifestyle,Department Store,Kolkata,West Bengal,East,SKU40108,Matte Lip Color Peach 4.2Ml,Renee,Makeup,Lipstick,Top 10,Active,650,7,6,,4,3053,BGR East,5,3,,50,3,59.5,,
2026-07,OL1069,LS-FORUM KOLKATA 3,Lifestyle,Department Store,Kolkata,West Bengal,East,SKU40127,Matte Lip Color Coral 4.2Ml,Renee,Makeup,Lipstick,Top 25,Active,499,18,19,,4,2344,BGR East,5,5,,50,3,59.5,,
2026-07,OL1069,LS-FORUM KOLKATA 3,Lifestyle,Department Store,Kolkata,West Bengal,East,SKU40266,Liquid Lipstick Nude 5Ml,Renee,Makeup,Lipstick,Top 10,Active,799,64,64,,2,1876,BGR East,3,2,,50,3,59.5,,
2026-07,OL1069,LS-FORUM KOLKATA 3,Lifestyle,Department Store,Kolkata,West Bengal,East,SKU40425,Kajal Vanilla 0.35Gm,Renee,Makeup,Eyeliner,Top 25,Active,299,2,0,,8,2809,BGR East,12,11,,50,3,59.5,,
2026-07,OL1069,LS-FORUM KOLKATA 3,Lifestyle,Department Store,Kolkata,West Bengal,East,SKU40588,Bb Cream Coral 30Ml,Renee,Makeup,Foundation,Top 10,Active,349,0,6,,6,2459,BGR East,13,12,,50,3,59.5,,
2026-07,OL1069,LS-FORUM KOLKATA 3,Lifestyle,Department Store,Kolkata,West Bengal,East,SKU40662,Compact Powder Nude 9Gm,Renee,Makeup,Foundation,Top 25,Active,1199,19,23,,3,4223,BGR East,8,7,,50,3,59.5,,
2026-07,OL1069,LS-FORUM KOLKATA 3,Lifestyle,Department Store,Kolkata,West Bengal,East,SKU40812,Blending Brush R1,Renee,Makeup,Brushes,Top 10,Active,599,6,12,,12,8440,BGR East,19,18,,50,3,59.5,2025-09,
2026-07,OL1069,LS-FORUM KOLKATA 3,Lifestyle,Department Store,Kolkata,West Bengal,East,SKU40850,Powder Brush R8,Renee,Makeup,Brushes,Top 25,Active,650,1,3,,4,3053,BGR East,6,6,,50,3,59.5,,
2026-07,OL1069,LS-FORUM KOLKATA 3,Lifestyle,Department Store,Kolkata,West Bengal,East,SKU40928,Powder Brush R4,Renee,Makeup,Brushes,Top 25,Active,650,11,12,,1,763,BGR East,3,2,,50,3,59.5,,
2026-07,OL1069,LS-FORUM KOLKATA 3,Lifestyle,Department Store,Kolkata,West Bengal,East,SKU40972,Sunscreen Gel Spf 50 70Ml,Renee,Skincare,Sunscreen,Top 25,Active,599,0,0,,2,1407,BGR East,3,2,,45,3,59.5,,
2026-07,OL1069,LS-FORUM KOLKATA 3,Lifestyle,Department Store,Kolkata,West Bengal,East,SKU41032,Face Wash Hazelnut 60Ml,Renee,Skincare,Cleanser,Others,Active,499,3,6,,3,1758,BGR East,6,6,,45,3,59.5,,
2026-07,OL1069,LS-FORUM KOLKATA 3,Lifestyle,Department Store,Kolkata,West Bengal,East,SKU41382,Perfume Peach 50Ml,Renee,Fragrance,EDP,Top 25,Active,499,9,9,,3,1758,BGR East,3,3,,55,3,59.5,2025-08,
2026-07,OL1069,LS-FORUM KOLKATA 3,Lifestyle,Department Store,Kolkata,West Bengal,East,SKU41476,Body Mist Mocha 100Ml,Renee,Fragrance,Body Mist,Top 10,Active,799,49,50,,6,5629,BGR East,7,7,,55,3,59.5,,
2026-07,OL1069,LS-FORUM KOLKATA 3,Lifestyle,Department Store,Kolkata,West Bengal,East,SKU41608,Hair Oil Berry 100Ml,Renee,Haircare,Hair Oil,Others,Active,449,20,21,,4,2109,BGR East,5,5,,35,3,59.5,,
2026-07,OL1070,LS-INORBIT AHMEDABAD 4,Lifestyle,Department Store,Ahmedabad,Gujarat,West,SKU40078,Matte Lip Color Rose 4.2Ml,Renee,Makeup,Lipstick,Top 25,Active,650,24,24,,0,0,BGR West,1,0,,50,3,48.9,,
2026-07,OL1070,LS-INORBIT AHMEDABAD 4,Lifestyle,Department Store,Ahmedabad,Gujarat,West,SKU40108,Matte Lip Color Peach 4.2Ml,Renee,Makeup,Lipstick,Top 10,Active,650,20,18,,3,2184,BGR West,2,1,,50,3,48.9,,
2026-07,OL1070,LS-INORBIT AHMEDABAD 4,Lifestyle,Department Store,Ahmedabad,Gujarat,West,SKU40127,Matte Lip Color Coral 4.2Ml,Renee,Makeup,Lipstick,Top 25,Active,499,9,23,,4,2235,BGR West,7,4,,50,3,48.9,,
2026-07,OL1070,LS-INORBIT AHMEDABAD 4,Lifestyle,Department Store,Ahmedabad,Gujarat,West,SKU40202,Liquid Lipstick Mocha 5Ml,Renee,Makeup,Lipstick,Top 25,Active,799,9,9,,1,895,BGR West,1,1,,50,3,48.9,2025-11,
2026-07,OL1070,LS-INORBIT AHMEDABAD 4,Lifestyle,Department Store,Ahmedabad,Gujarat,West,SKU40266,Liquid Lipstick Nude 5Ml,Renee,Makeup,Lipstick,Top 10,Active,799,36,42,,6,5368,BGR West,12,12,,50,3,48.9,,
2026-07,OL1070,LS-INORBIT AHMEDABAD 4,Lifestyle,Department Store,Ahmedabad,Gujarat,West,SKU40281,Midnight Eyeliner Berry 2.5Ml,Renee,Makeup,Eyeliner,Others,Active,299,14,15,,4,1339,BGR West,5,5,,50,3,48.9,,
2026-07,OL1070,LS-INORBIT AHMEDABAD 4,Lifestyle,Department Store,Ahmedabad,Gujarat,West,SKU40318,Midnight Eyeliner Hazelnut 2.5Ml,Renee,Makeup,Eyeliner,Others,Active,650,6,7,,2,1456,BGR West,4,3,,50,3,48.9,,
2026-07,OL1070,LS-INORBIT AHMEDABAD 4,Lifestyle,Department Store,Ahmedabad,Gujarat,West,SKU40381,Midnight Eyeliner Ocean 2.5Ml,Renee,Makeup,Eyeliner,Top 25,Active,699,26,28,,4,3131,BGR West,7,6,,50,3,48.9,,
2026-07,OL1070,LS-INORBIT AHMEDABAD 4,Lifestyle,Department Store,Ahmedabad,Gujarat,West,SKU40425,Kajal Vanilla 0.35Gm,Renee,Makeup,Eyeliner,Top 25,Active,299,0,2,,4,1339,BGR West,6,6,,50,3,48.9,,
2026-07,OL1070,LS-INORBIT AHMEDABAD 4,Lifestyle,Department Store,Ahmedabad,Gujarat,West,SKU40529,Kajal Rose 0.35Gm,Renee,Makeup,Eyeliner,Others,Active,449,8,0,,2,1006,BGR West,5,3,,50,3,48.9,2026-03,
2026-07,OL1070,LS-INORBIT AHMEDABAD 4,Lifestyle,Department Store,Ahmedabad,Gujarat,West,SKU40662,Compact Powder Nude 9Gm,Renee,Makeup,Foundation,Top 25,Active,1199,17,0,,3,4028,BGR West,3,2,,50,3,48.9,,
2026-07,OL1070,LS-INORBIT AHMEDABAD 4,Lifestyle,Department Store,Ahmedabad,Gujarat,West,SKU40722,Compact Powder Berry 9Gm,Renee,Makeup,Foundation,Top 10,Active,799,26,25,,3,2684,BGR West,3,2,,50,3,48.9,,
2026-07,OL1070,LS-INORBIT AHMEDABAD 4,Lifestyle,Department Store,Ahmedabad,Gujarat,West,SKU40812,Blending Brush R1,Renee,Makeup,Brushes,Top 10,Active,599,3,10,,8,5366,BGR West,15,15,,50,3,48.9,2025-09,
2026-07,OL1070,LS-INORBIT AHMEDABAD 4,Lifestyle,Department Store,Ahmedabad,Gujarat,West,SKU40836,Blending Brush R4,Renee,Makeup,Brushes,Top 10,Active,1199,16,21,,6,8056,BGR West,14,11,,50,3,48.9,,
2026-07,OL1070,LS-INORBIT AHMEDABAD 4,Lifestyle,Department Store,Ahmedabad,Gujarat,West,SKU40850,Powder Brush R8,Renee,Makeup,Brushes,Top 25,Active,650,8,8,,5,3639,BGR West,6,5,,50,3,48.9,,
2026-07,OL1070,LS-INORBIT AHMEDABAD 4,Lifestyle,Department Store,Ahmedabad,Gujarat,West,SKU40972,Sunscreen Gel Spf 50 70Ml,Renee,Skincare,Sunscreen,Top 25,Active,599,8,10,,3,2012,BGR West,6,5,,45,3,48.9,,
2026-07,OL1070,LS-INORBIT AHMEDABAD 4,Lifestyle,Department Store,Ahmedabad,Gujarat,West,SKU40979,Sunscreen Gel Spf 50 50Ml,Renee,Skincare,Sunscreen,Top 25,Active,799,9,11,,4,3579,BGR West,7,6,,45,3,48.9,,
2026-07,OL1070,LS-INORBIT AHMEDABAD 4,Lifestyle,Department Store,Ahmedabad,Gujarat,West,SKU41012,Vitamin C Serum 30Ml,Renee,Skincare,Serum,Others,Active,599,0,2,,9,6037,BGR West,11,11,,45,3,48.9,2026-06,
2026-07,OL1070,LS-INORBIT AHMEDABAD 4,Lifestyle,Department Store,Ahmedabad,Gujarat,West,SKU41048,Face Wash Ocean 20Ml,Renee,Skincare,Cleanser,Others,Active,349,50,52,,3,1172,BGR West,6,5,,45,3,48.9,,
2026-07,OL1070,LS-INORBIT AHMEDABAD 4,Lifestyle,Department Store,Ahmedabad,Gujarat,West,SKU41215,Perfume Midnight 50Ml,Renee,Fragrance,EDP,Others,Active,399,13,14,,0,0,BGR West,2,1,,55,3,48.9,,
2026-07,OL1070,LS-INORBIT AHMEDABAD 4,Lifestyle,Department Store,Ahmedabad,Gujarat,West,SKU41295,Perfume Rose 50Ml,Renee,Fragrance,EDP,Top 25,Active,599,8,8,,4,2683,BGR West,5,4,,55,3,48.9,,
2026-07,OL1070,LS-INORBIT AHMEDABAD 4,Lifestyle,Department Store,Ahmedabad,Gujarat,West,SKU41420,Body Mist Coral 100Ml,Renee,Fragrance,Body Mist,Top 25,Active,399,10,9,,3,1340,BGR West,3,2,,55,3,48.9,,
2026-07,OL1070,LS-INORBIT AHMEDABAD 4,Lifestyle,Department Store,Ahmedabad,Gujarat,West,SKU41536,Body Mist Nude 100Ml,Renee,Fragrance,Body Mist,Top 25,Active,349,9,12,,4,1563,BGR West,7,7,,55,3,48.9,,
2026-07,OL1070,LS-INORBIT AHMEDABAD 4,Lifestyle,Department Store,Ahmedabad,Gujarat,West,SKU41608,Hair Oil Berry 100Ml,Renee,Haircare,Hair Oil,Others,Active,449,0,0,,3,1508,BGR West,5,3,,35,3,48.9,,
2026-07,OL1071,LS-NEXUS KOCHI 5,Lifestyle,Department Store,Kochi,Kerala,South,SKU40078,Matte Lip Color Rose 4.2Ml,Renee,Makeup,Lipstick,Top 25,Active,650,2,0,,4,2782,BGR South,9,9,,50,1,60.5,,
2026-07,OL1071,LS-NEXUS KOCHI 5,Lifestyle,Department Store,Kochi,Kerala,South,SKU40108,Matte Lip Color Peach 4.2Ml,Renee,Makeup,Lipstick,Top 10,Active,650,24,27,,3,2087,BGR South,6,6,,50,1,60.5,,
2026-07,OL1071,LS-NEXUS KOCHI 5,Lifestyle,Department Store,Kochi,Kerala,South,SKU40318,Midnight Eyeliner Hazelnut 2.5Ml,Renee,Makeup,Eyeliner,Others,Active,650,6,6,,3,2087,BGR South,4,3,,50,1,60.5,,
2026-07,OL1071,LS-NEXUS KOCHI 5,Lifestyle,Department Store,Kochi,Kerala,South,SKU40425,Kajal Vanilla 0.35Gm,Renee,Makeup,Eyeliner,Top 25,Active,299,11,13,,4,1280,BGR South,9,6,,50,1,60.5,,
2026-07,OL1071,LS-NEXUS KOCHI 5,Lifestyle,Department Store,Kochi,Kerala,South,SKU40763,Blending Brush R6,Renee,Makeup,Brushes,Others,Active,349,23,27,,4,1494,BGR South,8,8,,50,1,60.5,,
2026-07,OL1071,LS-NEXUS KOCHI 5,Lifestyle,Department Store,Kochi,Kerala,South,SKU40812,Blending Brush R1,Renee,Makeup,Brushes,Top 10,Active,599,0,2,,4,2564,BGR South,6,6,,50,1,60.5,2025-09,
2026-07,OL1071,LS-NEXUS KOCHI 5,Lifestyle,Department Store,Kochi,Kerala,South,SKU40850,Powder Brush R8,Renee,Makeup,Brushes,Top 25,Active,650,12,0,,4,2782,BGR South,4,4,,50,1,60.5,,
2026-07,OL1071,LS-NEXUS KOCHI 5,Lifestyle,Department Store,Kochi,Kerala,South,SKU41048,Face Wash Ocean 20Ml,Renee,Skincare,Cleanser,Others,Active,349,9,9,,3,1120,BGR South,4,3,,45,1,60.5,,
2026-07,OL1071,LS-NEXUS KOCHI 5,Lifestyle,Department Store,Kochi,Kerala,South,SKU41215,Perfume Midnight 50Ml,Renee,Fragrance,EDP,Others,Active,399,5,5,,2,854,BGR South,3,2,,55,1,60.5,,
2026-07,OL1071,LS-NEXUS KOCHI 5,Lifestyle,Department Store,Kochi,Kerala,South,SKU41295,Perfume Rose 50Ml,Renee,Fragrance,EDP,Top 25,Active,599,26,29,,4,2564,BGR South,7,7,,55,1,60.5,,
2026-07,OL1071,LS-NEXUS KOCHI 5,Lifestyle,Department Store,Kochi,Kerala,South,SKU41420,Body Mist Coral 100Ml,Renee,Fragrance,Body Mist,Top 25,Active,399,9,10,,4,1708,BGR South,5,5,,55,1,60.5,,
2026-07,OL1071,LS-NEXUS KOCHI 5,Lifestyle,Department Store,Kochi,Kerala,South,SKU41476,Body Mist Mocha 100Ml,Renee,Fragrance,Body Mist,Top 10,Active,799,7,9,,4,3420,BGR South,6,6,,55,1,60.5,,
2026-07,OL1072,LS-EXPRESS BANGALORE 6,Lifestyle,Department Store,Bangalore,Karnataka,South,SKU40078,Matte Lip Color Rose 4.2Ml,Renee,Makeup,Lipstick,Top 25,Active,650,11,15,,4,2505,BGR South,9,8,,50,3,59.1,,
2026-07,OL1072,LS-EXPRESS BANGALORE 6,Lifestyle,Department Store,Bangalore,Karnataka,South,SKU40127,Matte Lip Color Coral 4.2Ml,Renee,Makeup,Lipstick,Top 25,Active,499,30,31,,4,1923,BGR South,6,5,,50,3,59.1,,
2026-07,OL1072,LS-EXPRESS BANGALORE 6,Lifestyle,Department Store,Bangalore,Karnataka,South,SKU40266,Liquid Lipstick Nude 5Ml,Renee,Makeup,Lipstick,Top 10,Active,799,1,3,,8,6158,BGR South,13,10,,50,3,59.1,,
2026-07,OL1072,LS-EXPRESS BANGALORE 6,Lifestyle,Department Store,Bangalore,Karnataka,South,SKU40281,Midnight Eyeliner Berry 2.5Ml,Renee,Makeup,Eyeliner,Others,Active,299,4,6,,3,864,BGR South,5,5,,50,3,59.1,,
2026-07,OL1072,LS-EXPRESS BANGALORE 6,Lifestyle,Department Store,Bangalore,Karnataka,South,SKU40529,Kajal Rose 0.35Gm,Renee,Makeup,Eyeliner,Others,Active,449,4,4,,4,1730,BGR South,6,4,,50,3,59.1,2026-03,
2026-07,OL1072,LS-EXPRESS BANGALORE 6,Lifestyle,Department Store,Bangalore,Karnataka,South,SKU40544,Bb Cream Peach 30Ml,Renee,Makeup,Foundation,Top 10,Active,599,23,30,,8,4617,BGR South,17,15,,50,3,59.1,,
2026-07,OL1072,LS-EXPRESS BANGALORE 6,Lifestyle,Department Store,Bangalore,Karnataka,South,SKU40588,Bb Cream Coral 30Ml,Renee,Makeup,Foundation,Top 10,Active,349,0,0,,15,5043,BGR South,19,13,,50,3,59.1,,
2026-07,OL1072,LS-EXPRESS BANGALORE 6,Lifestyle,Department Store,Bangalore,Karnataka,South,SKU40595,Compact Powder Mocha 9Gm,Renee,Makeup,Foundation,Top 10,Active,449,80,83,,15,6488,BGR South,26,18,,50,3,59.1,,
2026-07,OL1072,LS-EXPRESS BANGALORE 6,Lifestyle,Department Store,Bangalore,Karnataka,South,SKU40763,Blending Brush R6,Renee,Makeup,Brushes,Others,Active,349,0,1,,2,672,BGR South,4,3,,50,3,59.1,,
2026-07,OL1072,LS-EXPRESS BANGALORE 6,Lifestyle,Department Store,Bangalore,Karnataka,South,SKU40812,Blending Brush R1,Renee,Makeup,Brushes,Top 10,Active,599,35,39,,6,3462,BGR South,10,10,,50,3,59.1,2025-09,
2026-07,OL1072,LS-EXPRESS BANGALORE 6,Lifestyle,Department Store,Bangalore,Karnataka,South,SKU40850,Powder Brush R8,Renee,Makeup,Brushes,Top 25,Active,650,7,9,,5,3131,BGR South,8,7,,50,3,59.1,,
2026-07,OL1072,LS-EXPRESS BANGALORE 6,Lifestyle,Department Store,Bangalore,Karnataka,South,SKU40928,Powder Brush R4,Renee,Makeup,Brushes,Top 25,Active,650,16,25,,4,2505,BGR South,6,6,,50,3,59.1,,
2026-07,OL1072,LS-EXPRESS BANGALORE 6,Lifestyle,Department Store,Bangalore,Karnataka,South,SKU40951,Sunscreen Gel Spf 50 70Ml,Renee,Skincare,Sunscreen,Top 25,Active,999,7,8,,2,1925,BGR South,3,3,,45,3,59.1,,
2026-07,OL1072,LS-EXPRESS BANGALORE 6,Lifestyle,Department Store,Bangalore,Karnataka,South,SKU40979,Sunscreen Gel Spf 50 50Ml,Renee,Skincare,Sunscreen,Top 25,Active,799,14,17,,4,3079,BGR South,8,7,,45,3,59.1,,
2026-07,OL1072,LS-EXPRESS BANGALORE 6,Lifestyle,Department Store,Bangalore,Karnataka,South,SKU41024,Vitamin C Serum 30Ml,Renee,Skincare,Serum,Others,Active,449,8,7,,2,865,BGR South,2,1,,45,3,59.1,,
2026-07,OL1072,LS-EXPRESS BANGALORE 6,Lifestyle,Department Store,Bangalore,Karnataka,South,SKU41032,Face Wash Hazelnut 60Ml,Renee,Skincare,Cleanser,Others,Active,499,15,18,,2,961,BGR South,5,5,,45,3,59.1,,
2026-07,OL1072,LS-EXPRESS BANGALORE 6,Lifestyle,Department Store,Bangalore,Karnataka,South,SKU41215,Perfume Midnight 50Ml,Renee,Fragrance,EDP,Others,Active,399,10,9,,1,384,BGR South,1,0,,55,3,59.1,,
2026-07,OL1072,LS-EXPRESS BANGALORE 6,Lifestyle,Department Store,Bangalore,Karnataka,South,SKU41295,Perfume Rose 50Ml,Renee,Fragrance,EDP,Top 25,Active,599,36,36,,4,2308,BGR South,6,4,,55,3,59.1,,
2026-07,OL1072,LS-EXPRESS BANGALORE 6,Lifestyle,Department Store,Bangalore,Karnataka,South,SKU41420,Body Mist Coral 100Ml,Renee,Fragrance,Body Mist,Top 25,Active,399,42,43,,4,1538,BGR South,8,5,,55,3,59.1,,
2026-07,OL1072,LS-EXPRESS BANGALORE 6,Lifestyle,Department Store,Bangalore,Karnataka,South,SKU41476,Body Mist Mocha 100Ml,Renee,Fragrance,Body Mist,Top 10,Active,799,11,12,,7,5388,BGR South,8,8,,55,3,59.1,,
2026-07,OL1072,LS-EXPRESS BANGALORE 6,Lifestyle,Department Store,Bangalore,Karnataka,South,SKU41536,Body Mist Nude 100Ml,Renee,Fragrance,Body Mist,Top 25,Active,349,27,30,,3,1009,BGR South,7,6,,55,3,59.1,,
2026-07,OL1073,LS-INORBIT JAIPUR 7,Lifestyle,Department Store,Jaipur,Rajasthan,North,SKU40078,Matte Lip Color Rose 4.2Ml,Renee,Makeup,Lipstick,Top 25,Active,650,0,0,,2,1260,BGR North,2,2,,50,4,73.5,,
2026-07,OL1073,LS-INORBIT JAIPUR 7,Lifestyle,Department Store,Jaipur,Rajasthan,North,SKU40108,Matte Lip Color Peach 4.2Ml,Renee,Makeup,Lipstick,Top 10,Active,650,24,23,,3,1890,BGR North,3,2,,50,4,73.5,,
2026-07,OL1073,LS-INORBIT JAIPUR 7,Lifestyle,Department Store,Jaipur,Rajasthan,North,SKU40127,Matte Lip Color Coral 4.2Ml,Renee,Makeup,Lipstick,Top 25,Active,499,1,2,,3,1451,BGR North,4,4,,50,4,73.5,,
2026-07,OL1073,LS-INORBIT JAIPUR 7,Lifestyle,Department Store,Jaipur,Rajasthan,North,SKU40202,Liquid Lipstick Mocha 5Ml,Renee,Makeup,Lipstick,Top 25,Active,799,28,28,,1,774,BGR North,1,1,,50,4,73.5,2025-11,
2026-07,OL1073,LS-INORBIT JAIPUR 7,Lifestyle,Department Store,Jaipur,Rajasthan,North,SKU40266,Liquid Lipstick Nude 5Ml,Renee,Makeup,Lipstick,Top 10,Active,799,0,4,,6,4647,BGR North,12,10,,50,4,73.5,,
2026-07,OL1073,LS-INORBIT JAIPUR 7,Lifestyle,Department Store,Jaipur,Rajasthan,North,SKU40381,Midnight Eyeliner Ocean 2.5Ml,Renee,Makeup,Eyeliner,Top 25,Active,699,8,8,,3,2033,BGR North,4,3,,50,4,73.5,,
2026-07,OL1073,LS-INORBIT JAIPUR 7,Lifestyle,Department Store,Jaipur,Rajasthan,North,SKU40425,Kajal Vanilla 0.35Gm,Renee,Makeup,Eyeliner,Top 25,Active,299,25,27,,3,869,BGR North,6,5,,50,4,73.5,,
2026-07,OL1073,LS-INORBIT JAIPUR 7,Lifestyle,Department Store,Jaipur,Rajasthan,North,SKU40529,Kajal Rose 0.35Gm,Renee,Makeup,Eyeliner,Others,Active,449,0,3,,4,1741,BGR North,9,7,,50,4,73.5,2026-03,
2026-07,OL1073,LS-INORBIT JAIPUR 7,Lifestyle,Department Store,Jaipur,Rajasthan,North,SKU40662,Compact Powder Nude 9Gm,Renee,Makeup,Foundation,Top 25,Active,1199,2,2,,1,1162,BGR North,2,1,,50,4,73.5,,
2026-07,OL1073,LS-INORBIT JAIPUR 7,Lifestyle,Department Store,Jaipur,Rajasthan,North,SKU40763,Blending Brush R6,Renee,Makeup,Brushes,Others,Active,349,17,22,,4,1353,BGR North,10,9,,50,4,73.5,,
2026-07,OL1073,LS-INORBIT JAIPUR 7,Lifestyle,Department Store,Jaipur,Rajasthan,North,SKU40836,Blending Brush R4,Renee,Makeup,Brushes,Top 10,Active,1199,4,6,,3,3487,BGR North,5,5,,50,4,73.5,,
2026-07,OL1073,LS-INORBIT JAIPUR 7,Lifestyle,Department Store,Jaipur,Rajasthan,North,SKU40850,Powder Brush R8,Renee,Makeup,Brushes,Top 25,Active,650,24,28,,3,1890,BGR North,7,7,,50,4,73.5,,
2026-07,OL1073,LS-INORBIT JAIPUR 7,Lifestyle,Department Store,Jaipur,Rajasthan,North,SKU40928,Powder Brush R4,Renee,Makeup,Brushes,Top 25,Active,650,31,0,,2,1260,BGR North,4,4,,50,4,73.5,,
2026-07,OL1073,LS-INORBIT JAIPUR 7,Lifestyle,Department Store,Jaipur,Rajasthan,North,SKU40972,Sunscreen Gel Spf 50 70Ml,Renee,Skincare,Sunscreen,Top 25,Active,599,6,6,,4,2322,BGR North,5,4,,45,4,73.5,,
2026-07,OL1073,LS-INORBIT JAIPUR 7,Lifestyle,Department Store,Jaipur,Rajasthan,North,SKU41012,Vitamin C Serum 30Ml,Renee,Skincare,Serum,Others,Active,599,6,5,,3,1742,BGR North,4,2,,45,4,73.5,2026-06,
2026-07,OL1073,LS-INORBIT JAIPUR 7,Lifestyle,Department Store,Jaipur,Rajasthan,North,SKU41032,Face Wash Hazelnut 60Ml,Renee,Skincare,Cleanser,Others,Active,499,19,21,,2,967,BGR North,5,4,,45,4,73.5,,
2026-07,OL1073,LS-INORBIT JAIPUR 7,Lifestyle,Department Store,Jaipur,Rajasthan,North,SKU41129,Face Wash Vanilla 40Ml,Renee,Skincare,Cleanser,Others,Active,299,11,11,,1,290,BGR North,2,1,,45,4,73.5,,
2026-07,OL1073,LS-INORBIT JAIPUR 7,Lifestyle,Department Store,Jaipur,Rajasthan,North,SKU41420,Body Mist Coral 100Ml,Renee,Fragrance,Body Mist,Top 25,Active,399,6,7,,4,1547,BGR North,8,5,,55,4,73.5,,
2026-07,OL1073,LS-INORBIT JAIPUR 7,Lifestyle,Department Store,Jaipur,Rajasthan,North,SKU41476,Body Mist Mocha 100Ml,Renee,Fragrance,Body Mist,Top 10,Active,799,64,68,,5,3872,BGR North,9,9,,55,4,73.5,,
2026-07,OL1073,LS-INORBIT JAIPUR 7,Lifestyle,Department Store,Jaipur,Rajasthan,North,SKU41536,Body Mist Nude 100Ml,Renee,Fragrance,Body Mist,Top 25,Active,349,1,1,,3,1015,BGR North,5,3,,55,4,73.5,,
2026-07,OL1073,LS-INORBIT JAIPUR 7,Lifestyle,Department Store,Jaipur,Rajasthan,North,SKU41647,Hair Oil Hazelnut 100Ml,Renee,Haircare,Hair Oil,Others,Active,799,14,15,,2,1549,BGR North,4,3,,35,4,73.5,,
2026-07,OL1074,LS-GALLERIA NOIDA 8,Lifestyle,Department Store,Noida,Uttar Pradesh,North,SKU40078,Matte Lip Color Rose 4.2Ml,Renee,Makeup,Lipstick,Top 25,Active,650,11,19,,6,4209,BGR North,14,14,,50,3,56.1,,
2026-07,OL1074,LS-GALLERIA NOIDA 8,Lifestyle,Department Store,Noida,Uttar Pradesh,North,SKU40108,Matte Lip Color Peach 4.2Ml,Renee,Makeup,Lipstick,Top 10,Active,650,20,24,,6,4209,BGR North,12,10,,50,3,56.1,,
2026-07,OL1074,LS-GALLERIA NOIDA 8,Lifestyle,Department Store,Noida,Uttar Pradesh,North,SKU40127,Matte Lip Color Coral 4.2Ml,Renee,Makeup,Lipstick,Top 25,Active,499,13,15,,3,1615,BGR North,5,5,,50,3,56.1,,
2026-07,OL1074,LS-GALLERIA NOIDA 8,Lifestyle,Department Store,Noida,Uttar Pradesh,North,SKU40281,Midnight Eyeliner Berry 2.5Ml,Renee,Makeup,Eyeliner,Others,Active,299,20,25,,4,1291,BGR North,10,9,,50,3,56.1,,
2026-07,OL1074,LS-GALLERIA NOIDA 8,Lifestyle,Department Store,Noida,Uttar Pradesh,North,SKU40318,Midnight Eyeliner Hazelnut 2.5Ml,Renee,Makeup,Eyeliner,Others,Active,650,6,7,,3,2104,BGR North,7,4,,50,3,56.1,,
2026-07,OL1074,LS-GALLERIA NOIDA 8,Lifestyle,Department Store,Noida,Uttar Pradesh,North,SKU40425,Kajal Vanilla 0.35Gm,Renee,Makeup,Eyeliner,Top 25,Active,299,111,111,,8,2581,BGR North,10,8,,50,3,56.1,,
2026-07,OL1074,LS-GALLERIA NOIDA 8,Lifestyle,Department Store,Noida,Uttar Pradesh,North,SKU40544,Bb Cream Peach 30Ml,Renee,Makeup,Foundation,Top 10,Active,599,30,31,,10,6464,BGR North,17,11,,50,3,56.1,,
2026-07,OL1074,LS-GALLERIA NOIDA 8,Lifestyle,Department Store,Noida,Uttar Pradesh,North,SKU40588,Bb Cream Coral 30Ml,Renee,Makeup,Foundation,Top 10,Active,349,117,118,,6,2260,BGR North,8,7,,50,3,56.1,,
2026-07,OL1074,LS-GALLERIA NOIDA 8,Lifestyle,Department Store,Noida,Uttar Pradesh,North,SKU40722,Compact Powder Berry 9Gm,Renee,Makeup,Foundation,Top 10,Active,799,25,23,,4,3449,BGR North,3,2,,50,3,56.1,,
2026-07,OL1074,LS-GALLERIA NOIDA 8,Lifestyle,Department Store,Noida,Uttar Pradesh,North,SKU40763,Blending Brush R6,Renee,Makeup,Brushes,Others,Active,349,11,12,,4,1506,BGR North,7,5,,50,3,56.1,,
2026-07,OL1074,LS-GALLERIA NOIDA 8,Lifestyle,Department Store,Noida,Uttar Pradesh,North,SKU40836,Blending Brush R4,Renee,Makeup,Brushes,Top 10,Active,1199,13,15,,4,5175,BGR North,7,6,,50,3,56.1,,
2026-07,OL1074,LS-GALLERIA NOIDA 8,Lifestyle,Department Store,Noida,Uttar Pradesh,North,SKU40928,Powder Brush R4,Renee,Makeup,Brushes,Top 25,Active,650,9,10,,4,2806,BGR North,6,5,,50,3,56.1,,
2026-07,OL1074,LS-GALLERIA NOIDA 8,Lifestyle,Department Store,Noida,Uttar Pradesh,North,SKU40951,Sunscreen Gel Spf 50 70Ml,Renee,Skincare,Sunscreen,Top 25,Active,999,9,7,,3,3234,BGR North,2,1,,45,3,56.1,,
2026-07,OL1074,LS-GALLERIA NOIDA 8,Lifestyle,Department Store,Noida,Uttar Pradesh,North,SKU40972,Sunscreen Gel Spf 50 70Ml,Renee,Skincare,Sunscreen,Top 25,Active,599,28,0,,2,1293,BGR North,3,2,,45,3,56.1,,
2026-07,OL1074,LS-GALLERIA NOIDA 8,Lifestyle,Department Store,Noida,Uttar Pradesh,North,SKU41012,Vitamin C Serum 30Ml,Renee,Skincare,Serum,Others,Active,599,9,11,,3,1939,BGR North,5,5,,45,3,56.1,2026-06,
2026-07,OL1074,LS-GALLERIA NOIDA 8,Lifestyle,Department Store,Noida,Uttar Pradesh,North,SKU41048,Face Wash Ocean 20Ml,Renee,Skincare,Cleanser,Others,Active,349,18,19,,4,1506,BGR North,6,5,,45,3,56.1,,
2026-07,OL1074,LS-GALLERIA NOIDA 8,Lifestyle,Department Store,Noida,Uttar Pradesh,North,SKU41129,Face Wash Vanilla 40Ml,Renee,Skincare,Cleanser,Others,Active,299,14,14,,2,645,BGR North,3,2,,45,3,56.1,,
2026-07,OL1074,LS-GALLERIA NOIDA 8,Lifestyle,Department Store,Noida,Uttar Pradesh,North,SKU41215,Perfume Midnight 50Ml,Renee,Fragrance,EDP,Others,Active,399,24,23,,1,431,BGR North,1,0,,55,3,56.1,,
2026-07,OL1074,LS-GALLERIA NOIDA 8,Lifestyle,Department Store,Noida,Uttar Pradesh,North,SKU41295,Perfume Rose 50Ml,Renee,Fragrance,EDP,Top 25,Active,599,32,40,,8,5171,BGR North,16,16,,55,3,56.1,,
2026-07,OL1074,LS-GALLERIA NOIDA 8,Lifestyle,Department Store,Noida,Uttar Pradesh,North,SKU41382,Perfume Peach 50Ml,Renee,Fragrance,EDP,Top 25,Active,499,4,6,,3,1615,BGR North,6,5,,55,3,56.1,2025-08,
2026-07,OL1074,LS-GALLERIA NOIDA 8,Lifestyle,Department Store,Noida,Uttar Pradesh,North,SKU41420,Body Mist Coral 100Ml,Renee,Fragrance,Body Mist,Top 25,Active,399,21,18,,3,1292,BGR North,6,5,,55,3,56.1,,
2026-07,OL1074,LS-GALLERIA NOIDA 8,Lifestyle,Department Store,Noida,Uttar Pradesh,North,SKU41476,Body Mist Mocha 100Ml,Renee,Fragrance,Body Mist,Top 10,Active,799,76,77,,5,4311,BGR North,6,6,,55,3,56.1,,
2026-07,OL1075,LS-INORBIT NEW DELHI 9,Lifestyle,Department Store,New Delhi,Delhi,North,SKU40127,Matte Lip Color Coral 4.2Ml,Renee,Makeup,Lipstick,Top 25,Active,499,23,22,,3,1705,BGR North,3,2,,50,4,74.2,,
2026-07,OL1075,LS-INORBIT NEW DELHI 9,Lifestyle,Department Store,New Delhi,Delhi,North,SKU40281,Midnight Eyeliner Berry 2.5Ml,Renee,Makeup,Eyeliner,Others,Active,299,19,20,,4,1362,BGR North,5,5,,50,4,74.2,,
2026-07,OL1075,LS-INORBIT NEW DELHI 9,Lifestyle,Department Store,New Delhi,Delhi,North,SKU40381,Midnight Eyeliner Ocean 2.5Ml,Renee,Makeup,Eyeliner,Top 25,Active,699,22,23,,3,2389,BGR North,5,4,,50,4,74.2,,
2026-07,OL1075,LS-INORBIT NEW DELHI 9,Lifestyle,Department Store,New Delhi,Delhi,North,SKU40544,Bb Cream Peach 30Ml,Renee,Makeup,Foundation,Top 10,Active,599,32,33,,4,2729,BGR North,6,5,,50,4,74.2,,
2026-07,OL1075,LS-INORBIT NEW DELHI 9,Lifestyle,Department Store,New Delhi,Delhi,North,SKU40595,Compact Powder Mocha 9Gm,Renee,Makeup,Foundation,Top 10,Active,449,97,0,,4,2046,BGR North,3,3,,50,4,74.2,,
2026-07,OL1075,LS-INORBIT NEW DELHI 9,Lifestyle,Department Store,New Delhi,Delhi,North,SKU40662,Compact Powder Nude 9Gm,Renee,Makeup,Foundation,Top 25,Active,1199,0,0,,1,1366,BGR North,0,0,,50,4,74.2,,
2026-07,OL1075,LS-INORBIT NEW DELHI 9,Lifestyle,Department Store,New Delhi,Delhi,North,SKU40722,Compact Powder Berry 9Gm,Renee,Makeup,Foundation,Top 10,Active,799,17,14,,2,1820,BGR North,4,3,,50,4,74.2,,
2026-07,OL1075,LS-INORBIT NEW DELHI 9,Lifestyle,Department Store,New Delhi,Delhi,North,SKU40836,Blending Brush R4,Renee,Makeup,Brushes,Top 10,Active,1199,37,37,,5,6829,BGR North,8,5,,50,4,74.2,,
2026-07,OL1075,LS-INORBIT NEW DELHI 9,Lifestyle,Department Store,New Delhi,Delhi,North,SKU40850,Powder Brush R8,Renee,Makeup,Brushes,Top 25,Active,650,57,58,,4,2962,BGR North,7,5,,50,4,74.2,,
2026-07,OL1075,LS-INORBIT NEW DELHI 9,Lifestyle,Department Store,New Delhi,Delhi,North,SKU40928,Powder Brush R4,Renee,Makeup,Brushes,Top 25,Active,650,16,17,,4,2962,BGR North,7,5,,50,4,74.2,,
2026-07,OL1075,LS-INORBIT NEW DELHI 9,Lifestyle,Department Store,New Delhi,Delhi,North,SKU40972,Sunscreen Gel Spf 50 70Ml,Renee,Skincare,Sunscreen,Top 25,Active,599,29,0,,4,2729,BGR North,8,6,,45,4,74.2,,
2026-07,OL1075,LS-INORBIT NEW DELHI 9,Lifestyle,Department Store,New Delhi,Delhi,North,SKU41012,Vitamin C Serum 30Ml,Renee,Skincare,Serum,Others,Active,599,12,14,,6,4094,BGR North,8,8,,45,4,74.2,2026-06,
2026-07,OL1075,LS-INORBIT NEW DELHI 9,Lifestyle,Department Store,New Delhi,Delhi,North,SKU41024,Vitamin C Serum 30Ml,Renee,Skincare,Serum,Others,Active,449,27,29,,4,2046,BGR North,7,6,,45,4,74.2,,
2026-07,OL1075,LS-INORBIT NEW DELHI 9,Lifestyle,Department Store,New Delhi,Delhi,North,SKU41129,Face Wash Vanilla 40Ml,Renee,Skincare,Cleanser,Others,Active,299,8,8,,2,681,BGR North,3,2,,45,4,74.2,,
2026-07,OL1075,LS-INORBIT NEW DELHI 9,Lifestyle,Department Store,New Delhi,Delhi,North,SKU41420,Body Mist Coral 100Ml,Renee,Fragrance,Body Mist,Top 25,Active,399,19,19,,4,1818,BGR North,6,4,,55,4,74.2,,
2026-07,OL1075,LS-INORBIT NEW DELHI 9,Lifestyle,Department Store,New Delhi,Delhi,North,SKU41647,Hair Oil Hazelnut 100Ml,Renee,Haircare,Hair Oil,Others,Active,799,39,41,,2,1820,BGR North,6,4,,35,4,74.2,,
2026-07,OL1076,LS-SELECT JAIPUR 10,Lifestyle,Department Store,Jaipur,Rajasthan,North,SKU40108,Matte Lip Color Peach 4.2Ml,Renee,Makeup,Lipstick,Top 10,Active,650,53,57,,6,4027,BGR North,10,10,,50,2,53.8,,
2026-07,OL1076,LS-SELECT JAIPUR 10,Lifestyle,Department Store,Jaipur,Rajasthan,North,SKU40127,Matte Lip Color Coral 4.2Ml,Renee,Makeup,Lipstick,Top 25,Active,499,22,24,,3,1546,BGR North,5,5,,50,2,53.8,,
2026-07,OL1076,LS-SELECT JAIPUR 10,Lifestyle,Department Store,Jaipur,Rajasthan,North,SKU40281,Midnight Eyeliner Berry 2.5Ml,Renee,Makeup,Eyeliner,Others,Active,299,32,32,,3,926,BGR North,3,3,,50,2,53.8,,
2026-07,OL1076,LS-SELECT JAIPUR 10,Lifestyle,Department Store,Jaipur,Rajasthan,North,SKU40381,Midnight Eyeliner Ocean 2.5Ml,Renee,Makeup,Eyeliner,Top 25,Active,699,13,13,,3,2165,BGR North,5,3,,50,2,53.8,,
2026-07,OL1076,LS-SELECT JAIPUR 10,Lifestyle,Department Store,Jaipur,Rajasthan,North,SKU40425,Kajal Vanilla 0.35Gm,Renee,Makeup,Eyeliner,Top 25,Active,299,18,18,,4,1235,BGR North,6,4,,50,2,53.8,,
2026-07,OL1076,LS-SELECT JAIPUR 10,Lifestyle,Department Store,Jaipur,Rajasthan,North,SKU40588,Bb Cream Coral 30Ml,Renee,Makeup,Foundation,Top 10,Active,349,44,43,,9,3243,BGR North,10,8,,50,2,53.8,,
2026-07,OL1076,LS-SELECT JAIPUR 10,Lifestyle,Department Store,Jaipur,Rajasthan,North,SKU40662,Compact Powder Nude 9Gm,Renee,Makeup,Foundation,Top 25,Active,1199,19,20,,4,4952,BGR North,6,5,,50,2,53.8,,
2026-07,OL1076,LS-SELECT JAIPUR 10,Lifestyle,Department Store,Jaipur,Rajasthan,North,SKU40722,Compact Powder Berry 9Gm,Renee,Makeup,Foundation,Top 10,Active,799,23,25,,6,4950,BGR North,8,8,,50,2,53.8,,
2026-07,OL1076,LS-SELECT JAIPUR 10,Lifestyle,Department Store,Jaipur,Rajasthan,North,SKU40836,Blending Brush R4,Renee,Makeup,Brushes,Top 10,Active,1199,82,0,,8,9903,BGR North,11,11,,50,2,53.8,,
2026-07,OL1076,LS-SELECT JAIPUR 10,Lifestyle,Department Store,Jaipur,Rajasthan,North,SKU40951,Sunscreen Gel Spf 50 70Ml,Renee,Skincare,Sunscreen,Top 25,Active,999,4,15,,2,2063,BGR North,4,3,,45,2,53.8,,
2026-07,OL1076,LS-SELECT JAIPUR 10,Lifestyle,Department Store,Jaipur,Rajasthan,North,SKU40972,Sunscreen Gel Spf 50 70Ml,Renee,Skincare,Sunscreen,Top 25,Active,599,0,2,,2,1237,BGR North,4,4,,45,2,53.8,,
2026-07,OL1076,LS-SELECT JAIPUR 10,Lifestyle,Department Store,Jaipur,Rajasthan,North,SKU41024,Vitamin C Serum 30Ml,Renee,Skincare,Serum,Others,Active,449,2,2,,2,927,BGR North,3,2,,45,2,53.8,,
2026-07,OL1076,LS-SELECT JAIPUR 10,Lifestyle,Department Store,Jaipur,Rajasthan,North,SKU41048,Face Wash Ocean 20Ml,Renee,Skincare,Cleanser,Others,Active,349,21,22,,4,1441,BGR North,5,5,,45,2,53.8,,
2026-07,OL1076,LS-SELECT JAIPUR 10,Lifestyle,Department Store,Jaipur,Rajasthan,North,SKU41129,Face Wash Vanilla 40Ml,Renee,Skincare,Cleanser,Others,Active,299,0,2,,4,1235,BGR North,6,6,,45,2,53.8,,
2026-07,OL1076,LS-SELECT JAIPUR 10,Lifestyle,Department Store,Jaipur,Rajasthan,North,SKU41215,Perfume Midnight 50Ml,Renee,Fragrance,EDP,Others,Active,399,0,1,,1,412,BGR North,2,2,,55,2,53.8,,
2026-07,OL1076,LS-SELECT JAIPUR 10,Lifestyle,Department Store,Jaipur,Rajasthan,North,SKU41420,Body Mist Coral 100Ml,Renee,Fragrance,Body Mist,Top 25,Active,399,26,26,,4,1648,BGR North,7,4,,55,2,53.8,,
2026-07,OL1076,LS-SELECT JAIPUR 10,Lifestyle,Department Store,Jaipur,Rajasthan,North,SKU41476,Body Mist Mocha 100Ml,Renee,Fragrance,Body Mist,Top 10,Active,799,9,48,,8,6599,BGR North,14,13,,55,2,53.8,,
2026-07,OL1076,LS-SELECT JAIPUR 10,Lifestyle,Department Store,Jaipur,Rajasthan,North,SKU41608,Hair Oil Berry 100Ml,Renee,Haircare,Hair Oil,Others,Active,449,15,17,,2,927,BGR North,6,4,,35,2,53.8,,
2026-07,OL1076,LS-SELECT JAIPUR 10,Lifestyle,Department Store,Jaipur,Rajasthan,North,SKU41647,Hair Oil Hazelnut 100Ml,Renee,Haircare,Hair Oil,Others,Active,799,3,0,,4,3300,BGR North,8,7,,35,2,53.8,,
2026-07,OL1077,LS-PHOENIX LUCKNOW 11,Lifestyle,Department Store,Lucknow,Uttar Pradesh,North,SKU40078,Matte Lip Color Rose 4.2Ml,Renee,Makeup,Lipstick,Top 25,Active,650,20,20,,2,1400,BGR North,3,2,,50,2,73.4,,
2026-07,OL1077,LS-PHOENIX LUCKNOW 11,Lifestyle,Department Store,Lucknow,Uttar Pradesh,North,SKU40108,Matte Lip Color Peach 4.2Ml,Renee,Makeup,Lipstick,Top 10,Active,650,28,28,,3,2100,BGR North,4,3,,50,2,73.4,,
2026-07,OL1077,LS-PHOENIX LUCKNOW 11,Lifestyle,Department Store,Lucknow,Uttar Pradesh,North,SKU40127,Matte Lip Color Coral 4.2Ml,Renee,Makeup,Lipstick,Top 25,Active,499,0,0,,4,2149,BGR North,4,3,,50,2,73.4,,
2026-07,OL1077,LS-PHOENIX LUCKNOW 11,Lifestyle,Department Store,Lucknow,Uttar Pradesh,North,SKU40266,Liquid Lipstick Nude 5Ml,Renee,Makeup,Lipstick,Top 10,Active,799,21,22,,3,2581,BGR North,5,4,,50,2,73.4,,
2026-07,OL1077,LS-PHOENIX LUCKNOW 11,Lifestyle,Department Store,Lucknow,Uttar Pradesh,North,SKU40318,Midnight Eyeliner Hazelnut 2.5Ml,Renee,Makeup,Eyeliner,Others,Active,650,2,3,,4,2800,BGR North,5,5,,50,2,73.4,,
2026-07,OL1077,LS-PHOENIX LUCKNOW 11,Lifestyle,Department Store,Lucknow,Uttar Pradesh,North,SKU40425,Kajal Vanilla 0.35Gm,Renee,Makeup,Eyeliner,Top 25,Active,299,0,2,,2,644,BGR North,4,4,,50,2,73.4,,
2026-07,OL1077,LS-PHOENIX LUCKNOW 11,Lifestyle,Department Store,Lucknow,Uttar Pradesh,North,SKU40490,Kajal Midnight 0.35Gm,Renee,Makeup,Eyeliner,Top 10,Active,599,21,25,,4,2580,BGR North,6,4,,50,2,73.4,,
2026-07,OL1077,LS-PHOENIX LUCKNOW 11,Lifestyle,Department Store,Lucknow,Uttar Pradesh,North,SKU40529,Kajal Rose 0.35Gm,Renee,Makeup,Eyeliner,Others,Active,449,0,0,,0,0,BGR North,1,0,,50,2,73.4,2026-03,
2026-07,OL1077,LS-PHOENIX LUCKNOW 11,Lifestyle,Department Store,Lucknow,Uttar Pradesh,North,SKU40544,Bb Cream Peach 30Ml,Renee,Makeup,Foundation,Top 10,Active,599,26,27,,3,1935,BGR North,5,4,,50,2,73.4,,
2026-07,OL1077,LS-PHOENIX LUCKNOW 11,Lifestyle,Department Store,Lucknow,Uttar Pradesh,North,SKU40588,Bb Cream Coral 30Ml,Renee,Makeup,Foundation,Top 10,Active,349,14,16,,4,1503,BGR North,9,6,,50,2,73.4,,
2026-07,OL1077,LS-PHOENIX LUCKNOW 11,Lifestyle,Department Store,Lucknow,Uttar Pradesh,North,SKU40722,Compact Powder Berry 9Gm,Renee,Makeup,Foundation,Top 10,Active,799,23,6,,1,860,BGR North,3,3,,50,2,73.4,,
2026-07,OL1077,LS-PHOENIX LUCKNOW 11,Lifestyle,Department Store,Lucknow,Uttar Pradesh,North,SKU40836,Blending Brush R4,Renee,Makeup,Brushes,Top 10,Active,1199,26,29,,4,5164,BGR North,8,7,,50,2,73.4,,
2026-07,OL1077,LS-PHOENIX LUCKNOW 11,Lifestyle,Department Store,Lucknow,Uttar Pradesh,North,SKU40979,Sunscreen Gel Spf 50 50Ml,Renee,Skincare,Sunscreen,Top 25,Active,799,21,25,,4,3441,BGR North,8,8,,45,2,73.4,,
2026-07,OL1077,LS-PHOENIX LUCKNOW 11,Lifestyle,Department Store,Lucknow,Uttar Pradesh,North,SKU41129,Face Wash Vanilla 40Ml,Renee,Skincare,Cleanser,Others,Active,299,0,0,,1,322,BGR North,1,0,,45,2,73.4,,
2026-07,OL1077,LS-PHOENIX LUCKNOW 11,Lifestyle,Department Store,Lucknow,Uttar Pradesh,North,SKU41608,Hair Oil Berry 100Ml,Renee,Haircare,Hair Oil,Others,Active,449,6,4,,2,967,BGR North,1,0,,35,2,73.4,,
2026-07,OL1077,LS-PHOENIX LUCKNOW 11,Lifestyle,Department Store,Lucknow,Uttar Pradesh,North,SKU41647,Hair Oil Hazelnut 100Ml,Renee,Haircare,Hair Oil,Others,Active,799,0,0,,1,860,BGR North,2,1,,35,2,73.4,,
2026-07,OL1078,LS-GALLERIA BHUBANESWAR 12,Lifestyle,Department Store,Bhubaneswar,Odisha,East,SKU40078,Matte Lip Color Rose 4.2Ml,Renee,Makeup,Lipstick,Top 25,Active,650,4,3,,2,1326,BGR East,2,1,,50,3,49.1,,
2026-07,OL1078,LS-GALLERIA BHUBANESWAR 12,Lifestyle,Department Store,Bhubaneswar,Odisha,East,SKU40127,Matte Lip Color Coral 4.2Ml,Renee,Makeup,Lipstick,Top 25,Active,499,25,29,,4,2036,BGR East,8,8,,50,3,49.1,,
2026-07,OL1078,LS-GALLERIA BHUBANESWAR 12,Lifestyle,Department Store,Bhubaneswar,Odisha,East,SKU40202,Liquid Lipstick Mocha 5Ml,Renee,Makeup,Lipstick,Top 25,Active,799,14,17,,3,2445,BGR East,6,6,,50,3,49.1,2025-11,
2026-07,OL1078,LS-GALLERIA BHUBANESWAR 12,Lifestyle,Department Store,Bhubaneswar,Odisha,East,SKU40266,Liquid Lipstick Nude 5Ml,Renee,Makeup,Lipstick,Top 10,Active,799,13,15,,4,3260,BGR East,6,6,,50,3,49.1,,
2026-07,OL1078,LS-GALLERIA BHUBANESWAR 12,Lifestyle,Department Store,Bhubaneswar,Odisha,East,SKU40281,Midnight Eyeliner Berry 2.5Ml,Renee,Makeup,Eyeliner,Others,Active,299,25,26,,4,1220,BGR East,7,5,,50,3,49.1,,
2026-07,OL1078,LS-GALLERIA BHUBANESWAR 12,Lifestyle,Department Store,Bhubaneswar,Odisha,East,SKU40318,Midnight Eyeliner Hazelnut 2.5Ml,Renee,Makeup,Eyeliner,Others,Active,650,0,0,,2,1326,BGR East,2,1,,50,3,49.1,,
2026-07,OL1078,LS-GALLERIA BHUBANESWAR 12,Lifestyle,Department Store,Bhubaneswar,Odisha,East,SKU40381,Midnight Eyeliner Ocean 2.5Ml,Renee,Makeup,Eyeliner,Top 25,Active,699,8,7,,4,2852,BGR East,3,3,,50,3,49.1,,
2026-07,OL1078,LS-GALLERIA BHUBANESWAR 12,Lifestyle,Department Store,Bhubaneswar,Odisha,East,SKU40544,Bb Cream Peach 30Ml,Renee,Makeup,Foundation,Top 10,Active,599,0,3,,4,2444,BGR East,8,7,,50,3,49.1,,
2026-07,OL1078,LS-GALLERIA BHUBANESWAR 12,Lifestyle,Department Store,Bhubaneswar,Odisha,East,SKU40722,Compact Powder Berry 9Gm,Renee,Makeup,Foundation,Top 10,Active,799,34,37,,3,2445,BGR East,7,6,,50,3,49.1,,
2026-07,OL1078,LS-GALLERIA BHUBANESWAR 12,Lifestyle,Department Store,Bhubaneswar,Odisha,East,SKU40763,Blending Brush R6,Renee,Makeup,Brushes,Others,Active,349,15,15,,1,356,BGR East,2,1,,50,3,49.1,,
2026-07,OL1078,LS-GALLERIA BHUBANESWAR 12,Lifestyle,Department Store,Bhubaneswar,Odisha,East,SKU40812,Blending Brush R1,Renee,Makeup,Brushes,Top 10,Active,599,20,19,,4,2444,BGR East,4,3,,50,3,49.1,2025-09,
2026-07,OL1078,LS-GALLERIA BHUBANESWAR 12,Lifestyle,Department Store,Bhubaneswar,Odisha,East,SKU40928,Powder Brush R4,Renee,Makeup,Brushes,Top 25,Active,650,32,33,,2,1326,BGR East,5,3,,50,3,49.1,,
2026-07,OL1078,LS-GALLERIA BHUBANESWAR 12,Lifestyle,Department Store,Bhubaneswar,Odisha,East,SKU40951,Sunscreen Gel Spf 50 70Ml,Renee,Skincare,Sunscreen,Top 25,Active,999,5,6,,1,1019,BGR East,3,2,,45,3,49.1,,
2026-07,OL1078,LS-GALLERIA BHUBANESWAR 12,Lifestyle,Department Store,Bhubaneswar,Odisha,East,SKU41012,Vitamin C Serum 30Ml,Renee,Skincare,Serum,Others,Active,599,8,42,,5,3055,BGR East,4,3,,45,3,49.1,2026-06,
2026-07,OL1078,LS-GALLERIA BHUBANESWAR 12,Lifestyle,Department Store,Bhubaneswar,Odisha,East,SKU41129,Face Wash Vanilla 40Ml,Renee,Skincare,Cleanser,Others,Active,299,4,5,,1,305,BGR East,3,2,,45,3,49.1,,
2026-07,OL1078,LS-GALLERIA BHUBANESWAR 12,Lifestyle,Department Store,Bhubaneswar,Odisha,East,SKU41382,Perfume Peach 50Ml,Renee,Fragrance,EDP,Top 25,Active,499,36,36,,4,2036,BGR East,6,4,,55,3,49.1,2025-08,
2026-07,OL1078,LS-GALLERIA BHUBANESWAR 12,Lifestyle,Department Store,Bhubaneswar,Odisha,East,SKU41476,Body Mist Mocha 100Ml,Renee,Fragrance,Body Mist,Top 10,Active,799,7,8,,6,4890,BGR East,7,7,,55,3,49.1,,
2026-07,OL1079,LS-PHOENIX CHANDIGARH 13,Lifestyle,Department Store,Chandigarh,Punjab,North,SKU40108,Matte Lip Color Peach 4.2Ml,Renee,Makeup,Lipstick,Top 10,Active,650,24,23,,3,2348,BGR North,2,2,,50,4,57.3,,
2026-07,OL1079,LS-PHOENIX CHANDIGARH 13,Lifestyle,Department Store,Chandigarh,Punjab,North,SKU40127,Matte Lip Color Coral 4.2Ml,Renee,Makeup,Lipstick,Top 25,Active,499,25,27,,4,2404,BGR North,6,6,,50,4,57.3,,
2026-07,OL1079,LS-PHOENIX CHANDIGARH 13,Lifestyle,Department Store,Chandigarh,Punjab,North,SKU40281,Midnight Eyeliner Berry 2.5Ml,Renee,Makeup,Eyeliner,Others,Active,299,24,10,,2,720,BGR North,3,3,,50,4,57.3,,
2026-07,OL1079,LS-PHOENIX CHANDIGARH 13,Lifestyle,Department Store,Chandigarh,Punjab,North,SKU40381,Midnight Eyeliner Ocean 2.5Ml,Renee,Makeup,Eyeliner,Top 25,Active,699,10,10,,2,1684,BGR North,3,2,,50,4,57.3,,
2026-07,OL1079,LS-PHOENIX CHANDIGARH 13,Lifestyle,Department Store,Chandigarh,Punjab,North,SKU40529,Kajal Rose 0.35Gm,Renee,Makeup,Eyeliner,Others,Active,449,3,17,,2,1081,BGR North,6,4,,50,4,57.3,2026-03,
2026-07,OL1079,LS-PHOENIX CHANDIGARH 13,Lifestyle,Department Store,Chandigarh,Punjab,North,SKU40544,Bb Cream Peach 30Ml,Renee,Makeup,Foundation,Top 10,Active,599,43,44,,4,2885,BGR North,7,5,,50,4,57.3,,
2026-07,OL1079,LS-PHOENIX CHANDIGARH 13,Lifestyle,Department Store,Chandigarh,Punjab,North,SKU40588,Bb Cream Coral 30Ml,Renee,Makeup,Foundation,Top 10,Active,349,9,9,,18,7565,BGR North,21,18,,50,4,57.3,,
2026-07,OL1079,LS-PHOENIX CHANDIGARH 13,Lifestyle,Department Store,Chandigarh,Punjab,North,SKU40595,Compact Powder Mocha 9Gm,Renee,Makeup,Foundation,Top 10,Active,449,34,0,,12,6489,BGR North,20,16,,50,4,57.3,,
2026-07,OL1079,LS-PHOENIX CHANDIGARH 13,Lifestyle,Department Store,Chandigarh,Punjab,North,SKU40722,Compact Powder Berry 9Gm,Renee,Makeup,Foundation,Top 10,Active,799,20,21,,3,2887,BGR North,6,4,,50,4,57.3,,
2026-07,OL1079,LS-PHOENIX CHANDIGARH 13,Lifestyle,Department Store,Chandigarh,Punjab,North,SKU40763,Blending Brush R6,Renee,Makeup,Brushes,Others,Active,349,21,24,,2,841,BGR North,6,5,,50,4,57.3,,
2026-07,OL1079,LS-PHOENIX CHANDIGARH 13,Lifestyle,Department Store,Chandigarh,Punjab,North,SKU40812,Blending Brush R1,Renee,Makeup,Brushes,Top 10,Active,599,0,0,,8,5771,BGR North,10,7,,50,4,57.3,2025-09,
2026-07,OL1079,LS-PHOENIX CHANDIGARH 13,Lifestyle,Department Store,Chandigarh,Punjab,North,SKU40928,Powder Brush R4,Renee,Makeup,Brushes,Top 25,Active,650,25,25,,2,1566,BGR North,2,2,,50,4,57.3,,
2026-07,OL1079,LS-PHOENIX CHANDIGARH 13,Lifestyle,Department Store,Chandigarh,Punjab,North,SKU40951,Sunscreen Gel Spf 50 70Ml,Renee,Skincare,Sunscreen,Top 25,Active,999,12,12,,1,1203,BGR North,2,1,,45,4,57.3,,
2026-07,OL1079,LS-PHOENIX CHANDIGARH 13,Lifestyle,Department Store,Chandigarh,Punjab,North,SKU41012,Vitamin C Serum 30Ml,Renee,Skincare,Serum,Others,Active,599,2,0,,6,4328,BGR North,7,4,,45,4,57.3,2026-06,
2026-07,OL1079,LS-PHOENIX CHANDIGARH 13,Lifestyle,Department Store,Chandigarh,Punjab,North,SKU41032,Face Wash Hazelnut 60Ml,Renee,Skincare,Cleanser,Others,Active,499,0,0,,2,1202,BGR North,2,1,,45,4,57.3,,
2026-07,OL1079,LS-PHOENIX CHANDIGARH 13,Lifestyle,Department Store,Chandigarh,Punjab,North,SKU41048,Face Wash Ocean 20Ml,Renee,Skincare,Cleanser,Others,Active,349,13,15,,3,1261,BGR North,6,5,,45,4,57.3,,
2026-07,OL1079,LS-PHOENIX CHANDIGARH 13,Lifestyle,Department Store,Chandigarh,Punjab,North,SKU41476,Body Mist Mocha 100Ml,Renee,Fragrance,Body Mist,Top 10,Active,799,4,7,,4,3849,BGR North,8,7,,55,4,57.3,,
2026-07,OL1079,LS-PHOENIX CHANDIGARH 13,Lifestyle,Department Store,Chandigarh,Punjab,North,SKU41536,Body Mist Nude 100Ml,Renee,Fragrance,Body Mist,Top 25,Active,349,76,81,,8,3362,BGR North,15,13,,55,4,57.3,,
2026-07,OL1080,LS-NEXUS CHANDIGARH 14,Lifestyle,Department Store,Chandigarh,Punjab,North,SKU40127,Matte Lip Color Coral 4.2Ml,Renee,Makeup,Lipstick,Top 25,Active,499,22,22,,2,962,BGR North,2,2,,50,3,78.6,,
2026-07,OL1080,LS-NEXUS CHANDIGARH 14,Lifestyle,Department Store,Chandigarh,Punjab,North,SKU40202,Liquid Lipstick Mocha 5Ml,Renee,Makeup,Lipstick,Top 25,Active,799,2,4,,2,1540,BGR North,5,4,,50,3,78.6,2025-11,
2026-07,OL1080,LS-NEXUS CHANDIGARH 14,Lifestyle,Department Store,Chandigarh,Punjab,North,SKU40266,Liquid Lipstick Nude 5Ml,Renee,Makeup,Lipstick,Top 10,Active,799,5,35,,7,5389,BGR North,10,9,,50,3,78.6,,
2026-07,OL1080,LS-NEXUS CHANDIGARH 14,Lifestyle,Department Store,Chandigarh,Punjab,North,SKU40381,Midnight Eyeliner Ocean 2.5Ml,Renee,Makeup,Eyeliner,Top 25,Active,699,39,42,,4,2694,BGR North,8,7,,50,3,78.6,,
2026-07,OL1080,LS-NEXUS CHANDIGARH 14,Lifestyle,Department Store,Chandigarh,Punjab,North,SKU40490,Kajal Midnight 0.35Gm,Renee,Makeup,Eyeliner,Top 10,Active,599,33,45,,9,5195,BGR North,12,12,,50,3,78.6,,
2026-07,OL1080,LS-NEXUS CHANDIGARH 14,Lifestyle,Department Store,Chandigarh,Punjab,North,SKU40529,Kajal Rose 0.35Gm,Renee,Makeup,Eyeliner,Others,Active,449,2,0,,2,865,BGR North,2,1,,50,3,78.6,2026-03,
2026-07,OL1080,LS-NEXUS CHANDIGARH 14,Lifestyle,Department Store,Chandigarh,Punjab,North,SKU40544,Bb Cream Peach 30Ml,Renee,Makeup,Foundation,Top 10,Active,599,28,32,,4,2309,BGR North,8,8,,50,3,78.6,,
2026-07,OL1080,LS-NEXUS CHANDIGARH 14,Lifestyle,Department Store,Chandigarh,Punjab,North,SKU40662,Compact Powder Nude 9Gm,Renee,Makeup,Foundation,Top 25,Active,1199,0,1,,3,3466,BGR North,6,4,,50,3,78.6,,
2026-07,OL1080,LS-NEXUS CHANDIGARH 14,Lifestyle,Department Store,Chandigarh,Punjab,North,SKU40722,Compact Powder Berry 9Gm,Renee,Makeup,Foundation,Top 10,Active,799,7,10,,4,3080,BGR North,8,7,,50,3,78.6,,
2026-07,OL1080,LS-NEXUS CHANDIGARH 14,Lifestyle,Department Store,Chandigarh,Punjab,North,SKU40763,Blending Brush R6,Renee,Makeup,Brushes,Others,Active,349,2,1,,4,1345,BGR North,5,3,,50,3,78.6,,
2026-07,OL1080,LS-NEXUS CHANDIGARH 14,Lifestyle,Department Store,Chandigarh,Punjab,North,SKU40850,Powder Brush R8,Renee,Makeup,Brushes,Top 25,Active,650,13,13,,3,1879,BGR North,4,3,,50,3,78.6,,
2026-07,OL1080,LS-NEXUS CHANDIGARH 14,Lifestyle,Department Store,Chandigarh,Punjab,North,SKU40928,Powder Brush R4,Renee,Makeup,Brushes,Top 25,Active,650,30,32,,3,1879,BGR North,5,5,,50,3,78.6,,
2026-07,OL1080,LS-NEXUS CHANDIGARH 14,Lifestyle,Department Store,Chandigarh,Punjab,North,SKU40951,Sunscreen Gel Spf 50 70Ml,Renee,Skincare,Sunscreen,Top 25,Active,999,19,20,,2,1925,BGR North,4,3,,45,3,78.6,,
2026-07,OL1080,LS-NEXUS CHANDIGARH 14,Lifestyle,Department Store,Chandigarh,Punjab,North,SKU40979,Sunscreen Gel Spf 50 50Ml,Renee,Skincare,Sunscreen,Top 25,Active,799,24,22,,4,3080,BGR North,3,2,,45,3,78.6,,
2026-07,OL1080,LS-NEXUS CHANDIGARH 14,Lifestyle,Department Store,Chandigarh,Punjab,North,SKU41012,Vitamin C Serum 30Ml,Renee,Skincare,Serum,Others,Active,599,8,8,,4,2309,BGR North,6,4,,45,3,78.6,2026-06,
2026-07,OL1080,LS-NEXUS CHANDIGARH 14,Lifestyle,Department Store,Chandigarh,Punjab,North,SKU41032,Face Wash Hazelnut 60Ml,Renee,Skincare,Cleanser,Others,Active,499,21,24,,4,1923,BGR North,7,7,,45,3,78.6,,
2026-07,OL1080,LS-NEXUS CHANDIGARH 14,Lifestyle,Department Store,Chandigarh,Punjab,North,SKU41048,Face Wash Ocean 20Ml,Renee,Skincare,Cleanser,Others,Active,349,0,2,,4,1345,BGR North,8,6,,45,3,78.6,,
2026-07,OL1080,LS-NEXUS CHANDIGARH 14,Lifestyle,Department Store,Chandigarh,Punjab,North,SKU41129,Face Wash Vanilla 40Ml,Renee,Skincare,Cleanser,Others,Active,299,3,0,,1,288,BGR North,3,2,,45,3,78.6,,
2026-07,OL1080,LS-NEXUS CHANDIGARH 14,Lifestyle,Department Store,Chandigarh,Punjab,North,SKU41382,Perfume Peach 50Ml,Renee,Fragrance,EDP,Top 25,Active,499,17,22,,4,1923,BGR North,9,9,,55,3,78.6,2025-08,
2026-07,OL1080,LS-NEXUS CHANDIGARH 14,Lifestyle,Department Store,Chandigarh,Punjab,North,SKU41608,Hair Oil Berry 100Ml,Renee,Haircare,Hair Oil,Others,Active,449,0,5,,3,1298,BGR North,8,8,,35,3,78.6,,
2026-07,OL1081,LS-PHOENIX BANGALORE 15,Lifestyle,Department Store,Bangalore,Karnataka,South,SKU40078,Matte Lip Color Rose 4.2Ml,Renee,Makeup,Lipstick,Top 25,Active,650,34,36,,2,1314,BGR South,5,4,,50,3,87.7,,
2026-07,OL1081,LS-PHOENIX BANGALORE 15,Lifestyle,Department Store,Bangalore,Karnataka,South,SKU40108,Matte Lip Color Peach 4.2Ml,Renee,Makeup,Lipstick,Top 10,Active,650,76,0,,3,1972,BGR South,3,2,,50,3,87.7,,
2026-07,OL1081,LS-PHOENIX BANGALORE 15,Lifestyle,Department Store,Bangalore,Karnataka,South,SKU40127,Matte Lip Color Coral 4.2Ml,Renee,Makeup,Lipstick,Top 25,Active,499,0,1,,4,2018,BGR South,6,5,,50,3,87.7,,
2026-07,OL1081,LS-PHOENIX BANGALORE 15,Lifestyle,Department Store,Bangalore,Karnataka,South,SKU40202,Liquid Lipstick Mocha 5Ml,Renee,Makeup,Lipstick,Top 25,Active,799,2,3,,2,1616,BGR South,4,3,,50,3,87.7,2025-11,
2026-07,OL1081,LS-PHOENIX BANGALORE 15,Lifestyle,Department Store,Bangalore,Karnataka,South,SKU40318,Midnight Eyeliner Hazelnut 2.5Ml,Renee,Makeup,Eyeliner,Others,Active,650,3,0,,2,1314,BGR South,4,2,,50,3,87.7,,
2026-07,OL1081,LS-PHOENIX BANGALORE 15,Lifestyle,Department Store,Bangalore,Karnataka,South,SKU40381,Midnight Eyeliner Ocean 2.5Ml,Renee,Makeup,Eyeliner,Top 25,Active,699,0,2,,3,2120,BGR South,5,5,,50,3,87.7,,
2026-07,OL1081,LS-PHOENIX BANGALORE 15,Lifestyle,Department Store,Bangalore,Karnataka,South,SKU40425,Kajal Vanilla 0.35Gm,Renee,Makeup,Eyeliner,Top 25,Active,299,55,53,,8,2418,BGR South,7,6,,50,3,87.7,,
2026-07,OL1081,LS-PHOENIX BANGALORE 15,Lifestyle,Department Store,Bangalore,Karnataka,South,SKU40490,Kajal Midnight 0.35Gm,Renee,Makeup,Eyeliner,Top 10,Active,599,26,27,,6,3634,BGR South,8,7,,50,3,87.7,,
2026-07,OL1081,LS-PHOENIX BANGALORE 15,Lifestyle,Department Store,Bangalore,Karnataka,South,SKU40529,Kajal Rose 0.35Gm,Renee,Makeup,Eyeliner,Others,Active,449,13,14,,2,908,BGR South,4,3,,50,3,87.7,2026-03,
2026-07,OL1081,LS-PHOENIX BANGALORE 15,Lifestyle,Department Store,Bangalore,Karnataka,South,SKU40588,Bb Cream Coral 30Ml,Renee,Makeup,Foundation,Top 10,Active,349,19,20,,7,2470,BGR South,11,8,,50,3,87.7,,
2026-07,OL1081,LS-PHOENIX BANGALORE 15,Lifestyle,Department Store,Bangalore,Karnataka,South,SKU40662,Compact Powder Nude 9Gm,Renee,Makeup,Foundation,Top 25,Active,1199,9,35,,4,4849,BGR South,5,4,,50,3,87.7,,
2026-07,OL1081,LS-PHOENIX BANGALORE 15,Lifestyle,Department Store,Bangalore,Karnataka,South,SKU40722,Compact Powder Berry 9Gm,Renee,Makeup,Foundation,Top 10,Active,799,2,8,,4,3231,BGR South,10,10,,50,3,87.7,,
2026-07,OL1081,LS-PHOENIX BANGALORE 15,Lifestyle,Department Store,Bangalore,Karnataka,South,SKU40836,Blending Brush R4,Renee,Makeup,Brushes,Top 10,Active,1199,27,24,,9,10910,BGR South,9,6,,50,3,87.7,,
2026-07,OL1081,LS-PHOENIX BANGALORE 15,Lifestyle,Department Store,Bangalore,Karnataka,South,SKU40928,Powder Brush R4,Renee,Makeup,Brushes,Top 25,Active,650,17,21,,4,2629,BGR South,9,8,,50,3,87.7,,
2026-07,OL1081,LS-PHOENIX BANGALORE 15,Lifestyle,Department Store,Bangalore,Karnataka,South,SKU40979,Sunscreen Gel Spf 50 50Ml,Renee,Skincare,Sunscreen,Top 25,Active,799,21,23,,3,2423,BGR South,8,5,,45,3,87.7,,
2026-07,OL1081,LS-PHOENIX BANGALORE 15,Lifestyle,Department Store,Bangalore,Karnataka,South,SKU41012,Vitamin C Serum 30Ml,Renee,Skincare,Serum,Others,Active,599,10,10,,4,2422,BGR South,4,4,,45,3,87.7,2026-06,
2026-07,OL1081,LS-PHOENIX BANGALORE 15,Lifestyle,Department Store,Bangalore,Karnataka,South,SKU41024,Vitamin C Serum 30Ml,Renee,Skincare,Serum,Others,Active,449,4,6,,2,908,BGR South,5,4,,45,3,87.7,,
2026-07,OL1081,LS-PHOENIX BANGALORE 15,Lifestyle,Department Store,Bangalore,Karnataka,South,SKU41032,Face Wash Hazelnut 60Ml,Renee,Skincare,Cleanser,Others,Active,499,16,18,,2,1009,BGR South,5,4,,45,3,87.7,,
2026-07,OL1081,LS-PHOENIX BANGALORE 15,Lifestyle,Department Store,Bangalore,Karnataka,South,SKU41048,Face Wash Ocean 20Ml,Renee,Skincare,Cleanser,Others,Active,349,1,3,,4,1411,BGR South,6,6,,45,3,87.7,,
2026-07,OL1081,LS-PHOENIX BANGALORE 15,Lifestyle,Department Store,Bangalore,Karnataka,South,SKU41129,Face Wash Vanilla 40Ml,Renee,Skincare,Cleanser,Others,Active,299,19,0,,4,1209,BGR South,8,7,,45,3,87.7,,
2026-07,OL1081,LS-PHOENIX BANGALORE 15,Lifestyle,Department Store,Bangalore,Karnataka,South,SKU41295,Perfume Rose 50Ml,Renee,Fragrance,EDP,Top 25,Active,599,22,28,,9,5450,BGR South,17,15,,55,3,87.7,,
2026-07,OL1081,LS-PHOENIX BANGALORE 15,Lifestyle,Department Store,Bangalore,Karnataka,South,SKU41476,Body Mist Mocha 100Ml,Renee,Fragrance,Body Mist,Top 10,Active,799,22,27,,6,4847,BGR South,14,11,,55,3,87.7,,
2026-07,OL1081,LS-PHOENIX BANGALORE 15,Lifestyle,Department Store,Bangalore,Karnataka,South,SKU41536,Body Mist Nude 100Ml,Renee,Fragrance,Body Mist,Top 25,Active,349,8,9,,4,1411,BGR South,8,5,,55,3,87.7,,
2026-07,OL1081,LS-PHOENIX BANGALORE 15,Lifestyle,Department Store,Bangalore,Karnataka,South,SKU41647,Hair Oil Hazelnut 100Ml,Renee,Haircare,Hair Oil,Others,Active,799,11,13,,1,808,BGR South,4,3,,35,3,87.7,,
2026-07,OL1082,LS-NEXUS BANGALORE 16,Lifestyle,Department Store,Bangalore,Karnataka,South,SKU40078,Matte Lip Color Rose 4.2Ml,Renee,Makeup,Lipstick,Top 25,Active,650,3,7,,6,3920,BGR South,12,10,,50,3,80.5,,
2026-07,OL1082,LS-NEXUS BANGALORE 16,Lifestyle,Department Store,Bangalore,Karnataka,South,SKU40108,Matte Lip Color Peach 4.2Ml,Renee,Makeup,Lipstick,Top 10,Active,650,2,2,,6,3920,BGR South,7,6,,50,3,80.5,,
2026-07,OL1082,LS-NEXUS BANGALORE 16,Lifestyle,Department Store,Bangalore,Karnataka,South,SKU40202,Liquid Lipstick Mocha 5Ml,Renee,Makeup,Lipstick,Top 25,Active,799,10,12,,2,1606,BGR South,5,4,,50,3,80.5,2025-11,
2026-07,OL1082,LS-NEXUS BANGALORE 16,Lifestyle,Department Store,Bangalore,Karnataka,South,SKU40281,Midnight Eyeliner Berry 2.5Ml,Renee,Makeup,Eyeliner,Others,Active,299,18,26,,10,3006,BGR South,18,18,,50,3,80.5,,
2026-07,OL1082,LS-NEXUS BANGALORE 16,Lifestyle,Department Store,Bangalore,Karnataka,South,SKU40318,Midnight Eyeliner Hazelnut 2.5Ml,Renee,Makeup,Eyeliner,Others,Active,650,4,10,,4,2614,BGR South,10,10,,50,3,80.5,,
2026-07,OL1082,LS-NEXUS BANGALORE 16,Lifestyle,Department Store,Bangalore,Karnataka,South,SKU40529,Kajal Rose 0.35Gm,Renee,Makeup,Eyeliner,Others,Active,449,1,3,,6,2708,BGR South,9,8,,50,3,80.5,2026-03,
2026-07,OL1082,LS-NEXUS BANGALORE 16,Lifestyle,Department Store,Bangalore,Karnataka,South,SKU40588,Bb Cream Coral 30Ml,Renee,Makeup,Foundation,Top 10,Active,349,15,16,,0,0,BGR South,2,1,,50,3,80.5,,
2026-07,OL1082,LS-NEXUS BANGALORE 16,Lifestyle,Department Store,Bangalore,Karnataka,South,SKU40662,Compact Powder Nude 9Gm,Renee,Makeup,Foundation,Top 25,Active,1199,0,0,,1,1205,BGR South,2,1,,50,3,80.5,,
2026-07,OL1082,LS-NEXUS BANGALORE 16,Lifestyle,Department Store,Bangalore,Karnataka,South,SKU40722,Compact Powder Berry 9Gm,Renee,Makeup,Foundation,Top 10,Active,799,19,24,,3,2410,BGR South,6,6,,50,3,80.5,,
2026-07,OL1082,LS-NEXUS BANGALORE 16,Lifestyle,Department Store,Bangalore,Karnataka,South,SKU40763,Blending Brush R6,Renee,Makeup,Brushes,Others,Active,349,28,30,,3,1052,BGR South,5,5,,50,3,80.5,,
2026-07,OL1082,LS-NEXUS BANGALORE 16,Lifestyle,Department Store,Bangalore,Karnataka,South,SKU40812,Blending Brush R1,Renee,Makeup,Brushes,Top 10,Active,599,15,21,,12,7226,BGR South,20,18,,50,3,80.5,2025-09,
2026-07,OL1082,LS-NEXUS BANGALORE 16,Lifestyle,Department Store,Bangalore,Karnataka,South,SKU40850,Powder Brush R8,Renee,Makeup,Brushes,Top 25,Active,650,14,58,,7,4574,BGR South,11,8,,50,3,80.5,,
2026-07,OL1082,LS-NEXUS BANGALORE 16,Lifestyle,Department Store,Bangalore,Karnataka,South,SKU40951,Sunscreen Gel Spf 50 70Ml,Renee,Skincare,Sunscreen,Top 25,Active,999,20,23,,4,4017,BGR South,7,7,,45,3,80.5,,
2026-07,OL1082,LS-NEXUS BANGALORE 16,Lifestyle,Department Store,Bangalore,Karnataka,South,SKU40979,Sunscreen Gel Spf 50 50Ml,Renee,Skincare,Sunscreen,Top 25,Active,799,12,13,,4,3213,BGR South,6,5,,45,3,80.5,,
2026-07,OL1082,LS-NEXUS BANGALORE 16,Lifestyle,Department Store,Bangalore,Karnataka,South,SKU41012,Vitamin C Serum 30Ml,Renee,Skincare,Serum,Others,Active,599,20,21,,16,9634,BGR South,19,17,,45,3,80.5,2026-06,
2026-07,OL1082,LS-NEXUS BANGALORE 16,Lifestyle,Department Store,Bangalore,Karnataka,South,SKU41024,Vitamin C Serum 30Ml,Renee,Skincare,Serum,Others,Active,449,12,13,,1,451,BGR South,3,2,,45,3,80.5,,
2026-07,OL1082,LS-NEXUS BANGALORE 16,Lifestyle,Department Store,Bangalore,Karnataka,South,SKU41048,Face Wash Ocean 20Ml,Renee,Skincare,Cleanser,Others,Active,349,19,22,,3,1052,BGR South,8,6,,45,3,80.5,,
2026-07,OL1082,LS-NEXUS BANGALORE 16,Lifestyle,Department Store,Bangalore,Karnataka,South,SKU41215,Perfume Midnight 50Ml,Renee,Fragrance,EDP,Others,Active,399,1,4,,1,401,BGR South,4,4,,55,3,80.5,,
2026-07,OL1082,LS-NEXUS BANGALORE 16,Lifestyle,Department Store,Bangalore,Karnataka,South,SKU41295,Perfume Rose 50Ml,Renee,Fragrance,EDP,Top 25,Active,599,1,2,,8,4817,BGR South,11,9,,55,3,80.5,,
2026-07,OL1082,LS-NEXUS BANGALORE 16,Lifestyle,Department Store,Bangalore,Karnataka,South,SKU41420,Body Mist Coral 100Ml,Renee,Fragrance,Body Mist,Top 25,Active,399,5,5,,3,1203,BGR South,4,3,,55,3,80.5,,
2026-07,OL1082,LS-NEXUS BANGALORE 16,Lifestyle,Department Store,Bangalore,Karnataka,South,SKU41476,Body Mist Mocha 100Ml,Renee,Fragrance,Body Mist,Top 10,Active,799,0,1,,8,6425,BGR South,12,9,,55,3,80.5,,
2026-07,OL1082,LS-NEXUS BANGALORE 16,Lifestyle,Department Store,Bangalore,Karnataka,South,SKU41608,Hair Oil Berry 100Ml,Renee,Haircare,Hair Oil,Others,Active,449,11,12,,4,1805,BGR South,5,5,,35,3,80.5,,
2026-07,OL1082,LS-NEXUS BANGALORE 16,Lifestyle,Department Store,Bangalore,Karnataka,South,SKU41647,Hair Oil Hazelnut 100Ml,Renee,Haircare,Hair Oil,Others,Active,799,11,14,,2,1606,BGR South,5,5,,35,3,80.5,,
2026-07,OL1083,LS-SELECT BHUBANESWAR 17,Lifestyle,Department Store,Bhubaneswar,Odisha,East,SKU40127,Matte Lip Color Coral 4.2Ml,Renee,Makeup,Lipstick,Top 25,Active,499,39,43,,4,2050,BGR East,9,8,,50,2,94.6,,
2026-07,OL1083,LS-SELECT BHUBANESWAR 17,Lifestyle,Department Store,Bhubaneswar,Odisha,East,SKU40202,Liquid Lipstick Mocha 5Ml,Renee,Makeup,Lipstick,Top 25,Active,799,18,18,,3,2462,BGR East,4,3,,50,2,94.6,2025-11,
2026-07,OL1083,LS-SELECT BHUBANESWAR 17,Lifestyle,Department Store,Bhubaneswar,Odisha,East,SKU40266,Liquid Lipstick Nude 5Ml,Renee,Makeup,Lipstick,Top 10,Active,799,11,7,,9,7386,BGR East,7,5,,50,2,94.6,,
2026-07,OL1083,LS-SELECT BHUBANESWAR 17,Lifestyle,Department Store,Bhubaneswar,Odisha,East,SKU40381,Midnight Eyeliner Ocean 2.5Ml,Renee,Makeup,Eyeliner,Top 25,Active,699,20,23,,3,2154,BGR East,7,6,,50,2,94.6,,
2026-07,OL1083,LS-SELECT BHUBANESWAR 17,Lifestyle,Department Store,Bhubaneswar,Odisha,East,SKU40425,Kajal Vanilla 0.35Gm,Renee,Makeup,Eyeliner,Top 25,Active,299,32,32,,8,2457,BGR East,8,8,,50,2,94.6,,
2026-07,OL1083,LS-SELECT BHUBANESWAR 17,Lifestyle,Department Store,Bhubaneswar,Odisha,East,SKU40529,Kajal Rose 0.35Gm,Renee,Makeup,Eyeliner,Others,Active,449,6,8,,4,1845,BGR East,9,6,,50,2,94.6,2026-03,
2026-07,OL1083,LS-SELECT BHUBANESWAR 17,Lifestyle,Department Store,Bhubaneswar,Odisha,East,SKU40588,Bb Cream Coral 30Ml,Renee,Makeup,Foundation,Top 10,Active,349,26,33,,12,4302,BGR East,20,19,,50,2,94.6,,
2026-07,OL1083,LS-SELECT BHUBANESWAR 17,Lifestyle,Department Store,Bhubaneswar,Odisha,East,SKU40595,Compact Powder Mocha 9Gm,Renee,Makeup,Foundation,Top 10,Active,449,16,97,,12,5534,BGR East,18,12,,50,2,94.6,,
2026-07,OL1083,LS-SELECT BHUBANESWAR 17,Lifestyle,Department Store,Bhubaneswar,Odisha,East,SKU40662,Compact Powder Nude 9Gm,Renee,Makeup,Foundation,Top 25,Active,1199,0,0,,2,2463,BGR East,1,1,,50,2,94.6,,
2026-07,OL1083,LS-SELECT BHUBANESWAR 17,Lifestyle,Department Store,Bhubaneswar,Odisha,East,SKU40722,Compact Powder Berry 9Gm,Renee,Makeup,Foundation,Top 10,Active,799,26,28,,4,3283,BGR East,7,6,,50,2,94.6,,
2026-07,OL1083,LS-SELECT BHUBANESWAR 17,Lifestyle,Department Store,Bhubaneswar,Odisha,East,SKU40812,Blending Brush R1,Renee,Makeup,Brushes,Top 10,Active,599,10,0,,10,6153,BGR East,12,12,,50,2,94.6,2025-09,
2026-07,OL1083,LS-SELECT BHUBANESWAR 17,Lifestyle,Department Store,Bhubaneswar,Odisha,East,SKU40836,Blending Brush R4,Renee,Makeup,Brushes,Top 10,Active,1199,18,18,,8,9852,BGR East,10,8,,50,2,94.6,,
2026-07,OL1083,LS-SELECT BHUBANESWAR 17,Lifestyle,Department Store,Bhubaneswar,Odisha,East,SKU40850,Powder Brush R8,Renee,Makeup,Brushes,Top 25,Active,650,6,11,,4,2671,BGR East,9,9,,50,2,94.6,,
2026-07,OL1083,LS-SELECT BHUBANESWAR 17,Lifestyle,Department Store,Bhubaneswar,Odisha,East,SKU41032,Face Wash Hazelnut 60Ml,Renee,Skincare,Cleanser,Others,Active,499,5,7,,2,1025,BGR East,5,4,,45,2,94.6,,
2026-07,OL1083,LS-SELECT BHUBANESWAR 17,Lifestyle,Department Store,Bhubaneswar,Odisha,East,SKU41048,Face Wash Ocean 20Ml,Renee,Skincare,Cleanser,Others,Active,349,13,14,,3,1075,BGR East,5,4,,45,2,94.6,,
2026-07,OL1083,LS-SELECT BHUBANESWAR 17,Lifestyle,Department Store,Bhubaneswar,Odisha,East,SKU41129,Face Wash Vanilla 40Ml,Renee,Skincare,Cleanser,Others,Active,299,5,6,,3,921,BGR East,6,4,,45,2,94.6,,
2026-07,OL1083,LS-SELECT BHUBANESWAR 17,Lifestyle,Department Store,Bhubaneswar,Odisha,East,SKU41382,Perfume Peach 50Ml,Renee,Fragrance,EDP,Top 25,Active,499,38,28,,5,2563,BGR East,9,8,,55,2,94.6,2025-08,
2026-07,OL1083,LS-SELECT BHUBANESWAR 17,Lifestyle,Department Store,Bhubaneswar,Odisha,East,SKU41420,Body Mist Coral 100Ml,Renee,Fragrance,Body Mist,Top 25,Active,399,8,11,,4,1639,BGR East,7,7,,55,2,94.6,,
2026-07,OL1083,LS-SELECT BHUBANESWAR 17,Lifestyle,Department Store,Bhubaneswar,Odisha,East,SKU41476,Body Mist Mocha 100Ml,Renee,Fragrance,Body Mist,Top 10,Active,799,22,27,,8,6565,BGR East,14,13,,55,2,94.6,,
2026-07,OL1083,LS-SELECT BHUBANESWAR 17,Lifestyle,Department Store,Bhubaneswar,Odisha,East,SKU41608,Hair Oil Berry 100Ml,Renee,Haircare,Hair Oil,Others,Active,449,1,3,,3,1384,BGR East,5,5,,35,2,94.6,,
2026-07,OL1084,LS-ORION AHMEDABAD 18,Lifestyle,Department Store,Ahmedabad,Gujarat,West,SKU40108,Matte Lip Color Peach 4.2Ml,Renee,Makeup,Lipstick,Top 10,Active,650,0,0,,4,2803,BGR West,9,8,,50,3,93.5,,
2026-07,OL1084,LS-ORION AHMEDABAD 18,Lifestyle,Department Store,Ahmedabad,Gujarat,West,SKU40127,Matte Lip Color Coral 4.2Ml,Renee,Makeup,Lipstick,Top 25,Active,499,8,11,,4,2152,BGR West,8,7,,50,3,93.5,,
2026-07,OL1084,LS-ORION AHMEDABAD 18,Lifestyle,Department Store,Ahmedabad,Gujarat,West,SKU40202,Liquid Lipstick Mocha 5Ml,Renee,Makeup,Lipstick,Top 25,Active,799,11,11,,4,3445,BGR West,7,4,,50,3,93.5,2025-11,
2026-07,OL1084,LS-ORION AHMEDABAD 18,Lifestyle,Department Store,Ahmedabad,Gujarat,West,SKU40266,Liquid Lipstick Nude 5Ml,Renee,Makeup,Lipstick,Top 10,Active,799,0,2,,8,6891,BGR West,13,10,,50,3,93.5,,
2026-07,OL1084,LS-ORION AHMEDABAD 18,Lifestyle,Department Store,Ahmedabad,Gujarat,West,SKU40318,Midnight Eyeliner Hazelnut 2.5Ml,Renee,Makeup,Eyeliner,Others,Active,650,16,18,,1,701,BGR West,4,3,,50,3,93.5,,
2026-07,OL1084,LS-ORION AHMEDABAD 18,Lifestyle,Department Store,Ahmedabad,Gujarat,West,SKU40381,Midnight Eyeliner Ocean 2.5Ml,Renee,Makeup,Eyeliner,Top 25,Active,699,8,8,,2,1507,BGR West,2,2,,50,3,93.5,,
2026-07,OL1084,LS-ORION AHMEDABAD 18,Lifestyle,Department Store,Ahmedabad,Gujarat,West,SKU40425,Kajal Vanilla 0.35Gm,Renee,Makeup,Eyeliner,Top 25,Active,299,60,62,,4,1289,BGR West,7,6,,50,3,93.5,,
2026-07,OL1084,LS-ORION AHMEDABAD 18,Lifestyle,Department Store,Ahmedabad,Gujarat,West,SKU40544,Bb Cream Peach 30Ml,Renee,Makeup,Foundation,Top 10,Active,599,19,21,,2,1291,BGR West,4,4,,50,3,93.5,,
2026-07,OL1084,LS-ORION AHMEDABAD 18,Lifestyle,Department Store,Ahmedabad,Gujarat,West,SKU40588,Bb Cream Coral 30Ml,Renee,Makeup,Foundation,Top 10,Active,349,2,3,,3,1129,BGR West,5,4,,50,3,93.5,,
2026-07,OL1084,LS-ORION AHMEDABAD 18,Lifestyle,Department Store,Ahmedabad,Gujarat,West,SKU40662,Compact Powder Nude 9Gm,Renee,Makeup,Foundation,Top 25,Active,1199,1,0,,4,5170,BGR West,3,3,,50,3,93.5,,
2026-07,OL1084,LS-ORION AHMEDABAD 18,Lifestyle,Department Store,Ahmedabad,Gujarat,West,SKU40836,Blending Brush R4,Renee,Makeup,Brushes,Top 10,Active,1199,0,2,,4,5170,BGR West,6,6,,50,3,93.5,,
2026-07,OL1084,LS-ORION AHMEDABAD 18,Lifestyle,Department Store,Ahmedabad,Gujarat,West,SKU40850,Powder Brush R8,Renee,Makeup,Brushes,Top 25,Active,650,0,6,,4,2803,BGR West,10,10,,50,3,93.5,,
2026-07,OL1084,LS-ORION AHMEDABAD 18,Lifestyle,Department Store,Ahmedabad,Gujarat,West,SKU40928,Powder Brush R4,Renee,Makeup,Brushes,Top 25,Active,650,6,10,,3,2102,BGR West,7,7,,50,3,93.5,,
2026-07,OL1084,LS-ORION AHMEDABAD 18,Lifestyle,Department Store,Ahmedabad,Gujarat,West,SKU41012,Vitamin C Serum 30Ml,Renee,Skincare,Serum,Others,Active,599,9,9,,3,1937,BGR West,5,3,,45,3,93.5,2026-06,
2026-07,OL1084,LS-ORION AHMEDABAD 18,Lifestyle,Department Store,Ahmedabad,Gujarat,West,SKU41032,Face Wash Hazelnut 60Ml,Renee,Skincare,Cleanser,Others,Active,499,8,10,,2,1076,BGR West,4,4,,45,3,93.5,,
2026-07,OL1084,LS-ORION AHMEDABAD 18,Lifestyle,Department Store,Ahmedabad,Gujarat,West,SKU41048,Face Wash Ocean 20Ml,Renee,Skincare,Cleanser,Others,Active,349,0,0,,4,1505,BGR West,4,3,,45,3,93.5,,
2026-07,OL1084,LS-ORION AHMEDABAD 18,Lifestyle,Department Store,Ahmedabad,Gujarat,West,SKU41129,Face Wash Vanilla 40Ml,Renee,Skincare,Cleanser,Others,Active,299,18,18,,4,1289,BGR West,7,4,,45,3,93.5,,
2026-07,OL1084,LS-ORION AHMEDABAD 18,Lifestyle,Department Store,Ahmedabad,Gujarat,West,SKU41215,Perfume Midnight 50Ml,Renee,Fragrance,EDP,Others,Active,399,17,19,,3,1290,BGR West,5,5,,55,3,93.5,,
2026-07,OL1084,LS-ORION AHMEDABAD 18,Lifestyle,Department Store,Ahmedabad,Gujarat,West,SKU41382,Perfume Peach 50Ml,Renee,Fragrance,EDP,Top 25,Active,499,13,12,,3,1614,BGR West,3,2,,55,3,93.5,2025-08,
2026-07,OL1084,LS-ORION AHMEDABAD 18,Lifestyle,Department Store,Ahmedabad,Gujarat,West,SKU41420,Body Mist Coral 100Ml,Renee,Fragrance,Body Mist,Top 25,Active,399,26,26,,3,1290,BGR West,3,3,,55,3,93.5,,
2026-07,OL1084,LS-ORION AHMEDABAD 18,Lifestyle,Department Store,Ahmedabad,Gujarat,West,SKU41476,Body Mist Mocha 100Ml,Renee,Fragrance,Body Mist,Top 10,Active,799,5,7,,4,3445,BGR West,7,6,,55,3,93.5,,
2026-07,OL1084,LS-ORION AHMEDABAD 18,Lifestyle,Department Store,Ahmedabad,Gujarat,West,SKU41536,Body Mist Nude 100Ml,Renee,Fragrance,Body Mist,Top 25,Active,349,11,15,,8,3010,BGR West,12,12,,55,3,93.5,,
2026-07,OL1084,LS-ORION AHMEDABAD 18,Lifestyle,Department Store,Ahmedabad,Gujarat,West,SKU41608,Hair Oil Berry 100Ml,Renee,Haircare,Hair Oil,Others,Active,449,9,12,,3,1452,BGR West,6,6,,35,3,93.5,,
2026-07,OL1085,LS-CITY CENTRE LUCKNOW 19,Lifestyle,Department Store,Lucknow,Uttar Pradesh,North,SKU40425,Kajal Vanilla 0.35Gm,Renee,Makeup,Eyeliner,Top 25,Active,299,15,20,,8,2730,BGR North,15,13,,50,2,90.6,,
2026-07,OL1085,LS-CITY CENTRE LUCKNOW 19,Lifestyle,Department Store,Lucknow,Uttar Pradesh,North,SKU40490,Kajal Midnight 0.35Gm,Renee,Makeup,Eyeliner,Top 10,Active,599,40,47,,6,4102,BGR North,13,13,,50,2,90.6,,
2026-07,OL1085,LS-CITY CENTRE LUCKNOW 19,Lifestyle,Department Store,Lucknow,Uttar Pradesh,North,SKU40544,Bb Cream Peach 30Ml,Renee,Makeup,Foundation,Top 10,Active,599,2,4,,4,2735,BGR North,7,6,,50,2,90.6,,
2026-07,OL1085,LS-CITY CENTRE LUCKNOW 19,Lifestyle,Department Store,Lucknow,Uttar Pradesh,North,SKU40595,Compact Powder Mocha 9Gm,Renee,Makeup,Foundation,Top 10,Active,449,0,3,,6,3075,BGR North,12,9,,50,2,90.6,,
2026-07,OL1085,LS-CITY CENTRE LUCKNOW 19,Lifestyle,Department Store,Lucknow,Uttar Pradesh,North,SKU40722,Compact Powder Berry 9Gm,Renee,Makeup,Foundation,Top 10,Active,799,4,5,,3,2736,BGR North,6,4,,50,2,90.6,,
2026-07,OL1085,LS-CITY CENTRE LUCKNOW 19,Lifestyle,Department Store,Lucknow,Uttar Pradesh,North,SKU40763,Blending Brush R6,Renee,Makeup,Brushes,Others,Active,349,17,18,,1,398,BGR North,3,2,,50,2,90.6,,
2026-07,OL1085,LS-CITY CENTRE LUCKNOW 19,Lifestyle,Department Store,Lucknow,Uttar Pradesh,North,SKU40812,Blending Brush R1,Renee,Makeup,Brushes,Top 10,Active,599,0,0,,4,2735,BGR North,7,6,,50,2,90.6,2025-09,
2026-07,OL1085,LS-CITY CENTRE LUCKNOW 19,Lifestyle,Department Store,Lucknow,Uttar Pradesh,North,SKU40836,Blending Brush R4,Renee,Makeup,Brushes,Top 10,Active,1199,26,0,,4,5474,BGR North,9,9,,50,2,90.6,,
2026-07,OL1085,LS-CITY CENTRE LUCKNOW 19,Lifestyle,Department Store,Lucknow,Uttar Pradesh,North,SKU40972,Sunscreen Gel Spf 50 70Ml,Renee,Skincare,Sunscreen,Top 25,Active,599,12,15,,2,1367,BGR North,5,5,,45,2,90.6,,
2026-07,OL1085,LS-CITY CENTRE LUCKNOW 19,Lifestyle,Department Store,Lucknow,Uttar Pradesh,North,SKU40979,Sunscreen Gel Spf 50 50Ml,Renee,Skincare,Sunscreen,Top 25,Active,799,12,11,,2,1824,BGR North,2,1,,45,2,90.6,,
2026-07,OL1085,LS-CITY CENTRE LUCKNOW 19,Lifestyle,Department Store,Lucknow,Uttar Pradesh,North,SKU41012,Vitamin C Serum 30Ml,Renee,Skincare,Serum,Others,Active,599,6,18,,3,2051,BGR North,6,6,,45,2,90.6,2026-06,
2026-07,OL1085,LS-CITY CENTRE LUCKNOW 19,Lifestyle,Department Store,Lucknow,Uttar Pradesh,North,SKU41024,Vitamin C Serum 30Ml,Renee,Skincare,Serum,Others,Active,449,5,4,,1,513,BGR North,1,0,,45,2,90.6,,
2026-07,OL1085,LS-CITY CENTRE LUCKNOW 19,Lifestyle,Department Store,Lucknow,Uttar Pradesh,North,SKU41032,Face Wash Hazelnut 60Ml,Renee,Skincare,Cleanser,Others,Active,499,3,2,,1,570,BGR North,1,0,,45,2,90.6,,
2026-07,OL1085,LS-CITY CENTRE LUCKNOW 19,Lifestyle,Department Store,Lucknow,Uttar Pradesh,North,SKU41048,Face Wash Ocean 20Ml,Renee,Skincare,Cleanser,Others,Active,349,22,22,,1,398,BGR North,2,1,,45,2,90.6,,
2026-07,OL1085,LS-CITY CENTRE LUCKNOW 19,Lifestyle,Department Store,Lucknow,Uttar Pradesh,North,SKU41215,Perfume Midnight 50Ml,Renee,Fragrance,EDP,Others,Active,399,15,20,,3,1366,BGR North,8,8,,55,2,90.6,,
2026-07,OL1085,LS-CITY CENTRE LUCKNOW 19,Lifestyle,Department Store,Lucknow,Uttar Pradesh,North,SKU41382,Perfume Peach 50Ml,Renee,Fragrance,EDP,Top 25,Active,499,21,21,,3,1709,BGR North,3,3,,55,2,90.6,2025-08,
2026-07,OL1085,LS-CITY CENTRE LUCKNOW 19,Lifestyle,Department Store,Lucknow,Uttar Pradesh,North,SKU41420,Body Mist Coral 100Ml,Renee,Fragrance,Body Mist,Top 25,Active,399,6,0,,3,1366,BGR North,5,5,,55,2,90.6,,
2026-07,OL1085,LS-CITY CENTRE LUCKNOW 19,Lifestyle,Department Store,Lucknow,Uttar Pradesh,North,SKU41536,Body Mist Nude 100Ml,Renee,Fragrance,Body Mist,Top 25,Active,349,34,36,,1,398,BGR North,3,3,,55,2,90.6,,
2026-07,OL1086,LS-NEXUS CHENNAI 20,Lifestyle,Department Store,Chennai,Tamil Nadu,South,SKU40078,Matte Lip Color Rose 4.2Ml,Renee,Makeup,Lipstick,Top 25,Active,650,17,19,,4,3119,BGR South,6,6,,50,1,54.9,,
2026-07,OL1086,LS-NEXUS CHENNAI 20,Lifestyle,Department Store,Chennai,Tamil Nadu,South,SKU40108,Matte Lip Color Peach 4.2Ml,Renee,Makeup,Lipstick,Top 10,Active,650,33,33,,2,1559,BGR South,4,2,,50,1,54.9,,
2026-07,OL1086,LS-NEXUS CHENNAI 20,Lifestyle,Department Store,Chennai,Tamil Nadu,South,SKU40266,Liquid Lipstick Nude 5Ml,Renee,Makeup,Lipstick,Top 10,Active,799,17,32,,6,5751,BGR South,11,10,,50,1,54.9,,
2026-07,OL1086,LS-NEXUS CHENNAI 20,Lifestyle,Department Store,Chennai,Tamil Nadu,South,SKU40381,Midnight Eyeliner Ocean 2.5Ml,Renee,Makeup,Eyeliner,Top 25,Active,699,37,40,,5,4192,BGR South,9,8,,50,1,54.9,,
2026-07,OL1086,LS-NEXUS CHENNAI 20,Lifestyle,Department Store,Chennai,Tamil Nadu,South,SKU40425,Kajal Vanilla 0.35Gm,Renee,Makeup,Eyeliner,Top 25,Active,299,23,21,,9,3228,BGR South,7,7,,50,1,54.9,,
2026-07,OL1086,LS-NEXUS CHENNAI 20,Lifestyle,Department Store,Chennai,Tamil Nadu,South,SKU40490,Kajal Midnight 0.35Gm,Renee,Makeup,Eyeliner,Top 10,Active,599,62,63,,7,5030,BGR South,8,8,,50,1,54.9,,
2026-07,OL1086,LS-NEXUS CHENNAI 20,Lifestyle,Department Store,Chennai,Tamil Nadu,South,SKU40529,Kajal Rose 0.35Gm,Renee,Makeup,Eyeliner,Others,Active,449,13,16,,3,1616,BGR South,8,6,,50,1,54.9,2026-03,
2026-07,OL1086,LS-NEXUS CHENNAI 20,Lifestyle,Department Store,Chennai,Tamil Nadu,South,SKU40544,Bb Cream Peach 30Ml,Renee,Makeup,Foundation,Top 10,Active,599,5,4,,9,6467,BGR South,8,8,,50,1,54.9,,
2026-07,OL1086,LS-NEXUS CHENNAI 20,Lifestyle,Department Store,Chennai,Tamil Nadu,South,SKU40588,Bb Cream Coral 30Ml,Renee,Makeup,Foundation,Top 10,Active,349,30,65,,8,3349,BGR South,13,10,,50,1,54.9,,
2026-07,OL1086,LS-NEXUS CHENNAI 20,Lifestyle,Department Store,Chennai,Tamil Nadu,South,SKU40595,Compact Powder Mocha 9Gm,Renee,Makeup,Foundation,Top 10,Active,449,46,48,,7,3770,BGR South,9,9,,50,1,54.9,,
2026-07,OL1086,LS-NEXUS CHENNAI 20,Lifestyle,Department Store,Chennai,Tamil Nadu,South,SKU40662,Compact Powder Nude 9Gm,Renee,Makeup,Foundation,Top 25,Active,1199,4,6,,1,1438,BGR South,4,3,,50,1,54.9,,
2026-07,OL1086,LS-NEXUS CHENNAI 20,Lifestyle,Department Store,Chennai,Tamil Nadu,South,SKU40763,Blending Brush R6,Renee,Makeup,Brushes,Others,Active,349,18,17,,1,419,BGR South,1,0,,50,1,54.9,,
2026-07,OL1086,LS-NEXUS CHENNAI 20,Lifestyle,Department Store,Chennai,Tamil Nadu,South,SKU40812,Blending Brush R1,Renee,Makeup,Brushes,Top 10,Active,599,33,33,,10,7185,BGR South,15,10,,50,1,54.9,2025-09,
2026-07,OL1086,LS-NEXUS CHENNAI 20,Lifestyle,Department Store,Chennai,Tamil Nadu,South,SKU40836,Blending Brush R4,Renee,Makeup,Brushes,Top 10,Active,1199,83,0,,9,12945,BGR South,10,10,,50,1,54.9,,
2026-07,OL1086,LS-NEXUS CHENNAI 20,Lifestyle,Department Store,Chennai,Tamil Nadu,South,SKU40850,Powder Brush R8,Renee,Makeup,Brushes,Top 25,Active,650,35,35,,6,4678,BGR South,6,6,,50,1,54.9,,
2026-07,OL1086,LS-NEXUS CHENNAI 20,Lifestyle,Department Store,Chennai,Tamil Nadu,South,SKU40951,Sunscreen Gel Spf 50 70Ml,Renee,Skincare,Sunscreen,Top 25,Active,999,0,0,,4,4793,BGR South,4,2,,45,1,54.9,,
2026-07,OL1086,LS-NEXUS CHENNAI 20,Lifestyle,Department Store,Chennai,Tamil Nadu,South,SKU40972,Sunscreen Gel Spf 50 70Ml,Renee,Skincare,Sunscreen,Top 25,Active,599,5,7,,3,2156,BGR South,5,5,,45,1,54.9,,
2026-07,OL1086,LS-NEXUS CHENNAI 20,Lifestyle,Department Store,Chennai,Tamil Nadu,South,SKU40979,Sunscreen Gel Spf 50 50Ml,Renee,Skincare,Sunscreen,Top 25,Active,799,13,14,,4,3834,BGR South,5,5,,45,1,54.9,,
2026-07,OL1086,LS-NEXUS CHENNAI 20,Lifestyle,Department Store,Chennai,Tamil Nadu,South,SKU41012,Vitamin C Serum 30Ml,Renee,Skincare,Serum,Others,Active,599,10,12,,8,5748,BGR South,12,10,,45,1,54.9,2026-06,
2026-07,OL1086,LS-NEXUS CHENNAI 20,Lifestyle,Department Store,Chennai,Tamil Nadu,South,SKU41024,Vitamin C Serum 30Ml,Renee,Skincare,Serum,Others,Active,449,4,6,,3,1616,BGR South,7,5,,45,1,54.9,,
2026-07,OL1086,LS-NEXUS CHENNAI 20,Lifestyle,Department Store,Chennai,Tamil Nadu,South,SKU41048,Face Wash Ocean 20Ml,Renee,Skincare,Cleanser,Others,Active,349,32,35,,3,1256,BGR South,6,6,,45,1,54.9,,
2026-07,OL1086,LS-NEXUS CHENNAI 20,Lifestyle,Department Store,Chennai,Tamil Nadu,South,SKU41382,Perfume Peach 50Ml,Renee,Fragrance,EDP,Top 25,Active,499,8,13,,4,2394,BGR South,9,9,,55,1,54.9,2025-08,
2026-07,OL1086,LS-NEXUS CHENNAI 20,Lifestyle,Department Store,Chennai,Tamil Nadu,South,SKU41536,Body Mist Nude 100Ml,Renee,Fragrance,Body Mist,Top 25,Active,349,65,64,,6,2512,BGR South,6,5,,55,1,54.9,,
2026-07,OL1086,LS-NEXUS CHENNAI 20,Lifestyle,Department Store,Chennai,Tamil Nadu,South,SKU41608,Hair Oil Berry 100Ml,Renee,Haircare,Hair Oil,Others,Active,449,18,20,,2,1077,BGR South,5,4,,35,1,54.9,,
