Month,Outlet Code,Outlet Name,Chain Name,Chain Type,City,State,Region,SKU Code,SKU,Brand,Category,Sub Category,Pareto,Status,MRP,OP Stock,CL Stock,Stock Qty,Tertiary Qty,Target Value,BGR,Order Qty,Filled Qty,Fill Rate %,Margin %
2026-01,OUT0001,Shoppers Stop - Ahmedabad 1,Shoppers Stop,Department Store,Ahmedabad,Gujarat,West,SKU0002,Verde Moisturizer B,Verde,Skincare,Moisturizer,Top 10,Active,1179,46,54,,11,12319,BGR West,21,19,,46
2026-01,OUT0001,Shoppers Stop - Ahmedabad 1,Shoppers Stop,Department Store,Ahmedabad,Gujarat,West,SKU0003,Verde Serum A,Verde,Skincare,Serum,Top 25,Active,2419,7,9,,7,20129,BGR West,14,9,,43
2026-01,OUT0001,Shoppers Stop - Ahmedabad 1,Shoppers Stop,Department Store,Ahmedabad,Gujarat,West,SKU0006,Blush & Co Cleanser A,Blush & Co,Skincare,Cleanser,Top 10,Active,289,17,18,,21,6841,BGR West,25,22,,43
2026-01,OUT0001,Shoppers Stop - Ahmedabad 1,Shoppers Stop,Department Store,Ahmedabad,Gujarat,West,SKU0007,Northline Cleanser B,Northline,Skincare,Cleanser,Others,Active,1809,2,3,,1,2157,BGR West,3,2,,47
2026-01,OUT0001,Shoppers Stop - Ahmedabad 1,Shoppers Stop,Department Store,Ahmedabad,Gujarat,West,SKU0008,Lumina Sunscreen A,Lumina,Skincare,Sunscreen,Others,Active,1599,11,15,,0,0,BGR West,5,4,,43
2026-01,OUT0001,Shoppers Stop - Ahmedabad 1,Shoppers Stop,Department Store,Ahmedabad,Gujarat,West,SKU0010,Blush & Co Foundation A,Blush & Co,Makeup,Foundation,Others,Active,1419,9,14,,1,1366,BGR West,6,6,,50
2026-01,OUT0001,Shoppers Stop - Ahmedabad 1,Shoppers Stop,Department Store,Ahmedabad,Gujarat,West,SKU0011,Lumina Foundation B,Lumina,Makeup,Foundation,Top 10,Inactive,1889,40,43,,4,8021,BGR West,7,7,,52
2026-01,OUT0001,Shoppers Stop - Ahmedabad 1,Shoppers Stop,Department Store,Ahmedabad,Gujarat,West,SKU0013,Northline Lipstick B,Northline,Makeup,Lipstick,Others,Active,2469,11,14,,0,0,BGR West,3,3,,51
2026-01,OUT0001,Shoppers Stop - Ahmedabad 1,Shoppers Stop,Department Store,Ahmedabad,Gujarat,West,SKU0015,Blush & Co Mascara A,Blush & Co,Makeup,Mascara,Top 25,Active,1219,35,40,,3,3342,BGR West,8,8,,52
2026-01,OUT0001,Shoppers Stop - Ahmedabad 1,Shoppers Stop,Department Store,Ahmedabad,Gujarat,West,SKU0017,Lumina Mascara C,Lumina,Makeup,Mascara,Top 10,Active,529,37,37,,4,2254,BGR West,4,4,,49
2026-01,OUT0001,Shoppers Stop - Ahmedabad 1,Shoppers Stop,Department Store,Ahmedabad,Gujarat,West,SKU0018,Northline Eyeliner A,Northline,Makeup,Eyeliner,Others,Active,1959,0,4,,0,0,BGR West,4,4,,52
2026-01,OUT0001,Shoppers Stop - Ahmedabad 1,Shoppers Stop,Department Store,Ahmedabad,Gujarat,West,SKU0020,Lumina Shampoo A,Lumina,Haircare,Shampoo,Top 10,Active,509,46,55,,10,5688,BGR West,20,19,,32
2026-01,OUT0001,Shoppers Stop - Ahmedabad 1,Shoppers Stop,Department Store,Ahmedabad,Gujarat,West,SKU0021,Verde Shampoo B,Verde,Haircare,Shampoo,Others,Active,1319,18,0,,1,1373,BGR West,4,3,,38
2026-01,OUT0001,Shoppers Stop - Ahmedabad 1,Shoppers Stop,Department Store,Ahmedabad,Gujarat,West,SKU0023,Northline Conditioner B,Northline,Haircare,Conditioner,Others,Active,379,16,16,,0,0,BGR West,0,0,,35
2026-01,OUT0001,Shoppers Stop - Ahmedabad 1,Shoppers Stop,Department Store,Ahmedabad,Gujarat,West,SKU0027,Lumina EDP B,Lumina,Fragrance,EDP,Top 10,Active,529,69,79,,8,4263,BGR West,20,18,,57
2026-01,OUT0001,Shoppers Stop - Ahmedabad 1,Shoppers Stop,Department Store,Ahmedabad,Gujarat,West,SKU0028,Northline EDT A,Northline,Fragrance,EDT,Top 25,Active,1109,21,26,,6,6928,BGR West,12,11,,54
2026-01,OUT0001,Shoppers Stop - Ahmedabad 1,Shoppers Stop,Department Store,Ahmedabad,Gujarat,West,SKU0030,Blush & Co EDT C,Blush & Co,Fragrance,EDT,Others,Active,779,15,15,,1,699,BGR West,2,1,,56
2026-01,OUT0001,Shoppers Stop - Ahmedabad 1,Shoppers Stop,Department Store,Ahmedabad,Gujarat,West,SKU0031,Lumina Body Mist A,Lumina,Fragrance,Body Mist,Top 25,Active,2119,22,0,,8,18467,BGR West,12,9,,53
2026-01,OUT0001,Shoppers Stop - Ahmedabad 1,Shoppers Stop,Department Store,Ahmedabad,Gujarat,West,SKU0033,Northline Body Lotion A,Northline,Bath & Body,Body Lotion,Top 10,Active,1239,35,47,,13,16444,BGR West,25,25,,38
2026-01,OUT0001,Shoppers Stop - Ahmedabad 1,Shoppers Stop,Department Store,Ahmedabad,Gujarat,West,SKU0034,Northline Body Lotion B,Northline,Bath & Body,Body Lotion,Top 25,Active,989,54,58,,3,2898,BGR West,7,7,,38
2026-01,OUT0001,Shoppers Stop - Ahmedabad 1,Shoppers Stop,Department Store,Ahmedabad,Gujarat,West,SKU0036,Northline Body Wash B,Northline,Bath & Body,Body Wash,Others,Active,1179,20,24,,0,0,BGR West,5,4,,39
2026-01,OUT0001,Shoppers Stop - Ahmedabad 1,Shoppers Stop,Department Store,Ahmedabad,Gujarat,West,SKU0037,Verde Body Wash C,Verde,Bath & Body,Body Wash,Top 25,Active,2239,19,25,,2,4880,BGR West,8,8,,38
2026-01,OUT0001,Shoppers Stop - Ahmedabad 1,Shoppers Stop,Department Store,Ahmedabad,Gujarat,West,SKU0039,Northline Hand Cream B,Northline,Bath & Body,Hand Cream,Others,Active,1189,1,4,,1,1400,BGR West,4,4,,40
2026-01,OUT0002,Shoppers Stop - Hyderabad 2,Shoppers Stop,Department Store,Hyderabad,Telangana,South,SKU0001,Blush & Co Moisturizer A,Blush & Co,Skincare,Moisturizer,Others,Active,2319,0,2,,3,6460,BGR South,7,5,,47
2026-01,OUT0002,Shoppers Stop - Hyderabad 2,Shoppers Stop,Department Store,Hyderabad,Telangana,South,SKU0002,Verde Moisturizer B,Verde,Skincare,Moisturizer,Top 10,Active,1179,112,139,,30,35692,BGR South,61,57,,45
2026-01,OUT0002,Shoppers Stop - Hyderabad 2,Shoppers Stop,Department Store,Hyderabad,Telangana,South,SKU0003,Verde Serum A,Verde,Skincare,Serum,Top 25,Active,2419,130,0,,13,34653,BGR South,28,28,,47
2026-01,OUT0002,Shoppers Stop - Hyderabad 2,Shoppers Stop,Department Store,Hyderabad,Telangana,South,SKU0004,Northline Serum B,Northline,Skincare,Serum,Top 25,Active,2489,0,3,,5,13812,BGR South,10,8,,47
2026-01,OUT0002,Shoppers Stop - Hyderabad 2,Shoppers Stop,Department Store,Hyderabad,Telangana,South,SKU0006,Blush & Co Cleanser A,Blush & Co,Skincare,Cleanser,Top 10,Active,289,34,0,,41,11497,BGR South,44,41,,45
2026-01,OUT0002,Shoppers Stop - Hyderabad 2,Shoppers Stop,Department Store,Hyderabad,Telangana,South,SKU0007,Northline Cleanser B,Northline,Skincare,Cleanser,Others,Active,1809,0,1,,3,5067,BGR South,4,4,,45
2026-01,OUT0002,Shoppers Stop - Hyderabad 2,Shoppers Stop,Department Store,Hyderabad,Telangana,South,SKU0009,Blush & Co Sunscreen B,Blush & Co,Skincare,Sunscreen,Others,Inactive,1629,31,32,,3,5923,BGR South,5,4,,44
2026-01,OUT0002,Shoppers Stop - Hyderabad 2,Shoppers Stop,Department Store,Hyderabad,Telangana,South,SKU0010,Blush & Co Foundation A,Blush & Co,Makeup,Foundation,Others,Active,1419,44,48,,4,5525,BGR South,8,8,,51
2026-01,OUT0002,Shoppers Stop - Hyderabad 2,Shoppers Stop,Department Store,Hyderabad,Telangana,South,SKU0011,Lumina Foundation B,Lumina,Makeup,Foundation,Top 10,Inactive,1889,126,129,,18,41728,BGR South,31,21,,48
2026-01,OUT0002,Shoppers Stop - Hyderabad 2,Shoppers Stop,Department Store,Hyderabad,Telangana,South,SKU0013,Northline Lipstick B,Northline,Makeup,Lipstick,Others,Active,2469,14,18,,0,0,BGR South,4,4,,51
2026-01,OUT0002,Shoppers Stop - Hyderabad 2,Shoppers Stop,Department Store,Hyderabad,Telangana,South,SKU0014,Lumina Lipstick C,Lumina,Makeup,Lipstick,Top 25,Active,1729,18,23,,13,23201,BGR South,18,18,,49
2026-01,OUT0002,Shoppers Stop - Hyderabad 2,Shoppers Stop,Department Store,Hyderabad,Telangana,South,SKU0015,Blush & Co Mascara A,Blush & Co,Makeup,Mascara,Top 25,Active,1219,0,4,,13,15147,BGR South,18,17,,50
2026-01,OUT0002,Shoppers Stop - Hyderabad 2,Shoppers Stop,Department Store,Hyderabad,Telangana,South,SKU0016,Verde Mascara B,Verde,Makeup,Mascara,Top 25,Active,199,0,0,,9,1749,BGR South,14,9,,50
2026-01,OUT0002,Shoppers Stop - Hyderabad 2,Shoppers Stop,Department Store,Hyderabad,Telangana,South,SKU0017,Lumina Mascara C,Lumina,Makeup,Mascara,Top 10,Active,529,68,74,,22,14268,BGR South,28,28,,48
2026-01,OUT0002,Shoppers Stop - Hyderabad 2,Shoppers Stop,Department Store,Hyderabad,Telangana,South,SKU0020,Lumina Shampoo A,Lumina,Haircare,Shampoo,Top 10,Active,509,128,126,,25,11437,BGR South,26,23,,38
2026-01,OUT0002,Shoppers Stop - Hyderabad 2,Shoppers Stop,Department Store,Hyderabad,Telangana,South,SKU0021,Verde Shampoo B,Verde,Haircare,Shampoo,Others,Active,1319,9,13,,2,3282,BGR South,6,6,,38
2026-01,OUT0002,Shoppers Stop - Hyderabad 2,Shoppers Stop,Department Store,Hyderabad,Telangana,South,SKU0022,Northline Conditioner A,Northline,Haircare,Conditioner,Others,Active,779,23,26,,3,2745,BGR South,9,6,,38
2026-01,OUT0002,Shoppers Stop - Hyderabad 2,Shoppers Stop,Department Store,Hyderabad,Telangana,South,SKU0023,Northline Conditioner B,Northline,Haircare,Conditioner,Others,Active,379,3,6,,1,416,BGR South,4,4,,37
2026-01,OUT0002,Shoppers Stop - Hyderabad 2,Shoppers Stop,Department Store,Hyderabad,Telangana,South,SKU0027,Lumina EDP B,Lumina,Fragrance,EDP,Top 10,Active,529,122,125,,24,11526,BGR South,29,27,,56
2026-01,OUT0002,Shoppers Stop - Hyderabad 2,Shoppers Stop,Department Store,Hyderabad,Telangana,South,SKU0029,Blush & Co EDT B,Blush & Co,Fragrance,EDT,Top 25,Active,479,16,28,,10,4683,BGR South,22,22,,57
2026-01,OUT0002,Shoppers Stop - Hyderabad 2,Shoppers Stop,Department Store,Hyderabad,Telangana,South,SKU0030,Blush & Co EDT C,Blush & Co,Fragrance,EDT,Others,Active,779,29,34,,4,2971,BGR South,9,9,,53
2026-01,OUT0002,Shoppers Stop - Hyderabad 2,Shoppers Stop,Department Store,Hyderabad,Telangana,South,SKU0031,Lumina Body Mist A,Lumina,Fragrance,Body Mist,Top 25,Active,2119,10,0,,14,34620,BGR South,25,25,,55
2026-01,OUT0002,Shoppers Stop - Hyderabad 2,Shoppers Stop,Department Store,Hyderabad,Telangana,South,SKU0033,Northline Body Lotion A,Northline,Bath & Body,Body Lotion,Top 10,Active,1239,3,118,,117,154546,BGR South,232,232,,41
2026-01,OUT0002,Shoppers Stop - Hyderabad 2,Shoppers Stop,Department Store,Hyderabad,Telangana,South,SKU0034,Northline Body Lotion B,Northline,Bath & Body,Body Lotion,Top 25,Active,989,40,43,,9,8365,BGR South,13,12,,42
2026-01,OUT0002,Shoppers Stop - Hyderabad 2,Shoppers Stop,Department Store,Hyderabad,Telangana,South,SKU0037,Verde Body Wash C,Verde,Bath & Body,Body Wash,Top 25,Active,2239,68,70,,6,14016,BGR South,8,8,,42
2026-01,OUT0002,Shoppers Stop - Hyderabad 2,Shoppers Stop,Department Store,Hyderabad,Telangana,South,SKU0039,Northline Hand Cream B,Northline,Bath & Body,Hand Cream,Others,Active,1189,4,5,,4,4557,BGR South,5,5,,39
2026-01,OUT0003,Shoppers Stop - Ludhiana 3,Shoppers Stop,Department Store,Ludhiana,Punjab,North,SKU0003,Verde Serum A,Verde,Skincare,Serum,Top 25,Active,2419,33,37,,7,17683,BGR North,13,11,,48
2026-01,OUT0003,Shoppers Stop - Ludhiana 3,Shoppers Stop,Department Store,Ludhiana,Punjab,North,SKU0004,Northline Serum B,Northline,Skincare,Serum,Top 25,Active,2489,4,5,,3,8311,BGR North,6,4,,48
2026-01,OUT0003,Shoppers Stop - Ludhiana 3,Shoppers Stop,Department Store,Ludhiana,Punjab,North,SKU0006,Blush & Co Cleanser A,Blush & Co,Skincare,Cleanser,Top 10,Active,289,77,79,,0,0,BGR North,4,2,,45
2026-01,OUT0003,Shoppers Stop - Ludhiana 3,Shoppers Stop,Department Store,Ludhiana,Punjab,North,SKU0008,Lumina Sunscreen A,Lumina,Skincare,Sunscreen,Others,Active,1599,10,14,,0,0,BGR North,4,4,,43
2026-01,OUT0003,Shoppers Stop - Ludhiana 3,Shoppers Stop,Department Store,Ludhiana,Punjab,North,SKU0009,Blush & Co Sunscreen B,Blush & Co,Skincare,Sunscreen,Others,Inactive,1629,19,19,,1,1873,BGR North,2,1,,46
2026-01,OUT0003,Shoppers Stop - Ludhiana 3,Shoppers Stop,Department Store,Ludhiana,Punjab,North,SKU0011,Lumina Foundation B,Lumina,Makeup,Foundation,Top 10,Inactive,1889,48,0,,6,11669,BGR North,10,9,,50
2026-01,OUT0003,Shoppers Stop - Ludhiana 3,Shoppers Stop,Department Store,Ludhiana,Punjab,North,SKU0012,Northline Lipstick A,Northline,Makeup,Lipstick,Others,Active,2429,3,5,,0,0,BGR North,3,2,,51
2026-01,OUT0003,Shoppers Stop - Ludhiana 3,Shoppers Stop,Department Store,Ludhiana,Punjab,North,SKU0013,Northline Lipstick B,Northline,Makeup,Lipstick,Others,Active,2469,4,4,,0,0,BGR North,0,0,,47
2026-01,OUT0003,Shoppers Stop - Ludhiana 3,Shoppers Stop,Department Store,Ludhiana,Punjab,North,SKU0014,Lumina Lipstick C,Lumina,Makeup,Lipstick,Top 25,Active,1729,13,0,,3,4679,BGR North,8,7,,51
2026-01,OUT0003,Shoppers Stop - Ludhiana 3,Shoppers Stop,Department Store,Ludhiana,Punjab,North,SKU0015,Blush & Co Mascara A,Blush & Co,Makeup,Mascara,Top 25,Active,1219,44,46,,4,5462,BGR North,7,6,,53
2026-01,OUT0003,Shoppers Stop - Ludhiana 3,Shoppers Stop,Department Store,Ludhiana,Punjab,North,SKU0016,Verde Mascara B,Verde,Makeup,Mascara,Top 25,Active,199,0,3,,4,991,BGR North,10,7,,53
2026-01,OUT0003,Shoppers Stop - Ludhiana 3,Shoppers Stop,Department Store,Ludhiana,Punjab,North,SKU0017,Lumina Mascara C,Lumina,Makeup,Mascara,Top 10,Active,529,59,64,,4,2099,BGR North,9,9,,52
2026-01,OUT0003,Shoppers Stop - Ludhiana 3,Shoppers Stop,Department Store,Ludhiana,Punjab,North,SKU0018,Northline Eyeliner A,Northline,Makeup,Eyeliner,Others,Active,1959,18,22,,0,0,BGR North,5,4,,47
2026-01,OUT0003,Shoppers Stop - Ludhiana 3,Shoppers Stop,Department Store,Ludhiana,Punjab,North,SKU0019,Northline Eyeliner B,Northline,Makeup,Eyeliner,Others,Active,1889,0,2,,0,0,BGR North,3,2,,52
2026-01,OUT0003,Shoppers Stop - Ludhiana 3,Shoppers Stop,Department Store,Ludhiana,Punjab,North,SKU0020,Lumina Shampoo A,Lumina,Haircare,Shampoo,Top 10,Active,509,39,45,,8,4420,BGR North,18,14,,38
2026-01,OUT0003,Shoppers Stop - Ludhiana 3,Shoppers Stop,Department Store,Ludhiana,Punjab,North,SKU0023,Northline Conditioner B,Northline,Haircare,Conditioner,Others,Active,379,8,12,,0,0,BGR North,4,4,,35
2026-01,OUT0003,Shoppers Stop - Ludhiana 3,Shoppers Stop,Department Store,Ludhiana,Punjab,North,SKU0027,Lumina EDP B,Lumina,Fragrance,EDP,Top 10,Active,529,18,23,,9,4957,BGR North,16,14,,53
2026-01,OUT0003,Shoppers Stop - Ludhiana 3,Shoppers Stop,Department Store,Ludhiana,Punjab,North,SKU0029,Blush & Co EDT B,Blush & Co,Fragrance,EDT,Top 25,Active,479,12,13,,3,1761,BGR North,6,4,,57
2026-01,OUT0003,Shoppers Stop - Ludhiana 3,Shoppers Stop,Department Store,Ludhiana,Punjab,North,SKU0031,Lumina Body Mist A,Lumina,Fragrance,Body Mist,Top 25,Active,2119,4,7,,5,9979,BGR North,8,8,,58
2026-01,OUT0003,Shoppers Stop - Ludhiana 3,Shoppers Stop,Department Store,Ludhiana,Punjab,North,SKU0033,Northline Body Lotion A,Northline,Bath & Body,Body Lotion,Top 10,Active,1239,0,0,,12,13458,BGR North,14,13,,39
2026-01,OUT0003,Shoppers Stop - Ludhiana 3,Shoppers Stop,Department Store,Ludhiana,Punjab,North,SKU0035,Northline Body Wash A,Northline,Bath & Body,Body Wash,Others,Active,469,0,0,,0,0,BGR North,1,0,,37
2026-01,OUT0003,Shoppers Stop - Ludhiana 3,Shoppers Stop,Department Store,Ludhiana,Punjab,North,SKU0037,Verde Body Wash C,Verde,Bath & Body,Body Wash,Top 25,Active,2239,11,11,,3,7929,BGR North,3,3,,42
2026-01,OUT0003,Shoppers Stop - Ludhiana 3,Shoppers Stop,Department Store,Ludhiana,Punjab,North,SKU0039,Northline Hand Cream B,Northline,Bath & Body,Hand Cream,Others,Active,1189,21,0,,1,1210,BGR North,2,1,,43
2026-01,OUT0004,Shoppers Stop - Kolkata 4,Shoppers Stop,Department Store,Kolkata,West Bengal,East,SKU0001,Blush & Co Moisturizer A,Blush & Co,Skincare,Moisturizer,Others,Active,2319,9,13,,3,6707,BGR East,7,7,,44
2026-01,OUT0004,Shoppers Stop - Kolkata 4,Shoppers Stop,Department Store,Kolkata,West Bengal,East,SKU0002,Verde Moisturizer B,Verde,Skincare,Moisturizer,Top 10,Active,1179,66,82,,26,32026,BGR East,45,42,,48
2026-01,OUT0004,Shoppers Stop - Kolkata 4,Shoppers Stop,Department Store,Kolkata,West Bengal,East,SKU0003,Verde Serum A,Verde,Skincare,Serum,Top 25,Active,2419,25,25,,23,59049,BGR East,23,23,,42
2026-01,OUT0004,Shoppers Stop - Kolkata 4,Shoppers Stop,Department Store,Kolkata,West Bengal,East,SKU0004,Northline Serum B,Northline,Skincare,Serum,Top 25,Active,2489,66,67,,19,46566,BGR East,20,20,,45
2026-01,OUT0004,Shoppers Stop - Kolkata 4,Shoppers Stop,Department Store,Kolkata,West Bengal,East,SKU0005,Northline Serum C,Northline,Skincare,Serum,Others,Inactive,1819,21,24,,1,2155,BGR East,4,4,,43
2026-01,OUT0004,Shoppers Stop - Kolkata 4,Shoppers Stop,Department Store,Kolkata,West Bengal,East,SKU0006,Blush & Co Cleanser A,Blush & Co,Skincare,Cleanser,Top 10,Active,289,128,136,,50,14416,BGR East,58,58,,44
2026-01,OUT0004,Shoppers Stop - Kolkata 4,Shoppers Stop,Department Store,Kolkata,West Bengal,East,SKU0007,Northline Cleanser B,Northline,Skincare,Cleanser,Others,Active,1809,12,33,,4,8342,BGR East,10,7,,45
2026-01,OUT0004,Shoppers Stop - Kolkata 4,Shoppers Stop,Department Store,Kolkata,West Bengal,East,SKU0008,Lumina Sunscreen A,Lumina,Skincare,Sunscreen,Others,Active,1599,10,14,,2,2884,BGR East,6,6,,47
2026-01,OUT0004,Shoppers Stop - Kolkata 4,Shoppers Stop,Department Store,Kolkata,West Bengal,East,SKU0009,Blush & Co Sunscreen B,Blush & Co,Skincare,Sunscreen,Others,Inactive,1629,41,47,,4,7426,BGR East,11,10,,46
2026-01,OUT0004,Shoppers Stop - Kolkata 4,Shoppers Stop,Department Store,Kolkata,West Bengal,East,SKU0011,Lumina Foundation B,Lumina,Makeup,Foundation,Top 10,Inactive,1889,37,0,,15,30172,BGR East,21,14,,52
2026-01,OUT0004,Shoppers Stop - Kolkata 4,Shoppers Stop,Department Store,Kolkata,West Bengal,East,SKU0012,Northline Lipstick A,Northline,Makeup,Lipstick,Others,Active,2429,25,26,,3,7982,BGR East,5,4,,52
2026-01,OUT0004,Shoppers Stop - Kolkata 4,Shoppers Stop,Department Store,Kolkata,West Bengal,East,SKU0013,Northline Lipstick B,Northline,Makeup,Lipstick,Others,Active,2469,25,26,,0,0,BGR East,1,1,,51
2026-01,OUT0004,Shoppers Stop - Kolkata 4,Shoppers Stop,Department Store,Kolkata,West Bengal,East,SKU0014,Lumina Lipstick C,Lumina,Makeup,Lipstick,Top 25,Active,1729,96,96,,12,22102,BGR East,12,12,,47
2026-01,OUT0004,Shoppers Stop - Kolkata 4,Shoppers Stop,Department Store,Kolkata,West Bengal,East,SKU0015,Blush & Co Mascara A,Blush & Co,Makeup,Mascara,Top 25,Active,1219,90,0,,18,26855,BGR East,26,26,,47
2026-01,OUT0004,Shoppers Stop - Kolkata 4,Shoppers Stop,Department Store,Kolkata,West Bengal,East,SKU0016,Verde Mascara B,Verde,Makeup,Mascara,Top 25,Active,199,18,0,,8,1506,BGR East,16,16,,50
2026-01,OUT0004,Shoppers Stop - Kolkata 4,Shoppers Stop,Department Store,Kolkata,West Bengal,East,SKU0018,Northline Eyeliner A,Northline,Makeup,Eyeliner,Others,Active,1959,11,12,,1,1820,BGR East,2,2,,49
2026-01,OUT0004,Shoppers Stop - Kolkata 4,Shoppers Stop,Department Store,Kolkata,West Bengal,East,SKU0020,Lumina Shampoo A,Lumina,Haircare,Shampoo,Top 10,Active,509,89,116,,29,13981,BGR East,56,56,,36
2026-01,OUT0004,Shoppers Stop - Kolkata 4,Shoppers Stop,Department Store,Kolkata,West Bengal,East,SKU0022,Northline Conditioner A,Northline,Haircare,Conditioner,Others,Active,779,13,16,,4,3778,BGR East,8,7,,32
2026-01,OUT0004,Shoppers Stop - Kolkata 4,Shoppers Stop,Department Store,Kolkata,West Bengal,East,SKU0027,Lumina EDP B,Lumina,Fragrance,EDP,Top 10,Active,529,7,18,,26,15052,BGR East,47,37,,56
2026-01,OUT0004,Shoppers Stop - Kolkata 4,Shoppers Stop,Department Store,Kolkata,West Bengal,East,SKU0029,Blush & Co EDT B,Blush & Co,Fragrance,EDT,Top 25,Active,479,0,0,,7,3378,BGR East,15,10,,57
2026-01,OUT0004,Shoppers Stop - Kolkata 4,Shoppers Stop,Department Store,Kolkata,West Bengal,East,SKU0031,Lumina Body Mist A,Lumina,Fragrance,Body Mist,Top 25,Active,2119,94,94,,12,30137,BGR East,14,12,,56
2026-01,OUT0004,Shoppers Stop - Kolkata 4,Shoppers Stop,Department Store,Kolkata,West Bengal,East,SKU0033,Northline Body Lotion A,Northline,Bath & Body,Body Lotion,Top 10,Active,1239,42,50,,25,35204,BGR East,37,33,,37
2026-01,OUT0004,Shoppers Stop - Kolkata 4,Shoppers Stop,Department Store,Kolkata,West Bengal,East,SKU0036,Northline Body Wash B,Northline,Bath & Body,Body Wash,Others,Active,1179,22,22,,1,1349,BGR East,1,1,,37
2026-01,OUT0004,Shoppers Stop - Kolkata 4,Shoppers Stop,Department Store,Kolkata,West Bengal,East,SKU0037,Verde Body Wash C,Verde,Bath & Body,Body Wash,Top 25,Active,2239,22,32,,13,31368,BGR East,26,23,,40
2026-01,OUT0004,Shoppers Stop - Kolkata 4,Shoppers Stop,Department Store,Kolkata,West Bengal,East,SKU0038,Blush & Co Hand Cream A,Blush & Co,Bath & Body,Hand Cream,Others,Active,489,51,0,,3,1476,BGR East,5,4,,38
2026-01,OUT0005,Shoppers Stop - Noida 5,Shoppers Stop,Department Store,Noida,UP,North,SKU0001,Blush & Co Moisturizer A,Blush & Co,Skincare,Moisturizer,Others,Active,2319,0,1,,0,0,BGR North,1,1,,47
2026-01,OUT0005,Shoppers Stop - Noida 5,Shoppers Stop,Department Store,Noida,UP,North,SKU0002,Verde Moisturizer B,Verde,Skincare,Moisturizer,Top 10,Active,1179,54,56,,6,7224,BGR North,9,8,,42
2026-01,OUT0005,Shoppers Stop - Noida 5,Shoppers Stop,Department Store,Noida,UP,North,SKU0003,Verde Serum A,Verde,Skincare,Serum,Top 25,Active,2419,32,36,,4,9474,BGR North,8,8,,48
2026-01,OUT0005,Shoppers Stop - Noida 5,Shoppers Stop,Department Store,Noida,UP,North,SKU0004,Northline Serum B,Northline,Skincare,Serum,Top 25,Active,2489,17,20,,2,5910,BGR North,8,5,,46
2026-01,OUT0005,Shoppers Stop - Noida 5,Shoppers Stop,Department Store,Noida,UP,North,SKU0006,Blush & Co Cleanser A,Blush & Co,Skincare,Cleanser,Top 10,Active,289,69,71,,11,3449,BGR North,13,13,,43
2026-01,OUT0005,Shoppers Stop - Noida 5,Shoppers Stop,Department Store,Noida,UP,North,SKU0010,Blush & Co Foundation A,Blush & Co,Makeup,Foundation,Others,Active,1419,13,0,,1,1514,BGR North,2,1,,51
2026-01,OUT0005,Shoppers Stop - Noida 5,Shoppers Stop,Department Store,Noida,UP,North,SKU0011,Lumina Foundation B,Lumina,Makeup,Foundation,Top 10,Inactive,1889,12,12,,5,11455,BGR North,7,5,,50
2026-01,OUT0005,Shoppers Stop - Noida 5,Shoppers Stop,Department Store,Noida,UP,North,SKU0012,Northline Lipstick A,Northline,Makeup,Lipstick,Others,Active,2429,16,19,,0,0,BGR North,4,3,,47
2026-01,OUT0005,Shoppers Stop - Noida 5,Shoppers Stop,Department Store,Noida,UP,North,SKU0014,Lumina Lipstick C,Lumina,Makeup,Lipstick,Top 25,Active,1729,32,37,,3,4773,BGR North,9,8,,53
2026-01,OUT0005,Shoppers Stop - Noida 5,Shoppers Stop,Department Store,Noida,UP,North,SKU0015,Blush & Co Mascara A,Blush & Co,Makeup,Mascara,Top 25,Active,1219,10,9,,3,4362,BGR North,3,2,,50
2026-01,OUT0005,Shoppers Stop - Noida 5,Shoppers Stop,Department Store,Noida,UP,North,SKU0016,Verde Mascara B,Verde,Makeup,Mascara,Top 25,Active,199,15,15,,5,1095,BGR North,8,5,,52
2026-01,OUT0005,Shoppers Stop - Noida 5,Shoppers Stop,Department Store,Noida,UP,North,SKU0017,Lumina Mascara C,Lumina,Makeup,Mascara,Top 10,Active,529,50,50,,5,2529,BGR North,7,5,,51
2026-01,OUT0005,Shoppers Stop - Noida 5,Shoppers Stop,Department Store,Noida,UP,North,SKU0018,Northline Eyeliner A,Northline,Makeup,Eyeliner,Others,Active,1959,26,28,,0,0,BGR North,2,2,,49
2026-01,OUT0005,Shoppers Stop - Noida 5,Shoppers Stop,Department Store,Noida,UP,North,SKU0019,Northline Eyeliner B,Northline,Makeup,Eyeliner,Others,Active,1889,9,9,,0,0,BGR North,0,0,,51
2026-01,OUT0005,Shoppers Stop - Noida 5,Shoppers Stop,Department Store,Noida,UP,North,SKU0020,Lumina Shampoo A,Lumina,Haircare,Shampoo,Top 10,Active,509,20,30,,33,19183,BGR North,54,43,,38
2026-01,OUT0005,Shoppers Stop - Noida 5,Shoppers Stop,Department Store,Noida,UP,North,SKU0021,Verde Shampoo B,Verde,Haircare,Shampoo,Others,Active,1319,8,9,,1,1210,BGR North,3,2,,35
2026-01,OUT0005,Shoppers Stop - Noida 5,Shoppers Stop,Department Store,Noida,UP,North,SKU0022,Northline Conditioner A,Northline,Haircare,Conditioner,Others,Active,779,19,21,,1,818,BGR North,3,3,,36
2026-01,OUT0005,Shoppers Stop - Noida 5,Shoppers Stop,Department Store,Noida,UP,North,SKU0027,Lumina EDP B,Lumina,Fragrance,EDP,Top 10,Active,529,45,47,,7,4046,BGR North,14,9,,57
2026-01,OUT0005,Shoppers Stop - Noida 5,Shoppers Stop,Department Store,Noida,UP,North,SKU0029,Blush & Co EDT B,Blush & Co,Fragrance,EDT,Top 25,Active,479,19,22,,3,1630,BGR North,7,6,,58
2026-01,OUT0005,Shoppers Stop - Noida 5,Shoppers Stop,Department Store,Noida,UP,North,SKU0033,Northline Body Lotion A,Northline,Bath & Body,Body Lotion,Top 10,Active,1239,90,93,,9,13352,BGR North,15,12,,40
2026-01,OUT0005,Shoppers Stop - Noida 5,Shoppers Stop,Department Store,Noida,UP,North,SKU0034,Northline Body Lotion B,Northline,Bath & Body,Body Lotion,Top 25,Active,989,0,0,,8,8725,BGR North,9,6,,39
2026-01,OUT0005,Shoppers Stop - Noida 5,Shoppers Stop,Department Store,Noida,UP,North,SKU0035,Northline Body Wash A,Northline,Bath & Body,Body Wash,Others,Active,469,18,22,,0,0,BGR North,5,4,,38
2026-01,OUT0005,Shoppers Stop - Noida 5,Shoppers Stop,Department Store,Noida,UP,North,SKU0036,Northline Body Wash B,Northline,Bath & Body,Body Wash,Others,Active,1179,13,15,,0,0,BGR North,3,2,,38
2026-01,OUT0005,Shoppers Stop - Noida 5,Shoppers Stop,Department Store,Noida,UP,North,SKU0037,Verde Body Wash C,Verde,Bath & Body,Body Wash,Top 25,Active,2239,9,12,,3,7030,BGR North,6,6,,42
2026-01,OUT0005,Shoppers Stop - Noida 5,Shoppers Stop,Department Store,Noida,UP,North,SKU0038,Blush & Co Hand Cream A,Blush & Co,Bath & Body,Hand Cream,Others,Active,489,13,15,,1,511,BGR North,4,3,,42
2026-01,OUT0005,Shoppers Stop - Noida 5,Shoppers Stop,Department Store,Noida,UP,North,SKU0039,Northline Hand Cream B,Northline,Bath & Body,Hand Cream,Others,Active,1189,22,23,,0,0,BGR North,2,1,,43
2026-01,OUT0006,Shoppers Stop - Surat 6,Shoppers Stop,Department Store,Surat,Gujarat,West,SKU0001,Blush & Co Moisturizer A,Blush & Co,Skincare,Moisturizer,Others,Active,2319,0,0,,0,0,BGR West,1,0,,47
2026-01,OUT0006,Shoppers Stop - Surat 6,Shoppers Stop,Department Store,Surat,Gujarat,West,SKU0002,Verde Moisturizer B,Verde,Skincare,Moisturizer,Top 10,Active,1179,50,62,,10,12880,BGR West,25,22,,43
2026-01,OUT0006,Shoppers Stop - Surat 6,Shoppers Stop,Department Store,Surat,Gujarat,West,SKU0003,Verde Serum A,Verde,Skincare,Serum,Top 25,Active,2419,41,46,,5,11776,BGR West,12,10,,45
2026-01,OUT0006,Shoppers Stop - Surat 6,Shoppers Stop,Department Store,Surat,Gujarat,West,SKU0005,Northline Serum C,Northline,Skincare,Serum,Others,Inactive,1819,17,19,,0,0,BGR West,3,2,,45
2026-01,OUT0006,Shoppers Stop - Surat 6,Shoppers Stop,Department Store,Surat,Gujarat,West,SKU0006,Blush & Co Cleanser A,Blush & Co,Skincare,Cleanser,Top 10,Active,289,51,51,,16,5030,BGR West,16,16,,45
2026-01,OUT0006,Shoppers Stop - Surat 6,Shoppers Stop,Department Store,Surat,Gujarat,West,SKU0007,Northline Cleanser B,Northline,Skincare,Cleanser,Others,Active,1809,0,2,,1,1645,BGR West,4,3,,47
2026-01,OUT0006,Shoppers Stop - Surat 6,Shoppers Stop,Department Store,Surat,Gujarat,West,SKU0008,Lumina Sunscreen A,Lumina,Skincare,Sunscreen,Others,Active,1599,21,0,,0,0,BGR West,4,4,,48
2026-01,OUT0006,Shoppers Stop - Surat 6,Shoppers Stop,Department Store,Surat,Gujarat,West,SKU0011,Lumina Foundation B,Lumina,Makeup,Foundation,Top 10,Inactive,1889,58,66,,7,15803,BGR West,15,15,,50
2026-01,OUT0006,Shoppers Stop - Surat 6,Shoppers Stop,Department Store,Surat,Gujarat,West,SKU0012,Northline Lipstick A,Northline,Makeup,Lipstick,Others,Active,2429,18,19,,0,0,BGR West,1,1,,50
2026-01,OUT0006,Shoppers Stop - Surat 6,Shoppers Stop,Department Store,Surat,Gujarat,West,SKU0013,Northline Lipstick B,Northline,Makeup,Lipstick,Others,Active,2469,9,11,,0,0,BGR West,4,2,,53
2026-01,OUT0006,Shoppers Stop - Surat 6,Shoppers Stop,Department Store,Surat,Gujarat,West,SKU0014,Lumina Lipstick C,Lumina,Makeup,Lipstick,Top 25,Active,1729,16,14,,4,6997,BGR West,4,2,,50
2026-01,OUT0006,Shoppers Stop - Surat 6,Shoppers Stop,Department Store,Surat,Gujarat,West,SKU0016,Verde Mascara B,Verde,Makeup,Mascara,Top 25,Active,199,26,26,,5,1112,BGR West,6,5,,48
2026-01,OUT0006,Shoppers Stop - Surat 6,Shoppers Stop,Department Store,Surat,Gujarat,West,SKU0017,Lumina Mascara C,Lumina,Makeup,Mascara,Top 10,Active,529,39,44,,8,4869,BGR West,13,13,,47
2026-01,OUT0006,Shoppers Stop - Surat 6,Shoppers Stop,Department Store,Surat,Gujarat,West,SKU0018,Northline Eyeliner A,Northline,Makeup,Eyeliner,Others,Active,1959,12,0,,0,0,BGR West,3,2,,49
2026-01,OUT0006,Shoppers Stop - Surat 6,Shoppers Stop,Department Store,Surat,Gujarat,West,SKU0020,Lumina Shampoo A,Lumina,Haircare,Shampoo,Top 10,Active,509,15,23,,6,2920,BGR West,15,14,,33
2026-01,OUT0006,Shoppers Stop - Surat 6,Shoppers Stop,Department Store,Surat,Gujarat,West,SKU0021,Verde Shampoo B,Verde,Haircare,Shampoo,Others,Active,1319,13,18,,1,1178,BGR West,6,6,,35
2026-01,OUT0006,Shoppers Stop - Surat 6,Shoppers Stop,Department Store,Surat,Gujarat,West,SKU0027,Lumina EDP B,Lumina,Fragrance,EDP,Top 10,Active,529,27,29,,6,2915,BGR West,9,8,,55
2026-01,OUT0006,Shoppers Stop - Surat 6,Shoppers Stop,Department Store,Surat,Gujarat,West,SKU0028,Northline EDT A,Northline,Fragrance,EDT,Top 25,Active,1109,0,2,,4,4292,BGR West,7,6,,56
2026-01,OUT0006,Shoppers Stop - Surat 6,Shoppers Stop,Department Store,Surat,Gujarat,West,SKU0031,Lumina Body Mist A,Lumina,Fragrance,Body Mist,Top 25,Active,2119,24,30,,6,11740,BGR West,12,12,,57
2026-01,OUT0006,Shoppers Stop - Surat 6,Shoppers Stop,Department Store,Surat,Gujarat,West,SKU0033,Northline Body Lotion A,Northline,Bath & Body,Body Lotion,Top 10,Active,1239,44,0,,16,22334,BGR West,32,30,,43
2026-01,OUT0006,Shoppers Stop - Surat 6,Shoppers Stop,Department Store,Surat,Gujarat,West,SKU0034,Northline Body Lotion B,Northline,Bath & Body,Body Lotion,Top 25,Active,989,0,4,,4,4532,BGR West,11,8,,43
2026-01,OUT0006,Shoppers Stop - Surat 6,Shoppers Stop,Department Store,Surat,Gujarat,West,SKU0035,Northline Body Wash A,Northline,Bath & Body,Body Wash,Others,Active,469,0,0,,1,560,BGR West,3,3,,42
2026-01,OUT0006,Shoppers Stop - Surat 6,Shoppers Stop,Department Store,Surat,Gujarat,West,SKU0036,Northline Body Wash B,Northline,Bath & Body,Body Wash,Others,Active,1179,18,18,,0,0,BGR West,0,0,,43
2026-01,OUT0006,Shoppers Stop - Surat 6,Shoppers Stop,Department Store,Surat,Gujarat,West,SKU0037,Verde Body Wash C,Verde,Bath & Body,Body Wash,Top 25,Active,2239,20,19,,2,4606,BGR West,2,1,,39
2026-01,OUT0006,Shoppers Stop - Surat 6,Shoppers Stop,Department Store,Surat,Gujarat,West,SKU0039,Northline Hand Cream B,Northline,Bath & Body,Hand Cream,Others,Active,1189,30,33,,1,1461,BGR West,4,4,,42
2026-01,OUT0007,Shoppers Stop - Hyderabad 7,Shoppers Stop,Department Store,Hyderabad,Telangana,South,SKU0002,Verde Moisturizer B,Verde,Skincare,Moisturizer,Top 10,Active,1179,43,45,,7,9785,BGR South,13,9,,48
2026-01,OUT0007,Shoppers Stop - Hyderabad 7,Shoppers Stop,Department Store,Hyderabad,Telangana,South,SKU0005,Northline Serum C,Northline,Skincare,Serum,Others,Inactive,1819,7,9,,0,0,BGR South,3,2,,45
2026-01,OUT0007,Shoppers Stop - Hyderabad 7,Shoppers Stop,Department Store,Hyderabad,Telangana,South,SKU0006,Blush & Co Cleanser A,Blush & Co,Skincare,Cleanser,Top 10,Active,289,5,0,,18,5833,BGR South,17,11,,44
2026-01,OUT0007,Shoppers Stop - Hyderabad 7,Shoppers Stop,Department Store,Hyderabad,Telangana,South,SKU0008,Lumina Sunscreen A,Lumina,Skincare,Sunscreen,Others,Active,1599,10,13,,0,0,BGR South,4,3,,42
2026-01,OUT0007,Shoppers Stop - Hyderabad 7,Shoppers Stop,Department Store,Hyderabad,Telangana,South,SKU0009,Blush & Co Sunscreen B,Blush & Co,Skincare,Sunscreen,Others,Inactive,1629,8,12,,1,1519,BGR South,6,5,,45
2026-01,OUT0007,Shoppers Stop - Hyderabad 7,Shoppers Stop,Department Store,Hyderabad,Telangana,South,SKU0010,Blush & Co Foundation A,Blush & Co,Makeup,Foundation,Others,Active,1419,20,24,,1,1291,BGR South,5,5,,50
2026-01,OUT0007,Shoppers Stop - Hyderabad 7,Shoppers Stop,Department Store,Hyderabad,Telangana,South,SKU0011,Lumina Foundation B,Lumina,Makeup,Foundation,Top 10,Inactive,1889,52,54,,7,14846,BGR South,10,9,,53
2026-01,OUT0007,Shoppers Stop - Hyderabad 7,Shoppers Stop,Department Store,Hyderabad,Telangana,South,SKU0012,Northline Lipstick A,Northline,Makeup,Lipstick,Others,Active,2429,0,0,,0,0,BGR South,4,4,,49
2026-01,OUT0007,Shoppers Stop - Hyderabad 7,Shoppers Stop,Department Store,Hyderabad,Telangana,South,SKU0014,Lumina Lipstick C,Lumina,Makeup,Lipstick,Top 25,Active,1729,46,50,,3,5987,BGR South,8,7,,50
2026-01,OUT0007,Shoppers Stop - Hyderabad 7,Shoppers Stop,Department Store,Hyderabad,Telangana,South,SKU0015,Blush & Co Mascara A,Blush & Co,Makeup,Mascara,Top 25,Active,1219,29,34,,6,8711,BGR South,14,11,,50
2026-01,OUT0007,Shoppers Stop - Hyderabad 7,Shoppers Stop,Department Store,Hyderabad,Telangana,South,SKU0016,Verde Mascara B,Verde,Makeup,Mascara,Top 25,Active,199,17,0,,5,1166,BGR South,8,7,,51
2026-01,OUT0007,Shoppers Stop - Hyderabad 7,Shoppers Stop,Department Store,Hyderabad,Telangana,South,SKU0017,Lumina Mascara C,Lumina,Makeup,Mascara,Top 10,Active,529,37,0,,9,4439,BGR South,20,20,,47
2026-01,OUT0007,Shoppers Stop - Hyderabad 7,Shoppers Stop,Department Store,Hyderabad,Telangana,South,SKU0018,Northline Eyeliner A,Northline,Makeup,Eyeliner,Others,Active,1959,16,17,,1,2106,BGR South,3,2,,48
2026-01,OUT0007,Shoppers Stop - Hyderabad 7,Shoppers Stop,Department Store,Hyderabad,Telangana,South,SKU0019,Northline Eyeliner B,Northline,Makeup,Eyeliner,Others,Active,1889,14,17,,1,2292,BGR South,4,4,,52
2026-01,OUT0007,Shoppers Stop - Hyderabad 7,Shoppers Stop,Department Store,Hyderabad,Telangana,South,SKU0022,Northline Conditioner A,Northline,Haircare,Conditioner,Others,Active,779,7,7,,2,1842,BGR South,2,2,,36
2026-01,OUT0007,Shoppers Stop - Hyderabad 7,Shoppers Stop,Department Store,Hyderabad,Telangana,South,SKU0023,Northline Conditioner B,Northline,Haircare,Conditioner,Others,Active,379,11,12,,0,0,BGR South,2,1,,33
2026-01,OUT0007,Shoppers Stop - Hyderabad 7,Shoppers Stop,Department Store,Hyderabad,Telangana,South,SKU0027,Lumina EDP B,Lumina,Fragrance,EDP,Top 10,Active,529,66,73,,9,5658,BGR South,16,16,,53
2026-01,OUT0007,Shoppers Stop - Hyderabad 7,Shoppers Stop,Department Store,Hyderabad,Telangana,South,SKU0031,Lumina Body Mist A,Lumina,Fragrance,Body Mist,Top 25,Active,2119,54,58,,4,9233,BGR South,9,8,,58
2026-01,OUT0007,Shoppers Stop - Hyderabad 7,Shoppers Stop,Department Store,Hyderabad,Telangana,South,SKU0032,Northline Body Mist B,Northline,Fragrance,Body Mist,Others,Inactive,2229,15,15,,1,2154,BGR South,2,1,,52
2026-01,OUT0007,Shoppers Stop - Hyderabad 7,Shoppers Stop,Department Store,Hyderabad,Telangana,South,SKU0034,Northline Body Lotion B,Northline,Bath & Body,Body Lotion,Top 25,Active,989,41,40,,4,4491,BGR South,4,3,,39
2026-01,OUT0007,Shoppers Stop - Hyderabad 7,Shoppers Stop,Department Store,Hyderabad,Telangana,South,SKU0035,Northline Body Wash A,Northline,Bath & Body,Body Wash,Others,Active,469,16,17,,1,443,BGR South,3,2,,43
2026-01,OUT0007,Shoppers Stop - Hyderabad 7,Shoppers Stop,Department Store,Hyderabad,Telangana,South,SKU0036,Northline Body Wash B,Northline,Bath & Body,Body Wash,Others,Active,1179,8,9,,0,0,BGR South,2,1,,38
2026-01,OUT0007,Shoppers Stop - Hyderabad 7,Shoppers Stop,Department Store,Hyderabad,Telangana,South,SKU0037,Verde Body Wash C,Verde,Bath & Body,Body Wash,Top 25,Active,2239,14,13,,3,6292,BGR South,3,2,,43
2026-01,OUT0007,Shoppers Stop - Hyderabad 7,Shoppers Stop,Department Store,Hyderabad,Telangana,South,SKU0039,Northline Hand Cream B,Northline,Bath & Body,Hand Cream,Others,Active,1189,5,6,,2,2315,BGR South,5,3,,39
2026-01,OUT0008,Shoppers Stop - Ahmedabad 8,Shoppers Stop,Department Store,Ahmedabad,Gujarat,West,SKU0002,Verde Moisturizer B,Verde,Skincare,Moisturizer,Top 10,Active,1179,10,9,,12,13113,BGR West,13,11,,44
2026-01,OUT0008,Shoppers Stop - Ahmedabad 8,Shoppers Stop,Department Store,Ahmedabad,Gujarat,West,SKU0003,Verde Serum A,Verde,Skincare,Serum,Top 25,Active,2419,23,28,,10,26429,BGR West,19,15,,48
2026-01,OUT0008,Shoppers Stop - Ahmedabad 8,Shoppers Stop,Department Store,Ahmedabad,Gujarat,West,SKU0004,Northline Serum B,Northline,Skincare,Serum,Top 25,Active,2489,35,38,,3,8383,BGR West,7,6,,47
2026-01,OUT0008,Shoppers Stop - Ahmedabad 8,Shoppers Stop,Department Store,Ahmedabad,Gujarat,West,SKU0006,Blush & Co Cleanser A,Blush & Co,Skincare,Cleanser,Top 10,Active,289,26,42,,29,10470,BGR West,48,45,,45
2026-01,OUT0008,Shoppers Stop - Ahmedabad 8,Shoppers Stop,Department Store,Ahmedabad,Gujarat,West,SKU0010,Blush & Co Foundation A,Blush & Co,Makeup,Foundation,Others,Active,1419,22,25,,2,2810,BGR West,5,5,,49
2026-01,OUT0008,Shoppers Stop - Ahmedabad 8,Shoppers Stop,Department Store,Ahmedabad,Gujarat,West,SKU0011,Lumina Foundation B,Lumina,Makeup,Foundation,Top 10,Inactive,1889,5,15,,13,29889,BGR West,23,23,,47
2026-01,OUT0008,Shoppers Stop - Ahmedabad 8,Shoppers Stop,Department Store,Ahmedabad,Gujarat,West,SKU0012,Northline Lipstick A,Northline,Makeup,Lipstick,Others,Active,2429,21,21,,0,0,BGR West,0,0,,53
2026-01,OUT0008,Shoppers Stop - Ahmedabad 8,Shoppers Stop,Department Store,Ahmedabad,Gujarat,West,SKU0013,Northline Lipstick B,Northline,Makeup,Lipstick,Others,Active,2469,17,18,,0,0,BGR West,2,1,,48
2026-01,OUT0008,Shoppers Stop - Ahmedabad 8,Shoppers Stop,Department Store,Ahmedabad,Gujarat,West,SKU0014,Lumina Lipstick C,Lumina,Makeup,Lipstick,Top 25,Active,1729,34,52,,15,24491,BGR West,33,33,,51
2026-01,OUT0008,Shoppers Stop - Ahmedabad 8,Shoppers Stop,Department Store,Ahmedabad,Gujarat,West,SKU0015,Blush & Co Mascara A,Blush & Co,Makeup,Mascara,Top 25,Active,1219,90,96,,9,12997,BGR West,17,15,,51
2026-01,OUT0008,Shoppers Stop - Ahmedabad 8,Shoppers Stop,Department Store,Ahmedabad,Gujarat,West,SKU0017,Lumina Mascara C,Lumina,Makeup,Mascara,Top 10,Active,529,155,159,,8,3941,BGR West,12,12,,49
2026-01,OUT0008,Shoppers Stop - Ahmedabad 8,Shoppers Stop,Department Store,Ahmedabad,Gujarat,West,SKU0019,Northline Eyeliner B,Northline,Makeup,Eyeliner,Others,Active,1889,20,25,,1,2339,BGR West,6,6,,51
2026-01,OUT0008,Shoppers Stop - Ahmedabad 8,Shoppers Stop,Department Store,Ahmedabad,Gujarat,West,SKU0020,Lumina Shampoo A,Lumina,Haircare,Shampoo,Top 10,Active,509,104,106,,19,12112,BGR West,27,21,,38
2026-01,OUT0008,Shoppers Stop - Ahmedabad 8,Shoppers Stop,Department Store,Ahmedabad,Gujarat,West,SKU0021,Verde Shampoo B,Verde,Haircare,Shampoo,Others,Active,1319,28,29,,2,3272,BGR West,5,3,,35
2026-01,OUT0008,Shoppers Stop - Ahmedabad 8,Shoppers Stop,Department Store,Ahmedabad,Gujarat,West,SKU0023,Northline Conditioner B,Northline,Haircare,Conditioner,Others,Active,379,2,2,,0,0,BGR West,0,0,,33
2026-01,OUT0008,Shoppers Stop - Ahmedabad 8,Shoppers Stop,Department Store,Ahmedabad,Gujarat,West,SKU0027,Lumina EDP B,Lumina,Fragrance,EDP,Top 10,Active,529,8,11,,18,8884,BGR West,24,21,,57
2026-01,OUT0008,Shoppers Stop - Ahmedabad 8,Shoppers Stop,Department Store,Ahmedabad,Gujarat,West,SKU0028,Northline EDT A,Northline,Fragrance,EDT,Top 25,Active,1109,39,49,,12,15565,BGR West,25,22,,58
2026-01,OUT0008,Shoppers Stop - Ahmedabad 8,Shoppers Stop,Department Store,Ahmedabad,Gujarat,West,SKU0033,Northline Body Lotion A,Northline,Bath & Body,Body Lotion,Top 10,Active,1239,86,89,,16,24375,BGR West,21,19,,43
2026-01,OUT0008,Shoppers Stop - Ahmedabad 8,Shoppers Stop,Department Store,Ahmedabad,Gujarat,West,SKU0034,Northline Body Lotion B,Northline,Bath & Body,Body Lotion,Top 25,Active,989,72,74,,14,15058,BGR West,24,16,,38
2026-01,OUT0008,Shoppers Stop - Ahmedabad 8,Shoppers Stop,Department Store,Ahmedabad,Gujarat,West,SKU0035,Northline Body Wash A,Northline,Bath & Body,Body Wash,Others,Active,469,0,1,,1,470,BGR West,3,2,,43
2026-01,OUT0008,Shoppers Stop - Ahmedabad 8,Shoppers Stop,Department Store,Ahmedabad,Gujarat,West,SKU0037,Verde Body Wash C,Verde,Bath & Body,Body Wash,Top 25,Active,2239,37,38,,6,15057,BGR West,8,7,,40
2026-01,OUT0008,Shoppers Stop - Ahmedabad 8,Shoppers Stop,Department Store,Ahmedabad,Gujarat,West,SKU0039,Northline Hand Cream B,Northline,Bath & Body,Hand Cream,Others,Active,1189,0,3,,4,5099,BGR West,8,7,,38
2026-01,OUT0009,Shoppers Stop - Lucknow 9,Shoppers Stop,Department Store,Lucknow,UP,North,SKU0001,Blush & Co Moisturizer A,Blush & Co,Skincare,Moisturizer,Others,Active,2319,0,4,,2,5016,BGR North,7,6,,42
2026-01,OUT0009,Shoppers Stop - Lucknow 9,Shoppers Stop,Department Store,Lucknow,UP,North,SKU0002,Verde Moisturizer B,Verde,Skincare,Moisturizer,Top 10,Active,1179,77,0,,17,22085,BGR North,23,21,,42
2026-01,OUT0009,Shoppers Stop - Lucknow 9,Shoppers Stop,Department Store,Lucknow,UP,North,SKU0005,Northline Serum C,Northline,Skincare,Serum,Others,Inactive,1819,14,19,,0,0,BGR North,5,5,,46
2026-01,OUT0009,Shoppers Stop - Lucknow 9,Shoppers Stop,Department Store,Lucknow,UP,North,SKU0006,Blush & Co Cleanser A,Blush & Co,Skincare,Cleanser,Top 10,Active,289,43,27,,41,12863,BGR North,36,25,,42
2026-01,OUT0009,Shoppers Stop - Lucknow 9,Shoppers Stop,Department Store,Lucknow,UP,North,SKU0010,Blush & Co Foundation A,Blush & Co,Makeup,Foundation,Others,Active,1419,11,17,,4,5349,BGR North,12,10,,51
2026-01,OUT0009,Shoppers Stop - Lucknow 9,Shoppers Stop,Department Store,Lucknow,UP,North,SKU0011,Lumina Foundation B,Lumina,Makeup,Foundation,Top 10,Inactive,1889,69,76,,7,15556,BGR North,14,14,,48
2026-01,OUT0009,Shoppers Stop - Lucknow 9,Shoppers Stop,Department Store,Lucknow,UP,North,SKU0012,Northline Lipstick A,Northline,Makeup,Lipstick,Others,Active,2429,15,18,,1,2618,BGR North,5,4,,49
2026-01,OUT0009,Shoppers Stop - Lucknow 9,Shoppers Stop,Department Store,Lucknow,UP,North,SKU0015,Blush & Co Mascara A,Blush & Co,Makeup,Mascara,Top 25,Active,1219,116,117,,10,13613,BGR North,13,11,,48
2026-01,OUT0009,Shoppers Stop - Lucknow 9,Shoppers Stop,Department Store,Lucknow,UP,North,SKU0016,Verde Mascara B,Verde,Makeup,Mascara,Top 25,Active,199,43,44,,10,2467,BGR North,11,11,,52
2026-01,OUT0009,Shoppers Stop - Lucknow 9,Shoppers Stop,Department Store,Lucknow,UP,North,SKU0017,Lumina Mascara C,Lumina,Makeup,Mascara,Top 10,Active,529,34,37,,13,7446,BGR North,24,16,,49
2026-01,OUT0009,Shoppers Stop - Lucknow 9,Shoppers Stop,Department Store,Lucknow,UP,North,SKU0018,Northline Eyeliner A,Northline,Makeup,Eyeliner,Others,Active,1959,26,27,,1,1965,BGR North,2,2,,53
2026-01,OUT0009,Shoppers Stop - Lucknow 9,Shoppers Stop,Department Store,Lucknow,UP,North,SKU0019,Northline Eyeliner B,Northline,Makeup,Eyeliner,Others,Active,1889,34,36,,2,3901,BGR North,5,4,,53
2026-01,OUT0009,Shoppers Stop - Lucknow 9,Shoppers Stop,Department Store,Lucknow,UP,North,SKU0020,Lumina Shampoo A,Lumina,Haircare,Shampoo,Top 10,Active,509,23,29,,11,6856,BGR North,22,17,,38
2026-01,OUT0009,Shoppers Stop - Lucknow 9,Shoppers Stop,Department Store,Lucknow,UP,North,SKU0021,Verde Shampoo B,Verde,Haircare,Shampoo,Others,Active,1319,9,14,,3,4101,BGR North,8,8,,37
2026-01,OUT0009,Shoppers Stop - Lucknow 9,Shoppers Stop,Department Store,Lucknow,UP,North,SKU0022,Northline Conditioner A,Northline,Haircare,Conditioner,Others,Active,779,27,27,,4,3711,BGR North,6,4,,35
2026-01,OUT0009,Shoppers Stop - Lucknow 9,Shoppers Stop,Department Store,Lucknow,UP,North,SKU0027,Lumina EDP B,Lumina,Fragrance,EDP,Top 10,Active,529,7,19,,19,12316,BGR North,33,31,,58
2026-01,OUT0009,Shoppers Stop - Lucknow 9,Shoppers Stop,Department Store,Lucknow,UP,North,SKU0030,Blush & Co EDT C,Blush & Co,Fragrance,EDT,Others,Active,779,9,11,,3,2407,BGR North,6,5,,53
2026-01,OUT0009,Shoppers Stop - Lucknow 9,Shoppers Stop,Department Store,Lucknow,UP,North,SKU0031,Lumina Body Mist A,Lumina,Fragrance,Body Mist,Top 25,Active,2119,52,58,,15,34371,BGR North,30,21,,54
2026-01,OUT0009,Shoppers Stop - Lucknow 9,Shoppers Stop,Department Store,Lucknow,UP,North,SKU0032,Northline Body Mist B,Northline,Fragrance,Body Mist,Others,Inactive,2229,25,29,,2,4205,BGR North,7,6,,57
2026-01,OUT0009,Shoppers Stop - Lucknow 9,Shoppers Stop,Department Store,Lucknow,UP,North,SKU0033,Northline Body Lotion A,Northline,Bath & Body,Body Lotion,Top 10,Active,1239,97,104,,22,32379,BGR North,42,29,,40
2026-01,OUT0009,Shoppers Stop - Lucknow 9,Shoppers Stop,Department Store,Lucknow,UP,North,SKU0037,Verde Body Wash C,Verde,Bath & Body,Body Wash,Top 25,Active,2239,11,15,,0,0,BGR North,4,4,,38
2026-01,OUT0009,Shoppers Stop - Lucknow 9,Shoppers Stop,Department Store,Lucknow,UP,North,SKU0038,Blush & Co Hand Cream A,Blush & Co,Bath & Body,Hand Cream,Others,Active,489,23,27,,4,2276,BGR North,8,8,,38
2026-01,OUT0010,Shoppers Stop - Coimbatore 10,Shoppers Stop,Department Store,Coimbatore,Tamil Nadu,South,SKU0001,Blush & Co Moisturizer A,Blush & Co,Skincare,Moisturizer,Others,Active,2319,23,24,,0,0,BGR South,2,1,,47
2026-01,OUT0010,Shoppers Stop - Coimbatore 10,Shoppers Stop,Department Store,Coimbatore,Tamil Nadu,South,SKU0002,Verde Moisturizer B,Verde,Skincare,Moisturizer,Top 10,Active,1179,29,41,,18,20703,BGR South,32,30,,42
2026-01,OUT0010,Shoppers Stop - Coimbatore 10,Shoppers Stop,Department Store,Coimbatore,Tamil Nadu,South,SKU0003,Verde Serum A,Verde,Skincare,Serum,Top 25,Active,2419,79,83,,9,26656,BGR South,15,13,,47
2026-01,OUT0010,Shoppers Stop - Coimbatore 10,Shoppers Stop,Department Store,Coimbatore,Tamil Nadu,South,SKU0006,Blush & Co Cleanser A,Blush & Co,Skincare,Cleanser,Top 10,Active,289,69,74,,1,309,BGR South,6,6,,48
2026-01,OUT0010,Shoppers Stop - Coimbatore 10,Shoppers Stop,Department Store,Coimbatore,Tamil Nadu,South,SKU0008,Lumina Sunscreen A,Lumina,Skincare,Sunscreen,Others,Active,1599,7,9,,0,0,BGR South,3,2,,42
2026-01,OUT0010,Shoppers Stop - Coimbatore 10,Shoppers Stop,Department Store,Coimbatore,Tamil Nadu,South,SKU0009,Blush & Co Sunscreen B,Blush & Co,Skincare,Sunscreen,Others,Inactive,1629,0,0,,3,5389,BGR South,4,3,,45
2026-01,OUT0010,Shoppers Stop - Coimbatore 10,Shoppers Stop,Department Store,Coimbatore,Tamil Nadu,South,SKU0011,Lumina Foundation B,Lumina,Makeup,Foundation,Top 10,Inactive,1889,8,9,,11,19879,BGR South,18,12,,53
2026-01,OUT0010,Shoppers Stop - Coimbatore 10,Shoppers Stop,Department Store,Coimbatore,Tamil Nadu,South,SKU0012,Northline Lipstick A,Northline,Makeup,Lipstick,Others,Active,2429,20,21,,1,2796,BGR South,2,2,,51
2026-01,OUT0010,Shoppers Stop - Coimbatore 10,Shoppers Stop,Department Store,Coimbatore,Tamil Nadu,South,SKU0013,Northline Lipstick B,Northline,Makeup,Lipstick,Others,Active,2469,8,9,,0,0,BGR South,2,1,,47
2026-01,OUT0010,Shoppers Stop - Coimbatore 10,Shoppers Stop,Department Store,Coimbatore,Tamil Nadu,South,SKU0015,Blush & Co Mascara A,Blush & Co,Makeup,Mascara,Top 25,Active,1219,49,53,,7,7898,BGR South,12,11,,49
2026-01,OUT0010,Shoppers Stop - Coimbatore 10,Shoppers Stop,Department Store,Coimbatore,Tamil Nadu,South,SKU0017,Lumina Mascara C,Lumina,Makeup,Mascara,Top 10,Active,529,6,8,,7,4031,BGR South,10,9,,50
2026-01,OUT0010,Shoppers Stop - Coimbatore 10,Shoppers Stop,Department Store,Coimbatore,Tamil Nadu,South,SKU0020,Lumina Shampoo A,Lumina,Haircare,Shampoo,Top 10,Active,509,50,64,,11,6326,BGR South,27,25,,37
2026-01,OUT0010,Shoppers Stop - Coimbatore 10,Shoppers Stop,Department Store,Coimbatore,Tamil Nadu,South,SKU0023,Northline Conditioner B,Northline,Haircare,Conditioner,Others,Active,379,1,2,,0,0,BGR South,1,1,,35
2026-01,OUT0010,Shoppers Stop - Coimbatore 10,Shoppers Stop,Department Store,Coimbatore,Tamil Nadu,South,SKU0027,Lumina EDP B,Lumina,Fragrance,EDP,Top 10,Active,529,50,53,,10,5903,BGR South,17,13,,53
2026-01,OUT0010,Shoppers Stop - Coimbatore 10,Shoppers Stop,Department Store,Coimbatore,Tamil Nadu,South,SKU0028,Northline EDT A,Northline,Fragrance,EDT,Top 25,Active,1109,48,49,,10,13464,BGR South,13,11,,55
2026-01,OUT0010,Shoppers Stop - Coimbatore 10,Shoppers Stop,Department Store,Coimbatore,Tamil Nadu,South,SKU0030,Blush & Co EDT C,Blush & Co,Fragrance,EDT,Others,Active,779,13,16,,5,4668,BGR South,11,8,,54
2026-01,OUT0010,Shoppers Stop - Coimbatore 10,Shoppers Stop,Department Store,Coimbatore,Tamil Nadu,South,SKU0031,Lumina Body Mist A,Lumina,Fragrance,Body Mist,Top 25,Active,2119,38,39,,8,20337,BGR South,10,9,,58
2026-01,OUT0010,Shoppers Stop - Coimbatore 10,Shoppers Stop,Department Store,Coimbatore,Tamil Nadu,South,SKU0033,Northline Body Lotion A,Northline,Bath & Body,Body Lotion,Top 10,Active,1239,78,79,,18,27653,BGR South,24,19,,37
2026-01,OUT0010,Shoppers Stop - Coimbatore 10,Shoppers Stop,Department Store,Coimbatore,Tamil Nadu,South,SKU0034,Northline Body Lotion B,Northline,Bath & Body,Body Lotion,Top 25,Active,989,24,27,,6,6684,BGR South,9,9,,43
2026-01,OUT0010,Shoppers Stop - Coimbatore 10,Shoppers Stop,Department Store,Coimbatore,Tamil Nadu,South,SKU0035,Northline Body Wash A,Northline,Bath & Body,Body Wash,Others,Active,469,5,6,,2,870,BGR South,3,3,,41
2026-01,OUT0010,Shoppers Stop - Coimbatore 10,Shoppers Stop,Department Store,Coimbatore,Tamil Nadu,South,SKU0036,Northline Body Wash B,Northline,Bath & Body,Body Wash,Others,Active,1179,2,2,,0,0,BGR South,0,0,,37
2026-01,OUT0010,Shoppers Stop - Coimbatore 10,Shoppers Stop,Department Store,Coimbatore,Tamil Nadu,South,SKU0037,Verde Body Wash C,Verde,Bath & Body,Body Wash,Top 25,Active,2239,31,32,,3,6967,BGR South,7,4,,37
2026-01,OUT0010,Shoppers Stop - Coimbatore 10,Shoppers Stop,Department Store,Coimbatore,Tamil Nadu,South,SKU0038,Blush & Co Hand Cream A,Blush & Co,Bath & Body,Hand Cream,Others,Active,489,22,21,,2,913,BGR South,2,1,,40
2026-01,OUT0010,Shoppers Stop - Coimbatore 10,Shoppers Stop,Department Store,Coimbatore,Tamil Nadu,South,SKU0039,Northline Hand Cream B,Northline,Bath & Body,Hand Cream,Others,Active,1189,4,5,,3,4214,BGR South,4,4,,43
2026-01,OUT0011,Nykaa Luxe - Pune 1,Nykaa Luxe,MBO,Pune,Maharashtra,West,SKU0001,Blush & Co Moisturizer A,Blush & Co,Skincare,Moisturizer,Others,Active,2319,0,3,,2,5133,BGR West,5,5,,45
2026-01,OUT0011,Nykaa Luxe - Pune 1,Nykaa Luxe,MBO,Pune,Maharashtra,West,SKU0002,Verde Moisturizer B,Verde,Skincare,Moisturizer,Top 10,Active,1179,170,184,,26,33660,BGR West,40,40,,46
2026-01,OUT0011,Nykaa Luxe - Pune 1,Nykaa Luxe,MBO,Pune,Maharashtra,West,SKU0003,Verde Serum A,Verde,Skincare,Serum,Top 25,Active,2419,43,52,,14,42662,BGR West,26,23,,42
2026-01,OUT0011,Nykaa Luxe - Pune 1,Nykaa Luxe,MBO,Pune,Maharashtra,West,SKU0005,Northline Serum C,Northline,Skincare,Serum,Others,Inactive,1819,7,7,,2,4409,BGR West,4,2,,47
2026-01,OUT0011,Nykaa Luxe - Pune 1,Nykaa Luxe,MBO,Pune,Maharashtra,West,SKU0006,Blush & Co Cleanser A,Blush & Co,Skincare,Cleanser,Top 10,Active,289,0,21,,44,12478,BGR West,65,65,,47
2026-01,OUT0011,Nykaa Luxe - Pune 1,Nykaa Luxe,MBO,Pune,Maharashtra,West,SKU0008,Lumina Sunscreen A,Lumina,Skincare,Sunscreen,Others,Active,1599,15,18,,1,1915,BGR West,4,4,,44
2026-01,OUT0011,Nykaa Luxe - Pune 1,Nykaa Luxe,MBO,Pune,Maharashtra,West,SKU0011,Lumina Foundation B,Lumina,Makeup,Foundation,Top 10,Inactive,1889,25,35,,25,50211,BGR West,51,35,,51
2026-01,OUT0011,Nykaa Luxe - Pune 1,Nykaa Luxe,MBO,Pune,Maharashtra,West,SKU0012,Northline Lipstick A,Northline,Makeup,Lipstick,Others,Active,2429,25,28,,1,2889,BGR West,5,4,,48
2026-01,OUT0011,Nykaa Luxe - Pune 1,Nykaa Luxe,MBO,Pune,Maharashtra,West,SKU0015,Blush & Co Mascara A,Blush & Co,Makeup,Mascara,Top 25,Active,1219,33,41,,16,18706,BGR West,24,24,,50
2026-01,OUT0011,Nykaa Luxe - Pune 1,Nykaa Luxe,MBO,Pune,Maharashtra,West,SKU0016,Verde Mascara B,Verde,Makeup,Mascara,Top 25,Active,199,26,40,,20,4415,BGR West,36,34,,51
2026-01,OUT0011,Nykaa Luxe - Pune 1,Nykaa Luxe,MBO,Pune,Maharashtra,West,SKU0017,Lumina Mascara C,Lumina,Makeup,Mascara,Top 10,Active,529,92,92,,16,10361,BGR West,16,16,,47
2026-01,OUT0011,Nykaa Luxe - Pune 1,Nykaa Luxe,MBO,Pune,Maharashtra,West,SKU0018,Northline Eyeliner A,Northline,Makeup,Eyeliner,Others,Active,1959,22,22,,2,4370,BGR West,3,2,,53
2026-01,OUT0011,Nykaa Luxe - Pune 1,Nykaa Luxe,MBO,Pune,Maharashtra,West,SKU0019,Northline Eyeliner B,Northline,Makeup,Eyeliner,Others,Active,1889,18,18,,5,9765,BGR West,6,5,,51
2026-01,OUT0011,Nykaa Luxe - Pune 1,Nykaa Luxe,MBO,Pune,Maharashtra,West,SKU0020,Lumina Shampoo A,Lumina,Haircare,Shampoo,Top 10,Active,509,204,217,,25,13188,BGR West,43,38,,35
2026-01,OUT0011,Nykaa Luxe - Pune 1,Nykaa Luxe,MBO,Pune,Maharashtra,West,SKU0021,Verde Shampoo B,Verde,Haircare,Shampoo,Others,Active,1319,6,5,,4,4853,BGR West,3,3,,32
2026-01,OUT0011,Nykaa Luxe - Pune 1,Nykaa Luxe,MBO,Pune,Maharashtra,West,SKU0022,Northline Conditioner A,Northline,Haircare,Conditioner,Others,Active,779,35,37,,3,2499,BGR West,5,5,,33
2026-01,OUT0011,Nykaa Luxe - Pune 1,Nykaa Luxe,MBO,Pune,Maharashtra,West,SKU0027,Lumina EDP B,Lumina,Fragrance,EDP,Top 10,Active,529,115,108,,25,12715,BGR West,26,18,,53
2026-01,OUT0011,Nykaa Luxe - Pune 1,Nykaa Luxe,MBO,Pune,Maharashtra,West,SKU0033,Northline Body Lotion A,Northline,Bath & Body,Body Lotion,Top 10,Active,1239,192,206,,48,55705,BGR West,78,62,,41
2026-01,OUT0011,Nykaa Luxe - Pune 1,Nykaa Luxe,MBO,Pune,Maharashtra,West,SKU0034,Northline Body Lotion B,Northline,Bath & Body,Body Lotion,Top 25,Active,989,111,121,,11,11093,BGR West,23,21,,41
2026-01,OUT0011,Nykaa Luxe - Pune 1,Nykaa Luxe,MBO,Pune,Maharashtra,West,SKU0035,Northline Body Wash A,Northline,Bath & Body,Body Wash,Others,Active,469,15,16,,4,2063,BGR West,8,5,,41
2026-01,OUT0011,Nykaa Luxe - Pune 1,Nykaa Luxe,MBO,Pune,Maharashtra,West,SKU0037,Verde Body Wash C,Verde,Bath & Body,Body Wash,Top 25,Active,2239,51,55,,11,25306,BGR West,17,15,,39
2026-01,OUT0011,Nykaa Luxe - Pune 1,Nykaa Luxe,MBO,Pune,Maharashtra,West,SKU0038,Blush & Co Hand Cream A,Blush & Co,Bath & Body,Hand Cream,Others,Active,489,20,24,,4,1978,BGR West,8,8,,41
2026-01,OUT0011,Nykaa Luxe - Pune 1,Nykaa Luxe,MBO,Pune,Maharashtra,West,SKU0039,Northline Hand Cream B,Northline,Bath & Body,Hand Cream,Others,Active,1189,79,83,,6,8524,BGR West,10,10,,39
2026-01,OUT0012,Nykaa Luxe - Bhubaneswar 2,Nykaa Luxe,MBO,Bhubaneswar,Odisha,East,SKU0001,Blush & Co Moisturizer A,Blush & Co,Skincare,Moisturizer,Others,Active,2319,6,8,,1,2818,BGR East,4,3,,45
2026-01,OUT0012,Nykaa Luxe - Bhubaneswar 2,Nykaa Luxe,MBO,Bhubaneswar,Odisha,East,SKU0002,Verde Moisturizer B,Verde,Skincare,Moisturizer,Top 10,Active,1179,4,7,,9,12680,BGR East,16,12,,43
2026-01,OUT0012,Nykaa Luxe - Bhubaneswar 2,Nykaa Luxe,MBO,Bhubaneswar,Odisha,East,SKU0003,Verde Serum A,Verde,Skincare,Serum,Top 25,Active,2419,68,74,,7,17466,BGR East,13,13,,43
2026-01,OUT0012,Nykaa Luxe - Bhubaneswar 2,Nykaa Luxe,MBO,Bhubaneswar,Odisha,East,SKU0004,Northline Serum B,Northline,Skincare,Serum,Top 25,Active,2489,35,42,,4,11968,BGR East,11,11,,44
2026-01,OUT0012,Nykaa Luxe - Bhubaneswar 2,Nykaa Luxe,MBO,Bhubaneswar,Odisha,East,SKU0006,Blush & Co Cleanser A,Blush & Co,Skincare,Cleanser,Top 10,Active,289,73,0,,16,5539,BGR East,32,32,,47
2026-01,OUT0012,Nykaa Luxe - Bhubaneswar 2,Nykaa Luxe,MBO,Bhubaneswar,Odisha,East,SKU0009,Blush & Co Sunscreen B,Blush & Co,Skincare,Sunscreen,Others,Inactive,1629,2,2,,2,4039,BGR East,2,2,,46
2026-01,OUT0012,Nykaa Luxe - Bhubaneswar 2,Nykaa Luxe,MBO,Bhubaneswar,Odisha,East,SKU0010,Blush & Co Foundation A,Blush & Co,Makeup,Foundation,Others,Active,1419,26,27,,2,2667,BGR East,4,3,,53
2026-01,OUT0012,Nykaa Luxe - Bhubaneswar 2,Nykaa Luxe,MBO,Bhubaneswar,Odisha,East,SKU0011,Lumina Foundation B,Lumina,Makeup,Foundation,Top 10,Inactive,1889,142,0,,8,13550,BGR East,15,15,,52
2026-01,OUT0012,Nykaa Luxe - Bhubaneswar 2,Nykaa Luxe,MBO,Bhubaneswar,Odisha,East,SKU0012,Northline Lipstick A,Northline,Makeup,Lipstick,Others,Active,2429,1,6,,1,2953,BGR East,6,6,,47
2026-01,OUT0012,Nykaa Luxe - Bhubaneswar 2,Nykaa Luxe,MBO,Bhubaneswar,Odisha,East,SKU0014,Lumina Lipstick C,Lumina,Makeup,Lipstick,Top 25,Active,1729,3,8,,6,11213,BGR East,11,11,,48
2026-01,OUT0012,Nykaa Luxe - Bhubaneswar 2,Nykaa Luxe,MBO,Bhubaneswar,Odisha,East,SKU0015,Blush & Co Mascara A,Blush & Co,Makeup,Mascara,Top 25,Active,1219,49,56,,9,10367,BGR East,16,16,,51
2026-01,OUT0012,Nykaa Luxe - Bhubaneswar 2,Nykaa Luxe,MBO,Bhubaneswar,Odisha,East,SKU0017,Lumina Mascara C,Lumina,Makeup,Mascara,Top 10,Active,529,39,42,,9,5541,BGR East,14,12,,53
2026-01,OUT0012,Nykaa Luxe - Bhubaneswar 2,Nykaa Luxe,MBO,Bhubaneswar,Odisha,East,SKU0018,Northline Eyeliner A,Northline,Makeup,Eyeliner,Others,Active,1959,17,17,,0,0,BGR East,1,0,,52
2026-01,OUT0012,Nykaa Luxe - Bhubaneswar 2,Nykaa Luxe,MBO,Bhubaneswar,Odisha,East,SKU0019,Northline Eyeliner B,Northline,Makeup,Eyeliner,Others,Active,1889,0,0,,2,3669,BGR East,2,2,,53
2026-01,OUT0012,Nykaa Luxe - Bhubaneswar 2,Nykaa Luxe,MBO,Bhubaneswar,Odisha,East,SKU0020,Lumina Shampoo A,Lumina,Haircare,Shampoo,Top 10,Active,509,39,44,,12,6919,BGR East,19,17,,32
2026-01,OUT0012,Nykaa Luxe - Bhubaneswar 2,Nykaa Luxe,MBO,Bhubaneswar,Odisha,East,SKU0022,Northline Conditioner A,Northline,Haircare,Conditioner,Others,Active,779,18,22,,1,702,BGR East,5,5,,36
2026-01,OUT0012,Nykaa Luxe - Bhubaneswar 2,Nykaa Luxe,MBO,Bhubaneswar,Odisha,East,SKU0027,Lumina EDP B,Lumina,Fragrance,EDP,Top 10,Active,529,0,2,,9,5102,BGR East,11,11,,54
2026-01,OUT0012,Nykaa Luxe - Bhubaneswar 2,Nykaa Luxe,MBO,Bhubaneswar,Odisha,East,SKU0028,Northline EDT A,Northline,Fragrance,EDT,Top 25,Active,1109,57,59,,7,8647,BGR East,14,9,,58
2026-01,OUT0012,Nykaa Luxe - Bhubaneswar 2,Nykaa Luxe,MBO,Bhubaneswar,Odisha,East,SKU0029,Blush & Co EDT B,Blush & Co,Fragrance,EDT,Top 25,Active,479,30,0,,6,3394,BGR East,5,5,,57
2026-01,OUT0012,Nykaa Luxe - Bhubaneswar 2,Nykaa Luxe,MBO,Bhubaneswar,Odisha,East,SKU0031,Lumina Body Mist A,Lumina,Fragrance,Body Mist,Top 25,Active,2119,7,10,,6,13375,BGR East,9,9,,53
2026-01,OUT0012,Nykaa Luxe - Bhubaneswar 2,Nykaa Luxe,MBO,Bhubaneswar,Odisha,East,SKU0032,Northline Body Mist B,Northline,Fragrance,Body Mist,Others,Inactive,2229,16,19,,1,2023,BGR East,5,4,,55
2026-01,OUT0012,Nykaa Luxe - Bhubaneswar 2,Nykaa Luxe,MBO,Bhubaneswar,Odisha,East,SKU0033,Northline Body Lotion A,Northline,Bath & Body,Body Lotion,Top 10,Active,1239,72,73,,16,21053,BGR East,17,17,,43
2026-01,OUT0012,Nykaa Luxe - Bhubaneswar 2,Nykaa Luxe,MBO,Bhubaneswar,Odisha,East,SKU0034,Northline Body Lotion B,Northline,Bath & Body,Body Lotion,Top 25,Active,989,21,23,,7,7964,BGR East,12,9,,38
2026-01,OUT0012,Nykaa Luxe - Bhubaneswar 2,Nykaa Luxe,MBO,Bhubaneswar,Odisha,East,SKU0035,Northline Body Wash A,Northline,Bath & Body,Body Wash,Others,Active,469,10,0,,1,544,BGR East,2,2,,43
2026-01,OUT0012,Nykaa Luxe - Bhubaneswar 2,Nykaa Luxe,MBO,Bhubaneswar,Odisha,East,SKU0036,Northline Body Wash B,Northline,Bath & Body,Body Wash,Others,Active,1179,5,0,,0,0,BGR East,1,0,,42
2026-01,OUT0012,Nykaa Luxe - Bhubaneswar 2,Nykaa Luxe,MBO,Bhubaneswar,Odisha,East,SKU0037,Verde Body Wash C,Verde,Bath & Body,Body Wash,Top 25,Active,2239,0,3,,4,9405,BGR East,7,7,,40
2026-01,OUT0012,Nykaa Luxe - Bhubaneswar 2,Nykaa Luxe,MBO,Bhubaneswar,Odisha,East,SKU0038,Blush & Co Hand Cream A,Blush & Co,Bath & Body,Hand Cream,Others,Active,489,19,0,,1,578,BGR East,6,5,,39
2026-01,OUT0013,Nykaa Luxe - Mysore 3,Nykaa Luxe,MBO,Mysore,Karnataka,South,SKU0001,Blush & Co Moisturizer A,Blush & Co,Skincare,Moisturizer,Others,Active,2319,17,21,,3,8698,BGR South,7,7,,47
2026-01,OUT0013,Nykaa Luxe - Mysore 3,Nykaa Luxe,MBO,Mysore,Karnataka,South,SKU0002,Verde Moisturizer B,Verde,Skincare,Moisturizer,Top 10,Active,1179,0,0,,21,30147,BGR South,27,18,,48
2026-01,OUT0013,Nykaa Luxe - Mysore 3,Nykaa Luxe,MBO,Mysore,Karnataka,South,SKU0003,Verde Serum A,Verde,Skincare,Serum,Top 25,Active,2419,68,61,,19,49996,BGR South,16,12,,47
2026-01,OUT0013,Nykaa Luxe - Mysore 3,Nykaa Luxe,MBO,Mysore,Karnataka,South,SKU0004,Northline Serum B,Northline,Skincare,Serum,Top 25,Active,2489,43,47,,8,21931,BGR South,16,12,,47
2026-01,OUT0013,Nykaa Luxe - Mysore 3,Nykaa Luxe,MBO,Mysore,Karnataka,South,SKU0005,Northline Serum C,Northline,Skincare,Serum,Others,Inactive,1819,6,10,,2,3271,BGR South,7,6,,46
2026-01,OUT0013,Nykaa Luxe - Mysore 3,Nykaa Luxe,MBO,Mysore,Karnataka,South,SKU0006,Blush & Co Cleanser A,Blush & Co,Skincare,Cleanser,Top 10,Active,289,159,226,,40,13307,BGR South,50,50,,45
2026-01,OUT0013,Nykaa Luxe - Mysore 3,Nykaa Luxe,MBO,Mysore,Karnataka,South,SKU0009,Blush & Co Sunscreen B,Blush & Co,Skincare,Sunscreen,Others,Inactive,1629,42,42,,4,6926,BGR South,6,4,,48
2026-01,OUT0013,Nykaa Luxe - Mysore 3,Nykaa Luxe,MBO,Mysore,Karnataka,South,SKU0011,Lumina Foundation B,Lumina,Makeup,Foundation,Top 10,Inactive,1889,9,0,,28,56775,BGR South,44,30,,48
2026-01,OUT0013,Nykaa Luxe - Mysore 3,Nykaa Luxe,MBO,Mysore,Karnataka,South,SKU0012,Northline Lipstick A,Northline,Makeup,Lipstick,Others,Active,2429,22,24,,3,6741,BGR South,7,5,,53
2026-01,OUT0013,Nykaa Luxe - Mysore 3,Nykaa Luxe,MBO,Mysore,Karnataka,South,SKU0015,Blush & Co Mascara A,Blush & Co,Makeup,Mascara,Top 25,Active,1219,44,117,,14,16350,BGR South,14,13,,50
2026-01,OUT0013,Nykaa Luxe - Mysore 3,Nykaa Luxe,MBO,Mysore,Karnataka,South,SKU0016,Verde Mascara B,Verde,Makeup,Mascara,Top 25,Active,199,51,55,,10,2367,BGR South,17,13,,47
2026-01,OUT0013,Nykaa Luxe - Mysore 3,Nykaa Luxe,MBO,Mysore,Karnataka,South,SKU0017,Lumina Mascara C,Lumina,Makeup,Mascara,Top 10,Active,529,44,58,,31,18337,BGR South,50,45,,53
2026-01,OUT0013,Nykaa Luxe - Mysore 3,Nykaa Luxe,MBO,Mysore,Karnataka,South,SKU0018,Northline Eyeliner A,Northline,Makeup,Eyeliner,Others,Active,1959,14,17,,0,0,BGR South,3,3,,47
2026-01,OUT0013,Nykaa Luxe - Mysore 3,Nykaa Luxe,MBO,Mysore,Karnataka,South,SKU0019,Northline Eyeliner B,Northline,Makeup,Eyeliner,Others,Active,1889,7,7,,5,9039,BGR South,6,5,,50
2026-01,OUT0013,Nykaa Luxe - Mysore 3,Nykaa Luxe,MBO,Mysore,Karnataka,South,SKU0020,Lumina Shampoo A,Lumina,Haircare,Shampoo,Top 10,Active,509,16,25,,18,9462,BGR South,34,27,,33
2026-01,OUT0013,Nykaa Luxe - Mysore 3,Nykaa Luxe,MBO,Mysore,Karnataka,South,SKU0021,Verde Shampoo B,Verde,Haircare,Shampoo,Others,Active,1319,29,28,,4,4962,BGR South,3,3,,32
2026-01,OUT0013,Nykaa Luxe - Mysore 3,Nykaa Luxe,MBO,Mysore,Karnataka,South,SKU0023,Northline Conditioner B,Northline,Haircare,Conditioner,Others,Active,379,9,12,,0,0,BGR South,4,3,,33
2026-01,OUT0013,Nykaa Luxe - Mysore 3,Nykaa Luxe,MBO,Mysore,Karnataka,South,SKU0027,Lumina EDP B,Lumina,Fragrance,EDP,Top 10,Active,529,129,124,,27,16750,BGR South,22,22,,58
2026-01,OUT0013,Nykaa Luxe - Mysore 3,Nykaa Luxe,MBO,Mysore,Karnataka,South,SKU0031,Lumina Body Mist A,Lumina,Fragrance,Body Mist,Top 25,Active,2119,13,25,,19,47265,BGR South,39,31,,57
2026-01,OUT0013,Nykaa Luxe - Mysore 3,Nykaa Luxe,MBO,Mysore,Karnataka,South,SKU0032,Northline Body Mist B,Northline,Fragrance,Body Mist,Others,Inactive,2229,19,19,,7,15770,BGR South,9,7,,58
2026-01,OUT0013,Nykaa Luxe - Mysore 3,Nykaa Luxe,MBO,Mysore,Karnataka,South,SKU0033,Northline Body Lotion A,Northline,Bath & Body,Body Lotion,Top 10,Active,1239,208,237,,34,38727,BGR South,29,29,,37
2026-01,OUT0013,Nykaa Luxe - Mysore 3,Nykaa Luxe,MBO,Mysore,Karnataka,South,SKU0034,Northline Body Lotion B,Northline,Bath & Body,Body Lotion,Top 25,Active,989,0,2,,16,19174,BGR South,19,18,,38
2026-01,OUT0013,Nykaa Luxe - Mysore 3,Nykaa Luxe,MBO,Mysore,Karnataka,South,SKU0038,Blush & Co Hand Cream A,Blush & Co,Bath & Body,Hand Cream,Others,Active,489,38,21,,3,1617,BGR South,5,3,,37
2026-01,OUT0014,Nykaa Luxe - Noida 4,Nykaa Luxe,MBO,Noida,UP,North,SKU0002,Verde Moisturizer B,Verde,Skincare,Moisturizer,Top 10,Active,1179,170,175,,10,13469,BGR North,17,15,,45
2026-01,OUT0014,Nykaa Luxe - Noida 4,Nykaa Luxe,MBO,Noida,UP,North,SKU0003,Verde Serum A,Verde,Skincare,Serum,Top 25,Active,2419,0,4,,12,28902,BGR North,17,16,,47
2026-01,OUT0014,Nykaa Luxe - Noida 4,Nykaa Luxe,MBO,Noida,UP,North,SKU0004,Northline Serum B,Northline,Skincare,Serum,Top 25,Active,2489,0,7,,7,18179,BGR North,18,14,,48
2026-01,OUT0014,Nykaa Luxe - Noida 4,Nykaa Luxe,MBO,Noida,UP,North,SKU0006,Blush & Co Cleanser A,Blush & Co,Skincare,Cleanser,Top 10,Active,289,145,158,,30,10106,BGR North,43,43,,48
2026-01,OUT0014,Nykaa Luxe - Noida 4,Nykaa Luxe,MBO,Noida,UP,North,SKU0007,Northline Cleanser B,Northline,Skincare,Cleanser,Others,Active,1809,7,12,,2,3429,BGR North,7,7,,46
2026-01,OUT0014,Nykaa Luxe - Noida 4,Nykaa Luxe,MBO,Noida,UP,North,SKU0008,Lumina Sunscreen A,Lumina,Skincare,Sunscreen,Others,Active,1599,17,21,,0,0,BGR North,5,4,,48
2026-01,OUT0014,Nykaa Luxe - Noida 4,Nykaa Luxe,MBO,Noida,UP,North,SKU0010,Blush & Co Foundation A,Blush & Co,Makeup,Foundation,Others,Active,1419,22,24,,2,3322,BGR North,6,4,,52
2026-01,OUT0014,Nykaa Luxe - Noida 4,Nykaa Luxe,MBO,Noida,UP,North,SKU0011,Lumina Foundation B,Lumina,Makeup,Foundation,Top 10,Inactive,1889,15,17,,15,30702,BGR North,19,17,,52
2026-01,OUT0014,Nykaa Luxe - Noida 4,Nykaa Luxe,MBO,Noida,UP,North,SKU0013,Northline Lipstick B,Northline,Makeup,Lipstick,Others,Active,2469,6,9,,1,2895,BGR North,5,4,,51
2026-01,OUT0014,Nykaa Luxe - Noida 4,Nykaa Luxe,MBO,Noida,UP,North,SKU0017,Lumina Mascara C,Lumina,Makeup,Mascara,Top 10,Active,529,0,0,,11,7030,BGR North,23,18,,47
2026-01,OUT0014,Nykaa Luxe - Noida 4,Nykaa Luxe,MBO,Noida,UP,North,SKU0019,Northline Eyeliner B,Northline,Makeup,Eyeliner,Others,Active,1889,24,0,,1,2045,BGR North,2,1,,50
2026-01,OUT0014,Nykaa Luxe - Noida 4,Nykaa Luxe,MBO,Noida,UP,North,SKU0020,Lumina Shampoo A,Lumina,Haircare,Shampoo,Top 10,Active,509,114,0,,15,9520,BGR North,33,23,,34
2026-01,OUT0014,Nykaa Luxe - Noida 4,Nykaa Luxe,MBO,Noida,UP,North,SKU0021,Verde Shampoo B,Verde,Haircare,Shampoo,Others,Active,1319,0,3,,2,2656,BGR North,6,5,,32
2026-01,OUT0014,Nykaa Luxe - Noida 4,Nykaa Luxe,MBO,Noida,UP,North,SKU0022,Northline Conditioner A,Northline,Haircare,Conditioner,Others,Active,779,1,4,,2,1492,BGR North,5,5,,34
2026-01,OUT0014,Nykaa Luxe - Noida 4,Nykaa Luxe,MBO,Noida,UP,North,SKU0027,Lumina EDP B,Lumina,Fragrance,EDP,Top 10,Active,529,42,46,,13,6305,BGR North,19,17,,53
2026-01,OUT0014,Nykaa Luxe - Noida 4,Nykaa Luxe,MBO,Noida,UP,North,SKU0028,Northline EDT A,Northline,Fragrance,EDT,Top 25,Active,1109,132,142,,8,10605,BGR North,18,18,,53
2026-01,OUT0014,Nykaa Luxe - Noida 4,Nykaa Luxe,MBO,Noida,UP,North,SKU0029,Blush & Co EDT B,Blush & Co,Fragrance,EDT,Top 25,Active,479,93,101,,7,4064,BGR North,17,15,,53
2026-01,OUT0014,Nykaa Luxe - Noida 4,Nykaa Luxe,MBO,Noida,UP,North,SKU0030,Blush & Co EDT C,Blush & Co,Fragrance,EDT,Others,Active,779,37,36,,4,3899,BGR North,5,3,,53
2026-01,OUT0014,Nykaa Luxe - Noida 4,Nykaa Luxe,MBO,Noida,UP,North,SKU0031,Lumina Body Mist A,Lumina,Fragrance,Body Mist,Top 25,Active,2119,30,40,,12,28711,BGR North,25,22,,57
2026-01,OUT0014,Nykaa Luxe - Noida 4,Nykaa Luxe,MBO,Noida,UP,North,SKU0032,Northline Body Mist B,Northline,Fragrance,Body Mist,Others,Inactive,2229,42,45,,1,2753,BGR North,6,4,,58
2026-01,OUT0014,Nykaa Luxe - Noida 4,Nykaa Luxe,MBO,Noida,UP,North,SKU0033,Northline Body Lotion A,Northline,Bath & Body,Body Lotion,Top 10,Active,1239,86,90,,20,29444,BGR North,31,24,,38
2026-01,OUT0014,Nykaa Luxe - Noida 4,Nykaa Luxe,MBO,Noida,UP,North,SKU0034,Northline Body Lotion B,Northline,Bath & Body,Body Lotion,Top 25,Active,989,47,56,,10,10743,BGR North,22,19,,39
2026-01,OUT0014,Nykaa Luxe - Noida 4,Nykaa Luxe,MBO,Noida,UP,North,SKU0037,Verde Body Wash C,Verde,Bath & Body,Body Wash,Top 25,Active,2239,50,53,,6,14438,BGR North,11,9,,40
2026-01,OUT0014,Nykaa Luxe - Noida 4,Nykaa Luxe,MBO,Noida,UP,North,SKU0038,Blush & Co Hand Cream A,Blush & Co,Bath & Body,Hand Cream,Others,Active,489,18,19,,2,969,BGR North,3,3,,37
2026-01,OUT0015,Nykaa Luxe - Bhubaneswar 5,Nykaa Luxe,MBO,Bhubaneswar,Odisha,East,SKU0001,Blush & Co Moisturizer A,Blush & Co,Skincare,Moisturizer,Others,Active,2319,19,20,,3,8333,BGR East,6,4,,46
2026-01,OUT0015,Nykaa Luxe - Bhubaneswar 5,Nykaa Luxe,MBO,Bhubaneswar,Odisha,East,SKU0002,Verde Moisturizer B,Verde,Skincare,Moisturizer,Top 10,Active,1179,158,183,,50,57423,BGR East,79,75,,44
2026-01,OUT0015,Nykaa Luxe - Bhubaneswar 5,Nykaa Luxe,MBO,Bhubaneswar,Odisha,East,SKU0003,Verde Serum A,Verde,Skincare,Serum,Top 25,Active,2419,39,63,,27,72803,BGR East,57,51,,48
2026-01,OUT0015,Nykaa Luxe - Bhubaneswar 5,Nykaa Luxe,MBO,Bhubaneswar,Odisha,East,SKU0006,Blush & Co Cleanser A,Blush & Co,Skincare,Cleanser,Top 10,Active,289,390,407,,48,15075,BGR East,65,65,,44
2026-01,OUT0015,Nykaa Luxe - Bhubaneswar 5,Nykaa Luxe,MBO,Bhubaneswar,Odisha,East,SKU0011,Lumina Foundation B,Lumina,Makeup,Foundation,Top 10,Inactive,1889,11,42,,35,60206,BGR East,66,66,,50
2026-01,OUT0015,Nykaa Luxe - Bhubaneswar 5,Nykaa Luxe,MBO,Bhubaneswar,Odisha,East,SKU0013,Northline Lipstick B,Northline,Makeup,Lipstick,Others,Active,2469,18,17,,2,5742,BGR East,2,1,,52
2026-01,OUT0015,Nykaa Luxe - Bhubaneswar 5,Nykaa Luxe,MBO,Bhubaneswar,Odisha,East,SKU0014,Lumina Lipstick C,Lumina,Makeup,Lipstick,Top 25,Active,1729,0,4,,15,27072,BGR East,21,19,,50
2026-01,OUT0015,Nykaa Luxe - Bhubaneswar 5,Nykaa Luxe,MBO,Bhubaneswar,Odisha,East,SKU0015,Blush & Co Mascara A,Blush & Co,Makeup,Mascara,Top 25,Active,1219,103,116,,22,28336,BGR East,44,35,,48
2026-01,OUT0015,Nykaa Luxe - Bhubaneswar 5,Nykaa Luxe,MBO,Bhubaneswar,Odisha,East,SKU0016,Verde Mascara B,Verde,Makeup,Mascara,Top 25,Active,199,56,51,,23,4347,BGR East,19,18,,51
2026-01,OUT0015,Nykaa Luxe - Bhubaneswar 5,Nykaa Luxe,MBO,Bhubaneswar,Odisha,East,SKU0020,Lumina Shampoo A,Lumina,Haircare,Shampoo,Top 10,Active,509,91,101,,36,19135,BGR East,52,46,,38
2026-01,OUT0015,Nykaa Luxe - Bhubaneswar 5,Nykaa Luxe,MBO,Bhubaneswar,Odisha,East,SKU0023,Northline Conditioner B,Northline,Haircare,Conditioner,Others,Active,379,7,10,,1,383,BGR East,5,4,,37
2026-01,OUT0015,Nykaa Luxe - Bhubaneswar 5,Nykaa Luxe,MBO,Bhubaneswar,Odisha,East,SKU0027,Lumina EDP B,Lumina,Fragrance,EDP,Top 10,Active,529,120,111,,38,18784,BGR East,33,29,,56
2026-01,OUT0015,Nykaa Luxe - Bhubaneswar 5,Nykaa Luxe,MBO,Bhubaneswar,Odisha,East,SKU0028,Northline EDT A,Northline,Fragrance,EDT,Top 25,Active,1109,109,102,,39,47987,BGR East,32,32,,54
2026-01,OUT0015,Nykaa Luxe - Bhubaneswar 5,Nykaa Luxe,MBO,Bhubaneswar,Odisha,East,SKU0029,Blush & Co EDT B,Blush & Co,Fragrance,EDT,Top 25,Active,479,2,7,,11,5474,BGR East,16,16,,55
2026-01,OUT0015,Nykaa Luxe - Bhubaneswar 5,Nykaa Luxe,MBO,Bhubaneswar,Odisha,East,SKU0030,Blush & Co EDT C,Blush & Co,Fragrance,EDT,Others,Active,779,0,4,,5,3704,BGR East,9,9,,55
2026-01,OUT0015,Nykaa Luxe - Bhubaneswar 5,Nykaa Luxe,MBO,Bhubaneswar,Odisha,East,SKU0032,Northline Body Mist B,Northline,Fragrance,Body Mist,Others,Inactive,2229,25,31,,5,13088,BGR East,11,11,,53
2026-01,OUT0015,Nykaa Luxe - Bhubaneswar 5,Nykaa Luxe,MBO,Bhubaneswar,Odisha,East,SKU0033,Northline Body Lotion A,Northline,Bath & Body,Body Lotion,Top 10,Active,1239,163,185,,68,104876,BGR East,90,90,,37
2026-01,OUT0015,Nykaa Luxe - Bhubaneswar 5,Nykaa Luxe,MBO,Bhubaneswar,Odisha,East,SKU0037,Verde Body Wash C,Verde,Bath & Body,Body Wash,Top 25,Active,2239,0,4,,11,27524,BGR East,16,15,,40
2026-01,OUT0015,Nykaa Luxe - Bhubaneswar 5,Nykaa Luxe,MBO,Bhubaneswar,Odisha,East,SKU0038,Blush & Co Hand Cream A,Blush & Co,Bath & Body,Hand Cream,Others,Active,489,66,68,,5,2624,BGR East,8,7,,40
2026-01,OUT0016,Nykaa Luxe - Kolkata 6,Nykaa Luxe,MBO,Kolkata,West Bengal,East,SKU0002,Verde Moisturizer B,Verde,Skincare,Moisturizer,Top 10,Active,1179,183,195,,30,35107,BGR East,42,42,,47
2026-01,OUT0016,Nykaa Luxe - Kolkata 6,Nykaa Luxe,MBO,Kolkata,West Bengal,East,SKU0003,Verde Serum A,Verde,Skincare,Serum,Top 25,Active,2419,48,52,,12,32432,BGR East,17,16,,44
2026-01,OUT0016,Nykaa Luxe - Kolkata 6,Nykaa Luxe,MBO,Kolkata,West Bengal,East,SKU0004,Northline Serum B,Northline,Skincare,Serum,Top 25,Active,2489,13,21,,12,31464,BGR East,25,20,,46
2026-01,OUT0016,Nykaa Luxe - Kolkata 6,Nykaa Luxe,MBO,Kolkata,West Bengal,East,SKU0005,Northline Serum C,Northline,Skincare,Serum,Others,Inactive,1819,19,23,,1,2266,BGR East,5,5,,48
2026-01,OUT0016,Nykaa Luxe - Kolkata 6,Nykaa Luxe,MBO,Kolkata,West Bengal,East,SKU0006,Blush & Co Cleanser A,Blush & Co,Skincare,Cleanser,Top 10,Active,289,10,35,,36,11750,BGR East,61,61,,42
2026-01,OUT0016,Nykaa Luxe - Kolkata 6,Nykaa Luxe,MBO,Kolkata,West Bengal,East,SKU0011,Lumina Foundation B,Lumina,Makeup,Foundation,Top 10,Inactive,1889,112,137,,27,45893,BGR East,52,52,,52
2026-01,OUT0016,Nykaa Luxe - Kolkata 6,Nykaa Luxe,MBO,Kolkata,West Bengal,East,SKU0012,Northline Lipstick A,Northline,Makeup,Lipstick,Others,Active,2429,23,24,,2,4567,BGR East,3,3,,48
2026-01,OUT0016,Nykaa Luxe - Kolkata 6,Nykaa Luxe,MBO,Kolkata,West Bengal,East,SKU0014,Lumina Lipstick C,Lumina,Makeup,Lipstick,Top 25,Active,1729,13,18,,14,27627,BGR East,20,19,,50
2026-01,OUT0016,Nykaa Luxe - Kolkata 6,Nykaa Luxe,MBO,Kolkata,West Bengal,East,SKU0016,Verde Mascara B,Verde,Makeup,Mascara,Top 25,Active,199,13,14,,13,2567,BGR East,20,14,,47
2026-01,OUT0016,Nykaa Luxe - Kolkata 6,Nykaa Luxe,MBO,Kolkata,West Bengal,East,SKU0017,Lumina Mascara C,Lumina,Makeup,Mascara,Top 10,Active,529,196,201,,18,10131,BGR East,23,23,,48
2026-01,OUT0016,Nykaa Luxe - Kolkata 6,Nykaa Luxe,MBO,Kolkata,West Bengal,East,SKU0018,Northline Eyeliner A,Northline,Makeup,Eyeliner,Others,Active,1959,9,13,,2,4651,BGR East,6,6,,48
2026-01,OUT0016,Nykaa Luxe - Kolkata 6,Nykaa Luxe,MBO,Kolkata,West Bengal,East,SKU0020,Lumina Shampoo A,Lumina,Haircare,Shampoo,Top 10,Active,509,46,61,,23,12687,BGR East,38,38,,34
2026-01,OUT0016,Nykaa Luxe - Kolkata 6,Nykaa Luxe,MBO,Kolkata,West Bengal,East,SKU0027,Lumina EDP B,Lumina,Fragrance,EDP,Top 10,Active,529,294,321,,41,23936,BGR East,72,68,,57
2026-01,OUT0016,Nykaa Luxe - Kolkata 6,Nykaa Luxe,MBO,Kolkata,West Bengal,East,SKU0029,Blush & Co EDT B,Blush & Co,Fragrance,EDT,Top 25,Active,479,25,32,,9,4587,BGR East,16,16,,57
2026-01,OUT0016,Nykaa Luxe - Kolkata 6,Nykaa Luxe,MBO,Kolkata,West Bengal,East,SKU0030,Blush & Co EDT C,Blush & Co,Fragrance,EDT,Others,Active,779,21,20,,4,3337,BGR East,5,3,,58
2026-01,OUT0016,Nykaa Luxe - Kolkata 6,Nykaa Luxe,MBO,Kolkata,West Bengal,East,SKU0033,Northline Body Lotion A,Northline,Bath & Body,Body Lotion,Top 10,Active,1239,65,61,,28,35733,BGR East,27,24,,41
2026-01,OUT0016,Nykaa Luxe - Kolkata 6,Nykaa Luxe,MBO,Kolkata,West Bengal,East,SKU0036,Northline Body Wash B,Northline,Bath & Body,Body Wash,Others,Active,1179,17,20,,1,1452,BGR East,5,4,,39
2026-01,OUT0016,Nykaa Luxe - Kolkata 6,Nykaa Luxe,MBO,Kolkata,West Bengal,East,SKU0037,Verde Body Wash C,Verde,Bath & Body,Body Wash,Top 25,Active,2239,25,22,,12,30542,BGR East,13,9,,42
2026-01,OUT0016,Nykaa Luxe - Kolkata 6,Nykaa Luxe,MBO,Kolkata,West Bengal,East,SKU0038,Blush & Co Hand Cream A,Blush & Co,Bath & Body,Hand Cream,Others,Active,489,3,3,,4,1830,BGR East,6,4,,38
2026-01,OUT0017,Nykaa Luxe - Bhubaneswar 7,Nykaa Luxe,MBO,Bhubaneswar,Odisha,East,SKU0002,Verde Moisturizer B,Verde,Skincare,Moisturizer,Top 10,Active,1179,281,301,,28,40199,BGR East,48,48,,43
2026-01,OUT0017,Nykaa Luxe - Bhubaneswar 7,Nykaa Luxe,MBO,Bhubaneswar,Odisha,East,SKU0003,Verde Serum A,Verde,Skincare,Serum,Top 25,Active,2419,108,126,,16,38799,BGR East,34,34,,44
2026-01,OUT0017,Nykaa Luxe - Bhubaneswar 7,Nykaa Luxe,MBO,Bhubaneswar,Odisha,East,SKU0004,Northline Serum B,Northline,Skincare,Serum,Top 25,Active,2489,7,14,,11,29219,BGR East,18,18,,48
2026-01,OUT0017,Nykaa Luxe - Bhubaneswar 7,Nykaa Luxe,MBO,Bhubaneswar,Odisha,East,SKU0005,Northline Serum C,Northline,Skincare,Serum,Others,Inactive,1819,20,10,,2,3556,BGR East,2,2,,45
2026-01,OUT0017,Nykaa Luxe - Bhubaneswar 7,Nykaa Luxe,MBO,Bhubaneswar,Odisha,East,SKU0006,Blush & Co Cleanser A,Blush & Co,Skincare,Cleanser,Top 10,Active,289,380,381,,35,9461,BGR East,38,36,,48
2026-01,OUT0017,Nykaa Luxe - Bhubaneswar 7,Nykaa Luxe,MBO,Bhubaneswar,Odisha,East,SKU0007,Northline Cleanser B,Northline,Skincare,Cleanser,Others,Active,1809,27,0,,3,5657,BGR East,11,10,,42
2026-01,OUT0017,Nykaa Luxe - Bhubaneswar 7,Nykaa Luxe,MBO,Bhubaneswar,Odisha,East,SKU0009,Blush & Co Sunscreen B,Blush & Co,Skincare,Sunscreen,Others,Inactive,1629,38,46,,6,10326,BGR East,14,14,,42
2026-01,OUT0017,Nykaa Luxe - Bhubaneswar 7,Nykaa Luxe,MBO,Bhubaneswar,Odisha,East,SKU0011,Lumina Foundation B,Lumina,Makeup,Foundation,Top 10,Inactive,1889,76,98,,28,51370,BGR East,50,50,,53
2026-01,OUT0017,Nykaa Luxe - Bhubaneswar 7,Nykaa Luxe,MBO,Bhubaneswar,Odisha,East,SKU0013,Northline Lipstick B,Northline,Makeup,Lipstick,Others,Active,2469,12,15,,1,2795,BGR East,5,4,,48
2026-01,OUT0017,Nykaa Luxe - Bhubaneswar 7,Nykaa Luxe,MBO,Bhubaneswar,Odisha,East,SKU0014,Lumina Lipstick C,Lumina,Makeup,Lipstick,Top 25,Active,1729,75,0,,11,18878,BGR East,23,21,,48
2026-01,OUT0017,Nykaa Luxe - Bhubaneswar 7,Nykaa Luxe,MBO,Bhubaneswar,Odisha,East,SKU0015,Blush & Co Mascara A,Blush & Co,Makeup,Mascara,Top 25,Active,1219,4,14,,17,20237,BGR East,29,27,,52
2026-01,OUT0017,Nykaa Luxe - Bhubaneswar 7,Nykaa Luxe,MBO,Bhubaneswar,Odisha,East,SKU0016,Verde Mascara B,Verde,Makeup,Mascara,Top 25,Active,199,30,49,,21,4231,BGR East,40,40,,51
2026-01,OUT0017,Nykaa Luxe - Bhubaneswar 7,Nykaa Luxe,MBO,Bhubaneswar,Odisha,East,SKU0017,Lumina Mascara C,Lumina,Makeup,Mascara,Top 10,Active,529,24,20,,20,12888,BGR East,21,16,,49
2026-01,OUT0017,Nykaa Luxe - Bhubaneswar 7,Nykaa Luxe,MBO,Bhubaneswar,Odisha,East,SKU0020,Lumina Shampoo A,Lumina,Haircare,Shampoo,Top 10,Active,509,0,7,,21,12293,BGR East,30,28,,38
2026-01,OUT0017,Nykaa Luxe - Bhubaneswar 7,Nykaa Luxe,MBO,Bhubaneswar,Odisha,East,SKU0021,Verde Shampoo B,Verde,Haircare,Shampoo,Others,Active,1319,23,29,,4,6482,BGR East,10,10,,37
2026-01,OUT0017,Nykaa Luxe - Bhubaneswar 7,Nykaa Luxe,MBO,Bhubaneswar,Odisha,East,SKU0023,Northline Conditioner B,Northline,Haircare,Conditioner,Others,Active,379,8,0,,0,0,BGR East,2,1,,38
2026-01,OUT0017,Nykaa Luxe - Bhubaneswar 7,Nykaa Luxe,MBO,Bhubaneswar,Odisha,East,SKU0027,Lumina EDP B,Lumina,Fragrance,EDP,Top 10,Active,529,134,144,,30,19316,BGR East,51,40,,58
2026-01,OUT0017,Nykaa Luxe - Bhubaneswar 7,Nykaa Luxe,MBO,Bhubaneswar,Odisha,East,SKU0028,Northline EDT A,Northline,Fragrance,EDT,Top 25,Active,1109,69,77,,12,14699,BGR East,23,20,,58
2026-01,OUT0017,Nykaa Luxe - Bhubaneswar 7,Nykaa Luxe,MBO,Bhubaneswar,Odisha,East,SKU0029,Blush & Co EDT B,Blush & Co,Fragrance,EDT,Top 25,Active,479,74,81,,11,5435,BGR East,20,18,,55
2026-01,OUT0017,Nykaa Luxe - Bhubaneswar 7,Nykaa Luxe,MBO,Bhubaneswar,Odisha,East,SKU0031,Lumina Body Mist A,Lumina,Fragrance,Body Mist,Top 25,Active,2119,33,44,,22,45391,BGR East,35,33,,52
2026-01,OUT0017,Nykaa Luxe - Bhubaneswar 7,Nykaa Luxe,MBO,Bhubaneswar,Odisha,East,SKU0032,Northline Body Mist B,Northline,Fragrance,Body Mist,Others,Inactive,2229,39,47,,4,9287,BGR East,12,12,,58
2026-01,OUT0017,Nykaa Luxe - Bhubaneswar 7,Nykaa Luxe,MBO,Bhubaneswar,Odisha,East,SKU0033,Northline Body Lotion A,Northline,Bath & Body,Body Lotion,Top 10,Active,1239,55,86,,54,63181,BGR East,107,85,,37
2026-01,OUT0018,Nykaa Luxe - Bhubaneswar 8,Nykaa Luxe,MBO,Bhubaneswar,Odisha,East,SKU0001,Blush & Co Moisturizer A,Blush & Co,Skincare,Moisturizer,Others,Active,2319,7,9,,2,5352,BGR East,4,4,,47
2026-01,OUT0018,Nykaa Luxe - Bhubaneswar 8,Nykaa Luxe,MBO,Bhubaneswar,Odisha,East,SKU0002,Verde Moisturizer B,Verde,Skincare,Moisturizer,Top 10,Active,1179,0,0,,36,45707,BGR East,47,32,,48
2026-01,OUT0018,Nykaa Luxe - Bhubaneswar 8,Nykaa Luxe,MBO,Bhubaneswar,Odisha,East,SKU0004,Northline Serum B,Northline,Skincare,Serum,Top 25,Active,2489,83,86,,11,29844,BGR East,18,14,,48
2026-01,OUT0018,Nykaa Luxe - Bhubaneswar 8,Nykaa Luxe,MBO,Bhubaneswar,Odisha,East,SKU0007,Northline Cleanser B,Northline,Skincare,Cleanser,Others,Active,1809,19,20,,3,6536,BGR East,7,4,,45
2026-01,OUT0018,Nykaa Luxe - Bhubaneswar 8,Nykaa Luxe,MBO,Bhubaneswar,Odisha,East,SKU0009,Blush & Co Sunscreen B,Blush & Co,Skincare,Sunscreen,Others,Inactive,1629,33,33,,2,3901,BGR East,3,2,,48
2026-01,OUT0018,Nykaa Luxe - Bhubaneswar 8,Nykaa Luxe,MBO,Bhubaneswar,Odisha,East,SKU0010,Blush & Co Foundation A,Blush & Co,Makeup,Foundation,Others,Active,1419,9,16,,3,4163,BGR East,10,10,,48
2026-01,OUT0018,Nykaa Luxe - Bhubaneswar 8,Nykaa Luxe,MBO,Bhubaneswar,Odisha,East,SKU0011,Lumina Foundation B,Lumina,Makeup,Foundation,Top 10,Inactive,1889,0,3,,8,13672,BGR East,12,11,,47
2026-01,OUT0018,Nykaa Luxe - Bhubaneswar 8,Nykaa Luxe,MBO,Bhubaneswar,Odisha,East,SKU0012,Northline Lipstick A,Northline,Makeup,Lipstick,Others,Active,2429,32,0,,2,4627,BGR East,6,6,,50
2026-01,OUT0018,Nykaa Luxe - Bhubaneswar 8,Nykaa Luxe,MBO,Bhubaneswar,Odisha,East,SKU0013,Northline Lipstick B,Northline,Makeup,Lipstick,Others,Active,2469,3,5,,1,2510,BGR East,4,3,,48
2026-01,OUT0018,Nykaa Luxe - Bhubaneswar 8,Nykaa Luxe,MBO,Bhubaneswar,Odisha,East,SKU0014,Lumina Lipstick C,Lumina,Makeup,Lipstick,Top 25,Active,1729,15,25,,15,27819,BGR East,25,25,,50
2026-01,OUT0018,Nykaa Luxe - Bhubaneswar 8,Nykaa Luxe,MBO,Bhubaneswar,Odisha,East,SKU0015,Blush & Co Mascara A,Blush & Co,Makeup,Mascara,Top 25,Active,1219,190,192,,9,11624,BGR East,16,11,,50
2026-01,OUT0018,Nykaa Luxe - Bhubaneswar 8,Nykaa Luxe,MBO,Bhubaneswar,Odisha,East,SKU0017,Lumina Mascara C,Lumina,Makeup,Mascara,Top 10,Active,529,258,270,,27,17780,BGR East,49,39,,51
2026-01,OUT0018,Nykaa Luxe - Bhubaneswar 8,Nykaa Luxe,MBO,Bhubaneswar,Odisha,East,SKU0019,Northline Eyeliner B,Northline,Makeup,Eyeliner,Others,Active,1889,4,5,,3,6470,BGR East,4,4,,50
2026-01,OUT0018,Nykaa Luxe - Bhubaneswar 8,Nykaa Luxe,MBO,Bhubaneswar,Odisha,East,SKU0020,Lumina Shampoo A,Lumina,Haircare,Shampoo,Top 10,Active,509,63,58,,20,11211,BGR East,22,15,,37
2026-01,OUT0018,Nykaa Luxe - Bhubaneswar 8,Nykaa Luxe,MBO,Bhubaneswar,Odisha,East,SKU0022,Northline Conditioner A,Northline,Haircare,Conditioner,Others,Active,779,33,34,,5,3787,BGR East,6,6,,35
2026-01,OUT0018,Nykaa Luxe - Bhubaneswar 8,Nykaa Luxe,MBO,Bhubaneswar,Odisha,East,SKU0023,Northline Conditioner B,Northline,Haircare,Conditioner,Others,Active,379,16,16,,0,0,BGR East,1,0,,35
2026-01,OUT0018,Nykaa Luxe - Bhubaneswar 8,Nykaa Luxe,MBO,Bhubaneswar,Odisha,East,SKU0027,Lumina EDP B,Lumina,Fragrance,EDP,Top 10,Active,529,246,240,,34,16472,BGR East,40,28,,56
2026-01,OUT0018,Nykaa Luxe - Bhubaneswar 8,Nykaa Luxe,MBO,Bhubaneswar,Odisha,East,SKU0028,Northline EDT A,Northline,Fragrance,EDT,Top 25,Active,1109,13,20,,11,15070,BGR East,20,18,,57
2026-01,OUT0018,Nykaa Luxe - Bhubaneswar 8,Nykaa Luxe,MBO,Bhubaneswar,Odisha,East,SKU0029,Blush & Co EDT B,Blush & Co,Fragrance,EDT,Top 25,Active,479,36,42,,7,3642,BGR East,13,13,,58
2026-01,OUT0018,Nykaa Luxe - Bhubaneswar 8,Nykaa Luxe,MBO,Bhubaneswar,Odisha,East,SKU0030,Blush & Co EDT C,Blush & Co,Fragrance,EDT,Others,Active,779,16,23,,3,2151,BGR East,10,10,,57
2026-01,OUT0018,Nykaa Luxe - Bhubaneswar 8,Nykaa Luxe,MBO,Bhubaneswar,Odisha,East,SKU0033,Northline Body Lotion A,Northline,Bath & Body,Body Lotion,Top 10,Active,1239,9,27,,28,35188,BGR East,52,46,,41
2026-01,OUT0018,Nykaa Luxe - Bhubaneswar 8,Nykaa Luxe,MBO,Bhubaneswar,Odisha,East,SKU0034,Northline Body Lotion B,Northline,Bath & Body,Body Lotion,Top 25,Active,989,90,87,,15,14257,BGR East,16,12,,43
2026-01,OUT0018,Nykaa Luxe - Bhubaneswar 8,Nykaa Luxe,MBO,Bhubaneswar,Odisha,East,SKU0037,Verde Body Wash C,Verde,Bath & Body,Body Wash,Top 25,Active,2239,22,23,,12,27176,BGR East,13,13,,39
2026-01,OUT0019,Nykaa Luxe - Ahmedabad 9,Nykaa Luxe,MBO,Ahmedabad,Gujarat,West,SKU0002,Verde Moisturizer B,Verde,Skincare,Moisturizer,Top 10,Active,1179,102,109,,26,37840,BGR West,33,33,,46
2026-01,OUT0019,Nykaa Luxe - Ahmedabad 9,Nykaa Luxe,MBO,Ahmedabad,Gujarat,West,SKU0003,Verde Serum A,Verde,Skincare,Serum,Top 25,Active,2419,141,143,,16,40471,BGR West,18,18,,45
2026-01,OUT0019,Nykaa Luxe - Ahmedabad 9,Nykaa Luxe,MBO,Ahmedabad,Gujarat,West,SKU0004,Northline Serum B,Northline,Skincare,Serum,Top 25,Active,2489,34,42,,12,30091,BGR West,20,20,,46
2026-01,OUT0019,Nykaa Luxe - Ahmedabad 9,Nykaa Luxe,MBO,Ahmedabad,Gujarat,West,SKU0005,Northline Serum C,Northline,Skincare,Serum,Others,Inactive,1819,15,15,,1,1694,BGR West,2,1,,44
2026-01,OUT0019,Nykaa Luxe - Ahmedabad 9,Nykaa Luxe,MBO,Ahmedabad,Gujarat,West,SKU0006,Blush & Co Cleanser A,Blush & Co,Skincare,Cleanser,Top 10,Active,289,353,368,,37,11169,BGR West,65,52,,48
2026-01,OUT0019,Nykaa Luxe - Ahmedabad 9,Nykaa Luxe,MBO,Ahmedabad,Gujarat,West,SKU0009,Blush & Co Sunscreen B,Blush & Co,Skincare,Sunscreen,Others,Inactive,1629,24,27,,7,11272,BGR West,12,10,,43
2026-01,OUT0019,Nykaa Luxe - Ahmedabad 9,Nykaa Luxe,MBO,Ahmedabad,Gujarat,West,SKU0010,Blush & Co Foundation A,Blush & Co,Makeup,Foundation,Others,Active,1419,2,5,,3,4547,BGR West,6,6,,47
2026-01,OUT0019,Nykaa Luxe - Ahmedabad 9,Nykaa Luxe,MBO,Ahmedabad,Gujarat,West,SKU0011,Lumina Foundation B,Lumina,Makeup,Foundation,Top 10,Inactive,1889,0,13,,21,43140,BGR West,43,34,,50
2026-01,OUT0019,Nykaa Luxe - Ahmedabad 9,Nykaa Luxe,MBO,Ahmedabad,Gujarat,West,SKU0012,Northline Lipstick A,Northline,Makeup,Lipstick,Others,Active,2429,7,7,,4,11895,BGR West,5,4,,48
2026-01,OUT0019,Nykaa Luxe - Ahmedabad 9,Nykaa Luxe,MBO,Ahmedabad,Gujarat,West,SKU0014,Lumina Lipstick C,Lumina,Makeup,Lipstick,Top 25,Active,1729,4,3,,17,34719,BGR West,18,16,,53
2026-01,OUT0019,Nykaa Luxe - Ahmedabad 9,Nykaa Luxe,MBO,Ahmedabad,Gujarat,West,SKU0015,Blush & Co Mascara A,Blush & Co,Makeup,Mascara,Top 25,Active,1219,40,0,,16,23978,BGR West,21,19,,47
2026-01,OUT0019,Nykaa Luxe - Ahmedabad 9,Nykaa Luxe,MBO,Ahmedabad,Gujarat,West,SKU0017,Lumina Mascara C,Lumina,Makeup,Mascara,Top 10,Active,529,114,126,,21,12499,BGR West,33,33,,53
2026-01,OUT0019,Nykaa Luxe - Ahmedabad 9,Nykaa Luxe,MBO,Ahmedabad,Gujarat,West,SKU0020,Lumina Shampoo A,Lumina,Haircare,Shampoo,Top 10,Active,509,196,183,,40,21064,BGR West,39,27,,36
2026-01,OUT0019,Nykaa Luxe - Ahmedabad 9,Nykaa Luxe,MBO,Ahmedabad,Gujarat,West,SKU0021,Verde Shampoo B,Verde,Haircare,Shampoo,Others,Active,1319,51,55,,4,5596,BGR West,9,8,,34
2026-01,OUT0019,Nykaa Luxe - Ahmedabad 9,Nykaa Luxe,MBO,Ahmedabad,Gujarat,West,SKU0022,Northline Conditioner A,Northline,Haircare,Conditioner,Others,Active,779,37,38,,5,4864,BGR West,6,6,,34
2026-01,OUT0019,Nykaa Luxe - Ahmedabad 9,Nykaa Luxe,MBO,Ahmedabad,Gujarat,West,SKU0027,Lumina EDP B,Lumina,Fragrance,EDP,Top 10,Active,529,93,118,,39,20053,BGR West,64,64,,58
2026-01,OUT0019,Nykaa Luxe - Ahmedabad 9,Nykaa Luxe,MBO,Ahmedabad,Gujarat,West,SKU0028,Northline EDT A,Northline,Fragrance,EDT,Top 25,Active,1109,4,15,,21,27497,BGR West,36,32,,56
2026-01,OUT0019,Nykaa Luxe - Ahmedabad 9,Nykaa Luxe,MBO,Ahmedabad,Gujarat,West,SKU0030,Blush & Co EDT C,Blush & Co,Fragrance,EDT,Others,Active,779,34,33,,5,4213,BGR West,7,4,,58
2026-01,OUT0019,Nykaa Luxe - Ahmedabad 9,Nykaa Luxe,MBO,Ahmedabad,Gujarat,West,SKU0031,Lumina Body Mist A,Lumina,Fragrance,Body Mist,Top 25,Active,2119,89,90,,1,1941,BGR West,4,2,,58
2026-01,OUT0019,Nykaa Luxe - Ahmedabad 9,Nykaa Luxe,MBO,Ahmedabad,Gujarat,West,SKU0033,Northline Body Lotion A,Northline,Bath & Body,Body Lotion,Top 10,Active,1239,251,256,,36,53563,BGR West,44,41,,38
2026-01,OUT0019,Nykaa Luxe - Ahmedabad 9,Nykaa Luxe,MBO,Ahmedabad,Gujarat,West,SKU0034,Northline Body Lotion B,Northline,Bath & Body,Body Lotion,Top 25,Active,989,155,162,,18,19199,BGR West,32,25,,42
2026-01,OUT0019,Nykaa Luxe - Ahmedabad 9,Nykaa Luxe,MBO,Ahmedabad,Gujarat,West,SKU0035,Northline Body Wash A,Northline,Bath & Body,Body Wash,Others,Active,469,28,30,,2,986,BGR West,7,4,,43
2026-01,OUT0019,Nykaa Luxe - Ahmedabad 9,Nykaa Luxe,MBO,Ahmedabad,Gujarat,West,SKU0036,Northline Body Wash B,Northline,Bath & Body,Body Wash,Others,Active,1179,12,13,,1,1426,BGR West,3,2,,43
2026-01,OUT0019,Nykaa Luxe - Ahmedabad 9,Nykaa Luxe,MBO,Ahmedabad,Gujarat,West,SKU0038,Blush & Co Hand Cream A,Blush & Co,Bath & Body,Hand Cream,Others,Active,489,39,44,,5,2335,BGR West,10,10,,37
2026-01,OUT0019,Nykaa Luxe - Ahmedabad 9,Nykaa Luxe,MBO,Ahmedabad,Gujarat,West,SKU0039,Northline Hand Cream B,Northline,Bath & Body,Hand Cream,Others,Active,1189,35,37,,2,2721,BGR West,5,4,,43
2026-01,OUT0020,Reliance Beauty - New Delhi 1,Reliance Beauty,Department Store,New Delhi,Delhi,North,SKU0002,Verde Moisturizer B,Verde,Skincare,Moisturizer,Top 10,Active,1179,6,13,,12,13329,BGR North,21,19,,47
2026-01,OUT0020,Reliance Beauty - New Delhi 1,Reliance Beauty,Department Store,New Delhi,Delhi,North,SKU0004,Northline Serum B,Northline,Skincare,Serum,Top 25,Active,2489,26,34,,6,17940,BGR North,16,14,,45
2026-01,OUT0020,Reliance Beauty - New Delhi 1,Reliance Beauty,Department Store,New Delhi,Delhi,North,SKU0010,Blush & Co Foundation A,Blush & Co,Makeup,Foundation,Others,Active,1419,5,4,,2,3562,BGR North,2,1,,50
2026-01,OUT0020,Reliance Beauty - New Delhi 1,Reliance Beauty,Department Store,New Delhi,Delhi,North,SKU0011,Lumina Foundation B,Lumina,Makeup,Foundation,Top 10,Inactive,1889,0,2,,9,16138,BGR North,11,11,,52
2026-01,OUT0020,Reliance Beauty - New Delhi 1,Reliance Beauty,Department Store,New Delhi,Delhi,North,SKU0012,Northline Lipstick A,Northline,Makeup,Lipstick,Others,Active,2429,11,0,,1,2779,BGR North,2,1,,47
2026-01,OUT0020,Reliance Beauty - New Delhi 1,Reliance Beauty,Department Store,New Delhi,Delhi,North,SKU0013,Northline Lipstick B,Northline,Makeup,Lipstick,Others,Active,2469,13,7,,1,2555,BGR North,5,3,,52
2026-01,OUT0020,Reliance Beauty - New Delhi 1,Reliance Beauty,Department Store,New Delhi,Delhi,North,SKU0015,Blush & Co Mascara A,Blush & Co,Makeup,Mascara,Top 25,Active,1219,16,22,,8,11135,BGR North,18,14,,48
2026-01,OUT0020,Reliance Beauty - New Delhi 1,Reliance Beauty,Department Store,New Delhi,Delhi,North,SKU0016,Verde Mascara B,Verde,Makeup,Mascara,Top 25,Active,199,49,50,,4,889,BGR North,6,5,,49
2026-01,OUT0020,Reliance Beauty - New Delhi 1,Reliance Beauty,Department Store,New Delhi,Delhi,North,SKU0017,Lumina Mascara C,Lumina,Makeup,Mascara,Top 10,Active,529,14,16,,7,4591,BGR North,10,9,,49
2026-01,OUT0020,Reliance Beauty - New Delhi 1,Reliance Beauty,Department Store,New Delhi,Delhi,North,SKU0018,Northline Eyeliner A,Northline,Makeup,Eyeliner,Others,Active,1959,14,14,,0,0,BGR North,1,0,,47
2026-01,OUT0020,Reliance Beauty - New Delhi 1,Reliance Beauty,Department Store,New Delhi,Delhi,North,SKU0019,Northline Eyeliner B,Northline,Makeup,Eyeliner,Others,Active,1889,24,26,,1,1874,BGR North,4,3,,48
2026-01,OUT0020,Reliance Beauty - New Delhi 1,Reliance Beauty,Department Store,New Delhi,Delhi,North,SKU0020,Lumina Shampoo A,Lumina,Haircare,Shampoo,Top 10,Active,509,21,29,,13,7845,BGR North,21,21,,36
2026-01,OUT0020,Reliance Beauty - New Delhi 1,Reliance Beauty,Department Store,New Delhi,Delhi,North,SKU0028,Northline EDT A,Northline,Fragrance,EDT,Top 25,Active,1109,0,0,,9,11702,BGR North,12,9,,52
2026-01,OUT0020,Reliance Beauty - New Delhi 1,Reliance Beauty,Department Store,New Delhi,Delhi,North,SKU0030,Blush & Co EDT C,Blush & Co,Fragrance,EDT,Others,Active,779,19,21,,4,3414,BGR North,9,6,,57
2026-01,OUT0020,Reliance Beauty - New Delhi 1,Reliance Beauty,Department Store,New Delhi,Delhi,North,SKU0031,Lumina Body Mist A,Lumina,Fragrance,Body Mist,Top 25,Active,2119,11,18,,7,17094,BGR North,14,14,,52
2026-01,OUT0020,Reliance Beauty - New Delhi 1,Reliance Beauty,Department Store,New Delhi,Delhi,North,SKU0033,Northline Body Lotion A,Northline,Bath & Body,Body Lotion,Top 10,Active,1239,18,23,,19,24886,BGR North,30,24,,40
2026-01,OUT0020,Reliance Beauty - New Delhi 1,Reliance Beauty,Department Store,New Delhi,Delhi,North,SKU0034,Northline Body Lotion B,Northline,Bath & Body,Body Lotion,Top 25,Active,989,18,20,,7,7375,BGR North,11,9,,43
2026-01,OUT0020,Reliance Beauty - New Delhi 1,Reliance Beauty,Department Store,New Delhi,Delhi,North,SKU0038,Blush & Co Hand Cream A,Blush & Co,Bath & Body,Hand Cream,Others,Active,489,10,0,,2,1141,BGR North,6,6,,42
2026-01,OUT0021,Reliance Beauty - Surat 2,Reliance Beauty,Department Store,Surat,Gujarat,West,SKU0002,Verde Moisturizer B,Verde,Skincare,Moisturizer,Top 10,Active,1179,113,121,,17,20193,BGR West,25,25,,46
2026-01,OUT0021,Reliance Beauty - Surat 2,Reliance Beauty,Department Store,Surat,Gujarat,West,SKU0004,Northline Serum B,Northline,Skincare,Serum,Top 25,Active,2489,31,33,,5,11465,BGR West,10,7,,42
2026-01,OUT0021,Reliance Beauty - Surat 2,Reliance Beauty,Department Store,Surat,Gujarat,West,SKU0006,Blush & Co Cleanser A,Blush & Co,Skincare,Cleanser,Top 10,Active,289,136,158,,32,10721,BGR West,54,54,,44
2026-01,OUT0021,Reliance Beauty - Surat 2,Reliance Beauty,Department Store,Surat,Gujarat,West,SKU0011,Lumina Foundation B,Lumina,Makeup,Foundation,Top 10,Inactive,1889,92,88,,21,48304,BGR West,22,17,,47
2026-01,OUT0021,Reliance Beauty - Surat 2,Reliance Beauty,Department Store,Surat,Gujarat,West,SKU0014,Lumina Lipstick C,Lumina,Makeup,Lipstick,Top 25,Active,1729,57,67,,13,21108,BGR West,23,23,,53
2026-01,OUT0021,Reliance Beauty - Surat 2,Reliance Beauty,Department Store,Surat,Gujarat,West,SKU0015,Blush & Co Mascara A,Blush & Co,Makeup,Mascara,Top 25,Active,1219,51,62,,11,12394,BGR West,22,22,,47
2026-01,OUT0021,Reliance Beauty - Surat 2,Reliance Beauty,Department Store,Surat,Gujarat,West,SKU0016,Verde Mascara B,Verde,Makeup,Mascara,Top 25,Active,199,0,7,,12,2968,BGR West,20,19,,53
2026-01,OUT0021,Reliance Beauty - Surat 2,Reliance Beauty,Department Store,Surat,Gujarat,West,SKU0017,Lumina Mascara C,Lumina,Makeup,Mascara,Top 10,Active,529,111,122,,31,16853,BGR West,42,42,,49
2026-01,OUT0021,Reliance Beauty - Surat 2,Reliance Beauty,Department Store,Surat,Gujarat,West,SKU0019,Northline Eyeliner B,Northline,Makeup,Eyeliner,Others,Active,1889,16,21,,3,6896,BGR West,8,8,,52
2026-01,OUT0021,Reliance Beauty - Surat 2,Reliance Beauty,Department Store,Surat,Gujarat,West,SKU0020,Lumina Shampoo A,Lumina,Haircare,Shampoo,Top 10,Active,509,24,34,,36,18181,BGR West,46,46,,37
2026-01,OUT0021,Reliance Beauty - Surat 2,Reliance Beauty,Department Store,Surat,Gujarat,West,SKU0021,Verde Shampoo B,Verde,Haircare,Shampoo,Others,Active,1319,26,27,,4,5511,BGR West,8,5,,38
2026-01,OUT0021,Reliance Beauty - Surat 2,Reliance Beauty,Department Store,Surat,Gujarat,West,SKU0022,Northline Conditioner A,Northline,Haircare,Conditioner,Others,Active,779,21,26,,4,3193,BGR West,11,9,,34
2026-01,OUT0021,Reliance Beauty - Surat 2,Reliance Beauty,Department Store,Surat,Gujarat,West,SKU0023,Northline Conditioner B,Northline,Haircare,Conditioner,Others,Active,379,5,6,,0,0,BGR West,2,1,,36
2026-01,OUT0021,Reliance Beauty - Surat 2,Reliance Beauty,Department Store,Surat,Gujarat,West,SKU0028,Northline EDT A,Northline,Fragrance,EDT,Top 25,Active,1109,19,26,,11,13583,BGR West,21,18,,57
2026-01,OUT0021,Reliance Beauty - Surat 2,Reliance Beauty,Department Store,Surat,Gujarat,West,SKU0029,Blush & Co EDT B,Blush & Co,Fragrance,EDT,Top 25,Active,479,46,57,,7,3184,BGR West,18,18,,52
2026-01,OUT0021,Reliance Beauty - Surat 2,Reliance Beauty,Department Store,Surat,Gujarat,West,SKU0031,Lumina Body Mist A,Lumina,Fragrance,Body Mist,Top 25,Active,2119,34,37,,25,55349,BGR West,40,28,,53
2026-01,OUT0021,Reliance Beauty - Surat 2,Reliance Beauty,Department Store,Surat,Gujarat,West,SKU0032,Northline Body Mist B,Northline,Fragrance,Body Mist,Others,Inactive,2229,0,0,,5,11539,BGR West,7,5,,56
2026-01,OUT0021,Reliance Beauty - Surat 2,Reliance Beauty,Department Store,Surat,Gujarat,West,SKU0033,Northline Body Lotion A,Northline,Bath & Body,Body Lotion,Top 10,Active,1239,44,47,,39,57061,BGR West,42,42,,43
2026-01,OUT0021,Reliance Beauty - Surat 2,Reliance Beauty,Department Store,Surat,Gujarat,West,SKU0034,Northline Body Lotion B,Northline,Bath & Body,Body Lotion,Top 25,Active,989,11,17,,9,9189,BGR West,19,15,,42
2026-01,OUT0021,Reliance Beauty - Surat 2,Reliance Beauty,Department Store,Surat,Gujarat,West,SKU0038,Blush & Co Hand Cream A,Blush & Co,Bath & Body,Hand Cream,Others,Active,489,13,18,,3,1427,BGR West,8,8,,37
2026-01,OUT0021,Reliance Beauty - Surat 2,Reliance Beauty,Department Store,Surat,Gujarat,West,SKU0039,Northline Hand Cream B,Northline,Bath & Body,Hand Cream,Others,Active,1189,20,24,,5,5896,BGR West,9,9,,42
2026-01,OUT0022,Reliance Beauty - Kolkata 3,Reliance Beauty,Department Store,Kolkata,West Bengal,East,SKU0002,Verde Moisturizer B,Verde,Skincare,Moisturizer,Top 10,Active,1179,54,55,,4,4889,BGR East,7,5,,43
2026-01,OUT0022,Reliance Beauty - Kolkata 3,Reliance Beauty,Department Store,Kolkata,West Bengal,East,SKU0003,Verde Serum A,Verde,Skincare,Serum,Top 25,Active,2419,37,36,,4,10716,BGR East,4,3,,45
2026-01,OUT0022,Reliance Beauty - Kolkata 3,Reliance Beauty,Department Store,Kolkata,West Bengal,East,SKU0004,Northline Serum B,Northline,Skincare,Serum,Top 25,Active,2489,31,33,,2,6191,BGR East,7,4,,47
2026-01,OUT0022,Reliance Beauty - Kolkata 3,Reliance Beauty,Department Store,Kolkata,West Bengal,East,SKU0006,Blush & Co Cleanser A,Blush & Co,Skincare,Cleanser,Top 10,Active,289,15,13,,7,1860,BGR East,8,5,,45
2026-01,OUT0022,Reliance Beauty - Kolkata 3,Reliance Beauty,Department Store,Kolkata,West Bengal,East,SKU0008,Lumina Sunscreen A,Lumina,Skincare,Sunscreen,Others,Active,1599,10,12,,0,0,BGR East,3,2,,45
2026-01,OUT0022,Reliance Beauty - Kolkata 3,Reliance Beauty,Department Store,Kolkata,West Bengal,East,SKU0011,Lumina Foundation B,Lumina,Makeup,Foundation,Top 10,Inactive,1889,8,7,,5,8558,BGR East,5,4,,52
2026-01,OUT0022,Reliance Beauty - Kolkata 3,Reliance Beauty,Department Store,Kolkata,West Bengal,East,SKU0012,Northline Lipstick A,Northline,Makeup,Lipstick,Others,Active,2429,8,11,,0,0,BGR East,3,3,,48
2026-01,OUT0022,Reliance Beauty - Kolkata 3,Reliance Beauty,Department Store,Kolkata,West Bengal,East,SKU0013,Northline Lipstick B,Northline,Makeup,Lipstick,Others,Active,2469,5,5,,0,0,BGR East,0,0,,47
2026-01,OUT0022,Reliance Beauty - Kolkata 3,Reliance Beauty,Department Store,Kolkata,West Bengal,East,SKU0014,Lumina Lipstick C,Lumina,Makeup,Lipstick,Top 25,Active,1729,10,14,,3,6085,BGR East,7,7,,47
2026-01,OUT0022,Reliance Beauty - Kolkata 3,Reliance Beauty,Department Store,Kolkata,West Bengal,East,SKU0015,Blush & Co Mascara A,Blush & Co,Makeup,Mascara,Top 25,Active,1219,22,23,,3,3656,BGR East,5,4,,47
2026-01,OUT0022,Reliance Beauty - Kolkata 3,Reliance Beauty,Department Store,Kolkata,West Bengal,East,SKU0017,Lumina Mascara C,Lumina,Makeup,Mascara,Top 10,Active,529,71,75,,3,1804,BGR East,8,7,,50
2026-01,OUT0022,Reliance Beauty - Kolkata 3,Reliance Beauty,Department Store,Kolkata,West Bengal,East,SKU0018,Northline Eyeliner A,Northline,Makeup,Eyeliner,Others,Active,1959,3,5,,0,0,BGR East,3,2,,51
2026-01,OUT0022,Reliance Beauty - Kolkata 3,Reliance Beauty,Department Store,Kolkata,West Bengal,East,SKU0019,Northline Eyeliner B,Northline,Makeup,Eyeliner,Others,Active,1889,21,21,,1,1954,BGR East,2,1,,50
2026-01,OUT0022,Reliance Beauty - Kolkata 3,Reliance Beauty,Department Store,Kolkata,West Bengal,East,SKU0020,Lumina Shampoo A,Lumina,Haircare,Shampoo,Top 10,Active,509,26,37,,7,3599,BGR East,18,18,,37
2026-01,OUT0022,Reliance Beauty - Kolkata 3,Reliance Beauty,Department Store,Kolkata,West Bengal,East,SKU0022,Northline Conditioner A,Northline,Haircare,Conditioner,Others,Active,779,1,2,,1,976,BGR East,3,2,,38
2026-01,OUT0022,Reliance Beauty - Kolkata 3,Reliance Beauty,Department Store,Kolkata,West Bengal,East,SKU0027,Lumina EDP B,Lumina,Fragrance,EDP,Top 10,Active,529,22,24,,5,2479,BGR East,10,7,,57
2026-01,OUT0022,Reliance Beauty - Kolkata 3,Reliance Beauty,Department Store,Kolkata,West Bengal,East,SKU0028,Northline EDT A,Northline,Fragrance,EDT,Top 25,Active,1109,40,39,,3,3106,BGR East,4,2,,53
2026-01,OUT0022,Reliance Beauty - Kolkata 3,Reliance Beauty,Department Store,Kolkata,West Bengal,East,SKU0029,Blush & Co EDT B,Blush & Co,Fragrance,EDT,Top 25,Active,479,34,35,,2,1063,BGR East,4,3,,55
2026-01,OUT0022,Reliance Beauty - Kolkata 3,Reliance Beauty,Department Store,Kolkata,West Bengal,East,SKU0031,Lumina Body Mist A,Lumina,Fragrance,Body Mist,Top 25,Active,2119,13,16,,3,7110,BGR East,7,6,,52
2026-01,OUT0022,Reliance Beauty - Kolkata 3,Reliance Beauty,Department Store,Kolkata,West Bengal,East,SKU0032,Northline Body Mist B,Northline,Fragrance,Body Mist,Others,Inactive,2229,12,16,,1,2655,BGR East,5,5,,55
2026-01,OUT0022,Reliance Beauty - Kolkata 3,Reliance Beauty,Department Store,Kolkata,West Bengal,East,SKU0033,Northline Body Lotion A,Northline,Bath & Body,Body Lotion,Top 10,Active,1239,71,82,,15,20753,BGR East,26,26,,38
2026-01,OUT0022,Reliance Beauty - Kolkata 3,Reliance Beauty,Department Store,Kolkata,West Bengal,East,SKU0034,Northline Body Lotion B,Northline,Bath & Body,Body Lotion,Top 25,Active,989,23,26,,4,4353,BGR East,7,7,,38
2026-01,OUT0022,Reliance Beauty - Kolkata 3,Reliance Beauty,Department Store,Kolkata,West Bengal,East,SKU0035,Northline Body Wash A,Northline,Bath & Body,Body Wash,Others,Active,469,0,3,,1,580,BGR East,5,4,,42
2026-01,OUT0022,Reliance Beauty - Kolkata 3,Reliance Beauty,Department Store,Kolkata,West Bengal,East,SKU0036,Northline Body Wash B,Northline,Bath & Body,Body Wash,Others,Active,1179,15,17,,0,0,BGR East,2,2,,41
2026-01,OUT0022,Reliance Beauty - Kolkata 3,Reliance Beauty,Department Store,Kolkata,West Bengal,East,SKU0037,Verde Body Wash C,Verde,Bath & Body,Body Wash,Top 25,Active,2239,13,13,,2,4511,BGR East,3,2,,41
2026-01,OUT0023,Reliance Beauty - Pune 4,Reliance Beauty,Department Store,Pune,Maharashtra,West,SKU0001,Blush & Co Moisturizer A,Blush & Co,Skincare,Moisturizer,Others,Active,2319,10,12,,2,4942,BGR West,5,4,,43
2026-01,OUT0023,Reliance Beauty - Pune 4,Reliance Beauty,Department Store,Pune,Maharashtra,West,SKU0002,Verde Moisturizer B,Verde,Skincare,Moisturizer,Top 10,Active,1179,48,47,,19,22679,BGR West,23,18,,48
2026-01,OUT0023,Reliance Beauty - Pune 4,Reliance Beauty,Department Store,Pune,Maharashtra,West,SKU0003,Verde Serum A,Verde,Skincare,Serum,Top 25,Active,2419,1,11,,15,36007,BGR West,25,25,,45
2026-01,OUT0023,Reliance Beauty - Pune 4,Reliance Beauty,Department Store,Pune,Maharashtra,West,SKU0004,Northline Serum B,Northline,Skincare,Serum,Top 25,Active,2489,39,45,,5,14192,BGR West,11,11,,44
2026-01,OUT0023,Reliance Beauty - Pune 4,Reliance Beauty,Department Store,Pune,Maharashtra,West,SKU0005,Northline Serum C,Northline,Skincare,Serum,Others,Inactive,1819,1,4,,1,2049,BGR West,4,4,,45
2026-01,OUT0023,Reliance Beauty - Pune 4,Reliance Beauty,Department Store,Pune,Maharashtra,West,SKU0006,Blush & Co Cleanser A,Blush & Co,Skincare,Cleanser,Top 10,Active,289,51,0,,39,10323,BGR West,72,64,,48
2026-01,OUT0023,Reliance Beauty - Pune 4,Reliance Beauty,Department Store,Pune,Maharashtra,West,SKU0009,Blush & Co Sunscreen B,Blush & Co,Skincare,Sunscreen,Others,Inactive,1629,21,20,,2,3661,BGR West,2,1,,48
2026-01,OUT0023,Reliance Beauty - Pune 4,Reliance Beauty,Department Store,Pune,Maharashtra,West,SKU0010,Blush & Co Foundation A,Blush & Co,Makeup,Foundation,Others,Active,1419,13,15,,2,3486,BGR West,5,4,,51
2026-01,OUT0023,Reliance Beauty - Pune 4,Reliance Beauty,Department Store,Pune,Maharashtra,West,SKU0011,Lumina Foundation B,Lumina,Makeup,Foundation,Top 10,Inactive,1889,33,37,,18,34405,BGR West,24,22,,51
2026-01,OUT0023,Reliance Beauty - Pune 4,Reliance Beauty,Department Store,Pune,Maharashtra,West,SKU0012,Northline Lipstick A,Northline,Makeup,Lipstick,Others,Active,2429,8,10,,1,2601,BGR West,4,3,,52
2026-01,OUT0023,Reliance Beauty - Pune 4,Reliance Beauty,Department Store,Pune,Maharashtra,West,SKU0013,Northline Lipstick B,Northline,Makeup,Lipstick,Others,Active,2469,14,0,,0,0,BGR West,0,0,,51
2026-01,OUT0023,Reliance Beauty - Pune 4,Reliance Beauty,Department Store,Pune,Maharashtra,West,SKU0014,Lumina Lipstick C,Lumina,Makeup,Lipstick,Top 25,Active,1729,63,68,,11,21223,BGR West,23,16,,52
2026-01,OUT0023,Reliance Beauty - Pune 4,Reliance Beauty,Department Store,Pune,Maharashtra,West,SKU0015,Blush & Co Mascara A,Blush & Co,Makeup,Mascara,Top 25,Active,1219,0,8,,12,18312,BGR West,20,20,,52
2026-01,OUT0023,Reliance Beauty - Pune 4,Reliance Beauty,Department Store,Pune,Maharashtra,West,SKU0016,Verde Mascara B,Verde,Makeup,Mascara,Top 25,Active,199,44,56,,21,3961,BGR West,33,33,,49
2026-01,OUT0023,Reliance Beauty - Pune 4,Reliance Beauty,Department Store,Pune,Maharashtra,West,SKU0017,Lumina Mascara C,Lumina,Makeup,Mascara,Top 10,Active,529,100,101,,11,6076,BGR West,13,12,,51
2026-01,OUT0023,Reliance Beauty - Pune 4,Reliance Beauty,Department Store,Pune,Maharashtra,West,SKU0018,Northline Eyeliner A,Northline,Makeup,Eyeliner,Others,Active,1959,0,0,,1,1906,BGR West,1,0,,48
2026-01,OUT0023,Reliance Beauty - Pune 4,Reliance Beauty,Department Store,Pune,Maharashtra,West,SKU0020,Lumina Shampoo A,Lumina,Haircare,Shampoo,Top 10,Active,509,37,47,,17,7842,BGR West,29,27,,37
2026-01,OUT0023,Reliance Beauty - Pune 4,Reliance Beauty,Department Store,Pune,Maharashtra,West,SKU0022,Northline Conditioner A,Northline,Haircare,Conditioner,Others,Active,779,0,4,,2,1724,BGR West,9,6,,38
2026-01,OUT0023,Reliance Beauty - Pune 4,Reliance Beauty,Department Store,Pune,Maharashtra,West,SKU0023,Northline Conditioner B,Northline,Haircare,Conditioner,Others,Active,379,11,11,,0,0,BGR West,0,0,,33
2026-01,OUT0023,Reliance Beauty - Pune 4,Reliance Beauty,Department Store,Pune,Maharashtra,West,SKU0027,Lumina EDP B,Lumina,Fragrance,EDP,Top 10,Active,529,70,82,,19,11569,BGR West,33,31,,55
2026-01,OUT0023,Reliance Beauty - Pune 4,Reliance Beauty,Department Store,Pune,Maharashtra,West,SKU0028,Northline EDT A,Northline,Fragrance,EDT,Top 25,Active,1109,55,64,,15,18533,BGR West,30,24,,55
2026-01,OUT0023,Reliance Beauty - Pune 4,Reliance Beauty,Department Store,Pune,Maharashtra,West,SKU0029,Blush & Co EDT B,Blush & Co,Fragrance,EDT,Top 25,Active,479,55,65,,17,7984,BGR West,27,27,,57
2026-01,OUT0023,Reliance Beauty - Pune 4,Reliance Beauty,Department Store,Pune,Maharashtra,West,SKU0032,Northline Body Mist B,Northline,Fragrance,Body Mist,Others,Inactive,2229,21,24,,2,4044,BGR West,6,5,,58
2026-01,OUT0023,Reliance Beauty - Pune 4,Reliance Beauty,Department Store,Pune,Maharashtra,West,SKU0033,Northline Body Lotion A,Northline,Bath & Body,Body Lotion,Top 10,Active,1239,153,172,,23,25750,BGR West,42,42,,39
2026-01,OUT0023,Reliance Beauty - Pune 4,Reliance Beauty,Department Store,Pune,Maharashtra,West,SKU0034,Northline Body Lotion B,Northline,Bath & Body,Body Lotion,Top 25,Active,989,65,0,,8,7271,BGR West,14,13,,40
2026-01,OUT0023,Reliance Beauty - Pune 4,Reliance Beauty,Department Store,Pune,Maharashtra,West,SKU0035,Northline Body Wash A,Northline,Bath & Body,Body Wash,Others,Active,469,16,18,,2,950,BGR West,6,4,,37
2026-01,OUT0023,Reliance Beauty - Pune 4,Reliance Beauty,Department Store,Pune,Maharashtra,West,SKU0036,Northline Body Wash B,Northline,Bath & Body,Body Wash,Others,Active,1179,13,13,,2,2388,BGR West,2,2,,41
2026-01,OUT0023,Reliance Beauty - Pune 4,Reliance Beauty,Department Store,Pune,Maharashtra,West,SKU0037,Verde Body Wash C,Verde,Bath & Body,Body Wash,Top 25,Active,2239,45,53,,7,18887,BGR West,15,15,,40
2026-01,OUT0023,Reliance Beauty - Pune 4,Reliance Beauty,Department Store,Pune,Maharashtra,West,SKU0038,Blush & Co Hand Cream A,Blush & Co,Bath & Body,Hand Cream,Others,Active,489,9,14,,2,1001,BGR West,7,7,,42
2026-01,OUT0024,Reliance Beauty - Bangalore 5,Reliance Beauty,Department Store,Bangalore,Karnataka,South,SKU0001,Blush & Co Moisturizer A,Blush & Co,Skincare,Moisturizer,Others,Active,2319,10,11,,1,2179,BGR South,3,2,,47
2026-01,OUT0024,Reliance Beauty - Bangalore 5,Reliance Beauty,Department Store,Bangalore,Karnataka,South,SKU0003,Verde Serum A,Verde,Skincare,Serum,Top 25,Active,2419,61,76,,14,40888,BGR South,29,29,,44
2026-01,OUT0024,Reliance Beauty - Bangalore 5,Reliance Beauty,Department Store,Bangalore,Karnataka,South,SKU0004,Northline Serum B,Northline,Skincare,Serum,Top 25,Active,2489,10,17,,5,13664,BGR South,12,12,,46
2026-01,OUT0024,Reliance Beauty - Bangalore 5,Reliance Beauty,Department Store,Bangalore,Karnataka,South,SKU0005,Northline Serum C,Northline,Skincare,Serum,Others,Inactive,1819,0,2,,0,0,BGR South,3,2,,46
2026-01,OUT0024,Reliance Beauty - Bangalore 5,Reliance Beauty,Department Store,Bangalore,Karnataka,South,SKU0006,Blush & Co Cleanser A,Blush & Co,Skincare,Cleanser,Top 10,Active,289,198,210,,12,3456,BGR South,24,24,,42
2026-01,OUT0024,Reliance Beauty - Bangalore 5,Reliance Beauty,Department Store,Bangalore,Karnataka,South,SKU0007,Northline Cleanser B,Northline,Skincare,Cleanser,Others,Active,1809,29,32,,2,4185,BGR South,5,5,,46
2026-01,OUT0024,Reliance Beauty - Bangalore 5,Reliance Beauty,Department Store,Bangalore,Karnataka,South,SKU0008,Lumina Sunscreen A,Lumina,Skincare,Sunscreen,Others,Active,1599,20,21,,0,0,BGR South,1,1,,42
2026-01,OUT0024,Reliance Beauty - Bangalore 5,Reliance Beauty,Department Store,Bangalore,Karnataka,South,SKU0009,Blush & Co Sunscreen B,Blush & Co,Skincare,Sunscreen,Others,Inactive,1629,16,19,,1,1656,BGR South,6,4,,42
2026-01,OUT0024,Reliance Beauty - Bangalore 5,Reliance Beauty,Department Store,Bangalore,Karnataka,South,SKU0011,Lumina Foundation B,Lumina,Makeup,Foundation,Top 10,Inactive,1889,73,72,,10,22648,BGR South,14,9,,49
2026-01,OUT0024,Reliance Beauty - Bangalore 5,Reliance Beauty,Department Store,Bangalore,Karnataka,South,SKU0013,Northline Lipstick B,Northline,Makeup,Lipstick,Others,Active,2469,6,8,,0,0,BGR South,2,2,,52
2026-01,OUT0024,Reliance Beauty - Bangalore 5,Reliance Beauty,Department Store,Bangalore,Karnataka,South,SKU0014,Lumina Lipstick C,Lumina,Makeup,Lipstick,Top 25,Active,1729,40,39,,9,16011,BGR South,10,8,,53
2026-01,OUT0024,Reliance Beauty - Bangalore 5,Reliance Beauty,Department Store,Bangalore,Karnataka,South,SKU0015,Blush & Co Mascara A,Blush & Co,Makeup,Mascara,Top 25,Active,1219,55,62,,6,6743,BGR South,13,13,,51
2026-01,OUT0024,Reliance Beauty - Bangalore 5,Reliance Beauty,Department Store,Bangalore,Karnataka,South,SKU0016,Verde Mascara B,Verde,Makeup,Mascara,Top 25,Active,199,3,10,,6,1186,BGR South,13,13,,48
2026-01,OUT0024,Reliance Beauty - Bangalore 5,Reliance Beauty,Department Store,Bangalore,Karnataka,South,SKU0017,Lumina Mascara C,Lumina,Makeup,Mascara,Top 10,Active,529,76,77,,1,558,BGR South,3,2,,47
2026-01,OUT0024,Reliance Beauty - Bangalore 5,Reliance Beauty,Department Store,Bangalore,Karnataka,South,SKU0020,Lumina Shampoo A,Lumina,Haircare,Shampoo,Top 10,Active,509,48,50,,9,4956,BGR South,16,11,,36
2026-01,OUT0024,Reliance Beauty - Bangalore 5,Reliance Beauty,Department Store,Bangalore,Karnataka,South,SKU0021,Verde Shampoo B,Verde,Haircare,Shampoo,Others,Active,1319,16,19,,2,3186,BGR South,6,5,,36
2026-01,OUT0024,Reliance Beauty - Bangalore 5,Reliance Beauty,Department Store,Bangalore,Karnataka,South,SKU0022,Northline Conditioner A,Northline,Haircare,Conditioner,Others,Active,779,7,11,,3,2660,BGR South,8,7,,32
2026-01,OUT0024,Reliance Beauty - Bangalore 5,Reliance Beauty,Department Store,Bangalore,Karnataka,South,SKU0027,Lumina EDP B,Lumina,Fragrance,EDP,Top 10,Active,529,49,61,,12,5828,BGR South,24,24,,55
2026-01,OUT0024,Reliance Beauty - Bangalore 5,Reliance Beauty,Department Store,Bangalore,Karnataka,South,SKU0028,Northline EDT A,Northline,Fragrance,EDT,Top 25,Active,1109,3,2,,7,9131,BGR South,8,6,,52
2026-01,OUT0024,Reliance Beauty - Bangalore 5,Reliance Beauty,Department Store,Bangalore,Karnataka,South,SKU0029,Blush & Co EDT B,Blush & Co,Fragrance,EDT,Top 25,Active,479,0,3,,5,2984,BGR South,8,8,,56
2026-01,OUT0024,Reliance Beauty - Bangalore 5,Reliance Beauty,Department Store,Bangalore,Karnataka,South,SKU0031,Lumina Body Mist A,Lumina,Fragrance,Body Mist,Top 25,Active,2119,69,73,,5,12038,BGR South,11,9,,57
2026-01,OUT0024,Reliance Beauty - Bangalore 5,Reliance Beauty,Department Store,Bangalore,Karnataka,South,SKU0033,Northline Body Lotion A,Northline,Bath & Body,Body Lotion,Top 10,Active,1239,114,119,,15,19277,BGR South,20,20,,39
2026-01,OUT0024,Reliance Beauty - Bangalore 5,Reliance Beauty,Department Store,Bangalore,Karnataka,South,SKU0034,Northline Body Lotion B,Northline,Bath & Body,Body Lotion,Top 25,Active,989,12,14,,6,5691,BGR South,12,8,,43
2026-01,OUT0024,Reliance Beauty - Bangalore 5,Reliance Beauty,Department Store,Bangalore,Karnataka,South,SKU0037,Verde Body Wash C,Verde,Bath & Body,Body Wash,Top 25,Active,2239,7,10,,3,7985,BGR South,9,6,,40
2026-01,OUT0024,Reliance Beauty - Bangalore 5,Reliance Beauty,Department Store,Bangalore,Karnataka,South,SKU0038,Blush & Co Hand Cream A,Blush & Co,Bath & Body,Hand Cream,Others,Active,489,6,6,,1,485,BGR South,2,1,,37
2026-01,OUT0024,Reliance Beauty - Bangalore 5,Reliance Beauty,Department Store,Bangalore,Karnataka,South,SKU0039,Northline Hand Cream B,Northline,Bath & Body,Hand Cream,Others,Active,1189,19,23,,3,3280,BGR South,8,7,,43
2026-01,OUT0025,Reliance Beauty - Bangalore 6,Reliance Beauty,Department Store,Bangalore,Karnataka,South,SKU0002,Verde Moisturizer B,Verde,Skincare,Moisturizer,Top 10,Active,1179,31,34,,15,21512,BGR South,19,18,,46
2026-01,OUT0025,Reliance Beauty - Bangalore 6,Reliance Beauty,Department Store,Bangalore,Karnataka,South,SKU0004,Northline Serum B,Northline,Skincare,Serum,Top 25,Active,2489,16,17,,3,7979,BGR South,5,4,,43
2026-01,OUT0025,Reliance Beauty - Bangalore 6,Reliance Beauty,Department Store,Bangalore,Karnataka,South,SKU0006,Blush & Co Cleanser A,Blush & Co,Skincare,Cleanser,Top 10,Active,289,67,74,,21,6105,BGR South,40,28,,42
2026-01,OUT0025,Reliance Beauty - Bangalore 6,Reliance Beauty,Department Store,Bangalore,Karnataka,South,SKU0008,Lumina Sunscreen A,Lumina,Skincare,Sunscreen,Others,Active,1599,3,2,,1,1772,BGR South,1,0,,46
2026-01,OUT0025,Reliance Beauty - Bangalore 6,Reliance Beauty,Department Store,Bangalore,Karnataka,South,SKU0010,Blush & Co Foundation A,Blush & Co,Makeup,Foundation,Others,Active,1419,10,11,,2,3148,BGR South,4,3,,53
2026-01,OUT0025,Reliance Beauty - Bangalore 6,Reliance Beauty,Department Store,Bangalore,Karnataka,South,SKU0011,Lumina Foundation B,Lumina,Makeup,Foundation,Top 10,Inactive,1889,50,49,,21,40764,BGR South,29,20,,52
2026-01,OUT0025,Reliance Beauty - Bangalore 6,Reliance Beauty,Department Store,Bangalore,Karnataka,South,SKU0015,Blush & Co Mascara A,Blush & Co,Makeup,Mascara,Top 25,Active,1219,38,43,,10,13762,BGR South,17,15,,53
2026-01,OUT0025,Reliance Beauty - Bangalore 6,Reliance Beauty,Department Store,Bangalore,Karnataka,South,SKU0016,Verde Mascara B,Verde,Makeup,Mascara,Top 25,Active,199,30,34,,7,1269,BGR South,16,11,,48
2026-01,OUT0025,Reliance Beauty - Bangalore 6,Reliance Beauty,Department Store,Bangalore,Karnataka,South,SKU0017,Lumina Mascara C,Lumina,Makeup,Mascara,Top 10,Active,529,88,80,,59,38066,BGR South,74,51,,51
2026-01,OUT0025,Reliance Beauty - Bangalore 6,Reliance Beauty,Department Store,Bangalore,Karnataka,South,SKU0019,Northline Eyeliner B,Northline,Makeup,Eyeliner,Others,Active,1889,14,19,,2,3478,BGR South,7,7,,48
2026-01,OUT0025,Reliance Beauty - Bangalore 6,Reliance Beauty,Department Store,Bangalore,Karnataka,South,SKU0020,Lumina Shampoo A,Lumina,Haircare,Shampoo,Top 10,Active,509,64,75,,20,11910,BGR South,33,31,,36
2026-01,OUT0025,Reliance Beauty - Bangalore 6,Reliance Beauty,Department Store,Bangalore,Karnataka,South,SKU0023,Northline Conditioner B,Northline,Haircare,Conditioner,Others,Active,379,0,0,,0,0,BGR South,1,0,,35
2026-01,OUT0025,Reliance Beauty - Bangalore 6,Reliance Beauty,Department Store,Bangalore,Karnataka,South,SKU0027,Lumina EDP B,Lumina,Fragrance,EDP,Top 10,Active,529,8,31,,22,14622,BGR South,45,45,,54
2026-01,OUT0025,Reliance Beauty - Bangalore 6,Reliance Beauty,Department Store,Bangalore,Karnataka,South,SKU0028,Northline EDT A,Northline,Fragrance,EDT,Top 25,Active,1109,0,0,,8,10118,BGR South,17,15,,56
2026-01,OUT0025,Reliance Beauty - Bangalore 6,Reliance Beauty,Department Store,Bangalore,Karnataka,South,SKU0029,Blush & Co EDT B,Blush & Co,Fragrance,EDT,Top 25,Active,479,53,59,,5,2442,BGR South,13,11,,55
2026-01,OUT0025,Reliance Beauty - Bangalore 6,Reliance Beauty,Department Store,Bangalore,Karnataka,South,SKU0030,Blush & Co EDT C,Blush & Co,Fragrance,EDT,Others,Active,779,16,20,,3,2301,BGR South,8,7,,52
2026-01,OUT0025,Reliance Beauty - Bangalore 6,Reliance Beauty,Department Store,Bangalore,Karnataka,South,SKU0031,Lumina Body Mist A,Lumina,Fragrance,Body Mist,Top 25,Active,2119,55,59,,14,31760,BGR South,18,18,,56
2026-01,OUT0025,Reliance Beauty - Bangalore 6,Reliance Beauty,Department Store,Bangalore,Karnataka,South,SKU0033,Northline Body Lotion A,Northline,Bath & Body,Body Lotion,Top 10,Active,1239,59,71,,24,31230,BGR South,41,36,,39
2026-01,OUT0025,Reliance Beauty - Bangalore 6,Reliance Beauty,Department Store,Bangalore,Karnataka,South,SKU0034,Northline Body Lotion B,Northline,Bath & Body,Body Lotion,Top 25,Active,989,9,9,,15,13846,BGR South,16,15,,39
2026-01,OUT0025,Reliance Beauty - Bangalore 6,Reliance Beauty,Department Store,Bangalore,Karnataka,South,SKU0036,Northline Body Wash B,Northline,Bath & Body,Body Wash,Others,Active,1179,12,14,,0,0,BGR South,3,2,,43
2026-01,OUT0025,Reliance Beauty - Bangalore 6,Reliance Beauty,Department Store,Bangalore,Karnataka,South,SKU0037,Verde Body Wash C,Verde,Bath & Body,Body Wash,Top 25,Active,2239,0,4,,5,11028,BGR South,13,9,,43
2026-01,OUT0025,Reliance Beauty - Bangalore 6,Reliance Beauty,Department Store,Bangalore,Karnataka,South,SKU0039,Northline Hand Cream B,Northline,Bath & Body,Hand Cream,Others,Active,1189,25,28,,3,3912,BGR South,7,6,,43
2026-01,OUT0026,Reliance Beauty - Bhubaneswar 7,Reliance Beauty,Department Store,Bhubaneswar,Odisha,East,SKU0002,Verde Moisturizer B,Verde,Skincare,Moisturizer,Top 10,Active,1179,48,48,,10,13307,BGR East,11,10,,45
2026-01,OUT0026,Reliance Beauty - Bhubaneswar 7,Reliance Beauty,Department Store,Bhubaneswar,Odisha,East,SKU0003,Verde Serum A,Verde,Skincare,Serum,Top 25,Active,2419,0,2,,13,38218,BGR East,15,15,,44
2026-01,OUT0026,Reliance Beauty - Bhubaneswar 7,Reliance Beauty,Department Store,Bhubaneswar,Odisha,East,SKU0004,Northline Serum B,Northline,Skincare,Serum,Top 25,Active,2489,27,33,,5,13443,BGR East,12,11,,48
2026-01,OUT0026,Reliance Beauty - Bhubaneswar 7,Reliance Beauty,Department Store,Bhubaneswar,Odisha,East,SKU0006,Blush & Co Cleanser A,Blush & Co,Skincare,Cleanser,Top 10,Active,289,86,96,,10,3393,BGR East,22,20,,42
2026-01,OUT0026,Reliance Beauty - Bhubaneswar 7,Reliance Beauty,Department Store,Bhubaneswar,Odisha,East,SKU0008,Lumina Sunscreen A,Lumina,Skincare,Sunscreen,Others,Active,1599,16,18,,0,0,BGR East,4,2,,47
2026-01,OUT0026,Reliance Beauty - Bhubaneswar 7,Reliance Beauty,Department Store,Bhubaneswar,Odisha,East,SKU0009,Blush & Co Sunscreen B,Blush & Co,Skincare,Sunscreen,Others,Inactive,1629,20,22,,2,3664,BGR East,7,4,,46
2026-01,OUT0026,Reliance Beauty - Bhubaneswar 7,Reliance Beauty,Department Store,Bhubaneswar,Odisha,East,SKU0010,Blush & Co Foundation A,Blush & Co,Makeup,Foundation,Others,Active,1419,12,16,,2,3426,BGR East,8,6,,52
2026-01,OUT0026,Reliance Beauty - Bhubaneswar 7,Reliance Beauty,Department Store,Bhubaneswar,Odisha,East,SKU0011,Lumina Foundation B,Lumina,Makeup,Foundation,Top 10,Inactive,1889,39,42,,8,18912,BGR East,11,11,,47
2026-01,OUT0026,Reliance Beauty - Bhubaneswar 7,Reliance Beauty,Department Store,Bhubaneswar,Odisha,East,SKU0014,Lumina Lipstick C,Lumina,Makeup,Lipstick,Top 25,Active,1729,43,48,,7,12662,BGR East,12,12,,47
2026-01,OUT0026,Reliance Beauty - Bhubaneswar 7,Reliance Beauty,Department Store,Bhubaneswar,Odisha,East,SKU0015,Blush & Co Mascara A,Blush & Co,Makeup,Mascara,Top 25,Active,1219,54,57,,4,5467,BGR East,7,7,,48
2026-01,OUT0026,Reliance Beauty - Bhubaneswar 7,Reliance Beauty,Department Store,Bhubaneswar,Odisha,East,SKU0016,Verde Mascara B,Verde,Makeup,Mascara,Top 25,Active,199,0,6,,6,1157,BGR East,14,12,,49
2026-01,OUT0026,Reliance Beauty - Bhubaneswar 7,Reliance Beauty,Department Store,Bhubaneswar,Odisha,East,SKU0020,Lumina Shampoo A,Lumina,Haircare,Shampoo,Top 10,Active,509,43,48,,15,9106,BGR East,20,20,,35
2026-01,OUT0026,Reliance Beauty - Bhubaneswar 7,Reliance Beauty,Department Store,Bhubaneswar,Odisha,East,SKU0023,Northline Conditioner B,Northline,Haircare,Conditioner,Others,Active,379,0,1,,0,0,BGR East,2,1,,38
2026-01,OUT0026,Reliance Beauty - Bhubaneswar 7,Reliance Beauty,Department Store,Bhubaneswar,Odisha,East,SKU0028,Northline EDT A,Northline,Fragrance,EDT,Top 25,Active,1109,6,11,,7,9460,BGR East,13,12,,58
2026-01,OUT0026,Reliance Beauty - Bhubaneswar 7,Reliance Beauty,Department Store,Bhubaneswar,Odisha,East,SKU0030,Blush & Co EDT C,Blush & Co,Fragrance,EDT,Others,Active,779,8,8,,4,3289,BGR East,5,4,,54
2026-01,OUT0026,Reliance Beauty - Bhubaneswar 7,Reliance Beauty,Department Store,Bhubaneswar,Odisha,East,SKU0032,Northline Body Mist B,Northline,Fragrance,Body Mist,Others,Inactive,2229,23,0,,1,2084,BGR East,6,5,,55
2026-01,OUT0026,Reliance Beauty - Bhubaneswar 7,Reliance Beauty,Department Store,Bhubaneswar,Odisha,East,SKU0033,Northline Body Lotion A,Northline,Bath & Body,Body Lotion,Top 10,Active,1239,92,90,,29,39124,BGR East,31,27,,40
2026-01,OUT0026,Reliance Beauty - Bhubaneswar 7,Reliance Beauty,Department Store,Bhubaneswar,Odisha,East,SKU0035,Northline Body Wash A,Northline,Bath & Body,Body Wash,Others,Active,469,5,7,,1,559,BGR East,5,3,,43
2026-01,OUT0026,Reliance Beauty - Bhubaneswar 7,Reliance Beauty,Department Store,Bhubaneswar,Odisha,East,SKU0036,Northline Body Wash B,Northline,Bath & Body,Body Wash,Others,Active,1179,0,2,,0,0,BGR East,2,2,,39
2026-01,OUT0026,Reliance Beauty - Bhubaneswar 7,Reliance Beauty,Department Store,Bhubaneswar,Odisha,East,SKU0037,Verde Body Wash C,Verde,Bath & Body,Body Wash,Top 25,Active,2239,7,9,,7,14551,BGR East,10,9,,40
2026-01,OUT0027,Reliance Beauty - Kolkata 8,Reliance Beauty,Department Store,Kolkata,West Bengal,East,SKU0002,Verde Moisturizer B,Verde,Skincare,Moisturizer,Top 10,Active,1179,32,36,,5,5570,BGR East,9,6,,43
2026-01,OUT0027,Reliance Beauty - Kolkata 8,Reliance Beauty,Department Store,Kolkata,West Bengal,East,SKU0003,Verde Serum A,Verde,Skincare,Serum,Top 25,Active,2419,40,44,,3,8471,BGR East,9,7,,48
2026-01,OUT0027,Reliance Beauty - Kolkata 8,Reliance Beauty,Department Store,Kolkata,West Bengal,East,SKU0004,Northline Serum B,Northline,Skincare,Serum,Top 25,Active,2489,0,0,,2,5074,BGR East,3,2,,45
2026-01,OUT0027,Reliance Beauty - Kolkata 8,Reliance Beauty,Department Store,Kolkata,West Bengal,East,SKU0005,Northline Serum C,Northline,Skincare,Serum,Others,Inactive,1819,2,4,,0,0,BGR East,2,2,,44
2026-01,OUT0027,Reliance Beauty - Kolkata 8,Reliance Beauty,Department Store,Kolkata,West Bengal,East,SKU0006,Blush & Co Cleanser A,Blush & Co,Skincare,Cleanser,Top 10,Active,289,79,83,,14,3711,BGR East,19,18,,48
2026-01,OUT0027,Reliance Beauty - Kolkata 8,Reliance Beauty,Department Store,Kolkata,West Bengal,East,SKU0009,Blush & Co Sunscreen B,Blush & Co,Skincare,Sunscreen,Others,Inactive,1629,3,5,,1,1534,BGR East,3,3,,47
2026-01,OUT0027,Reliance Beauty - Kolkata 8,Reliance Beauty,Department Store,Kolkata,West Bengal,East,SKU0010,Blush & Co Foundation A,Blush & Co,Makeup,Foundation,Others,Active,1419,4,7,,1,1377,BGR East,6,4,,48
2026-01,OUT0027,Reliance Beauty - Kolkata 8,Reliance Beauty,Department Store,Kolkata,West Bengal,East,SKU0011,Lumina Foundation B,Lumina,Makeup,Foundation,Top 10,Inactive,1889,29,39,,8,15668,BGR East,18,18,,49
2026-01,OUT0027,Reliance Beauty - Kolkata 8,Reliance Beauty,Department Store,Kolkata,West Bengal,East,SKU0013,Northline Lipstick B,Northline,Makeup,Lipstick,Others,Active,2469,10,11,,0,0,BGR East,2,1,,50
2026-01,OUT0027,Reliance Beauty - Kolkata 8,Reliance Beauty,Department Store,Kolkata,West Bengal,East,SKU0014,Lumina Lipstick C,Lumina,Makeup,Lipstick,Top 25,Active,1729,23,25,,2,3169,BGR East,4,4,,49
2026-01,OUT0027,Reliance Beauty - Kolkata 8,Reliance Beauty,Department Store,Kolkata,West Bengal,East,SKU0015,Blush & Co Mascara A,Blush & Co,Makeup,Mascara,Top 25,Active,1219,7,9,,3,3844,BGR East,5,5,,48
2026-01,OUT0027,Reliance Beauty - Kolkata 8,Reliance Beauty,Department Store,Kolkata,West Bengal,East,SKU0016,Verde Mascara B,Verde,Makeup,Mascara,Top 25,Active,199,8,0,,4,978,BGR East,6,4,,50
2026-01,OUT0027,Reliance Beauty - Kolkata 8,Reliance Beauty,Department Store,Kolkata,West Bengal,East,SKU0017,Lumina Mascara C,Lumina,Makeup,Mascara,Top 10,Active,529,29,31,,6,3559,BGR East,9,8,,47
2026-01,OUT0027,Reliance Beauty - Kolkata 8,Reliance Beauty,Department Store,Kolkata,West Bengal,East,SKU0018,Northline Eyeliner A,Northline,Makeup,Eyeliner,Others,Active,1959,9,10,,0,0,BGR East,2,1,,47
2026-01,OUT0027,Reliance Beauty - Kolkata 8,Reliance Beauty,Department Store,Kolkata,West Bengal,East,SKU0020,Lumina Shampoo A,Lumina,Haircare,Shampoo,Top 10,Active,509,30,32,,7,3409,BGR East,11,9,,35
2026-01,OUT0027,Reliance Beauty - Kolkata 8,Reliance Beauty,Department Store,Kolkata,West Bengal,East,SKU0022,Northline Conditioner A,Northline,Haircare,Conditioner,Others,Active,779,5,6,,1,787,BGR East,4,2,,33
2026-01,OUT0027,Reliance Beauty - Kolkata 8,Reliance Beauty,Department Store,Kolkata,West Bengal,East,SKU0023,Northline Conditioner B,Northline,Haircare,Conditioner,Others,Active,379,0,2,,0,0,BGR East,2,2,,32
2026-01,OUT0027,Reliance Beauty - Kolkata 8,Reliance Beauty,Department Store,Kolkata,West Bengal,East,SKU0029,Blush & Co EDT B,Blush & Co,Fragrance,EDT,Top 25,Active,479,10,12,,2,892,BGR East,5,4,,54
2026-01,OUT0027,Reliance Beauty - Kolkata 8,Reliance Beauty,Department Store,Kolkata,West Bengal,East,SKU0031,Lumina Body Mist A,Lumina,Fragrance,Body Mist,Top 25,Active,2119,12,19,,5,9491,BGR East,13,12,,55
2026-01,OUT0027,Reliance Beauty - Kolkata 8,Reliance Beauty,Department Store,Kolkata,West Bengal,East,SKU0033,Northline Body Lotion A,Northline,Bath & Body,Body Lotion,Top 10,Active,1239,49,55,,15,21605,BGR East,31,21,,41
2026-01,OUT0027,Reliance Beauty - Kolkata 8,Reliance Beauty,Department Store,Kolkata,West Bengal,East,SKU0034,Northline Body Lotion B,Northline,Bath & Body,Body Lotion,Top 25,Active,989,8,8,,4,4786,BGR East,6,4,,43
2026-01,OUT0027,Reliance Beauty - Kolkata 8,Reliance Beauty,Department Store,Kolkata,West Bengal,East,SKU0035,Northline Body Wash A,Northline,Bath & Body,Body Wash,Others,Active,469,17,17,,0,0,BGR East,0,0,,43
2026-01,OUT0027,Reliance Beauty - Kolkata 8,Reliance Beauty,Department Store,Kolkata,West Bengal,East,SKU0037,Verde Body Wash C,Verde,Bath & Body,Body Wash,Top 25,Active,2239,31,32,,2,5275,BGR East,3,3,,40
2026-01,OUT0027,Reliance Beauty - Kolkata 8,Reliance Beauty,Department Store,Kolkata,West Bengal,East,SKU0039,Northline Hand Cream B,Northline,Bath & Body,Hand Cream,Others,Active,1189,9,10,,1,1444,BGR East,4,2,,41
2026-01,OUT0028,Reliance Beauty - Pune 9,Reliance Beauty,Department Store,Pune,Maharashtra,West,SKU0001,Blush & Co Moisturizer A,Blush & Co,Skincare,Moisturizer,Others,Active,2319,21,22,,1,2859,BGR West,3,2,,42
2026-01,OUT0028,Reliance Beauty - Pune 9,Reliance Beauty,Department Store,Pune,Maharashtra,West,SKU0002,Verde Moisturizer B,Verde,Skincare,Moisturizer,Top 10,Active,1179,13,18,,14,17165,BGR West,24,19,,45
2026-01,OUT0028,Reliance Beauty - Pune 9,Reliance Beauty,Department Store,Pune,Maharashtra,West,SKU0003,Verde Serum A,Verde,Skincare,Serum,Top 25,Active,2419,28,26,,16,43932,BGR West,20,14,,46
2026-01,OUT0028,Reliance Beauty - Pune 9,Reliance Beauty,Department Store,Pune,Maharashtra,West,SKU0006,Blush & Co Cleanser A,Blush & Co,Skincare,Cleanser,Top 10,Active,289,0,0,,18,5066,BGR West,22,17,,42
2026-01,OUT0028,Reliance Beauty - Pune 9,Reliance Beauty,Department Store,Pune,Maharashtra,West,SKU0007,Northline Cleanser B,Northline,Skincare,Cleanser,Others,Active,1809,22,24,,1,2233,BGR West,3,3,,44
2026-01,OUT0028,Reliance Beauty - Pune 9,Reliance Beauty,Department Store,Pune,Maharashtra,West,SKU0010,Blush & Co Foundation A,Blush & Co,Makeup,Foundation,Others,Active,1419,31,16,,2,2585,BGR West,3,2,,53
2026-01,OUT0028,Reliance Beauty - Pune 9,Reliance Beauty,Department Store,Pune,Maharashtra,West,SKU0011,Lumina Foundation B,Lumina,Makeup,Foundation,Top 10,Inactive,1889,98,108,,14,25766,BGR West,26,24,,47
2026-01,OUT0028,Reliance Beauty - Pune 9,Reliance Beauty,Department Store,Pune,Maharashtra,West,SKU0012,Northline Lipstick A,Northline,Makeup,Lipstick,Others,Active,2429,18,20,,1,2176,BGR West,4,3,,47
2026-01,OUT0028,Reliance Beauty - Pune 9,Reliance Beauty,Department Store,Pune,Maharashtra,West,SKU0014,Lumina Lipstick C,Lumina,Makeup,Lipstick,Top 25,Active,1729,0,4,,6,12081,BGR West,11,10,,51
2026-01,OUT0028,Reliance Beauty - Pune 9,Reliance Beauty,Department Store,Pune,Maharashtra,West,SKU0016,Verde Mascara B,Verde,Makeup,Mascara,Top 25,Active,199,48,59,,9,2039,BGR West,20,20,,50
2026-01,OUT0028,Reliance Beauty - Pune 9,Reliance Beauty,Department Store,Pune,Maharashtra,West,SKU0017,Lumina Mascara C,Lumina,Makeup,Mascara,Top 10,Active,529,123,130,,12,6964,BGR West,22,19,,50
2026-01,OUT0028,Reliance Beauty - Pune 9,Reliance Beauty,Department Store,Pune,Maharashtra,West,SKU0018,Northline Eyeliner A,Northline,Makeup,Eyeliner,Others,Active,1959,7,9,,0,0,BGR West,4,2,,47
2026-01,OUT0028,Reliance Beauty - Pune 9,Reliance Beauty,Department Store,Pune,Maharashtra,West,SKU0019,Northline Eyeliner B,Northline,Makeup,Eyeliner,Others,Active,1889,9,12,,3,6720,BGR West,7,6,,52
2026-01,OUT0028,Reliance Beauty - Pune 9,Reliance Beauty,Department Store,Pune,Maharashtra,West,SKU0020,Lumina Shampoo A,Lumina,Haircare,Shampoo,Top 10,Active,509,66,69,,11,6906,BGR West,14,14,,38
2026-01,OUT0028,Reliance Beauty - Pune 9,Reliance Beauty,Department Store,Pune,Maharashtra,West,SKU0022,Northline Conditioner A,Northline,Haircare,Conditioner,Others,Active,779,8,12,,2,1777,BGR West,6,6,,34
2026-01,OUT0028,Reliance Beauty - Pune 9,Reliance Beauty,Department Store,Pune,Maharashtra,West,SKU0027,Lumina EDP B,Lumina,Fragrance,EDP,Top 10,Active,529,10,22,,22,10513,BGR West,34,34,,58
2026-01,OUT0028,Reliance Beauty - Pune 9,Reliance Beauty,Department Store,Pune,Maharashtra,West,SKU0029,Blush & Co EDT B,Blush & Co,Fragrance,EDT,Top 25,Active,479,50,54,,7,3060,BGR West,17,15,,54
2026-01,OUT0028,Reliance Beauty - Pune 9,Reliance Beauty,Department Store,Pune,Maharashtra,West,SKU0031,Lumina Body Mist A,Lumina,Fragrance,Body Mist,Top 25,Active,2119,33,33,,6,12926,BGR West,6,6,,52
2026-01,OUT0028,Reliance Beauty - Pune 9,Reliance Beauty,Department Store,Pune,Maharashtra,West,SKU0032,Northline Body Mist B,Northline,Fragrance,Body Mist,Others,Inactive,2229,21,21,,3,6374,BGR West,4,3,,53
2026-01,OUT0028,Reliance Beauty - Pune 9,Reliance Beauty,Department Store,Pune,Maharashtra,West,SKU0033,Northline Body Lotion A,Northline,Bath & Body,Body Lotion,Top 10,Active,1239,75,75,,17,22295,BGR West,25,17,,42
2026-01,OUT0028,Reliance Beauty - Pune 9,Reliance Beauty,Department Store,Pune,Maharashtra,West,SKU0034,Northline Body Lotion B,Northline,Bath & Body,Body Lotion,Top 25,Active,989,3,4,,7,8601,BGR West,12,8,,42
2026-01,OUT0028,Reliance Beauty - Pune 9,Reliance Beauty,Department Store,Pune,Maharashtra,West,SKU0035,Northline Body Wash A,Northline,Bath & Body,Body Wash,Others,Active,469,24,25,,2,943,BGR West,4,3,,43
2026-01,OUT0028,Reliance Beauty - Pune 9,Reliance Beauty,Department Store,Pune,Maharashtra,West,SKU0036,Northline Body Wash B,Northline,Bath & Body,Body Wash,Others,Active,1179,0,3,,0,0,BGR West,4,3,,37
2026-01,OUT0028,Reliance Beauty - Pune 9,Reliance Beauty,Department Store,Pune,Maharashtra,West,SKU0037,Verde Body Wash C,Verde,Bath & Body,Body Wash,Top 25,Active,2239,36,38,,5,11723,BGR West,9,7,,39
2026-01,OUT0028,Reliance Beauty - Pune 9,Reliance Beauty,Department Store,Pune,Maharashtra,West,SKU0038,Blush & Co Hand Cream A,Blush & Co,Bath & Body,Hand Cream,Others,Active,489,32,34,,2,1019,BGR West,7,4,,39
2026-01,OUT0028,Reliance Beauty - Pune 9,Reliance Beauty,Department Store,Pune,Maharashtra,West,SKU0039,Northline Hand Cream B,Northline,Bath & Body,Hand Cream,Others,Active,1189,30,31,,2,2942,BGR West,4,3,,40
2026-01,OUT0029,Reliance Beauty - Pune 10,Reliance Beauty,Department Store,Pune,Maharashtra,West,SKU0002,Verde Moisturizer B,Verde,Skincare,Moisturizer,Top 10,Active,1179,100,99,,17,20951,BGR West,20,16,,47
2026-01,OUT0029,Reliance Beauty - Pune 10,Reliance Beauty,Department Store,Pune,Maharashtra,West,SKU0003,Verde Serum A,Verde,Skincare,Serum,Top 25,Active,2419,62,60,,11,23752,BGR West,12,9,,47
2026-01,OUT0029,Reliance Beauty - Pune 10,Reliance Beauty,Department Store,Pune,Maharashtra,West,SKU0004,Northline Serum B,Northline,Skincare,Serum,Top 25,Active,2489,40,0,,2,5145,BGR West,7,6,,47
2026-01,OUT0029,Reliance Beauty - Pune 10,Reliance Beauty,Department Store,Pune,Maharashtra,West,SKU0006,Blush & Co Cleanser A,Blush & Co,Skincare,Cleanser,Top 10,Active,289,60,0,,19,6197,BGR West,34,30,,47
2026-01,OUT0029,Reliance Beauty - Pune 10,Reliance Beauty,Department Store,Pune,Maharashtra,West,SKU0007,Northline Cleanser B,Northline,Skincare,Cleanser,Others,Active,1809,26,30,,1,1785,BGR West,6,5,,43
2026-01,OUT0029,Reliance Beauty - Pune 10,Reliance Beauty,Department Store,Pune,Maharashtra,West,SKU0008,Lumina Sunscreen A,Lumina,Skincare,Sunscreen,Others,Active,1599,28,0,,0,0,BGR West,3,3,,45
2026-01,OUT0029,Reliance Beauty - Pune 10,Reliance Beauty,Department Store,Pune,Maharashtra,West,SKU0011,Lumina Foundation B,Lumina,Makeup,Foundation,Top 10,Inactive,1889,5,0,,10,18220,BGR West,14,12,,53
2026-01,OUT0029,Reliance Beauty - Pune 10,Reliance Beauty,Department Store,Pune,Maharashtra,West,SKU0013,Northline Lipstick B,Northline,Makeup,Lipstick,Others,Active,2469,12,15,,0,0,BGR West,4,3,,53
2026-01,OUT0029,Reliance Beauty - Pune 10,Reliance Beauty,Department Store,Pune,Maharashtra,West,SKU0015,Blush & Co Mascara A,Blush & Co,Makeup,Mascara,Top 25,Active,1219,91,92,,8,10006,BGR West,14,9,,49
2026-01,OUT0029,Reliance Beauty - Pune 10,Reliance Beauty,Department Store,Pune,Maharashtra,West,SKU0016,Verde Mascara B,Verde,Makeup,Mascara,Top 25,Active,199,15,23,,7,1253,BGR West,15,15,,49
2026-01,OUT0029,Reliance Beauty - Pune 10,Reliance Beauty,Department Store,Pune,Maharashtra,West,SKU0017,Lumina Mascara C,Lumina,Makeup,Mascara,Top 10,Active,529,33,39,,11,6969,BGR West,17,17,,49
2026-01,OUT0029,Reliance Beauty - Pune 10,Reliance Beauty,Department Store,Pune,Maharashtra,West,SKU0018,Northline Eyeliner A,Northline,Makeup,Eyeliner,Others,Active,1959,6,7,,1,2093,BGR West,3,2,,51
2026-01,OUT0029,Reliance Beauty - Pune 10,Reliance Beauty,Department Store,Pune,Maharashtra,West,SKU0020,Lumina Shampoo A,Lumina,Haircare,Shampoo,Top 10,Active,509,230,229,,11,6634,BGR West,13,10,,35
2026-01,OUT0029,Reliance Beauty - Pune 10,Reliance Beauty,Department Store,Pune,Maharashtra,West,SKU0027,Lumina EDP B,Lumina,Fragrance,EDP,Top 10,Active,529,22,38,,14,8729,BGR West,32,30,,57
2026-01,OUT0029,Reliance Beauty - Pune 10,Reliance Beauty,Department Store,Pune,Maharashtra,West,SKU0028,Northline EDT A,Northline,Fragrance,EDT,Top 25,Active,1109,0,2,,9,10371,BGR West,13,11,,53
2026-01,OUT0029,Reliance Beauty - Pune 10,Reliance Beauty,Department Store,Pune,Maharashtra,West,SKU0029,Blush & Co EDT B,Blush & Co,Fragrance,EDT,Top 25,Active,479,4,6,,9,4851,BGR West,11,11,,55
2026-01,OUT0029,Reliance Beauty - Pune 10,Reliance Beauty,Department Store,Pune,Maharashtra,West,SKU0030,Blush & Co EDT C,Blush & Co,Fragrance,EDT,Others,Active,779,33,0,,3,2402,BGR West,6,5,,56
2026-01,OUT0029,Reliance Beauty - Pune 10,Reliance Beauty,Department Store,Pune,Maharashtra,West,SKU0033,Northline Body Lotion A,Northline,Bath & Body,Body Lotion,Top 10,Active,1239,87,85,,23,32285,BGR West,21,21,,42
2026-01,OUT0029,Reliance Beauty - Pune 10,Reliance Beauty,Department Store,Pune,Maharashtra,West,SKU0035,Northline Body Wash A,Northline,Bath & Body,Body Wash,Others,Active,469,17,20,,2,928,BGR West,6,5,,41
2026-01,OUT0029,Reliance Beauty - Pune 10,Reliance Beauty,Department Store,Pune,Maharashtra,West,SKU0036,Northline Body Wash B,Northline,Bath & Body,Body Wash,Others,Active,1179,6,6,,0,0,BGR West,1,0,,37
2026-01,OUT0029,Reliance Beauty - Pune 10,Reliance Beauty,Department Store,Pune,Maharashtra,West,SKU0037,Verde Body Wash C,Verde,Bath & Body,Body Wash,Top 25,Active,2239,23,22,,5,13038,BGR West,5,4,,41
2026-01,OUT0029,Reliance Beauty - Pune 10,Reliance Beauty,Department Store,Pune,Maharashtra,West,SKU0038,Blush & Co Hand Cream A,Blush & Co,Bath & Body,Hand Cream,Others,Active,489,2,5,,2,980,BGR West,5,5,,38
2026-01,OUT0030,Reliance Beauty - Ahmedabad 11,Reliance Beauty,Department Store,Ahmedabad,Gujarat,West,SKU0002,Verde Moisturizer B,Verde,Skincare,Moisturizer,Top 10,Active,1179,175,0,,20,21081,BGR West,38,30,,43
2026-01,OUT0030,Reliance Beauty - Ahmedabad 11,Reliance Beauty,Department Store,Ahmedabad,Gujarat,West,SKU0003,Verde Serum A,Verde,Skincare,Serum,Top 25,Active,2419,0,2,,27,65181,BGR West,33,29,,47
2026-01,OUT0030,Reliance Beauty - Ahmedabad 11,Reliance Beauty,Department Store,Ahmedabad,Gujarat,West,SKU0004,Northline Serum B,Northline,Skincare,Serum,Top 25,Active,2489,0,3,,7,17012,BGR West,12,10,,43
2026-01,OUT0030,Reliance Beauty - Ahmedabad 11,Reliance Beauty,Department Store,Ahmedabad,Gujarat,West,SKU0006,Blush & Co Cleanser A,Blush & Co,Skincare,Cleanser,Top 10,Active,289,96,132,,34,10632,BGR West,70,70,,47
2026-01,OUT0030,Reliance Beauty - Ahmedabad 11,Reliance Beauty,Department Store,Ahmedabad,Gujarat,West,SKU0010,Blush & Co Foundation A,Blush & Co,Makeup,Foundation,Others,Active,1419,2,0,,4,5408,BGR West,8,7,,48
2026-01,OUT0030,Reliance Beauty - Ahmedabad 11,Reliance Beauty,Department Store,Ahmedabad,Gujarat,West,SKU0011,Lumina Foundation B,Lumina,Makeup,Foundation,Top 10,Inactive,1889,89,100,,18,35849,BGR West,37,29,,53
2026-01,OUT0030,Reliance Beauty - Ahmedabad 11,Reliance Beauty,Department Store,Ahmedabad,Gujarat,West,SKU0012,Northline Lipstick A,Northline,Makeup,Lipstick,Others,Active,2429,1,4,,1,2627,BGR West,5,4,,48
2026-01,OUT0030,Reliance Beauty - Ahmedabad 11,Reliance Beauty,Department Store,Ahmedabad,Gujarat,West,SKU0013,Northline Lipstick B,Northline,Makeup,Lipstick,Others,Active,2469,11,13,,0,0,BGR West,3,2,,52
2026-01,OUT0030,Reliance Beauty - Ahmedabad 11,Reliance Beauty,Department Store,Ahmedabad,Gujarat,West,SKU0014,Lumina Lipstick C,Lumina,Makeup,Lipstick,Top 25,Active,1729,47,54,,11,22943,BGR West,18,18,,48
2026-01,OUT0030,Reliance Beauty - Ahmedabad 11,Reliance Beauty,Department Store,Ahmedabad,Gujarat,West,SKU0015,Blush & Co Mascara A,Blush & Co,Makeup,Mascara,Top 25,Active,1219,84,90,,13,19056,BGR West,22,19,,47
2026-01,OUT0030,Reliance Beauty - Ahmedabad 11,Reliance Beauty,Department Store,Ahmedabad,Gujarat,West,SKU0016,Verde Mascara B,Verde,Makeup,Mascara,Top 25,Active,199,48,57,,10,2329,BGR West,24,19,,47
2026-01,OUT0030,Reliance Beauty - Ahmedabad 11,Reliance Beauty,Department Store,Ahmedabad,Gujarat,West,SKU0017,Lumina Mascara C,Lumina,Makeup,Mascara,Top 10,Active,529,112,121,,25,16086,BGR West,38,34,,50
2026-01,OUT0030,Reliance Beauty - Ahmedabad 11,Reliance Beauty,Department Store,Ahmedabad,Gujarat,West,SKU0019,Northline Eyeliner B,Northline,Makeup,Eyeliner,Others,Active,1889,3,6,,3,6715,BGR West,7,6,,48
2026-01,OUT0030,Reliance Beauty - Ahmedabad 11,Reliance Beauty,Department Store,Ahmedabad,Gujarat,West,SKU0020,Lumina Shampoo A,Lumina,Haircare,Shampoo,Top 10,Active,509,63,0,,22,13111,BGR West,21,19,,37
2026-01,OUT0030,Reliance Beauty - Ahmedabad 11,Reliance Beauty,Department Store,Ahmedabad,Gujarat,West,SKU0021,Verde Shampoo B,Verde,Haircare,Shampoo,Others,Active,1319,6,7,,3,4741,BGR West,4,4,,33
2026-01,OUT0030,Reliance Beauty - Ahmedabad 11,Reliance Beauty,Department Store,Ahmedabad,Gujarat,West,SKU0022,Northline Conditioner A,Northline,Haircare,Conditioner,Others,Active,779,28,31,,2,1441,BGR West,6,5,,35
2026-01,OUT0030,Reliance Beauty - Ahmedabad 11,Reliance Beauty,Department Store,Ahmedabad,Gujarat,West,SKU0023,Northline Conditioner B,Northline,Haircare,Conditioner,Others,Active,379,12,12,,1,360,BGR West,1,1,,34
2026-01,OUT0030,Reliance Beauty - Ahmedabad 11,Reliance Beauty,Department Store,Ahmedabad,Gujarat,West,SKU0027,Lumina EDP B,Lumina,Fragrance,EDP,Top 10,Active,529,32,45,,27,15161,BGR West,50,40,,56
2026-01,OUT0030,Reliance Beauty - Ahmedabad 11,Reliance Beauty,Department Store,Ahmedabad,Gujarat,West,SKU0028,Northline EDT A,Northline,Fragrance,EDT,Top 25,Active,1109,32,33,,12,13853,BGR West,15,13,,56
2026-01,OUT0030,Reliance Beauty - Ahmedabad 11,Reliance Beauty,Department Store,Ahmedabad,Gujarat,West,SKU0031,Lumina Body Mist A,Lumina,Fragrance,Body Mist,Top 25,Active,2119,133,0,,19,44460,BGR West,33,29,,55
2026-01,OUT0030,Reliance Beauty - Ahmedabad 11,Reliance Beauty,Department Store,Ahmedabad,Gujarat,West,SKU0033,Northline Body Lotion A,Northline,Bath & Body,Body Lotion,Top 10,Active,1239,32,37,,33,46240,BGR West,48,38,,43
2026-01,OUT0030,Reliance Beauty - Ahmedabad 11,Reliance Beauty,Department Store,Ahmedabad,Gujarat,West,SKU0034,Northline Body Lotion B,Northline,Bath & Body,Body Lotion,Top 25,Active,989,6,12,,16,18950,BGR West,22,22,,43
2026-01,OUT0030,Reliance Beauty - Ahmedabad 11,Reliance Beauty,Department Store,Ahmedabad,Gujarat,West,SKU0035,Northline Body Wash A,Northline,Bath & Body,Body Wash,Others,Active,469,16,18,,2,956,BGR West,7,4,,42
2026-01,OUT0031,Sephora - Kolkata 1,Sephora,MBO,Kolkata,West Bengal,East,SKU0001,Blush & Co Moisturizer A,Blush & Co,Skincare,Moisturizer,Others,Active,2319,6,9,,4,8798,BGR East,7,7,,45
2026-01,OUT0031,Sephora - Kolkata 1,Sephora,MBO,Kolkata,West Bengal,East,SKU0002,Verde Moisturizer B,Verde,Skincare,Moisturizer,Top 10,Active,1179,69,0,,27,39872,BGR East,38,26,,46
2026-01,OUT0031,Sephora - Kolkata 1,Sephora,MBO,Kolkata,West Bengal,East,SKU0003,Verde Serum A,Verde,Skincare,Serum,Top 25,Active,2419,8,30,,24,70592,BGR East,46,46,,45
2026-01,OUT0031,Sephora - Kolkata 1,Sephora,MBO,Kolkata,West Bengal,East,SKU0005,Northline Serum C,Northline,Skincare,Serum,Others,Inactive,1819,19,20,,2,3320,BGR East,5,3,,44
2026-01,OUT0031,Sephora - Kolkata 1,Sephora,MBO,Kolkata,West Bengal,East,SKU0006,Blush & Co Cleanser A,Blush & Co,Skincare,Cleanser,Top 10,Active,289,101,97,,42,13195,BGR East,48,38,,42
2026-01,OUT0031,Sephora - Kolkata 1,Sephora,MBO,Kolkata,West Bengal,East,SKU0007,Northline Cleanser B,Northline,Skincare,Cleanser,Others,Active,1809,37,27,,5,9800,BGR East,6,5,,45
2026-01,OUT0031,Sephora - Kolkata 1,Sephora,MBO,Kolkata,West Bengal,East,SKU0008,Lumina Sunscreen A,Lumina,Skincare,Sunscreen,Others,Active,1599,18,19,,2,2959,BGR East,4,3,,48
2026-01,OUT0031,Sephora - Kolkata 1,Sephora,MBO,Kolkata,West Bengal,East,SKU0009,Blush & Co Sunscreen B,Blush & Co,Skincare,Sunscreen,Others,Inactive,1629,29,33,,3,4944,BGR East,8,7,,43
2026-01,OUT0031,Sephora - Kolkata 1,Sephora,MBO,Kolkata,West Bengal,East,SKU0011,Lumina Foundation B,Lumina,Makeup,Foundation,Top 10,Inactive,1889,24,21,,32,60399,BGR East,42,29,,47
2026-01,OUT0031,Sephora - Kolkata 1,Sephora,MBO,Kolkata,West Bengal,East,SKU0012,Northline Lipstick A,Northline,Makeup,Lipstick,Others,Active,2429,14,15,,4,9374,BGR East,8,5,,50
2026-01,OUT0031,Sephora - Kolkata 1,Sephora,MBO,Kolkata,West Bengal,East,SKU0014,Lumina Lipstick C,Lumina,Makeup,Lipstick,Top 25,Active,1729,22,39,,76,141840,BGR East,98,93,,51
2026-01,OUT0031,Sephora - Kolkata 1,Sephora,MBO,Kolkata,West Bengal,East,SKU0015,Blush & Co Mascara A,Blush & Co,Makeup,Mascara,Top 25,Active,1219,61,65,,19,26236,BGR East,25,23,,48
2026-01,OUT0031,Sephora - Kolkata 1,Sephora,MBO,Kolkata,West Bengal,East,SKU0016,Verde Mascara B,Verde,Makeup,Mascara,Top 25,Active,199,52,51,,12,2357,BGR East,16,11,,50
2026-01,OUT0031,Sephora - Kolkata 1,Sephora,MBO,Kolkata,West Bengal,East,SKU0017,Lumina Mascara C,Lumina,Makeup,Mascara,Top 10,Active,529,0,0,,21,11598,BGR East,29,20,,52
2026-01,OUT0031,Sephora - Kolkata 1,Sephora,MBO,Kolkata,West Bengal,East,SKU0018,Northline Eyeliner A,Northline,Makeup,Eyeliner,Others,Active,1959,30,33,,2,3673,BGR East,6,5,,50
2026-01,OUT0031,Sephora - Kolkata 1,Sephora,MBO,Kolkata,West Bengal,East,SKU0020,Lumina Shampoo A,Lumina,Haircare,Shampoo,Top 10,Active,509,4,15,,2,1131,BGR East,5,5,,38
2026-01,OUT0031,Sephora - Kolkata 1,Sephora,MBO,Kolkata,West Bengal,East,SKU0022,Northline Conditioner A,Northline,Haircare,Conditioner,Others,Active,779,29,0,,10,9765,BGR East,21,14,,37
2026-01,OUT0031,Sephora - Kolkata 1,Sephora,MBO,Kolkata,West Bengal,East,SKU0023,Northline Conditioner B,Northline,Haircare,Conditioner,Others,Active,379,20,22,,1,409,BGR East,3,3,,34
2026-01,OUT0031,Sephora - Kolkata 1,Sephora,MBO,Kolkata,West Bengal,East,SKU0027,Lumina EDP B,Lumina,Fragrance,EDP,Top 10,Active,529,45,39,,43,28455,BGR East,47,37,,52
2026-01,OUT0031,Sephora - Kolkata 1,Sephora,MBO,Kolkata,West Bengal,East,SKU0028,Northline EDT A,Northline,Fragrance,EDT,Top 25,Active,1109,88,127,,35,45092,BGR East,74,74,,56
2026-01,OUT0031,Sephora - Kolkata 1,Sephora,MBO,Kolkata,West Bengal,East,SKU0031,Lumina Body Mist A,Lumina,Fragrance,Body Mist,Top 25,Active,2119,80,79,,27,52057,BGR East,26,26,,58
2026-01,OUT0031,Sephora - Kolkata 1,Sephora,MBO,Kolkata,West Bengal,East,SKU0033,Northline Body Lotion A,Northline,Bath & Body,Body Lotion,Top 10,Active,1239,96,91,,47,54735,BGR East,42,42,,38
2026-01,OUT0031,Sephora - Kolkata 1,Sephora,MBO,Kolkata,West Bengal,East,SKU0036,Northline Body Wash B,Northline,Bath & Body,Body Wash,Others,Active,1179,11,10,,1,1211,BGR East,1,0,,41
2026-01,OUT0031,Sephora - Kolkata 1,Sephora,MBO,Kolkata,West Bengal,East,SKU0037,Verde Body Wash C,Verde,Bath & Body,Body Wash,Top 25,Active,2239,0,5,,10,24850,BGR East,16,15,,41
2026-01,OUT0031,Sephora - Kolkata 1,Sephora,MBO,Kolkata,West Bengal,East,SKU0038,Blush & Co Hand Cream A,Blush & Co,Bath & Body,Hand Cream,Others,Active,489,40,43,,6,3112,BGR East,13,9,,38
2026-01,OUT0031,Sephora - Kolkata 1,Sephora,MBO,Kolkata,West Bengal,East,SKU0039,Northline Hand Cream B,Northline,Bath & Body,Hand Cream,Others,Active,1189,39,40,,6,7912,BGR East,10,7,,42
2026-01,OUT0032,Sephora - Bhubaneswar 2,Sephora,MBO,Bhubaneswar,Odisha,East,SKU0001,Blush & Co Moisturizer A,Blush & Co,Skincare,Moisturizer,Others,Active,2319,3,7,,0,0,BGR East,5,4,,43
2026-01,OUT0032,Sephora - Bhubaneswar 2,Sephora,MBO,Bhubaneswar,Odisha,East,SKU0002,Verde Moisturizer B,Verde,Skincare,Moisturizer,Top 10,Active,1179,57,67,,13,16599,BGR East,23,23,,45
2026-01,OUT0032,Sephora - Bhubaneswar 2,Sephora,MBO,Bhubaneswar,Odisha,East,SKU0003,Verde Serum A,Verde,Skincare,Serum,Top 25,Active,2419,23,28,,8,17711,BGR East,13,13,,48
2026-01,OUT0032,Sephora - Bhubaneswar 2,Sephora,MBO,Bhubaneswar,Odisha,East,SKU0006,Blush & Co Cleanser A,Blush & Co,Skincare,Cleanser,Top 10,Active,289,87,105,,19,5166,BGR East,37,37,,47
2026-01,OUT0032,Sephora - Bhubaneswar 2,Sephora,MBO,Bhubaneswar,Odisha,East,SKU0008,Lumina Sunscreen A,Lumina,Skincare,Sunscreen,Others,Active,1599,3,5,,1,1970,BGR East,4,3,,46
2026-01,OUT0032,Sephora - Bhubaneswar 2,Sephora,MBO,Bhubaneswar,Odisha,East,SKU0011,Lumina Foundation B,Lumina,Makeup,Foundation,Top 10,Inactive,1889,52,52,,6,12842,BGR East,7,6,,50
2026-01,OUT0032,Sephora - Bhubaneswar 2,Sephora,MBO,Bhubaneswar,Odisha,East,SKU0014,Lumina Lipstick C,Lumina,Makeup,Lipstick,Top 25,Active,1729,21,22,,7,13471,BGR East,9,8,,52
2026-01,OUT0032,Sephora - Bhubaneswar 2,Sephora,MBO,Bhubaneswar,Odisha,East,SKU0015,Blush & Co Mascara A,Blush & Co,Makeup,Mascara,Top 25,Active,1219,15,22,,6,7412,BGR East,14,13,,51
2026-01,OUT0032,Sephora - Bhubaneswar 2,Sephora,MBO,Bhubaneswar,Odisha,East,SKU0016,Verde Mascara B,Verde,Makeup,Mascara,Top 25,Active,199,28,35,,4,944,BGR East,12,11,,51
2026-01,OUT0032,Sephora - Bhubaneswar 2,Sephora,MBO,Bhubaneswar,Odisha,East,SKU0017,Lumina Mascara C,Lumina,Makeup,Mascara,Top 10,Active,529,0,3,,8,4427,BGR East,17,11,,47
2026-01,OUT0032,Sephora - Bhubaneswar 2,Sephora,MBO,Bhubaneswar,Odisha,East,SKU0018,Northline Eyeliner A,Northline,Makeup,Eyeliner,Others,Active,1959,0,1,,1,1944,BGR East,2,2,,50
2026-01,OUT0032,Sephora - Bhubaneswar 2,Sephora,MBO,Bhubaneswar,Odisha,East,SKU0019,Northline Eyeliner B,Northline,Makeup,Eyeliner,Others,Active,1889,4,5,,1,2373,BGR East,3,2,,49
2026-01,OUT0032,Sephora - Bhubaneswar 2,Sephora,MBO,Bhubaneswar,Odisha,East,SKU0020,Lumina Shampoo A,Lumina,Haircare,Shampoo,Top 10,Active,509,64,61,,9,4179,BGR East,9,6,,33
2026-01,OUT0032,Sephora - Bhubaneswar 2,Sephora,MBO,Bhubaneswar,Odisha,East,SKU0022,Northline Conditioner A,Northline,Haircare,Conditioner,Others,Active,779,0,0,,2,1450,BGR East,2,1,,33
2026-01,OUT0032,Sephora - Bhubaneswar 2,Sephora,MBO,Bhubaneswar,Odisha,East,SKU0023,Northline Conditioner B,Northline,Haircare,Conditioner,Others,Active,379,11,13,,0,0,BGR East,3,2,,32
2026-01,OUT0032,Sephora - Bhubaneswar 2,Sephora,MBO,Bhubaneswar,Odisha,East,SKU0027,Lumina EDP B,Lumina,Fragrance,EDP,Top 10,Active,529,128,0,,12,7356,BGR East,18,14,,57
2026-01,OUT0032,Sephora - Bhubaneswar 2,Sephora,MBO,Bhubaneswar,Odisha,East,SKU0029,Blush & Co EDT B,Blush & Co,Fragrance,EDT,Top 25,Active,479,17,18,,0,0,BGR East,2,1,,56
2026-01,OUT0032,Sephora - Bhubaneswar 2,Sephora,MBO,Bhubaneswar,Odisha,East,SKU0030,Blush & Co EDT C,Blush & Co,Fragrance,EDT,Others,Active,779,0,13,,2,1712,BGR East,6,4,,54
2026-01,OUT0032,Sephora - Bhubaneswar 2,Sephora,MBO,Bhubaneswar,Odisha,East,SKU0031,Lumina Body Mist A,Lumina,Fragrance,Body Mist,Top 25,Active,2119,50,58,,7,15707,BGR East,15,15,,55
2026-01,OUT0032,Sephora - Bhubaneswar 2,Sephora,MBO,Bhubaneswar,Odisha,East,SKU0033,Northline Body Lotion A,Northline,Bath & Body,Body Lotion,Top 10,Active,1239,106,128,,19,26917,BGR East,41,41,,42
2026-01,OUT0032,Sephora - Bhubaneswar 2,Sephora,MBO,Bhubaneswar,Odisha,East,SKU0034,Northline Body Lotion B,Northline,Bath & Body,Body Lotion,Top 25,Active,989,40,51,,8,7262,BGR East,19,19,,39
2026-01,OUT0032,Sephora - Bhubaneswar 2,Sephora,MBO,Bhubaneswar,Odisha,East,SKU0035,Northline Body Wash A,Northline,Bath & Body,Body Wash,Others,Active,469,29,30,,1,519,BGR East,3,2,,41
2026-01,OUT0032,Sephora - Bhubaneswar 2,Sephora,MBO,Bhubaneswar,Odisha,East,SKU0037,Verde Body Wash C,Verde,Bath & Body,Body Wash,Top 25,Active,2239,45,46,,5,13327,BGR East,6,6,,39
2026-01,OUT0033,Sephora - Hyderabad 3,Sephora,MBO,Hyderabad,Telangana,South,SKU0002,Verde Moisturizer B,Verde,Skincare,Moisturizer,Top 10,Active,1179,144,157,,17,19751,BGR South,30,30,,45
2026-01,OUT0033,Sephora - Hyderabad 3,Sephora,MBO,Hyderabad,Telangana,South,SKU0003,Verde Serum A,Verde,Skincare,Serum,Top 25,Active,2419,10,9,,8,21676,BGR South,9,7,,44
2026-01,OUT0033,Sephora - Hyderabad 3,Sephora,MBO,Hyderabad,Telangana,South,SKU0004,Northline Serum B,Northline,Skincare,Serum,Top 25,Active,2489,55,53,,8,21383,BGR South,9,6,,45
2026-01,OUT0033,Sephora - Hyderabad 3,Sephora,MBO,Hyderabad,Telangana,South,SKU0006,Blush & Co Cleanser A,Blush & Co,Skincare,Cleanser,Top 10,Active,289,162,172,,23,7223,BGR South,33,33,,46
2026-01,OUT0033,Sephora - Hyderabad 3,Sephora,MBO,Hyderabad,Telangana,South,SKU0007,Northline Cleanser B,Northline,Skincare,Cleanser,Others,Active,1809,16,0,,3,4971,BGR South,7,4,,44
2026-01,OUT0033,Sephora - Hyderabad 3,Sephora,MBO,Hyderabad,Telangana,South,SKU0009,Blush & Co Sunscreen B,Blush & Co,Skincare,Sunscreen,Others,Inactive,1629,29,30,,3,4656,BGR South,5,4,,46
2026-01,OUT0033,Sephora - Hyderabad 3,Sephora,MBO,Hyderabad,Telangana,South,SKU0011,Lumina Foundation B,Lumina,Makeup,Foundation,Top 10,Inactive,1889,123,126,,16,32180,BGR South,19,19,,50
2026-01,OUT0033,Sephora - Hyderabad 3,Sephora,MBO,Hyderabad,Telangana,South,SKU0014,Lumina Lipstick C,Lumina,Makeup,Lipstick,Top 25,Active,1729,39,38,,12,22321,BGR South,11,11,,51
2026-01,OUT0033,Sephora - Hyderabad 3,Sephora,MBO,Hyderabad,Telangana,South,SKU0015,Blush & Co Mascara A,Blush & Co,Makeup,Mascara,Top 25,Active,1219,0,0,,11,16085,BGR South,11,7,,53
2026-01,OUT0033,Sephora - Hyderabad 3,Sephora,MBO,Hyderabad,Telangana,South,SKU0016,Verde Mascara B,Verde,Makeup,Mascara,Top 25,Active,199,17,0,,9,1989,BGR South,23,16,,49
2026-01,OUT0033,Sephora - Hyderabad 3,Sephora,MBO,Hyderabad,Telangana,South,SKU0017,Lumina Mascara C,Lumina,Makeup,Mascara,Top 10,Active,529,0,0,,19,10188,BGR South,33,33,,52
2026-01,OUT0033,Sephora - Hyderabad 3,Sephora,MBO,Hyderabad,Telangana,South,SKU0018,Northline Eyeliner A,Northline,Makeup,Eyeliner,Others,Active,1959,0,1,,2,3689,BGR South,4,3,,49
2026-01,OUT0033,Sephora - Hyderabad 3,Sephora,MBO,Hyderabad,Telangana,South,SKU0021,Verde Shampoo B,Verde,Haircare,Shampoo,Others,Active,1319,23,27,,3,3979,BGR South,8,7,,38
2026-01,OUT0033,Sephora - Hyderabad 3,Sephora,MBO,Hyderabad,Telangana,South,SKU0022,Northline Conditioner A,Northline,Haircare,Conditioner,Others,Active,779,3,4,,3,2184,BGR South,6,4,,32
2026-01,OUT0033,Sephora - Hyderabad 3,Sephora,MBO,Hyderabad,Telangana,South,SKU0023,Northline Conditioner B,Northline,Haircare,Conditioner,Others,Active,379,9,0,,0,0,BGR South,0,0,,37
2026-01,OUT0033,Sephora - Hyderabad 3,Sephora,MBO,Hyderabad,Telangana,South,SKU0027,Lumina EDP B,Lumina,Fragrance,EDP,Top 10,Active,529,13,14,,18,8972,BGR South,24,19,,55
2026-01,OUT0033,Sephora - Hyderabad 3,Sephora,MBO,Hyderabad,Telangana,South,SKU0028,Northline EDT A,Northline,Fragrance,EDT,Top 25,Active,1109,85,91,,10,10466,BGR South,21,16,,53
2026-01,OUT0033,Sephora - Hyderabad 3,Sephora,MBO,Hyderabad,Telangana,South,SKU0030,Blush & Co EDT C,Blush & Co,Fragrance,EDT,Others,Active,779,22,22,,5,4266,BGR South,6,5,,53
2026-01,OUT0033,Sephora - Hyderabad 3,Sephora,MBO,Hyderabad,Telangana,South,SKU0031,Lumina Body Mist A,Lumina,Fragrance,Body Mist,Top 25,Active,2119,94,100,,11,28409,BGR South,18,17,,56
2026-01,OUT0033,Sephora - Hyderabad 3,Sephora,MBO,Hyderabad,Telangana,South,SKU0033,Northline Body Lotion A,Northline,Bath & Body,Body Lotion,Top 10,Active,1239,128,136,,40,53970,BGR South,51,48,,40
2026-01,OUT0033,Sephora - Hyderabad 3,Sephora,MBO,Hyderabad,Telangana,South,SKU0034,Northline Body Lotion B,Northline,Bath & Body,Body Lotion,Top 25,Active,989,65,72,,15,13556,BGR South,22,22,,39
2026-01,OUT0033,Sephora - Hyderabad 3,Sephora,MBO,Hyderabad,Telangana,South,SKU0036,Northline Body Wash B,Northline,Bath & Body,Body Wash,Others,Active,1179,19,21,,1,1427,BGR South,4,3,,40
2026-01,OUT0033,Sephora - Hyderabad 3,Sephora,MBO,Hyderabad,Telangana,South,SKU0037,Verde Body Wash C,Verde,Bath & Body,Body Wash,Top 25,Active,2239,37,42,,9,20599,BGR South,20,14,,38
2026-01,OUT0033,Sephora - Hyderabad 3,Sephora,MBO,Hyderabad,Telangana,South,SKU0038,Blush & Co Hand Cream A,Blush & Co,Bath & Body,Hand Cream,Others,Active,489,16,20,,2,927,BGR South,8,6,,42
2026-01,OUT0034,Sephora - New Delhi 4,Sephora,MBO,New Delhi,Delhi,North,SKU0001,Blush & Co Moisturizer A,Blush & Co,Skincare,Moisturizer,Others,Active,2319,3,2,,1,2270,BGR North,1,0,,45
2026-01,OUT0034,Sephora - New Delhi 4,Sephora,MBO,New Delhi,Delhi,North,SKU0002,Verde Moisturizer B,Verde,Skincare,Moisturizer,Top 10,Active,1179,12,17,,22,32259,BGR North,34,27,,48
2026-01,OUT0034,Sephora - New Delhi 4,Sephora,MBO,New Delhi,Delhi,North,SKU0003,Verde Serum A,Verde,Skincare,Serum,Top 25,Active,2419,58,66,,8,21967,BGR North,16,16,,43
2026-01,OUT0034,Sephora - New Delhi 4,Sephora,MBO,New Delhi,Delhi,North,SKU0005,Northline Serum C,Northline,Skincare,Serum,Others,Inactive,1819,13,14,,0,0,BGR North,1,1,,43
2026-01,OUT0034,Sephora - New Delhi 4,Sephora,MBO,New Delhi,Delhi,North,SKU0008,Lumina Sunscreen A,Lumina,Skincare,Sunscreen,Others,Active,1599,27,28,,0,0,BGR North,2,1,,45
2026-01,OUT0034,Sephora - New Delhi 4,Sephora,MBO,New Delhi,Delhi,North,SKU0011,Lumina Foundation B,Lumina,Makeup,Foundation,Top 10,Inactive,1889,25,25,,9,21314,BGR North,11,9,,47
2026-01,OUT0034,Sephora - New Delhi 4,Sephora,MBO,New Delhi,Delhi,North,SKU0012,Northline Lipstick A,Northline,Makeup,Lipstick,Others,Active,2429,16,16,,0,0,BGR North,1,0,,48
2026-01,OUT0034,Sephora - New Delhi 4,Sephora,MBO,New Delhi,Delhi,North,SKU0013,Northline Lipstick B,Northline,Makeup,Lipstick,Others,Active,2469,12,15,,0,0,BGR North,3,3,,48
2026-01,OUT0034,Sephora - New Delhi 4,Sephora,MBO,New Delhi,Delhi,North,SKU0014,Lumina Lipstick C,Lumina,Makeup,Lipstick,Top 25,Active,1729,30,29,,9,16719,BGR North,9,8,,48
2026-01,OUT0034,Sephora - New Delhi 4,Sephora,MBO,New Delhi,Delhi,North,SKU0015,Blush & Co Mascara A,Blush & Co,Makeup,Mascara,Top 25,Active,1219,50,50,,5,7344,BGR North,6,5,,50
2026-01,OUT0034,Sephora - New Delhi 4,Sephora,MBO,New Delhi,Delhi,North,SKU0016,Verde Mascara B,Verde,Makeup,Mascara,Top 25,Active,199,16,20,,4,970,BGR North,8,8,,48
2026-01,OUT0034,Sephora - New Delhi 4,Sephora,MBO,New Delhi,Delhi,North,SKU0017,Lumina Mascara C,Lumina,Makeup,Mascara,Top 10,Active,529,35,41,,8,3794,BGR North,14,14,,51
2026-01,OUT0034,Sephora - New Delhi 4,Sephora,MBO,New Delhi,Delhi,North,SKU0018,Northline Eyeliner A,Northline,Makeup,Eyeliner,Others,Active,1959,6,8,,0,0,BGR North,3,2,,53
2026-01,OUT0034,Sephora - New Delhi 4,Sephora,MBO,New Delhi,Delhi,North,SKU0020,Lumina Shampoo A,Lumina,Haircare,Shampoo,Top 10,Active,509,53,56,,7,3978,BGR North,10,10,,37
2026-01,OUT0034,Sephora - New Delhi 4,Sephora,MBO,New Delhi,Delhi,North,SKU0021,Verde Shampoo B,Verde,Haircare,Shampoo,Others,Active,1319,16,17,,1,1505,BGR North,2,2,,34
2026-01,OUT0034,Sephora - New Delhi 4,Sephora,MBO,New Delhi,Delhi,North,SKU0022,Northline Conditioner A,Northline,Haircare,Conditioner,Others,Active,779,2,2,,1,715,BGR North,1,1,,33
2026-01,OUT0034,Sephora - New Delhi 4,Sephora,MBO,New Delhi,Delhi,North,SKU0027,Lumina EDP B,Lumina,Fragrance,EDP,Top 10,Active,529,0,3,,10,4910,BGR North,13,13,,56
2026-01,OUT0034,Sephora - New Delhi 4,Sephora,MBO,New Delhi,Delhi,North,SKU0028,Northline EDT A,Northline,Fragrance,EDT,Top 25,Active,1109,37,38,,4,5428,BGR North,5,5,,56
2026-01,OUT0034,Sephora - New Delhi 4,Sephora,MBO,New Delhi,Delhi,North,SKU0029,Blush & Co EDT B,Blush & Co,Fragrance,EDT,Top 25,Active,479,36,43,,4,2286,BGR North,12,11,,55
2026-01,OUT0034,Sephora - New Delhi 4,Sephora,MBO,New Delhi,Delhi,North,SKU0031,Lumina Body Mist A,Lumina,Fragrance,Body Mist,Top 25,Active,2119,23,25,,4,9049,BGR North,8,6,,53
2026-01,OUT0034,Sephora - New Delhi 4,Sephora,MBO,New Delhi,Delhi,North,SKU0033,Northline Body Lotion A,Northline,Bath & Body,Body Lotion,Top 10,Active,1239,13,23,,16,24358,BGR North,33,26,,39
2026-01,OUT0034,Sephora - New Delhi 4,Sephora,MBO,New Delhi,Delhi,North,SKU0034,Northline Body Lotion B,Northline,Bath & Body,Body Lotion,Top 25,Active,989,5,6,,4,4026,BGR North,6,5,,37
2026-01,OUT0034,Sephora - New Delhi 4,Sephora,MBO,New Delhi,Delhi,North,SKU0036,Northline Body Wash B,Northline,Bath & Body,Body Wash,Others,Active,1179,0,4,,0,0,BGR North,5,4,,40
2026-01,OUT0034,Sephora - New Delhi 4,Sephora,MBO,New Delhi,Delhi,North,SKU0038,Blush & Co Hand Cream A,Blush & Co,Bath & Body,Hand Cream,Others,Active,489,8,12,,1,529,BGR North,5,5,,37
2026-01,OUT0034,Sephora - New Delhi 4,Sephora,MBO,New Delhi,Delhi,North,SKU0039,Northline Hand Cream B,Northline,Bath & Body,Hand Cream,Others,Active,1189,17,20,,2,2494,BGR North,6,5,,42
2026-01,OUT0035,Sephora - Noida 5,Sephora,MBO,Noida,UP,North,SKU0001,Blush & Co Moisturizer A,Blush & Co,Skincare,Moisturizer,Others,Active,2319,37,0,,3,7962,BGR North,5,4,,42
2026-01,OUT0035,Sephora - Noida 5,Sephora,MBO,Noida,UP,North,SKU0002,Verde Moisturizer B,Verde,Skincare,Moisturizer,Top 10,Active,1179,87,77,,25,31113,BGR North,22,15,,47
2026-01,OUT0035,Sephora - Noida 5,Sephora,MBO,Noida,UP,North,SKU0003,Verde Serum A,Verde,Skincare,Serum,Top 25,Active,2419,39,50,,25,71681,BGR North,36,36,,43
2026-01,OUT0035,Sephora - Noida 5,Sephora,MBO,Noida,UP,North,SKU0007,Northline Cleanser B,Northline,Skincare,Cleanser,Others,Active,1809,12,11,,5,9320,BGR North,6,4,,46
2026-01,OUT0035,Sephora - Noida 5,Sephora,MBO,Noida,UP,North,SKU0008,Lumina Sunscreen A,Lumina,Skincare,Sunscreen,Others,Active,1599,0,0,,3,5373,BGR North,4,3,,44
2026-01,OUT0035,Sephora - Noida 5,Sephora,MBO,Noida,UP,North,SKU0010,Blush & Co Foundation A,Blush & Co,Makeup,Foundation,Others,Active,1419,0,0,,7,10295,BGR North,15,15,,53
2026-01,OUT0035,Sephora - Noida 5,Sephora,MBO,Noida,UP,North,SKU0011,Lumina Foundation B,Lumina,Makeup,Foundation,Top 10,Inactive,1889,0,36,,40,89628,BGR North,76,76,,49
2026-01,OUT0035,Sephora - Noida 5,Sephora,MBO,Noida,UP,North,SKU0013,Northline Lipstick B,Northline,Makeup,Lipstick,Others,Active,2469,7,8,,1,2943,BGR North,4,2,,49
2026-01,OUT0035,Sephora - Noida 5,Sephora,MBO,Noida,UP,North,SKU0015,Blush & Co Mascara A,Blush & Co,Makeup,Mascara,Top 25,Active,1219,214,217,,24,32684,BGR North,34,27,,47
2026-01,OUT0035,Sephora - Noida 5,Sephora,MBO,Noida,UP,North,SKU0016,Verde Mascara B,Verde,Makeup,Mascara,Top 25,Active,199,77,86,,13,2920,BGR North,22,22,,49
2026-01,OUT0035,Sephora - Noida 5,Sephora,MBO,Noida,UP,North,SKU0017,Lumina Mascara C,Lumina,Makeup,Mascara,Top 10,Active,529,147,145,,27,16010,BGR North,27,25,,52
2026-01,OUT0035,Sephora - Noida 5,Sephora,MBO,Noida,UP,North,SKU0018,Northline Eyeliner A,Northline,Makeup,Eyeliner,Others,Active,1959,18,19,,2,4150,BGR North,3,3,,47
2026-01,OUT0035,Sephora - Noida 5,Sephora,MBO,Noida,UP,North,SKU0019,Northline Eyeliner B,Northline,Makeup,Eyeliner,Others,Active,1889,47,53,,4,9077,BGR North,10,10,,47
2026-01,OUT0035,Sephora - Noida 5,Sephora,MBO,Noida,UP,North,SKU0020,Lumina Shampoo A,Lumina,Haircare,Shampoo,Top 10,Active,509,15,50,,41,20418,BGR North,85,76,,38
2026-01,OUT0035,Sephora - Noida 5,Sephora,MBO,Noida,UP,North,SKU0022,Northline Conditioner A,Northline,Haircare,Conditioner,Others,Active,779,2,11,,9,8711,BGR North,19,18,,36
2026-01,OUT0035,Sephora - Noida 5,Sephora,MBO,Noida,UP,North,SKU0023,Northline Conditioner B,Northline,Haircare,Conditioner,Others,Active,379,15,0,,0,0,BGR North,2,2,,35
2026-01,OUT0035,Sephora - Noida 5,Sephora,MBO,Noida,UP,North,SKU0027,Lumina EDP B,Lumina,Fragrance,EDP,Top 10,Active,529,182,0,,36,21219,BGR North,41,32,,57
2026-01,OUT0035,Sephora - Noida 5,Sephora,MBO,Noida,UP,North,SKU0030,Blush & Co EDT C,Blush & Co,Fragrance,EDT,Others,Active,779,21,31,,9,8745,BGR North,22,19,,57
2026-01,OUT0035,Sephora - Noida 5,Sephora,MBO,Noida,UP,North,SKU0033,Northline Body Lotion A,Northline,Bath & Body,Body Lotion,Top 10,Active,1239,0,13,,66,84978,BGR North,88,79,,43
2026-01,OUT0035,Sephora - Noida 5,Sephora,MBO,Noida,UP,North,SKU0034,Northline Body Lotion B,Northline,Bath & Body,Body Lotion,Top 25,Active,989,11,17,,23,21629,BGR North,33,29,,42
2026-01,OUT0035,Sephora - Noida 5,Sephora,MBO,Noida,UP,North,SKU0037,Verde Body Wash C,Verde,Bath & Body,Body Wash,Top 25,Active,2239,57,70,,15,40506,BGR North,30,28,,42
2026-01,OUT0035,Sephora - Noida 5,Sephora,MBO,Noida,UP,North,SKU0038,Blush & Co Hand Cream A,Blush & Co,Bath & Body,Hand Cream,Others,Active,489,17,17,,12,5878,BGR North,12,12,,42
2026-01,OUT0035,Sephora - Noida 5,Sephora,MBO,Noida,UP,North,SKU0039,Northline Hand Cream B,Northline,Bath & Body,Hand Cream,Others,Active,1189,16,24,,12,13300,BGR North,23,20,,37
2026-01,OUT0036,Sephora - Hyderabad 6,Sephora,MBO,Hyderabad,Telangana,South,SKU0001,Blush & Co Moisturizer A,Blush & Co,Skincare,Moisturizer,Others,Active,2319,19,22,,3,7659,BGR South,8,6,,44
2026-01,OUT0036,Sephora - Hyderabad 6,Sephora,MBO,Hyderabad,Telangana,South,SKU0002,Verde Moisturizer B,Verde,Skincare,Moisturizer,Top 10,Active,1179,61,75,,16,17983,BGR South,30,30,,42
2026-01,OUT0036,Sephora - Hyderabad 6,Sephora,MBO,Hyderabad,Telangana,South,SKU0003,Verde Serum A,Verde,Skincare,Serum,Top 25,Active,2419,39,52,,16,41337,BGR South,29,29,,47
2026-01,OUT0036,Sephora - Hyderabad 6,Sephora,MBO,Hyderabad,Telangana,South,SKU0004,Northline Serum B,Northline,Skincare,Serum,Top 25,Active,2489,52,60,,9,25258,BGR South,17,17,,42
2026-01,OUT0036,Sephora - Hyderabad 6,Sephora,MBO,Hyderabad,Telangana,South,SKU0005,Northline Serum C,Northline,Skincare,Serum,Others,Inactive,1819,5,7,,1,2118,BGR South,4,3,,42
2026-01,OUT0036,Sephora - Hyderabad 6,Sephora,MBO,Hyderabad,Telangana,South,SKU0006,Blush & Co Cleanser A,Blush & Co,Skincare,Cleanser,Top 10,Active,289,0,0,,47,12856,BGR South,41,38,,44
2026-01,OUT0036,Sephora - Hyderabad 6,Sephora,MBO,Hyderabad,Telangana,South,SKU0007,Northline Cleanser B,Northline,Skincare,Cleanser,Others,Active,1809,21,23,,3,5577,BGR South,5,5,,47
2026-01,OUT0036,Sephora - Hyderabad 6,Sephora,MBO,Hyderabad,Telangana,South,SKU0011,Lumina Foundation B,Lumina,Makeup,Foundation,Top 10,Inactive,1889,86,84,,20,34897,BGR South,20,18,,51
2026-01,OUT0036,Sephora - Hyderabad 6,Sephora,MBO,Hyderabad,Telangana,South,SKU0014,Lumina Lipstick C,Lumina,Makeup,Lipstick,Top 25,Active,1729,53,51,,11,22315,BGR South,11,9,,53
2026-01,OUT0036,Sephora - Hyderabad 6,Sephora,MBO,Hyderabad,Telangana,South,SKU0015,Blush & Co Mascara A,Blush & Co,Makeup,Mascara,Top 25,Active,1219,89,0,,13,18338,BGR South,17,17,,47
2026-01,OUT0036,Sephora - Hyderabad 6,Sephora,MBO,Hyderabad,Telangana,South,SKU0017,Lumina Mascara C,Lumina,Makeup,Mascara,Top 10,Active,529,115,118,,20,12834,BGR South,25,23,,52
2026-01,OUT0036,Sephora - Hyderabad 6,Sephora,MBO,Hyderabad,Telangana,South,SKU0019,Northline Eyeliner B,Northline,Makeup,Eyeliner,Others,Active,1889,31,34,,3,5628,BGR South,7,6,,49
2026-01,OUT0036,Sephora - Hyderabad 6,Sephora,MBO,Hyderabad,Telangana,South,SKU0020,Lumina Shampoo A,Lumina,Haircare,Shampoo,Top 10,Active,509,133,0,,27,16833,BGR South,54,54,,36
2026-01,OUT0036,Sephora - Hyderabad 6,Sephora,MBO,Hyderabad,Telangana,South,SKU0022,Northline Conditioner A,Northline,Haircare,Conditioner,Others,Active,779,18,21,,4,2797,BGR South,7,7,,36
2026-01,OUT0036,Sephora - Hyderabad 6,Sephora,MBO,Hyderabad,Telangana,South,SKU0023,Northline Conditioner B,Northline,Haircare,Conditioner,Others,Active,379,5,8,,0,0,BGR South,4,3,,37
2026-01,OUT0036,Sephora - Hyderabad 6,Sephora,MBO,Hyderabad,Telangana,South,SKU0027,Lumina EDP B,Lumina,Fragrance,EDP,Top 10,Active,529,0,15,,23,14593,BGR South,38,38,,52
2026-01,OUT0036,Sephora - Hyderabad 6,Sephora,MBO,Hyderabad,Telangana,South,SKU0028,Northline EDT A,Northline,Fragrance,EDT,Top 25,Active,1109,84,85,,23,29039,BGR South,24,24,,57
2026-01,OUT0036,Sephora - Hyderabad 6,Sephora,MBO,Hyderabad,Telangana,South,SKU0030,Blush & Co EDT C,Blush & Co,Fragrance,EDT,Others,Active,779,15,17,,6,5326,BGR South,8,8,,56
2026-01,OUT0036,Sephora - Hyderabad 6,Sephora,MBO,Hyderabad,Telangana,South,SKU0031,Lumina Body Mist A,Lumina,Fragrance,Body Mist,Top 25,Active,2119,115,117,,15,29847,BGR South,17,17,,53
2026-01,OUT0036,Sephora - Hyderabad 6,Sephora,MBO,Hyderabad,Telangana,South,SKU0033,Northline Body Lotion A,Northline,Bath & Body,Body Lotion,Top 10,Active,1239,189,0,,42,48122,BGR South,50,50,,41
2026-01,OUT0036,Sephora - Hyderabad 6,Sephora,MBO,Hyderabad,Telangana,South,SKU0034,Northline Body Lotion B,Northline,Bath & Body,Body Lotion,Top 25,Active,989,14,18,,16,15891,BGR South,20,20,,41
2026-01,OUT0036,Sephora - Hyderabad 6,Sephora,MBO,Hyderabad,Telangana,South,SKU0035,Northline Body Wash A,Northline,Bath & Body,Body Wash,Others,Active,469,24,26,,3,1470,BGR South,7,5,,39
2026-01,OUT0036,Sephora - Hyderabad 6,Sephora,MBO,Hyderabad,Telangana,South,SKU0038,Blush & Co Hand Cream A,Blush & Co,Bath & Body,Hand Cream,Others,Active,489,5,11,,3,1782,BGR South,9,9,,39
2026-01,OUT0037,Sephora - Ahmedabad 7,Sephora,MBO,Ahmedabad,Gujarat,West,SKU0001,Blush & Co Moisturizer A,Blush & Co,Skincare,Moisturizer,Others,Active,2319,26,28,,2,5484,BGR West,4,4,,46
2026-01,OUT0037,Sephora - Ahmedabad 7,Sephora,MBO,Ahmedabad,Gujarat,West,SKU0003,Verde Serum A,Verde,Skincare,Serum,Top 25,Active,2419,67,74,,17,46246,BGR West,24,24,,45
2026-01,OUT0037,Sephora - Ahmedabad 7,Sephora,MBO,Ahmedabad,Gujarat,West,SKU0004,Northline Serum B,Northline,Skincare,Serum,Top 25,Active,2489,38,49,,10,27817,BGR West,23,21,,43
2026-01,OUT0037,Sephora - Ahmedabad 7,Sephora,MBO,Ahmedabad,Gujarat,West,SKU0005,Northline Serum C,Northline,Skincare,Serum,Others,Inactive,1819,3,3,,1,2072,BGR West,2,1,,47
2026-01,OUT0037,Sephora - Ahmedabad 7,Sephora,MBO,Ahmedabad,Gujarat,West,SKU0006,Blush & Co Cleanser A,Blush & Co,Skincare,Cleanser,Top 10,Active,289,0,0,,29,7565,BGR West,29,27,,45
2026-01,OUT0037,Sephora - Ahmedabad 7,Sephora,MBO,Ahmedabad,Gujarat,West,SKU0007,Northline Cleanser B,Northline,Skincare,Cleanser,Others,Active,1809,7,10,,3,6672,BGR West,9,6,,46
2026-01,OUT0037,Sephora - Ahmedabad 7,Sephora,MBO,Ahmedabad,Gujarat,West,SKU0008,Lumina Sunscreen A,Lumina,Skincare,Sunscreen,Others,Active,1599,8,8,,1,1516,BGR West,2,1,,48
2026-01,OUT0037,Sephora - Ahmedabad 7,Sephora,MBO,Ahmedabad,Gujarat,West,SKU0009,Blush & Co Sunscreen B,Blush & Co,Skincare,Sunscreen,Others,Inactive,1629,28,30,,6,10544,BGR West,8,8,,44
2026-01,OUT0037,Sephora - Ahmedabad 7,Sephora,MBO,Ahmedabad,Gujarat,West,SKU0011,Lumina Foundation B,Lumina,Makeup,Foundation,Top 10,Inactive,1889,0,18,,16,32860,BGR West,34,34,,49
2026-01,OUT0037,Sephora - Ahmedabad 7,Sephora,MBO,Ahmedabad,Gujarat,West,SKU0012,Northline Lipstick A,Northline,Makeup,Lipstick,Others,Active,2429,28,29,,1,2375,BGR West,2,2,,50
2026-01,OUT0037,Sephora - Ahmedabad 7,Sephora,MBO,Ahmedabad,Gujarat,West,SKU0014,Lumina Lipstick C,Lumina,Makeup,Lipstick,Top 25,Active,1729,64,63,,8,13969,BGR West,9,7,,47
2026-01,OUT0037,Sephora - Ahmedabad 7,Sephora,MBO,Ahmedabad,Gujarat,West,SKU0016,Verde Mascara B,Verde,Makeup,Mascara,Top 25,Active,199,44,43,,10,2482,BGR West,13,9,,51
2026-01,OUT0037,Sephora - Ahmedabad 7,Sephora,MBO,Ahmedabad,Gujarat,West,SKU0017,Lumina Mascara C,Lumina,Makeup,Mascara,Top 10,Active,529,19,32,,22,13586,BGR West,37,35,,47
2026-01,OUT0037,Sephora - Ahmedabad 7,Sephora,MBO,Ahmedabad,Gujarat,West,SKU0020,Lumina Shampoo A,Lumina,Haircare,Shampoo,Top 10,Active,509,0,0,,34,15987,BGR West,43,34,,32
2026-01,OUT0037,Sephora - Ahmedabad 7,Sephora,MBO,Ahmedabad,Gujarat,West,SKU0022,Northline Conditioner A,Northline,Haircare,Conditioner,Others,Active,779,29,34,,3,2536,BGR West,8,8,,37
2026-01,OUT0037,Sephora - Ahmedabad 7,Sephora,MBO,Ahmedabad,Gujarat,West,SKU0027,Lumina EDP B,Lumina,Fragrance,EDP,Top 10,Active,529,82,88,,18,9241,BGR West,26,24,,58
2026-01,OUT0037,Sephora - Ahmedabad 7,Sephora,MBO,Ahmedabad,Gujarat,West,SKU0029,Blush & Co EDT B,Blush & Co,Fragrance,EDT,Top 25,Active,479,56,63,,9,4403,BGR West,16,16,,57
2026-01,OUT0037,Sephora - Ahmedabad 7,Sephora,MBO,Ahmedabad,Gujarat,West,SKU0033,Northline Body Lotion A,Northline,Bath & Body,Body Lotion,Top 10,Active,1239,49,62,,27,37911,BGR West,40,40,,42
2026-01,OUT0037,Sephora - Ahmedabad 7,Sephora,MBO,Ahmedabad,Gujarat,West,SKU0034,Northline Body Lotion B,Northline,Bath & Body,Body Lotion,Top 25,Active,989,6,18,,13,13087,BGR West,28,25,,41
2026-01,OUT0037,Sephora - Ahmedabad 7,Sephora,MBO,Ahmedabad,Gujarat,West,SKU0037,Verde Body Wash C,Verde,Bath & Body,Body Wash,Top 25,Active,2239,57,0,,7,14144,BGR West,16,15,,40
2026-01,OUT0037,Sephora - Ahmedabad 7,Sephora,MBO,Ahmedabad,Gujarat,West,SKU0038,Blush & Co Hand Cream A,Blush & Co,Bath & Body,Hand Cream,Others,Active,489,41,44,,5,2702,BGR West,9,8,,42
2026-01,OUT0037,Sephora - Ahmedabad 7,Sephora,MBO,Ahmedabad,Gujarat,West,SKU0039,Northline Hand Cream B,Northline,Bath & Body,Hand Cream,Others,Active,1189,24,25,,5,5773,BGR West,7,6,,40
2026-01,OUT0038,Sephora - Pune 8,Sephora,MBO,Pune,Maharashtra,West,SKU0002,Verde Moisturizer B,Verde,Skincare,Moisturizer,Top 10,Active,1179,74,76,,13,16399,BGR West,15,15,,46
2026-01,OUT0038,Sephora - Pune 8,Sephora,MBO,Pune,Maharashtra,West,SKU0003,Verde Serum A,Verde,Skincare,Serum,Top 25,Active,2419,146,150,,12,26850,BGR West,24,16,,45
2026-01,OUT0038,Sephora - Pune 8,Sephora,MBO,Pune,Maharashtra,West,SKU0005,Northline Serum C,Northline,Skincare,Serum,Others,Inactive,1819,19,0,,1,1893,BGR West,1,0,,48
2026-01,OUT0038,Sephora - Pune 8,Sephora,MBO,Pune,Maharashtra,West,SKU0006,Blush & Co Cleanser A,Blush & Co,Skincare,Cleanser,Top 10,Active,289,144,143,,45,12341,BGR West,64,44,,45
2026-01,OUT0038,Sephora - Pune 8,Sephora,MBO,Pune,Maharashtra,West,SKU0007,Northline Cleanser B,Northline,Skincare,Cleanser,Others,Active,1809,21,27,,2,3459,BGR West,8,8,,48
2026-01,OUT0038,Sephora - Pune 8,Sephora,MBO,Pune,Maharashtra,West,SKU0009,Blush & Co Sunscreen B,Blush & Co,Skincare,Sunscreen,Others,Inactive,1629,30,32,,3,5674,BGR West,5,5,,42
2026-01,OUT0038,Sephora - Pune 8,Sephora,MBO,Pune,Maharashtra,West,SKU0011,Lumina Foundation B,Lumina,Makeup,Foundation,Top 10,Inactive,1889,38,43,,2,4097,BGR West,7,7,,51
2026-01,OUT0038,Sephora - Pune 8,Sephora,MBO,Pune,Maharashtra,West,SKU0012,Northline Lipstick A,Northline,Makeup,Lipstick,Others,Active,2429,18,20,,1,2870,BGR West,4,3,,48
2026-01,OUT0038,Sephora - Pune 8,Sephora,MBO,Pune,Maharashtra,West,SKU0013,Northline Lipstick B,Northline,Makeup,Lipstick,Others,Active,2469,17,16,,1,2813,BGR West,1,0,,51
2026-01,OUT0038,Sephora - Pune 8,Sephora,MBO,Pune,Maharashtra,West,SKU0014,Lumina Lipstick C,Lumina,Makeup,Lipstick,Top 25,Active,1729,8,20,,11,21135,BGR West,23,23,,53
2026-01,OUT0038,Sephora - Pune 8,Sephora,MBO,Pune,Maharashtra,West,SKU0015,Blush & Co Mascara A,Blush & Co,Makeup,Mascara,Top 25,Active,1219,107,107,,9,10859,BGR West,14,9,,49
2026-01,OUT0038,Sephora - Pune 8,Sephora,MBO,Pune,Maharashtra,West,SKU0016,Verde Mascara B,Verde,Makeup,Mascara,Top 25,Active,199,44,46,,6,1231,BGR West,10,8,,53
2026-01,OUT0038,Sephora - Pune 8,Sephora,MBO,Pune,Maharashtra,West,SKU0017,Lumina Mascara C,Lumina,Makeup,Mascara,Top 10,Active,529,0,0,,23,12280,BGR West,23,16,,47
2026-01,OUT0038,Sephora - Pune 8,Sephora,MBO,Pune,Maharashtra,West,SKU0018,Northline Eyeliner A,Northline,Makeup,Eyeliner,Others,Active,1959,12,12,,1,2321,BGR West,2,1,,53
2026-01,OUT0038,Sephora - Pune 8,Sephora,MBO,Pune,Maharashtra,West,SKU0021,Verde Shampoo B,Verde,Haircare,Shampoo,Others,Active,1319,26,27,,3,4850,BGR West,6,4,,38
2026-01,OUT0038,Sephora - Pune 8,Sephora,MBO,Pune,Maharashtra,West,SKU0022,Northline Conditioner A,Northline,Haircare,Conditioner,Others,Active,779,19,18,,4,3432,BGR West,5,3,,32
2026-01,OUT0038,Sephora - Pune 8,Sephora,MBO,Pune,Maharashtra,West,SKU0027,Lumina EDP B,Lumina,Fragrance,EDP,Top 10,Active,529,29,33,,17,8359,BGR West,21,21,,57
2026-01,OUT0038,Sephora - Pune 8,Sephora,MBO,Pune,Maharashtra,West,SKU0029,Blush & Co EDT B,Blush & Co,Fragrance,EDT,Top 25,Active,479,0,2,,6,3034,BGR West,8,8,,56
2026-01,OUT0038,Sephora - Pune 8,Sephora,MBO,Pune,Maharashtra,West,SKU0031,Lumina Body Mist A,Lumina,Fragrance,Body Mist,Top 25,Active,2119,85,82,,12,27619,BGR West,14,9,,54
2026-01,OUT0038,Sephora - Pune 8,Sephora,MBO,Pune,Maharashtra,West,SKU0032,Northline Body Mist B,Northline,Fragrance,Body Mist,Others,Inactive,2229,0,1,,5,14028,BGR West,7,6,,58
2026-01,OUT0038,Sephora - Pune 8,Sephora,MBO,Pune,Maharashtra,West,SKU0033,Northline Body Lotion A,Northline,Bath & Body,Body Lotion,Top 10,Active,1239,19,20,,29,41464,BGR West,38,30,,40
2026-01,OUT0038,Sephora - Pune 8,Sephora,MBO,Pune,Maharashtra,West,SKU0037,Verde Body Wash C,Verde,Bath & Body,Body Wash,Top 25,Active,2239,13,17,,6,12184,BGR West,13,10,,38
2026-01,OUT0038,Sephora - Pune 8,Sephora,MBO,Pune,Maharashtra,West,SKU0038,Blush & Co Hand Cream A,Blush & Co,Bath & Body,Hand Cream,Others,Active,489,16,18,,3,1677,BGR West,5,5,,38
2026-01,OUT0039,Sephora - Bhubaneswar 9,Sephora,MBO,Bhubaneswar,Odisha,East,SKU0001,Blush & Co Moisturizer A,Blush & Co,Skincare,Moisturizer,Others,Active,2319,34,38,,6,15469,BGR East,11,10,,42
2026-01,OUT0039,Sephora - Bhubaneswar 9,Sephora,MBO,Bhubaneswar,Odisha,East,SKU0002,Verde Moisturizer B,Verde,Skincare,Moisturizer,Top 10,Active,1179,180,187,,22,23525,BGR East,37,29,,43
2026-01,OUT0039,Sephora - Bhubaneswar 9,Sephora,MBO,Bhubaneswar,Odisha,East,SKU0003,Verde Serum A,Verde,Skincare,Serum,Top 25,Active,2419,3,27,,33,94989,BGR East,61,57,,42
2026-01,OUT0039,Sephora - Bhubaneswar 9,Sephora,MBO,Bhubaneswar,Odisha,East,SKU0004,Northline Serum B,Northline,Skincare,Serum,Top 25,Active,2489,41,48,,14,34739,BGR East,21,21,,42
2026-01,OUT0039,Sephora - Bhubaneswar 9,Sephora,MBO,Bhubaneswar,Odisha,East,SKU0005,Northline Serum C,Northline,Skincare,Serum,Others,Inactive,1819,4,6,,2,4237,BGR East,4,4,,44
2026-01,OUT0039,Sephora - Bhubaneswar 9,Sephora,MBO,Bhubaneswar,Odisha,East,SKU0006,Blush & Co Cleanser A,Blush & Co,Skincare,Cleanser,Top 10,Active,289,166,177,,41,11040,BGR East,52,52,,48
2026-01,OUT0039,Sephora - Bhubaneswar 9,Sephora,MBO,Bhubaneswar,Odisha,East,SKU0008,Lumina Sunscreen A,Lumina,Skincare,Sunscreen,Others,Active,1599,3,3,,0,0,BGR East,1,0,,46
2026-01,OUT0039,Sephora - Bhubaneswar 9,Sephora,MBO,Bhubaneswar,Odisha,East,SKU0009,Blush & Co Sunscreen B,Blush & Co,Skincare,Sunscreen,Others,Inactive,1629,26,32,,5,9558,BGR East,14,12,,46
2026-01,OUT0039,Sephora - Bhubaneswar 9,Sephora,MBO,Bhubaneswar,Odisha,East,SKU0010,Blush & Co Foundation A,Blush & Co,Makeup,Foundation,Others,Active,1419,40,41,,3,3909,BGR East,7,4,,51
2026-01,OUT0039,Sephora - Bhubaneswar 9,Sephora,MBO,Bhubaneswar,Odisha,East,SKU0011,Lumina Foundation B,Lumina,Makeup,Foundation,Top 10,Inactive,1889,141,156,,24,43367,BGR East,39,39,,50
2026-01,OUT0039,Sephora - Bhubaneswar 9,Sephora,MBO,Bhubaneswar,Odisha,East,SKU0012,Northline Lipstick A,Northline,Makeup,Lipstick,Others,Active,2429,28,31,,2,4825,BGR East,6,5,,51
2026-01,OUT0039,Sephora - Bhubaneswar 9,Sephora,MBO,Bhubaneswar,Odisha,East,SKU0013,Northline Lipstick B,Northline,Makeup,Lipstick,Others,Active,2469,12,13,,1,2978,BGR East,4,2,,51
2026-01,OUT0039,Sephora - Bhubaneswar 9,Sephora,MBO,Bhubaneswar,Odisha,East,SKU0014,Lumina Lipstick C,Lumina,Makeup,Lipstick,Top 25,Active,1729,86,90,,14,28970,BGR East,27,18,,49
2026-01,OUT0039,Sephora - Bhubaneswar 9,Sephora,MBO,Bhubaneswar,Odisha,East,SKU0015,Blush & Co Mascara A,Blush & Co,Makeup,Mascara,Top 25,Active,1219,28,36,,18,26003,BGR East,29,26,,52
2026-01,OUT0039,Sephora - Bhubaneswar 9,Sephora,MBO,Bhubaneswar,Odisha,East,SKU0016,Verde Mascara B,Verde,Makeup,Mascara,Top 25,Active,199,56,54,,13,2713,BGR East,12,11,,53
2026-01,OUT0039,Sephora - Bhubaneswar 9,Sephora,MBO,Bhubaneswar,Odisha,East,SKU0017,Lumina Mascara C,Lumina,Makeup,Mascara,Top 10,Active,529,33,50,,18,9324,BGR East,35,35,,49
2026-01,OUT0039,Sephora - Bhubaneswar 9,Sephora,MBO,Bhubaneswar,Odisha,East,SKU0020,Lumina Shampoo A,Lumina,Haircare,Shampoo,Top 10,Active,509,136,154,,25,14296,BGR East,48,43,,34
2026-01,OUT0039,Sephora - Bhubaneswar 9,Sephora,MBO,Bhubaneswar,Odisha,East,SKU0021,Verde Shampoo B,Verde,Haircare,Shampoo,Others,Active,1319,32,34,,4,6298,BGR East,6,6,,32
2026-01,OUT0039,Sephora - Bhubaneswar 9,Sephora,MBO,Bhubaneswar,Odisha,East,SKU0022,Northline Conditioner A,Northline,Haircare,Conditioner,Others,Active,779,0,0,,7,6820,BGR East,7,7,,35
2026-01,OUT0039,Sephora - Bhubaneswar 9,Sephora,MBO,Bhubaneswar,Odisha,East,SKU0023,Northline Conditioner B,Northline,Haircare,Conditioner,Others,Active,379,3,4,,1,458,BGR East,4,2,,33
2026-01,OUT0039,Sephora - Bhubaneswar 9,Sephora,MBO,Bhubaneswar,Odisha,East,SKU0027,Lumina EDP B,Lumina,Fragrance,EDP,Top 10,Active,529,0,20,,25,13904,BGR East,45,45,,55
2026-01,OUT0039,Sephora - Bhubaneswar 9,Sephora,MBO,Bhubaneswar,Odisha,East,SKU0028,Northline EDT A,Northline,Fragrance,EDT,Top 25,Active,1109,23,26,,17,23208,BGR East,20,20,,55
2026-01,OUT0039,Sephora - Bhubaneswar 9,Sephora,MBO,Bhubaneswar,Odisha,East,SKU0029,Blush & Co EDT B,Blush & Co,Fragrance,EDT,Top 25,Active,479,1,5,,14,7902,BGR East,23,18,,52
2026-01,OUT0039,Sephora - Bhubaneswar 9,Sephora,MBO,Bhubaneswar,Odisha,East,SKU0030,Blush & Co EDT C,Blush & Co,Fragrance,EDT,Others,Active,779,31,36,,10,7607,BGR East,16,15,,53
2026-01,OUT0039,Sephora - Bhubaneswar 9,Sephora,MBO,Bhubaneswar,Odisha,East,SKU0031,Lumina Body Mist A,Lumina,Fragrance,Body Mist,Top 25,Active,2119,51,51,,19,47249,BGR East,21,19,,54
2026-01,OUT0039,Sephora - Bhubaneswar 9,Sephora,MBO,Bhubaneswar,Odisha,East,SKU0032,Northline Body Mist B,Northline,Fragrance,Body Mist,Others,Inactive,2229,28,33,,7,19138,BGR East,13,12,,57
2026-01,OUT0039,Sephora - Bhubaneswar 9,Sephora,MBO,Bhubaneswar,Odisha,East,SKU0033,Northline Body Lotion A,Northline,Bath & Body,Body Lotion,Top 10,Active,1239,26,94,,73,105367,BGR East,141,141,,42
2026-01,OUT0039,Sephora - Bhubaneswar 9,Sephora,MBO,Bhubaneswar,Odisha,East,SKU0034,Northline Body Lotion B,Northline,Bath & Body,Body Lotion,Top 25,Active,989,105,101,,13,14685,BGR East,13,9,,40
2026-01,OUT0039,Sephora - Bhubaneswar 9,Sephora,MBO,Bhubaneswar,Odisha,East,SKU0036,Northline Body Wash B,Northline,Bath & Body,Body Wash,Others,Active,1179,7,11,,2,2504,BGR East,6,6,,37
2026-01,OUT0039,Sephora - Bhubaneswar 9,Sephora,MBO,Bhubaneswar,Odisha,East,SKU0037,Verde Body Wash C,Verde,Bath & Body,Body Wash,Top 25,Active,2239,58,69,,11,25030,BGR East,24,22,,41
2026-01,OUT0040,Sephora - Bhubaneswar 10,Sephora,MBO,Bhubaneswar,Odisha,East,SKU0002,Verde Moisturizer B,Verde,Skincare,Moisturizer,Top 10,Active,1179,92,94,,16,17664,BGR East,19,18,,48
2026-01,OUT0040,Sephora - Bhubaneswar 10,Sephora,MBO,Bhubaneswar,Odisha,East,SKU0003,Verde Serum A,Verde,Skincare,Serum,Top 25,Active,2419,102,0,,25,59555,BGR East,26,24,,43
2026-01,OUT0040,Sephora - Bhubaneswar 10,Sephora,MBO,Bhubaneswar,Odisha,East,SKU0005,Northline Serum C,Northline,Skincare,Serum,Others,Inactive,1819,15,20,,1,1974,BGR East,7,6,,45
2026-01,OUT0040,Sephora - Bhubaneswar 10,Sephora,MBO,Bhubaneswar,Odisha,East,SKU0006,Blush & Co Cleanser A,Blush & Co,Skincare,Cleanser,Top 10,Active,289,21,0,,55,19697,BGR East,102,91,,47
2026-01,OUT0040,Sephora - Bhubaneswar 10,Sephora,MBO,Bhubaneswar,Odisha,East,SKU0007,Northline Cleanser B,Northline,Skincare,Cleanser,Others,Active,1809,27,26,,3,6480,BGR East,3,2,,43
2026-01,OUT0040,Sephora - Bhubaneswar 10,Sephora,MBO,Bhubaneswar,Odisha,East,SKU0008,Lumina Sunscreen A,Lumina,Skincare,Sunscreen,Others,Active,1599,12,11,,1,1907,BGR East,1,0,,43
2026-01,OUT0040,Sephora - Bhubaneswar 10,Sephora,MBO,Bhubaneswar,Odisha,East,SKU0010,Blush & Co Foundation A,Blush & Co,Makeup,Foundation,Others,Active,1419,43,45,,3,4903,BGR East,5,5,,49
2026-01,OUT0040,Sephora - Bhubaneswar 10,Sephora,MBO,Bhubaneswar,Odisha,East,SKU0011,Lumina Foundation B,Lumina,Makeup,Foundation,Top 10,Inactive,1889,281,295,,24,51509,BGR East,38,38,,50
2026-01,OUT0040,Sephora - Bhubaneswar 10,Sephora,MBO,Bhubaneswar,Odisha,East,SKU0014,Lumina Lipstick C,Lumina,Makeup,Lipstick,Top 25,Active,1729,0,7,,16,33613,BGR East,23,23,,48
2026-01,OUT0040,Sephora - Bhubaneswar 10,Sephora,MBO,Bhubaneswar,Odisha,East,SKU0015,Blush & Co Mascara A,Blush & Co,Makeup,Mascara,Top 25,Active,1219,52,107,,18,22777,BGR East,32,30,,53
2026-01,OUT0040,Sephora - Bhubaneswar 10,Sephora,MBO,Bhubaneswar,Odisha,East,SKU0016,Verde Mascara B,Verde,Makeup,Mascara,Top 25,Active,199,55,60,,11,2575,BGR East,20,16,,47
2026-01,OUT0040,Sephora - Bhubaneswar 10,Sephora,MBO,Bhubaneswar,Odisha,East,SKU0017,Lumina Mascara C,Lumina,Makeup,Mascara,Top 10,Active,529,46,0,,21,10587,BGR East,22,22,,50
2026-01,OUT0040,Sephora - Bhubaneswar 10,Sephora,MBO,Bhubaneswar,Odisha,East,SKU0020,Lumina Shampoo A,Lumina,Haircare,Shampoo,Top 10,Active,509,100,105,,15,8501,BGR East,26,20,,34
2026-01,OUT0040,Sephora - Bhubaneswar 10,Sephora,MBO,Bhubaneswar,Odisha,East,SKU0021,Verde Shampoo B,Verde,Haircare,Shampoo,Others,Active,1319,0,3,,5,5930,BGR East,8,8,,38
2026-01,OUT0040,Sephora - Bhubaneswar 10,Sephora,MBO,Bhubaneswar,Odisha,East,SKU0022,Northline Conditioner A,Northline,Haircare,Conditioner,Others,Active,779,30,0,,6,5676,BGR East,15,10,,37
2026-01,OUT0040,Sephora - Bhubaneswar 10,Sephora,MBO,Bhubaneswar,Odisha,East,SKU0023,Northline Conditioner B,Northline,Haircare,Conditioner,Others,Active,379,20,20,,1,429,BGR East,2,1,,32
2026-01,OUT0040,Sephora - Bhubaneswar 10,Sephora,MBO,Bhubaneswar,Odisha,East,SKU0027,Lumina EDP B,Lumina,Fragrance,EDP,Top 10,Active,529,0,15,,37,19699,BGR East,66,52,,53
2026-01,OUT0040,Sephora - Bhubaneswar 10,Sephora,MBO,Bhubaneswar,Odisha,East,SKU0029,Blush & Co EDT B,Blush & Co,Fragrance,EDT,Top 25,Active,479,35,62,,9,4823,BGR East,13,13,,55
2026-01,OUT0040,Sephora - Bhubaneswar 10,Sephora,MBO,Bhubaneswar,Odisha,East,SKU0030,Blush & Co EDT C,Blush & Co,Fragrance,EDT,Others,Active,779,33,36,,4,3370,BGR East,7,7,,53
2026-01,OUT0040,Sephora - Bhubaneswar 10,Sephora,MBO,Bhubaneswar,Odisha,East,SKU0031,Lumina Body Mist A,Lumina,Fragrance,Body Mist,Top 25,Active,2119,61,61,,18,48022,BGR East,21,18,,52
2026-01,OUT0040,Sephora - Bhubaneswar 10,Sephora,MBO,Bhubaneswar,Odisha,East,SKU0033,Northline Body Lotion A,Northline,Bath & Body,Body Lotion,Top 10,Active,1239,549,560,,33,41741,BGR East,55,44,,39
2026-01,OUT0040,Sephora - Bhubaneswar 10,Sephora,MBO,Bhubaneswar,Odisha,East,SKU0034,Northline Body Lotion B,Northline,Bath & Body,Body Lotion,Top 25,Active,989,0,0,,13,15315,BGR East,15,10,,42
2026-01,OUT0040,Sephora - Bhubaneswar 10,Sephora,MBO,Bhubaneswar,Odisha,East,SKU0036,Northline Body Wash B,Northline,Bath & Body,Body Wash,Others,Active,1179,15,16,,1,1355,BGR East,2,2,,41
2026-01,OUT0040,Sephora - Bhubaneswar 10,Sephora,MBO,Bhubaneswar,Odisha,East,SKU0037,Verde Body Wash C,Verde,Bath & Body,Body Wash,Top 25,Active,2239,0,0,,10,24405,BGR East,10,10,,41
2026-01,OUT0040,Sephora - Bhubaneswar 10,Sephora,MBO,Bhubaneswar,Odisha,East,SKU0039,Northline Hand Cream B,Northline,Bath & Body,Hand Cream,Others,Active,1189,30,34,,3,3449,BGR East,8,7,,43
2026-01,OUT0041,Renee EBO - Chennai 1,Renee EBO,EBO,Chennai,Tamil Nadu,South,SKU0001,Blush & Co Moisturizer A,Blush & Co,Skincare,Moisturizer,Others,Active,2319,1,2,,1,2702,BGR South,4,2,,43
2026-01,OUT0041,Renee EBO - Chennai 1,Renee EBO,EBO,Chennai,Tamil Nadu,South,SKU0002,Verde Moisturizer B,Verde,Skincare,Moisturizer,Top 10,Active,1179,30,32,,12,14955,BGR South,14,14,,48
2026-01,OUT0041,Renee EBO - Chennai 1,Renee EBO,EBO,Chennai,Tamil Nadu,South,SKU0004,Northline Serum B,Northline,Skincare,Serum,Top 25,Active,2489,30,32,,4,11624,BGR South,7,6,,47
2026-01,OUT0041,Renee EBO - Chennai 1,Renee EBO,EBO,Chennai,Tamil Nadu,South,SKU0006,Blush & Co Cleanser A,Blush & Co,Skincare,Cleanser,Top 10,Active,289,59,59,,12,4109,BGR South,18,12,,46
2026-01,OUT0041,Renee EBO - Chennai 1,Renee EBO,EBO,Chennai,Tamil Nadu,South,SKU0007,Northline Cleanser B,Northline,Skincare,Cleanser,Others,Active,1809,17,19,,0,0,BGR South,3,2,,48
2026-01,OUT0041,Renee EBO - Chennai 1,Renee EBO,EBO,Chennai,Tamil Nadu,South,SKU0008,Lumina Sunscreen A,Lumina,Skincare,Sunscreen,Others,Active,1599,23,24,,0,0,BGR South,2,1,,44
2026-01,OUT0041,Renee EBO - Chennai 1,Renee EBO,EBO,Chennai,Tamil Nadu,South,SKU0009,Blush & Co Sunscreen B,Blush & Co,Skincare,Sunscreen,Others,Inactive,1629,14,14,,2,3790,BGR South,3,2,,46
2026-01,OUT0041,Renee EBO - Chennai 1,Renee EBO,EBO,Chennai,Tamil Nadu,South,SKU0010,Blush & Co Foundation A,Blush & Co,Makeup,Foundation,Others,Active,1419,14,15,,1,1498,BGR South,3,2,,51
2026-01,OUT0041,Renee EBO - Chennai 1,Renee EBO,EBO,Chennai,Tamil Nadu,South,SKU0011,Lumina Foundation B,Lumina,Makeup,Foundation,Top 10,Inactive,1889,6,9,,6,10766,BGR South,9,9,,48
2026-01,OUT0041,Renee EBO - Chennai 1,Renee EBO,EBO,Chennai,Tamil Nadu,South,SKU0014,Lumina Lipstick C,Lumina,Makeup,Lipstick,Top 25,Active,1729,29,33,,5,10158,BGR South,10,9,,53
2026-01,OUT0041,Renee EBO - Chennai 1,Renee EBO,EBO,Chennai,Tamil Nadu,South,SKU0015,Blush & Co Mascara A,Blush & Co,Makeup,Mascara,Top 25,Active,1219,37,41,,3,3908,BGR South,8,7,,47
2026-01,OUT0041,Renee EBO - Chennai 1,Renee EBO,EBO,Chennai,Tamil Nadu,South,SKU0016,Verde Mascara B,Verde,Makeup,Mascara,Top 25,Active,199,5,0,,5,950,BGR South,6,4,,50
2026-01,OUT0041,Renee EBO - Chennai 1,Renee EBO,EBO,Chennai,Tamil Nadu,South,SKU0017,Lumina Mascara C,Lumina,Makeup,Mascara,Top 10,Active,529,73,75,,10,6293,BGR South,12,12,,47
2026-01,OUT0041,Renee EBO - Chennai 1,Renee EBO,EBO,Chennai,Tamil Nadu,South,SKU0018,Northline Eyeliner A,Northline,Makeup,Eyeliner,Others,Active,1959,4,4,,0,0,BGR South,1,0,,47
2026-01,OUT0041,Renee EBO - Chennai 1,Renee EBO,EBO,Chennai,Tamil Nadu,South,SKU0019,Northline Eyeliner B,Northline,Makeup,Eyeliner,Others,Active,1889,20,0,,1,2229,BGR South,5,5,,48
2026-01,OUT0041,Renee EBO - Chennai 1,Renee EBO,EBO,Chennai,Tamil Nadu,South,SKU0020,Lumina Shampoo A,Lumina,Haircare,Shampoo,Top 10,Active,509,50,51,,11,6542,BGR South,15,12,,37
2026-01,OUT0041,Renee EBO - Chennai 1,Renee EBO,EBO,Chennai,Tamil Nadu,South,SKU0021,Verde Shampoo B,Verde,Haircare,Shampoo,Others,Active,1319,21,25,,1,1639,BGR South,5,5,,34
2026-01,OUT0041,Renee EBO - Chennai 1,Renee EBO,EBO,Chennai,Tamil Nadu,South,SKU0022,Northline Conditioner A,Northline,Haircare,Conditioner,Others,Active,779,10,11,,1,726,BGR South,3,2,,35
2026-01,OUT0041,Renee EBO - Chennai 1,Renee EBO,EBO,Chennai,Tamil Nadu,South,SKU0023,Northline Conditioner B,Northline,Haircare,Conditioner,Others,Active,379,0,0,,0,0,BGR South,1,0,,33
2026-01,OUT0041,Renee EBO - Chennai 1,Renee EBO,EBO,Chennai,Tamil Nadu,South,SKU0027,Lumina EDP B,Lumina,Fragrance,EDP,Top 10,Active,529,16,21,,12,7264,BGR South,17,17,,56
2026-01,OUT0041,Renee EBO - Chennai 1,Renee EBO,EBO,Chennai,Tamil Nadu,South,SKU0028,Northline EDT A,Northline,Fragrance,EDT,Top 25,Active,1109,7,11,,4,5319,BGR South,10,8,,52
2026-01,OUT0041,Renee EBO - Chennai 1,Renee EBO,EBO,Chennai,Tamil Nadu,South,SKU0030,Blush & Co EDT C,Blush & Co,Fragrance,EDT,Others,Active,779,25,28,,1,772,BGR South,4,4,,52
2026-01,OUT0041,Renee EBO - Chennai 1,Renee EBO,EBO,Chennai,Tamil Nadu,South,SKU0031,Lumina Body Mist A,Lumina,Fragrance,Body Mist,Top 25,Active,2119,26,27,,6,12156,BGR South,11,7,,56
2026-01,OUT0041,Renee EBO - Chennai 1,Renee EBO,EBO,Chennai,Tamil Nadu,South,SKU0032,Northline Body Mist B,Northline,Fragrance,Body Mist,Others,Inactive,2229,12,13,,1,2228,BGR South,3,2,,53
2026-01,OUT0041,Renee EBO - Chennai 1,Renee EBO,EBO,Chennai,Tamil Nadu,South,SKU0033,Northline Body Lotion A,Northline,Bath & Body,Body Lotion,Top 10,Active,1239,106,107,,11,14030,BGR South,12,12,,41
2026-01,OUT0041,Renee EBO - Chennai 1,Renee EBO,EBO,Chennai,Tamil Nadu,South,SKU0035,Northline Body Wash A,Northline,Bath & Body,Body Wash,Others,Active,469,0,2,,0,0,BGR South,3,2,,43
2026-01,OUT0041,Renee EBO - Chennai 1,Renee EBO,EBO,Chennai,Tamil Nadu,South,SKU0037,Verde Body Wash C,Verde,Bath & Body,Body Wash,Top 25,Active,2239,4,4,,2,5342,BGR South,3,2,,42
2026-01,OUT0041,Renee EBO - Chennai 1,Renee EBO,EBO,Chennai,Tamil Nadu,South,SKU0039,Northline Hand Cream B,Northline,Bath & Body,Hand Cream,Others,Active,1189,22,28,,1,1290,BGR South,7,7,,40
2026-01,OUT0042,Renee EBO - Ahmedabad 2,Renee EBO,EBO,Ahmedabad,Gujarat,West,SKU0001,Blush & Co Moisturizer A,Blush & Co,Skincare,Moisturizer,Others,Active,2319,18,21,,1,2626,BGR West,5,4,,47
2026-01,OUT0042,Renee EBO - Ahmedabad 2,Renee EBO,EBO,Ahmedabad,Gujarat,West,SKU0002,Verde Moisturizer B,Verde,Skincare,Moisturizer,Top 10,Active,1179,95,99,,20,27986,BGR West,31,24,,47
2026-01,OUT0042,Renee EBO - Ahmedabad 2,Renee EBO,EBO,Ahmedabad,Gujarat,West,SKU0003,Verde Serum A,Verde,Skincare,Serum,Top 25,Active,2419,57,60,,11,24183,BGR West,20,14,,46
2026-01,OUT0042,Renee EBO - Ahmedabad 2,Renee EBO,EBO,Ahmedabad,Gujarat,West,SKU0005,Northline Serum C,Northline,Skincare,Serum,Others,Inactive,1819,22,24,,0,0,BGR West,3,2,,44
2026-01,OUT0042,Renee EBO - Ahmedabad 2,Renee EBO,EBO,Ahmedabad,Gujarat,West,SKU0006,Blush & Co Cleanser A,Blush & Co,Skincare,Cleanser,Top 10,Active,289,52,64,,19,6817,BGR West,39,31,,43
2026-01,OUT0042,Renee EBO - Ahmedabad 2,Renee EBO,EBO,Ahmedabad,Gujarat,West,SKU0007,Northline Cleanser B,Northline,Skincare,Cleanser,Others,Active,1809,31,31,,3,6144,BGR West,4,3,,47
2026-01,OUT0042,Renee EBO - Ahmedabad 2,Renee EBO,EBO,Ahmedabad,Gujarat,West,SKU0008,Lumina Sunscreen A,Lumina,Skincare,Sunscreen,Others,Active,1599,20,23,,0,0,BGR West,3,3,,48
2026-01,OUT0042,Renee EBO - Ahmedabad 2,Renee EBO,EBO,Ahmedabad,Gujarat,West,SKU0010,Blush & Co Foundation A,Blush & Co,Makeup,Foundation,Others,Active,1419,21,25,,4,5224,BGR West,10,9,,51
2026-01,OUT0042,Renee EBO - Ahmedabad 2,Renee EBO,EBO,Ahmedabad,Gujarat,West,SKU0011,Lumina Foundation B,Lumina,Makeup,Foundation,Top 10,Inactive,1889,0,110,,17,38540,BGR West,17,13,,52
2026-01,OUT0042,Renee EBO - Ahmedabad 2,Renee EBO,EBO,Ahmedabad,Gujarat,West,SKU0012,Northline Lipstick A,Northline,Makeup,Lipstick,Others,Active,2429,19,24,,2,6086,BGR West,7,7,,47
2026-01,OUT0042,Renee EBO - Ahmedabad 2,Renee EBO,EBO,Ahmedabad,Gujarat,West,SKU0014,Lumina Lipstick C,Lumina,Makeup,Lipstick,Top 25,Active,1729,27,28,,12,21195,BGR West,14,13,,53
2026-01,OUT0042,Renee EBO - Ahmedabad 2,Renee EBO,EBO,Ahmedabad,Gujarat,West,SKU0015,Blush & Co Mascara A,Blush & Co,Makeup,Mascara,Top 25,Active,1219,0,6,,9,10088,BGR West,15,15,,51
2026-01,OUT0042,Renee EBO - Ahmedabad 2,Renee EBO,EBO,Ahmedabad,Gujarat,West,SKU0017,Lumina Mascara C,Lumina,Makeup,Mascara,Top 10,Active,529,98,92,,20,10762,BGR West,21,14,,50
2026-01,OUT0042,Renee EBO - Ahmedabad 2,Renee EBO,EBO,Ahmedabad,Gujarat,West,SKU0020,Lumina Shampoo A,Lumina,Haircare,Shampoo,Top 10,Active,509,54,56,,18,10052,BGR West,26,20,,37
2026-01,OUT0042,Renee EBO - Ahmedabad 2,Renee EBO,EBO,Ahmedabad,Gujarat,West,SKU0021,Verde Shampoo B,Verde,Haircare,Shampoo,Others,Active,1319,20,12,,2,2881,BGR West,6,5,,33
2026-01,OUT0042,Renee EBO - Ahmedabad 2,Renee EBO,EBO,Ahmedabad,Gujarat,West,SKU0022,Northline Conditioner A,Northline,Haircare,Conditioner,Others,Active,779,4,6,,2,1861,BGR West,5,4,,34
2026-01,OUT0042,Renee EBO - Ahmedabad 2,Renee EBO,EBO,Ahmedabad,Gujarat,West,SKU0023,Northline Conditioner B,Northline,Haircare,Conditioner,Others,Active,379,16,17,,0,0,BGR West,1,1,,33
2026-01,OUT0042,Renee EBO - Ahmedabad 2,Renee EBO,EBO,Ahmedabad,Gujarat,West,SKU0027,Lumina EDP B,Lumina,Fragrance,EDP,Top 10,Active,529,56,67,,10,6535,BGR West,23,21,,53
2026-01,OUT0042,Renee EBO - Ahmedabad 2,Renee EBO,EBO,Ahmedabad,Gujarat,West,SKU0028,Northline EDT A,Northline,Fragrance,EDT,Top 25,Active,1109,13,20,,10,12337,BGR West,17,17,,54
2026-01,OUT0042,Renee EBO - Ahmedabad 2,Renee EBO,EBO,Ahmedabad,Gujarat,West,SKU0029,Blush & Co EDT B,Blush & Co,Fragrance,EDT,Top 25,Active,479,15,14,,9,4445,BGR West,12,8,,57
2026-01,OUT0042,Renee EBO - Ahmedabad 2,Renee EBO,EBO,Ahmedabad,Gujarat,West,SKU0033,Northline Body Lotion A,Northline,Bath & Body,Body Lotion,Top 10,Active,1239,81,85,,17,20600,BGR West,21,21,,40
2026-01,OUT0042,Renee EBO - Ahmedabad 2,Renee EBO,EBO,Ahmedabad,Gujarat,West,SKU0035,Northline Body Wash A,Northline,Bath & Body,Body Wash,Others,Active,469,15,17,,2,1114,BGR West,5,4,,41
2026-01,OUT0042,Renee EBO - Ahmedabad 2,Renee EBO,EBO,Ahmedabad,Gujarat,West,SKU0036,Northline Body Wash B,Northline,Bath & Body,Body Wash,Others,Active,1179,19,20,,0,0,BGR West,2,1,,38
2026-01,OUT0042,Renee EBO - Ahmedabad 2,Renee EBO,EBO,Ahmedabad,Gujarat,West,SKU0037,Verde Body Wash C,Verde,Bath & Body,Body Wash,Top 25,Active,2239,39,40,,4,9422,BGR West,7,5,,43
2026-01,OUT0042,Renee EBO - Ahmedabad 2,Renee EBO,EBO,Ahmedabad,Gujarat,West,SKU0038,Blush & Co Hand Cream A,Blush & Co,Bath & Body,Hand Cream,Others,Active,489,32,33,,3,1669,BGR West,4,4,,38
2026-01,OUT0043,Renee EBO - Ludhiana 3,Renee EBO,EBO,Ludhiana,Punjab,North,SKU0002,Verde Moisturizer B,Verde,Skincare,Moisturizer,Top 10,Active,1179,6,13,,11,16232,BGR North,21,18,,47
2026-01,OUT0043,Renee EBO - Ludhiana 3,Renee EBO,EBO,Ludhiana,Punjab,North,SKU0003,Verde Serum A,Verde,Skincare,Serum,Top 25,Active,2419,65,70,,11,27300,BGR North,16,16,,44
2026-01,OUT0043,Renee EBO - Ludhiana 3,Renee EBO,EBO,Ludhiana,Punjab,North,SKU0004,Northline Serum B,Northline,Skincare,Serum,Top 25,Active,2489,29,30,,6,16915,BGR North,11,7,,43
2026-01,OUT0043,Renee EBO - Ludhiana 3,Renee EBO,EBO,Ludhiana,Punjab,North,SKU0006,Blush & Co Cleanser A,Blush & Co,Skincare,Cleanser,Top 10,Active,289,80,0,,32,11608,BGR North,37,37,,46
2026-01,OUT0043,Renee EBO - Ludhiana 3,Renee EBO,EBO,Ludhiana,Punjab,North,SKU0010,Blush & Co Foundation A,Blush & Co,Makeup,Foundation,Others,Active,1419,18,21,,2,3503,BGR North,6,5,,49
2026-01,OUT0043,Renee EBO - Ludhiana 3,Renee EBO,EBO,Ludhiana,Punjab,North,SKU0013,Northline Lipstick B,Northline,Makeup,Lipstick,Others,Active,2469,3,6,,0,0,BGR North,4,3,,51
2026-01,OUT0043,Renee EBO - Ludhiana 3,Renee EBO,EBO,Ludhiana,Punjab,North,SKU0014,Lumina Lipstick C,Lumina,Makeup,Lipstick,Top 25,Active,1729,41,53,,17,34909,BGR North,29,29,,50
2026-01,OUT0043,Renee EBO - Ludhiana 3,Renee EBO,EBO,Ludhiana,Punjab,North,SKU0015,Blush & Co Mascara A,Blush & Co,Makeup,Mascara,Top 25,Active,1219,32,34,,8,9328,BGR North,10,10,,51
2026-01,OUT0043,Renee EBO - Ludhiana 3,Renee EBO,EBO,Ludhiana,Punjab,North,SKU0017,Lumina Mascara C,Lumina,Makeup,Mascara,Top 10,Active,529,11,16,,12,7619,BGR North,25,17,,51
2026-01,OUT0043,Renee EBO - Ludhiana 3,Renee EBO,EBO,Ludhiana,Punjab,North,SKU0018,Northline Eyeliner A,Northline,Makeup,Eyeliner,Others,Active,1959,7,0,,0,0,BGR North,1,1,,53
2026-01,OUT0043,Renee EBO - Ludhiana 3,Renee EBO,EBO,Ludhiana,Punjab,North,SKU0020,Lumina Shampoo A,Lumina,Haircare,Shampoo,Top 10,Active,509,170,171,,17,9708,BGR North,20,18,,35
2026-01,OUT0043,Renee EBO - Ludhiana 3,Renee EBO,EBO,Ludhiana,Punjab,North,SKU0022,Northline Conditioner A,Northline,Haircare,Conditioner,Others,Active,779,13,17,,2,1780,BGR North,7,6,,38
2026-01,OUT0043,Renee EBO - Ludhiana 3,Renee EBO,EBO,Ludhiana,Punjab,North,SKU0027,Lumina EDP B,Lumina,Fragrance,EDP,Top 10,Active,529,150,160,,10,6457,BGR North,20,20,,55
2026-01,OUT0043,Renee EBO - Ludhiana 3,Renee EBO,EBO,Ludhiana,Punjab,North,SKU0029,Blush & Co EDT B,Blush & Co,Fragrance,EDT,Top 25,Active,479,39,41,,0,0,BGR North,3,2,,52
2026-01,OUT0043,Renee EBO - Ludhiana 3,Renee EBO,EBO,Ludhiana,Punjab,North,SKU0030,Blush & Co EDT C,Blush & Co,Fragrance,EDT,Others,Active,779,12,17,,3,2171,BGR North,8,8,,58
2026-01,OUT0043,Renee EBO - Ludhiana 3,Renee EBO,EBO,Ludhiana,Punjab,North,SKU0032,Northline Body Mist B,Northline,Fragrance,Body Mist,Others,Inactive,2229,14,15,,3,7636,BGR North,6,4,,56
2026-01,OUT0043,Renee EBO - Ludhiana 3,Renee EBO,EBO,Ludhiana,Punjab,North,SKU0033,Northline Body Lotion A,Northline,Bath & Body,Body Lotion,Top 10,Active,1239,14,24,,20,25181,BGR North,32,30,,39
2026-01,OUT0043,Renee EBO - Ludhiana 3,Renee EBO,EBO,Ludhiana,Punjab,North,SKU0036,Northline Body Wash B,Northline,Bath & Body,Body Wash,Others,Active,1179,0,0,,1,1196,BGR North,2,1,,39
2026-01,OUT0043,Renee EBO - Ludhiana 3,Renee EBO,EBO,Ludhiana,Punjab,North,SKU0037,Verde Body Wash C,Verde,Bath & Body,Body Wash,Top 25,Active,2239,54,59,,4,8714,BGR North,10,9,,41
2026-01,OUT0043,Renee EBO - Ludhiana 3,Renee EBO,EBO,Ludhiana,Punjab,North,SKU0038,Blush & Co Hand Cream A,Blush & Co,Bath & Body,Hand Cream,Others,Active,489,19,22,,2,1196,BGR North,5,5,,42
2026-01,OUT0043,Renee EBO - Ludhiana 3,Renee EBO,EBO,Ludhiana,Punjab,North,SKU0039,Northline Hand Cream B,Northline,Bath & Body,Hand Cream,Others,Active,1189,9,0,,4,5978,BGR North,10,9,,42
2026-01,OUT0044,Renee EBO - Chandigarh 4,Renee EBO,EBO,Chandigarh,Punjab,North,SKU0002,Verde Moisturizer B,Verde,Skincare,Moisturizer,Top 10,Active,1179,16,14,,15,15939,BGR North,19,13,,46
2026-01,OUT0044,Renee EBO - Chandigarh 4,Renee EBO,EBO,Chandigarh,Punjab,North,SKU0003,Verde Serum A,Verde,Skincare,Serum,Top 25,Active,2419,36,39,,9,21380,BGR North,13,12,,46
2026-01,OUT0044,Renee EBO - Chandigarh 4,Renee EBO,EBO,Chandigarh,Punjab,North,SKU0005,Northline Serum C,Northline,Skincare,Serum,Others,Inactive,1819,7,9,,0,0,BGR North,2,2,,47
2026-01,OUT0044,Renee EBO - Chandigarh 4,Renee EBO,EBO,Chandigarh,Punjab,North,SKU0006,Blush & Co Cleanser A,Blush & Co,Skincare,Cleanser,Top 10,Active,289,78,76,,25,9031,BGR North,25,23,,45
2026-01,OUT0044,Renee EBO - Chandigarh 4,Renee EBO,EBO,Chandigarh,Punjab,North,SKU0010,Blush & Co Foundation A,Blush & Co,Makeup,Foundation,Others,Active,1419,12,0,,2,3221,BGR North,2,2,,48
2026-01,OUT0044,Renee EBO - Chandigarh 4,Renee EBO,EBO,Chandigarh,Punjab,North,SKU0011,Lumina Foundation B,Lumina,Makeup,Foundation,Top 10,Inactive,1889,26,32,,12,28266,BGR North,26,18,,53
2026-01,OUT0044,Renee EBO - Chandigarh 4,Renee EBO,EBO,Chandigarh,Punjab,North,SKU0015,Blush & Co Mascara A,Blush & Co,Makeup,Mascara,Top 25,Active,1219,4,6,,10,10944,BGR North,14,12,,48
2026-01,OUT0044,Renee EBO - Chandigarh 4,Renee EBO,EBO,Chandigarh,Punjab,North,SKU0016,Verde Mascara B,Verde,Makeup,Mascara,Top 25,Active,199,16,16,,4,909,BGR North,4,4,,47
2026-01,OUT0044,Renee EBO - Chandigarh 4,Renee EBO,EBO,Chandigarh,Punjab,North,SKU0017,Lumina Mascara C,Lumina,Makeup,Mascara,Top 10,Active,529,60,0,,9,4831,BGR North,16,16,,53
2026-01,OUT0044,Renee EBO - Chandigarh 4,Renee EBO,EBO,Chandigarh,Punjab,North,SKU0019,Northline Eyeliner B,Northline,Makeup,Eyeliner,Others,Active,1889,13,12,,2,3686,BGR North,6,4,,50
2026-01,OUT0044,Renee EBO - Chandigarh 4,Renee EBO,EBO,Chandigarh,Punjab,North,SKU0020,Lumina Shampoo A,Lumina,Haircare,Shampoo,Top 10,Active,509,117,124,,12,7405,BGR North,19,19,,34
2026-01,OUT0044,Renee EBO - Chandigarh 4,Renee EBO,EBO,Chandigarh,Punjab,North,SKU0021,Verde Shampoo B,Verde,Haircare,Shampoo,Others,Active,1319,0,0,,2,2790,BGR North,4,2,,32
2026-01,OUT0044,Renee EBO - Chandigarh 4,Renee EBO,EBO,Chandigarh,Punjab,North,SKU0022,Northline Conditioner A,Northline,Haircare,Conditioner,Others,Active,779,0,4,,1,901,BGR North,7,5,,33
2026-01,OUT0044,Renee EBO - Chandigarh 4,Renee EBO,EBO,Chandigarh,Punjab,North,SKU0023,Northline Conditioner B,Northline,Haircare,Conditioner,Others,Active,379,14,17,,0,0,BGR North,4,3,,36
2026-01,OUT0044,Renee EBO - Chandigarh 4,Renee EBO,EBO,Chandigarh,Punjab,North,SKU0027,Lumina EDP B,Lumina,Fragrance,EDP,Top 10,Active,529,55,60,,10,5213,BGR North,16,15,,52
2026-01,OUT0044,Renee EBO - Chandigarh 4,Renee EBO,EBO,Chandigarh,Punjab,North,SKU0028,Northline EDT A,Northline,Fragrance,EDT,Top 25,Active,1109,8,6,,9,11943,BGR North,9,7,,56
2026-01,OUT0044,Renee EBO - Chandigarh 4,Renee EBO,EBO,Chandigarh,Punjab,North,SKU0029,Blush & Co EDT B,Blush & Co,Fragrance,EDT,Top 25,Active,479,11,11,,5,2348,BGR North,6,5,,53
2026-01,OUT0044,Renee EBO - Chandigarh 4,Renee EBO,EBO,Chandigarh,Punjab,North,SKU0031,Lumina Body Mist A,Lumina,Fragrance,Body Mist,Top 25,Active,2119,55,55,,9,17814,BGR North,11,9,,55
2026-01,OUT0044,Renee EBO - Chandigarh 4,Renee EBO,EBO,Chandigarh,Punjab,North,SKU0033,Northline Body Lotion A,Northline,Bath & Body,Body Lotion,Top 10,Active,1239,43,58,,9,10600,BGR North,12,12,,42
2026-01,OUT0044,Renee EBO - Chandigarh 4,Renee EBO,EBO,Chandigarh,Punjab,North,SKU0034,Northline Body Lotion B,Northline,Bath & Body,Body Lotion,Top 25,Active,989,33,41,,9,7991,BGR North,17,17,,41
2026-01,OUT0044,Renee EBO - Chandigarh 4,Renee EBO,EBO,Chandigarh,Punjab,North,SKU0037,Verde Body Wash C,Verde,Bath & Body,Body Wash,Top 25,Active,2239,25,23,,7,18818,BGR North,8,5,,42
2026-01,OUT0044,Renee EBO - Chandigarh 4,Renee EBO,EBO,Chandigarh,Punjab,North,SKU0038,Blush & Co Hand Cream A,Blush & Co,Bath & Body,Hand Cream,Others,Active,489,20,0,,1,441,BGR North,4,4,,42
2026-01,OUT0045,Renee EBO - Mysore 5,Renee EBO,EBO,Mysore,Karnataka,South,SKU0002,Verde Moisturizer B,Verde,Skincare,Moisturizer,Top 10,Active,1179,79,85,,7,8420,BGR South,13,13,,43
2026-01,OUT0045,Renee EBO - Mysore 5,Renee EBO,EBO,Mysore,Karnataka,South,SKU0003,Verde Serum A,Verde,Skincare,Serum,Top 25,Active,2419,67,74,,8,20858,BGR South,17,15,,46
2026-01,OUT0045,Renee EBO - Mysore 5,Renee EBO,EBO,Mysore,Karnataka,South,SKU0005,Northline Serum C,Northline,Skincare,Serum,Others,Inactive,1819,15,15,,1,2264,BGR South,2,1,,46
2026-01,OUT0045,Renee EBO - Mysore 5,Renee EBO,EBO,Mysore,Karnataka,South,SKU0006,Blush & Co Cleanser A,Blush & Co,Skincare,Cleanser,Top 10,Active,289,100,124,,25,8244,BGR South,49,49,,47
2026-01,OUT0045,Renee EBO - Mysore 5,Renee EBO,EBO,Mysore,Karnataka,South,SKU0011,Lumina Foundation B,Lumina,Makeup,Foundation,Top 10,Inactive,1889,136,139,,11,20369,BGR South,15,14,,47
2026-01,OUT0045,Renee EBO - Mysore 5,Renee EBO,EBO,Mysore,Karnataka,South,SKU0014,Lumina Lipstick C,Lumina,Makeup,Lipstick,Top 25,Active,1729,3,0,,6,10733,BGR South,10,8,,52
2026-01,OUT0045,Renee EBO - Mysore 5,Renee EBO,EBO,Mysore,Karnataka,South,SKU0015,Blush & Co Mascara A,Blush & Co,Makeup,Mascara,Top 25,Active,1219,30,35,,6,7183,BGR South,14,11,,49
2026-01,OUT0045,Renee EBO - Mysore 5,Renee EBO,EBO,Mysore,Karnataka,South,SKU0017,Lumina Mascara C,Lumina,Makeup,Mascara,Top 10,Active,529,25,0,,11,6116,BGR South,15,14,,51
2026-01,OUT0045,Renee EBO - Mysore 5,Renee EBO,EBO,Mysore,Karnataka,South,SKU0019,Northline Eyeliner B,Northline,Makeup,Eyeliner,Others,Active,1889,17,19,,3,6449,BGR South,7,5,,47
2026-01,OUT0045,Renee EBO - Mysore 5,Renee EBO,EBO,Mysore,Karnataka,South,SKU0020,Lumina Shampoo A,Lumina,Haircare,Shampoo,Top 10,Active,509,0,0,,17,8685,BGR South,33,31,,38
2026-01,OUT0045,Renee EBO - Mysore 5,Renee EBO,EBO,Mysore,Karnataka,South,SKU0023,Northline Conditioner B,Northline,Haircare,Conditioner,Others,Active,379,0,0,,0,0,BGR South,1,0,,38
2026-01,OUT0045,Renee EBO - Mysore 5,Renee EBO,EBO,Mysore,Karnataka,South,SKU0027,Lumina EDP B,Lumina,Fragrance,EDP,Top 10,Active,529,58,72,,24,13203,BGR South,38,38,,56
2026-01,OUT0045,Renee EBO - Mysore 5,Renee EBO,EBO,Mysore,Karnataka,South,SKU0028,Northline EDT A,Northline,Fragrance,EDT,Top 25,Active,1109,39,47,,14,16692,BGR South,28,22,,54
2026-01,OUT0045,Renee EBO - Mysore 5,Renee EBO,EBO,Mysore,Karnataka,South,SKU0029,Blush & Co EDT B,Blush & Co,Fragrance,EDT,Top 25,Active,479,18,19,,5,2752,BGR South,6,6,,54
2026-01,OUT0045,Renee EBO - Mysore 5,Renee EBO,EBO,Mysore,Karnataka,South,SKU0033,Northline Body Lotion A,Northline,Bath & Body,Body Lotion,Top 10,Active,1239,68,79,,15,21421,BGR South,26,26,,42
2026-01,OUT0045,Renee EBO - Mysore 5,Renee EBO,EBO,Mysore,Karnataka,South,SKU0034,Northline Body Lotion B,Northline,Bath & Body,Body Lotion,Top 25,Active,989,16,12,,9,10370,BGR South,8,5,,43
2026-01,OUT0045,Renee EBO - Mysore 5,Renee EBO,EBO,Mysore,Karnataka,South,SKU0035,Northline Body Wash A,Northline,Bath & Body,Body Wash,Others,Active,469,20,24,,1,427,BGR South,5,5,,38
2026-01,OUT0045,Renee EBO - Mysore 5,Renee EBO,EBO,Mysore,Karnataka,South,SKU0039,Northline Hand Cream B,Northline,Bath & Body,Hand Cream,Others,Active,1189,19,21,,2,2655,BGR South,4,4,,37
2026-01,OUT0046,Renee EBO - Lucknow 6,Renee EBO,EBO,Lucknow,UP,North,SKU0001,Blush & Co Moisturizer A,Blush & Co,Skincare,Moisturizer,Others,Active,2319,3,3,,0,0,BGR North,1,0,,44
2026-01,OUT0046,Renee EBO - Lucknow 6,Renee EBO,EBO,Lucknow,UP,North,SKU0004,Northline Serum B,Northline,Skincare,Serum,Top 25,Active,2489,23,24,,1,2719,BGR North,3,2,,46
2026-01,OUT0046,Renee EBO - Lucknow 6,Renee EBO,EBO,Lucknow,UP,North,SKU0005,Northline Serum C,Northline,Skincare,Serum,Others,Inactive,1819,3,3,,0,0,BGR North,0,0,,47
2026-01,OUT0046,Renee EBO - Lucknow 6,Renee EBO,EBO,Lucknow,UP,North,SKU0006,Blush & Co Cleanser A,Blush & Co,Skincare,Cleanser,Top 10,Active,289,48,51,,8,2576,BGR North,14,11,,47
2026-01,OUT0046,Renee EBO - Lucknow 6,Renee EBO,EBO,Lucknow,UP,North,SKU0008,Lumina Sunscreen A,Lumina,Skincare,Sunscreen,Others,Active,1599,4,7,,0,0,BGR North,4,3,,47
2026-01,OUT0046,Renee EBO - Lucknow 6,Renee EBO,EBO,Lucknow,UP,North,SKU0009,Blush & Co Sunscreen B,Blush & Co,Skincare,Sunscreen,Others,Inactive,1629,13,15,,1,1668,BGR North,3,3,,42
2026-01,OUT0046,Renee EBO - Lucknow 6,Renee EBO,EBO,Lucknow,UP,North,SKU0011,Lumina Foundation B,Lumina,Makeup,Foundation,Top 10,Inactive,1889,45,46,,4,8297,BGR North,7,5,,48
2026-01,OUT0046,Renee EBO - Lucknow 6,Renee EBO,EBO,Lucknow,UP,North,SKU0012,Northline Lipstick A,Northline,Makeup,Lipstick,Others,Active,2429,5,7,,0,0,BGR North,3,2,,50
2026-01,OUT0046,Renee EBO - Lucknow 6,Renee EBO,EBO,Lucknow,UP,North,SKU0013,Northline Lipstick B,Northline,Makeup,Lipstick,Others,Active,2469,11,15,,0,0,BGR North,4,4,,47
2026-01,OUT0046,Renee EBO - Lucknow 6,Renee EBO,EBO,Lucknow,UP,North,SKU0014,Lumina Lipstick C,Lumina,Makeup,Lipstick,Top 25,Active,1729,36,39,,2,4310,BGR North,6,5,,51
2026-01,OUT0046,Renee EBO - Lucknow 6,Renee EBO,EBO,Lucknow,UP,North,SKU0015,Blush & Co Mascara A,Blush & Co,Makeup,Mascara,Top 25,Active,1219,12,18,,2,2976,BGR North,8,8,,49
2026-01,OUT0046,Renee EBO - Lucknow 6,Renee EBO,EBO,Lucknow,UP,North,SKU0016,Verde Mascara B,Verde,Makeup,Mascara,Top 25,Active,199,10,12,,4,880,BGR North,7,6,,50
2026-01,OUT0046,Renee EBO - Lucknow 6,Renee EBO,EBO,Lucknow,UP,North,SKU0017,Lumina Mascara C,Lumina,Makeup,Mascara,Top 10,Active,529,47,50,,5,3328,BGR North,9,8,,47
2026-01,OUT0046,Renee EBO - Lucknow 6,Renee EBO,EBO,Lucknow,UP,North,SKU0018,Northline Eyeliner A,Northline,Makeup,Eyeliner,Others,Active,1959,11,12,,0,0,BGR North,2,1,,50
2026-01,OUT0046,Renee EBO - Lucknow 6,Renee EBO,EBO,Lucknow,UP,North,SKU0020,Lumina Shampoo A,Lumina,Haircare,Shampoo,Top 10,Active,509,0,0,,7,3437,BGR North,6,6,,35
2026-01,OUT0046,Renee EBO - Lucknow 6,Renee EBO,EBO,Lucknow,UP,North,SKU0022,Northline Conditioner A,Northline,Haircare,Conditioner,Others,Active,779,27,27,,0,0,BGR North,0,0,,34
2026-01,OUT0046,Renee EBO - Lucknow 6,Renee EBO,EBO,Lucknow,UP,North,SKU0027,Lumina EDP B,Lumina,Fragrance,EDP,Top 10,Active,529,0,0,,8,4081,BGR North,9,6,,52
2026-01,OUT0046,Renee EBO - Lucknow 6,Renee EBO,EBO,Lucknow,UP,North,SKU0028,Northline EDT A,Northline,Fragrance,EDT,Top 25,Active,1109,27,51,,6,7987,BGR North,7,7,,52
2026-01,OUT0046,Renee EBO - Lucknow 6,Renee EBO,EBO,Lucknow,UP,North,SKU0029,Blush & Co EDT B,Blush & Co,Fragrance,EDT,Top 25,Active,479,5,9,,3,1534,BGR North,7,7,,57
2026-01,OUT0046,Renee EBO - Lucknow 6,Renee EBO,EBO,Lucknow,UP,North,SKU0030,Blush & Co EDT C,Blush & Co,Fragrance,EDT,Others,Active,779,7,9,,1,729,BGR North,3,3,,55
2026-01,OUT0046,Renee EBO - Lucknow 6,Renee EBO,EBO,Lucknow,UP,North,SKU0031,Lumina Body Mist A,Lumina,Fragrance,Body Mist,Top 25,Active,2119,32,32,,3,6069,BGR North,4,3,,52
2026-01,OUT0046,Renee EBO - Lucknow 6,Renee EBO,EBO,Lucknow,UP,North,SKU0033,Northline Body Lotion A,Northline,Bath & Body,Body Lotion,Top 10,Active,1239,36,0,,9,11875,BGR North,9,9,,43
2026-01,OUT0046,Renee EBO - Lucknow 6,Renee EBO,EBO,Lucknow,UP,North,SKU0034,Northline Body Lotion B,Northline,Bath & Body,Body Lotion,Top 25,Active,989,23,24,,3,3420,BGR North,6,4,,38
2026-01,OUT0046,Renee EBO - Lucknow 6,Renee EBO,EBO,Lucknow,UP,North,SKU0037,Verde Body Wash C,Verde,Bath & Body,Body Wash,Top 25,Active,2239,5,8,,1,2266,BGR North,5,4,,42
2026-01,OUT0046,Renee EBO - Lucknow 6,Renee EBO,EBO,Lucknow,UP,North,SKU0038,Blush & Co Hand Cream A,Blush & Co,Bath & Body,Hand Cream,Others,Active,489,2,3,,1,608,BGR North,2,2,,38
2026-01,OUT0047,Renee EBO - Ahmedabad 7,Renee EBO,EBO,Ahmedabad,Gujarat,West,SKU0001,Blush & Co Moisturizer A,Blush & Co,Skincare,Moisturizer,Others,Active,2319,15,16,,1,2710,BGR West,3,2,,42
2026-01,OUT0047,Renee EBO - Ahmedabad 7,Renee EBO,EBO,Ahmedabad,Gujarat,West,SKU0002,Verde Moisturizer B,Verde,Skincare,Moisturizer,Top 10,Active,1179,31,35,,13,17235,BGR West,22,17,,42
2026-01,OUT0047,Renee EBO - Ahmedabad 7,Renee EBO,EBO,Ahmedabad,Gujarat,West,SKU0003,Verde Serum A,Verde,Skincare,Serum,Top 25,Active,2419,47,59,,8,17302,BGR West,20,20,,45
2026-01,OUT0047,Renee EBO - Ahmedabad 7,Renee EBO,EBO,Ahmedabad,Gujarat,West,SKU0005,Northline Serum C,Northline,Skincare,Serum,Others,Inactive,1819,13,14,,1,1789,BGR West,2,2,,48
2026-01,OUT0047,Renee EBO - Ahmedabad 7,Renee EBO,EBO,Ahmedabad,Gujarat,West,SKU0006,Blush & Co Cleanser A,Blush & Co,Skincare,Cleanser,Top 10,Active,289,97,113,,19,5029,BGR West,35,35,,48
2026-01,OUT0047,Renee EBO - Ahmedabad 7,Renee EBO,EBO,Ahmedabad,Gujarat,West,SKU0007,Northline Cleanser B,Northline,Skincare,Cleanser,Others,Active,1809,17,19,,1,1818,BGR West,3,3,,47
2026-01,OUT0047,Renee EBO - Ahmedabad 7,Renee EBO,EBO,Ahmedabad,Gujarat,West,SKU0009,Blush & Co Sunscreen B,Blush & Co,Skincare,Sunscreen,Others,Inactive,1629,19,22,,2,3521,BGR West,5,5,,48
2026-01,OUT0047,Renee EBO - Ahmedabad 7,Renee EBO,EBO,Ahmedabad,Gujarat,West,SKU0010,Blush & Co Foundation A,Blush & Co,Makeup,Foundation,Others,Active,1419,0,5,,2,2838,BGR West,8,7,,49
2026-01,OUT0047,Renee EBO - Ahmedabad 7,Renee EBO,EBO,Ahmedabad,Gujarat,West,SKU0011,Lumina Foundation B,Lumina,Makeup,Foundation,Top 10,Inactive,1889,56,58,,14,31566,BGR West,16,16,,52
2026-01,OUT0047,Renee EBO - Ahmedabad 7,Renee EBO,EBO,Ahmedabad,Gujarat,West,SKU0012,Northline Lipstick A,Northline,Makeup,Lipstick,Others,Active,2429,12,14,,1,2791,BGR West,4,3,,51
2026-01,OUT0047,Renee EBO - Ahmedabad 7,Renee EBO,EBO,Ahmedabad,Gujarat,West,SKU0014,Lumina Lipstick C,Lumina,Makeup,Lipstick,Top 25,Active,1729,0,0,,7,12228,BGR West,6,4,,50
2026-01,OUT0047,Renee EBO - Ahmedabad 7,Renee EBO,EBO,Ahmedabad,Gujarat,West,SKU0015,Blush & Co Mascara A,Blush & Co,Makeup,Mascara,Top 25,Active,1219,5,7,,8,10062,BGR West,12,10,,50
2026-01,OUT0047,Renee EBO - Ahmedabad 7,Renee EBO,EBO,Ahmedabad,Gujarat,West,SKU0017,Lumina Mascara C,Lumina,Makeup,Mascara,Top 10,Active,529,19,20,,10,5688,BGR West,14,11,,49
2026-01,OUT0047,Renee EBO - Ahmedabad 7,Renee EBO,EBO,Ahmedabad,Gujarat,West,SKU0019,Northline Eyeliner B,Northline,Makeup,Eyeliner,Others,Active,1889,23,23,,2,4642,BGR West,3,2,,52
2026-01,OUT0047,Renee EBO - Ahmedabad 7,Renee EBO,EBO,Ahmedabad,Gujarat,West,SKU0020,Lumina Shampoo A,Lumina,Haircare,Shampoo,Top 10,Active,509,15,14,,11,5349,BGR West,15,10,,38
2026-01,OUT0047,Renee EBO - Ahmedabad 7,Renee EBO,EBO,Ahmedabad,Gujarat,West,SKU0021,Verde Shampoo B,Verde,Haircare,Shampoo,Others,Active,1319,25,25,,1,1196,BGR West,2,1,,33
2026-01,OUT0047,Renee EBO - Ahmedabad 7,Renee EBO,EBO,Ahmedabad,Gujarat,West,SKU0027,Lumina EDP B,Lumina,Fragrance,EDP,Top 10,Active,529,126,128,,1,612,BGR West,4,3,,55
2026-01,OUT0047,Renee EBO - Ahmedabad 7,Renee EBO,EBO,Ahmedabad,Gujarat,West,SKU0028,Northline EDT A,Northline,Fragrance,EDT,Top 25,Active,1109,55,56,,6,6920,BGR West,8,7,,55
2026-01,OUT0047,Renee EBO - Ahmedabad 7,Renee EBO,EBO,Ahmedabad,Gujarat,West,SKU0029,Blush & Co EDT B,Blush & Co,Fragrance,EDT,Top 25,Active,479,32,38,,6,3482,BGR West,13,12,,55
2026-01,OUT0047,Renee EBO - Ahmedabad 7,Renee EBO,EBO,Ahmedabad,Gujarat,West,SKU0031,Lumina Body Mist A,Lumina,Fragrance,Body Mist,Top 25,Active,2119,27,34,,6,15790,BGR West,14,13,,52
2026-01,OUT0047,Renee EBO - Ahmedabad 7,Renee EBO,EBO,Ahmedabad,Gujarat,West,SKU0033,Northline Body Lotion A,Northline,Bath & Body,Body Lotion,Top 10,Active,1239,104,125,,27,34150,BGR West,51,48,,41
2026-01,OUT0047,Renee EBO - Ahmedabad 7,Renee EBO,EBO,Ahmedabad,Gujarat,West,SKU0034,Northline Body Lotion B,Northline,Bath & Body,Body Lotion,Top 25,Active,989,89,64,,10,12446,BGR West,18,18,,39
2026-01,OUT0047,Renee EBO - Ahmedabad 7,Renee EBO,EBO,Ahmedabad,Gujarat,West,SKU0036,Northline Body Wash B,Northline,Bath & Body,Body Wash,Others,Active,1179,1,0,,1,1327,BGR West,1,0,,42
2026-01,OUT0047,Renee EBO - Ahmedabad 7,Renee EBO,EBO,Ahmedabad,Gujarat,West,SKU0037,Verde Body Wash C,Verde,Bath & Body,Body Wash,Top 25,Active,2239,31,33,,4,9379,BGR West,7,6,,39
2026-01,OUT0047,Renee EBO - Ahmedabad 7,Renee EBO,EBO,Ahmedabad,Gujarat,West,SKU0038,Blush & Co Hand Cream A,Blush & Co,Bath & Body,Hand Cream,Others,Active,489,4,5,,4,1763,BGR West,5,5,,43
2026-01,OUT0047,Renee EBO - Ahmedabad 7,Renee EBO,EBO,Ahmedabad,Gujarat,West,SKU0039,Northline Hand Cream B,Northline,Bath & Body,Hand Cream,Others,Active,1189,2,1,,3,4110,BGR West,4,2,,39
2026-01,OUT0048,Renee EBO - Bhubaneswar 8,Renee EBO,EBO,Bhubaneswar,Odisha,East,SKU0002,Verde Moisturizer B,Verde,Skincare,Moisturizer,Top 10,Active,1179,6,0,,13,18709,BGR East,30,21,,45
2026-01,OUT0048,Renee EBO - Bhubaneswar 8,Renee EBO,EBO,Bhubaneswar,Odisha,East,SKU0004,Northline Serum B,Northline,Skincare,Serum,Top 25,Active,2489,36,37,,2,5893,BGR East,4,3,,48
2026-01,OUT0048,Renee EBO - Bhubaneswar 8,Renee EBO,EBO,Bhubaneswar,Odisha,East,SKU0005,Northline Serum C,Northline,Skincare,Serum,Others,Inactive,1819,17,0,,0,0,BGR East,2,1,,42
2026-01,OUT0048,Renee EBO - Bhubaneswar 8,Renee EBO,EBO,Bhubaneswar,Odisha,East,SKU0006,Blush & Co Cleanser A,Blush & Co,Skincare,Cleanser,Top 10,Active,289,111,122,,18,5743,BGR East,29,29,,42
2026-01,OUT0048,Renee EBO - Bhubaneswar 8,Renee EBO,EBO,Bhubaneswar,Odisha,East,SKU0007,Northline Cleanser B,Northline,Skincare,Cleanser,Others,Active,1809,20,20,,1,1825,BGR East,1,1,,43
2026-01,OUT0048,Renee EBO - Bhubaneswar 8,Renee EBO,EBO,Bhubaneswar,Odisha,East,SKU0009,Blush & Co Sunscreen B,Blush & Co,Skincare,Sunscreen,Others,Inactive,1629,17,19,,2,3500,BGR East,5,4,,42
2026-01,OUT0048,Renee EBO - Bhubaneswar 8,Renee EBO,EBO,Bhubaneswar,Odisha,East,SKU0011,Lumina Foundation B,Lumina,Makeup,Foundation,Top 10,Inactive,1889,64,68,,8,17044,BGR East,12,12,,51
2026-01,OUT0048,Renee EBO - Bhubaneswar 8,Renee EBO,EBO,Bhubaneswar,Odisha,East,SKU0012,Northline Lipstick A,Northline,Makeup,Lipstick,Others,Active,2429,18,19,,0,0,BGR East,2,1,,49
2026-01,OUT0048,Renee EBO - Bhubaneswar 8,Renee EBO,EBO,Bhubaneswar,Odisha,East,SKU0013,Northline Lipstick B,Northline,Makeup,Lipstick,Others,Active,2469,19,21,,0,0,BGR East,2,2,,52
2026-01,OUT0048,Renee EBO - Bhubaneswar 8,Renee EBO,EBO,Bhubaneswar,Odisha,East,SKU0016,Verde Mascara B,Verde,Makeup,Mascara,Top 25,Active,199,81,81,,6,1349,BGR East,6,6,,49
2026-01,OUT0048,Renee EBO - Bhubaneswar 8,Renee EBO,EBO,Bhubaneswar,Odisha,East,SKU0017,Lumina Mascara C,Lumina,Makeup,Mascara,Top 10,Active,529,46,103,,12,5899,BGR East,15,15,,50
2026-01,OUT0048,Renee EBO - Bhubaneswar 8,Renee EBO,EBO,Bhubaneswar,Odisha,East,SKU0018,Northline Eyeliner A,Northline,Makeup,Eyeliner,Others,Active,1959,1,1,,0,0,BGR East,1,0,,52
2026-01,OUT0048,Renee EBO - Bhubaneswar 8,Renee EBO,EBO,Bhubaneswar,Odisha,East,SKU0022,Northline Conditioner A,Northline,Haircare,Conditioner,Others,Active,779,0,1,,1,714,BGR East,2,2,,33
2026-01,OUT0048,Renee EBO - Bhubaneswar 8,Renee EBO,EBO,Bhubaneswar,Odisha,East,SKU0023,Northline Conditioner B,Northline,Haircare,Conditioner,Others,Active,379,7,8,,0,0,BGR East,1,1,,37
2026-01,OUT0048,Renee EBO - Bhubaneswar 8,Renee EBO,EBO,Bhubaneswar,Odisha,East,SKU0028,Northline EDT A,Northline,Fragrance,EDT,Top 25,Active,1109,92,93,,9,10765,BGR East,10,10,,55
2026-01,OUT0048,Renee EBO - Bhubaneswar 8,Renee EBO,EBO,Bhubaneswar,Odisha,East,SKU0029,Blush & Co EDT B,Blush & Co,Fragrance,EDT,Top 25,Active,479,49,46,,8,4800,BGR East,7,5,,53
2026-01,OUT0048,Renee EBO - Bhubaneswar 8,Renee EBO,EBO,Bhubaneswar,Odisha,East,SKU0030,Blush & Co EDT C,Blush & Co,Fragrance,EDT,Others,Active,779,29,31,,3,2543,BGR East,5,5,,53
2026-01,OUT0048,Renee EBO - Bhubaneswar 8,Renee EBO,EBO,Bhubaneswar,Odisha,East,SKU0031,Lumina Body Mist A,Lumina,Fragrance,Body Mist,Top 25,Active,2119,49,48,,8,16404,BGR East,8,7,,55
2026-01,OUT0048,Renee EBO - Bhubaneswar 8,Renee EBO,EBO,Bhubaneswar,Odisha,East,SKU0032,Northline Body Mist B,Northline,Fragrance,Body Mist,Others,Inactive,2229,14,16,,2,4304,BGR East,4,4,,52
2026-01,OUT0048,Renee EBO - Bhubaneswar 8,Renee EBO,EBO,Bhubaneswar,Odisha,East,SKU0033,Northline Body Lotion A,Northline,Bath & Body,Body Lotion,Top 10,Active,1239,141,142,,20,27640,BGR East,31,21,,39
2026-01,OUT0048,Renee EBO - Bhubaneswar 8,Renee EBO,EBO,Bhubaneswar,Odisha,East,SKU0034,Northline Body Lotion B,Northline,Bath & Body,Body Lotion,Top 25,Active,989,48,50,,8,8432,BGR East,10,10,,40
2026-01,OUT0048,Renee EBO - Bhubaneswar 8,Renee EBO,EBO,Bhubaneswar,Odisha,East,SKU0037,Verde Body Wash C,Verde,Bath & Body,Body Wash,Top 25,Active,2239,27,32,,3,7871,BGR East,8,8,,42
2026-01,OUT0048,Renee EBO - Bhubaneswar 8,Renee EBO,EBO,Bhubaneswar,Odisha,East,SKU0038,Blush & Co Hand Cream A,Blush & Co,Bath & Body,Hand Cream,Others,Active,489,5,6,,2,1028,BGR East,4,3,,42
2026-01,OUT0048,Renee EBO - Bhubaneswar 8,Renee EBO,EBO,Bhubaneswar,Odisha,East,SKU0039,Northline Hand Cream B,Northline,Bath & Body,Hand Cream,Others,Active,1189,3,5,,3,3859,BGR East,7,5,,37
2026-01,OUT0049,Renee EBO - Lucknow 9,Renee EBO,EBO,Lucknow,UP,North,SKU0001,Blush & Co Moisturizer A,Blush & Co,Skincare,Moisturizer,Others,Active,2319,15,15,,1,2264,BGR North,2,1,,45
2026-01,OUT0049,Renee EBO - Lucknow 9,Renee EBO,EBO,Lucknow,UP,North,SKU0002,Verde Moisturizer B,Verde,Skincare,Moisturizer,Top 10,Active,1179,75,74,,11,15858,BGR North,12,10,,44
2026-01,OUT0049,Renee EBO - Lucknow 9,Renee EBO,EBO,Lucknow,UP,North,SKU0004,Northline Serum B,Northline,Skincare,Serum,Top 25,Active,2489,1,0,,6,13580,BGR North,11,9,,46
2026-01,OUT0049,Renee EBO - Lucknow 9,Renee EBO,EBO,Lucknow,UP,North,SKU0005,Northline Serum C,Northline,Skincare,Serum,Others,Inactive,1819,22,24,,1,2181,BGR North,3,3,,47
2026-01,OUT0049,Renee EBO - Lucknow 9,Renee EBO,EBO,Lucknow,UP,North,SKU0006,Blush & Co Cleanser A,Blush & Co,Skincare,Cleanser,Top 10,Active,289,75,97,,28,9562,BGR North,50,50,,43
2026-01,OUT0049,Renee EBO - Lucknow 9,Renee EBO,EBO,Lucknow,UP,North,SKU0007,Northline Cleanser B,Northline,Skincare,Cleanser,Others,Active,1809,22,25,,3,5582,BGR North,8,6,,43
2026-01,OUT0049,Renee EBO - Lucknow 9,Renee EBO,EBO,Lucknow,UP,North,SKU0010,Blush & Co Foundation A,Blush & Co,Makeup,Foundation,Others,Active,1419,22,24,,2,3063,BGR North,4,4,,50
2026-01,OUT0049,Renee EBO - Lucknow 9,Renee EBO,EBO,Lucknow,UP,North,SKU0011,Lumina Foundation B,Lumina,Makeup,Foundation,Top 10,Inactive,1889,42,84,,12,22592,BGR North,19,15,,53
2026-01,OUT0049,Renee EBO - Lucknow 9,Renee EBO,EBO,Lucknow,UP,North,SKU0013,Northline Lipstick B,Northline,Makeup,Lipstick,Others,Active,2469,10,13,,0,0,BGR North,3,3,,49
2026-01,OUT0049,Renee EBO - Lucknow 9,Renee EBO,EBO,Lucknow,UP,North,SKU0014,Lumina Lipstick C,Lumina,Makeup,Lipstick,Top 25,Active,1729,27,30,,8,15697,BGR North,13,11,,50
2026-01,OUT0049,Renee EBO - Lucknow 9,Renee EBO,EBO,Lucknow,UP,North,SKU0015,Blush & Co Mascara A,Blush & Co,Makeup,Mascara,Top 25,Active,1219,20,33,,56,82215,BGR North,99,69,,53
2026-01,OUT0049,Renee EBO - Lucknow 9,Renee EBO,EBO,Lucknow,UP,North,SKU0016,Verde Mascara B,Verde,Makeup,Mascara,Top 25,Active,199,50,52,,8,1963,BGR North,11,10,,48
2026-01,OUT0049,Renee EBO - Lucknow 9,Renee EBO,EBO,Lucknow,UP,North,SKU0017,Lumina Mascara C,Lumina,Makeup,Mascara,Top 10,Active,529,85,86,,10,6070,BGR North,14,11,,53
2026-01,OUT0049,Renee EBO - Lucknow 9,Renee EBO,EBO,Lucknow,UP,North,SKU0020,Lumina Shampoo A,Lumina,Haircare,Shampoo,Top 10,Active,509,4,13,,13,6041,BGR North,22,22,,33
2026-01,OUT0049,Renee EBO - Lucknow 9,Renee EBO,EBO,Lucknow,UP,North,SKU0023,Northline Conditioner B,Northline,Haircare,Conditioner,Others,Active,379,7,9,,0,0,BGR North,3,2,,38
2026-01,OUT0049,Renee EBO - Lucknow 9,Renee EBO,EBO,Lucknow,UP,North,SKU0027,Lumina EDP B,Lumina,Fragrance,EDP,Top 10,Active,529,0,0,,27,16093,BGR North,24,24,,57
2026-01,OUT0049,Renee EBO - Lucknow 9,Renee EBO,EBO,Lucknow,UP,North,SKU0028,Northline EDT A,Northline,Fragrance,EDT,Top 25,Active,1109,0,8,,9,11192,BGR North,18,17,,57
2026-01,OUT0049,Renee EBO - Lucknow 9,Renee EBO,EBO,Lucknow,UP,North,SKU0029,Blush & Co EDT B,Blush & Co,Fragrance,EDT,Top 25,Active,479,3,4,,6,3513,BGR North,7,7,,53
2026-01,OUT0049,Renee EBO - Lucknow 9,Renee EBO,EBO,Lucknow,UP,North,SKU0031,Lumina Body Mist A,Lumina,Fragrance,Body Mist,Top 25,Active,2119,63,69,,12,30200,BGR North,26,18,,52
2026-01,OUT0049,Renee EBO - Lucknow 9,Renee EBO,EBO,Lucknow,UP,North,SKU0032,Northline Body Mist B,Northline,Fragrance,Body Mist,Others,Inactive,2229,24,25,,4,9472,BGR North,8,5,,56
2026-01,OUT0049,Renee EBO - Lucknow 9,Renee EBO,EBO,Lucknow,UP,North,SKU0033,Northline Body Lotion A,Northline,Bath & Body,Body Lotion,Top 10,Active,1239,54,134,,22,27891,BGR North,21,21,,38
2026-01,OUT0049,Renee EBO - Lucknow 9,Renee EBO,EBO,Lucknow,UP,North,SKU0034,Northline Body Lotion B,Northline,Bath & Body,Body Lotion,Top 25,Active,989,2,4,,9,8397,BGR North,11,11,,42
2026-01,OUT0049,Renee EBO - Lucknow 9,Renee EBO,EBO,Lucknow,UP,North,SKU0035,Northline Body Wash A,Northline,Bath & Body,Body Wash,Others,Active,469,8,9,,2,1068,BGR North,4,3,,41
2026-01,OUT0049,Renee EBO - Lucknow 9,Renee EBO,EBO,Lucknow,UP,North,SKU0036,Northline Body Wash B,Northline,Bath & Body,Body Wash,Others,Active,1179,15,16,,0,0,BGR North,2,1,,42
2026-01,OUT0049,Renee EBO - Lucknow 9,Renee EBO,EBO,Lucknow,UP,North,SKU0037,Verde Body Wash C,Verde,Bath & Body,Body Wash,Top 25,Active,2239,18,19,,5,12999,BGR North,7,6,,43
2026-01,OUT0049,Renee EBO - Lucknow 9,Renee EBO,EBO,Lucknow,UP,North,SKU0038,Blush & Co Hand Cream A,Blush & Co,Bath & Body,Hand Cream,Others,Active,489,0,6,,4,2071,BGR North,10,10,,37
2026-01,OUT0050,Renee EBO - Kolkata 10,Renee EBO,EBO,Kolkata,West Bengal,East,SKU0002,Verde Moisturizer B,Verde,Skincare,Moisturizer,Top 10,Active,1179,0,0,,7,7896,BGR East,9,6,,42
2026-01,OUT0050,Renee EBO - Kolkata 10,Renee EBO,EBO,Kolkata,West Bengal,East,SKU0004,Northline Serum B,Northline,Skincare,Serum,Top 25,Active,2489,19,21,,1,2572,BGR East,4,3,,45
2026-01,OUT0050,Renee EBO - Kolkata 10,Renee EBO,EBO,Kolkata,West Bengal,East,SKU0006,Blush & Co Cleanser A,Blush & Co,Skincare,Cleanser,Top 10,Active,289,59,58,,10,3549,BGR East,11,9,,45
2026-01,OUT0050,Renee EBO - Kolkata 10,Renee EBO,EBO,Kolkata,West Bengal,East,SKU0007,Northline Cleanser B,Northline,Skincare,Cleanser,Others,Active,1809,16,17,,0,0,BGR East,2,1,,45
2026-01,OUT0050,Renee EBO - Kolkata 10,Renee EBO,EBO,Kolkata,West Bengal,East,SKU0011,Lumina Foundation B,Lumina,Makeup,Foundation,Top 10,Inactive,1889,12,11,,3,6336,BGR East,3,2,,47
2026-01,OUT0050,Renee EBO - Kolkata 10,Renee EBO,EBO,Kolkata,West Bengal,East,SKU0012,Northline Lipstick A,Northline,Makeup,Lipstick,Others,Active,2429,0,1,,0,0,BGR East,2,1,,48
2026-01,OUT0050,Renee EBO - Kolkata 10,Renee EBO,EBO,Kolkata,West Bengal,East,SKU0013,Northline Lipstick B,Northline,Makeup,Lipstick,Others,Active,2469,2,4,,0,0,BGR East,3,2,,53
2026-01,OUT0050,Renee EBO - Kolkata 10,Renee EBO,EBO,Kolkata,West Bengal,East,SKU0014,Lumina Lipstick C,Lumina,Makeup,Lipstick,Top 25,Active,1729,24,26,,3,5098,BGR East,5,5,,49
2026-01,OUT0050,Renee EBO - Kolkata 10,Renee EBO,EBO,Kolkata,West Bengal,East,SKU0015,Blush & Co Mascara A,Blush & Co,Makeup,Mascara,Top 25,Active,1219,39,43,,3,4447,BGR East,8,7,,53
2026-01,OUT0050,Renee EBO - Kolkata 10,Renee EBO,EBO,Kolkata,West Bengal,East,SKU0017,Lumina Mascara C,Lumina,Makeup,Mascara,Top 10,Active,529,26,29,,3,1915,BGR East,7,6,,47
2026-01,OUT0050,Renee EBO - Kolkata 10,Renee EBO,EBO,Kolkata,West Bengal,East,SKU0019,Northline Eyeliner B,Northline,Makeup,Eyeliner,Others,Active,1889,17,20,,0,0,BGR East,4,3,,48
2026-01,OUT0050,Renee EBO - Kolkata 10,Renee EBO,EBO,Kolkata,West Bengal,East,SKU0020,Lumina Shampoo A,Lumina,Haircare,Shampoo,Top 10,Active,509,22,22,,4,2559,BGR East,6,4,,38
2026-01,OUT0050,Renee EBO - Kolkata 10,Renee EBO,EBO,Kolkata,West Bengal,East,SKU0022,Northline Conditioner A,Northline,Haircare,Conditioner,Others,Active,779,0,4,,0,0,BGR East,5,4,,37
2026-01,OUT0050,Renee EBO - Kolkata 10,Renee EBO,EBO,Kolkata,West Bengal,East,SKU0027,Lumina EDP B,Lumina,Fragrance,EDP,Top 10,Active,529,25,0,,5,2968,BGR East,8,5,,54
2026-01,OUT0050,Renee EBO - Kolkata 10,Renee EBO,EBO,Kolkata,West Bengal,East,SKU0028,Northline EDT A,Northline,Fragrance,EDT,Top 25,Active,1109,26,29,,3,3666,BGR East,7,6,,55
2026-01,OUT0050,Renee EBO - Kolkata 10,Renee EBO,EBO,Kolkata,West Bengal,East,SKU0029,Blush & Co EDT B,Blush & Co,Fragrance,EDT,Top 25,Active,479,18,19,,1,545,BGR East,2,2,,54
2026-01,OUT0050,Renee EBO - Kolkata 10,Renee EBO,EBO,Kolkata,West Bengal,East,SKU0031,Lumina Body Mist A,Lumina,Fragrance,Body Mist,Top 25,Active,2119,3,4,,2,4738,BGR East,4,3,,57
2026-01,OUT0050,Renee EBO - Kolkata 10,Renee EBO,EBO,Kolkata,West Bengal,East,SKU0033,Northline Body Lotion A,Northline,Bath & Body,Body Lotion,Top 10,Active,1239,50,53,,6,9151,BGR East,12,9,,39
2026-01,OUT0050,Renee EBO - Kolkata 10,Renee EBO,EBO,Kolkata,West Bengal,East,SKU0035,Northline Body Wash A,Northline,Bath & Body,Body Wash,Others,Active,469,13,15,,0,0,BGR East,4,2,,41
2026-01,OUT0050,Renee EBO - Kolkata 10,Renee EBO,EBO,Kolkata,West Bengal,East,SKU0037,Verde Body Wash C,Verde,Bath & Body,Body Wash,Top 25,Active,2239,1,2,,1,2353,BGR East,2,2,,40
2026-01,OUT0051,Renee EBO - Surat 11,Renee EBO,EBO,Surat,Gujarat,West,SKU0003,Verde Serum A,Verde,Skincare,Serum,Top 25,Active,2419,22,27,,13,32443,BGR West,19,18,,42
2026-01,OUT0051,Renee EBO - Surat 11,Renee EBO,EBO,Surat,Gujarat,West,SKU0004,Northline Serum B,Northline,Skincare,Serum,Top 25,Active,2489,38,40,,4,9349,BGR West,9,6,,44
2026-01,OUT0051,Renee EBO - Surat 11,Renee EBO,EBO,Surat,Gujarat,West,SKU0006,Blush & Co Cleanser A,Blush & Co,Skincare,Cleanser,Top 10,Active,289,61,58,,23,6083,BGR West,22,20,,43
2026-01,OUT0051,Renee EBO - Surat 11,Renee EBO,EBO,Surat,Gujarat,West,SKU0008,Lumina Sunscreen A,Lumina,Skincare,Sunscreen,Others,Active,1599,12,11,,1,1689,BGR West,1,0,,45
2026-01,OUT0051,Renee EBO - Surat 11,Renee EBO,EBO,Surat,Gujarat,West,SKU0009,Blush & Co Sunscreen B,Blush & Co,Skincare,Sunscreen,Others,Inactive,1629,34,38,,2,3702,BGR West,6,6,,45
2026-01,OUT0051,Renee EBO - Surat 11,Renee EBO,EBO,Surat,Gujarat,West,SKU0010,Blush & Co Foundation A,Blush & Co,Makeup,Foundation,Others,Active,1419,22,23,,3,5100,BGR West,4,4,,52
2026-01,OUT0051,Renee EBO - Surat 11,Renee EBO,EBO,Surat,Gujarat,West,SKU0011,Lumina Foundation B,Lumina,Makeup,Foundation,Top 10,Inactive,1889,208,209,,13,27053,BGR West,21,14,,52
2026-01,OUT0051,Renee EBO - Surat 11,Renee EBO,EBO,Surat,Gujarat,West,SKU0013,Northline Lipstick B,Northline,Makeup,Lipstick,Others,Active,2469,10,11,,0,0,BGR West,2,1,,49
2026-01,OUT0051,Renee EBO - Surat 11,Renee EBO,EBO,Surat,Gujarat,West,SKU0014,Lumina Lipstick C,Lumina,Makeup,Lipstick,Top 25,Active,1729,25,35,,11,19074,BGR West,24,21,,50
2026-01,OUT0051,Renee EBO - Surat 11,Renee EBO,EBO,Surat,Gujarat,West,SKU0015,Blush & Co Mascara A,Blush & Co,Makeup,Mascara,Top 25,Active,1219,14,16,,16,24099,BGR West,26,18,,50
2026-01,OUT0051,Renee EBO - Surat 11,Renee EBO,EBO,Surat,Gujarat,West,SKU0016,Verde Mascara B,Verde,Makeup,Mascara,Top 25,Active,199,6,8,,5,991,BGR West,7,7,,53
2026-01,OUT0051,Renee EBO - Surat 11,Renee EBO,EBO,Surat,Gujarat,West,SKU0018,Northline Eyeliner A,Northline,Makeup,Eyeliner,Others,Active,1959,3,4,,0,0,BGR West,2,1,,50
2026-01,OUT0051,Renee EBO - Surat 11,Renee EBO,EBO,Surat,Gujarat,West,SKU0019,Northline Eyeliner B,Northline,Makeup,Eyeliner,Others,Active,1889,9,15,,2,4223,BGR West,8,8,,48
2026-01,OUT0051,Renee EBO - Surat 11,Renee EBO,EBO,Surat,Gujarat,West,SKU0020,Lumina Shampoo A,Lumina,Haircare,Shampoo,Top 10,Active,509,66,69,,19,8780,BGR West,28,22,,35
2026-01,OUT0051,Renee EBO - Surat 11,Renee EBO,EBO,Surat,Gujarat,West,SKU0022,Northline Conditioner A,Northline,Haircare,Conditioner,Others,Active,779,0,1,,2,1707,BGR West,5,3,,32
2026-01,OUT0051,Renee EBO - Surat 11,Renee EBO,EBO,Surat,Gujarat,West,SKU0027,Lumina EDP B,Lumina,Fragrance,EDP,Top 10,Active,529,109,117,,17,10666,BGR West,25,25,,52
2026-01,OUT0051,Renee EBO - Surat 11,Renee EBO,EBO,Surat,Gujarat,West,SKU0028,Northline EDT A,Northline,Fragrance,EDT,Top 25,Active,1109,81,85,,12,13073,BGR West,16,16,,55
2026-01,OUT0051,Renee EBO - Surat 11,Renee EBO,EBO,Surat,Gujarat,West,SKU0031,Lumina Body Mist A,Lumina,Fragrance,Body Mist,Top 25,Active,2119,18,28,,12,30160,BGR West,25,22,,52
2026-01,OUT0051,Renee EBO - Surat 11,Renee EBO,EBO,Surat,Gujarat,West,SKU0032,Northline Body Mist B,Northline,Fragrance,Body Mist,Others,Inactive,2229,25,25,,5,12485,BGR West,7,5,,58
2026-01,OUT0051,Renee EBO - Surat 11,Renee EBO,EBO,Surat,Gujarat,West,SKU0033,Northline Body Lotion A,Northline,Bath & Body,Body Lotion,Top 10,Active,1239,0,0,,17,19478,BGR West,23,16,,43
2026-01,OUT0051,Renee EBO - Surat 11,Renee EBO,EBO,Surat,Gujarat,West,SKU0034,Northline Body Lotion B,Northline,Bath & Body,Body Lotion,Top 25,Active,989,64,67,,9,9583,BGR West,18,12,,42
2026-01,OUT0051,Renee EBO - Surat 11,Renee EBO,EBO,Surat,Gujarat,West,SKU0037,Verde Body Wash C,Verde,Bath & Body,Body Wash,Top 25,Active,2239,26,28,,3,6338,BGR West,7,5,,41
2026-01,OUT0051,Renee EBO - Surat 11,Renee EBO,EBO,Surat,Gujarat,West,SKU0038,Blush & Co Hand Cream A,Blush & Co,Bath & Body,Hand Cream,Others,Active,489,0,2,,2,945,BGR West,5,4,,37
2026-01,OUT0052,Airport Retail Co - Coimbatore 1,Airport Retail Co,Airport,Coimbatore,Tamil Nadu,South,SKU0001,Blush & Co Moisturizer A,Blush & Co,Skincare,Moisturizer,Others,Active,2319,23,23,,2,4477,BGR South,4,2,,43
2026-01,OUT0052,Airport Retail Co - Coimbatore 1,Airport Retail Co,Airport,Coimbatore,Tamil Nadu,South,SKU0002,Verde Moisturizer B,Verde,Skincare,Moisturizer,Top 10,Active,1179,35,35,,14,15147,BGR South,18,14,,47
2026-01,OUT0052,Airport Retail Co - Coimbatore 1,Airport Retail Co,Airport,Coimbatore,Tamil Nadu,South,SKU0003,Verde Serum A,Verde,Skincare,Serum,Top 25,Active,2419,119,122,,11,28448,BGR South,21,14,,42
2026-01,OUT0052,Airport Retail Co - Coimbatore 1,Airport Retail Co,Airport,Coimbatore,Tamil Nadu,South,SKU0004,Northline Serum B,Northline,Skincare,Serum,Top 25,Active,2489,10,13,,5,14281,BGR South,10,8,,45
2026-01,OUT0052,Airport Retail Co - Coimbatore 1,Airport Retail Co,Airport,Coimbatore,Tamil Nadu,South,SKU0005,Northline Serum C,Northline,Skincare,Serum,Others,Inactive,1819,15,16,,1,2015,BGR South,3,2,,45
2026-01,OUT0052,Airport Retail Co - Coimbatore 1,Airport Retail Co,Airport,Coimbatore,Tamil Nadu,South,SKU0006,Blush & Co Cleanser A,Blush & Co,Skincare,Cleanser,Top 10,Active,289,108,119,,18,4896,BGR South,29,29,,48
2026-01,OUT0052,Airport Retail Co - Coimbatore 1,Airport Retail Co,Airport,Coimbatore,Tamil Nadu,South,SKU0007,Northline Cleanser B,Northline,Skincare,Cleanser,Others,Active,1809,10,10,,2,3745,BGR South,3,2,,42
2026-01,OUT0052,Airport Retail Co - Coimbatore 1,Airport Retail Co,Airport,Coimbatore,Tamil Nadu,South,SKU0008,Lumina Sunscreen A,Lumina,Skincare,Sunscreen,Others,Active,1599,4,6,,1,1876,BGR South,4,3,,43
2026-01,OUT0052,Airport Retail Co - Coimbatore 1,Airport Retail Co,Airport,Coimbatore,Tamil Nadu,South,SKU0010,Blush & Co Foundation A,Blush & Co,Makeup,Foundation,Others,Active,1419,24,26,,2,2610,BGR South,7,4,,51
2026-01,OUT0052,Airport Retail Co - Coimbatore 1,Airport Retail Co,Airport,Coimbatore,Tamil Nadu,South,SKU0012,Northline Lipstick A,Northline,Makeup,Lipstick,Others,Active,2429,11,13,,1,2917,BGR South,4,3,,51
2026-01,OUT0052,Airport Retail Co - Coimbatore 1,Airport Retail Co,Airport,Coimbatore,Tamil Nadu,South,SKU0014,Lumina Lipstick C,Lumina,Makeup,Lipstick,Top 25,Active,1729,45,51,,6,10507,BGR South,12,12,,49
2026-01,OUT0052,Airport Retail Co - Coimbatore 1,Airport Retail Co,Airport,Coimbatore,Tamil Nadu,South,SKU0015,Blush & Co Mascara A,Blush & Co,Makeup,Mascara,Top 25,Active,1219,0,2,,30,33162,BGR South,40,32,,51
2026-01,OUT0052,Airport Retail Co - Coimbatore 1,Airport Retail Co,Airport,Coimbatore,Tamil Nadu,South,SKU0016,Verde Mascara B,Verde,Makeup,Mascara,Top 25,Active,199,12,20,,12,2156,BGR South,20,20,,47
2026-01,OUT0052,Airport Retail Co - Coimbatore 1,Airport Retail Co,Airport,Coimbatore,Tamil Nadu,South,SKU0017,Lumina Mascara C,Lumina,Makeup,Mascara,Top 10,Active,529,85,92,,11,5230,BGR South,18,18,,49
2026-01,OUT0052,Airport Retail Co - Coimbatore 1,Airport Retail Co,Airport,Coimbatore,Tamil Nadu,South,SKU0020,Lumina Shampoo A,Lumina,Haircare,Shampoo,Top 10,Active,509,4,58,,7,3861,BGR South,13,9,,37
2026-01,OUT0052,Airport Retail Co - Coimbatore 1,Airport Retail Co,Airport,Coimbatore,Tamil Nadu,South,SKU0023,Northline Conditioner B,Northline,Haircare,Conditioner,Others,Active,379,10,14,,0,0,BGR South,4,4,,33
2026-01,OUT0052,Airport Retail Co - Coimbatore 1,Airport Retail Co,Airport,Coimbatore,Tamil Nadu,South,SKU0027,Lumina EDP B,Lumina,Fragrance,EDP,Top 10,Active,529,66,68,,14,9021,BGR South,17,16,,57
2026-01,OUT0052,Airport Retail Co - Coimbatore 1,Airport Retail Co,Airport,Coimbatore,Tamil Nadu,South,SKU0028,Northline EDT A,Northline,Fragrance,EDT,Top 25,Active,1109,31,30,,10,12111,BGR South,11,9,,54
2026-01,OUT0052,Airport Retail Co - Coimbatore 1,Airport Retail Co,Airport,Coimbatore,Tamil Nadu,South,SKU0030,Blush & Co EDT C,Blush & Co,Fragrance,EDT,Others,Active,779,23,24,,3,2302,BGR South,6,4,,54
2026-01,OUT0052,Airport Retail Co - Coimbatore 1,Airport Retail Co,Airport,Coimbatore,Tamil Nadu,South,SKU0031,Lumina Body Mist A,Lumina,Fragrance,Body Mist,Top 25,Active,2119,93,0,,9,20305,BGR South,9,7,,52
2026-01,OUT0052,Airport Retail Co - Coimbatore 1,Airport Retail Co,Airport,Coimbatore,Tamil Nadu,South,SKU0032,Northline Body Mist B,Northline,Fragrance,Body Mist,Others,Inactive,2229,20,23,,2,5374,BGR South,5,5,,57
2026-01,OUT0052,Airport Retail Co - Coimbatore 1,Airport Retail Co,Airport,Coimbatore,Tamil Nadu,South,SKU0033,Northline Body Lotion A,Northline,Bath & Body,Body Lotion,Top 10,Active,1239,0,0,,13,17971,BGR South,12,9,,39
2026-01,OUT0052,Airport Retail Co - Coimbatore 1,Airport Retail Co,Airport,Coimbatore,Tamil Nadu,South,SKU0034,Northline Body Lotion B,Northline,Bath & Body,Body Lotion,Top 25,Active,989,25,27,,8,9753,BGR South,10,10,,38
2026-01,OUT0052,Airport Retail Co - Coimbatore 1,Airport Retail Co,Airport,Coimbatore,Tamil Nadu,South,SKU0037,Verde Body Wash C,Verde,Bath & Body,Body Wash,Top 25,Active,2239,38,41,,4,11141,BGR South,11,7,,40
2026-01,OUT0053,Airport Retail Co - Mumbai 2,Airport Retail Co,Airport,Mumbai,Maharashtra,West,SKU0002,Verde Moisturizer B,Verde,Skincare,Moisturizer,Top 10,Active,1179,19,21,,21,22740,BGR West,23,23,,48
2026-01,OUT0053,Airport Retail Co - Mumbai 2,Airport Retail Co,Airport,Mumbai,Maharashtra,West,SKU0003,Verde Serum A,Verde,Skincare,Serum,Top 25,Active,2419,105,110,,10,24027,BGR West,15,15,,42
2026-01,OUT0053,Airport Retail Co - Mumbai 2,Airport Retail Co,Airport,Mumbai,Maharashtra,West,SKU0006,Blush & Co Cleanser A,Blush & Co,Skincare,Cleanser,Top 10,Active,289,238,256,,21,5959,BGR West,44,39,,45
2026-01,OUT0053,Airport Retail Co - Mumbai 2,Airport Retail Co,Airport,Mumbai,Maharashtra,West,SKU0008,Lumina Sunscreen A,Lumina,Skincare,Sunscreen,Others,Active,1599,19,21,,1,1619,BGR West,3,3,,45
2026-01,OUT0053,Airport Retail Co - Mumbai 2,Airport Retail Co,Airport,Mumbai,Maharashtra,West,SKU0009,Blush & Co Sunscreen B,Blush & Co,Skincare,Sunscreen,Others,Inactive,1629,31,33,,2,3090,BGR West,5,4,,47
2026-01,OUT0053,Airport Retail Co - Mumbai 2,Airport Retail Co,Airport,Mumbai,Maharashtra,West,SKU0011,Lumina Foundation B,Lumina,Makeup,Foundation,Top 10,Inactive,1889,100,99,,13,22066,BGR West,15,12,,52
2026-01,OUT0053,Airport Retail Co - Mumbai 2,Airport Retail Co,Airport,Mumbai,Maharashtra,West,SKU0014,Lumina Lipstick C,Lumina,Makeup,Lipstick,Top 25,Active,1729,15,15,,9,16511,BGR West,10,9,,53
2026-01,OUT0053,Airport Retail Co - Mumbai 2,Airport Retail Co,Airport,Mumbai,Maharashtra,West,SKU0015,Blush & Co Mascara A,Blush & Co,Makeup,Mascara,Top 25,Active,1219,68,74,,7,7633,BGR West,19,13,,53
2026-01,OUT0053,Airport Retail Co - Mumbai 2,Airport Retail Co,Airport,Mumbai,Maharashtra,West,SKU0017,Lumina Mascara C,Lumina,Makeup,Mascara,Top 10,Active,529,0,2,,12,7877,BGR West,15,14,,50
2026-01,OUT0053,Airport Retail Co - Mumbai 2,Airport Retail Co,Airport,Mumbai,Maharashtra,West,SKU0018,Northline Eyeliner A,Northline,Makeup,Eyeliner,Others,Active,1959,22,24,,1,1886,BGR West,4,3,,49
2026-01,OUT0053,Airport Retail Co - Mumbai 2,Airport Retail Co,Airport,Mumbai,Maharashtra,West,SKU0019,Northline Eyeliner B,Northline,Makeup,Eyeliner,Others,Active,1889,24,27,,1,2064,BGR West,4,4,,49
2026-01,OUT0053,Airport Retail Co - Mumbai 2,Airport Retail Co,Airport,Mumbai,Maharashtra,West,SKU0020,Lumina Shampoo A,Lumina,Haircare,Shampoo,Top 10,Active,509,78,79,,17,8959,BGR West,19,18,,35
2026-01,OUT0053,Airport Retail Co - Mumbai 2,Airport Retail Co,Airport,Mumbai,Maharashtra,West,SKU0021,Verde Shampoo B,Verde,Haircare,Shampoo,Others,Active,1319,0,5,,4,5752,BGR West,10,9,,33
2026-01,OUT0053,Airport Retail Co - Mumbai 2,Airport Retail Co,Airport,Mumbai,Maharashtra,West,SKU0027,Lumina EDP B,Lumina,Fragrance,EDP,Top 10,Active,529,43,0,,16,9287,BGR West,31,21,,58
2026-01,OUT0053,Airport Retail Co - Mumbai 2,Airport Retail Co,Airport,Mumbai,Maharashtra,West,SKU0028,Northline EDT A,Northline,Fragrance,EDT,Top 25,Active,1109,30,31,,17,21080,BGR West,23,18,,57
2026-01,OUT0053,Airport Retail Co - Mumbai 2,Airport Retail Co,Airport,Mumbai,Maharashtra,West,SKU0030,Blush & Co EDT C,Blush & Co,Fragrance,EDT,Others,Active,779,25,26,,5,4022,BGR West,9,6,,56
2026-01,OUT0053,Airport Retail Co - Mumbai 2,Airport Retail Co,Airport,Mumbai,Maharashtra,West,SKU0031,Lumina Body Mist A,Lumina,Fragrance,Body Mist,Top 25,Active,2119,12,0,,7,16920,BGR West,9,9,,52
2026-01,OUT0053,Airport Retail Co - Mumbai 2,Airport Retail Co,Airport,Mumbai,Maharashtra,West,SKU0033,Northline Body Lotion A,Northline,Bath & Body,Body Lotion,Top 10,Active,1239,115,128,,15,21638,BGR West,28,28,,37
2026-01,OUT0053,Airport Retail Co - Mumbai 2,Airport Retail Co,Airport,Mumbai,Maharashtra,West,SKU0034,Northline Body Lotion B,Northline,Bath & Body,Body Lotion,Top 25,Active,989,56,66,,12,11070,BGR West,25,22,,38
2026-01,OUT0053,Airport Retail Co - Mumbai 2,Airport Retail Co,Airport,Mumbai,Maharashtra,West,SKU0037,Verde Body Wash C,Verde,Bath & Body,Body Wash,Top 25,Active,2239,15,17,,6,13062,BGR West,11,8,,40
2026-01,OUT0053,Airport Retail Co - Mumbai 2,Airport Retail Co,Airport,Mumbai,Maharashtra,West,SKU0038,Blush & Co Hand Cream A,Blush & Co,Bath & Body,Hand Cream,Others,Active,489,25,30,,2,1022,BGR West,8,7,,42
2026-01,OUT0053,Airport Retail Co - Mumbai 2,Airport Retail Co,Airport,Mumbai,Maharashtra,West,SKU0039,Northline Hand Cream B,Northline,Bath & Body,Hand Cream,Others,Active,1189,9,9,,2,2568,BGR West,3,2,,43
2026-01,OUT0054,Airport Retail Co - New Delhi 3,Airport Retail Co,Airport,New Delhi,Delhi,North,SKU0002,Verde Moisturizer B,Verde,Skincare,Moisturizer,Top 10,Active,1179,40,48,,8,8837,BGR North,18,16,,47
2026-01,OUT0054,Airport Retail Co - New Delhi 3,Airport Retail Co,Airport,New Delhi,Delhi,North,SKU0005,Northline Serum C,Northline,Skincare,Serum,Others,Inactive,1819,20,20,,0,0,BGR North,0,0,,43
2026-01,OUT0054,Airport Retail Co - New Delhi 3,Airport Retail Co,Airport,New Delhi,Delhi,North,SKU0006,Blush & Co Cleanser A,Blush & Co,Skincare,Cleanser,Top 10,Active,289,57,59,,1,344,BGR North,4,3,,45
2026-01,OUT0054,Airport Retail Co - New Delhi 3,Airport Retail Co,Airport,New Delhi,Delhi,North,SKU0007,Northline Cleanser B,Northline,Skincare,Cleanser,Others,Active,1809,19,20,,0,0,BGR North,2,1,,42
2026-01,OUT0054,Airport Retail Co - New Delhi 3,Airport Retail Co,Airport,New Delhi,Delhi,North,SKU0008,Lumina Sunscreen A,Lumina,Skincare,Sunscreen,Others,Active,1599,13,14,,0,0,BGR North,2,1,,46
2026-01,OUT0054,Airport Retail Co - New Delhi 3,Airport Retail Co,Airport,New Delhi,Delhi,North,SKU0010,Blush & Co Foundation A,Blush & Co,Makeup,Foundation,Others,Active,1419,12,13,,1,1733,BGR North,3,2,,49
2026-01,OUT0054,Airport Retail Co - New Delhi 3,Airport Retail Co,Airport,New Delhi,Delhi,North,SKU0011,Lumina Foundation B,Lumina,Makeup,Foundation,Top 10,Inactive,1889,38,41,,5,11776,BGR North,10,8,,53
2026-01,OUT0054,Airport Retail Co - New Delhi 3,Airport Retail Co,Airport,New Delhi,Delhi,North,SKU0013,Northline Lipstick B,Northline,Makeup,Lipstick,Others,Active,2469,17,17,,0,0,BGR North,0,0,,52
2026-01,OUT0054,Airport Retail Co - New Delhi 3,Airport Retail Co,Airport,New Delhi,Delhi,North,SKU0015,Blush & Co Mascara A,Blush & Co,Makeup,Mascara,Top 25,Active,1219,31,31,,2,2850,BGR North,3,2,,51
2026-01,OUT0054,Airport Retail Co - New Delhi 3,Airport Retail Co,Airport,New Delhi,Delhi,North,SKU0016,Verde Mascara B,Verde,Makeup,Mascara,Top 25,Active,199,20,25,,3,589,BGR North,8,8,,49
2026-01,OUT0054,Airport Retail Co - New Delhi 3,Airport Retail Co,Airport,New Delhi,Delhi,North,SKU0017,Lumina Mascara C,Lumina,Makeup,Mascara,Top 10,Active,529,65,68,,5,2751,BGR North,11,8,,53
2026-01,OUT0054,Airport Retail Co - New Delhi 3,Airport Retail Co,Airport,New Delhi,Delhi,North,SKU0020,Lumina Shampoo A,Lumina,Haircare,Shampoo,Top 10,Active,509,0,0,,4,1935,BGR North,6,4,,36
2026-01,OUT0054,Airport Retail Co - New Delhi 3,Airport Retail Co,Airport,New Delhi,Delhi,North,SKU0027,Lumina EDP B,Lumina,Fragrance,EDP,Top 10,Active,529,0,0,,6,3928,BGR North,15,10,,54
2026-01,OUT0054,Airport Retail Co - New Delhi 3,Airport Retail Co,Airport,New Delhi,Delhi,North,SKU0028,Northline EDT A,Northline,Fragrance,EDT,Top 25,Active,1109,30,33,,4,4081,BGR North,9,7,,52
2026-01,OUT0054,Airport Retail Co - New Delhi 3,Airport Retail Co,Airport,New Delhi,Delhi,North,SKU0029,Blush & Co EDT B,Blush & Co,Fragrance,EDT,Top 25,Active,479,37,41,,2,904,BGR North,6,6,,55
2026-01,OUT0054,Airport Retail Co - New Delhi 3,Airport Retail Co,Airport,New Delhi,Delhi,North,SKU0030,Blush & Co EDT C,Blush & Co,Fragrance,EDT,Others,Active,779,16,18,,1,953,BGR North,3,3,,57
2026-01,OUT0054,Airport Retail Co - New Delhi 3,Airport Retail Co,Airport,New Delhi,Delhi,North,SKU0033,Northline Body Lotion A,Northline,Bath & Body,Body Lotion,Top 10,Active,1239,43,41,,7,7954,BGR North,8,5,,39
2026-01,OUT0054,Airport Retail Co - New Delhi 3,Airport Retail Co,Airport,New Delhi,Delhi,North,SKU0034,Northline Body Lotion B,Northline,Bath & Body,Body Lotion,Top 25,Active,989,29,34,,3,2728,BGR North,8,8,,42
2026-01,OUT0054,Airport Retail Co - New Delhi 3,Airport Retail Co,Airport,New Delhi,Delhi,North,SKU0036,Northline Body Wash B,Northline,Bath & Body,Body Wash,Others,Active,1179,17,20,,0,0,BGR North,4,3,,39
2026-01,OUT0054,Airport Retail Co - New Delhi 3,Airport Retail Co,Airport,New Delhi,Delhi,North,SKU0037,Verde Body Wash C,Verde,Bath & Body,Body Wash,Top 25,Active,2239,15,16,,3,6067,BGR North,4,4,,37
2026-01,OUT0055,Airport Retail Co - Lucknow 4,Airport Retail Co,Airport,Lucknow,UP,North,SKU0001,Blush & Co Moisturizer A,Blush & Co,Skincare,Moisturizer,Others,Active,2319,10,10,,0,0,BGR North,0,0,,46
2026-01,OUT0055,Airport Retail Co - Lucknow 4,Airport Retail Co,Airport,Lucknow,UP,North,SKU0002,Verde Moisturizer B,Verde,Skincare,Moisturizer,Top 10,Active,1179,17,27,,10,11146,BGR North,20,20,,44
2026-01,OUT0055,Airport Retail Co - Lucknow 4,Airport Retail Co,Airport,Lucknow,UP,North,SKU0004,Northline Serum B,Northline,Skincare,Serum,Top 25,Active,2489,28,32,,3,8639,BGR North,8,7,,42
2026-01,OUT0055,Airport Retail Co - Lucknow 4,Airport Retail Co,Airport,Lucknow,UP,North,SKU0005,Northline Serum C,Northline,Skincare,Serum,Others,Inactive,1819,15,15,,0,0,BGR North,1,0,,45
2026-01,OUT0055,Airport Retail Co - Lucknow 4,Airport Retail Co,Airport,Lucknow,UP,North,SKU0006,Blush & Co Cleanser A,Blush & Co,Skincare,Cleanser,Top 10,Active,289,55,0,,17,4704,BGR North,21,19,,45
2026-01,OUT0055,Airport Retail Co - Lucknow 4,Airport Retail Co,Airport,Lucknow,UP,North,SKU0007,Northline Cleanser B,Northline,Skincare,Cleanser,Others,Active,1809,12,13,,0,0,BGR North,1,1,,45
2026-01,OUT0055,Airport Retail Co - Lucknow 4,Airport Retail Co,Airport,Lucknow,UP,North,SKU0013,Northline Lipstick B,Northline,Makeup,Lipstick,Others,Active,2469,9,11,,0,0,BGR North,3,2,,53
2026-01,OUT0055,Airport Retail Co - Lucknow 4,Airport Retail Co,Airport,Lucknow,UP,North,SKU0014,Lumina Lipstick C,Lumina,Makeup,Lipstick,Top 25,Active,1729,7,13,,4,7366,BGR North,13,10,,48
2026-01,OUT0055,Airport Retail Co - Lucknow 4,Airport Retail Co,Airport,Lucknow,UP,North,SKU0016,Verde Mascara B,Verde,Makeup,Mascara,Top 25,Active,199,31,36,,5,1023,BGR North,13,10,,51
2026-01,OUT0055,Airport Retail Co - Lucknow 4,Airport Retail Co,Airport,Lucknow,UP,North,SKU0017,Lumina Mascara C,Lumina,Makeup,Mascara,Top 10,Active,529,41,45,,7,3507,BGR North,11,11,,50
2026-01,OUT0055,Airport Retail Co - Lucknow 4,Airport Retail Co,Airport,Lucknow,UP,North,SKU0019,Northline Eyeliner B,Northline,Makeup,Eyeliner,Others,Active,1889,17,5,,1,1873,BGR North,3,3,,51
2026-01,OUT0055,Airport Retail Co - Lucknow 4,Airport Retail Co,Airport,Lucknow,UP,North,SKU0020,Lumina Shampoo A,Lumina,Haircare,Shampoo,Top 10,Active,509,23,21,,11,5804,BGR North,14,9,,33
2026-01,OUT0055,Airport Retail Co - Lucknow 4,Airport Retail Co,Airport,Lucknow,UP,North,SKU0021,Verde Shampoo B,Verde,Haircare,Shampoo,Others,Active,1319,16,17,,1,1509,BGR North,3,2,,32
2026-01,OUT0055,Airport Retail Co - Lucknow 4,Airport Retail Co,Airport,Lucknow,UP,North,SKU0022,Northline Conditioner A,Northline,Haircare,Conditioner,Others,Active,779,15,19,,1,958,BGR North,6,5,,34
2026-01,OUT0055,Airport Retail Co - Lucknow 4,Airport Retail Co,Airport,Lucknow,UP,North,SKU0027,Lumina EDP B,Lumina,Fragrance,EDP,Top 10,Active,529,7,11,,9,4306,BGR North,13,13,,56
2026-01,OUT0055,Airport Retail Co - Lucknow 4,Airport Retail Co,Airport,Lucknow,UP,North,SKU0028,Northline EDT A,Northline,Fragrance,EDT,Top 25,Active,1109,0,1,,4,4294,BGR North,7,5,,55
2026-01,OUT0055,Airport Retail Co - Lucknow 4,Airport Retail Co,Airport,Lucknow,UP,North,SKU0029,Blush & Co EDT B,Blush & Co,Fragrance,EDT,Top 25,Active,479,0,6,,3,1705,BGR North,9,9,,52
2026-01,OUT0055,Airport Retail Co - Lucknow 4,Airport Retail Co,Airport,Lucknow,UP,North,SKU0030,Blush & Co EDT C,Blush & Co,Fragrance,EDT,Others,Active,779,25,28,,2,1665,BGR North,6,5,,55
2026-01,OUT0055,Airport Retail Co - Lucknow 4,Airport Retail Co,Airport,Lucknow,UP,North,SKU0031,Lumina Body Mist A,Lumina,Fragrance,Body Mist,Top 25,Active,2119,55,54,,6,15295,BGR North,5,5,,55
2026-01,OUT0055,Airport Retail Co - Lucknow 4,Airport Retail Co,Airport,Lucknow,UP,North,SKU0033,Northline Body Lotion A,Northline,Bath & Body,Body Lotion,Top 10,Active,1239,112,118,,12,15294,BGR North,26,18,,42
2026-01,OUT0055,Airport Retail Co - Lucknow 4,Airport Retail Co,Airport,Lucknow,UP,North,SKU0034,Northline Body Lotion B,Northline,Bath & Body,Body Lotion,Top 25,Active,989,0,3,,6,7308,BGR North,10,9,,43
2026-01,OUT0055,Airport Retail Co - Lucknow 4,Airport Retail Co,Airport,Lucknow,UP,North,SKU0035,Northline Body Wash A,Northline,Bath & Body,Body Wash,Others,Active,469,15,16,,0,0,BGR North,2,1,,37
2026-01,OUT0055,Airport Retail Co - Lucknow 4,Airport Retail Co,Airport,Lucknow,UP,North,SKU0036,Northline Body Wash B,Northline,Bath & Body,Body Wash,Others,Active,1179,4,7,,0,0,BGR North,4,3,,37
2026-01,OUT0055,Airport Retail Co - Lucknow 4,Airport Retail Co,Airport,Lucknow,UP,North,SKU0037,Verde Body Wash C,Verde,Bath & Body,Body Wash,Top 25,Active,2239,35,38,,2,5569,BGR North,5,5,,39
2026-01,OUT0055,Airport Retail Co - Lucknow 4,Airport Retail Co,Airport,Lucknow,UP,North,SKU0038,Blush & Co Hand Cream A,Blush & Co,Bath & Body,Hand Cream,Others,Active,489,7,9,,1,607,BGR North,4,3,,43
2026-01,OUT0055,Airport Retail Co - Lucknow 4,Airport Retail Co,Airport,Lucknow,UP,North,SKU0039,Northline Hand Cream B,Northline,Bath & Body,Hand Cream,Others,Active,1189,16,16,,0,0,BGR North,1,0,,41
2026-01,OUT0056,Airport Retail Co - Kolkata 5,Airport Retail Co,Airport,Kolkata,West Bengal,East,SKU0001,Blush & Co Moisturizer A,Blush & Co,Skincare,Moisturizer,Others,Active,2319,8,10,,0,0,BGR East,4,2,,45
2026-01,OUT0056,Airport Retail Co - Kolkata 5,Airport Retail Co,Airport,Kolkata,West Bengal,East,SKU0002,Verde Moisturizer B,Verde,Skincare,Moisturizer,Top 10,Active,1179,24,28,,7,10020,BGR East,14,11,,47
2026-01,OUT0056,Airport Retail Co - Kolkata 5,Airport Retail Co,Airport,Kolkata,West Bengal,East,SKU0004,Northline Serum B,Northline,Skincare,Serum,Top 25,Active,2489,0,2,,2,4809,BGR East,7,4,,46
2026-01,OUT0056,Airport Retail Co - Kolkata 5,Airport Retail Co,Airport,Kolkata,West Bengal,East,SKU0005,Northline Serum C,Northline,Skincare,Serum,Others,Inactive,1819,20,20,,0,0,BGR East,1,0,,48
2026-01,OUT0056,Airport Retail Co - Kolkata 5,Airport Retail Co,Airport,Kolkata,West Bengal,East,SKU0006,Blush & Co Cleanser A,Blush & Co,Skincare,Cleanser,Top 10,Active,289,10,10,,9,2368,BGR East,13,9,,44
2026-01,OUT0056,Airport Retail Co - Kolkata 5,Airport Retail Co,Airport,Kolkata,West Bengal,East,SKU0008,Lumina Sunscreen A,Lumina,Skincare,Sunscreen,Others,Active,1599,14,16,,0,0,BGR East,3,2,,43
2026-01,OUT0056,Airport Retail Co - Kolkata 5,Airport Retail Co,Airport,Kolkata,West Bengal,East,SKU0011,Lumina Foundation B,Lumina,Makeup,Foundation,Top 10,Inactive,1889,49,51,,6,12188,BGR East,9,8,,50
2026-01,OUT0056,Airport Retail Co - Kolkata 5,Airport Retail Co,Airport,Kolkata,West Bengal,East,SKU0015,Blush & Co Mascara A,Blush & Co,Makeup,Mascara,Top 25,Active,1219,14,17,,3,3326,BGR East,9,6,,52
2026-01,OUT0056,Airport Retail Co - Kolkata 5,Airport Retail Co,Airport,Kolkata,West Bengal,East,SKU0017,Lumina Mascara C,Lumina,Makeup,Mascara,Top 10,Active,529,26,31,,4,1964,BGR East,9,9,,49
2026-01,OUT0056,Airport Retail Co - Kolkata 5,Airport Retail Co,Airport,Kolkata,West Bengal,East,SKU0018,Northline Eyeliner A,Northline,Makeup,Eyeliner,Others,Active,1959,10,11,,0,0,BGR East,2,1,,53
2026-01,OUT0056,Airport Retail Co - Kolkata 5,Airport Retail Co,Airport,Kolkata,West Bengal,East,SKU0019,Northline Eyeliner B,Northline,Makeup,Eyeliner,Others,Active,1889,18,22,,0,0,BGR East,4,4,,52
2026-01,OUT0056,Airport Retail Co - Kolkata 5,Airport Retail Co,Airport,Kolkata,West Bengal,East,SKU0020,Lumina Shampoo A,Lumina,Haircare,Shampoo,Top 10,Active,509,15,21,,6,2907,BGR East,12,12,,33
2026-01,OUT0056,Airport Retail Co - Kolkata 5,Airport Retail Co,Airport,Kolkata,West Bengal,East,SKU0021,Verde Shampoo B,Verde,Haircare,Shampoo,Others,Active,1319,20,20,,0,0,BGR East,1,0,,34
2026-01,OUT0056,Airport Retail Co - Kolkata 5,Airport Retail Co,Airport,Kolkata,West Bengal,East,SKU0022,Northline Conditioner A,Northline,Haircare,Conditioner,Others,Active,779,6,6,,0,0,BGR East,1,0,,34
2026-01,OUT0056,Airport Retail Co - Kolkata 5,Airport Retail Co,Airport,Kolkata,West Bengal,East,SKU0027,Lumina EDP B,Lumina,Fragrance,EDP,Top 10,Active,529,53,54,,7,4183,BGR East,9,8,,57
2026-01,OUT0056,Airport Retail Co - Kolkata 5,Airport Retail Co,Airport,Kolkata,West Bengal,East,SKU0028,Northline EDT A,Northline,Fragrance,EDT,Top 25,Active,1109,29,27,,4,4564,BGR East,4,2,,56
2026-01,OUT0056,Airport Retail Co - Kolkata 5,Airport Retail Co,Airport,Kolkata,West Bengal,East,SKU0030,Blush & Co EDT C,Blush & Co,Fragrance,EDT,Others,Active,779,15,14,,1,698,BGR East,1,0,,52
2026-01,OUT0056,Airport Retail Co - Kolkata 5,Airport Retail Co,Airport,Kolkata,West Bengal,East,SKU0031,Lumina Body Mist A,Lumina,Fragrance,Body Mist,Top 25,Active,2119,0,5,,3,6387,BGR East,9,8,,56
2026-01,OUT0056,Airport Retail Co - Kolkata 5,Airport Retail Co,Airport,Kolkata,West Bengal,East,SKU0032,Northline Body Mist B,Northline,Fragrance,Body Mist,Others,Inactive,2229,3,4,,1,2532,BGR East,3,2,,52
2026-01,OUT0056,Airport Retail Co - Kolkata 5,Airport Retail Co,Airport,Kolkata,West Bengal,East,SKU0033,Northline Body Lotion A,Northline,Bath & Body,Body Lotion,Top 10,Active,1239,49,50,,8,10204,BGR East,11,9,,42
2026-01,OUT0056,Airport Retail Co - Kolkata 5,Airport Retail Co,Airport,Kolkata,West Bengal,East,SKU0035,Northline Body Wash A,Northline,Bath & Body,Body Wash,Others,Active,469,21,24,,0,0,BGR East,5,3,,39
2026-01,OUT0056,Airport Retail Co - Kolkata 5,Airport Retail Co,Airport,Kolkata,West Bengal,East,SKU0037,Verde Body Wash C,Verde,Bath & Body,Body Wash,Top 25,Active,2239,21,24,,2,5101,BGR East,5,5,,40
2026-01,OUT0056,Airport Retail Co - Kolkata 5,Airport Retail Co,Airport,Kolkata,West Bengal,East,SKU0038,Blush & Co Hand Cream A,Blush & Co,Bath & Body,Hand Cream,Others,Active,489,21,22,,1,464,BGR East,3,2,,43
2026-01,OUT0057,Airport Retail Co - Noida 6,Airport Retail Co,Airport,Noida,UP,North,SKU0002,Verde Moisturizer B,Verde,Skincare,Moisturizer,Top 10,Active,1179,23,19,,11,12924,BGR North,10,7,,43
2026-01,OUT0057,Airport Retail Co - Noida 6,Airport Retail Co,Airport,Noida,UP,North,SKU0003,Verde Serum A,Verde,Skincare,Serum,Top 25,Active,2419,10,15,,8,23397,BGR North,15,13,,44
2026-01,OUT0057,Airport Retail Co - Noida 6,Airport Retail Co,Airport,Noida,UP,North,SKU0004,Northline Serum B,Northline,Skincare,Serum,Top 25,Active,2489,29,31,,5,14747,BGR North,11,7,,45
2026-01,OUT0057,Airport Retail Co - Noida 6,Airport Retail Co,Airport,Noida,UP,North,SKU0006,Blush & Co Cleanser A,Blush & Co,Skincare,Cleanser,Top 10,Active,289,23,20,,15,5217,BGR North,13,12,,45
2026-01,OUT0057,Airport Retail Co - Noida 6,Airport Retail Co,Airport,Noida,UP,North,SKU0009,Blush & Co Sunscreen B,Blush & Co,Skincare,Sunscreen,Others,Inactive,1629,22,26,,2,3623,BGR North,7,6,,45
2026-01,OUT0057,Airport Retail Co - Noida 6,Airport Retail Co,Airport,Noida,UP,North,SKU0011,Lumina Foundation B,Lumina,Makeup,Foundation,Top 10,Inactive,1889,14,30,,16,36455,BGR North,32,32,,52
2026-01,OUT0057,Airport Retail Co - Noida 6,Airport Retail Co,Airport,Noida,UP,North,SKU0012,Northline Lipstick A,Northline,Makeup,Lipstick,Others,Active,2429,3,3,,0,0,BGR North,0,0,,51
2026-01,OUT0057,Airport Retail Co - Noida 6,Airport Retail Co,Airport,Noida,UP,North,SKU0014,Lumina Lipstick C,Lumina,Makeup,Lipstick,Top 25,Active,1729,21,27,,7,12791,BGR North,15,13,,52
2026-01,OUT0057,Airport Retail Co - Noida 6,Airport Retail Co,Airport,Noida,UP,North,SKU0017,Lumina Mascara C,Lumina,Makeup,Mascara,Top 10,Active,529,15,0,,10,5369,BGR North,17,15,,51
2026-01,OUT0057,Airport Retail Co - Noida 6,Airport Retail Co,Airport,Noida,UP,North,SKU0019,Northline Eyeliner B,Northline,Makeup,Eyeliner,Others,Active,1889,14,17,,1,1874,BGR North,4,4,,52
2026-01,OUT0057,Airport Retail Co - Noida 6,Airport Retail Co,Airport,Noida,UP,North,SKU0023,Northline Conditioner B,Northline,Haircare,Conditioner,Others,Active,379,21,22,,0,0,BGR North,2,1,,37
2026-01,OUT0057,Airport Retail Co - Noida 6,Airport Retail Co,Airport,Noida,UP,North,SKU0027,Lumina EDP B,Lumina,Fragrance,EDP,Top 10,Active,529,0,0,,10,5327,BGR North,14,9,,54
2026-01,OUT0057,Airport Retail Co - Noida 6,Airport Retail Co,Airport,Noida,UP,North,SKU0028,Northline EDT A,Northline,Fragrance,EDT,Top 25,Active,1109,14,20,,7,9374,BGR North,13,13,,52
2026-01,OUT0057,Airport Retail Co - Noida 6,Airport Retail Co,Airport,Noida,UP,North,SKU0029,Blush & Co EDT B,Blush & Co,Fragrance,EDT,Top 25,Active,479,19,22,,4,1740,BGR North,8,7,,56
2026-01,OUT0057,Airport Retail Co - Noida 6,Airport Retail Co,Airport,Noida,UP,North,SKU0033,Northline Body Lotion A,Northline,Bath & Body,Body Lotion,Top 10,Active,1239,96,112,,21,28132,BGR North,42,37,,38
2026-01,OUT0057,Airport Retail Co - Noida 6,Airport Retail Co,Airport,Noida,UP,North,SKU0034,Northline Body Lotion B,Northline,Bath & Body,Body Lotion,Top 25,Active,989,54,53,,7,7385,BGR North,8,6,,42
2026-01,OUT0057,Airport Retail Co - Noida 6,Airport Retail Co,Airport,Noida,UP,North,SKU0035,Northline Body Wash A,Northline,Bath & Body,Body Wash,Others,Active,469,7,8,,1,491,BGR North,3,2,,38
2026-01,OUT0057,Airport Retail Co - Noida 6,Airport Retail Co,Airport,Noida,UP,North,SKU0037,Verde Body Wash C,Verde,Bath & Body,Body Wash,Top 25,Active,2239,4,5,,6,14472,BGR North,7,7,,40
2026-01,OUT0057,Airport Retail Co - Noida 6,Airport Retail Co,Airport,Noida,UP,North,SKU0039,Northline Hand Cream B,Northline,Bath & Body,Hand Cream,Others,Active,1189,5,5,,2,2942,BGR North,3,2,,38
2026-01,OUT0058,Airport Retail Co - Ludhiana 7,Airport Retail Co,Airport,Ludhiana,Punjab,North,SKU0002,Verde Moisturizer B,Verde,Skincare,Moisturizer,Top 10,Active,1179,65,67,,12,13698,BGR North,16,14,,45
2026-01,OUT0058,Airport Retail Co - Ludhiana 7,Airport Retail Co,Airport,Ludhiana,Punjab,North,SKU0003,Verde Serum A,Verde,Skincare,Serum,Top 25,Active,2419,28,26,,6,15575,BGR North,4,4,,46
2026-01,OUT0058,Airport Retail Co - Ludhiana 7,Airport Retail Co,Airport,Ludhiana,Punjab,North,SKU0004,Northline Serum B,Northline,Skincare,Serum,Top 25,Active,2489,28,0,,4,10872,BGR North,4,4,,47
2026-01,OUT0058,Airport Retail Co - Ludhiana 7,Airport Retail Co,Airport,Ludhiana,Punjab,North,SKU0006,Blush & Co Cleanser A,Blush & Co,Skincare,Cleanser,Top 10,Active,289,1,2,,15,4235,BGR North,21,16,,48
2026-01,OUT0058,Airport Retail Co - Ludhiana 7,Airport Retail Co,Airport,Ludhiana,Punjab,North,SKU0008,Lumina Sunscreen A,Lumina,Skincare,Sunscreen,Others,Active,1599,18,21,,1,1726,BGR North,6,4,,43
2026-01,OUT0058,Airport Retail Co - Ludhiana 7,Airport Retail Co,Airport,Ludhiana,Punjab,North,SKU0011,Lumina Foundation B,Lumina,Makeup,Foundation,Top 10,Inactive,1889,19,25,,17,39510,BGR North,23,23,,53
2026-01,OUT0058,Airport Retail Co - Ludhiana 7,Airport Retail Co,Airport,Ludhiana,Punjab,North,SKU0012,Northline Lipstick A,Northline,Makeup,Lipstick,Others,Active,2429,10,10,,1,2322,BGR North,2,1,,52
2026-01,OUT0058,Airport Retail Co - Ludhiana 7,Airport Retail Co,Airport,Ludhiana,Punjab,North,SKU0013,Northline Lipstick B,Northline,Makeup,Lipstick,Others,Active,2469,14,17,,0,0,BGR North,3,3,,50
2026-01,OUT0058,Airport Retail Co - Ludhiana 7,Airport Retail Co,Airport,Ludhiana,Punjab,North,SKU0014,Lumina Lipstick C,Lumina,Makeup,Lipstick,Top 25,Active,1729,0,1,,7,12640,BGR North,9,8,,50
2026-01,OUT0058,Airport Retail Co - Ludhiana 7,Airport Retail Co,Airport,Ludhiana,Punjab,North,SKU0016,Verde Mascara B,Verde,Makeup,Mascara,Top 25,Active,199,10,12,,4,900,BGR North,7,6,,51
2026-01,OUT0058,Airport Retail Co - Ludhiana 7,Airport Retail Co,Airport,Ludhiana,Punjab,North,SKU0017,Lumina Mascara C,Lumina,Makeup,Mascara,Top 10,Active,529,54,61,,8,4893,BGR North,15,15,,53
2026-01,OUT0058,Airport Retail Co - Ludhiana 7,Airport Retail Co,Airport,Ludhiana,Punjab,North,SKU0019,Northline Eyeliner B,Northline,Makeup,Eyeliner,Others,Active,1889,9,13,,2,4279,BGR North,7,6,,52
2026-01,OUT0058,Airport Retail Co - Ludhiana 7,Airport Retail Co,Airport,Ludhiana,Punjab,North,SKU0020,Lumina Shampoo A,Lumina,Haircare,Shampoo,Top 10,Active,509,0,11,,10,4997,BGR North,21,21,,38
2026-01,OUT0058,Airport Retail Co - Ludhiana 7,Airport Retail Co,Airport,Ludhiana,Punjab,North,SKU0022,Northline Conditioner A,Northline,Haircare,Conditioner,Others,Active,779,5,6,,3,2106,BGR North,5,4,,36
2026-01,OUT0058,Airport Retail Co - Ludhiana 7,Airport Retail Co,Airport,Ludhiana,Punjab,North,SKU0023,Northline Conditioner B,Northline,Haircare,Conditioner,Others,Active,379,13,14,,0,0,BGR North,2,1,,38
2026-01,OUT0058,Airport Retail Co - Ludhiana 7,Airport Retail Co,Airport,Ludhiana,Punjab,North,SKU0027,Lumina EDP B,Lumina,Fragrance,EDP,Top 10,Active,529,14,19,,9,4956,BGR North,16,14,,55
2026-01,OUT0058,Airport Retail Co - Ludhiana 7,Airport Retail Co,Airport,Ludhiana,Punjab,North,SKU0028,Northline EDT A,Northline,Fragrance,EDT,Top 25,Active,1109,19,0,,6,7597,BGR North,11,11,,55
2026-01,OUT0058,Airport Retail Co - Ludhiana 7,Airport Retail Co,Airport,Ludhiana,Punjab,North,SKU0031,Lumina Body Mist A,Lumina,Fragrance,Body Mist,Top 25,Active,2119,53,55,,0,0,BGR North,2,2,,53
2026-01,OUT0058,Airport Retail Co - Ludhiana 7,Airport Retail Co,Airport,Ludhiana,Punjab,North,SKU0033,Northline Body Lotion A,Northline,Bath & Body,Body Lotion,Top 10,Active,1239,49,49,,21,29130,BGR North,27,21,,42
2026-01,OUT0058,Airport Retail Co - Ludhiana 7,Airport Retail Co,Airport,Ludhiana,Punjab,North,SKU0035,Northline Body Wash A,Northline,Bath & Body,Body Wash,Others,Active,469,11,15,,1,426,BGR North,6,5,,43
2026-01,OUT0058,Airport Retail Co - Ludhiana 7,Airport Retail Co,Airport,Ludhiana,Punjab,North,SKU0036,Northline Body Wash B,Northline,Bath & Body,Body Wash,Others,Active,1179,0,2,,0,0,BGR North,3,2,,38
2026-01,OUT0058,Airport Retail Co - Ludhiana 7,Airport Retail Co,Airport,Ludhiana,Punjab,North,SKU0037,Verde Body Wash C,Verde,Bath & Body,Body Wash,Top 25,Active,2239,30,29,,3,7345,BGR North,3,2,,37
2026-01,OUT0058,Airport Retail Co - Ludhiana 7,Airport Retail Co,Airport,Ludhiana,Punjab,North,SKU0038,Blush & Co Hand Cream A,Blush & Co,Bath & Body,Hand Cream,Others,Active,489,21,25,,1,536,BGR North,5,5,,39
2026-01,OUT0059,Airport Retail Co - Surat 8,Airport Retail Co,Airport,Surat,Gujarat,West,SKU0001,Blush & Co Moisturizer A,Blush & Co,Skincare,Moisturizer,Others,Active,2319,12,12,,0,0,BGR West,0,0,,42
2026-01,OUT0059,Airport Retail Co - Surat 8,Airport Retail Co,Airport,Surat,Gujarat,West,SKU0002,Verde Moisturizer B,Verde,Skincare,Moisturizer,Top 10,Active,1179,70,73,,8,8879,BGR West,17,11,,48
2026-01,OUT0059,Airport Retail Co - Surat 8,Airport Retail Co,Airport,Surat,Gujarat,West,SKU0003,Verde Serum A,Verde,Skincare,Serum,Top 25,Active,2419,11,20,,10,21797,BGR West,20,19,,43
2026-01,OUT0059,Airport Retail Co - Surat 8,Airport Retail Co,Airport,Surat,Gujarat,West,SKU0005,Northline Serum C,Northline,Skincare,Serum,Others,Inactive,1819,20,21,,0,0,BGR West,2,1,,42
2026-01,OUT0059,Airport Retail Co - Surat 8,Airport Retail Co,Airport,Surat,Gujarat,West,SKU0006,Blush & Co Cleanser A,Blush & Co,Skincare,Cleanser,Top 10,Active,289,4,8,,12,4020,BGR West,23,16,,48
2026-01,OUT0059,Airport Retail Co - Surat 8,Airport Retail Co,Airport,Surat,Gujarat,West,SKU0010,Blush & Co Foundation A,Blush & Co,Makeup,Foundation,Others,Active,1419,6,0,,2,3540,BGR West,8,6,,50
2026-01,OUT0059,Airport Retail Co - Surat 8,Airport Retail Co,Airport,Surat,Gujarat,West,SKU0011,Lumina Foundation B,Lumina,Makeup,Foundation,Top 10,Inactive,1889,61,68,,14,29476,BGR West,23,21,,47
2026-01,OUT0059,Airport Retail Co - Surat 8,Airport Retail Co,Airport,Surat,Gujarat,West,SKU0012,Northline Lipstick A,Northline,Makeup,Lipstick,Others,Active,2429,16,0,,1,2391,BGR West,1,0,,47
2026-01,OUT0059,Airport Retail Co - Surat 8,Airport Retail Co,Airport,Surat,Gujarat,West,SKU0013,Northline Lipstick B,Northline,Makeup,Lipstick,Others,Active,2469,16,16,,0,0,BGR West,0,0,,51
2026-01,OUT0059,Airport Retail Co - Surat 8,Airport Retail Co,Airport,Surat,Gujarat,West,SKU0014,Lumina Lipstick C,Lumina,Makeup,Lipstick,Top 25,Active,1729,10,13,,6,11966,BGR West,12,9,,53
2026-01,OUT0059,Airport Retail Co - Surat 8,Airport Retail Co,Airport,Surat,Gujarat,West,SKU0016,Verde Mascara B,Verde,Makeup,Mascara,Top 25,Active,199,26,31,,7,1465,BGR West,12,12,,51
2026-01,OUT0059,Airport Retail Co - Surat 8,Airport Retail Co,Airport,Surat,Gujarat,West,SKU0017,Lumina Mascara C,Lumina,Makeup,Mascara,Top 10,Active,529,0,2,,7,4601,BGR West,12,9,,52
2026-01,OUT0059,Airport Retail Co - Surat 8,Airport Retail Co,Airport,Surat,Gujarat,West,SKU0018,Northline Eyeliner A,Northline,Makeup,Eyeliner,Others,Active,1959,9,12,,0,0,BGR West,4,3,,50
2026-01,OUT0059,Airport Retail Co - Surat 8,Airport Retail Co,Airport,Surat,Gujarat,West,SKU0020,Lumina Shampoo A,Lumina,Haircare,Shampoo,Top 10,Active,509,69,86,,16,10219,BGR West,33,33,,38
2026-01,OUT0059,Airport Retail Co - Surat 8,Airport Retail Co,Airport,Surat,Gujarat,West,SKU0021,Verde Shampoo B,Verde,Haircare,Shampoo,Others,Active,1319,15,17,,2,2700,BGR West,5,4,,34
2026-01,OUT0059,Airport Retail Co - Surat 8,Airport Retail Co,Airport,Surat,Gujarat,West,SKU0023,Northline Conditioner B,Northline,Haircare,Conditioner,Others,Active,379,22,24,,0,0,BGR West,3,2,,33
2026-01,OUT0059,Airport Retail Co - Surat 8,Airport Retail Co,Airport,Surat,Gujarat,West,SKU0027,Lumina EDP B,Lumina,Fragrance,EDP,Top 10,Active,529,38,42,,13,7664,BGR West,17,17,,55
2026-01,OUT0059,Airport Retail Co - Surat 8,Airport Retail Co,Airport,Surat,Gujarat,West,SKU0028,Northline EDT A,Northline,Fragrance,EDT,Top 25,Active,1109,13,23,,6,7074,BGR West,16,16,,56
2026-01,OUT0059,Airport Retail Co - Surat 8,Airport Retail Co,Airport,Surat,Gujarat,West,SKU0029,Blush & Co EDT B,Blush & Co,Fragrance,EDT,Top 25,Active,479,13,15,,3,1792,BGR West,6,5,,52
2026-01,OUT0059,Airport Retail Co - Surat 8,Airport Retail Co,Airport,Surat,Gujarat,West,SKU0030,Blush & Co EDT C,Blush & Co,Fragrance,EDT,Others,Active,779,16,19,,1,796,BGR West,4,4,,53
2026-01,OUT0059,Airport Retail Co - Surat 8,Airport Retail Co,Airport,Surat,Gujarat,West,SKU0031,Lumina Body Mist A,Lumina,Fragrance,Body Mist,Top 25,Active,2119,0,2,,9,18643,BGR West,16,11,,58
2026-01,OUT0059,Airport Retail Co - Surat 8,Airport Retail Co,Airport,Surat,Gujarat,West,SKU0033,Northline Body Lotion A,Northline,Bath & Body,Body Lotion,Top 10,Active,1239,35,36,,17,20426,BGR West,19,18,,43
2026-01,OUT0059,Airport Retail Co - Surat 8,Airport Retail Co,Airport,Surat,Gujarat,West,SKU0034,Northline Body Lotion B,Northline,Bath & Body,Body Lotion,Top 25,Active,989,96,99,,5,5978,BGR West,10,8,,41
2026-01,OUT0059,Airport Retail Co - Surat 8,Airport Retail Co,Airport,Surat,Gujarat,West,SKU0036,Northline Body Wash B,Northline,Bath & Body,Body Wash,Others,Active,1179,8,8,,0,0,BGR West,1,0,,42
2026-01,OUT0059,Airport Retail Co - Surat 8,Airport Retail Co,Airport,Surat,Gujarat,West,SKU0037,Verde Body Wash C,Verde,Bath & Body,Body Wash,Top 25,Active,2239,10,9,,5,11793,BGR West,5,4,,42
