Month,Outlet Code,Outlet Name,Chain Name,Chain Type,City,State,Region,SKU Code,SKU,Brand,Category,Sub Category,Pareto,Status,MRP,OP Stock,CL Stock,Stock Qty,Tertiary Qty,Target Value,BGR,Order Qty,Filled Qty,Fill Rate %,Margin %
2026-05,OUT0001,Shoppers Stop - Ahmedabad 1,Shoppers Stop,Department Store,Ahmedabad,Gujarat,West,SKU0002,Verde Moisturizer B,Verde,Skincare,Moisturizer,Top 10,Active,1179,63,73,,8,11286,BGR West,18,18,,43
2026-05,OUT0001,Shoppers Stop - Ahmedabad 1,Shoppers Stop,Department Store,Ahmedabad,Gujarat,West,SKU0003,Verde Serum A,Verde,Skincare,Serum,Top 25,Active,2419,18,16,,5,12407,BGR West,5,3,,42
2026-05,OUT0001,Shoppers Stop - Ahmedabad 1,Shoppers Stop,Department Store,Ahmedabad,Gujarat,West,SKU0006,Blush & Co Cleanser A,Blush & Co,Skincare,Cleanser,Top 10,Active,289,31,36,,14,4325,BGR West,19,19,,45
2026-05,OUT0001,Shoppers Stop - Ahmedabad 1,Shoppers Stop,Department Store,Ahmedabad,Gujarat,West,SKU0007,Northline Cleanser B,Northline,Skincare,Cleanser,Others,Active,1809,0,0,,0,0,BGR West,0,0,,47
2026-05,OUT0001,Shoppers Stop - Ahmedabad 1,Shoppers Stop,Department Store,Ahmedabad,Gujarat,West,SKU0008,Lumina Sunscreen A,Lumina,Skincare,Sunscreen,Others,Active,1599,20,21,,0,0,BGR West,2,1,,46
2026-05,OUT0001,Shoppers Stop - Ahmedabad 1,Shoppers Stop,Department Store,Ahmedabad,Gujarat,West,SKU0010,Blush & Co Foundation A,Blush & Co,Makeup,Foundation,Others,Active,1419,0,4,,1,1725,BGR West,6,5,,48
2026-05,OUT0001,Shoppers Stop - Ahmedabad 1,Shoppers Stop,Department Store,Ahmedabad,Gujarat,West,SKU0011,Lumina Foundation B,Lumina,Makeup,Foundation,Top 10,Inactive,1889,59,0,,4,8691,BGR West,8,8,,48
2026-05,OUT0001,Shoppers Stop - Ahmedabad 1,Shoppers Stop,Department Store,Ahmedabad,Gujarat,West,SKU0013,Northline Lipstick B,Northline,Makeup,Lipstick,Others,Active,2469,19,19,,0,0,BGR West,0,0,,48
2026-05,OUT0001,Shoppers Stop - Ahmedabad 1,Shoppers Stop,Department Store,Ahmedabad,Gujarat,West,SKU0015,Blush & Co Mascara A,Blush & Co,Makeup,Mascara,Top 25,Active,1219,48,52,,1,1210,BGR West,6,5,,53
2026-05,OUT0001,Shoppers Stop - Ahmedabad 1,Shoppers Stop,Department Store,Ahmedabad,Gujarat,West,SKU0017,Lumina Mascara C,Lumina,Makeup,Mascara,Top 10,Active,529,54,53,,5,2373,BGR West,5,4,,47
2026-05,OUT0001,Shoppers Stop - Ahmedabad 1,Shoppers Stop,Department Store,Ahmedabad,Gujarat,West,SKU0018,Northline Eyeliner A,Northline,Makeup,Eyeliner,Others,Active,1959,0,1,,0,0,BGR West,2,1,,49
2026-05,OUT0001,Shoppers Stop - Ahmedabad 1,Shoppers Stop,Department Store,Ahmedabad,Gujarat,West,SKU0020,Lumina Shampoo A,Lumina,Haircare,Shampoo,Top 10,Active,509,67,70,,7,3668,BGR West,10,10,,34
2026-05,OUT0001,Shoppers Stop - Ahmedabad 1,Shoppers Stop,Department Store,Ahmedabad,Gujarat,West,SKU0021,Verde Shampoo B,Verde,Haircare,Shampoo,Others,Active,1319,8,11,,0,0,BGR West,4,3,,34
2026-05,OUT0001,Shoppers Stop - Ahmedabad 1,Shoppers Stop,Department Store,Ahmedabad,Gujarat,West,SKU0023,Northline Conditioner B,Northline,Haircare,Conditioner,Others,Active,379,17,19,,0,0,BGR West,3,2,,34
2026-05,OUT0001,Shoppers Stop - Ahmedabad 1,Shoppers Stop,Department Store,Ahmedabad,Gujarat,West,SKU0027,Lumina EDP B,Lumina,Fragrance,EDP,Top 10,Active,529,92,93,,4,2065,BGR West,5,5,,54
2026-05,OUT0001,Shoppers Stop - Ahmedabad 1,Shoppers Stop,Department Store,Ahmedabad,Gujarat,West,SKU0028,Northline EDT A,Northline,Fragrance,EDT,Top 25,Active,1109,45,49,,4,4545,BGR West,8,8,,53
2026-05,OUT0001,Shoppers Stop - Ahmedabad 1,Shoppers Stop,Department Store,Ahmedabad,Gujarat,West,SKU0030,Blush & Co EDT C,Blush & Co,Fragrance,EDT,Others,Active,779,25,26,,2,1866,BGR West,4,3,,55
2026-05,OUT0001,Shoppers Stop - Ahmedabad 1,Shoppers Stop,Department Store,Ahmedabad,Gujarat,West,SKU0031,Lumina Body Mist A,Lumina,Fragrance,Body Mist,Top 25,Active,2119,2,4,,3,7748,BGR West,7,5,,57
2026-05,OUT0001,Shoppers Stop - Ahmedabad 1,Shoppers Stop,Department Store,Ahmedabad,Gujarat,West,SKU0033,Northline Body Lotion A,Northline,Bath & Body,Body Lotion,Top 10,Active,1239,65,0,,7,9836,BGR West,13,9,,42
2026-05,OUT0001,Shoppers Stop - Ahmedabad 1,Shoppers Stop,Department Store,Ahmedabad,Gujarat,West,SKU0034,Northline Body Lotion B,Northline,Bath & Body,Body Lotion,Top 25,Active,989,60,59,,2,2095,BGR West,2,1,,40
2026-05,OUT0001,Shoppers Stop - Ahmedabad 1,Shoppers Stop,Department Store,Ahmedabad,Gujarat,West,SKU0036,Northline Body Wash B,Northline,Bath & Body,Body Wash,Others,Active,1179,26,0,,0,0,BGR West,0,0,,40
2026-05,OUT0001,Shoppers Stop - Ahmedabad 1,Shoppers Stop,Department Store,Ahmedabad,Gujarat,West,SKU0037,Verde Body Wash C,Verde,Bath & Body,Body Wash,Top 25,Active,2239,32,33,,1,2374,BGR West,3,2,,43
2026-05,OUT0001,Shoppers Stop - Ahmedabad 1,Shoppers Stop,Department Store,Ahmedabad,Gujarat,West,SKU0039,Northline Hand Cream B,Northline,Bath & Body,Hand Cream,Others,Active,1189,0,1,,1,1465,BGR West,4,2,,37
2026-05,OUT0002,Shoppers Stop - Hyderabad 2,Shoppers Stop,Department Store,Hyderabad,Telangana,South,SKU0001,Blush & Co Moisturizer A,Blush & Co,Skincare,Moisturizer,Others,Active,2319,9,10,,1,2288,BGR South,2,2,,48
2026-05,OUT0002,Shoppers Stop - Hyderabad 2,Shoppers Stop,Department Store,Hyderabad,Telangana,South,SKU0002,Verde Moisturizer B,Verde,Skincare,Moisturizer,Top 10,Active,1179,138,150,,13,15220,BGR South,25,25,,48
2026-05,OUT0002,Shoppers Stop - Hyderabad 2,Shoppers Stop,Department Store,Hyderabad,Telangana,South,SKU0003,Verde Serum A,Verde,Skincare,Serum,Top 25,Active,2419,158,158,,16,42700,BGR South,16,16,,47
2026-05,OUT0002,Shoppers Stop - Hyderabad 2,Shoppers Stop,Department Store,Hyderabad,Telangana,South,SKU0004,Northline Serum B,Northline,Skincare,Serum,Top 25,Active,2489,58,61,,5,12001,BGR South,9,8,,47
2026-05,OUT0002,Shoppers Stop - Hyderabad 2,Shoppers Stop,Department Store,Hyderabad,Telangana,South,SKU0006,Blush & Co Cleanser A,Blush & Co,Skincare,Cleanser,Top 10,Active,289,53,0,,18,5542,BGR South,34,27,,43
2026-05,OUT0002,Shoppers Stop - Hyderabad 2,Shoppers Stop,Department Store,Hyderabad,Telangana,South,SKU0007,Northline Cleanser B,Northline,Skincare,Cleanser,Others,Active,1809,5,0,,1,2194,BGR South,2,1,,43
2026-05,OUT0002,Shoppers Stop - Hyderabad 2,Shoppers Stop,Department Store,Hyderabad,Telangana,South,SKU0009,Blush & Co Sunscreen B,Blush & Co,Skincare,Sunscreen,Others,Inactive,1629,2,4,,1,1717,BGR South,4,3,,45
2026-05,OUT0002,Shoppers Stop - Hyderabad 2,Shoppers Stop,Department Store,Hyderabad,Telangana,South,SKU0010,Blush & Co Foundation A,Blush & Co,Makeup,Foundation,Others,Active,1419,0,6,,1,1770,BGR South,7,7,,53
2026-05,OUT0002,Shoppers Stop - Hyderabad 2,Shoppers Stop,Department Store,Hyderabad,Telangana,South,SKU0011,Lumina Foundation B,Lumina,Makeup,Foundation,Top 10,Inactive,1889,132,135,,11,19231,BGR South,14,14,,51
2026-05,OUT0002,Shoppers Stop - Hyderabad 2,Shoppers Stop,Department Store,Hyderabad,Telangana,South,SKU0013,Northline Lipstick B,Northline,Makeup,Lipstick,Others,Active,2469,23,25,,1,2389,BGR South,4,3,,53
2026-05,OUT0002,Shoppers Stop - Hyderabad 2,Shoppers Stop,Department Store,Hyderabad,Telangana,South,SKU0014,Lumina Lipstick C,Lumina,Makeup,Lipstick,Top 25,Active,1729,61,66,,7,12959,BGR South,12,12,,49
2026-05,OUT0002,Shoppers Stop - Hyderabad 2,Shoppers Stop,Department Store,Hyderabad,Telangana,South,SKU0015,Blush & Co Mascara A,Blush & Co,Makeup,Mascara,Top 25,Active,1219,14,15,,7,10482,BGR South,11,8,,49
2026-05,OUT0002,Shoppers Stop - Hyderabad 2,Shoppers Stop,Department Store,Hyderabad,Telangana,South,SKU0016,Verde Mascara B,Verde,Makeup,Mascara,Top 25,Active,199,19,26,,6,1284,BGR South,13,13,,48
2026-05,OUT0002,Shoppers Stop - Hyderabad 2,Shoppers Stop,Department Store,Hyderabad,Telangana,South,SKU0017,Lumina Mascara C,Lumina,Makeup,Mascara,Top 10,Active,529,0,0,,7,3939,BGR South,11,7,,52
2026-05,OUT0002,Shoppers Stop - Hyderabad 2,Shoppers Stop,Department Store,Hyderabad,Telangana,South,SKU0020,Lumina Shampoo A,Lumina,Haircare,Shampoo,Top 10,Active,509,135,143,,9,4891,BGR South,17,17,,34
2026-05,OUT0002,Shoppers Stop - Hyderabad 2,Shoppers Stop,Department Store,Hyderabad,Telangana,South,SKU0021,Verde Shampoo B,Verde,Haircare,Shampoo,Others,Active,1319,17,18,,1,1260,BGR South,3,2,,35
2026-05,OUT0002,Shoppers Stop - Hyderabad 2,Shoppers Stop,Department Store,Hyderabad,Telangana,South,SKU0022,Northline Conditioner A,Northline,Haircare,Conditioner,Others,Active,779,20,23,,2,1880,BGR South,6,5,,33
2026-05,OUT0002,Shoppers Stop - Hyderabad 2,Shoppers Stop,Department Store,Hyderabad,Telangana,South,SKU0023,Northline Conditioner B,Northline,Haircare,Conditioner,Others,Active,379,13,13,,0,0,BGR South,1,0,,32
2026-05,OUT0002,Shoppers Stop - Hyderabad 2,Shoppers Stop,Department Store,Hyderabad,Telangana,South,SKU0027,Lumina EDP B,Lumina,Fragrance,EDP,Top 10,Active,529,78,76,,13,7107,BGR South,13,11,,52
2026-05,OUT0002,Shoppers Stop - Hyderabad 2,Shoppers Stop,Department Store,Hyderabad,Telangana,South,SKU0029,Blush & Co EDT B,Blush & Co,Fragrance,EDT,Top 25,Active,479,38,39,,4,2391,BGR South,7,5,,56
2026-05,OUT0002,Shoppers Stop - Hyderabad 2,Shoppers Stop,Department Store,Hyderabad,Telangana,South,SKU0030,Blush & Co EDT C,Blush & Co,Fragrance,EDT,Others,Active,779,20,24,,2,1561,BGR South,8,6,,53
2026-05,OUT0002,Shoppers Stop - Hyderabad 2,Shoppers Stop,Department Store,Hyderabad,Telangana,South,SKU0031,Lumina Body Mist A,Lumina,Fragrance,Body Mist,Top 25,Active,2119,15,0,,6,12994,BGR South,15,14,,54
2026-05,OUT0002,Shoppers Stop - Hyderabad 2,Shoppers Stop,Department Store,Hyderabad,Telangana,South,SKU0033,Northline Body Lotion A,Northline,Bath & Body,Body Lotion,Top 10,Active,1239,0,0,,17,20118,BGR South,24,24,,38
2026-05,OUT0002,Shoppers Stop - Hyderabad 2,Shoppers Stop,Department Store,Hyderabad,Telangana,South,SKU0034,Northline Body Lotion B,Northline,Bath & Body,Body Lotion,Top 25,Active,989,50,56,,8,9115,BGR South,15,14,,38
2026-05,OUT0002,Shoppers Stop - Hyderabad 2,Shoppers Stop,Department Store,Hyderabad,Telangana,South,SKU0037,Verde Body Wash C,Verde,Bath & Body,Body Wash,Top 25,Active,2239,83,82,,5,14076,BGR South,5,4,,42
2026-05,OUT0002,Shoppers Stop - Hyderabad 2,Shoppers Stop,Department Store,Hyderabad,Telangana,South,SKU0039,Northline Hand Cream B,Northline,Bath & Body,Hand Cream,Others,Active,1189,8,8,,2,2702,BGR South,3,2,,42
2026-05,OUT0003,Shoppers Stop - Ludhiana 3,Shoppers Stop,Department Store,Ludhiana,Punjab,North,SKU0003,Verde Serum A,Verde,Skincare,Serum,Top 25,Active,2419,53,28,,4,9567,BGR North,10,9,,43
2026-05,OUT0003,Shoppers Stop - Ludhiana 3,Shoppers Stop,Department Store,Ludhiana,Punjab,North,SKU0004,Northline Serum B,Northline,Skincare,Serum,Top 25,Active,2489,12,15,,1,2277,BGR North,5,4,,42
2026-05,OUT0003,Shoppers Stop - Ludhiana 3,Shoppers Stop,Department Store,Ludhiana,Punjab,North,SKU0006,Blush & Co Cleanser A,Blush & Co,Skincare,Cleanser,Top 10,Active,289,94,98,,7,1974,BGR North,12,11,,46
2026-05,OUT0003,Shoppers Stop - Ludhiana 3,Shoppers Stop,Department Store,Ludhiana,Punjab,North,SKU0008,Lumina Sunscreen A,Lumina,Skincare,Sunscreen,Others,Active,1599,19,22,,0,0,BGR North,4,3,,43
2026-05,OUT0003,Shoppers Stop - Ludhiana 3,Shoppers Stop,Department Store,Ludhiana,Punjab,North,SKU0009,Blush & Co Sunscreen B,Blush & Co,Skincare,Sunscreen,Others,Inactive,1629,5,0,,0,0,BGR North,4,4,,46
2026-05,OUT0003,Shoppers Stop - Ludhiana 3,Shoppers Stop,Department Store,Ludhiana,Punjab,North,SKU0011,Lumina Foundation B,Lumina,Makeup,Foundation,Top 10,Inactive,1889,4,7,,1,1843,BGR North,6,4,,48
2026-05,OUT0003,Shoppers Stop - Ludhiana 3,Shoppers Stop,Department Store,Ludhiana,Punjab,North,SKU0012,Northline Lipstick A,Northline,Makeup,Lipstick,Others,Active,2429,9,13,,0,0,BGR North,4,4,,52
2026-05,OUT0003,Shoppers Stop - Ludhiana 3,Shoppers Stop,Department Store,Ludhiana,Punjab,North,SKU0013,Northline Lipstick B,Northline,Makeup,Lipstick,Others,Active,2469,8,10,,0,0,BGR North,3,2,,49
2026-05,OUT0003,Shoppers Stop - Ludhiana 3,Shoppers Stop,Department Store,Ludhiana,Punjab,North,SKU0014,Lumina Lipstick C,Lumina,Makeup,Lipstick,Top 25,Active,1729,7,7,,1,1714,BGR North,2,1,,53
2026-05,OUT0003,Shoppers Stop - Ludhiana 3,Shoppers Stop,Department Store,Ludhiana,Punjab,North,SKU0015,Blush & Co Mascara A,Blush & Co,Makeup,Mascara,Top 25,Active,1219,51,51,,1,1098,BGR North,2,1,,53
2026-05,OUT0003,Shoppers Stop - Ludhiana 3,Shoppers Stop,Department Store,Ludhiana,Punjab,North,SKU0016,Verde Mascara B,Verde,Makeup,Mascara,Top 25,Active,199,9,11,,2,359,BGR North,6,4,,53
2026-05,OUT0003,Shoppers Stop - Ludhiana 3,Shoppers Stop,Department Store,Ludhiana,Punjab,North,SKU0017,Lumina Mascara C,Lumina,Makeup,Mascara,Top 10,Active,529,70,72,,2,1162,BGR North,6,4,,53
2026-05,OUT0003,Shoppers Stop - Ludhiana 3,Shoppers Stop,Department Store,Ludhiana,Punjab,North,SKU0018,Northline Eyeliner A,Northline,Makeup,Eyeliner,Others,Active,1959,26,30,,0,0,BGR North,4,4,,50
2026-05,OUT0003,Shoppers Stop - Ludhiana 3,Shoppers Stop,Department Store,Ludhiana,Punjab,North,SKU0019,Northline Eyeliner B,Northline,Makeup,Eyeliner,Others,Active,1889,4,0,,0,0,BGR North,4,2,,47
2026-05,OUT0003,Shoppers Stop - Ludhiana 3,Shoppers Stop,Department Store,Ludhiana,Punjab,North,SKU0020,Lumina Shampoo A,Lumina,Haircare,Shampoo,Top 10,Active,509,7,7,,3,1763,BGR North,4,3,,37
2026-05,OUT0003,Shoppers Stop - Ludhiana 3,Shoppers Stop,Department Store,Ludhiana,Punjab,North,SKU0023,Northline Conditioner B,Northline,Haircare,Conditioner,Others,Active,379,15,18,,0,0,BGR North,4,3,,35
2026-05,OUT0003,Shoppers Stop - Ludhiana 3,Shoppers Stop,Department Store,Ludhiana,Punjab,North,SKU0027,Lumina EDP B,Lumina,Fragrance,EDP,Top 10,Active,529,23,27,,4,2107,BGR North,8,8,,58
2026-05,OUT0003,Shoppers Stop - Ludhiana 3,Shoppers Stop,Department Store,Ludhiana,Punjab,North,SKU0029,Blush & Co EDT B,Blush & Co,Fragrance,EDT,Top 25,Active,479,73,76,,2,875,BGR North,5,5,,55
2026-05,OUT0003,Shoppers Stop - Ludhiana 3,Shoppers Stop,Department Store,Ludhiana,Punjab,North,SKU0031,Lumina Body Mist A,Lumina,Fragrance,Body Mist,Top 25,Active,2119,0,1,,2,4581,BGR North,4,3,,57
2026-05,OUT0003,Shoppers Stop - Ludhiana 3,Shoppers Stop,Department Store,Ludhiana,Punjab,North,SKU0033,Northline Body Lotion A,Northline,Bath & Body,Body Lotion,Top 10,Active,1239,16,23,,6,6756,BGR North,13,13,,42
2026-05,OUT0003,Shoppers Stop - Ludhiana 3,Shoppers Stop,Department Store,Ludhiana,Punjab,North,SKU0035,Northline Body Wash A,Northline,Bath & Body,Body Wash,Others,Active,469,2,0,,0,0,BGR North,1,1,,41
2026-05,OUT0003,Shoppers Stop - Ludhiana 3,Shoppers Stop,Department Store,Ludhiana,Punjab,North,SKU0037,Verde Body Wash C,Verde,Bath & Body,Body Wash,Top 25,Active,2239,18,7,,1,2794,BGR North,2,1,,38
2026-05,OUT0003,Shoppers Stop - Ludhiana 3,Shoppers Stop,Department Store,Ludhiana,Punjab,North,SKU0039,Northline Hand Cream B,Northline,Bath & Body,Hand Cream,Others,Active,1189,8,9,,0,0,BGR North,2,1,,42
2026-05,OUT0004,Shoppers Stop - Kolkata 4,Shoppers Stop,Department Store,Kolkata,West Bengal,East,SKU0001,Blush & Co Moisturizer A,Blush & Co,Skincare,Moisturizer,Others,Active,2319,24,25,,1,2130,BGR East,3,2,,43
2026-05,OUT0004,Shoppers Stop - Kolkata 4,Shoppers Stop,Department Store,Kolkata,West Bengal,East,SKU0002,Verde Moisturizer B,Verde,Skincare,Moisturizer,Top 10,Active,1179,86,88,,14,19414,BGR East,16,16,,43
2026-05,OUT0004,Shoppers Stop - Kolkata 4,Shoppers Stop,Department Store,Kolkata,West Bengal,East,SKU0003,Verde Serum A,Verde,Skincare,Serum,Top 25,Active,2419,121,125,,10,28342,BGR East,20,14,,46
2026-05,OUT0004,Shoppers Stop - Kolkata 4,Shoppers Stop,Department Store,Kolkata,West Bengal,East,SKU0004,Northline Serum B,Northline,Skincare,Serum,Top 25,Active,2489,74,73,,6,15711,BGR East,8,5,,43
2026-05,OUT0004,Shoppers Stop - Kolkata 4,Shoppers Stop,Department Store,Kolkata,West Bengal,East,SKU0005,Northline Serum C,Northline,Skincare,Serum,Others,Inactive,1819,28,0,,0,0,BGR East,1,0,,48
2026-05,OUT0004,Shoppers Stop - Kolkata 4,Shoppers Stop,Department Store,Kolkata,West Bengal,East,SKU0006,Blush & Co Cleanser A,Blush & Co,Skincare,Cleanser,Top 10,Active,289,145,0,,24,6470,BGR East,52,36,,45
2026-05,OUT0004,Shoppers Stop - Kolkata 4,Shoppers Stop,Department Store,Kolkata,West Bengal,East,SKU0007,Northline Cleanser B,Northline,Skincare,Cleanser,Others,Active,1809,0,6,,2,3503,BGR East,8,8,,44
2026-05,OUT0004,Shoppers Stop - Kolkata 4,Shoppers Stop,Department Store,Kolkata,West Bengal,East,SKU0008,Lumina Sunscreen A,Lumina,Skincare,Sunscreen,Others,Active,1599,18,21,,1,1862,BGR East,4,4,,48
2026-05,OUT0004,Shoppers Stop - Kolkata 4,Shoppers Stop,Department Store,Kolkata,West Bengal,East,SKU0009,Blush & Co Sunscreen B,Blush & Co,Skincare,Sunscreen,Others,Inactive,1629,53,54,,3,5393,BGR East,6,4,,46
2026-05,OUT0004,Shoppers Stop - Kolkata 4,Shoppers Stop,Department Store,Kolkata,West Bengal,East,SKU0011,Lumina Foundation B,Lumina,Makeup,Foundation,Top 10,Inactive,1889,25,22,,12,21584,BGR East,14,9,,52
2026-05,OUT0004,Shoppers Stop - Kolkata 4,Shoppers Stop,Department Store,Kolkata,West Bengal,East,SKU0012,Northline Lipstick A,Northline,Makeup,Lipstick,Others,Active,2429,10,12,,1,2616,BGR East,4,3,,51
2026-05,OUT0004,Shoppers Stop - Kolkata 4,Shoppers Stop,Department Store,Kolkata,West Bengal,East,SKU0013,Northline Lipstick B,Northline,Makeup,Lipstick,Others,Active,2469,36,40,,0,0,BGR East,4,4,,48
2026-05,OUT0004,Shoppers Stop - Kolkata 4,Shoppers Stop,Department Store,Kolkata,West Bengal,East,SKU0014,Lumina Lipstick C,Lumina,Makeup,Lipstick,Top 25,Active,1729,109,108,,10,16865,BGR East,12,9,,52
2026-05,OUT0004,Shoppers Stop - Kolkata 4,Shoppers Stop,Department Store,Kolkata,West Bengal,East,SKU0015,Blush & Co Mascara A,Blush & Co,Makeup,Mascara,Top 25,Active,1219,67,63,,12,15526,BGR East,10,8,,49
2026-05,OUT0004,Shoppers Stop - Kolkata 4,Shoppers Stop,Department Store,Kolkata,West Bengal,East,SKU0016,Verde Mascara B,Verde,Makeup,Mascara,Top 25,Active,199,7,5,,7,1255,BGR East,8,5,,52
2026-05,OUT0004,Shoppers Stop - Kolkata 4,Shoppers Stop,Department Store,Kolkata,West Bengal,East,SKU0018,Northline Eyeliner A,Northline,Makeup,Eyeliner,Others,Active,1959,15,16,,1,2349,BGR East,3,2,,53
2026-05,OUT0004,Shoppers Stop - Kolkata 4,Shoppers Stop,Department Store,Kolkata,West Bengal,East,SKU0020,Lumina Shampoo A,Lumina,Haircare,Shampoo,Top 10,Active,509,126,123,,11,5194,BGR East,10,8,,33
2026-05,OUT0004,Shoppers Stop - Kolkata 4,Shoppers Stop,Department Store,Kolkata,West Bengal,East,SKU0022,Northline Conditioner A,Northline,Haircare,Conditioner,Others,Active,779,33,33,,4,2782,BGR East,7,4,,36
2026-05,OUT0004,Shoppers Stop - Kolkata 4,Shoppers Stop,Department Store,Kolkata,West Bengal,East,SKU0027,Lumina EDP B,Lumina,Fragrance,EDP,Top 10,Active,529,31,33,,19,10751,BGR East,23,21,,58
2026-05,OUT0004,Shoppers Stop - Kolkata 4,Shoppers Stop,Department Store,Kolkata,West Bengal,East,SKU0029,Blush & Co EDT B,Blush & Co,Fragrance,EDT,Top 25,Active,479,8,11,,8,3740,BGR East,11,11,,52
2026-05,OUT0004,Shoppers Stop - Kolkata 4,Shoppers Stop,Department Store,Kolkata,West Bengal,East,SKU0031,Lumina Body Mist A,Lumina,Fragrance,Body Mist,Top 25,Active,2119,104,107,,11,22873,BGR East,16,14,,52
2026-05,OUT0004,Shoppers Stop - Kolkata 4,Shoppers Stop,Department Store,Kolkata,West Bengal,East,SKU0033,Northline Body Lotion A,Northline,Bath & Body,Body Lotion,Top 10,Active,1239,17,16,,18,28013,BGR East,17,17,,40
2026-05,OUT0004,Shoppers Stop - Kolkata 4,Shoppers Stop,Department Store,Kolkata,West Bengal,East,SKU0036,Northline Body Wash B,Northline,Bath & Body,Body Wash,Others,Active,1179,28,30,,1,1327,BGR East,4,3,,43
2026-05,OUT0004,Shoppers Stop - Kolkata 4,Shoppers Stop,Department Store,Kolkata,West Bengal,East,SKU0037,Verde Body Wash C,Verde,Bath & Body,Body Wash,Top 25,Active,2239,71,70,,5,13094,BGR East,6,4,,38
2026-05,OUT0004,Shoppers Stop - Kolkata 4,Shoppers Stop,Department Store,Kolkata,West Bengal,East,SKU0038,Blush & Co Hand Cream A,Blush & Co,Bath & Body,Hand Cream,Others,Active,489,7,6,,3,1441,BGR East,2,2,,39
2026-05,OUT0005,Shoppers Stop - Noida 5,Shoppers Stop,Department Store,Noida,UP,North,SKU0001,Blush & Co Moisturizer A,Blush & Co,Skincare,Moisturizer,Others,Active,2319,6,8,,0,0,BGR North,2,2,,47
2026-05,OUT0005,Shoppers Stop - Noida 5,Shoppers Stop,Department Store,Noida,UP,North,SKU0002,Verde Moisturizer B,Verde,Skincare,Moisturizer,Top 10,Active,1179,61,67,,4,5672,BGR North,10,10,,47
2026-05,OUT0005,Shoppers Stop - Noida 5,Shoppers Stop,Department Store,Noida,UP,North,SKU0003,Verde Serum A,Verde,Skincare,Serum,Top 25,Active,2419,48,50,,2,4544,BGR North,4,4,,46
2026-05,OUT0005,Shoppers Stop - Noida 5,Shoppers Stop,Department Store,Noida,UP,North,SKU0004,Northline Serum B,Northline,Skincare,Serum,Top 25,Active,2489,26,25,,1,3029,BGR North,1,0,,42
2026-05,OUT0005,Shoppers Stop - Noida 5,Shoppers Stop,Department Store,Noida,UP,North,SKU0006,Blush & Co Cleanser A,Blush & Co,Skincare,Cleanser,Top 10,Active,289,2,9,,7,2278,BGR North,14,14,,45
2026-05,OUT0005,Shoppers Stop - Noida 5,Shoppers Stop,Department Store,Noida,UP,North,SKU0010,Blush & Co Foundation A,Blush & Co,Makeup,Foundation,Others,Active,1419,6,8,,0,0,BGR North,3,2,,49
2026-05,OUT0005,Shoppers Stop - Noida 5,Shoppers Stop,Department Store,Noida,UP,North,SKU0011,Lumina Foundation B,Lumina,Makeup,Foundation,Top 10,Inactive,1889,15,16,,2,3584,BGR North,7,5,,53
2026-05,OUT0005,Shoppers Stop - Noida 5,Shoppers Stop,Department Store,Noida,UP,North,SKU0012,Northline Lipstick A,Northline,Makeup,Lipstick,Others,Active,2429,23,25,,0,0,BGR North,3,2,,48
2026-05,OUT0005,Shoppers Stop - Noida 5,Shoppers Stop,Department Store,Noida,UP,North,SKU0014,Lumina Lipstick C,Lumina,Makeup,Lipstick,Top 25,Active,1729,46,49,,1,1951,BGR North,7,4,,53
2026-05,OUT0005,Shoppers Stop - Noida 5,Shoppers Stop,Department Store,Noida,UP,North,SKU0015,Blush & Co Mascara A,Blush & Co,Makeup,Mascara,Top 25,Active,1219,15,17,,3,4080,BGR North,6,5,,49
2026-05,OUT0005,Shoppers Stop - Noida 5,Shoppers Stop,Department Store,Noida,UP,North,SKU0016,Verde Mascara B,Verde,Makeup,Mascara,Top 25,Active,199,20,22,,2,484,BGR North,6,4,,50
2026-05,OUT0005,Shoppers Stop - Noida 5,Shoppers Stop,Department Store,Noida,UP,North,SKU0017,Lumina Mascara C,Lumina,Makeup,Mascara,Top 10,Active,529,53,56,,2,1271,BGR North,5,5,,50
2026-05,OUT0005,Shoppers Stop - Noida 5,Shoppers Stop,Department Store,Noida,UP,North,SKU0018,Northline Eyeliner A,Northline,Makeup,Eyeliner,Others,Active,1959,33,0,,0,0,BGR North,2,1,,47
2026-05,OUT0005,Shoppers Stop - Noida 5,Shoppers Stop,Department Store,Noida,UP,North,SKU0019,Northline Eyeliner B,Northline,Makeup,Eyeliner,Others,Active,1889,0,3,,0,0,BGR North,3,3,,47
2026-05,OUT0005,Shoppers Stop - Noida 5,Shoppers Stop,Department Store,Noida,UP,North,SKU0020,Lumina Shampoo A,Lumina,Haircare,Shampoo,Top 10,Active,509,40,46,,3,1583,BGR North,10,9,,34
2026-05,OUT0005,Shoppers Stop - Noida 5,Shoppers Stop,Department Store,Noida,UP,North,SKU0021,Verde Shampoo B,Verde,Haircare,Shampoo,Others,Active,1319,4,7,,1,1306,BGR North,4,4,,38
2026-05,OUT0005,Shoppers Stop - Noida 5,Shoppers Stop,Department Store,Noida,UP,North,SKU0022,Northline Conditioner A,Northline,Haircare,Conditioner,Others,Active,779,28,28,,0,0,BGR North,0,0,,35
2026-05,OUT0005,Shoppers Stop - Noida 5,Shoppers Stop,Department Store,Noida,UP,North,SKU0027,Lumina EDP B,Lumina,Fragrance,EDP,Top 10,Active,529,58,64,,3,1865,BGR North,10,9,,52
2026-05,OUT0005,Shoppers Stop - Noida 5,Shoppers Stop,Department Store,Noida,UP,North,SKU0029,Blush & Co EDT B,Blush & Co,Fragrance,EDT,Top 25,Active,479,26,30,,1,501,BGR North,5,5,,56
2026-05,OUT0005,Shoppers Stop - Noida 5,Shoppers Stop,Department Store,Noida,UP,North,SKU0033,Northline Body Lotion A,Northline,Bath & Body,Body Lotion,Top 10,Active,1239,109,117,,5,7083,BGR North,13,13,,41
2026-05,OUT0005,Shoppers Stop - Noida 5,Shoppers Stop,Department Store,Noida,UP,North,SKU0034,Northline Body Lotion B,Northline,Bath & Body,Body Lotion,Top 25,Active,989,8,0,,3,2832,BGR North,7,6,,38
2026-05,OUT0005,Shoppers Stop - Noida 5,Shoppers Stop,Department Store,Noida,UP,North,SKU0035,Northline Body Wash A,Northline,Bath & Body,Body Wash,Others,Active,469,0,1,,0,0,BGR North,1,1,,43
2026-05,OUT0005,Shoppers Stop - Noida 5,Shoppers Stop,Department Store,Noida,UP,North,SKU0036,Northline Body Wash B,Northline,Bath & Body,Body Wash,Others,Active,1179,18,19,,0,0,BGR North,2,1,,37
2026-05,OUT0005,Shoppers Stop - Noida 5,Shoppers Stop,Department Store,Noida,UP,North,SKU0037,Verde Body Wash C,Verde,Bath & Body,Body Wash,Top 25,Active,2239,22,23,,1,2438,BGR North,4,2,,41
2026-05,OUT0005,Shoppers Stop - Noida 5,Shoppers Stop,Department Store,Noida,UP,North,SKU0038,Blush & Co Hand Cream A,Blush & Co,Bath & Body,Hand Cream,Others,Active,489,24,28,,0,0,BGR North,4,4,,42
2026-05,OUT0005,Shoppers Stop - Noida 5,Shoppers Stop,Department Store,Noida,UP,North,SKU0039,Northline Hand Cream B,Northline,Bath & Body,Hand Cream,Others,Active,1189,32,35,,0,0,BGR North,4,3,,40
2026-05,OUT0006,Shoppers Stop - Surat 6,Shoppers Stop,Department Store,Surat,Gujarat,West,SKU0001,Blush & Co Moisturizer A,Blush & Co,Skincare,Moisturizer,Others,Active,2319,0,2,,0,0,BGR West,3,2,,47
2026-05,OUT0006,Shoppers Stop - Surat 6,Shoppers Stop,Department Store,Surat,Gujarat,West,SKU0002,Verde Moisturizer B,Verde,Skincare,Moisturizer,Top 10,Active,1179,63,67,,7,9165,BGR West,11,11,,43
2026-05,OUT0006,Shoppers Stop - Surat 6,Shoppers Stop,Department Store,Surat,Gujarat,West,SKU0003,Verde Serum A,Verde,Skincare,Serum,Top 25,Active,2419,51,0,,2,4567,BGR West,4,2,,44
2026-05,OUT0006,Shoppers Stop - Surat 6,Shoppers Stop,Department Store,Surat,Gujarat,West,SKU0005,Northline Serum C,Northline,Skincare,Serum,Others,Inactive,1819,19,0,,0,0,BGR West,2,2,,45
2026-05,OUT0006,Shoppers Stop - Surat 6,Shoppers Stop,Department Store,Surat,Gujarat,West,SKU0006,Blush & Co Cleanser A,Blush & Co,Skincare,Cleanser,Top 10,Active,289,61,0,,10,2996,BGR West,14,13,,46
2026-05,OUT0006,Shoppers Stop - Surat 6,Shoppers Stop,Department Store,Surat,Gujarat,West,SKU0007,Northline Cleanser B,Northline,Skincare,Cleanser,Others,Active,1809,5,5,,0,0,BGR West,0,0,,46
2026-05,OUT0006,Shoppers Stop - Surat 6,Shoppers Stop,Department Store,Surat,Gujarat,West,SKU0008,Lumina Sunscreen A,Lumina,Skincare,Sunscreen,Others,Active,1599,0,1,,0,0,BGR West,2,1,,43
2026-05,OUT0006,Shoppers Stop - Surat 6,Shoppers Stop,Department Store,Surat,Gujarat,West,SKU0011,Lumina Foundation B,Lumina,Makeup,Foundation,Top 10,Inactive,1889,73,73,,1,2303,BGR West,2,1,,51
2026-05,OUT0006,Shoppers Stop - Surat 6,Shoppers Stop,Department Store,Surat,Gujarat,West,SKU0012,Northline Lipstick A,Northline,Makeup,Lipstick,Others,Active,2429,25,28,,0,0,BGR West,4,3,,48
2026-05,OUT0006,Shoppers Stop - Surat 6,Shoppers Stop,Department Store,Surat,Gujarat,West,SKU0013,Northline Lipstick B,Northline,Makeup,Lipstick,Others,Active,2469,17,17,,0,0,BGR West,0,0,,49
2026-05,OUT0006,Shoppers Stop - Surat 6,Shoppers Stop,Department Store,Surat,Gujarat,West,SKU0014,Lumina Lipstick C,Lumina,Makeup,Lipstick,Top 25,Active,1729,18,21,,1,1557,BGR West,5,4,,51
2026-05,OUT0006,Shoppers Stop - Surat 6,Shoppers Stop,Department Store,Surat,Gujarat,West,SKU0016,Verde Mascara B,Verde,Makeup,Mascara,Top 25,Active,199,30,34,,2,408,BGR West,6,6,,49
2026-05,OUT0006,Shoppers Stop - Surat 6,Shoppers Stop,Department Store,Surat,Gujarat,West,SKU0017,Lumina Mascara C,Lumina,Makeup,Mascara,Top 10,Active,529,55,58,,2,976,BGR West,5,5,,49
2026-05,OUT0006,Shoppers Stop - Surat 6,Shoppers Stop,Department Store,Surat,Gujarat,West,SKU0018,Northline Eyeliner A,Northline,Makeup,Eyeliner,Others,Active,1959,7,11,,0,0,BGR West,4,4,,49
2026-05,OUT0006,Shoppers Stop - Surat 6,Shoppers Stop,Department Store,Surat,Gujarat,West,SKU0020,Lumina Shampoo A,Lumina,Haircare,Shampoo,Top 10,Active,509,32,36,,5,2603,BGR West,9,9,,32
2026-05,OUT0006,Shoppers Stop - Surat 6,Shoppers Stop,Department Store,Surat,Gujarat,West,SKU0021,Verde Shampoo B,Verde,Haircare,Shampoo,Others,Active,1319,27,0,,0,0,BGR West,0,0,,32
2026-05,OUT0006,Shoppers Stop - Surat 6,Shoppers Stop,Department Store,Surat,Gujarat,West,SKU0027,Lumina EDP B,Lumina,Fragrance,EDP,Top 10,Active,529,6,8,,7,4287,BGR West,9,9,,58
2026-05,OUT0006,Shoppers Stop - Surat 6,Shoppers Stop,Department Store,Surat,Gujarat,West,SKU0028,Northline EDT A,Northline,Fragrance,EDT,Top 25,Active,1109,12,16,,0,0,BGR West,4,4,,53
2026-05,OUT0006,Shoppers Stop - Surat 6,Shoppers Stop,Department Store,Surat,Gujarat,West,SKU0031,Lumina Body Mist A,Lumina,Fragrance,Body Mist,Top 25,Active,2119,48,52,,3,6485,BGR West,7,7,,56
2026-05,OUT0006,Shoppers Stop - Surat 6,Shoppers Stop,Department Store,Surat,Gujarat,West,SKU0033,Northline Body Lotion A,Northline,Bath & Body,Body Lotion,Top 10,Active,1239,25,33,,12,18548,BGR West,22,20,,39
2026-05,OUT0006,Shoppers Stop - Surat 6,Shoppers Stop,Department Store,Surat,Gujarat,West,SKU0034,Northline Body Lotion B,Northline,Bath & Body,Body Lotion,Top 25,Active,989,9,12,,3,3706,BGR West,8,6,,38
2026-05,OUT0006,Shoppers Stop - Surat 6,Shoppers Stop,Department Store,Surat,Gujarat,West,SKU0035,Northline Body Wash A,Northline,Bath & Body,Body Wash,Others,Active,469,4,4,,0,0,BGR West,1,0,,40
2026-05,OUT0006,Shoppers Stop - Surat 6,Shoppers Stop,Department Store,Surat,Gujarat,West,SKU0036,Northline Body Wash B,Northline,Bath & Body,Body Wash,Others,Active,1179,19,23,,0,0,BGR West,4,4,,37
2026-05,OUT0006,Shoppers Stop - Surat 6,Shoppers Stop,Department Store,Surat,Gujarat,West,SKU0037,Verde Body Wash C,Verde,Bath & Body,Body Wash,Top 25,Active,2239,29,31,,1,2395,BGR West,4,3,,38
2026-05,OUT0006,Shoppers Stop - Surat 6,Shoppers Stop,Department Store,Surat,Gujarat,West,SKU0039,Northline Hand Cream B,Northline,Bath & Body,Hand Cream,Others,Active,1189,39,40,,1,1086,BGR West,2,2,,43
2026-05,OUT0007,Shoppers Stop - Hyderabad 7,Shoppers Stop,Department Store,Hyderabad,Telangana,South,SKU0002,Verde Moisturizer B,Verde,Skincare,Moisturizer,Top 10,Active,1179,55,64,,7,9643,BGR South,16,16,,42
2026-05,OUT0007,Shoppers Stop - Hyderabad 7,Shoppers Stop,Department Store,Hyderabad,Telangana,South,SKU0005,Northline Serum C,Northline,Skincare,Serum,Others,Inactive,1819,18,20,,0,0,BGR South,2,2,,44
2026-05,OUT0007,Shoppers Stop - Hyderabad 7,Shoppers Stop,Department Store,Hyderabad,Telangana,South,SKU0006,Blush & Co Cleanser A,Blush & Co,Skincare,Cleanser,Top 10,Active,289,14,11,,16,4744,BGR South,14,13,,45
2026-05,OUT0007,Shoppers Stop - Hyderabad 7,Shoppers Stop,Department Store,Hyderabad,Telangana,South,SKU0008,Lumina Sunscreen A,Lumina,Skincare,Sunscreen,Others,Active,1599,0,3,,0,0,BGR South,4,3,,44
2026-05,OUT0007,Shoppers Stop - Hyderabad 7,Shoppers Stop,Department Store,Hyderabad,Telangana,South,SKU0009,Blush & Co Sunscreen B,Blush & Co,Skincare,Sunscreen,Others,Inactive,1629,0,1,,1,1853,BGR South,3,2,,44
2026-05,OUT0007,Shoppers Stop - Hyderabad 7,Shoppers Stop,Department Store,Hyderabad,Telangana,South,SKU0010,Blush & Co Foundation A,Blush & Co,Makeup,Foundation,Others,Active,1419,24,25,,1,1698,BGR South,4,2,,52
2026-05,OUT0007,Shoppers Stop - Hyderabad 7,Shoppers Stop,Department Store,Hyderabad,Telangana,South,SKU0011,Lumina Foundation B,Lumina,Makeup,Foundation,Top 10,Inactive,1889,80,81,,4,7303,BGR South,7,5,,47
2026-05,OUT0007,Shoppers Stop - Hyderabad 7,Shoppers Stop,Department Store,Hyderabad,Telangana,South,SKU0012,Northline Lipstick A,Northline,Makeup,Lipstick,Others,Active,2429,1,1,,0,0,BGR South,1,0,,53
2026-05,OUT0007,Shoppers Stop - Hyderabad 7,Shoppers Stop,Department Store,Hyderabad,Telangana,South,SKU0014,Lumina Lipstick C,Lumina,Makeup,Lipstick,Top 25,Active,1729,59,63,,2,3461,BGR South,7,6,,49
2026-05,OUT0007,Shoppers Stop - Hyderabad 7,Shoppers Stop,Department Store,Hyderabad,Telangana,South,SKU0015,Blush & Co Mascara A,Blush & Co,Makeup,Mascara,Top 25,Active,1219,44,46,,3,4157,BGR South,6,5,,52
2026-05,OUT0007,Shoppers Stop - Hyderabad 7,Shoppers Stop,Department Store,Hyderabad,Telangana,South,SKU0016,Verde Mascara B,Verde,Makeup,Mascara,Top 25,Active,199,12,14,,2,418,BGR South,4,4,,51
2026-05,OUT0007,Shoppers Stop - Hyderabad 7,Shoppers Stop,Department Store,Hyderabad,Telangana,South,SKU0017,Lumina Mascara C,Lumina,Makeup,Mascara,Top 10,Active,529,13,17,,3,1946,BGR South,8,7,,47
2026-05,OUT0007,Shoppers Stop - Hyderabad 7,Shoppers Stop,Department Store,Hyderabad,Telangana,South,SKU0018,Northline Eyeliner A,Northline,Makeup,Eyeliner,Others,Active,1959,20,22,,0,0,BGR South,3,2,,49
2026-05,OUT0007,Shoppers Stop - Hyderabad 7,Shoppers Stop,Department Store,Hyderabad,Telangana,South,SKU0019,Northline Eyeliner B,Northline,Makeup,Eyeliner,Others,Active,1889,20,22,,1,2179,BGR South,5,3,,49
2026-05,OUT0007,Shoppers Stop - Hyderabad 7,Shoppers Stop,Department Store,Hyderabad,Telangana,South,SKU0022,Northline Conditioner A,Northline,Haircare,Conditioner,Others,Active,779,13,13,,0,0,BGR South,0,0,,36
2026-05,OUT0007,Shoppers Stop - Hyderabad 7,Shoppers Stop,Department Store,Hyderabad,Telangana,South,SKU0023,Northline Conditioner B,Northline,Haircare,Conditioner,Others,Active,379,18,0,,0,0,BGR South,0,0,,34
2026-05,OUT0007,Shoppers Stop - Hyderabad 7,Shoppers Stop,Department Store,Hyderabad,Telangana,South,SKU0027,Lumina EDP B,Lumina,Fragrance,EDP,Top 10,Active,529,84,83,,4,2643,BGR South,3,3,,54
2026-05,OUT0007,Shoppers Stop - Hyderabad 7,Shoppers Stop,Department Store,Hyderabad,Telangana,South,SKU0031,Lumina Body Mist A,Lumina,Fragrance,Body Mist,Top 25,Active,2119,0,0,,3,5749,BGR South,6,6,,55
2026-05,OUT0007,Shoppers Stop - Hyderabad 7,Shoppers Stop,Department Store,Hyderabad,Telangana,South,SKU0032,Northline Body Mist B,Northline,Fragrance,Body Mist,Others,Inactive,2229,15,18,,0,0,BGR South,3,3,,52
2026-05,OUT0007,Shoppers Stop - Hyderabad 7,Shoppers Stop,Department Store,Hyderabad,Telangana,South,SKU0034,Northline Body Lotion B,Northline,Bath & Body,Body Lotion,Top 25,Active,989,48,50,,4,4653,BGR South,7,6,,37
2026-05,OUT0007,Shoppers Stop - Hyderabad 7,Shoppers Stop,Department Store,Hyderabad,Telangana,South,SKU0035,Northline Body Wash A,Northline,Bath & Body,Body Wash,Others,Active,469,20,23,,0,0,BGR South,4,3,,37
2026-05,OUT0007,Shoppers Stop - Hyderabad 7,Shoppers Stop,Department Store,Hyderabad,Telangana,South,SKU0036,Northline Body Wash B,Northline,Bath & Body,Body Wash,Others,Active,1179,2,6,,0,0,BGR South,4,4,,42
2026-05,OUT0007,Shoppers Stop - Hyderabad 7,Shoppers Stop,Department Store,Hyderabad,Telangana,South,SKU0037,Verde Body Wash C,Verde,Bath & Body,Body Wash,Top 25,Active,2239,3,5,,1,2469,BGR South,4,3,,42
2026-05,OUT0007,Shoppers Stop - Hyderabad 7,Shoppers Stop,Department Store,Hyderabad,Telangana,South,SKU0039,Northline Hand Cream B,Northline,Bath & Body,Hand Cream,Others,Active,1189,13,12,,1,1127,BGR South,1,0,,39
2026-05,OUT0008,Shoppers Stop - Ahmedabad 8,Shoppers Stop,Department Store,Ahmedabad,Gujarat,West,SKU0002,Verde Moisturizer B,Verde,Skincare,Moisturizer,Top 10,Active,1179,0,0,,7,8319,BGR West,8,5,,42
2026-05,OUT0008,Shoppers Stop - Ahmedabad 8,Shoppers Stop,Department Store,Ahmedabad,Gujarat,West,SKU0003,Verde Serum A,Verde,Skincare,Serum,Top 25,Active,2419,33,37,,5,13387,BGR West,12,9,,42
2026-05,OUT0008,Shoppers Stop - Ahmedabad 8,Shoppers Stop,Department Store,Ahmedabad,Gujarat,West,SKU0004,Northline Serum B,Northline,Skincare,Serum,Top 25,Active,2489,0,4,,5,14786,BGR West,10,9,,42
2026-05,OUT0008,Shoppers Stop - Ahmedabad 8,Shoppers Stop,Department Store,Ahmedabad,Gujarat,West,SKU0006,Blush & Co Cleanser A,Blush & Co,Skincare,Cleanser,Top 10,Active,289,56,61,,12,3748,BGR West,22,17,,46
2026-05,OUT0008,Shoppers Stop - Ahmedabad 8,Shoppers Stop,Department Store,Ahmedabad,Gujarat,West,SKU0010,Blush & Co Foundation A,Blush & Co,Makeup,Foundation,Others,Active,1419,27,28,,2,2590,BGR West,3,3,,51
2026-05,OUT0008,Shoppers Stop - Ahmedabad 8,Shoppers Stop,Department Store,Ahmedabad,Gujarat,West,SKU0011,Lumina Foundation B,Lumina,Makeup,Foundation,Top 10,Inactive,1889,30,35,,8,13593,BGR West,15,13,,48
2026-05,OUT0008,Shoppers Stop - Ahmedabad 8,Shoppers Stop,Department Store,Ahmedabad,Gujarat,West,SKU0012,Northline Lipstick A,Northline,Makeup,Lipstick,Others,Active,2429,25,26,,0,0,BGR West,1,1,,49
2026-05,OUT0008,Shoppers Stop - Ahmedabad 8,Shoppers Stop,Department Store,Ahmedabad,Gujarat,West,SKU0013,Northline Lipstick B,Northline,Makeup,Lipstick,Others,Active,2469,26,28,,0,0,BGR West,3,2,,52
2026-05,OUT0008,Shoppers Stop - Ahmedabad 8,Shoppers Stop,Department Store,Ahmedabad,Gujarat,West,SKU0014,Lumina Lipstick C,Lumina,Makeup,Lipstick,Top 25,Active,1729,51,50,,5,9952,BGR West,6,4,,50
2026-05,OUT0008,Shoppers Stop - Ahmedabad 8,Shoppers Stop,Department Store,Ahmedabad,Gujarat,West,SKU0015,Blush & Co Mascara A,Blush & Co,Makeup,Mascara,Top 25,Active,1219,101,105,,3,4004,BGR West,7,7,,49
2026-05,OUT0008,Shoppers Stop - Ahmedabad 8,Shoppers Stop,Department Store,Ahmedabad,Gujarat,West,SKU0017,Lumina Mascara C,Lumina,Makeup,Mascara,Top 10,Active,529,177,12,,2,1012,BGR West,8,5,,52
2026-05,OUT0008,Shoppers Stop - Ahmedabad 8,Shoppers Stop,Department Store,Ahmedabad,Gujarat,West,SKU0019,Northline Eyeliner B,Northline,Makeup,Eyeliner,Others,Active,1889,33,34,,1,1983,BGR West,4,2,,52
2026-05,OUT0008,Shoppers Stop - Ahmedabad 8,Shoppers Stop,Department Store,Ahmedabad,Gujarat,West,SKU0020,Lumina Shampoo A,Lumina,Haircare,Shampoo,Top 10,Active,509,120,124,,7,3713,BGR West,14,11,,32
2026-05,OUT0008,Shoppers Stop - Ahmedabad 8,Shoppers Stop,Department Store,Ahmedabad,Gujarat,West,SKU0021,Verde Shampoo B,Verde,Haircare,Shampoo,Others,Active,1319,2,5,,0,0,BGR West,4,3,,32
2026-05,OUT0008,Shoppers Stop - Ahmedabad 8,Shoppers Stop,Department Store,Ahmedabad,Gujarat,West,SKU0023,Northline Conditioner B,Northline,Haircare,Conditioner,Others,Active,379,0,0,,0,0,BGR West,1,0,,37
2026-05,OUT0008,Shoppers Stop - Ahmedabad 8,Shoppers Stop,Department Store,Ahmedabad,Gujarat,West,SKU0027,Lumina EDP B,Lumina,Fragrance,EDP,Top 10,Active,529,11,12,,7,4113,BGR West,10,8,,57
2026-05,OUT0008,Shoppers Stop - Ahmedabad 8,Shoppers Stop,Department Store,Ahmedabad,Gujarat,West,SKU0028,Northline EDT A,Northline,Fragrance,EDT,Top 25,Active,1109,62,69,,5,5081,BGR West,14,12,,55
2026-05,OUT0008,Shoppers Stop - Ahmedabad 8,Shoppers Stop,Department Store,Ahmedabad,Gujarat,West,SKU0033,Northline Body Lotion A,Northline,Bath & Body,Body Lotion,Top 10,Active,1239,113,115,,8,10386,BGR West,15,10,,41
2026-05,OUT0008,Shoppers Stop - Ahmedabad 8,Shoppers Stop,Department Store,Ahmedabad,Gujarat,West,SKU0034,Northline Body Lotion B,Northline,Bath & Body,Body Lotion,Top 25,Active,989,85,86,,8,9396,BGR West,14,9,,40
2026-05,OUT0008,Shoppers Stop - Ahmedabad 8,Shoppers Stop,Department Store,Ahmedabad,Gujarat,West,SKU0035,Northline Body Wash A,Northline,Bath & Body,Body Wash,Others,Active,469,13,16,,1,578,BGR West,6,4,,37
2026-05,OUT0008,Shoppers Stop - Ahmedabad 8,Shoppers Stop,Department Store,Ahmedabad,Gujarat,West,SKU0037,Verde Body Wash C,Verde,Bath & Body,Body Wash,Top 25,Active,2239,40,0,,3,8065,BGR West,8,8,,39
2026-05,OUT0008,Shoppers Stop - Ahmedabad 8,Shoppers Stop,Department Store,Ahmedabad,Gujarat,West,SKU0039,Northline Hand Cream B,Northline,Bath & Body,Hand Cream,Others,Active,1189,10,13,,1,1236,BGR West,5,4,,38
2026-05,OUT0009,Shoppers Stop - Lucknow 9,Shoppers Stop,Department Store,Lucknow,UP,North,SKU0001,Blush & Co Moisturizer A,Blush & Co,Skincare,Moisturizer,Others,Active,2319,5,8,,0,0,BGR North,5,3,,48
2026-05,OUT0009,Shoppers Stop - Lucknow 9,Shoppers Stop,Department Store,Lucknow,UP,North,SKU0002,Verde Moisturizer B,Verde,Skincare,Moisturizer,Top 10,Active,1179,14,0,,11,11757,BGR North,13,12,,43
2026-05,OUT0009,Shoppers Stop - Lucknow 9,Shoppers Stop,Department Store,Lucknow,UP,North,SKU0005,Northline Serum C,Northline,Skincare,Serum,Others,Inactive,1819,29,32,,0,0,BGR North,3,3,,45
2026-05,OUT0009,Shoppers Stop - Lucknow 9,Shoppers Stop,Department Store,Lucknow,UP,North,SKU0006,Blush & Co Cleanser A,Blush & Co,Skincare,Cleanser,Top 10,Active,289,37,45,,17,5053,BGR North,28,25,,43
2026-05,OUT0009,Shoppers Stop - Lucknow 9,Shoppers Stop,Department Store,Lucknow,UP,North,SKU0010,Blush & Co Foundation A,Blush & Co,Makeup,Foundation,Others,Active,1419,0,3,,2,3490,BGR North,6,5,,48
2026-05,OUT0009,Shoppers Stop - Lucknow 9,Shoppers Stop,Department Store,Lucknow,UP,North,SKU0011,Lumina Foundation B,Lumina,Makeup,Foundation,Top 10,Inactive,1889,63,69,,7,16604,BGR North,15,13,,53
2026-05,OUT0009,Shoppers Stop - Lucknow 9,Shoppers Stop,Department Store,Lucknow,UP,North,SKU0012,Northline Lipstick A,Northline,Makeup,Lipstick,Others,Active,2429,22,24,,0,0,BGR North,3,2,,53
2026-05,OUT0009,Shoppers Stop - Lucknow 9,Shoppers Stop,Department Store,Lucknow,UP,North,SKU0015,Blush & Co Mascara A,Blush & Co,Makeup,Mascara,Top 25,Active,1219,122,125,,7,9551,BGR North,11,10,,52
2026-05,OUT0009,Shoppers Stop - Lucknow 9,Shoppers Stop,Department Store,Lucknow,UP,North,SKU0016,Verde Mascara B,Verde,Makeup,Mascara,Top 25,Active,199,51,54,,6,1446,BGR North,9,9,,47
2026-05,OUT0009,Shoppers Stop - Lucknow 9,Shoppers Stop,Department Store,Lucknow,UP,North,SKU0017,Lumina Mascara C,Lumina,Makeup,Mascara,Top 10,Active,529,58,61,,6,3903,BGR North,10,9,,51
2026-05,OUT0009,Shoppers Stop - Lucknow 9,Shoppers Stop,Department Store,Lucknow,UP,North,SKU0018,Northline Eyeliner A,Northline,Makeup,Eyeliner,Others,Active,1959,37,38,,0,0,BGR North,2,1,,50
2026-05,OUT0009,Shoppers Stop - Lucknow 9,Shoppers Stop,Department Store,Lucknow,UP,North,SKU0019,Northline Eyeliner B,Northline,Makeup,Eyeliner,Others,Active,1889,1,4,,2,3903,BGR North,5,5,,52
2026-05,OUT0009,Shoppers Stop - Lucknow 9,Shoppers Stop,Department Store,Lucknow,UP,North,SKU0020,Lumina Shampoo A,Lumina,Haircare,Shampoo,Top 10,Active,509,52,56,,9,5363,BGR North,13,13,,33
2026-05,OUT0009,Shoppers Stop - Lucknow 9,Shoppers Stop,Department Store,Lucknow,UP,North,SKU0021,Verde Shampoo B,Verde,Haircare,Shampoo,Others,Active,1319,24,27,,1,1366,BGR North,5,4,,37
2026-05,OUT0009,Shoppers Stop - Lucknow 9,Shoppers Stop,Department Store,Lucknow,UP,North,SKU0022,Northline Conditioner A,Northline,Haircare,Conditioner,Others,Active,779,18,19,,3,2150,BGR North,4,4,,35
2026-05,OUT0009,Shoppers Stop - Lucknow 9,Shoppers Stop,Department Store,Lucknow,UP,North,SKU0027,Lumina EDP B,Lumina,Fragrance,EDP,Top 10,Active,529,43,43,,10,6587,BGR North,10,10,,58
2026-05,OUT0009,Shoppers Stop - Lucknow 9,Shoppers Stop,Department Store,Lucknow,UP,North,SKU0030,Blush & Co EDT C,Blush & Co,Fragrance,EDT,Others,Active,779,13,14,,3,2174,BGR North,6,4,,56
2026-05,OUT0009,Shoppers Stop - Lucknow 9,Shoppers Stop,Department Store,Lucknow,UP,North,SKU0031,Lumina Body Mist A,Lumina,Fragrance,Body Mist,Top 25,Active,2119,68,70,,5,9863,BGR North,10,7,,53
2026-05,OUT0009,Shoppers Stop - Lucknow 9,Shoppers Stop,Department Store,Lucknow,UP,North,SKU0032,Northline Body Mist B,Northline,Fragrance,Body Mist,Others,Inactive,2229,32,31,,1,2585,BGR North,1,0,,54
2026-05,OUT0009,Shoppers Stop - Lucknow 9,Shoppers Stop,Department Store,Lucknow,UP,North,SKU0033,Northline Body Lotion A,Northline,Bath & Body,Body Lotion,Top 10,Active,1239,0,9,,15,16817,BGR North,24,24,,43
2026-05,OUT0009,Shoppers Stop - Lucknow 9,Shoppers Stop,Department Store,Lucknow,UP,North,SKU0037,Verde Body Wash C,Verde,Bath & Body,Body Wash,Top 25,Active,2239,0,3,,4,10428,BGR North,7,7,,41
2026-05,OUT0009,Shoppers Stop - Lucknow 9,Shoppers Stop,Department Store,Lucknow,UP,North,SKU0038,Blush & Co Hand Cream A,Blush & Co,Bath & Body,Hand Cream,Others,Active,489,36,37,,1,589,BGR North,2,2,,38
2026-05,OUT0010,Shoppers Stop - Coimbatore 10,Shoppers Stop,Department Store,Coimbatore,Tamil Nadu,South,SKU0001,Blush & Co Moisturizer A,Blush & Co,Skincare,Moisturizer,Others,Active,2319,29,32,,0,0,BGR South,3,3,,47
2026-05,OUT0010,Shoppers Stop - Coimbatore 10,Shoppers Stop,Department Store,Coimbatore,Tamil Nadu,South,SKU0002,Verde Moisturizer B,Verde,Skincare,Moisturizer,Top 10,Active,1179,39,44,,7,8005,BGR South,12,12,,42
2026-05,OUT0010,Shoppers Stop - Coimbatore 10,Shoppers Stop,Department Store,Coimbatore,Tamil Nadu,South,SKU0003,Verde Serum A,Verde,Skincare,Serum,Top 25,Active,2419,54,56,,4,10421,BGR South,8,6,,44
2026-05,OUT0010,Shoppers Stop - Coimbatore 10,Shoppers Stop,Department Store,Coimbatore,Tamil Nadu,South,SKU0006,Blush & Co Cleanser A,Blush & Co,Skincare,Cleanser,Top 10,Active,289,87,98,,19,6243,BGR South,30,30,,43
2026-05,OUT0010,Shoppers Stop - Coimbatore 10,Shoppers Stop,Department Store,Coimbatore,Tamil Nadu,South,SKU0008,Lumina Sunscreen A,Lumina,Skincare,Sunscreen,Others,Active,1599,0,4,,0,0,BGR South,4,4,,46
2026-05,OUT0010,Shoppers Stop - Coimbatore 10,Shoppers Stop,Department Store,Coimbatore,Tamil Nadu,South,SKU0009,Blush & Co Sunscreen B,Blush & Co,Skincare,Sunscreen,Others,Inactive,1629,0,3,,1,1670,BGR South,6,4,,48
2026-05,OUT0010,Shoppers Stop - Coimbatore 10,Shoppers Stop,Department Store,Coimbatore,Tamil Nadu,South,SKU0011,Lumina Foundation B,Lumina,Makeup,Foundation,Top 10,Inactive,1889,44,44,,3,5482,BGR South,4,3,,48
2026-05,OUT0010,Shoppers Stop - Coimbatore 10,Shoppers Stop,Department Store,Coimbatore,Tamil Nadu,South,SKU0012,Northline Lipstick A,Northline,Makeup,Lipstick,Others,Active,2429,5,5,,0,0,BGR South,0,0,,48
2026-05,OUT0010,Shoppers Stop - Coimbatore 10,Shoppers Stop,Department Store,Coimbatore,Tamil Nadu,South,SKU0013,Northline Lipstick B,Northline,Makeup,Lipstick,Others,Active,2469,0,0,,0,0,BGR South,4,4,,48
2026-05,OUT0010,Shoppers Stop - Coimbatore 10,Shoppers Stop,Department Store,Coimbatore,Tamil Nadu,South,SKU0015,Blush & Co Mascara A,Blush & Co,Makeup,Mascara,Top 25,Active,1219,63,0,,3,3943,BGR South,7,7,,53
2026-05,OUT0010,Shoppers Stop - Coimbatore 10,Shoppers Stop,Department Store,Coimbatore,Tamil Nadu,South,SKU0017,Lumina Mascara C,Lumina,Makeup,Mascara,Top 10,Active,529,15,16,,5,3321,BGR South,9,6,,53
2026-05,OUT0010,Shoppers Stop - Coimbatore 10,Shoppers Stop,Department Store,Coimbatore,Tamil Nadu,South,SKU0020,Lumina Shampoo A,Lumina,Haircare,Shampoo,Top 10,Active,509,77,78,,6,3622,BGR South,10,7,,32
2026-05,OUT0010,Shoppers Stop - Coimbatore 10,Shoppers Stop,Department Store,Coimbatore,Tamil Nadu,South,SKU0023,Northline Conditioner B,Northline,Haircare,Conditioner,Others,Active,379,9,9,,0,0,BGR South,0,0,,37
2026-05,OUT0010,Shoppers Stop - Coimbatore 10,Shoppers Stop,Department Store,Coimbatore,Tamil Nadu,South,SKU0027,Lumina EDP B,Lumina,Fragrance,EDP,Top 10,Active,529,61,68,,8,3971,BGR South,15,15,,55
2026-05,OUT0010,Shoppers Stop - Coimbatore 10,Shoppers Stop,Department Store,Coimbatore,Tamil Nadu,South,SKU0028,Northline EDT A,Northline,Fragrance,EDT,Top 25,Active,1109,66,67,,7,7129,BGR South,10,8,,54
2026-05,OUT0010,Shoppers Stop - Coimbatore 10,Shoppers Stop,Department Store,Coimbatore,Tamil Nadu,South,SKU0030,Blush & Co EDT C,Blush & Co,Fragrance,EDT,Others,Active,779,17,20,,2,1713,BGR South,5,5,,54
2026-05,OUT0010,Shoppers Stop - Coimbatore 10,Shoppers Stop,Department Store,Coimbatore,Tamil Nadu,South,SKU0031,Lumina Body Mist A,Lumina,Fragrance,Body Mist,Top 25,Active,2119,47,47,,4,9387,BGR South,5,4,,52
2026-05,OUT0010,Shoppers Stop - Coimbatore 10,Shoppers Stop,Department Store,Coimbatore,Tamil Nadu,South,SKU0033,Northline Body Lotion A,Northline,Bath & Body,Body Lotion,Top 10,Active,1239,86,95,,9,10734,BGR South,18,18,,39
2026-05,OUT0010,Shoppers Stop - Coimbatore 10,Shoppers Stop,Department Store,Coimbatore,Tamil Nadu,South,SKU0034,Northline Body Lotion B,Northline,Bath & Body,Body Lotion,Top 25,Active,989,39,40,,3,3456,BGR South,6,4,,40
2026-05,OUT0010,Shoppers Stop - Coimbatore 10,Shoppers Stop,Department Store,Coimbatore,Tamil Nadu,South,SKU0035,Northline Body Wash A,Northline,Bath & Body,Body Wash,Others,Active,469,9,9,,0,0,BGR South,0,0,,41
2026-05,OUT0010,Shoppers Stop - Coimbatore 10,Shoppers Stop,Department Store,Coimbatore,Tamil Nadu,South,SKU0036,Northline Body Wash B,Northline,Bath & Body,Body Wash,Others,Active,1179,8,10,,0,0,BGR South,2,2,,37
2026-05,OUT0010,Shoppers Stop - Coimbatore 10,Shoppers Stop,Department Store,Coimbatore,Tamil Nadu,South,SKU0037,Verde Body Wash C,Verde,Bath & Body,Body Wash,Top 25,Active,2239,40,41,,0,0,BGR South,2,1,,40
2026-05,OUT0010,Shoppers Stop - Coimbatore 10,Shoppers Stop,Department Store,Coimbatore,Tamil Nadu,South,SKU0038,Blush & Co Hand Cream A,Blush & Co,Bath & Body,Hand Cream,Others,Active,489,27,27,,0,0,BGR South,1,0,,42
2026-05,OUT0010,Shoppers Stop - Coimbatore 10,Shoppers Stop,Department Store,Coimbatore,Tamil Nadu,South,SKU0039,Northline Hand Cream B,Northline,Bath & Body,Hand Cream,Others,Active,1189,7,8,,0,0,BGR South,1,1,,40
2026-05,OUT0011,Nykaa Luxe - Pune 1,Nykaa Luxe,MBO,Pune,Maharashtra,West,SKU0001,Blush & Co Moisturizer A,Blush & Co,Skincare,Moisturizer,Others,Active,2319,6,0,,2,5038,BGR West,4,4,,48
2026-05,OUT0011,Nykaa Luxe - Pune 1,Nykaa Luxe,MBO,Pune,Maharashtra,West,SKU0002,Verde Moisturizer B,Verde,Skincare,Moisturizer,Top 10,Active,1179,202,202,,12,12975,BGR West,18,12,,42
2026-05,OUT0011,Nykaa Luxe - Pune 1,Nykaa Luxe,MBO,Pune,Maharashtra,West,SKU0003,Verde Serum A,Verde,Skincare,Serum,Top 25,Active,2419,62,66,,10,30349,BGR West,14,14,,43
2026-05,OUT0011,Nykaa Luxe - Pune 1,Nykaa Luxe,MBO,Pune,Maharashtra,West,SKU0005,Northline Serum C,Northline,Skincare,Serum,Others,Inactive,1819,12,13,,2,4202,BGR West,3,3,,47
2026-05,OUT0011,Nykaa Luxe - Pune 1,Nykaa Luxe,MBO,Pune,Maharashtra,West,SKU0006,Blush & Co Cleanser A,Blush & Co,Skincare,Cleanser,Top 10,Active,289,29,25,,31,8816,BGR West,27,27,,46
2026-05,OUT0011,Nykaa Luxe - Pune 1,Nykaa Luxe,MBO,Pune,Maharashtra,West,SKU0008,Lumina Sunscreen A,Lumina,Skincare,Sunscreen,Others,Active,1599,28,29,,1,1639,BGR West,2,2,,46
2026-05,OUT0011,Nykaa Luxe - Pune 1,Nykaa Luxe,MBO,Pune,Maharashtra,West,SKU0011,Lumina Foundation B,Lumina,Makeup,Foundation,Top 10,Inactive,1889,79,84,,15,33386,BGR West,20,20,,48
2026-05,OUT0011,Nykaa Luxe - Pune 1,Nykaa Luxe,MBO,Pune,Maharashtra,West,SKU0012,Northline Lipstick A,Northline,Makeup,Lipstick,Others,Active,2429,3,6,,1,2845,BGR West,5,4,,51
2026-05,OUT0011,Nykaa Luxe - Pune 1,Nykaa Luxe,MBO,Pune,Maharashtra,West,SKU0015,Blush & Co Mascara A,Blush & Co,Makeup,Mascara,Top 25,Active,1219,63,63,,9,11165,BGR West,9,9,,49
2026-05,OUT0011,Nykaa Luxe - Pune 1,Nykaa Luxe,MBO,Pune,Maharashtra,West,SKU0016,Verde Mascara B,Verde,Makeup,Mascara,Top 25,Active,199,42,48,,8,1956,BGR West,14,14,,47
2026-05,OUT0011,Nykaa Luxe - Pune 1,Nykaa Luxe,MBO,Pune,Maharashtra,West,SKU0017,Lumina Mascara C,Lumina,Makeup,Mascara,Top 10,Active,529,131,137,,14,6714,BGR West,26,20,,48
2026-05,OUT0011,Nykaa Luxe - Pune 1,Nykaa Luxe,MBO,Pune,Maharashtra,West,SKU0018,Northline Eyeliner A,Northline,Makeup,Eyeliner,Others,Active,1959,32,35,,0,0,BGR West,4,3,,47
2026-05,OUT0011,Nykaa Luxe - Pune 1,Nykaa Luxe,MBO,Pune,Maharashtra,West,SKU0019,Northline Eyeliner B,Northline,Makeup,Eyeliner,Others,Active,1889,20,26,,2,4604,BGR West,8,8,,49
2026-05,OUT0011,Nykaa Luxe - Pune 1,Nykaa Luxe,MBO,Pune,Maharashtra,West,SKU0020,Lumina Shampoo A,Lumina,Haircare,Shampoo,Top 10,Active,509,246,250,,23,10538,BGR West,31,27,,38
2026-05,OUT0011,Nykaa Luxe - Pune 1,Nykaa Luxe,MBO,Pune,Maharashtra,West,SKU0021,Verde Shampoo B,Verde,Haircare,Shampoo,Others,Active,1319,12,13,,2,2799,BGR West,3,3,,32
2026-05,OUT0011,Nykaa Luxe - Pune 1,Nykaa Luxe,MBO,Pune,Maharashtra,West,SKU0022,Northline Conditioner A,Northline,Haircare,Conditioner,Others,Active,779,45,49,,3,2821,BGR West,9,7,,35
2026-05,OUT0011,Nykaa Luxe - Pune 1,Nykaa Luxe,MBO,Pune,Maharashtra,West,SKU0027,Lumina EDP B,Lumina,Fragrance,EDP,Top 10,Active,529,110,118,,20,11057,BGR West,28,28,,52
2026-05,OUT0011,Nykaa Luxe - Pune 1,Nykaa Luxe,MBO,Pune,Maharashtra,West,SKU0033,Northline Body Lotion A,Northline,Bath & Body,Body Lotion,Top 10,Active,1239,213,213,,17,24191,BGR West,19,17,,39
2026-05,OUT0011,Nykaa Luxe - Pune 1,Nykaa Luxe,MBO,Pune,Maharashtra,West,SKU0034,Northline Body Lotion B,Northline,Bath & Body,Body Lotion,Top 25,Active,989,138,137,,8,8345,BGR West,8,7,,40
2026-05,OUT0011,Nykaa Luxe - Pune 1,Nykaa Luxe,MBO,Pune,Maharashtra,West,SKU0035,Northline Body Wash A,Northline,Bath & Body,Body Wash,Others,Active,469,26,27,,1,493,BGR West,3,2,,37
2026-05,OUT0011,Nykaa Luxe - Pune 1,Nykaa Luxe,MBO,Pune,Maharashtra,West,SKU0037,Verde Body Wash C,Verde,Bath & Body,Body Wash,Top 25,Active,2239,64,65,,5,10503,BGR West,8,6,,39
2026-05,OUT0011,Nykaa Luxe - Pune 1,Nykaa Luxe,MBO,Pune,Maharashtra,West,SKU0038,Blush & Co Hand Cream A,Blush & Co,Bath & Body,Hand Cream,Others,Active,489,28,31,,2,917,BGR West,6,5,,40
2026-05,OUT0011,Nykaa Luxe - Pune 1,Nykaa Luxe,MBO,Pune,Maharashtra,West,SKU0039,Northline Hand Cream B,Northline,Bath & Body,Hand Cream,Others,Active,1189,94,98,,2,2378,BGR West,7,6,,41
2026-05,OUT0012,Nykaa Luxe - Bhubaneswar 2,Nykaa Luxe,MBO,Bhubaneswar,Odisha,East,SKU0001,Blush & Co Moisturizer A,Blush & Co,Skincare,Moisturizer,Others,Active,2319,14,17,,0,0,BGR East,4,3,,42
2026-05,OUT0012,Nykaa Luxe - Bhubaneswar 2,Nykaa Luxe,MBO,Bhubaneswar,Odisha,East,SKU0002,Verde Moisturizer B,Verde,Skincare,Moisturizer,Top 10,Active,1179,0,9,,5,5831,BGR East,14,14,,48
2026-05,OUT0012,Nykaa Luxe - Bhubaneswar 2,Nykaa Luxe,MBO,Bhubaneswar,Odisha,East,SKU0003,Verde Serum A,Verde,Skincare,Serum,Top 25,Active,2419,86,0,,7,21318,BGR East,16,12,,44
2026-05,OUT0012,Nykaa Luxe - Bhubaneswar 2,Nykaa Luxe,MBO,Bhubaneswar,Odisha,East,SKU0004,Northline Serum B,Northline,Skincare,Serum,Top 25,Active,2489,51,53,,2,4542,BGR East,7,4,,44
2026-05,OUT0012,Nykaa Luxe - Bhubaneswar 2,Nykaa Luxe,MBO,Bhubaneswar,Odisha,East,SKU0006,Blush & Co Cleanser A,Blush & Co,Skincare,Cleanser,Top 10,Active,289,18,18,,11,3672,BGR East,12,11,,44
2026-05,OUT0012,Nykaa Luxe - Bhubaneswar 2,Nykaa Luxe,MBO,Bhubaneswar,Odisha,East,SKU0009,Blush & Co Sunscreen B,Blush & Co,Skincare,Sunscreen,Others,Inactive,1629,3,5,,0,0,BGR East,3,2,,46
2026-05,OUT0012,Nykaa Luxe - Bhubaneswar 2,Nykaa Luxe,MBO,Bhubaneswar,Odisha,East,SKU0010,Blush & Co Foundation A,Blush & Co,Makeup,Foundation,Others,Active,1419,33,34,,1,1730,BGR East,3,2,,47
2026-05,OUT0012,Nykaa Luxe - Bhubaneswar 2,Nykaa Luxe,MBO,Bhubaneswar,Odisha,East,SKU0011,Lumina Foundation B,Lumina,Makeup,Foundation,Top 10,Inactive,1889,1,23,,4,7527,BGR East,12,11,,47
2026-05,OUT0012,Nykaa Luxe - Bhubaneswar 2,Nykaa Luxe,MBO,Bhubaneswar,Odisha,East,SKU0012,Northline Lipstick A,Northline,Makeup,Lipstick,Others,Active,2429,11,15,,0,0,BGR East,4,4,,48
2026-05,OUT0012,Nykaa Luxe - Bhubaneswar 2,Nykaa Luxe,MBO,Bhubaneswar,Odisha,East,SKU0014,Lumina Lipstick C,Lumina,Makeup,Lipstick,Top 25,Active,1729,14,18,,4,7200,BGR East,8,8,,47
2026-05,OUT0012,Nykaa Luxe - Bhubaneswar 2,Nykaa Luxe,MBO,Bhubaneswar,Odisha,East,SKU0015,Blush & Co Mascara A,Blush & Co,Makeup,Mascara,Top 25,Active,1219,7,21,,4,5237,BGR East,5,4,,52
2026-05,OUT0012,Nykaa Luxe - Bhubaneswar 2,Nykaa Luxe,MBO,Bhubaneswar,Odisha,East,SKU0017,Lumina Mascara C,Lumina,Makeup,Mascara,Top 10,Active,529,51,56,,4,2557,BGR East,9,9,,51
2026-05,OUT0012,Nykaa Luxe - Bhubaneswar 2,Nykaa Luxe,MBO,Bhubaneswar,Odisha,East,SKU0018,Northline Eyeliner A,Northline,Makeup,Eyeliner,Others,Active,1959,17,17,,0,0,BGR East,1,0,,51
2026-05,OUT0012,Nykaa Luxe - Bhubaneswar 2,Nykaa Luxe,MBO,Bhubaneswar,Odisha,East,SKU0019,Northline Eyeliner B,Northline,Makeup,Eyeliner,Others,Active,1889,0,4,,0,0,BGR East,4,4,,53
2026-05,OUT0012,Nykaa Luxe - Bhubaneswar 2,Nykaa Luxe,MBO,Bhubaneswar,Odisha,East,SKU0020,Lumina Shampoo A,Lumina,Haircare,Shampoo,Top 10,Active,509,46,0,,14,7657,BGR East,13,10,,38
2026-05,OUT0012,Nykaa Luxe - Bhubaneswar 2,Nykaa Luxe,MBO,Bhubaneswar,Odisha,East,SKU0022,Northline Conditioner A,Northline,Haircare,Conditioner,Others,Active,779,24,26,,1,908,BGR East,5,3,,33
2026-05,OUT0012,Nykaa Luxe - Bhubaneswar 2,Nykaa Luxe,MBO,Bhubaneswar,Odisha,East,SKU0027,Lumina EDP B,Lumina,Fragrance,EDP,Top 10,Active,529,21,29,,5,2829,BGR East,14,13,,57
2026-05,OUT0012,Nykaa Luxe - Bhubaneswar 2,Nykaa Luxe,MBO,Bhubaneswar,Odisha,East,SKU0028,Northline EDT A,Northline,Fragrance,EDT,Top 25,Active,1109,3,5,,4,4113,BGR East,6,6,,53
2026-05,OUT0012,Nykaa Luxe - Bhubaneswar 2,Nykaa Luxe,MBO,Bhubaneswar,Odisha,East,SKU0029,Blush & Co EDT B,Blush & Co,Fragrance,EDT,Top 25,Active,479,14,13,,3,1353,BGR East,3,2,,57
2026-05,OUT0012,Nykaa Luxe - Bhubaneswar 2,Nykaa Luxe,MBO,Bhubaneswar,Odisha,East,SKU0031,Lumina Body Mist A,Lumina,Fragrance,Body Mist,Top 25,Active,2119,13,16,,4,8124,BGR East,7,7,,54
2026-05,OUT0012,Nykaa Luxe - Bhubaneswar 2,Nykaa Luxe,MBO,Bhubaneswar,Odisha,East,SKU0032,Northline Body Mist B,Northline,Fragrance,Body Mist,Others,Inactive,2229,4,5,,1,2265,BGR East,3,2,,53
2026-05,OUT0012,Nykaa Luxe - Bhubaneswar 2,Nykaa Luxe,MBO,Bhubaneswar,Odisha,East,SKU0033,Northline Body Lotion A,Northline,Bath & Body,Body Lotion,Top 10,Active,1239,102,108,,11,12334,BGR East,19,17,,39
2026-05,OUT0012,Nykaa Luxe - Bhubaneswar 2,Nykaa Luxe,MBO,Bhubaneswar,Odisha,East,SKU0034,Northline Body Lotion B,Northline,Bath & Body,Body Lotion,Top 25,Active,989,38,39,,4,4798,BGR East,5,5,,41
2026-05,OUT0012,Nykaa Luxe - Bhubaneswar 2,Nykaa Luxe,MBO,Bhubaneswar,Odisha,East,SKU0035,Northline Body Wash A,Northline,Bath & Body,Body Wash,Others,Active,469,0,0,,0,0,BGR East,0,0,,43
2026-05,OUT0012,Nykaa Luxe - Bhubaneswar 2,Nykaa Luxe,MBO,Bhubaneswar,Odisha,East,SKU0036,Northline Body Wash B,Northline,Bath & Body,Body Wash,Others,Active,1179,8,10,,0,0,BGR East,3,2,,42
2026-05,OUT0012,Nykaa Luxe - Bhubaneswar 2,Nykaa Luxe,MBO,Bhubaneswar,Odisha,East,SKU0037,Verde Body Wash C,Verde,Bath & Body,Body Wash,Top 25,Active,2239,23,26,,2,4430,BGR East,6,5,,40
2026-05,OUT0012,Nykaa Luxe - Bhubaneswar 2,Nykaa Luxe,MBO,Bhubaneswar,Odisha,East,SKU0038,Blush & Co Hand Cream A,Blush & Co,Bath & Body,Hand Cream,Others,Active,489,0,0,,1,527,BGR East,2,1,,40
2026-05,OUT0013,Nykaa Luxe - Mysore 3,Nykaa Luxe,MBO,Mysore,Karnataka,South,SKU0001,Blush & Co Moisturizer A,Blush & Co,Skincare,Moisturizer,Others,Active,2319,27,28,,1,2855,BGR South,2,2,,44
2026-05,OUT0013,Nykaa Luxe - Mysore 3,Nykaa Luxe,MBO,Mysore,Karnataka,South,SKU0002,Verde Moisturizer B,Verde,Skincare,Moisturizer,Top 10,Active,1179,33,41,,19,22779,BGR South,27,27,,44
2026-05,OUT0013,Nykaa Luxe - Mysore 3,Nykaa Luxe,MBO,Mysore,Karnataka,South,SKU0003,Verde Serum A,Verde,Skincare,Serum,Top 25,Active,2419,95,61,,9,21524,BGR South,13,12,,44
2026-05,OUT0013,Nykaa Luxe - Mysore 3,Nykaa Luxe,MBO,Mysore,Karnataka,South,SKU0004,Northline Serum B,Northline,Skincare,Serum,Top 25,Active,2489,49,49,,4,10259,BGR South,7,4,,42
2026-05,OUT0013,Nykaa Luxe - Mysore 3,Nykaa Luxe,MBO,Mysore,Karnataka,South,SKU0005,Northline Serum C,Northline,Skincare,Serum,Others,Inactive,1819,15,17,,0,0,BGR South,4,2,,48
2026-05,OUT0013,Nykaa Luxe - Mysore 3,Nykaa Luxe,MBO,Mysore,Karnataka,South,SKU0006,Blush & Co Cleanser A,Blush & Co,Skincare,Cleanser,Top 10,Active,289,17,10,,27,7395,BGR South,22,20,,46
2026-05,OUT0013,Nykaa Luxe - Mysore 3,Nykaa Luxe,MBO,Mysore,Karnataka,South,SKU0009,Blush & Co Sunscreen B,Blush & Co,Skincare,Sunscreen,Others,Inactive,1629,55,57,,3,5404,BGR South,5,5,,43
2026-05,OUT0013,Nykaa Luxe - Mysore 3,Nykaa Luxe,MBO,Mysore,Karnataka,South,SKU0011,Lumina Foundation B,Lumina,Makeup,Foundation,Top 10,Inactive,1889,19,34,,13,27092,BGR South,28,28,,48
2026-05,OUT0013,Nykaa Luxe - Mysore 3,Nykaa Luxe,MBO,Mysore,Karnataka,South,SKU0012,Northline Lipstick A,Northline,Makeup,Lipstick,Others,Active,2429,34,36,,1,2954,BGR South,5,3,,48
2026-05,OUT0013,Nykaa Luxe - Mysore 3,Nykaa Luxe,MBO,Mysore,Karnataka,South,SKU0015,Blush & Co Mascara A,Blush & Co,Makeup,Mascara,Top 25,Active,1219,6,9,,8,9205,BGR South,13,11,,50
2026-05,OUT0013,Nykaa Luxe - Mysore 3,Nykaa Luxe,MBO,Mysore,Karnataka,South,SKU0016,Verde Mascara B,Verde,Makeup,Mascara,Top 25,Active,199,60,64,,7,1394,BGR South,13,11,,52
2026-05,OUT0013,Nykaa Luxe - Mysore 3,Nykaa Luxe,MBO,Mysore,Karnataka,South,SKU0017,Lumina Mascara C,Lumina,Makeup,Mascara,Top 10,Active,529,72,74,,16,9459,BGR South,23,18,,51
2026-05,OUT0013,Nykaa Luxe - Mysore 3,Nykaa Luxe,MBO,Mysore,Karnataka,South,SKU0018,Northline Eyeliner A,Northline,Makeup,Eyeliner,Others,Active,1959,27,29,,1,2155,BGR South,4,3,,47
2026-05,OUT0013,Nykaa Luxe - Mysore 3,Nykaa Luxe,MBO,Mysore,Karnataka,South,SKU0019,Northline Eyeliner B,Northline,Makeup,Eyeliner,Others,Active,1889,6,7,,1,1707,BGR South,3,2,,47
2026-05,OUT0013,Nykaa Luxe - Mysore 3,Nykaa Luxe,MBO,Mysore,Karnataka,South,SKU0020,Lumina Shampoo A,Lumina,Haircare,Shampoo,Top 10,Active,509,58,0,,17,8249,BGR South,34,32,,35
2026-05,OUT0013,Nykaa Luxe - Mysore 3,Nykaa Luxe,MBO,Mysore,Karnataka,South,SKU0021,Verde Shampoo B,Verde,Haircare,Shampoo,Others,Active,1319,20,0,,2,2547,BGR South,6,5,,35
2026-05,OUT0013,Nykaa Luxe - Mysore 3,Nykaa Luxe,MBO,Mysore,Karnataka,South,SKU0023,Northline Conditioner B,Northline,Haircare,Conditioner,Others,Active,379,14,15,,0,0,BGR South,2,1,,33
2026-05,OUT0013,Nykaa Luxe - Mysore 3,Nykaa Luxe,MBO,Mysore,Karnataka,South,SKU0027,Lumina EDP B,Lumina,Fragrance,EDP,Top 10,Active,529,0,12,,11,5921,BGR South,23,23,,58
2026-05,OUT0013,Nykaa Luxe - Mysore 3,Nykaa Luxe,MBO,Mysore,Karnataka,South,SKU0031,Lumina Body Mist A,Lumina,Fragrance,Body Mist,Top 25,Active,2119,45,0,,12,31149,BGR South,15,15,,55
2026-05,OUT0013,Nykaa Luxe - Mysore 3,Nykaa Luxe,MBO,Mysore,Karnataka,South,SKU0032,Northline Body Mist B,Northline,Fragrance,Body Mist,Others,Inactive,2229,24,22,,3,7290,BGR South,2,1,,54
2026-05,OUT0013,Nykaa Luxe - Mysore 3,Nykaa Luxe,MBO,Mysore,Karnataka,South,SKU0033,Northline Body Lotion A,Northline,Bath & Body,Body Lotion,Top 10,Active,1239,290,313,,23,35333,BGR South,49,46,,37
2026-05,OUT0013,Nykaa Luxe - Mysore 3,Nykaa Luxe,MBO,Mysore,Karnataka,South,SKU0034,Northline Body Lotion B,Northline,Bath & Body,Body Lotion,Top 25,Active,989,2,2,,16,17764,BGR South,21,16,,42
2026-05,OUT0013,Nykaa Luxe - Mysore 3,Nykaa Luxe,MBO,Mysore,Karnataka,South,SKU0038,Blush & Co Hand Cream A,Blush & Co,Bath & Body,Hand Cream,Others,Active,489,22,0,,2,1116,BGR South,3,3,,39
2026-05,OUT0014,Nykaa Luxe - Noida 4,Nykaa Luxe,MBO,Noida,UP,North,SKU0002,Verde Moisturizer B,Verde,Skincare,Moisturizer,Top 10,Active,1179,188,0,,9,9563,BGR North,16,15,,42
2026-05,OUT0014,Nykaa Luxe - Noida 4,Nykaa Luxe,MBO,Noida,UP,North,SKU0003,Verde Serum A,Verde,Skincare,Serum,Top 25,Active,2419,23,28,,8,20385,BGR North,13,13,,48
2026-05,OUT0014,Nykaa Luxe - Noida 4,Nykaa Luxe,MBO,Noida,UP,North,SKU0004,Northline Serum B,Northline,Skincare,Serum,Top 25,Active,2489,18,21,,4,10944,BGR North,7,7,,44
2026-05,OUT0014,Nykaa Luxe - Noida 4,Nykaa Luxe,MBO,Noida,UP,North,SKU0006,Blush & Co Cleanser A,Blush & Co,Skincare,Cleanser,Top 10,Active,289,164,171,,15,4946,BGR North,32,22,,48
2026-05,OUT0014,Nykaa Luxe - Noida 4,Nykaa Luxe,MBO,Noida,UP,North,SKU0007,Northline Cleanser B,Northline,Skincare,Cleanser,Others,Active,1809,20,21,,0,0,BGR North,1,1,,43
2026-05,OUT0014,Nykaa Luxe - Noida 4,Nykaa Luxe,MBO,Noida,UP,North,SKU0008,Lumina Sunscreen A,Lumina,Skincare,Sunscreen,Others,Active,1599,24,24,,0,0,BGR North,0,0,,47
2026-05,OUT0014,Nykaa Luxe - Noida 4,Nykaa Luxe,MBO,Noida,UP,North,SKU0010,Blush & Co Foundation A,Blush & Co,Makeup,Foundation,Others,Active,1419,0,5,,1,1626,BGR North,6,6,,47
2026-05,OUT0014,Nykaa Luxe - Noida 4,Nykaa Luxe,MBO,Noida,UP,North,SKU0011,Lumina Foundation B,Lumina,Makeup,Foundation,Top 10,Inactive,1889,26,33,,6,13182,BGR North,14,13,,47
2026-05,OUT0014,Nykaa Luxe - Noida 4,Nykaa Luxe,MBO,Noida,UP,North,SKU0013,Northline Lipstick B,Northline,Makeup,Lipstick,Others,Active,2469,15,15,,0,0,BGR North,0,0,,49
2026-05,OUT0014,Nykaa Luxe - Noida 4,Nykaa Luxe,MBO,Noida,UP,North,SKU0017,Lumina Mascara C,Lumina,Makeup,Mascara,Top 10,Active,529,24,29,,6,3440,BGR North,11,11,,48
2026-05,OUT0014,Nykaa Luxe - Noida 4,Nykaa Luxe,MBO,Noida,UP,North,SKU0019,Northline Eyeliner B,Northline,Makeup,Eyeliner,Others,Active,1889,12,15,,1,1850,BGR North,5,4,,49
2026-05,OUT0014,Nykaa Luxe - Noida 4,Nykaa Luxe,MBO,Noida,UP,North,SKU0020,Lumina Shampoo A,Lumina,Haircare,Shampoo,Top 10,Active,509,23,19,,9,4909,BGR North,8,5,,36
2026-05,OUT0014,Nykaa Luxe - Noida 4,Nykaa Luxe,MBO,Noida,UP,North,SKU0021,Verde Shampoo B,Verde,Haircare,Shampoo,Others,Active,1319,10,10,,1,1553,BGR North,2,1,,35
2026-05,OUT0014,Nykaa Luxe - Noida 4,Nykaa Luxe,MBO,Noida,UP,North,SKU0022,Northline Conditioner A,Northline,Haircare,Conditioner,Others,Active,779,16,21,,1,877,BGR North,7,6,,32
2026-05,OUT0014,Nykaa Luxe - Noida 4,Nykaa Luxe,MBO,Noida,UP,North,SKU0027,Lumina EDP B,Lumina,Fragrance,EDP,Top 10,Active,529,73,79,,7,3965,BGR North,15,13,,54
2026-05,OUT0014,Nykaa Luxe - Noida 4,Nykaa Luxe,MBO,Noida,UP,North,SKU0028,Northline EDT A,Northline,Fragrance,EDT,Top 25,Active,1109,154,153,,7,9367,BGR North,7,6,,53
2026-05,OUT0014,Nykaa Luxe - Noida 4,Nykaa Luxe,MBO,Noida,UP,North,SKU0029,Blush & Co EDT B,Blush & Co,Fragrance,EDT,Top 25,Active,479,110,114,,4,2107,BGR North,12,8,,57
2026-05,OUT0014,Nykaa Luxe - Noida 4,Nykaa Luxe,MBO,Noida,UP,North,SKU0030,Blush & Co EDT C,Blush & Co,Fragrance,EDT,Others,Active,779,2,0,,3,2729,BGR North,3,2,,53
2026-05,OUT0014,Nykaa Luxe - Noida 4,Nykaa Luxe,MBO,Noida,UP,North,SKU0031,Lumina Body Mist A,Lumina,Fragrance,Body Mist,Top 25,Active,2119,50,53,,5,12669,BGR North,8,8,,56
2026-05,OUT0014,Nykaa Luxe - Noida 4,Nykaa Luxe,MBO,Noida,UP,North,SKU0032,Northline Body Mist B,Northline,Fragrance,Body Mist,Others,Inactive,2229,57,5,,1,2416,BGR North,3,3,,57
2026-05,OUT0014,Nykaa Luxe - Noida 4,Nykaa Luxe,MBO,Noida,UP,North,SKU0033,Northline Body Lotion A,Northline,Bath & Body,Body Lotion,Top 10,Active,1239,22,29,,11,14636,BGR North,18,18,,41
2026-05,OUT0014,Nykaa Luxe - Noida 4,Nykaa Luxe,MBO,Noida,UP,North,SKU0034,Northline Body Lotion B,Northline,Bath & Body,Body Lotion,Top 25,Active,989,62,65,,5,5775,BGR North,10,8,,43
2026-05,OUT0014,Nykaa Luxe - Noida 4,Nykaa Luxe,MBO,Noida,UP,North,SKU0037,Verde Body Wash C,Verde,Bath & Body,Body Wash,Top 25,Active,2239,69,72,,3,6677,BGR North,6,6,,41
2026-05,OUT0014,Nykaa Luxe - Noida 4,Nykaa Luxe,MBO,Noida,UP,North,SKU0038,Blush & Co Hand Cream A,Blush & Co,Bath & Body,Hand Cream,Others,Active,489,24,25,,1,523,BGR North,2,2,,40
2026-05,OUT0015,Nykaa Luxe - Bhubaneswar 5,Nykaa Luxe,MBO,Bhubaneswar,Odisha,East,SKU0001,Blush & Co Moisturizer A,Blush & Co,Skincare,Moisturizer,Others,Active,2319,22,22,,2,5787,BGR East,4,2,,42
2026-05,OUT0015,Nykaa Luxe - Bhubaneswar 5,Nykaa Luxe,MBO,Bhubaneswar,Odisha,East,SKU0002,Verde Moisturizer B,Verde,Skincare,Moisturizer,Top 10,Active,1179,228,0,,28,34620,BGR East,39,31,,44
2026-05,OUT0015,Nykaa Luxe - Bhubaneswar 5,Nykaa Luxe,MBO,Bhubaneswar,Odisha,East,SKU0003,Verde Serum A,Verde,Skincare,Serum,Top 25,Active,2419,72,73,,16,47989,BGR East,18,17,,43
2026-05,OUT0015,Nykaa Luxe - Bhubaneswar 5,Nykaa Luxe,MBO,Bhubaneswar,Odisha,East,SKU0006,Blush & Co Cleanser A,Blush & Co,Skincare,Cleanser,Top 10,Active,289,445,472,,34,9311,BGR East,61,61,,45
2026-05,OUT0015,Nykaa Luxe - Bhubaneswar 5,Nykaa Luxe,MBO,Bhubaneswar,Odisha,East,SKU0011,Lumina Foundation B,Lumina,Makeup,Foundation,Top 10,Inactive,1889,48,67,,36,61284,BGR East,58,55,,49
2026-05,OUT0015,Nykaa Luxe - Bhubaneswar 5,Nykaa Luxe,MBO,Bhubaneswar,Odisha,East,SKU0013,Northline Lipstick B,Northline,Makeup,Lipstick,Others,Active,2469,21,20,,1,3072,BGR East,0,0,,49
2026-05,OUT0015,Nykaa Luxe - Bhubaneswar 5,Nykaa Luxe,MBO,Bhubaneswar,Odisha,East,SKU0014,Lumina Lipstick C,Lumina,Makeup,Lipstick,Top 25,Active,1729,3,13,,12,19417,BGR East,25,22,,50
2026-05,OUT0015,Nykaa Luxe - Bhubaneswar 5,Nykaa Luxe,MBO,Bhubaneswar,Odisha,East,SKU0015,Blush & Co Mascara A,Blush & Co,Makeup,Mascara,Top 25,Active,1219,137,154,,25,27917,BGR East,42,42,,48
2026-05,OUT0015,Nykaa Luxe - Bhubaneswar 5,Nykaa Luxe,MBO,Bhubaneswar,Odisha,East,SKU0016,Verde Mascara B,Verde,Makeup,Mascara,Top 25,Active,199,65,71,,9,2160,BGR East,16,15,,50
2026-05,OUT0015,Nykaa Luxe - Bhubaneswar 5,Nykaa Luxe,MBO,Bhubaneswar,Odisha,East,SKU0020,Lumina Shampoo A,Lumina,Haircare,Shampoo,Top 10,Active,509,0,5,,20,12264,BGR East,25,25,,36
2026-05,OUT0015,Nykaa Luxe - Bhubaneswar 5,Nykaa Luxe,MBO,Bhubaneswar,Odisha,East,SKU0023,Northline Conditioner B,Northline,Haircare,Conditioner,Others,Active,379,8,9,,0,0,BGR East,2,1,,33
2026-05,OUT0015,Nykaa Luxe - Bhubaneswar 5,Nykaa Luxe,MBO,Bhubaneswar,Odisha,East,SKU0027,Lumina EDP B,Lumina,Fragrance,EDP,Top 10,Active,529,135,136,,20,10507,BGR East,23,21,,57
2026-05,OUT0015,Nykaa Luxe - Bhubaneswar 5,Nykaa Luxe,MBO,Bhubaneswar,Odisha,East,SKU0028,Northline EDT A,Northline,Fragrance,EDT,Top 25,Active,1109,135,141,,14,14342,BGR East,26,20,,56
2026-05,OUT0015,Nykaa Luxe - Bhubaneswar 5,Nykaa Luxe,MBO,Bhubaneswar,Odisha,East,SKU0029,Blush & Co EDT B,Blush & Co,Fragrance,EDT,Top 25,Active,479,38,46,,13,7095,BGR East,23,21,,57
2026-05,OUT0015,Nykaa Luxe - Bhubaneswar 5,Nykaa Luxe,MBO,Bhubaneswar,Odisha,East,SKU0030,Blush & Co EDT C,Blush & Co,Fragrance,EDT,Others,Active,779,8,9,,5,4690,BGR East,6,6,,58
2026-05,OUT0015,Nykaa Luxe - Bhubaneswar 5,Nykaa Luxe,MBO,Bhubaneswar,Odisha,East,SKU0032,Northline Body Mist B,Northline,Fragrance,Body Mist,Others,Inactive,2229,42,47,,6,13333,BGR East,11,11,,56
2026-05,OUT0015,Nykaa Luxe - Bhubaneswar 5,Nykaa Luxe,MBO,Bhubaneswar,Odisha,East,SKU0033,Northline Body Lotion A,Northline,Bath & Body,Body Lotion,Top 10,Active,1239,182,192,,33,40586,BGR East,46,43,,43
2026-05,OUT0015,Nykaa Luxe - Bhubaneswar 5,Nykaa Luxe,MBO,Bhubaneswar,Odisha,East,SKU0037,Verde Body Wash C,Verde,Bath & Body,Body Wash,Top 25,Active,2239,11,14,,14,29293,BGR East,25,17,,41
2026-05,OUT0015,Nykaa Luxe - Bhubaneswar 5,Nykaa Luxe,MBO,Bhubaneswar,Odisha,East,SKU0038,Blush & Co Hand Cream A,Blush & Co,Bath & Body,Hand Cream,Others,Active,489,80,82,,3,1693,BGR East,5,5,,37
2026-05,OUT0016,Nykaa Luxe - Kolkata 6,Nykaa Luxe,MBO,Kolkata,West Bengal,East,SKU0002,Verde Moisturizer B,Verde,Skincare,Moisturizer,Top 10,Active,1179,226,236,,17,18217,BGR East,34,27,,46
2026-05,OUT0016,Nykaa Luxe - Kolkata 6,Nykaa Luxe,MBO,Kolkata,West Bengal,East,SKU0003,Verde Serum A,Verde,Skincare,Serum,Top 25,Active,2419,66,0,,7,15311,BGR East,8,8,,45
2026-05,OUT0016,Nykaa Luxe - Kolkata 6,Nykaa Luxe,MBO,Kolkata,West Bengal,East,SKU0004,Northline Serum B,Northline,Skincare,Serum,Top 25,Active,2489,38,37,,4,12294,BGR East,4,3,,45
2026-05,OUT0016,Nykaa Luxe - Kolkata 6,Nykaa Luxe,MBO,Kolkata,West Bengal,East,SKU0005,Northline Serum C,Northline,Skincare,Serum,Others,Inactive,1819,24,25,,0,0,BGR East,1,1,,44
2026-05,OUT0016,Nykaa Luxe - Kolkata 6,Nykaa Luxe,MBO,Kolkata,West Bengal,East,SKU0006,Blush & Co Cleanser A,Blush & Co,Skincare,Cleanser,Top 10,Active,289,53,47,,20,5851,BGR East,16,14,,46
2026-05,OUT0016,Nykaa Luxe - Kolkata 6,Nykaa Luxe,MBO,Kolkata,West Bengal,East,SKU0011,Lumina Foundation B,Lumina,Makeup,Foundation,Top 10,Inactive,1889,157,164,,8,14762,BGR East,17,15,,53
2026-05,OUT0016,Nykaa Luxe - Kolkata 6,Nykaa Luxe,MBO,Kolkata,West Bengal,East,SKU0012,Northline Lipstick A,Northline,Makeup,Lipstick,Others,Active,2429,30,32,,1,3034,BGR East,4,3,,47
2026-05,OUT0016,Nykaa Luxe - Kolkata 6,Nykaa Luxe,MBO,Kolkata,West Bengal,East,SKU0014,Lumina Lipstick C,Lumina,Makeup,Lipstick,Top 25,Active,1729,7,15,,6,10106,BGR East,15,14,,47
2026-05,OUT0016,Nykaa Luxe - Kolkata 6,Nykaa Luxe,MBO,Kolkata,West Bengal,East,SKU0016,Verde Mascara B,Verde,Makeup,Mascara,Top 25,Active,199,32,0,,4,1003,BGR East,10,8,,47
2026-05,OUT0016,Nykaa Luxe - Kolkata 6,Nykaa Luxe,MBO,Kolkata,West Bengal,East,SKU0017,Lumina Mascara C,Lumina,Makeup,Mascara,Top 10,Active,529,215,0,,10,5024,BGR East,14,14,,47
2026-05,OUT0016,Nykaa Luxe - Kolkata 6,Nykaa Luxe,MBO,Kolkata,West Bengal,East,SKU0018,Northline Eyeliner A,Northline,Makeup,Eyeliner,Others,Active,1959,16,17,,0,0,BGR East,2,1,,50
2026-05,OUT0016,Nykaa Luxe - Kolkata 6,Nykaa Luxe,MBO,Kolkata,West Bengal,East,SKU0020,Lumina Shampoo A,Lumina,Haircare,Shampoo,Top 10,Active,509,84,87,,21,10078,BGR East,35,24,,35
2026-05,OUT0016,Nykaa Luxe - Kolkata 6,Nykaa Luxe,MBO,Kolkata,West Bengal,East,SKU0027,Lumina EDP B,Lumina,Fragrance,EDP,Top 10,Active,529,342,352,,18,8895,BGR East,30,28,,54
2026-05,OUT0016,Nykaa Luxe - Kolkata 6,Nykaa Luxe,MBO,Kolkata,West Bengal,East,SKU0029,Blush & Co EDT B,Blush & Co,Fragrance,EDT,Top 25,Active,479,34,36,,5,2847,BGR East,8,7,,58
2026-05,OUT0016,Nykaa Luxe - Kolkata 6,Nykaa Luxe,MBO,Kolkata,West Bengal,East,SKU0030,Blush & Co EDT C,Blush & Co,Fragrance,EDT,Others,Active,779,26,31,,4,3801,BGR East,11,9,,53
2026-05,OUT0016,Nykaa Luxe - Kolkata 6,Nykaa Luxe,MBO,Kolkata,West Bengal,East,SKU0033,Northline Body Lotion A,Northline,Bath & Body,Body Lotion,Top 10,Active,1239,3,24,,33,48255,BGR East,60,54,,41
2026-05,OUT0016,Nykaa Luxe - Kolkata 6,Nykaa Luxe,MBO,Kolkata,West Bengal,East,SKU0036,Northline Body Wash B,Northline,Bath & Body,Body Wash,Others,Active,1179,29,30,,1,1322,BGR East,3,2,,42
2026-05,OUT0016,Nykaa Luxe - Kolkata 6,Nykaa Luxe,MBO,Kolkata,West Bengal,East,SKU0037,Verde Body Wash C,Verde,Bath & Body,Body Wash,Top 25,Active,2239,28,31,,3,7258,BGR East,8,6,,41
2026-05,OUT0016,Nykaa Luxe - Kolkata 6,Nykaa Luxe,MBO,Kolkata,West Bengal,East,SKU0038,Blush & Co Hand Cream A,Blush & Co,Bath & Body,Hand Cream,Others,Active,489,8,9,,1,605,BGR East,3,2,,43
2026-05,OUT0017,Nykaa Luxe - Bhubaneswar 7,Nykaa Luxe,MBO,Bhubaneswar,Odisha,East,SKU0002,Verde Moisturizer B,Verde,Skincare,Moisturizer,Top 10,Active,1179,0,4,,18,20686,BGR East,32,22,,42
2026-05,OUT0017,Nykaa Luxe - Bhubaneswar 7,Nykaa Luxe,MBO,Bhubaneswar,Odisha,East,SKU0003,Verde Serum A,Verde,Skincare,Serum,Top 25,Active,2419,126,106,,15,42993,BGR East,16,14,,48
2026-05,OUT0017,Nykaa Luxe - Bhubaneswar 7,Nykaa Luxe,MBO,Bhubaneswar,Odisha,East,SKU0004,Northline Serum B,Northline,Skincare,Serum,Top 25,Active,2489,73,77,,8,23125,BGR East,12,12,,46
2026-05,OUT0017,Nykaa Luxe - Bhubaneswar 7,Nykaa Luxe,MBO,Bhubaneswar,Odisha,East,SKU0005,Northline Serum C,Northline,Skincare,Serum,Others,Inactive,1819,0,2,,0,0,BGR East,3,2,,42
2026-05,OUT0017,Nykaa Luxe - Bhubaneswar 7,Nykaa Luxe,MBO,Bhubaneswar,Odisha,East,SKU0006,Blush & Co Cleanser A,Blush & Co,Skincare,Cleanser,Top 10,Active,289,16,13,,41,11433,BGR East,55,38,,42
2026-05,OUT0017,Nykaa Luxe - Bhubaneswar 7,Nykaa Luxe,MBO,Bhubaneswar,Odisha,East,SKU0007,Northline Cleanser B,Northline,Skincare,Cleanser,Others,Active,1809,3,7,,1,1813,BGR East,3,2,,45
2026-05,OUT0017,Nykaa Luxe - Bhubaneswar 7,Nykaa Luxe,MBO,Bhubaneswar,Odisha,East,SKU0009,Blush & Co Sunscreen B,Blush & Co,Skincare,Sunscreen,Others,Inactive,1629,53,53,,3,5302,BGR East,4,3,,42
2026-05,OUT0017,Nykaa Luxe - Bhubaneswar 7,Nykaa Luxe,MBO,Bhubaneswar,Odisha,East,SKU0011,Lumina Foundation B,Lumina,Makeup,Foundation,Top 10,Inactive,1889,119,122,,10,20788,BGR East,17,13,,47
2026-05,OUT0017,Nykaa Luxe - Bhubaneswar 7,Nykaa Luxe,MBO,Bhubaneswar,Odisha,East,SKU0013,Northline Lipstick B,Northline,Makeup,Lipstick,Others,Active,2469,20,20,,0,0,BGR East,0,0,,53
2026-05,OUT0017,Nykaa Luxe - Bhubaneswar 7,Nykaa Luxe,MBO,Bhubaneswar,Odisha,East,SKU0014,Lumina Lipstick C,Lumina,Makeup,Lipstick,Top 25,Active,1729,5,12,,6,10401,BGR East,14,13,,49
2026-05,OUT0017,Nykaa Luxe - Bhubaneswar 7,Nykaa Luxe,MBO,Bhubaneswar,Odisha,East,SKU0015,Blush & Co Mascara A,Blush & Co,Makeup,Mascara,Top 25,Active,1219,26,0,,10,14603,BGR East,23,21,,50
2026-05,OUT0017,Nykaa Luxe - Bhubaneswar 7,Nykaa Luxe,MBO,Bhubaneswar,Odisha,East,SKU0016,Verde Mascara B,Verde,Makeup,Mascara,Top 25,Active,199,54,57,,4,921,BGR East,8,7,,50
2026-05,OUT0017,Nykaa Luxe - Bhubaneswar 7,Nykaa Luxe,MBO,Bhubaneswar,Odisha,East,SKU0017,Lumina Mascara C,Lumina,Makeup,Mascara,Top 10,Active,529,111,108,,14,8194,BGR East,17,11,,51
2026-05,OUT0017,Nykaa Luxe - Bhubaneswar 7,Nykaa Luxe,MBO,Bhubaneswar,Odisha,East,SKU0020,Lumina Shampoo A,Lumina,Haircare,Shampoo,Top 10,Active,509,0,5,,16,8177,BGR East,24,21,,34
2026-05,OUT0017,Nykaa Luxe - Bhubaneswar 7,Nykaa Luxe,MBO,Bhubaneswar,Odisha,East,SKU0021,Verde Shampoo B,Verde,Haircare,Shampoo,Others,Active,1319,32,0,,2,2875,BGR East,3,2,,34
2026-05,OUT0017,Nykaa Luxe - Bhubaneswar 7,Nykaa Luxe,MBO,Bhubaneswar,Odisha,East,SKU0023,Northline Conditioner B,Northline,Haircare,Conditioner,Others,Active,379,4,5,,0,0,BGR East,2,1,,38
2026-05,OUT0017,Nykaa Luxe - Bhubaneswar 7,Nykaa Luxe,MBO,Bhubaneswar,Odisha,East,SKU0027,Lumina EDP B,Lumina,Fragrance,EDP,Top 10,Active,529,145,147,,16,9934,BGR East,26,18,,56
2026-05,OUT0017,Nykaa Luxe - Bhubaneswar 7,Nykaa Luxe,MBO,Bhubaneswar,Odisha,East,SKU0028,Northline EDT A,Northline,Fragrance,EDT,Top 25,Active,1109,8,14,,8,9378,BGR East,14,14,,57
2026-05,OUT0017,Nykaa Luxe - Bhubaneswar 7,Nykaa Luxe,MBO,Bhubaneswar,Odisha,East,SKU0029,Blush & Co EDT B,Blush & Co,Fragrance,EDT,Top 25,Active,479,94,96,,7,3678,BGR East,9,9,,54
2026-05,OUT0017,Nykaa Luxe - Bhubaneswar 7,Nykaa Luxe,MBO,Bhubaneswar,Odisha,East,SKU0031,Lumina Body Mist A,Lumina,Fragrance,Body Mist,Top 25,Active,2119,52,54,,10,19786,BGR East,12,12,,54
2026-05,OUT0017,Nykaa Luxe - Bhubaneswar 7,Nykaa Luxe,MBO,Bhubaneswar,Odisha,East,SKU0032,Northline Body Mist B,Northline,Fragrance,Body Mist,Others,Inactive,2229,2,3,,4,9979,BGR East,6,5,,58
2026-05,OUT0017,Nykaa Luxe - Bhubaneswar 7,Nykaa Luxe,MBO,Bhubaneswar,Odisha,East,SKU0033,Northline Body Lotion A,Northline,Bath & Body,Body Lotion,Top 10,Active,1239,116,127,,29,34180,BGR East,40,40,,42
2026-05,OUT0018,Nykaa Luxe - Bhubaneswar 8,Nykaa Luxe,MBO,Bhubaneswar,Odisha,East,SKU0001,Blush & Co Moisturizer A,Blush & Co,Skincare,Moisturizer,Others,Active,2319,0,1,,1,2271,BGR East,4,2,,42
2026-05,OUT0018,Nykaa Luxe - Bhubaneswar 8,Nykaa Luxe,MBO,Bhubaneswar,Odisha,East,SKU0002,Verde Moisturizer B,Verde,Skincare,Moisturizer,Top 10,Active,1179,4,7,,23,28973,BGR East,38,26,,44
2026-05,OUT0018,Nykaa Luxe - Bhubaneswar 8,Nykaa Luxe,MBO,Bhubaneswar,Odisha,East,SKU0004,Northline Serum B,Northline,Skincare,Serum,Top 25,Active,2489,97,101,,5,11199,BGR East,9,9,,43
2026-05,OUT0018,Nykaa Luxe - Bhubaneswar 8,Nykaa Luxe,MBO,Bhubaneswar,Odisha,East,SKU0007,Northline Cleanser B,Northline,Skincare,Cleanser,Others,Active,1809,0,3,,1,1875,BGR East,5,4,,46
2026-05,OUT0018,Nykaa Luxe - Bhubaneswar 8,Nykaa Luxe,MBO,Bhubaneswar,Odisha,East,SKU0009,Blush & Co Sunscreen B,Blush & Co,Skincare,Sunscreen,Others,Inactive,1629,33,15,,2,3363,BGR East,6,4,,48
2026-05,OUT0018,Nykaa Luxe - Bhubaneswar 8,Nykaa Luxe,MBO,Bhubaneswar,Odisha,East,SKU0010,Blush & Co Foundation A,Blush & Co,Makeup,Foundation,Others,Active,1419,20,21,,2,2631,BGR East,4,3,,52
2026-05,OUT0018,Nykaa Luxe - Bhubaneswar 8,Nykaa Luxe,MBO,Bhubaneswar,Odisha,East,SKU0011,Lumina Foundation B,Lumina,Makeup,Foundation,Top 10,Inactive,1889,30,34,,17,31853,BGR East,21,21,,49
2026-05,OUT0018,Nykaa Luxe - Bhubaneswar 8,Nykaa Luxe,MBO,Bhubaneswar,Odisha,East,SKU0012,Northline Lipstick A,Northline,Makeup,Lipstick,Others,Active,2429,2,5,,1,2226,BGR East,6,4,,52
2026-05,OUT0018,Nykaa Luxe - Bhubaneswar 8,Nykaa Luxe,MBO,Bhubaneswar,Odisha,East,SKU0013,Northline Lipstick B,Northline,Makeup,Lipstick,Others,Active,2469,9,0,,1,2365,BGR East,5,4,,52
2026-05,OUT0018,Nykaa Luxe - Bhubaneswar 8,Nykaa Luxe,MBO,Bhubaneswar,Odisha,East,SKU0014,Lumina Lipstick C,Lumina,Makeup,Lipstick,Top 25,Active,1729,44,49,,7,14561,BGR East,16,12,,47
2026-05,OUT0018,Nykaa Luxe - Bhubaneswar 8,Nykaa Luxe,MBO,Bhubaneswar,Odisha,East,SKU0015,Blush & Co Mascara A,Blush & Co,Makeup,Mascara,Top 25,Active,1219,209,214,,8,11092,BGR East,15,13,,48
2026-05,OUT0018,Nykaa Luxe - Bhubaneswar 8,Nykaa Luxe,MBO,Bhubaneswar,Odisha,East,SKU0017,Lumina Mascara C,Lumina,Makeup,Mascara,Top 10,Active,529,289,297,,9,5996,BGR East,17,17,,49
2026-05,OUT0018,Nykaa Luxe - Bhubaneswar 8,Nykaa Luxe,MBO,Bhubaneswar,Odisha,East,SKU0019,Northline Eyeliner B,Northline,Makeup,Eyeliner,Others,Active,1889,9,12,,1,2300,BGR East,5,4,,48
2026-05,OUT0018,Nykaa Luxe - Bhubaneswar 8,Nykaa Luxe,MBO,Bhubaneswar,Odisha,East,SKU0020,Lumina Shampoo A,Lumina,Haircare,Shampoo,Top 10,Active,509,73,0,,6,2850,BGR East,11,10,,38
2026-05,OUT0018,Nykaa Luxe - Bhubaneswar 8,Nykaa Luxe,MBO,Bhubaneswar,Odisha,East,SKU0022,Northline Conditioner A,Northline,Haircare,Conditioner,Others,Active,779,40,45,,2,1403,BGR East,7,7,,36
2026-05,OUT0018,Nykaa Luxe - Bhubaneswar 8,Nykaa Luxe,MBO,Bhubaneswar,Odisha,East,SKU0023,Northline Conditioner B,Northline,Haircare,Conditioner,Others,Active,379,3,5,,0,0,BGR East,3,2,,34
2026-05,OUT0018,Nykaa Luxe - Bhubaneswar 8,Nykaa Luxe,MBO,Bhubaneswar,Odisha,East,SKU0027,Lumina EDP B,Lumina,Fragrance,EDP,Top 10,Active,529,277,292,,23,14159,BGR East,38,38,,53
2026-05,OUT0018,Nykaa Luxe - Bhubaneswar 8,Nykaa Luxe,MBO,Bhubaneswar,Odisha,East,SKU0028,Northline EDT A,Northline,Fragrance,EDT,Top 25,Active,1109,39,0,,11,11824,BGR East,13,13,,56
2026-05,OUT0018,Nykaa Luxe - Bhubaneswar 8,Nykaa Luxe,MBO,Bhubaneswar,Odisha,East,SKU0029,Blush & Co EDT B,Blush & Co,Fragrance,EDT,Top 25,Active,479,0,15,,24,10901,BGR East,42,39,,55
2026-05,OUT0018,Nykaa Luxe - Bhubaneswar 8,Nykaa Luxe,MBO,Bhubaneswar,Odisha,East,SKU0030,Blush & Co EDT C,Blush & Co,Fragrance,EDT,Others,Active,779,26,31,,4,3809,BGR East,10,9,,55
2026-05,OUT0018,Nykaa Luxe - Bhubaneswar 8,Nykaa Luxe,MBO,Bhubaneswar,Odisha,East,SKU0033,Northline Body Lotion A,Northline,Bath & Body,Body Lotion,Top 10,Active,1239,35,40,,22,26289,BGR East,27,27,,43
2026-05,OUT0018,Nykaa Luxe - Bhubaneswar 8,Nykaa Luxe,MBO,Bhubaneswar,Odisha,East,SKU0034,Northline Body Lotion B,Northline,Bath & Body,Body Lotion,Top 25,Active,989,99,99,,12,13904,BGR East,18,12,,37
2026-05,OUT0018,Nykaa Luxe - Bhubaneswar 8,Nykaa Luxe,MBO,Bhubaneswar,Odisha,East,SKU0037,Verde Body Wash C,Verde,Bath & Body,Body Wash,Top 25,Active,2239,0,0,,5,11731,BGR East,6,5,,42
2026-05,OUT0019,Nykaa Luxe - Ahmedabad 9,Nykaa Luxe,MBO,Ahmedabad,Gujarat,West,SKU0002,Verde Moisturizer B,Verde,Skincare,Moisturizer,Top 10,Active,1179,129,128,,16,17889,BGR West,19,15,,47
2026-05,OUT0019,Nykaa Luxe - Ahmedabad 9,Nykaa Luxe,MBO,Ahmedabad,Gujarat,West,SKU0003,Verde Serum A,Verde,Skincare,Serum,Top 25,Active,2419,105,113,,10,30473,BGR West,23,18,,48
2026-05,OUT0019,Nykaa Luxe - Ahmedabad 9,Nykaa Luxe,MBO,Ahmedabad,Gujarat,West,SKU0004,Northline Serum B,Northline,Skincare,Serum,Top 25,Active,2489,16,17,,7,17731,BGR West,8,8,,42
2026-05,OUT0019,Nykaa Luxe - Ahmedabad 9,Nykaa Luxe,MBO,Ahmedabad,Gujarat,West,SKU0005,Northline Serum C,Northline,Skincare,Serum,Others,Inactive,1819,3,3,,0,0,BGR West,1,0,,48
2026-05,OUT0019,Nykaa Luxe - Ahmedabad 9,Nykaa Luxe,MBO,Ahmedabad,Gujarat,West,SKU0006,Blush & Co Cleanser A,Blush & Co,Skincare,Cleanser,Top 10,Active,289,369,371,,38,11019,BGR West,50,40,,48
2026-05,OUT0019,Nykaa Luxe - Ahmedabad 9,Nykaa Luxe,MBO,Ahmedabad,Gujarat,West,SKU0009,Blush & Co Sunscreen B,Blush & Co,Skincare,Sunscreen,Others,Inactive,1629,42,45,,2,3192,BGR West,6,5,,46
2026-05,OUT0019,Nykaa Luxe - Ahmedabad 9,Nykaa Luxe,MBO,Ahmedabad,Gujarat,West,SKU0010,Blush & Co Foundation A,Blush & Co,Makeup,Foundation,Others,Active,1419,0,14,,2,2983,BGR West,8,5,,47
2026-05,OUT0019,Nykaa Luxe - Ahmedabad 9,Nykaa Luxe,MBO,Ahmedabad,Gujarat,West,SKU0011,Lumina Foundation B,Lumina,Makeup,Foundation,Top 10,Inactive,1889,30,40,,16,31290,BGR West,26,26,,47
2026-05,OUT0019,Nykaa Luxe - Ahmedabad 9,Nykaa Luxe,MBO,Ahmedabad,Gujarat,West,SKU0012,Northline Lipstick A,Northline,Makeup,Lipstick,Others,Active,2429,14,0,,0,0,BGR West,4,4,,52
2026-05,OUT0019,Nykaa Luxe - Ahmedabad 9,Nykaa Luxe,MBO,Ahmedabad,Gujarat,West,SKU0014,Lumina Lipstick C,Lumina,Makeup,Lipstick,Top 25,Active,1729,10,17,,8,13655,BGR West,16,15,,49
2026-05,OUT0019,Nykaa Luxe - Ahmedabad 9,Nykaa Luxe,MBO,Ahmedabad,Gujarat,West,SKU0015,Blush & Co Mascara A,Blush & Co,Makeup,Mascara,Top 25,Active,1219,6,15,,7,10146,BGR West,16,16,,50
2026-05,OUT0019,Nykaa Luxe - Ahmedabad 9,Nykaa Luxe,MBO,Ahmedabad,Gujarat,West,SKU0017,Lumina Mascara C,Lumina,Makeup,Mascara,Top 10,Active,529,125,132,,15,8110,BGR West,22,22,,49
2026-05,OUT0019,Nykaa Luxe - Ahmedabad 9,Nykaa Luxe,MBO,Ahmedabad,Gujarat,West,SKU0020,Lumina Shampoo A,Lumina,Haircare,Shampoo,Top 10,Active,509,181,177,,20,9367,BGR West,23,16,,36
2026-05,OUT0019,Nykaa Luxe - Ahmedabad 9,Nykaa Luxe,MBO,Ahmedabad,Gujarat,West,SKU0021,Verde Shampoo B,Verde,Haircare,Shampoo,Others,Active,1319,60,62,,1,1320,BGR West,4,3,,35
2026-05,OUT0019,Nykaa Luxe - Ahmedabad 9,Nykaa Luxe,MBO,Ahmedabad,Gujarat,West,SKU0022,Northline Conditioner A,Northline,Haircare,Conditioner,Others,Active,779,54,59,,2,1913,BGR West,8,7,,37
2026-05,OUT0019,Nykaa Luxe - Ahmedabad 9,Nykaa Luxe,MBO,Ahmedabad,Gujarat,West,SKU0027,Lumina EDP B,Lumina,Fragrance,EDP,Top 10,Active,529,20,28,,17,10166,BGR West,25,25,,52
2026-05,OUT0019,Nykaa Luxe - Ahmedabad 9,Nykaa Luxe,MBO,Ahmedabad,Gujarat,West,SKU0028,Northline EDT A,Northline,Fragrance,EDT,Top 25,Active,1109,32,28,,12,12314,BGR West,12,8,,57
2026-05,OUT0019,Nykaa Luxe - Ahmedabad 9,Nykaa Luxe,MBO,Ahmedabad,Gujarat,West,SKU0030,Blush & Co EDT C,Blush & Co,Fragrance,EDT,Others,Active,779,42,45,,4,3584,BGR West,8,7,,53
2026-05,OUT0019,Nykaa Luxe - Ahmedabad 9,Nykaa Luxe,MBO,Ahmedabad,Gujarat,West,SKU0031,Lumina Body Mist A,Lumina,Fragrance,Body Mist,Top 25,Active,2119,110,111,,10,25233,BGR West,17,11,,56
2026-05,OUT0019,Nykaa Luxe - Ahmedabad 9,Nykaa Luxe,MBO,Ahmedabad,Gujarat,West,SKU0033,Northline Body Lotion A,Northline,Bath & Body,Body Lotion,Top 10,Active,1239,0,0,,32,49605,BGR West,53,37,,42
2026-05,OUT0019,Nykaa Luxe - Ahmedabad 9,Nykaa Luxe,MBO,Ahmedabad,Gujarat,West,SKU0034,Northline Body Lotion B,Northline,Bath & Body,Body Lotion,Top 25,Active,989,186,200,,11,12170,BGR West,25,25,,41
2026-05,OUT0019,Nykaa Luxe - Ahmedabad 9,Nykaa Luxe,MBO,Ahmedabad,Gujarat,West,SKU0035,Northline Body Wash A,Northline,Bath & Body,Body Wash,Others,Active,469,7,14,,7,3471,BGR West,16,14,,38
2026-05,OUT0019,Nykaa Luxe - Ahmedabad 9,Nykaa Luxe,MBO,Ahmedabad,Gujarat,West,SKU0036,Northline Body Wash B,Northline,Bath & Body,Body Wash,Others,Active,1179,20,0,,0,0,BGR West,0,0,,40
2026-05,OUT0019,Nykaa Luxe - Ahmedabad 9,Nykaa Luxe,MBO,Ahmedabad,Gujarat,West,SKU0038,Blush & Co Hand Cream A,Blush & Co,Bath & Body,Hand Cream,Others,Active,489,0,4,,1,450,BGR West,6,5,,37
2026-05,OUT0019,Nykaa Luxe - Ahmedabad 9,Nykaa Luxe,MBO,Ahmedabad,Gujarat,West,SKU0039,Northline Hand Cream B,Northline,Bath & Body,Hand Cream,Others,Active,1189,44,50,,3,4432,BGR West,10,9,,43
2026-05,OUT0020,Reliance Beauty - New Delhi 1,Reliance Beauty,Department Store,New Delhi,Delhi,North,SKU0002,Verde Moisturizer B,Verde,Skincare,Moisturizer,Top 10,Active,1179,22,0,,7,9053,BGR North,12,12,,44
2026-05,OUT0020,Reliance Beauty - New Delhi 1,Reliance Beauty,Department Store,New Delhi,Delhi,North,SKU0004,Northline Serum B,Northline,Skincare,Serum,Top 25,Active,2489,39,41,,2,6239,BGR North,5,4,,42
2026-05,OUT0020,Reliance Beauty - New Delhi 1,Reliance Beauty,Department Store,New Delhi,Delhi,North,SKU0010,Blush & Co Foundation A,Blush & Co,Makeup,Foundation,Others,Active,1419,12,13,,1,1463,BGR North,2,2,,50
2026-05,OUT0020,Reliance Beauty - New Delhi 1,Reliance Beauty,Department Store,New Delhi,Delhi,North,SKU0011,Lumina Foundation B,Lumina,Makeup,Foundation,Top 10,Inactive,1889,23,24,,4,9144,BGR North,7,5,,51
2026-05,OUT0020,Reliance Beauty - New Delhi 1,Reliance Beauty,Department Store,New Delhi,Delhi,North,SKU0012,Northline Lipstick A,Northline,Makeup,Lipstick,Others,Active,2429,8,9,,0,0,BGR North,2,1,,53
2026-05,OUT0020,Reliance Beauty - New Delhi 1,Reliance Beauty,Department Store,New Delhi,Delhi,North,SKU0013,Northline Lipstick B,Northline,Makeup,Lipstick,Others,Active,2469,7,9,,0,0,BGR North,3,2,,49
2026-05,OUT0020,Reliance Beauty - New Delhi 1,Reliance Beauty,Department Store,New Delhi,Delhi,North,SKU0015,Blush & Co Mascara A,Blush & Co,Makeup,Mascara,Top 25,Active,1219,31,33,,5,5606,BGR North,11,7,,47
2026-05,OUT0020,Reliance Beauty - New Delhi 1,Reliance Beauty,Department Store,New Delhi,Delhi,North,SKU0016,Verde Mascara B,Verde,Makeup,Mascara,Top 25,Active,199,56,58,,1,235,BGR North,3,3,,53
2026-05,OUT0020,Reliance Beauty - New Delhi 1,Reliance Beauty,Department Store,New Delhi,Delhi,North,SKU0017,Lumina Mascara C,Lumina,Makeup,Mascara,Top 10,Active,529,24,28,,3,1440,BGR North,7,7,,53
2026-05,OUT0020,Reliance Beauty - New Delhi 1,Reliance Beauty,Department Store,New Delhi,Delhi,North,SKU0018,Northline Eyeliner A,Northline,Makeup,Eyeliner,Others,Active,1959,23,27,,0,0,BGR North,4,4,,50
2026-05,OUT0020,Reliance Beauty - New Delhi 1,Reliance Beauty,Department Store,New Delhi,Delhi,North,SKU0019,Northline Eyeliner B,Northline,Makeup,Eyeliner,Others,Active,1889,35,40,,0,0,BGR North,5,5,,51
2026-05,OUT0020,Reliance Beauty - New Delhi 1,Reliance Beauty,Department Store,New Delhi,Delhi,North,SKU0020,Lumina Shampoo A,Lumina,Haircare,Shampoo,Top 10,Active,509,40,43,,5,2892,BGR North,8,8,,38
2026-05,OUT0020,Reliance Beauty - New Delhi 1,Reliance Beauty,Department Store,New Delhi,Delhi,North,SKU0028,Northline EDT A,Northline,Fragrance,EDT,Top 25,Active,1109,9,11,,9,9631,BGR North,11,11,,58
2026-05,OUT0020,Reliance Beauty - New Delhi 1,Reliance Beauty,Department Store,New Delhi,Delhi,North,SKU0030,Blush & Co EDT C,Blush & Co,Fragrance,EDT,Others,Active,779,29,32,,1,973,BGR North,6,4,,58
2026-05,OUT0020,Reliance Beauty - New Delhi 1,Reliance Beauty,Department Store,New Delhi,Delhi,North,SKU0031,Lumina Body Mist A,Lumina,Fragrance,Body Mist,Top 25,Active,2119,21,24,,3,6178,BGR North,7,6,,55
2026-05,OUT0020,Reliance Beauty - New Delhi 1,Reliance Beauty,Department Store,New Delhi,Delhi,North,SKU0033,Northline Body Lotion A,Northline,Bath & Body,Body Lotion,Top 10,Active,1239,38,47,,15,19662,BGR North,30,24,,42
2026-05,OUT0020,Reliance Beauty - New Delhi 1,Reliance Beauty,Department Store,New Delhi,Delhi,North,SKU0034,Northline Body Lotion B,Northline,Bath & Body,Body Lotion,Top 25,Active,989,30,32,,5,6158,BGR North,7,7,,43
2026-05,OUT0020,Reliance Beauty - New Delhi 1,Reliance Beauty,Department Store,New Delhi,Delhi,North,SKU0038,Blush & Co Hand Cream A,Blush & Co,Bath & Body,Hand Cream,Others,Active,489,11,13,,0,0,BGR North,2,2,,37
2026-05,OUT0021,Reliance Beauty - Surat 2,Reliance Beauty,Department Store,Surat,Gujarat,West,SKU0002,Verde Moisturizer B,Verde,Skincare,Moisturizer,Top 10,Active,1179,129,138,,20,24417,BGR West,37,29,,48
2026-05,OUT0021,Reliance Beauty - Surat 2,Reliance Beauty,Department Store,Surat,Gujarat,West,SKU0004,Northline Serum B,Northline,Skincare,Serum,Top 25,Active,2489,44,43,,4,8921,BGR West,4,3,,44
2026-05,OUT0021,Reliance Beauty - Surat 2,Reliance Beauty,Department Store,Surat,Gujarat,West,SKU0006,Blush & Co Cleanser A,Blush & Co,Skincare,Cleanser,Top 10,Active,289,186,198,,20,6172,BGR West,36,32,,45
2026-05,OUT0021,Reliance Beauty - Surat 2,Reliance Beauty,Department Store,Surat,Gujarat,West,SKU0011,Lumina Foundation B,Lumina,Makeup,Foundation,Top 10,Inactive,1889,101,109,,14,31352,BGR West,22,22,,52
2026-05,OUT0021,Reliance Beauty - Surat 2,Reliance Beauty,Department Store,Surat,Gujarat,West,SKU0014,Lumina Lipstick C,Lumina,Makeup,Lipstick,Top 25,Active,1729,8,25,,5,8900,BGR West,4,3,,52
2026-05,OUT0021,Reliance Beauty - Surat 2,Reliance Beauty,Department Store,Surat,Gujarat,West,SKU0015,Blush & Co Mascara A,Blush & Co,Makeup,Mascara,Top 25,Active,1219,68,65,,11,16604,BGR West,11,8,,52
2026-05,OUT0021,Reliance Beauty - Surat 2,Reliance Beauty,Department Store,Surat,Gujarat,West,SKU0016,Verde Mascara B,Verde,Makeup,Mascara,Top 25,Active,199,22,27,,4,898,BGR West,10,9,,51
2026-05,OUT0021,Reliance Beauty - Surat 2,Reliance Beauty,Department Store,Surat,Gujarat,West,SKU0017,Lumina Mascara C,Lumina,Makeup,Mascara,Top 10,Active,529,152,167,,18,10770,BGR West,35,33,,49
2026-05,OUT0021,Reliance Beauty - Surat 2,Reliance Beauty,Department Store,Surat,Gujarat,West,SKU0019,Northline Eyeliner B,Northline,Makeup,Eyeliner,Others,Active,1889,22,24,,1,1751,BGR West,3,3,,49
2026-05,OUT0021,Reliance Beauty - Surat 2,Reliance Beauty,Department Store,Surat,Gujarat,West,SKU0020,Lumina Shampoo A,Lumina,Haircare,Shampoo,Top 10,Active,509,50,55,,12,7037,BGR West,17,17,,32
2026-05,OUT0021,Reliance Beauty - Surat 2,Reliance Beauty,Department Store,Surat,Gujarat,West,SKU0021,Verde Shampoo B,Verde,Haircare,Shampoo,Others,Active,1319,34,35,,1,1258,BGR West,3,2,,32
2026-05,OUT0021,Reliance Beauty - Surat 2,Reliance Beauty,Department Store,Surat,Gujarat,West,SKU0022,Northline Conditioner A,Northline,Haircare,Conditioner,Others,Active,779,32,36,,3,2229,BGR West,7,7,,35
2026-05,OUT0021,Reliance Beauty - Surat 2,Reliance Beauty,Department Store,Surat,Gujarat,West,SKU0023,Northline Conditioner B,Northline,Haircare,Conditioner,Others,Active,379,15,17,,0,0,BGR West,2,2,,36
2026-05,OUT0021,Reliance Beauty - Surat 2,Reliance Beauty,Department Store,Surat,Gujarat,West,SKU0028,Northline EDT A,Northline,Fragrance,EDT,Top 25,Active,1109,43,45,,7,8383,BGR West,13,9,,58
2026-05,OUT0021,Reliance Beauty - Surat 2,Reliance Beauty,Department Store,Surat,Gujarat,West,SKU0029,Blush & Co EDT B,Blush & Co,Fragrance,EDT,Top 25,Active,479,74,77,,6,2641,BGR West,9,9,,55
2026-05,OUT0021,Reliance Beauty - Surat 2,Reliance Beauty,Department Store,Surat,Gujarat,West,SKU0031,Lumina Body Mist A,Lumina,Fragrance,Body Mist,Top 25,Active,2119,60,62,,6,11476,BGR West,8,8,,55
2026-05,OUT0021,Reliance Beauty - Surat 2,Reliance Beauty,Department Store,Surat,Gujarat,West,SKU0032,Northline Body Mist B,Northline,Fragrance,Body Mist,Others,Inactive,2229,3,5,,2,5275,BGR West,4,4,,58
2026-05,OUT0021,Reliance Beauty - Surat 2,Reliance Beauty,Department Store,Surat,Gujarat,West,SKU0033,Northline Body Lotion A,Northline,Bath & Body,Body Lotion,Top 10,Active,1239,89,89,,19,28264,BGR West,19,19,,38
2026-05,OUT0021,Reliance Beauty - Surat 2,Reliance Beauty,Department Store,Surat,Gujarat,West,SKU0034,Northline Body Lotion B,Northline,Bath & Body,Body Lotion,Top 25,Active,989,24,32,,10,12096,BGR West,21,18,,43
2026-05,OUT0021,Reliance Beauty - Surat 2,Reliance Beauty,Department Store,Surat,Gujarat,West,SKU0038,Blush & Co Hand Cream A,Blush & Co,Bath & Body,Hand Cream,Others,Active,489,0,0,,3,1497,BGR West,5,3,,43
2026-05,OUT0021,Reliance Beauty - Surat 2,Reliance Beauty,Department Store,Surat,Gujarat,West,SKU0039,Northline Hand Cream B,Northline,Bath & Body,Hand Cream,Others,Active,1189,34,38,,2,2771,BGR West,6,6,,43
2026-05,OUT0022,Reliance Beauty - Kolkata 3,Reliance Beauty,Department Store,Kolkata,West Bengal,East,SKU0002,Verde Moisturizer B,Verde,Skincare,Moisturizer,Top 10,Active,1179,52,53,,5,5459,BGR East,6,6,,43
2026-05,OUT0022,Reliance Beauty - Kolkata 3,Reliance Beauty,Department Store,Kolkata,West Bengal,East,SKU0003,Verde Serum A,Verde,Skincare,Serum,Top 25,Active,2419,39,43,,3,7090,BGR East,8,7,,45
2026-05,OUT0022,Reliance Beauty - Kolkata 3,Reliance Beauty,Department Store,Kolkata,West Bengal,East,SKU0004,Northline Serum B,Northline,Skincare,Serum,Top 25,Active,2489,38,41,,0,0,BGR East,3,3,,45
2026-05,OUT0022,Reliance Beauty - Kolkata 3,Reliance Beauty,Department Store,Kolkata,West Bengal,East,SKU0006,Blush & Co Cleanser A,Blush & Co,Skincare,Cleanser,Top 10,Active,289,5,6,,5,1780,BGR East,8,6,,45
2026-05,OUT0022,Reliance Beauty - Kolkata 3,Reliance Beauty,Department Store,Kolkata,West Bengal,East,SKU0008,Lumina Sunscreen A,Lumina,Skincare,Sunscreen,Others,Active,1599,20,20,,0,0,BGR East,1,0,,44
2026-05,OUT0022,Reliance Beauty - Kolkata 3,Reliance Beauty,Department Store,Kolkata,West Bengal,East,SKU0011,Lumina Foundation B,Lumina,Makeup,Foundation,Top 10,Inactive,1889,19,18,,2,3569,BGR East,2,1,,50
2026-05,OUT0022,Reliance Beauty - Kolkata 3,Reliance Beauty,Department Store,Kolkata,West Bengal,East,SKU0012,Northline Lipstick A,Northline,Makeup,Lipstick,Others,Active,2429,16,16,,0,0,BGR East,1,0,,49
2026-05,OUT0022,Reliance Beauty - Kolkata 3,Reliance Beauty,Department Store,Kolkata,West Bengal,East,SKU0013,Northline Lipstick B,Northline,Makeup,Lipstick,Others,Active,2469,8,9,,0,0,BGR East,1,1,,53
2026-05,OUT0022,Reliance Beauty - Kolkata 3,Reliance Beauty,Department Store,Kolkata,West Bengal,East,SKU0014,Lumina Lipstick C,Lumina,Makeup,Lipstick,Top 25,Active,1729,19,0,,2,4197,BGR East,3,3,,51
2026-05,OUT0022,Reliance Beauty - Kolkata 3,Reliance Beauty,Department Store,Kolkata,West Bengal,East,SKU0015,Blush & Co Mascara A,Blush & Co,Makeup,Mascara,Top 25,Active,1219,31,0,,1,1158,BGR East,6,4,,49
2026-05,OUT0022,Reliance Beauty - Kolkata 3,Reliance Beauty,Department Store,Kolkata,West Bengal,East,SKU0017,Lumina Mascara C,Lumina,Makeup,Mascara,Top 10,Active,529,74,73,,2,993,BGR East,1,1,,50
2026-05,OUT0022,Reliance Beauty - Kolkata 3,Reliance Beauty,Department Store,Kolkata,West Bengal,East,SKU0018,Northline Eyeliner A,Northline,Makeup,Eyeliner,Others,Active,1959,8,9,,0,0,BGR East,1,1,,49
2026-05,OUT0022,Reliance Beauty - Kolkata 3,Reliance Beauty,Department Store,Kolkata,West Bengal,East,SKU0019,Northline Eyeliner B,Northline,Makeup,Eyeliner,Others,Active,1889,28,30,,0,0,BGR East,3,2,,53
2026-05,OUT0022,Reliance Beauty - Kolkata 3,Reliance Beauty,Department Store,Kolkata,West Bengal,East,SKU0020,Lumina Shampoo A,Lumina,Haircare,Shampoo,Top 10,Active,509,39,41,,3,1912,BGR East,6,5,,36
2026-05,OUT0022,Reliance Beauty - Kolkata 3,Reliance Beauty,Department Store,Kolkata,West Bengal,East,SKU0022,Northline Conditioner A,Northline,Haircare,Conditioner,Others,Active,779,4,4,,0,0,BGR East,1,0,,35
2026-05,OUT0022,Reliance Beauty - Kolkata 3,Reliance Beauty,Department Store,Kolkata,West Bengal,East,SKU0027,Lumina EDP B,Lumina,Fragrance,EDP,Top 10,Active,529,0,5,,4,2336,BGR East,9,9,,53
2026-05,OUT0022,Reliance Beauty - Kolkata 3,Reliance Beauty,Department Store,Kolkata,West Bengal,East,SKU0028,Northline EDT A,Northline,Fragrance,EDT,Top 25,Active,1109,18,14,,2,2679,BGR East,3,2,,54
2026-05,OUT0022,Reliance Beauty - Kolkata 3,Reliance Beauty,Department Store,Kolkata,West Bengal,East,SKU0029,Blush & Co EDT B,Blush & Co,Fragrance,EDT,Top 25,Active,479,40,40,,2,1111,BGR East,4,2,,54
2026-05,OUT0022,Reliance Beauty - Kolkata 3,Reliance Beauty,Department Store,Kolkata,West Bengal,East,SKU0031,Lumina Body Mist A,Lumina,Fragrance,Body Mist,Top 25,Active,2119,20,19,,2,4078,BGR East,2,1,,55
2026-05,OUT0022,Reliance Beauty - Kolkata 3,Reliance Beauty,Department Store,Kolkata,West Bengal,East,SKU0032,Northline Body Mist B,Northline,Fragrance,Body Mist,Others,Inactive,2229,6,10,,0,0,BGR East,4,4,,56
2026-05,OUT0022,Reliance Beauty - Kolkata 3,Reliance Beauty,Department Store,Kolkata,West Bengal,East,SKU0033,Northline Body Lotion A,Northline,Bath & Body,Body Lotion,Top 10,Active,1239,92,88,,9,12041,BGR East,8,5,,41
2026-05,OUT0022,Reliance Beauty - Kolkata 3,Reliance Beauty,Department Store,Kolkata,West Bengal,East,SKU0034,Northline Body Lotion B,Northline,Bath & Body,Body Lotion,Top 25,Active,989,28,30,,2,1988,BGR East,6,4,,43
2026-05,OUT0022,Reliance Beauty - Kolkata 3,Reliance Beauty,Department Store,Kolkata,West Bengal,East,SKU0035,Northline Body Wash A,Northline,Bath & Body,Body Wash,Others,Active,469,6,6,,0,0,BGR East,1,0,,37
2026-05,OUT0022,Reliance Beauty - Kolkata 3,Reliance Beauty,Department Store,Kolkata,West Bengal,East,SKU0036,Northline Body Wash B,Northline,Bath & Body,Body Wash,Others,Active,1179,1,3,,0,0,BGR East,2,2,,37
2026-05,OUT0022,Reliance Beauty - Kolkata 3,Reliance Beauty,Department Store,Kolkata,West Bengal,East,SKU0037,Verde Body Wash C,Verde,Bath & Body,Body Wash,Top 25,Active,2239,18,0,,1,2750,BGR East,4,4,,40
2026-05,OUT0023,Reliance Beauty - Pune 4,Reliance Beauty,Department Store,Pune,Maharashtra,West,SKU0001,Blush & Co Moisturizer A,Blush & Co,Skincare,Moisturizer,Others,Active,2319,17,19,,1,2239,BGR West,3,3,,42
2026-05,OUT0023,Reliance Beauty - Pune 4,Reliance Beauty,Department Store,Pune,Maharashtra,West,SKU0002,Verde Moisturizer B,Verde,Skincare,Moisturizer,Top 10,Active,1179,75,0,,8,10990,BGR West,9,7,,43
2026-05,OUT0023,Reliance Beauty - Pune 4,Reliance Beauty,Department Store,Pune,Maharashtra,West,SKU0003,Verde Serum A,Verde,Skincare,Serum,Top 25,Active,2419,17,24,,7,15899,BGR West,16,14,,48
2026-05,OUT0023,Reliance Beauty - Pune 4,Reliance Beauty,Department Store,Pune,Maharashtra,West,SKU0004,Northline Serum B,Northline,Skincare,Serum,Top 25,Active,2489,57,59,,3,8743,BGR West,6,5,,48
2026-05,OUT0023,Reliance Beauty - Pune 4,Reliance Beauty,Department Store,Pune,Maharashtra,West,SKU0005,Northline Serum C,Northline,Skincare,Serum,Others,Inactive,1819,9,12,,0,0,BGR West,3,3,,47
2026-05,OUT0023,Reliance Beauty - Pune 4,Reliance Beauty,Department Store,Pune,Maharashtra,West,SKU0006,Blush & Co Cleanser A,Blush & Co,Skincare,Cleanser,Top 10,Active,289,107,0,,22,6786,BGR West,40,28,,42
2026-05,OUT0023,Reliance Beauty - Pune 4,Reliance Beauty,Department Store,Pune,Maharashtra,West,SKU0009,Blush & Co Sunscreen B,Blush & Co,Skincare,Sunscreen,Others,Inactive,1629,25,28,,1,1619,BGR West,4,4,,46
2026-05,OUT0023,Reliance Beauty - Pune 4,Reliance Beauty,Department Store,Pune,Maharashtra,West,SKU0010,Blush & Co Foundation A,Blush & Co,Makeup,Foundation,Others,Active,1419,3,5,,3,4546,BGR West,5,5,,51
2026-05,OUT0023,Reliance Beauty - Pune 4,Reliance Beauty,Department Store,Pune,Maharashtra,West,SKU0011,Lumina Foundation B,Lumina,Makeup,Foundation,Top 10,Inactive,1889,52,0,,5,10492,BGR West,8,6,,52
2026-05,OUT0023,Reliance Beauty - Pune 4,Reliance Beauty,Department Store,Pune,Maharashtra,West,SKU0012,Northline Lipstick A,Northline,Makeup,Lipstick,Others,Active,2429,16,18,,1,2922,BGR West,5,3,,48
2026-05,OUT0023,Reliance Beauty - Pune 4,Reliance Beauty,Department Store,Pune,Maharashtra,West,SKU0013,Northline Lipstick B,Northline,Makeup,Lipstick,Others,Active,2469,7,7,,0,0,BGR West,0,0,,52
2026-05,OUT0023,Reliance Beauty - Pune 4,Reliance Beauty,Department Store,Pune,Maharashtra,West,SKU0014,Lumina Lipstick C,Lumina,Makeup,Lipstick,Top 25,Active,1729,3,4,,5,8919,BGR West,8,6,,49
2026-05,OUT0023,Reliance Beauty - Pune 4,Reliance Beauty,Department Store,Pune,Maharashtra,West,SKU0015,Blush & Co Mascara A,Blush & Co,Makeup,Mascara,Top 25,Active,1219,32,34,,6,7834,BGR West,12,8,,50
2026-05,OUT0023,Reliance Beauty - Pune 4,Reliance Beauty,Department Store,Pune,Maharashtra,West,SKU0016,Verde Mascara B,Verde,Makeup,Mascara,Top 25,Active,199,46,53,,4,956,BGR West,11,11,,50
2026-05,OUT0023,Reliance Beauty - Pune 4,Reliance Beauty,Department Store,Pune,Maharashtra,West,SKU0017,Lumina Mascara C,Lumina,Makeup,Mascara,Top 10,Active,529,127,128,,4,2198,BGR West,6,5,,50
2026-05,OUT0023,Reliance Beauty - Pune 4,Reliance Beauty,Department Store,Pune,Maharashtra,West,SKU0018,Northline Eyeliner A,Northline,Makeup,Eyeliner,Others,Active,1959,4,8,,2,4819,BGR West,6,6,,49
2026-05,OUT0023,Reliance Beauty - Pune 4,Reliance Beauty,Department Store,Pune,Maharashtra,West,SKU0020,Lumina Shampoo A,Lumina,Haircare,Shampoo,Top 10,Active,509,61,71,,10,4556,BGR West,23,20,,38
2026-05,OUT0023,Reliance Beauty - Pune 4,Reliance Beauty,Department Store,Pune,Maharashtra,West,SKU0022,Northline Conditioner A,Northline,Haircare,Conditioner,Others,Active,779,8,9,,1,750,BGR West,3,2,,37
2026-05,OUT0023,Reliance Beauty - Pune 4,Reliance Beauty,Department Store,Pune,Maharashtra,West,SKU0023,Northline Conditioner B,Northline,Haircare,Conditioner,Others,Active,379,18,18,,0,0,BGR West,0,0,,33
2026-05,OUT0023,Reliance Beauty - Pune 4,Reliance Beauty,Department Store,Pune,Maharashtra,West,SKU0027,Lumina EDP B,Lumina,Fragrance,EDP,Top 10,Active,529,0,4,,8,4981,BGR West,16,12,,57
2026-05,OUT0023,Reliance Beauty - Pune 4,Reliance Beauty,Department Store,Pune,Maharashtra,West,SKU0028,Northline EDT A,Northline,Fragrance,EDT,Top 25,Active,1109,89,35,,7,8187,BGR West,15,14,,55
2026-05,OUT0023,Reliance Beauty - Pune 4,Reliance Beauty,Department Store,Pune,Maharashtra,West,SKU0029,Blush & Co EDT B,Blush & Co,Fragrance,EDT,Top 25,Active,479,78,81,,5,2279,BGR West,9,8,,54
2026-05,OUT0023,Reliance Beauty - Pune 4,Reliance Beauty,Department Store,Pune,Maharashtra,West,SKU0032,Northline Body Mist B,Northline,Fragrance,Body Mist,Others,Inactive,2229,5,8,,2,4250,BGR West,8,5,,55
2026-05,OUT0023,Reliance Beauty - Pune 4,Reliance Beauty,Department Store,Pune,Maharashtra,West,SKU0033,Northline Body Lotion A,Northline,Bath & Body,Body Lotion,Top 10,Active,1239,186,0,,15,17230,BGR West,20,20,,37
2026-05,OUT0023,Reliance Beauty - Pune 4,Reliance Beauty,Department Store,Pune,Maharashtra,West,SKU0034,Northline Body Lotion B,Northline,Bath & Body,Body Lotion,Top 25,Active,989,23,27,,6,5471,BGR West,12,10,,40
2026-05,OUT0023,Reliance Beauty - Pune 4,Reliance Beauty,Department Store,Pune,Maharashtra,West,SKU0035,Northline Body Wash A,Northline,Bath & Body,Body Wash,Others,Active,469,24,29,,1,586,BGR West,6,6,,41
2026-05,OUT0023,Reliance Beauty - Pune 4,Reliance Beauty,Department Store,Pune,Maharashtra,West,SKU0036,Northline Body Wash B,Northline,Bath & Body,Body Wash,Others,Active,1179,19,22,,0,0,BGR West,3,3,,43
2026-05,OUT0023,Reliance Beauty - Pune 4,Reliance Beauty,Department Store,Pune,Maharashtra,West,SKU0037,Verde Body Wash C,Verde,Bath & Body,Body Wash,Top 25,Active,2239,66,69,,3,6019,BGR West,6,6,,40
2026-05,OUT0023,Reliance Beauty - Pune 4,Reliance Beauty,Department Store,Pune,Maharashtra,West,SKU0038,Blush & Co Hand Cream A,Blush & Co,Bath & Body,Hand Cream,Others,Active,489,5,9,,0,0,BGR West,5,4,,43
2026-05,OUT0024,Reliance Beauty - Bangalore 5,Reliance Beauty,Department Store,Bangalore,Karnataka,South,SKU0001,Blush & Co Moisturizer A,Blush & Co,Skincare,Moisturizer,Others,Active,2319,0,0,,1,2446,BGR South,1,1,,43
2026-05,OUT0024,Reliance Beauty - Bangalore 5,Reliance Beauty,Department Store,Bangalore,Karnataka,South,SKU0003,Verde Serum A,Verde,Skincare,Serum,Top 25,Active,2419,80,87,,6,15839,BGR South,13,13,,44
2026-05,OUT0024,Reliance Beauty - Bangalore 5,Reliance Beauty,Department Store,Bangalore,Karnataka,South,SKU0004,Northline Serum B,Northline,Skincare,Serum,Top 25,Active,2489,23,0,,2,5964,BGR South,6,5,,45
2026-05,OUT0024,Reliance Beauty - Bangalore 5,Reliance Beauty,Department Store,Bangalore,Karnataka,South,SKU0005,Northline Serum C,Northline,Skincare,Serum,Others,Inactive,1819,4,4,,0,0,BGR South,1,0,,44
2026-05,OUT0024,Reliance Beauty - Bangalore 5,Reliance Beauty,Department Store,Bangalore,Karnataka,South,SKU0006,Blush & Co Cleanser A,Blush & Co,Skincare,Cleanser,Top 10,Active,289,223,223,,19,6606,BGR South,22,19,,43
2026-05,OUT0024,Reliance Beauty - Bangalore 5,Reliance Beauty,Department Store,Bangalore,Karnataka,South,SKU0007,Northline Cleanser B,Northline,Skincare,Cleanser,Others,Active,1809,37,37,,0,0,BGR South,1,0,,43
2026-05,OUT0024,Reliance Beauty - Bangalore 5,Reliance Beauty,Department Store,Bangalore,Karnataka,South,SKU0008,Lumina Sunscreen A,Lumina,Skincare,Sunscreen,Others,Active,1599,0,0,,0,0,BGR South,0,0,,48
2026-05,OUT0024,Reliance Beauty - Bangalore 5,Reliance Beauty,Department Store,Bangalore,Karnataka,South,SKU0009,Blush & Co Sunscreen B,Blush & Co,Skincare,Sunscreen,Others,Inactive,1629,26,28,,0,0,BGR South,3,2,,48
2026-05,OUT0024,Reliance Beauty - Bangalore 5,Reliance Beauty,Department Store,Bangalore,Karnataka,South,SKU0011,Lumina Foundation B,Lumina,Makeup,Foundation,Top 10,Inactive,1889,13,15,,6,10318,BGR South,9,8,,49
2026-05,OUT0024,Reliance Beauty - Bangalore 5,Reliance Beauty,Department Store,Bangalore,Karnataka,South,SKU0013,Northline Lipstick B,Northline,Makeup,Lipstick,Others,Active,2469,12,12,,0,0,BGR South,0,0,,49
2026-05,OUT0024,Reliance Beauty - Bangalore 5,Reliance Beauty,Department Store,Bangalore,Karnataka,South,SKU0014,Lumina Lipstick C,Lumina,Makeup,Lipstick,Top 25,Active,1729,41,47,,2,3576,BGR South,8,8,,49
2026-05,OUT0024,Reliance Beauty - Bangalore 5,Reliance Beauty,Department Store,Bangalore,Karnataka,South,SKU0015,Blush & Co Mascara A,Blush & Co,Makeup,Mascara,Top 25,Active,1219,79,80,,6,8966,BGR South,11,7,,51
2026-05,OUT0024,Reliance Beauty - Bangalore 5,Reliance Beauty,Department Store,Bangalore,Karnataka,South,SKU0016,Verde Mascara B,Verde,Makeup,Mascara,Top 25,Active,199,13,16,,2,415,BGR South,5,5,,51
2026-05,OUT0024,Reliance Beauty - Bangalore 5,Reliance Beauty,Department Store,Bangalore,Karnataka,South,SKU0017,Lumina Mascara C,Lumina,Makeup,Mascara,Top 10,Active,529,13,20,,4,2026,BGR South,12,11,,52
2026-05,OUT0024,Reliance Beauty - Bangalore 5,Reliance Beauty,Department Store,Bangalore,Karnataka,South,SKU0020,Lumina Shampoo A,Lumina,Haircare,Shampoo,Top 10,Active,509,55,0,,7,4109,BGR South,14,14,,34
2026-05,OUT0024,Reliance Beauty - Bangalore 5,Reliance Beauty,Department Store,Bangalore,Karnataka,South,SKU0021,Verde Shampoo B,Verde,Haircare,Shampoo,Others,Active,1319,0,0,,1,1323,BGR South,3,2,,32
2026-05,OUT0024,Reliance Beauty - Bangalore 5,Reliance Beauty,Department Store,Bangalore,Karnataka,South,SKU0022,Northline Conditioner A,Northline,Haircare,Conditioner,Others,Active,779,14,14,,1,932,BGR South,2,1,,36
2026-05,OUT0024,Reliance Beauty - Bangalore 5,Reliance Beauty,Department Store,Bangalore,Karnataka,South,SKU0027,Lumina EDP B,Lumina,Fragrance,EDP,Top 10,Active,529,13,31,,6,3055,BGR South,5,4,,53
2026-05,OUT0024,Reliance Beauty - Bangalore 5,Reliance Beauty,Department Store,Bangalore,Karnataka,South,SKU0028,Northline EDT A,Northline,Fragrance,EDT,Top 25,Active,1109,2,3,,3,4016,BGR South,5,4,,52
2026-05,OUT0024,Reliance Beauty - Bangalore 5,Reliance Beauty,Department Store,Bangalore,Karnataka,South,SKU0029,Blush & Co EDT B,Blush & Co,Fragrance,EDT,Top 25,Active,479,0,2,,2,1004,BGR South,5,4,,53
2026-05,OUT0024,Reliance Beauty - Bangalore 5,Reliance Beauty,Department Store,Bangalore,Karnataka,South,SKU0031,Lumina Body Mist A,Lumina,Fragrance,Body Mist,Top 25,Active,2119,75,75,,4,9040,BGR South,6,4,,55
2026-05,OUT0024,Reliance Beauty - Bangalore 5,Reliance Beauty,Department Store,Bangalore,Karnataka,South,SKU0033,Northline Body Lotion A,Northline,Bath & Body,Body Lotion,Top 10,Active,1239,150,145,,14,18014,BGR South,14,9,,37
2026-05,OUT0024,Reliance Beauty - Bangalore 5,Reliance Beauty,Department Store,Bangalore,Karnataka,South,SKU0034,Northline Body Lotion B,Northline,Bath & Body,Body Lotion,Top 25,Active,989,18,20,,0,0,BGR South,3,2,,39
2026-05,OUT0024,Reliance Beauty - Bangalore 5,Reliance Beauty,Department Store,Bangalore,Karnataka,South,SKU0037,Verde Body Wash C,Verde,Bath & Body,Body Wash,Top 25,Active,2239,14,16,,1,2012,BGR South,4,3,,43
2026-05,OUT0024,Reliance Beauty - Bangalore 5,Reliance Beauty,Department Store,Bangalore,Karnataka,South,SKU0038,Blush & Co Hand Cream A,Blush & Co,Bath & Body,Hand Cream,Others,Active,489,14,0,,1,586,BGR South,1,0,,43
2026-05,OUT0024,Reliance Beauty - Bangalore 5,Reliance Beauty,Department Store,Bangalore,Karnataka,South,SKU0039,Northline Hand Cream B,Northline,Bath & Body,Hand Cream,Others,Active,1189,0,0,,1,1484,BGR South,3,3,,37
2026-05,OUT0025,Reliance Beauty - Bangalore 6,Reliance Beauty,Department Store,Bangalore,Karnataka,South,SKU0002,Verde Moisturizer B,Verde,Skincare,Moisturizer,Top 10,Active,1179,43,52,,8,9784,BGR South,17,17,,46
2026-05,OUT0025,Reliance Beauty - Bangalore 6,Reliance Beauty,Department Store,Bangalore,Karnataka,South,SKU0004,Northline Serum B,Northline,Skincare,Serum,Top 25,Active,2489,30,34,,4,10579,BGR South,9,8,,48
2026-05,OUT0025,Reliance Beauty - Bangalore 6,Reliance Beauty,Department Store,Bangalore,Karnataka,South,SKU0006,Blush & Co Cleanser A,Blush & Co,Skincare,Cleanser,Top 10,Active,289,82,101,,21,6509,BGR South,43,40,,43
2026-05,OUT0025,Reliance Beauty - Bangalore 6,Reliance Beauty,Department Store,Bangalore,Karnataka,South,SKU0008,Lumina Sunscreen A,Lumina,Skincare,Sunscreen,Others,Active,1599,0,4,,0,0,BGR South,4,4,,45
2026-05,OUT0025,Reliance Beauty - Bangalore 6,Reliance Beauty,Department Store,Bangalore,Karnataka,South,SKU0010,Blush & Co Foundation A,Blush & Co,Makeup,Foundation,Others,Active,1419,19,19,,1,1688,BGR South,2,1,,47
2026-05,OUT0025,Reliance Beauty - Bangalore 6,Reliance Beauty,Department Store,Bangalore,Karnataka,South,SKU0011,Lumina Foundation B,Lumina,Makeup,Foundation,Top 10,Inactive,1889,4,5,,6,11818,BGR South,11,7,,51
2026-05,OUT0025,Reliance Beauty - Bangalore 6,Reliance Beauty,Department Store,Bangalore,Karnataka,South,SKU0015,Blush & Co Mascara A,Blush & Co,Makeup,Mascara,Top 25,Active,1219,53,0,,7,8765,BGR South,13,13,,48
2026-05,OUT0025,Reliance Beauty - Bangalore 6,Reliance Beauty,Department Store,Bangalore,Karnataka,South,SKU0016,Verde Mascara B,Verde,Makeup,Mascara,Top 25,Active,199,44,22,,3,550,BGR South,6,5,,48
2026-05,OUT0025,Reliance Beauty - Bangalore 6,Reliance Beauty,Department Store,Bangalore,Karnataka,South,SKU0017,Lumina Mascara C,Lumina,Makeup,Mascara,Top 10,Active,529,97,103,,10,6344,BGR South,16,16,,52
2026-05,OUT0025,Reliance Beauty - Bangalore 6,Reliance Beauty,Department Store,Bangalore,Karnataka,South,SKU0019,Northline Eyeliner B,Northline,Makeup,Eyeliner,Others,Active,1889,23,24,,2,4074,BGR South,3,3,,49
2026-05,OUT0025,Reliance Beauty - Bangalore 6,Reliance Beauty,Department Store,Bangalore,Karnataka,South,SKU0020,Lumina Shampoo A,Lumina,Haircare,Shampoo,Top 10,Active,509,98,105,,6,3359,BGR South,13,13,,38
2026-05,OUT0025,Reliance Beauty - Bangalore 6,Reliance Beauty,Department Store,Bangalore,Karnataka,South,SKU0023,Northline Conditioner B,Northline,Haircare,Conditioner,Others,Active,379,0,0,,0,0,BGR South,4,4,,36
2026-05,OUT0025,Reliance Beauty - Bangalore 6,Reliance Beauty,Department Store,Bangalore,Karnataka,South,SKU0027,Lumina EDP B,Lumina,Fragrance,EDP,Top 10,Active,529,28,36,,17,8382,BGR South,28,25,,54
2026-05,OUT0025,Reliance Beauty - Bangalore 6,Reliance Beauty,Department Store,Bangalore,Karnataka,South,SKU0028,Northline EDT A,Northline,Fragrance,EDT,Top 25,Active,1109,19,21,,4,5075,BGR South,7,6,,55
2026-05,OUT0025,Reliance Beauty - Bangalore 6,Reliance Beauty,Department Store,Bangalore,Karnataka,South,SKU0029,Blush & Co EDT B,Blush & Co,Fragrance,EDT,Top 25,Active,479,63,66,,6,3090,BGR South,13,9,,52
2026-05,OUT0025,Reliance Beauty - Bangalore 6,Reliance Beauty,Department Store,Bangalore,Karnataka,South,SKU0030,Blush & Co EDT C,Blush & Co,Fragrance,EDT,Others,Active,779,26,25,,3,2095,BGR South,3,2,,57
2026-05,OUT0025,Reliance Beauty - Bangalore 6,Reliance Beauty,Department Store,Bangalore,Karnataka,South,SKU0031,Lumina Body Mist A,Lumina,Fragrance,Body Mist,Top 25,Active,2119,78,80,,7,18338,BGR South,13,9,,58
2026-05,OUT0025,Reliance Beauty - Bangalore 6,Reliance Beauty,Department Store,Bangalore,Karnataka,South,SKU0033,Northline Body Lotion A,Northline,Bath & Body,Body Lotion,Top 10,Active,1239,82,81,,19,21277,BGR South,27,18,,38
2026-05,OUT0025,Reliance Beauty - Bangalore 6,Reliance Beauty,Department Store,Bangalore,Karnataka,South,SKU0034,Northline Body Lotion B,Northline,Bath & Body,Body Lotion,Top 25,Active,989,16,18,,6,6647,BGR South,9,8,,40
2026-05,OUT0025,Reliance Beauty - Bangalore 6,Reliance Beauty,Department Store,Bangalore,Karnataka,South,SKU0036,Northline Body Wash B,Northline,Bath & Body,Body Wash,Others,Active,1179,17,19,,0,0,BGR South,3,2,,37
2026-05,OUT0025,Reliance Beauty - Bangalore 6,Reliance Beauty,Department Store,Bangalore,Karnataka,South,SKU0037,Verde Body Wash C,Verde,Bath & Body,Body Wash,Top 25,Active,2239,10,15,,2,4140,BGR South,8,7,,40
2026-05,OUT0025,Reliance Beauty - Bangalore 6,Reliance Beauty,Department Store,Bangalore,Karnataka,South,SKU0039,Northline Hand Cream B,Northline,Bath & Body,Hand Cream,Others,Active,1189,3,5,,1,1114,BGR South,3,3,,38
2026-05,OUT0026,Reliance Beauty - Bhubaneswar 7,Reliance Beauty,Department Store,Bhubaneswar,Odisha,East,SKU0002,Verde Moisturizer B,Verde,Skincare,Moisturizer,Top 10,Active,1179,64,65,,6,7259,BGR East,8,7,,42
2026-05,OUT0026,Reliance Beauty - Bhubaneswar 7,Reliance Beauty,Department Store,Bhubaneswar,Odisha,East,SKU0003,Verde Serum A,Verde,Skincare,Serum,Top 25,Active,2419,6,13,,11,25307,BGR East,18,18,,45
2026-05,OUT0026,Reliance Beauty - Bhubaneswar 7,Reliance Beauty,Department Store,Bhubaneswar,Odisha,East,SKU0004,Northline Serum B,Northline,Skincare,Serum,Top 25,Active,2489,37,37,,3,6796,BGR East,4,3,,43
2026-05,OUT0026,Reliance Beauty - Bhubaneswar 7,Reliance Beauty,Department Store,Bhubaneswar,Odisha,East,SKU0006,Blush & Co Cleanser A,Blush & Co,Skincare,Cleanser,Top 10,Active,289,21,96,,12,4004,BGR East,14,11,,45
2026-05,OUT0026,Reliance Beauty - Bhubaneswar 7,Reliance Beauty,Department Store,Bhubaneswar,Odisha,East,SKU0008,Lumina Sunscreen A,Lumina,Skincare,Sunscreen,Others,Active,1599,1,2,,1,1756,BGR East,2,2,,45
2026-05,OUT0026,Reliance Beauty - Bhubaneswar 7,Reliance Beauty,Department Store,Bhubaneswar,Odisha,East,SKU0009,Blush & Co Sunscreen B,Blush & Co,Skincare,Sunscreen,Others,Inactive,1629,3,0,,0,0,BGR East,2,2,,43
2026-05,OUT0026,Reliance Beauty - Bhubaneswar 7,Reliance Beauty,Department Store,Bhubaneswar,Odisha,East,SKU0010,Blush & Co Foundation A,Blush & Co,Makeup,Foundation,Others,Active,1419,24,23,,1,1333,BGR East,1,0,,47
2026-05,OUT0026,Reliance Beauty - Bhubaneswar 7,Reliance Beauty,Department Store,Bhubaneswar,Odisha,East,SKU0011,Lumina Foundation B,Lumina,Makeup,Foundation,Top 10,Inactive,1889,54,54,,4,8545,BGR East,5,4,,51
2026-05,OUT0026,Reliance Beauty - Bhubaneswar 7,Reliance Beauty,Department Store,Bhubaneswar,Odisha,East,SKU0014,Lumina Lipstick C,Lumina,Makeup,Lipstick,Top 25,Active,1729,3,25,,3,6440,BGR East,7,6,,48
2026-05,OUT0026,Reliance Beauty - Bhubaneswar 7,Reliance Beauty,Department Store,Bhubaneswar,Odisha,East,SKU0015,Blush & Co Mascara A,Blush & Co,Makeup,Mascara,Top 25,Active,1219,65,65,,4,5184,BGR East,5,4,,53
2026-05,OUT0026,Reliance Beauty - Bhubaneswar 7,Reliance Beauty,Department Store,Bhubaneswar,Odisha,East,SKU0016,Verde Mascara B,Verde,Makeup,Mascara,Top 25,Active,199,10,10,,2,491,BGR East,4,2,,52
2026-05,OUT0026,Reliance Beauty - Bhubaneswar 7,Reliance Beauty,Department Store,Bhubaneswar,Odisha,East,SKU0020,Lumina Shampoo A,Lumina,Haircare,Shampoo,Top 10,Active,509,62,69,,7,4312,BGR East,14,14,,36
2026-05,OUT0026,Reliance Beauty - Bhubaneswar 7,Reliance Beauty,Department Store,Bhubaneswar,Odisha,East,SKU0023,Northline Conditioner B,Northline,Haircare,Conditioner,Others,Active,379,7,10,,0,0,BGR East,3,3,,34
2026-05,OUT0026,Reliance Beauty - Bhubaneswar 7,Reliance Beauty,Department Store,Bhubaneswar,Odisha,East,SKU0028,Northline EDT A,Northline,Fragrance,EDT,Top 25,Active,1109,16,21,,6,6463,BGR East,11,11,,58
2026-05,OUT0026,Reliance Beauty - Bhubaneswar 7,Reliance Beauty,Department Store,Bhubaneswar,Odisha,East,SKU0030,Blush & Co EDT C,Blush & Co,Fragrance,EDT,Others,Active,779,16,19,,2,1824,BGR East,5,5,,55
2026-05,OUT0026,Reliance Beauty - Bhubaneswar 7,Reliance Beauty,Department Store,Bhubaneswar,Odisha,East,SKU0032,Northline Body Mist B,Northline,Fragrance,Body Mist,Others,Inactive,2229,5,9,,1,2678,BGR East,5,5,,55
2026-05,OUT0026,Reliance Beauty - Bhubaneswar 7,Reliance Beauty,Department Store,Bhubaneswar,Odisha,East,SKU0033,Northline Body Lotion A,Northline,Bath & Body,Body Lotion,Top 10,Active,1239,114,124,,10,14506,BGR East,20,20,,40
2026-05,OUT0026,Reliance Beauty - Bhubaneswar 7,Reliance Beauty,Department Store,Bhubaneswar,Odisha,East,SKU0035,Northline Body Wash A,Northline,Bath & Body,Body Wash,Others,Active,469,11,15,,0,0,BGR East,4,4,,39
2026-05,OUT0026,Reliance Beauty - Bhubaneswar 7,Reliance Beauty,Department Store,Bhubaneswar,Odisha,East,SKU0036,Northline Body Wash B,Northline,Bath & Body,Body Wash,Others,Active,1179,10,10,,0,0,BGR East,0,0,,43
2026-05,OUT0026,Reliance Beauty - Bhubaneswar 7,Reliance Beauty,Department Store,Bhubaneswar,Odisha,East,SKU0037,Verde Body Wash C,Verde,Bath & Body,Body Wash,Top 25,Active,2239,15,18,,2,4555,BGR East,6,5,,43
2026-05,OUT0027,Reliance Beauty - Kolkata 8,Reliance Beauty,Department Store,Kolkata,West Bengal,East,SKU0002,Verde Moisturizer B,Verde,Skincare,Moisturizer,Top 10,Active,1179,47,49,,4,4982,BGR East,8,6,,45
2026-05,OUT0027,Reliance Beauty - Kolkata 8,Reliance Beauty,Department Store,Kolkata,West Bengal,East,SKU0003,Verde Serum A,Verde,Skincare,Serum,Top 25,Active,2419,41,41,,2,4760,BGR East,4,2,,47
2026-05,OUT0027,Reliance Beauty - Kolkata 8,Reliance Beauty,Department Store,Kolkata,West Bengal,East,SKU0004,Northline Serum B,Northline,Skincare,Serum,Top 25,Active,2489,6,5,,1,2322,BGR East,1,0,,44
2026-05,OUT0027,Reliance Beauty - Kolkata 8,Reliance Beauty,Department Store,Kolkata,West Bengal,East,SKU0005,Northline Serum C,Northline,Skincare,Serum,Others,Inactive,1819,3,3,,0,0,BGR East,0,0,,42
2026-05,OUT0027,Reliance Beauty - Kolkata 8,Reliance Beauty,Department Store,Kolkata,West Bengal,East,SKU0006,Blush & Co Cleanser A,Blush & Co,Skincare,Cleanser,Top 10,Active,289,4,5,,7,2166,BGR East,11,8,,42
2026-05,OUT0027,Reliance Beauty - Kolkata 8,Reliance Beauty,Department Store,Kolkata,West Bengal,East,SKU0009,Blush & Co Sunscreen B,Blush & Co,Skincare,Sunscreen,Others,Inactive,1629,13,13,,0,0,BGR East,0,0,,45
2026-05,OUT0027,Reliance Beauty - Kolkata 8,Reliance Beauty,Department Store,Kolkata,West Bengal,East,SKU0010,Blush & Co Foundation A,Blush & Co,Makeup,Foundation,Others,Active,1419,10,12,,0,0,BGR East,2,2,,48
2026-05,OUT0027,Reliance Beauty - Kolkata 8,Reliance Beauty,Department Store,Kolkata,West Bengal,East,SKU0011,Lumina Foundation B,Lumina,Makeup,Foundation,Top 10,Inactive,1889,41,44,,2,4390,BGR East,6,5,,50
2026-05,OUT0027,Reliance Beauty - Kolkata 8,Reliance Beauty,Department Store,Kolkata,West Bengal,East,SKU0013,Northline Lipstick B,Northline,Makeup,Lipstick,Others,Active,2469,19,22,,0,0,BGR East,4,3,,47
2026-05,OUT0027,Reliance Beauty - Kolkata 8,Reliance Beauty,Department Store,Kolkata,West Bengal,East,SKU0014,Lumina Lipstick C,Lumina,Makeup,Lipstick,Top 25,Active,1729,34,38,,1,1959,BGR East,5,5,,47
2026-05,OUT0027,Reliance Beauty - Kolkata 8,Reliance Beauty,Department Store,Kolkata,West Bengal,East,SKU0015,Blush & Co Mascara A,Blush & Co,Makeup,Mascara,Top 25,Active,1219,8,7,,2,2499,BGR East,1,1,,49
2026-05,OUT0027,Reliance Beauty - Kolkata 8,Reliance Beauty,Department Store,Kolkata,West Bengal,East,SKU0016,Verde Mascara B,Verde,Makeup,Mascara,Top 25,Active,199,0,1,,1,238,BGR East,3,2,,52
2026-05,OUT0027,Reliance Beauty - Kolkata 8,Reliance Beauty,Department Store,Kolkata,West Bengal,East,SKU0017,Lumina Mascara C,Lumina,Makeup,Mascara,Top 10,Active,529,0,2,,3,1632,BGR East,8,5,,51
2026-05,OUT0027,Reliance Beauty - Kolkata 8,Reliance Beauty,Department Store,Kolkata,West Bengal,East,SKU0018,Northline Eyeliner A,Northline,Makeup,Eyeliner,Others,Active,1959,16,18,,0,0,BGR East,3,2,,53
2026-05,OUT0027,Reliance Beauty - Kolkata 8,Reliance Beauty,Department Store,Kolkata,West Bengal,East,SKU0020,Lumina Shampoo A,Lumina,Haircare,Shampoo,Top 10,Active,509,35,36,,4,1860,BGR East,6,5,,38
2026-05,OUT0027,Reliance Beauty - Kolkata 8,Reliance Beauty,Department Store,Kolkata,West Bengal,East,SKU0022,Northline Conditioner A,Northline,Haircare,Conditioner,Others,Active,779,12,12,,0,0,BGR East,1,0,,36
2026-05,OUT0027,Reliance Beauty - Kolkata 8,Reliance Beauty,Department Store,Kolkata,West Bengal,East,SKU0023,Northline Conditioner B,Northline,Haircare,Conditioner,Others,Active,379,7,0,,0,0,BGR East,1,0,,36
2026-05,OUT0027,Reliance Beauty - Kolkata 8,Reliance Beauty,Department Store,Kolkata,West Bengal,East,SKU0029,Blush & Co EDT B,Blush & Co,Fragrance,EDT,Top 25,Active,479,3,3,,1,591,BGR East,2,1,,52
2026-05,OUT0027,Reliance Beauty - Kolkata 8,Reliance Beauty,Department Store,Kolkata,West Bengal,East,SKU0031,Lumina Body Mist A,Lumina,Fragrance,Body Mist,Top 25,Active,2119,0,4,,2,3788,BGR East,6,6,,53
2026-05,OUT0027,Reliance Beauty - Kolkata 8,Reliance Beauty,Department Store,Kolkata,West Bengal,East,SKU0033,Northline Body Lotion A,Northline,Bath & Body,Body Lotion,Top 10,Active,1239,6,5,,11,16278,BGR East,12,10,,40
2026-05,OUT0027,Reliance Beauty - Kolkata 8,Reliance Beauty,Department Store,Kolkata,West Bengal,East,SKU0034,Northline Body Lotion B,Northline,Bath & Body,Body Lotion,Top 25,Active,989,0,0,,3,2707,BGR East,3,2,,39
2026-05,OUT0027,Reliance Beauty - Kolkata 8,Reliance Beauty,Department Store,Kolkata,West Bengal,East,SKU0035,Northline Body Wash A,Northline,Bath & Body,Body Wash,Others,Active,469,4,4,,0,0,BGR East,0,0,,39
2026-05,OUT0027,Reliance Beauty - Kolkata 8,Reliance Beauty,Department Store,Kolkata,West Bengal,East,SKU0037,Verde Body Wash C,Verde,Bath & Body,Body Wash,Top 25,Active,2239,38,39,,4,11171,BGR East,8,5,,40
2026-05,OUT0027,Reliance Beauty - Kolkata 8,Reliance Beauty,Department Store,Kolkata,West Bengal,East,SKU0039,Northline Hand Cream B,Northline,Bath & Body,Hand Cream,Others,Active,1189,15,15,,0,0,BGR East,0,0,,39
2026-05,OUT0028,Reliance Beauty - Pune 9,Reliance Beauty,Department Store,Pune,Maharashtra,West,SKU0001,Blush & Co Moisturizer A,Blush & Co,Skincare,Moisturizer,Others,Active,2319,24,27,,0,0,BGR West,4,3,,47
2026-05,OUT0028,Reliance Beauty - Pune 9,Reliance Beauty,Department Store,Pune,Maharashtra,West,SKU0002,Verde Moisturizer B,Verde,Skincare,Moisturizer,Top 10,Active,1179,12,15,,6,8215,BGR West,13,9,,45
2026-05,OUT0028,Reliance Beauty - Pune 9,Reliance Beauty,Department Store,Pune,Maharashtra,West,SKU0003,Verde Serum A,Verde,Skincare,Serum,Top 25,Active,2419,40,49,,6,17399,BGR West,16,15,,43
2026-05,OUT0028,Reliance Beauty - Pune 9,Reliance Beauty,Department Store,Pune,Maharashtra,West,SKU0006,Blush & Co Cleanser A,Blush & Co,Skincare,Cleanser,Top 10,Active,289,11,10,,9,3043,BGR West,12,8,,48
2026-05,OUT0028,Reliance Beauty - Pune 9,Reliance Beauty,Department Store,Pune,Maharashtra,West,SKU0007,Northline Cleanser B,Northline,Skincare,Cleanser,Others,Active,1809,28,30,,0,0,BGR West,2,2,,45
2026-05,OUT0028,Reliance Beauty - Pune 9,Reliance Beauty,Department Store,Pune,Maharashtra,West,SKU0010,Blush & Co Foundation A,Blush & Co,Makeup,Foundation,Others,Active,1419,19,22,,1,1275,BGR West,5,4,,53
2026-05,OUT0028,Reliance Beauty - Pune 9,Reliance Beauty,Department Store,Pune,Maharashtra,West,SKU0011,Lumina Foundation B,Lumina,Makeup,Foundation,Top 10,Inactive,1889,6,10,,4,7884,BGR West,8,8,,47
2026-05,OUT0028,Reliance Beauty - Pune 9,Reliance Beauty,Department Store,Pune,Maharashtra,West,SKU0012,Northline Lipstick A,Northline,Makeup,Lipstick,Others,Active,2429,0,0,,1,2358,BGR West,2,1,,47
2026-05,OUT0028,Reliance Beauty - Pune 9,Reliance Beauty,Department Store,Pune,Maharashtra,West,SKU0014,Lumina Lipstick C,Lumina,Makeup,Lipstick,Top 25,Active,1729,16,18,,2,3525,BGR West,5,4,,51
2026-05,OUT0028,Reliance Beauty - Pune 9,Reliance Beauty,Department Store,Pune,Maharashtra,West,SKU0016,Verde Mascara B,Verde,Makeup,Mascara,Top 25,Active,199,2,1,,2,463,BGR West,2,1,,53
2026-05,OUT0028,Reliance Beauty - Pune 9,Reliance Beauty,Department Store,Pune,Maharashtra,West,SKU0017,Lumina Mascara C,Lumina,Makeup,Mascara,Top 10,Active,529,141,143,,3,1808,BGR West,6,5,,48
2026-05,OUT0028,Reliance Beauty - Pune 9,Reliance Beauty,Department Store,Pune,Maharashtra,West,SKU0018,Northline Eyeliner A,Northline,Makeup,Eyeliner,Others,Active,1959,0,3,,0,0,BGR West,3,3,,53
2026-05,OUT0028,Reliance Beauty - Pune 9,Reliance Beauty,Department Store,Pune,Maharashtra,West,SKU0019,Northline Eyeliner B,Northline,Makeup,Eyeliner,Others,Active,1889,11,14,,1,2172,BGR West,5,4,,47
2026-05,OUT0028,Reliance Beauty - Pune 9,Reliance Beauty,Department Store,Pune,Maharashtra,West,SKU0020,Lumina Shampoo A,Lumina,Haircare,Shampoo,Top 10,Active,509,89,98,,8,4562,BGR West,17,17,,38
2026-05,OUT0028,Reliance Beauty - Pune 9,Reliance Beauty,Department Store,Pune,Maharashtra,West,SKU0022,Northline Conditioner A,Northline,Haircare,Conditioner,Others,Active,779,6,7,,1,826,BGR West,3,2,,38
2026-05,OUT0028,Reliance Beauty - Pune 9,Reliance Beauty,Department Store,Pune,Maharashtra,West,SKU0027,Lumina EDP B,Lumina,Fragrance,EDP,Top 10,Active,529,0,4,,8,5212,BGR West,16,12,,52
2026-05,OUT0028,Reliance Beauty - Pune 9,Reliance Beauty,Department Store,Pune,Maharashtra,West,SKU0029,Blush & Co EDT B,Blush & Co,Fragrance,EDT,Top 25,Active,479,62,64,,4,1715,BGR West,8,6,,56
2026-05,OUT0028,Reliance Beauty - Pune 9,Reliance Beauty,Department Store,Pune,Maharashtra,West,SKU0031,Lumina Body Mist A,Lumina,Fragrance,Body Mist,Top 25,Active,2119,2,5,,5,11589,BGR West,10,8,,55
2026-05,OUT0028,Reliance Beauty - Pune 9,Reliance Beauty,Department Store,Pune,Maharashtra,West,SKU0032,Northline Body Mist B,Northline,Fragrance,Body Mist,Others,Inactive,2229,32,34,,1,2186,BGR West,5,3,,57
2026-05,OUT0028,Reliance Beauty - Pune 9,Reliance Beauty,Department Store,Pune,Maharashtra,West,SKU0033,Northline Body Lotion A,Northline,Bath & Body,Body Lotion,Top 10,Active,1239,84,94,,9,13927,BGR West,20,19,,42
2026-05,OUT0028,Reliance Beauty - Pune 9,Reliance Beauty,Department Store,Pune,Maharashtra,West,SKU0034,Northline Body Lotion B,Northline,Bath & Body,Body Lotion,Top 25,Active,989,22,27,,4,4410,BGR West,10,9,,37
2026-05,OUT0028,Reliance Beauty - Pune 9,Reliance Beauty,Department Store,Pune,Maharashtra,West,SKU0035,Northline Body Wash A,Northline,Bath & Body,Body Wash,Others,Active,469,34,35,,0,0,BGR West,1,1,,43
2026-05,OUT0028,Reliance Beauty - Pune 9,Reliance Beauty,Department Store,Pune,Maharashtra,West,SKU0036,Northline Body Wash B,Northline,Bath & Body,Body Wash,Others,Active,1179,4,7,,0,0,BGR West,4,3,,37
2026-05,OUT0028,Reliance Beauty - Pune 9,Reliance Beauty,Department Store,Pune,Maharashtra,West,SKU0037,Verde Body Wash C,Verde,Bath & Body,Body Wash,Top 25,Active,2239,48,49,,2,4368,BGR West,3,3,,42
2026-05,OUT0028,Reliance Beauty - Pune 9,Reliance Beauty,Department Store,Pune,Maharashtra,West,SKU0038,Blush & Co Hand Cream A,Blush & Co,Bath & Body,Hand Cream,Others,Active,489,0,2,,1,457,BGR West,4,3,,37
2026-05,OUT0028,Reliance Beauty - Pune 9,Reliance Beauty,Department Store,Pune,Maharashtra,West,SKU0039,Northline Hand Cream B,Northline,Bath & Body,Hand Cream,Others,Active,1189,37,38,,1,1472,BGR West,3,2,,42
2026-05,OUT0029,Reliance Beauty - Pune 10,Reliance Beauty,Department Store,Pune,Maharashtra,West,SKU0002,Verde Moisturizer B,Verde,Skincare,Moisturizer,Top 10,Active,1179,149,152,,6,8269,BGR West,13,9,,46
2026-05,OUT0029,Reliance Beauty - Pune 10,Reliance Beauty,Department Store,Pune,Maharashtra,West,SKU0003,Verde Serum A,Verde,Skincare,Serum,Top 25,Active,2419,71,75,,7,17189,BGR West,14,11,,45
2026-05,OUT0029,Reliance Beauty - Pune 10,Reliance Beauty,Department Store,Pune,Maharashtra,West,SKU0004,Northline Serum B,Northline,Skincare,Serum,Top 25,Active,2489,6,12,,2,5047,BGR West,4,4,,47
2026-05,OUT0029,Reliance Beauty - Pune 10,Reliance Beauty,Department Store,Pune,Maharashtra,West,SKU0006,Blush & Co Cleanser A,Blush & Co,Skincare,Cleanser,Top 10,Active,289,33,45,,18,6524,BGR West,34,30,,42
2026-05,OUT0029,Reliance Beauty - Pune 10,Reliance Beauty,Department Store,Pune,Maharashtra,West,SKU0007,Northline Cleanser B,Northline,Skincare,Cleanser,Others,Active,1809,32,33,,0,0,BGR West,1,1,,42
2026-05,OUT0029,Reliance Beauty - Pune 10,Reliance Beauty,Department Store,Pune,Maharashtra,West,SKU0008,Lumina Sunscreen A,Lumina,Skincare,Sunscreen,Others,Active,1599,5,7,,0,0,BGR West,3,2,,43
2026-05,OUT0029,Reliance Beauty - Pune 10,Reliance Beauty,Department Store,Pune,Maharashtra,West,SKU0011,Lumina Foundation B,Lumina,Makeup,Foundation,Top 10,Inactive,1889,15,17,,5,9708,BGR West,9,7,,50
2026-05,OUT0029,Reliance Beauty - Pune 10,Reliance Beauty,Department Store,Pune,Maharashtra,West,SKU0013,Northline Lipstick B,Northline,Makeup,Lipstick,Others,Active,2469,19,20,,0,0,BGR West,2,1,,47
2026-05,OUT0029,Reliance Beauty - Pune 10,Reliance Beauty,Department Store,Pune,Maharashtra,West,SKU0015,Blush & Co Mascara A,Blush & Co,Makeup,Mascara,Top 25,Active,1219,105,107,,6,9097,BGR West,8,8,,51
2026-05,OUT0029,Reliance Beauty - Pune 10,Reliance Beauty,Department Store,Pune,Maharashtra,West,SKU0016,Verde Mascara B,Verde,Makeup,Mascara,Top 25,Active,199,0,0,,3,749,BGR West,5,3,,47
2026-05,OUT0029,Reliance Beauty - Pune 10,Reliance Beauty,Department Store,Pune,Maharashtra,West,SKU0017,Lumina Mascara C,Lumina,Makeup,Mascara,Top 10,Active,529,7,41,,6,3311,BGR West,8,5,,47
2026-05,OUT0029,Reliance Beauty - Pune 10,Reliance Beauty,Department Store,Pune,Maharashtra,West,SKU0018,Northline Eyeliner A,Northline,Makeup,Eyeliner,Others,Active,1959,15,17,,0,0,BGR West,3,2,,53
2026-05,OUT0029,Reliance Beauty - Pune 10,Reliance Beauty,Department Store,Pune,Maharashtra,West,SKU0020,Lumina Shampoo A,Lumina,Haircare,Shampoo,Top 10,Active,509,235,235,,8,4967,BGR West,12,8,,36
2026-05,OUT0029,Reliance Beauty - Pune 10,Reliance Beauty,Department Store,Pune,Maharashtra,West,SKU0027,Lumina EDP B,Lumina,Fragrance,EDP,Top 10,Active,529,0,4,,10,4853,BGR West,14,14,,53
2026-05,OUT0029,Reliance Beauty - Pune 10,Reliance Beauty,Department Store,Pune,Maharashtra,West,SKU0028,Northline EDT A,Northline,Fragrance,EDT,Top 25,Active,1109,18,23,,5,5859,BGR West,11,10,,55
2026-05,OUT0029,Reliance Beauty - Pune 10,Reliance Beauty,Department Store,Pune,Maharashtra,West,SKU0029,Blush & Co EDT B,Blush & Co,Fragrance,EDT,Top 25,Active,479,12,0,,3,1420,BGR West,7,6,,55
2026-05,OUT0029,Reliance Beauty - Pune 10,Reliance Beauty,Department Store,Pune,Maharashtra,West,SKU0030,Blush & Co EDT C,Blush & Co,Fragrance,EDT,Others,Active,779,7,7,,1,718,BGR West,1,1,,58
2026-05,OUT0029,Reliance Beauty - Pune 10,Reliance Beauty,Department Store,Pune,Maharashtra,West,SKU0033,Northline Body Lotion A,Northline,Bath & Body,Body Lotion,Top 10,Active,1239,104,107,,12,15093,BGR West,16,15,,39
2026-05,OUT0029,Reliance Beauty - Pune 10,Reliance Beauty,Department Store,Pune,Maharashtra,West,SKU0035,Northline Body Wash A,Northline,Bath & Body,Body Wash,Others,Active,469,23,26,,1,447,BGR West,4,4,,38
2026-05,OUT0029,Reliance Beauty - Pune 10,Reliance Beauty,Department Store,Pune,Maharashtra,West,SKU0036,Northline Body Wash B,Northline,Bath & Body,Body Wash,Others,Active,1179,14,16,,0,0,BGR West,2,2,,41
2026-05,OUT0029,Reliance Beauty - Pune 10,Reliance Beauty,Department Store,Pune,Maharashtra,West,SKU0037,Verde Body Wash C,Verde,Bath & Body,Body Wash,Top 25,Active,2239,25,26,,2,5406,BGR West,3,3,,40
2026-05,OUT0029,Reliance Beauty - Pune 10,Reliance Beauty,Department Store,Pune,Maharashtra,West,SKU0038,Blush & Co Hand Cream A,Blush & Co,Bath & Body,Hand Cream,Others,Active,489,9,0,,0,0,BGR West,4,3,,39
2026-05,OUT0030,Reliance Beauty - Ahmedabad 11,Reliance Beauty,Department Store,Ahmedabad,Gujarat,West,SKU0002,Verde Moisturizer B,Verde,Skincare,Moisturizer,Top 10,Active,1179,12,15,,11,15196,BGR West,21,14,,47
2026-05,OUT0030,Reliance Beauty - Ahmedabad 11,Reliance Beauty,Department Store,Ahmedabad,Gujarat,West,SKU0003,Verde Serum A,Verde,Skincare,Serum,Top 25,Active,2419,13,28,,10,21747,BGR West,25,25,,43
2026-05,OUT0030,Reliance Beauty - Ahmedabad 11,Reliance Beauty,Department Store,Ahmedabad,Gujarat,West,SKU0004,Northline Serum B,Northline,Skincare,Serum,Top 25,Active,2489,10,13,,5,11265,BGR West,12,8,,45
2026-05,OUT0030,Reliance Beauty - Ahmedabad 11,Reliance Beauty,Department Store,Ahmedabad,Gujarat,West,SKU0006,Blush & Co Cleanser A,Blush & Co,Skincare,Cleanser,Top 10,Active,289,156,161,,21,6861,BGR West,29,26,,44
2026-05,OUT0030,Reliance Beauty - Ahmedabad 11,Reliance Beauty,Department Store,Ahmedabad,Gujarat,West,SKU0010,Blush & Co Foundation A,Blush & Co,Makeup,Foundation,Others,Active,1419,12,16,,2,3130,BGR West,6,6,,47
2026-05,OUT0030,Reliance Beauty - Ahmedabad 11,Reliance Beauty,Department Store,Ahmedabad,Gujarat,West,SKU0011,Lumina Foundation B,Lumina,Makeup,Foundation,Top 10,Inactive,1889,119,125,,14,27184,BGR West,26,20,,47
2026-05,OUT0030,Reliance Beauty - Ahmedabad 11,Reliance Beauty,Department Store,Ahmedabad,Gujarat,West,SKU0012,Northline Lipstick A,Northline,Makeup,Lipstick,Others,Active,2429,10,10,,1,2884,BGR West,2,1,,47
2026-05,OUT0030,Reliance Beauty - Ahmedabad 11,Reliance Beauty,Department Store,Ahmedabad,Gujarat,West,SKU0013,Northline Lipstick B,Northline,Makeup,Lipstick,Others,Active,2469,23,23,,0,0,BGR West,0,0,,48
2026-05,OUT0030,Reliance Beauty - Ahmedabad 11,Reliance Beauty,Department Store,Ahmedabad,Gujarat,West,SKU0014,Lumina Lipstick C,Lumina,Makeup,Lipstick,Top 25,Active,1729,65,69,,6,10307,BGR West,10,10,,50
2026-05,OUT0030,Reliance Beauty - Ahmedabad 11,Reliance Beauty,Department Store,Ahmedabad,Gujarat,West,SKU0015,Blush & Co Mascara A,Blush & Co,Makeup,Mascara,Top 25,Active,1219,1,0,,11,12031,BGR West,16,15,,53
2026-05,OUT0030,Reliance Beauty - Ahmedabad 11,Reliance Beauty,Department Store,Ahmedabad,Gujarat,West,SKU0016,Verde Mascara B,Verde,Makeup,Mascara,Top 25,Active,199,63,46,,9,1614,BGR West,17,17,,49
2026-05,OUT0030,Reliance Beauty - Ahmedabad 11,Reliance Beauty,Department Store,Ahmedabad,Gujarat,West,SKU0017,Lumina Mascara C,Lumina,Makeup,Mascara,Top 10,Active,529,132,139,,12,6842,BGR West,19,19,,52
2026-05,OUT0030,Reliance Beauty - Ahmedabad 11,Reliance Beauty,Department Store,Ahmedabad,Gujarat,West,SKU0019,Northline Eyeliner B,Northline,Makeup,Eyeliner,Others,Active,1889,21,0,,1,2336,BGR West,5,5,,49
2026-05,OUT0030,Reliance Beauty - Ahmedabad 11,Reliance Beauty,Department Store,Ahmedabad,Gujarat,West,SKU0020,Lumina Shampoo A,Lumina,Haircare,Shampoo,Top 10,Active,509,15,108,,17,7953,BGR West,16,16,,33
2026-05,OUT0030,Reliance Beauty - Ahmedabad 11,Reliance Beauty,Department Store,Ahmedabad,Gujarat,West,SKU0021,Verde Shampoo B,Verde,Haircare,Shampoo,Others,Active,1319,10,9,,2,2483,BGR West,2,1,,34
2026-05,OUT0030,Reliance Beauty - Ahmedabad 11,Reliance Beauty,Department Store,Ahmedabad,Gujarat,West,SKU0022,Northline Conditioner A,Northline,Haircare,Conditioner,Others,Active,779,0,2,,2,1717,BGR West,4,4,,33
2026-05,OUT0030,Reliance Beauty - Ahmedabad 11,Reliance Beauty,Department Store,Ahmedabad,Gujarat,West,SKU0023,Northline Conditioner B,Northline,Haircare,Conditioner,Others,Active,379,21,21,,0,0,BGR West,1,0,,36
2026-05,OUT0030,Reliance Beauty - Ahmedabad 11,Reliance Beauty,Department Store,Ahmedabad,Gujarat,West,SKU0027,Lumina EDP B,Lumina,Fragrance,EDP,Top 10,Active,529,59,0,,24,13798,BGR West,27,27,,55
2026-05,OUT0030,Reliance Beauty - Ahmedabad 11,Reliance Beauty,Department Store,Ahmedabad,Gujarat,West,SKU0028,Northline EDT A,Northline,Fragrance,EDT,Top 25,Active,1109,46,45,,8,9955,BGR West,8,7,,57
2026-05,OUT0030,Reliance Beauty - Ahmedabad 11,Reliance Beauty,Department Store,Ahmedabad,Gujarat,West,SKU0031,Lumina Body Mist A,Lumina,Fragrance,Body Mist,Top 25,Active,2119,75,82,,5,12045,BGR West,14,12,,53
2026-05,OUT0030,Reliance Beauty - Ahmedabad 11,Reliance Beauty,Department Store,Ahmedabad,Gujarat,West,SKU0033,Northline Body Lotion A,Northline,Bath & Body,Body Lotion,Top 10,Active,1239,37,46,,13,19035,BGR West,22,22,,42
2026-05,OUT0030,Reliance Beauty - Ahmedabad 11,Reliance Beauty,Department Store,Ahmedabad,Gujarat,West,SKU0034,Northline Body Lotion B,Northline,Bath & Body,Body Lotion,Top 25,Active,989,28,53,,7,6673,BGR West,15,13,,39
2026-05,OUT0030,Reliance Beauty - Ahmedabad 11,Reliance Beauty,Department Store,Ahmedabad,Gujarat,West,SKU0035,Northline Body Wash A,Northline,Bath & Body,Body Wash,Others,Active,469,27,28,,1,576,BGR West,4,2,,38
2026-05,OUT0031,Sephora - Kolkata 1,Sephora,MBO,Kolkata,West Bengal,East,SKU0001,Blush & Co Moisturizer A,Blush & Co,Skincare,Moisturizer,Others,Active,2319,15,17,,1,2757,BGR East,4,3,,43
2026-05,OUT0031,Sephora - Kolkata 1,Sephora,MBO,Kolkata,West Bengal,East,SKU0002,Verde Moisturizer B,Verde,Skincare,Moisturizer,Top 10,Active,1179,23,22,,15,21962,BGR East,20,14,,46
2026-05,OUT0031,Sephora - Kolkata 1,Sephora,MBO,Kolkata,West Bengal,East,SKU0003,Verde Serum A,Verde,Skincare,Serum,Top 25,Active,2419,52,51,,13,28700,BGR East,13,12,,46
2026-05,OUT0031,Sephora - Kolkata 1,Sephora,MBO,Kolkata,West Bengal,East,SKU0005,Northline Serum C,Northline,Skincare,Serum,Others,Inactive,1819,22,23,,1,1844,BGR East,2,2,,42
2026-05,OUT0031,Sephora - Kolkata 1,Sephora,MBO,Kolkata,West Bengal,East,SKU0006,Blush & Co Cleanser A,Blush & Co,Skincare,Cleanser,Top 10,Active,289,136,159,,23,6530,BGR East,46,46,,46
2026-05,OUT0031,Sephora - Kolkata 1,Sephora,MBO,Kolkata,West Bengal,East,SKU0007,Northline Cleanser B,Northline,Skincare,Cleanser,Others,Active,1809,32,33,,2,3473,BGR East,3,3,,46
2026-05,OUT0031,Sephora - Kolkata 1,Sephora,MBO,Kolkata,West Bengal,East,SKU0008,Lumina Sunscreen A,Lumina,Skincare,Sunscreen,Others,Active,1599,27,29,,2,3566,BGR East,4,4,,45
2026-05,OUT0031,Sephora - Kolkata 1,Sephora,MBO,Kolkata,West Bengal,East,SKU0009,Blush & Co Sunscreen B,Blush & Co,Skincare,Sunscreen,Others,Inactive,1629,48,0,,4,7923,BGR East,9,9,,44
2026-05,OUT0031,Sephora - Kolkata 1,Sephora,MBO,Kolkata,West Bengal,East,SKU0011,Lumina Foundation B,Lumina,Makeup,Foundation,Top 10,Inactive,1889,12,12,,18,35439,BGR East,21,18,,48
2026-05,OUT0031,Sephora - Kolkata 1,Sephora,MBO,Kolkata,West Bengal,East,SKU0012,Northline Lipstick A,Northline,Makeup,Lipstick,Others,Active,2429,17,19,,1,2654,BGR East,3,3,,50
2026-05,OUT0031,Sephora - Kolkata 1,Sephora,MBO,Kolkata,West Bengal,East,SKU0014,Lumina Lipstick C,Lumina,Makeup,Lipstick,Top 25,Active,1729,51,62,,10,16242,BGR East,21,21,,48
2026-05,OUT0031,Sephora - Kolkata 1,Sephora,MBO,Kolkata,West Bengal,East,SKU0015,Blush & Co Mascara A,Blush & Co,Makeup,Mascara,Top 25,Active,1219,81,93,,22,24735,BGR East,34,34,,48
2026-05,OUT0031,Sephora - Kolkata 1,Sephora,MBO,Kolkata,West Bengal,East,SKU0016,Verde Mascara B,Verde,Makeup,Mascara,Top 25,Active,199,42,50,,9,2161,BGR East,19,17,,53
2026-05,OUT0031,Sephora - Kolkata 1,Sephora,MBO,Kolkata,West Bengal,East,SKU0017,Lumina Mascara C,Lumina,Makeup,Mascara,Top 10,Active,529,0,15,,11,5911,BGR East,26,26,,48
2026-05,OUT0031,Sephora - Kolkata 1,Sephora,MBO,Kolkata,West Bengal,East,SKU0018,Northline Eyeliner A,Northline,Makeup,Eyeliner,Others,Active,1959,38,40,,1,2388,BGR East,3,3,,47
2026-05,OUT0031,Sephora - Kolkata 1,Sephora,MBO,Kolkata,West Bengal,East,SKU0020,Lumina Shampoo A,Lumina,Haircare,Shampoo,Top 10,Active,509,32,44,,21,11673,BGR East,37,33,,36
2026-05,OUT0031,Sephora - Kolkata 1,Sephora,MBO,Kolkata,West Bengal,East,SKU0022,Northline Conditioner A,Northline,Haircare,Conditioner,Others,Active,779,21,26,,5,3874,BGR East,10,10,,36
2026-05,OUT0031,Sephora - Kolkata 1,Sephora,MBO,Kolkata,West Bengal,East,SKU0023,Northline Conditioner B,Northline,Haircare,Conditioner,Others,Active,379,7,10,,0,0,BGR East,3,3,,34
2026-05,OUT0031,Sephora - Kolkata 1,Sephora,MBO,Kolkata,West Bengal,East,SKU0027,Lumina EDP B,Lumina,Fragrance,EDP,Top 10,Active,529,90,97,,19,9596,BGR East,28,26,,52
2026-05,OUT0031,Sephora - Kolkata 1,Sephora,MBO,Kolkata,West Bengal,East,SKU0028,Northline EDT A,Northline,Fragrance,EDT,Top 25,Active,1109,146,68,,10,13786,BGR East,15,12,,56
2026-05,OUT0031,Sephora - Kolkata 1,Sephora,MBO,Kolkata,West Bengal,East,SKU0031,Lumina Body Mist A,Lumina,Fragrance,Body Mist,Top 25,Active,2119,108,119,,18,44752,BGR East,29,29,,52
2026-05,OUT0031,Sephora - Kolkata 1,Sephora,MBO,Kolkata,West Bengal,East,SKU0033,Northline Body Lotion A,Northline,Bath & Body,Body Lotion,Top 10,Active,1239,137,147,,28,34005,BGR East,41,38,,39
2026-05,OUT0031,Sephora - Kolkata 1,Sephora,MBO,Kolkata,West Bengal,East,SKU0036,Northline Body Wash B,Northline,Bath & Body,Body Wash,Others,Active,1179,15,0,,0,0,BGR East,4,4,,42
2026-05,OUT0031,Sephora - Kolkata 1,Sephora,MBO,Kolkata,West Bengal,East,SKU0037,Verde Body Wash C,Verde,Bath & Body,Body Wash,Top 25,Active,2239,13,15,,5,13453,BGR East,8,7,,43
2026-05,OUT0031,Sephora - Kolkata 1,Sephora,MBO,Kolkata,West Bengal,East,SKU0038,Blush & Co Hand Cream A,Blush & Co,Bath & Body,Hand Cream,Others,Active,489,2,2,,4,1782,BGR East,5,4,,41
2026-05,OUT0031,Sephora - Kolkata 1,Sephora,MBO,Kolkata,West Bengal,East,SKU0039,Northline Hand Cream B,Northline,Bath & Body,Hand Cream,Others,Active,1189,42,45,,3,3758,BGR East,7,6,,40
2026-05,OUT0032,Sephora - Bhubaneswar 2,Sephora,MBO,Bhubaneswar,Odisha,East,SKU0001,Blush & Co Moisturizer A,Blush & Co,Skincare,Moisturizer,Others,Active,2319,19,21,,0,0,BGR East,2,2,,48
2026-05,OUT0032,Sephora - Bhubaneswar 2,Sephora,MBO,Bhubaneswar,Odisha,East,SKU0002,Verde Moisturizer B,Verde,Skincare,Moisturizer,Top 10,Active,1179,0,6,,6,7031,BGR East,12,12,,48
2026-05,OUT0032,Sephora - Bhubaneswar 2,Sephora,MBO,Bhubaneswar,Odisha,East,SKU0003,Verde Serum A,Verde,Skincare,Serum,Top 25,Active,2419,42,44,,6,16935,BGR East,12,8,,45
2026-05,OUT0032,Sephora - Bhubaneswar 2,Sephora,MBO,Bhubaneswar,Odisha,East,SKU0006,Blush & Co Cleanser A,Blush & Co,Skincare,Cleanser,Top 10,Active,289,126,132,,10,2816,BGR East,16,16,,46
2026-05,OUT0032,Sephora - Bhubaneswar 2,Sephora,MBO,Bhubaneswar,Odisha,East,SKU0008,Lumina Sunscreen A,Lumina,Skincare,Sunscreen,Others,Active,1599,3,3,,0,0,BGR East,0,0,,46
2026-05,OUT0032,Sephora - Bhubaneswar 2,Sephora,MBO,Bhubaneswar,Odisha,East,SKU0011,Lumina Foundation B,Lumina,Makeup,Foundation,Top 10,Inactive,1889,58,0,,3,6947,BGR East,6,5,,48
2026-05,OUT0032,Sephora - Bhubaneswar 2,Sephora,MBO,Bhubaneswar,Odisha,East,SKU0014,Lumina Lipstick C,Lumina,Makeup,Lipstick,Top 25,Active,1729,43,47,,3,5688,BGR East,7,7,,49
2026-05,OUT0032,Sephora - Bhubaneswar 2,Sephora,MBO,Bhubaneswar,Odisha,East,SKU0015,Blush & Co Mascara A,Blush & Co,Makeup,Mascara,Top 25,Active,1219,30,30,,2,2906,BGR East,3,2,,48
2026-05,OUT0032,Sephora - Bhubaneswar 2,Sephora,MBO,Bhubaneswar,Odisha,East,SKU0016,Verde Mascara B,Verde,Makeup,Mascara,Top 25,Active,199,3,5,,2,367,BGR East,6,4,,47
2026-05,OUT0032,Sephora - Bhubaneswar 2,Sephora,MBO,Bhubaneswar,Odisha,East,SKU0017,Lumina Mascara C,Lumina,Makeup,Mascara,Top 10,Active,529,15,14,,4,2149,BGR East,4,3,,51
2026-05,OUT0032,Sephora - Bhubaneswar 2,Sephora,MBO,Bhubaneswar,Odisha,East,SKU0018,Northline Eyeliner A,Northline,Makeup,Eyeliner,Others,Active,1959,6,6,,0,0,BGR East,1,0,,51
2026-05,OUT0032,Sephora - Bhubaneswar 2,Sephora,MBO,Bhubaneswar,Odisha,East,SKU0019,Northline Eyeliner B,Northline,Makeup,Eyeliner,Others,Active,1889,11,10,,1,2144,BGR East,1,0,,51
2026-05,OUT0032,Sephora - Bhubaneswar 2,Sephora,MBO,Bhubaneswar,Odisha,East,SKU0020,Lumina Shampoo A,Lumina,Haircare,Shampoo,Top 10,Active,509,74,77,,6,3027,BGR East,9,9,,33
2026-05,OUT0032,Sephora - Bhubaneswar 2,Sephora,MBO,Bhubaneswar,Odisha,East,SKU0022,Northline Conditioner A,Northline,Haircare,Conditioner,Others,Active,779,5,10,,1,878,BGR East,6,6,,35
2026-05,OUT0032,Sephora - Bhubaneswar 2,Sephora,MBO,Bhubaneswar,Odisha,East,SKU0023,Northline Conditioner B,Northline,Haircare,Conditioner,Others,Active,379,6,8,,0,0,BGR East,3,2,,33
2026-05,OUT0032,Sephora - Bhubaneswar 2,Sephora,MBO,Bhubaneswar,Odisha,East,SKU0027,Lumina EDP B,Lumina,Fragrance,EDP,Top 10,Active,529,10,33,,5,2564,BGR East,8,8,,52
2026-05,OUT0032,Sephora - Bhubaneswar 2,Sephora,MBO,Bhubaneswar,Odisha,East,SKU0029,Blush & Co EDT B,Blush & Co,Fragrance,EDT,Top 25,Active,479,25,0,,4,2019,BGR East,5,5,,56
2026-05,OUT0032,Sephora - Bhubaneswar 2,Sephora,MBO,Bhubaneswar,Odisha,East,SKU0030,Blush & Co EDT C,Blush & Co,Fragrance,EDT,Others,Active,779,18,21,,3,2235,BGR East,7,6,,55
2026-05,OUT0032,Sephora - Bhubaneswar 2,Sephora,MBO,Bhubaneswar,Odisha,East,SKU0031,Lumina Body Mist A,Lumina,Fragrance,Body Mist,Top 25,Active,2119,69,69,,3,7078,BGR East,4,3,,53
2026-05,OUT0032,Sephora - Bhubaneswar 2,Sephora,MBO,Bhubaneswar,Odisha,East,SKU0033,Northline Body Lotion A,Northline,Bath & Body,Body Lotion,Top 10,Active,1239,152,153,,15,22099,BGR East,23,16,,42
2026-05,OUT0032,Sephora - Bhubaneswar 2,Sephora,MBO,Bhubaneswar,Odisha,East,SKU0034,Northline Body Lotion B,Northline,Bath & Body,Body Lotion,Top 25,Active,989,66,73,,5,5956,BGR East,14,12,,40
2026-05,OUT0032,Sephora - Bhubaneswar 2,Sephora,MBO,Bhubaneswar,Odisha,East,SKU0035,Northline Body Wash A,Northline,Bath & Body,Body Wash,Others,Active,469,36,35,,1,450,BGR East,1,0,,40
2026-05,OUT0032,Sephora - Bhubaneswar 2,Sephora,MBO,Bhubaneswar,Odisha,East,SKU0037,Verde Body Wash C,Verde,Bath & Body,Body Wash,Top 25,Active,2239,53,0,,1,2112,BGR East,3,2,,43
2026-05,OUT0033,Sephora - Hyderabad 3,Sephora,MBO,Hyderabad,Telangana,South,SKU0002,Verde Moisturizer B,Verde,Skincare,Moisturizer,Top 10,Active,1179,158,165,,9,12199,BGR South,18,16,,48
2026-05,OUT0033,Sephora - Hyderabad 3,Sephora,MBO,Hyderabad,Telangana,South,SKU0003,Verde Serum A,Verde,Skincare,Serum,Top 25,Active,2419,29,31,,13,39468,BGR South,15,15,,47
2026-05,OUT0033,Sephora - Hyderabad 3,Sephora,MBO,Hyderabad,Telangana,South,SKU0004,Northline Serum B,Northline,Skincare,Serum,Top 25,Active,2489,57,60,,3,9320,BGR South,7,6,,46
2026-05,OUT0033,Sephora - Hyderabad 3,Sephora,MBO,Hyderabad,Telangana,South,SKU0006,Blush & Co Cleanser A,Blush & Co,Skincare,Cleanser,Top 10,Active,289,174,173,,23,7132,BGR South,22,22,,44
2026-05,OUT0033,Sephora - Hyderabad 3,Sephora,MBO,Hyderabad,Telangana,South,SKU0007,Northline Cleanser B,Northline,Skincare,Cleanser,Others,Active,1809,11,13,,1,2113,BGR South,3,3,,47
2026-05,OUT0033,Sephora - Hyderabad 3,Sephora,MBO,Hyderabad,Telangana,South,SKU0009,Blush & Co Sunscreen B,Blush & Co,Skincare,Sunscreen,Others,Inactive,1629,42,0,,2,3440,BGR South,5,4,,42
2026-05,OUT0033,Sephora - Hyderabad 3,Sephora,MBO,Hyderabad,Telangana,South,SKU0011,Lumina Foundation B,Lumina,Makeup,Foundation,Top 10,Inactive,1889,153,153,,14,30022,BGR South,14,14,,50
2026-05,OUT0033,Sephora - Hyderabad 3,Sephora,MBO,Hyderabad,Telangana,South,SKU0014,Lumina Lipstick C,Lumina,Makeup,Lipstick,Top 25,Active,1729,48,49,,6,12730,BGR South,9,7,,48
2026-05,OUT0033,Sephora - Hyderabad 3,Sephora,MBO,Hyderabad,Telangana,South,SKU0015,Blush & Co Mascara A,Blush & Co,Makeup,Mascara,Top 25,Active,1219,16,18,,9,11639,BGR South,12,11,,53
2026-05,OUT0033,Sephora - Hyderabad 3,Sephora,MBO,Hyderabad,Telangana,South,SKU0016,Verde Mascara B,Verde,Makeup,Mascara,Top 25,Active,199,14,13,,4,766,BGR South,3,3,,47
2026-05,OUT0033,Sephora - Hyderabad 3,Sephora,MBO,Hyderabad,Telangana,South,SKU0017,Lumina Mascara C,Lumina,Makeup,Mascara,Top 10,Active,529,18,17,,8,5264,BGR South,10,7,,47
2026-05,OUT0033,Sephora - Hyderabad 3,Sephora,MBO,Hyderabad,Telangana,South,SKU0018,Northline Eyeliner A,Northline,Makeup,Eyeliner,Others,Active,1959,8,8,,0,0,BGR South,1,0,,47
2026-05,OUT0033,Sephora - Hyderabad 3,Sephora,MBO,Hyderabad,Telangana,South,SKU0021,Verde Shampoo B,Verde,Haircare,Shampoo,Others,Active,1319,26,30,,1,1488,BGR South,5,5,,32
2026-05,OUT0033,Sephora - Hyderabad 3,Sephora,MBO,Hyderabad,Telangana,South,SKU0022,Northline Conditioner A,Northline,Haircare,Conditioner,Others,Active,779,18,0,,1,841,BGR South,5,4,,36
2026-05,OUT0033,Sephora - Hyderabad 3,Sephora,MBO,Hyderabad,Telangana,South,SKU0023,Northline Conditioner B,Northline,Haircare,Conditioner,Others,Active,379,8,10,,0,0,BGR South,3,2,,38
2026-05,OUT0033,Sephora - Hyderabad 3,Sephora,MBO,Hyderabad,Telangana,South,SKU0027,Lumina EDP B,Lumina,Fragrance,EDP,Top 10,Active,529,132,124,,15,9420,BGR South,28,28,,56
2026-05,OUT0033,Sephora - Hyderabad 3,Sephora,MBO,Hyderabad,Telangana,South,SKU0028,Northline EDT A,Northline,Fragrance,EDT,Top 25,Active,1109,94,101,,7,8938,BGR South,16,14,,56
2026-05,OUT0033,Sephora - Hyderabad 3,Sephora,MBO,Hyderabad,Telangana,South,SKU0030,Blush & Co EDT C,Blush & Co,Fragrance,EDT,Others,Active,779,30,0,,4,3778,BGR South,4,3,,52
2026-05,OUT0033,Sephora - Hyderabad 3,Sephora,MBO,Hyderabad,Telangana,South,SKU0031,Lumina Body Mist A,Lumina,Fragrance,Body Mist,Top 25,Active,2119,108,107,,7,14338,BGR South,7,6,,55
2026-05,OUT0033,Sephora - Hyderabad 3,Sephora,MBO,Hyderabad,Telangana,South,SKU0033,Northline Body Lotion A,Northline,Bath & Body,Body Lotion,Top 10,Active,1239,144,163,,19,28969,BGR South,38,38,,39
2026-05,OUT0033,Sephora - Hyderabad 3,Sephora,MBO,Hyderabad,Telangana,South,SKU0034,Northline Body Lotion B,Northline,Bath & Body,Body Lotion,Top 25,Active,989,93,100,,7,6519,BGR South,14,14,,40
2026-05,OUT0033,Sephora - Hyderabad 3,Sephora,MBO,Hyderabad,Telangana,South,SKU0036,Northline Body Wash B,Northline,Bath & Body,Body Wash,Others,Active,1179,0,2,,1,1145,BGR South,4,3,,43
2026-05,OUT0033,Sephora - Hyderabad 3,Sephora,MBO,Hyderabad,Telangana,South,SKU0037,Verde Body Wash C,Verde,Bath & Body,Body Wash,Top 25,Active,2239,0,0,,3,6926,BGR South,4,3,,42
2026-05,OUT0033,Sephora - Hyderabad 3,Sephora,MBO,Hyderabad,Telangana,South,SKU0038,Blush & Co Hand Cream A,Blush & Co,Bath & Body,Hand Cream,Others,Active,489,1,2,,2,1087,BGR South,3,3,,39
2026-05,OUT0034,Sephora - New Delhi 4,Sephora,MBO,New Delhi,Delhi,North,SKU0001,Blush & Co Moisturizer A,Blush & Co,Skincare,Moisturizer,Others,Active,2319,7,7,,1,2115,BGR North,2,1,,46
2026-05,OUT0034,Sephora - New Delhi 4,Sephora,MBO,New Delhi,Delhi,North,SKU0002,Verde Moisturizer B,Verde,Skincare,Moisturizer,Top 10,Active,1179,28,29,,9,10020,BGR North,13,10,,44
2026-05,OUT0034,Sephora - New Delhi 4,Sephora,MBO,New Delhi,Delhi,North,SKU0003,Verde Serum A,Verde,Skincare,Serum,Top 25,Active,2419,86,0,,5,11796,BGR North,6,4,,46
2026-05,OUT0034,Sephora - New Delhi 4,Sephora,MBO,New Delhi,Delhi,North,SKU0005,Northline Serum C,Northline,Skincare,Serum,Others,Inactive,1819,22,27,,0,0,BGR North,5,5,,48
2026-05,OUT0034,Sephora - New Delhi 4,Sephora,MBO,New Delhi,Delhi,North,SKU0008,Lumina Sunscreen A,Lumina,Skincare,Sunscreen,Others,Active,1599,30,30,,0,0,BGR North,0,0,,42
2026-05,OUT0034,Sephora - New Delhi 4,Sephora,MBO,New Delhi,Delhi,North,SKU0011,Lumina Foundation B,Lumina,Makeup,Foundation,Top 10,Inactive,1889,33,39,,5,10287,BGR North,14,11,,50
2026-05,OUT0034,Sephora - New Delhi 4,Sephora,MBO,New Delhi,Delhi,North,SKU0012,Northline Lipstick A,Northline,Makeup,Lipstick,Others,Active,2429,25,27,,0,0,BGR North,2,2,,47
2026-05,OUT0034,Sephora - New Delhi 4,Sephora,MBO,New Delhi,Delhi,North,SKU0013,Northline Lipstick B,Northline,Makeup,Lipstick,Others,Active,2469,22,23,,0,0,BGR North,2,1,,53
2026-05,OUT0034,Sephora - New Delhi 4,Sephora,MBO,New Delhi,Delhi,North,SKU0014,Lumina Lipstick C,Lumina,Makeup,Lipstick,Top 25,Active,1729,31,32,,0,0,BGR North,2,1,,49
2026-05,OUT0034,Sephora - New Delhi 4,Sephora,MBO,New Delhi,Delhi,North,SKU0015,Blush & Co Mascara A,Blush & Co,Makeup,Mascara,Top 25,Active,1219,49,49,,4,6068,BGR North,6,4,,48
2026-05,OUT0034,Sephora - New Delhi 4,Sephora,MBO,New Delhi,Delhi,North,SKU0016,Verde Mascara B,Verde,Makeup,Mascara,Top 25,Active,199,22,28,,2,409,BGR North,8,8,,51
2026-05,OUT0034,Sephora - New Delhi 4,Sephora,MBO,New Delhi,Delhi,North,SKU0017,Lumina Mascara C,Lumina,Makeup,Mascara,Top 10,Active,529,56,58,,7,4411,BGR North,10,9,,52
2026-05,OUT0034,Sephora - New Delhi 4,Sephora,MBO,New Delhi,Delhi,North,SKU0018,Northline Eyeliner A,Northline,Makeup,Eyeliner,Others,Active,1959,12,16,,0,0,BGR North,4,4,,47
2026-05,OUT0034,Sephora - New Delhi 4,Sephora,MBO,New Delhi,Delhi,North,SKU0020,Lumina Shampoo A,Lumina,Haircare,Shampoo,Top 10,Active,509,76,78,,5,2749,BGR North,9,7,,37
2026-05,OUT0034,Sephora - New Delhi 4,Sephora,MBO,New Delhi,Delhi,North,SKU0021,Verde Shampoo B,Verde,Haircare,Shampoo,Others,Active,1319,17,16,,1,1263,BGR North,1,0,,35
2026-05,OUT0034,Sephora - New Delhi 4,Sephora,MBO,New Delhi,Delhi,North,SKU0022,Northline Conditioner A,Northline,Haircare,Conditioner,Others,Active,779,5,6,,1,768,BGR North,2,2,,36
2026-05,OUT0034,Sephora - New Delhi 4,Sephora,MBO,New Delhi,Delhi,North,SKU0027,Lumina EDP B,Lumina,Fragrance,EDP,Top 10,Active,529,21,26,,4,2282,BGR North,11,9,,52
2026-05,OUT0034,Sephora - New Delhi 4,Sephora,MBO,New Delhi,Delhi,North,SKU0028,Northline EDT A,Northline,Fragrance,EDT,Top 25,Active,1109,42,45,,4,5179,BGR North,9,7,,56
2026-05,OUT0034,Sephora - New Delhi 4,Sephora,MBO,New Delhi,Delhi,North,SKU0029,Blush & Co EDT B,Blush & Co,Fragrance,EDT,Top 25,Active,479,46,45,,2,929,BGR North,2,1,,52
2026-05,OUT0034,Sephora - New Delhi 4,Sephora,MBO,New Delhi,Delhi,North,SKU0031,Lumina Body Mist A,Lumina,Fragrance,Body Mist,Top 25,Active,2119,38,40,,3,7057,BGR North,6,5,,57
2026-05,OUT0034,Sephora - New Delhi 4,Sephora,MBO,New Delhi,Delhi,North,SKU0033,Northline Body Lotion A,Northline,Bath & Body,Body Lotion,Top 10,Active,1239,53,59,,12,16480,BGR North,18,18,,43
2026-05,OUT0034,Sephora - New Delhi 4,Sephora,MBO,New Delhi,Delhi,North,SKU0034,Northline Body Lotion B,Northline,Bath & Body,Body Lotion,Top 25,Active,989,13,12,,5,5287,BGR North,5,4,,41
2026-05,OUT0034,Sephora - New Delhi 4,Sephora,MBO,New Delhi,Delhi,North,SKU0036,Northline Body Wash B,Northline,Bath & Body,Body Wash,Others,Active,1179,1,5,,0,0,BGR North,4,4,,40
2026-05,OUT0034,Sephora - New Delhi 4,Sephora,MBO,New Delhi,Delhi,North,SKU0038,Blush & Co Hand Cream A,Blush & Co,Bath & Body,Hand Cream,Others,Active,489,5,5,,0,0,BGR North,0,0,,41
2026-05,OUT0034,Sephora - New Delhi 4,Sephora,MBO,New Delhi,Delhi,North,SKU0039,Northline Hand Cream B,Northline,Bath & Body,Hand Cream,Others,Active,1189,25,27,,1,1256,BGR North,4,3,,38
2026-05,OUT0035,Sephora - Noida 5,Sephora,MBO,Noida,UP,North,SKU0001,Blush & Co Moisturizer A,Blush & Co,Skincare,Moisturizer,Others,Active,2319,11,12,,2,4366,BGR North,3,3,,43
2026-05,OUT0035,Sephora - Noida 5,Sephora,MBO,Noida,UP,North,SKU0002,Verde Moisturizer B,Verde,Skincare,Moisturizer,Top 10,Active,1179,214,243,,34,42965,BGR North,67,63,,45
2026-05,OUT0035,Sephora - Noida 5,Sephora,MBO,Noida,UP,North,SKU0003,Verde Serum A,Verde,Skincare,Serum,Top 25,Active,2419,86,91,,26,65729,BGR North,35,31,,47
2026-05,OUT0035,Sephora - Noida 5,Sephora,MBO,Noida,UP,North,SKU0007,Northline Cleanser B,Northline,Skincare,Cleanser,Others,Active,1809,15,18,,2,3979,BGR North,5,5,,45
2026-05,OUT0035,Sephora - Noida 5,Sephora,MBO,Noida,UP,North,SKU0008,Lumina Sunscreen A,Lumina,Skincare,Sunscreen,Others,Active,1599,10,11,,1,1648,BGR North,3,2,,48
2026-05,OUT0035,Sephora - Noida 5,Sephora,MBO,Noida,UP,North,SKU0010,Blush & Co Foundation A,Blush & Co,Makeup,Foundation,Others,Active,1419,6,7,,4,5734,BGR North,6,5,,50
2026-05,OUT0035,Sephora - Noida 5,Sephora,MBO,Noida,UP,North,SKU0011,Lumina Foundation B,Lumina,Makeup,Foundation,Top 10,Inactive,1889,57,115,,14,28902,BGR North,23,18,,53
2026-05,OUT0035,Sephora - Noida 5,Sephora,MBO,Noida,UP,North,SKU0013,Northline Lipstick B,Northline,Makeup,Lipstick,Others,Active,2469,17,21,,1,2884,BGR North,5,5,,52
2026-05,OUT0035,Sephora - Noida 5,Sephora,MBO,Noida,UP,North,SKU0015,Blush & Co Mascara A,Blush & Co,Makeup,Mascara,Top 25,Active,1219,228,236,,7,7869,BGR North,15,15,,47
2026-05,OUT0035,Sephora - Noida 5,Sephora,MBO,Noida,UP,North,SKU0016,Verde Mascara B,Verde,Makeup,Mascara,Top 25,Active,199,110,0,,7,1618,BGR North,10,8,,50
2026-05,OUT0035,Sephora - Noida 5,Sephora,MBO,Noida,UP,North,SKU0017,Lumina Mascara C,Lumina,Makeup,Mascara,Top 10,Active,529,18,19,,12,6374,BGR North,13,13,,49
2026-05,OUT0035,Sephora - Noida 5,Sephora,MBO,Noida,UP,North,SKU0018,Northline Eyeliner A,Northline,Makeup,Eyeliner,Others,Active,1959,22,23,,1,1947,BGR North,2,2,,52
2026-05,OUT0035,Sephora - Noida 5,Sephora,MBO,Noida,UP,North,SKU0019,Northline Eyeliner B,Northline,Makeup,Eyeliner,Others,Active,1889,63,67,,4,7241,BGR North,8,8,,48
2026-05,OUT0035,Sephora - Noida 5,Sephora,MBO,Noida,UP,North,SKU0020,Lumina Shampoo A,Lumina,Haircare,Shampoo,Top 10,Active,509,92,97,,21,11983,BGR North,28,26,,33
2026-05,OUT0035,Sephora - Noida 5,Sephora,MBO,Noida,UP,North,SKU0022,Northline Conditioner A,Northline,Haircare,Conditioner,Others,Active,779,17,16,,3,2525,BGR North,4,2,,32
2026-05,OUT0035,Sephora - Noida 5,Sephora,MBO,Noida,UP,North,SKU0023,Northline Conditioner B,Northline,Haircare,Conditioner,Others,Active,379,2,3,,0,0,BGR North,1,1,,36
2026-05,OUT0035,Sephora - Noida 5,Sephora,MBO,Noida,UP,North,SKU0027,Lumina EDP B,Lumina,Fragrance,EDP,Top 10,Active,529,7,18,,22,12174,BGR North,33,33,,53
2026-05,OUT0035,Sephora - Noida 5,Sephora,MBO,Noida,UP,North,SKU0030,Blush & Co EDT C,Blush & Co,Fragrance,EDT,Others,Active,779,38,39,,5,4792,BGR North,6,6,,58
2026-05,OUT0035,Sephora - Noida 5,Sephora,MBO,Noida,UP,North,SKU0033,Northline Body Lotion A,Northline,Bath & Body,Body Lotion,Top 10,Active,1239,47,98,,53,70490,BGR North,104,104,,40
2026-05,OUT0035,Sephora - Noida 5,Sephora,MBO,Noida,UP,North,SKU0034,Northline Body Lotion B,Northline,Bath & Body,Body Lotion,Top 25,Active,989,31,0,,13,15164,BGR North,24,19,,37
2026-05,OUT0035,Sephora - Noida 5,Sephora,MBO,Noida,UP,North,SKU0037,Verde Body Wash C,Verde,Bath & Body,Body Wash,Top 25,Active,2239,79,89,,10,21738,BGR North,20,20,,40
2026-05,OUT0035,Sephora - Noida 5,Sephora,MBO,Noida,UP,North,SKU0038,Blush & Co Hand Cream A,Blush & Co,Bath & Body,Hand Cream,Others,Active,489,0,2,,3,1440,BGR North,6,5,,42
2026-05,OUT0035,Sephora - Noida 5,Sephora,MBO,Noida,UP,North,SKU0039,Northline Hand Cream B,Northline,Bath & Body,Hand Cream,Others,Active,1189,40,44,,4,5648,BGR North,9,8,,38
2026-05,OUT0036,Sephora - Hyderabad 6,Sephora,MBO,Hyderabad,Telangana,South,SKU0001,Blush & Co Moisturizer A,Blush & Co,Skincare,Moisturizer,Others,Active,2319,24,26,,1,2809,BGR South,4,3,,45
2026-05,OUT0036,Sephora - Hyderabad 6,Sephora,MBO,Hyderabad,Telangana,South,SKU0002,Verde Moisturizer B,Verde,Skincare,Moisturizer,Top 10,Active,1179,95,103,,13,15843,BGR South,24,21,,43
2026-05,OUT0036,Sephora - Hyderabad 6,Sephora,MBO,Hyderabad,Telangana,South,SKU0003,Verde Serum A,Verde,Skincare,Serum,Top 25,Active,2419,77,77,,10,22160,BGR South,15,10,,44
2026-05,OUT0036,Sephora - Hyderabad 6,Sephora,MBO,Hyderabad,Telangana,South,SKU0004,Northline Serum B,Northline,Skincare,Serum,Top 25,Active,2489,61,68,,4,11052,BGR South,11,11,,48
2026-05,OUT0036,Sephora - Hyderabad 6,Sephora,MBO,Hyderabad,Telangana,South,SKU0005,Northline Serum C,Northline,Skincare,Serum,Others,Inactive,1819,14,15,,1,2263,BGR South,2,2,,47
2026-05,OUT0036,Sephora - Hyderabad 6,Sephora,MBO,Hyderabad,Telangana,South,SKU0006,Blush & Co Cleanser A,Blush & Co,Skincare,Cleanser,Top 10,Active,289,7,16,,26,7619,BGR South,39,35,,48
2026-05,OUT0036,Sephora - Hyderabad 6,Sephora,MBO,Hyderabad,Telangana,South,SKU0007,Northline Cleanser B,Northline,Skincare,Cleanser,Others,Active,1809,29,30,,1,2080,BGR South,2,2,,47
2026-05,OUT0036,Sephora - Hyderabad 6,Sephora,MBO,Hyderabad,Telangana,South,SKU0011,Lumina Foundation B,Lumina,Makeup,Foundation,Top 10,Inactive,1889,94,100,,13,24151,BGR South,24,19,,50
2026-05,OUT0036,Sephora - Hyderabad 6,Sephora,MBO,Hyderabad,Telangana,South,SKU0014,Lumina Lipstick C,Lumina,Makeup,Lipstick,Top 25,Active,1729,0,0,,9,14092,BGR South,12,9,,50
2026-05,OUT0036,Sephora - Hyderabad 6,Sephora,MBO,Hyderabad,Telangana,South,SKU0015,Blush & Co Mascara A,Blush & Co,Makeup,Mascara,Top 25,Active,1219,9,13,,9,11335,BGR South,15,13,,49
2026-05,OUT0036,Sephora - Hyderabad 6,Sephora,MBO,Hyderabad,Telangana,South,SKU0017,Lumina Mascara C,Lumina,Makeup,Mascara,Top 10,Active,529,0,7,,14,7470,BGR South,27,21,,49
2026-05,OUT0036,Sephora - Hyderabad 6,Sephora,MBO,Hyderabad,Telangana,South,SKU0019,Northline Eyeliner B,Northline,Makeup,Eyeliner,Others,Active,1889,45,45,,2,4657,BGR South,4,2,,49
2026-05,OUT0036,Sephora - Hyderabad 6,Sephora,MBO,Hyderabad,Telangana,South,SKU0020,Lumina Shampoo A,Lumina,Haircare,Shampoo,Top 10,Active,509,11,17,,13,7853,BGR South,22,19,,35
2026-05,OUT0036,Sephora - Hyderabad 6,Sephora,MBO,Hyderabad,Telangana,South,SKU0022,Northline Conditioner A,Northline,Haircare,Conditioner,Others,Active,779,4,8,,2,1910,BGR South,6,6,,32
2026-05,OUT0036,Sephora - Hyderabad 6,Sephora,MBO,Hyderabad,Telangana,South,SKU0023,Northline Conditioner B,Northline,Haircare,Conditioner,Others,Active,379,12,0,,0,0,BGR South,3,3,,36
2026-05,OUT0036,Sephora - Hyderabad 6,Sephora,MBO,Hyderabad,Telangana,South,SKU0027,Lumina EDP B,Lumina,Fragrance,EDP,Top 10,Active,529,43,43,,12,7353,BGR South,13,12,,53
2026-05,OUT0036,Sephora - Hyderabad 6,Sephora,MBO,Hyderabad,Telangana,South,SKU0028,Northline EDT A,Northline,Fragrance,EDT,Top 25,Active,1109,111,115,,6,7960,BGR South,10,10,,58
2026-05,OUT0036,Sephora - Hyderabad 6,Sephora,MBO,Hyderabad,Telangana,South,SKU0030,Blush & Co EDT C,Blush & Co,Fragrance,EDT,Others,Active,779,41,0,,7,6290,BGR South,7,4,,55
2026-05,OUT0036,Sephora - Hyderabad 6,Sephora,MBO,Hyderabad,Telangana,South,SKU0031,Lumina Body Mist A,Lumina,Fragrance,Body Mist,Top 25,Active,2119,130,0,,7,17053,BGR South,11,11,,52
2026-05,OUT0036,Sephora - Hyderabad 6,Sephora,MBO,Hyderabad,Telangana,South,SKU0033,Northline Body Lotion A,Northline,Bath & Body,Body Lotion,Top 10,Active,1239,17,8,,41,57333,BGR South,40,32,,38
2026-05,OUT0036,Sephora - Hyderabad 6,Sephora,MBO,Hyderabad,Telangana,South,SKU0034,Northline Body Lotion B,Northline,Bath & Body,Body Lotion,Top 25,Active,989,119,120,,13,12948,BGR South,20,14,,37
2026-05,OUT0036,Sephora - Hyderabad 6,Sephora,MBO,Hyderabad,Telangana,South,SKU0035,Northline Body Wash A,Northline,Bath & Body,Body Wash,Others,Active,469,0,3,,1,467,BGR South,6,4,,40
2026-05,OUT0036,Sephora - Hyderabad 6,Sephora,MBO,Hyderabad,Telangana,South,SKU0038,Blush & Co Hand Cream A,Blush & Co,Bath & Body,Hand Cream,Others,Active,489,24,28,,2,1053,BGR South,6,6,,41
2026-05,OUT0037,Sephora - Ahmedabad 7,Sephora,MBO,Ahmedabad,Gujarat,West,SKU0001,Blush & Co Moisturizer A,Blush & Co,Skincare,Moisturizer,Others,Active,2319,34,38,,1,2880,BGR West,6,5,,42
2026-05,OUT0037,Sephora - Ahmedabad 7,Sephora,MBO,Ahmedabad,Gujarat,West,SKU0003,Verde Serum A,Verde,Skincare,Serum,Top 25,Active,2419,89,89,,13,31549,BGR West,19,13,,46
2026-05,OUT0037,Sephora - Ahmedabad 7,Sephora,MBO,Ahmedabad,Gujarat,West,SKU0004,Northline Serum B,Northline,Skincare,Serum,Top 25,Active,2489,51,53,,6,15998,BGR West,12,8,,43
2026-05,OUT0037,Sephora - Ahmedabad 7,Sephora,MBO,Ahmedabad,Gujarat,West,SKU0005,Northline Serum C,Northline,Skincare,Serum,Others,Inactive,1819,11,14,,1,1842,BGR West,5,4,,44
2026-05,OUT0037,Sephora - Ahmedabad 7,Sephora,MBO,Ahmedabad,Gujarat,West,SKU0006,Blush & Co Cleanser A,Blush & Co,Skincare,Cleanser,Top 10,Active,289,33,55,,28,7963,BGR West,56,50,,44
2026-05,OUT0037,Sephora - Ahmedabad 7,Sephora,MBO,Ahmedabad,Gujarat,West,SKU0007,Northline Cleanser B,Northline,Skincare,Cleanser,Others,Active,1809,6,7,,1,1972,BGR West,2,2,,42
2026-05,OUT0037,Sephora - Ahmedabad 7,Sephora,MBO,Ahmedabad,Gujarat,West,SKU0008,Lumina Sunscreen A,Lumina,Skincare,Sunscreen,Others,Active,1599,3,6,,1,1496,BGR West,5,4,,42
2026-05,OUT0037,Sephora - Ahmedabad 7,Sephora,MBO,Ahmedabad,Gujarat,West,SKU0009,Blush & Co Sunscreen B,Blush & Co,Skincare,Sunscreen,Others,Inactive,1629,43,43,,2,3100,BGR West,3,2,,44
2026-05,OUT0037,Sephora - Ahmedabad 7,Sephora,MBO,Ahmedabad,Gujarat,West,SKU0011,Lumina Foundation B,Lumina,Makeup,Foundation,Top 10,Inactive,1889,9,11,,10,20813,BGR West,13,12,,49
2026-05,OUT0037,Sephora - Ahmedabad 7,Sephora,MBO,Ahmedabad,Gujarat,West,SKU0012,Northline Lipstick A,Northline,Makeup,Lipstick,Others,Active,2429,39,38,,1,2190,BGR West,1,0,,53
2026-05,OUT0037,Sephora - Ahmedabad 7,Sephora,MBO,Ahmedabad,Gujarat,West,SKU0014,Lumina Lipstick C,Lumina,Makeup,Lipstick,Top 25,Active,1729,99,107,,8,16005,BGR West,16,16,,50
2026-05,OUT0037,Sephora - Ahmedabad 7,Sephora,MBO,Ahmedabad,Gujarat,West,SKU0016,Verde Mascara B,Verde,Makeup,Mascara,Top 25,Active,199,51,53,,6,1222,BGR West,9,8,,53
2026-05,OUT0037,Sephora - Ahmedabad 7,Sephora,MBO,Ahmedabad,Gujarat,West,SKU0017,Lumina Mascara C,Lumina,Makeup,Mascara,Top 10,Active,529,40,42,,8,5007,BGR West,12,10,,51
2026-05,OUT0037,Sephora - Ahmedabad 7,Sephora,MBO,Ahmedabad,Gujarat,West,SKU0020,Lumina Shampoo A,Lumina,Haircare,Shampoo,Top 10,Active,509,8,4,,21,12694,BGR West,18,17,,33
2026-05,OUT0037,Sephora - Ahmedabad 7,Sephora,MBO,Ahmedabad,Gujarat,West,SKU0022,Northline Conditioner A,Northline,Haircare,Conditioner,Others,Active,779,39,44,,2,1452,BGR West,8,7,,38
2026-05,OUT0037,Sephora - Ahmedabad 7,Sephora,MBO,Ahmedabad,Gujarat,West,SKU0027,Lumina EDP B,Lumina,Fragrance,EDP,Top 10,Active,529,4,0,,15,7991,BGR West,32,32,,55
2026-05,OUT0037,Sephora - Ahmedabad 7,Sephora,MBO,Ahmedabad,Gujarat,West,SKU0029,Blush & Co EDT B,Blush & Co,Fragrance,EDT,Top 25,Active,479,90,96,,6,3512,BGR West,13,12,,54
2026-05,OUT0037,Sephora - Ahmedabad 7,Sephora,MBO,Ahmedabad,Gujarat,West,SKU0033,Northline Body Lotion A,Northline,Bath & Body,Body Lotion,Top 10,Active,1239,0,12,,36,44547,BGR West,69,48,,40
2026-05,OUT0037,Sephora - Ahmedabad 7,Sephora,MBO,Ahmedabad,Gujarat,West,SKU0034,Northline Body Lotion B,Northline,Bath & Body,Body Lotion,Top 25,Active,989,26,27,,12,14086,BGR West,13,13,,37
2026-05,OUT0037,Sephora - Ahmedabad 7,Sephora,MBO,Ahmedabad,Gujarat,West,SKU0037,Verde Body Wash C,Verde,Bath & Body,Body Wash,Top 25,Active,2239,57,60,,5,12252,BGR West,11,8,,38
2026-05,OUT0037,Sephora - Ahmedabad 7,Sephora,MBO,Ahmedabad,Gujarat,West,SKU0038,Blush & Co Hand Cream A,Blush & Co,Bath & Body,Hand Cream,Others,Active,489,53,57,,1,461,BGR West,5,5,,42
2026-05,OUT0037,Sephora - Ahmedabad 7,Sephora,MBO,Ahmedabad,Gujarat,West,SKU0039,Northline Hand Cream B,Northline,Bath & Body,Hand Cream,Others,Active,1189,27,33,,3,3225,BGR West,9,9,,43
2026-05,OUT0038,Sephora - Pune 8,Sephora,MBO,Pune,Maharashtra,West,SKU0002,Verde Moisturizer B,Verde,Skincare,Moisturizer,Top 10,Active,1179,97,99,,19,21415,BGR West,21,21,,44
2026-05,OUT0038,Sephora - Pune 8,Sephora,MBO,Pune,Maharashtra,West,SKU0003,Verde Serum A,Verde,Skincare,Serum,Top 25,Active,2419,179,179,,11,30342,BGR West,16,11,,46
2026-05,OUT0038,Sephora - Pune 8,Sephora,MBO,Pune,Maharashtra,West,SKU0005,Northline Serum C,Northline,Skincare,Serum,Others,Inactive,1819,7,7,,0,0,BGR West,0,0,,44
2026-05,OUT0038,Sephora - Pune 8,Sephora,MBO,Pune,Maharashtra,West,SKU0006,Blush & Co Cleanser A,Blush & Co,Skincare,Cleanser,Top 10,Active,289,169,169,,21,7604,BGR West,27,21,,48
2026-05,OUT0038,Sephora - Pune 8,Sephora,MBO,Pune,Maharashtra,West,SKU0007,Northline Cleanser B,Northline,Skincare,Cleanser,Others,Active,1809,7,6,,1,2063,BGR West,1,0,,47
2026-05,OUT0038,Sephora - Pune 8,Sephora,MBO,Pune,Maharashtra,West,SKU0009,Blush & Co Sunscreen B,Blush & Co,Skincare,Sunscreen,Others,Inactive,1629,42,43,,1,1962,BGR West,3,2,,42
2026-05,OUT0038,Sephora - Pune 8,Sephora,MBO,Pune,Maharashtra,West,SKU0011,Lumina Foundation B,Lumina,Makeup,Foundation,Top 10,Inactive,1889,44,48,,9,18783,BGR West,13,13,,52
2026-05,OUT0038,Sephora - Pune 8,Sephora,MBO,Pune,Maharashtra,West,SKU0012,Northline Lipstick A,Northline,Makeup,Lipstick,Others,Active,2429,9,8,,1,2456,BGR West,1,0,,49
2026-05,OUT0038,Sephora - Pune 8,Sephora,MBO,Pune,Maharashtra,West,SKU0013,Northline Lipstick B,Northline,Makeup,Lipstick,Others,Active,2469,24,26,,0,0,BGR West,3,2,,48
2026-05,OUT0038,Sephora - Pune 8,Sephora,MBO,Pune,Maharashtra,West,SKU0014,Lumina Lipstick C,Lumina,Makeup,Lipstick,Top 25,Active,1729,24,30,,6,11052,BGR West,15,12,,53
2026-05,OUT0038,Sephora - Pune 8,Sephora,MBO,Pune,Maharashtra,West,SKU0015,Blush & Co Mascara A,Blush & Co,Makeup,Mascara,Top 25,Active,1219,5,5,,4,5740,BGR West,7,4,,52
2026-05,OUT0038,Sephora - Pune 8,Sephora,MBO,Pune,Maharashtra,West,SKU0016,Verde Mascara B,Verde,Makeup,Mascara,Top 25,Active,199,47,55,,4,963,BGR West,12,12,,52
2026-05,OUT0038,Sephora - Pune 8,Sephora,MBO,Pune,Maharashtra,West,SKU0017,Lumina Mascara C,Lumina,Makeup,Mascara,Top 10,Active,529,4,6,,7,4563,BGR West,12,9,,50
2026-05,OUT0038,Sephora - Pune 8,Sephora,MBO,Pune,Maharashtra,West,SKU0018,Northline Eyeliner A,Northline,Makeup,Eyeliner,Others,Active,1959,17,22,,1,1814,BGR West,6,6,,49
2026-05,OUT0038,Sephora - Pune 8,Sephora,MBO,Pune,Maharashtra,West,SKU0021,Verde Shampoo B,Verde,Haircare,Shampoo,Others,Active,1319,1,4,,1,1638,BGR West,4,4,,37
2026-05,OUT0038,Sephora - Pune 8,Sephora,MBO,Pune,Maharashtra,West,SKU0022,Northline Conditioner A,Northline,Haircare,Conditioner,Others,Active,779,25,28,,2,1681,BGR West,5,5,,35
2026-05,OUT0038,Sephora - Pune 8,Sephora,MBO,Pune,Maharashtra,West,SKU0027,Lumina EDP B,Lumina,Fragrance,EDP,Top 10,Active,529,64,71,,11,5894,BGR West,18,18,,52
2026-05,OUT0038,Sephora - Pune 8,Sephora,MBO,Pune,Maharashtra,West,SKU0029,Blush & Co EDT B,Blush & Co,Fragrance,EDT,Top 25,Active,479,27,28,,3,1545,BGR West,7,4,,55
2026-05,OUT0038,Sephora - Pune 8,Sephora,MBO,Pune,Maharashtra,West,SKU0031,Lumina Body Mist A,Lumina,Fragrance,Body Mist,Top 25,Active,2119,100,101,,7,16899,BGR West,8,8,,58
2026-05,OUT0038,Sephora - Pune 8,Sephora,MBO,Pune,Maharashtra,West,SKU0032,Northline Body Mist B,Northline,Fragrance,Body Mist,Others,Inactive,2229,5,6,,4,10820,BGR West,7,5,,55
2026-05,OUT0038,Sephora - Pune 8,Sephora,MBO,Pune,Maharashtra,West,SKU0033,Northline Body Lotion A,Northline,Bath & Body,Body Lotion,Top 10,Active,1239,48,194,,24,37104,BGR West,44,39,,40
2026-05,OUT0038,Sephora - Pune 8,Sephora,MBO,Pune,Maharashtra,West,SKU0037,Verde Body Wash C,Verde,Bath & Body,Body Wash,Top 25,Active,2239,23,25,,4,9894,BGR West,6,6,,41
2026-05,OUT0038,Sephora - Pune 8,Sephora,MBO,Pune,Maharashtra,West,SKU0038,Blush & Co Hand Cream A,Blush & Co,Bath & Body,Hand Cream,Others,Active,489,18,0,,2,1150,BGR West,2,1,,40
2026-05,OUT0039,Sephora - Bhubaneswar 9,Sephora,MBO,Bhubaneswar,Odisha,East,SKU0001,Blush & Co Moisturizer A,Blush & Co,Skincare,Moisturizer,Others,Active,2319,43,43,,2,4432,BGR East,3,2,,42
2026-05,OUT0039,Sephora - Bhubaneswar 9,Sephora,MBO,Bhubaneswar,Odisha,East,SKU0002,Verde Moisturizer B,Verde,Skincare,Moisturizer,Top 10,Active,1179,209,214,,17,19969,BGR East,22,22,,42
2026-05,OUT0039,Sephora - Bhubaneswar 9,Sephora,MBO,Bhubaneswar,Odisha,East,SKU0003,Verde Serum A,Verde,Skincare,Serum,Top 25,Active,2419,57,63,,19,44575,BGR East,28,25,,48
2026-05,OUT0039,Sephora - Bhubaneswar 9,Sephora,MBO,Bhubaneswar,Odisha,East,SKU0004,Northline Serum B,Northline,Skincare,Serum,Top 25,Active,2489,50,48,,10,27948,BGR East,12,8,,48
2026-05,OUT0039,Sephora - Bhubaneswar 9,Sephora,MBO,Bhubaneswar,Odisha,East,SKU0005,Northline Serum C,Northline,Skincare,Serum,Others,Inactive,1819,11,15,,0,0,BGR East,5,4,,47
2026-05,OUT0039,Sephora - Bhubaneswar 9,Sephora,MBO,Bhubaneswar,Odisha,East,SKU0006,Blush & Co Cleanser A,Blush & Co,Skincare,Cleanser,Top 10,Active,289,217,0,,42,10984,BGR East,42,42,,48
2026-05,OUT0039,Sephora - Bhubaneswar 9,Sephora,MBO,Bhubaneswar,Odisha,East,SKU0008,Lumina Sunscreen A,Lumina,Skincare,Sunscreen,Others,Active,1599,4,8,,1,1900,BGR East,5,5,,42
2026-05,OUT0039,Sephora - Bhubaneswar 9,Sephora,MBO,Bhubaneswar,Odisha,East,SKU0009,Blush & Co Sunscreen B,Blush & Co,Skincare,Sunscreen,Others,Inactive,1629,39,43,,2,2982,BGR East,6,6,,46
2026-05,OUT0039,Sephora - Bhubaneswar 9,Sephora,MBO,Bhubaneswar,Odisha,East,SKU0010,Blush & Co Foundation A,Blush & Co,Makeup,Foundation,Others,Active,1419,42,48,,4,6706,BGR East,10,10,,49
2026-05,OUT0039,Sephora - Bhubaneswar 9,Sephora,MBO,Bhubaneswar,Odisha,East,SKU0011,Lumina Foundation B,Lumina,Makeup,Foundation,Top 10,Inactive,1889,0,5,,18,31484,BGR East,33,23,,50
2026-05,OUT0039,Sephora - Bhubaneswar 9,Sephora,MBO,Bhubaneswar,Odisha,East,SKU0012,Northline Lipstick A,Northline,Makeup,Lipstick,Others,Active,2429,38,0,,1,2696,BGR East,2,2,,53
2026-05,OUT0039,Sephora - Bhubaneswar 9,Sephora,MBO,Bhubaneswar,Odisha,East,SKU0013,Northline Lipstick B,Northline,Makeup,Lipstick,Others,Active,2469,1,3,,0,0,BGR East,3,2,,49
2026-05,OUT0039,Sephora - Bhubaneswar 9,Sephora,MBO,Bhubaneswar,Odisha,East,SKU0014,Lumina Lipstick C,Lumina,Makeup,Lipstick,Top 25,Active,1729,95,104,,9,16618,BGR East,19,18,,52
2026-05,OUT0039,Sephora - Bhubaneswar 9,Sephora,MBO,Bhubaneswar,Odisha,East,SKU0015,Blush & Co Mascara A,Blush & Co,Makeup,Mascara,Top 25,Active,1219,51,54,,13,16256,BGR East,17,16,,52
2026-05,OUT0039,Sephora - Bhubaneswar 9,Sephora,MBO,Bhubaneswar,Odisha,East,SKU0016,Verde Mascara B,Verde,Makeup,Mascara,Top 25,Active,199,54,59,,11,2389,BGR East,23,16,,48
2026-05,OUT0039,Sephora - Bhubaneswar 9,Sephora,MBO,Bhubaneswar,Odisha,East,SKU0017,Lumina Mascara C,Lumina,Makeup,Mascara,Top 10,Active,529,85,91,,15,7368,BGR East,21,21,,53
2026-05,OUT0039,Sephora - Bhubaneswar 9,Sephora,MBO,Bhubaneswar,Odisha,East,SKU0020,Lumina Shampoo A,Lumina,Haircare,Shampoo,Top 10,Active,509,152,167,,21,11066,BGR East,41,36,,36
2026-05,OUT0039,Sephora - Bhubaneswar 9,Sephora,MBO,Bhubaneswar,Odisha,East,SKU0021,Verde Shampoo B,Verde,Haircare,Shampoo,Others,Active,1319,43,41,,3,4462,BGR East,2,1,,37
2026-05,OUT0039,Sephora - Bhubaneswar 9,Sephora,MBO,Bhubaneswar,Odisha,East,SKU0022,Northline Conditioner A,Northline,Haircare,Conditioner,Others,Active,779,11,14,,3,2626,BGR East,8,6,,35
2026-05,OUT0039,Sephora - Bhubaneswar 9,Sephora,MBO,Bhubaneswar,Odisha,East,SKU0023,Northline Conditioner B,Northline,Haircare,Conditioner,Others,Active,379,10,12,,0,0,BGR East,4,2,,36
2026-05,OUT0039,Sephora - Bhubaneswar 9,Sephora,MBO,Bhubaneswar,Odisha,East,SKU0027,Lumina EDP B,Lumina,Fragrance,EDP,Top 10,Active,529,173,175,,21,12543,BGR East,26,23,,55
2026-05,OUT0039,Sephora - Bhubaneswar 9,Sephora,MBO,Bhubaneswar,Odisha,East,SKU0028,Northline EDT A,Northline,Fragrance,EDT,Top 25,Active,1109,0,10,,10,13575,BGR East,22,20,,55
2026-05,OUT0039,Sephora - Bhubaneswar 9,Sephora,MBO,Bhubaneswar,Odisha,East,SKU0029,Blush & Co EDT B,Blush & Co,Fragrance,EDT,Top 25,Active,479,41,50,,10,5174,BGR East,19,19,,58
2026-05,OUT0039,Sephora - Bhubaneswar 9,Sephora,MBO,Bhubaneswar,Odisha,East,SKU0030,Blush & Co EDT C,Blush & Co,Fragrance,EDT,Others,Active,779,44,44,,6,4733,BGR East,7,6,,55
2026-05,OUT0039,Sephora - Bhubaneswar 9,Sephora,MBO,Bhubaneswar,Odisha,East,SKU0031,Lumina Body Mist A,Lumina,Fragrance,Body Mist,Top 25,Active,2119,87,87,,13,34261,BGR East,17,13,,55
2026-05,OUT0039,Sephora - Bhubaneswar 9,Sephora,MBO,Bhubaneswar,Odisha,East,SKU0032,Northline Body Mist B,Northline,Fragrance,Body Mist,Others,Inactive,2229,36,0,,5,10087,BGR East,10,10,,56
2026-05,OUT0039,Sephora - Bhubaneswar 9,Sephora,MBO,Bhubaneswar,Odisha,East,SKU0033,Northline Body Lotion A,Northline,Bath & Body,Body Lotion,Top 10,Active,1239,104,93,,38,56324,BGR East,39,27,,41
2026-05,OUT0039,Sephora - Bhubaneswar 9,Sephora,MBO,Bhubaneswar,Odisha,East,SKU0034,Northline Body Lotion B,Northline,Bath & Body,Body Lotion,Top 25,Active,989,136,145,,14,16952,BGR East,23,23,,38
2026-05,OUT0039,Sephora - Bhubaneswar 9,Sephora,MBO,Bhubaneswar,Odisha,East,SKU0036,Northline Body Wash B,Northline,Bath & Body,Body Wash,Others,Active,1179,20,22,,1,1463,BGR East,4,3,,37
2026-05,OUT0039,Sephora - Bhubaneswar 9,Sephora,MBO,Bhubaneswar,Odisha,East,SKU0037,Verde Body Wash C,Verde,Bath & Body,Body Wash,Top 25,Active,2239,83,92,,10,27980,BGR East,19,19,,41
2026-05,OUT0040,Sephora - Bhubaneswar 10,Sephora,MBO,Bhubaneswar,Odisha,East,SKU0002,Verde Moisturizer B,Verde,Skincare,Moisturizer,Top 10,Active,1179,102,106,,13,19034,BGR East,17,17,,42
2026-05,OUT0040,Sephora - Bhubaneswar 10,Sephora,MBO,Bhubaneswar,Odisha,East,SKU0003,Verde Serum A,Verde,Skincare,Serum,Top 25,Active,2419,18,33,,22,58299,BGR East,37,37,,43
2026-05,OUT0040,Sephora - Bhubaneswar 10,Sephora,MBO,Bhubaneswar,Odisha,East,SKU0005,Northline Serum C,Northline,Skincare,Serum,Others,Inactive,1819,26,27,,1,1817,BGR East,3,2,,48
2026-05,OUT0040,Sephora - Bhubaneswar 10,Sephora,MBO,Bhubaneswar,Odisha,East,SKU0006,Blush & Co Cleanser A,Blush & Co,Skincare,Cleanser,Top 10,Active,289,193,180,,34,12148,BGR East,31,21,,44
2026-05,OUT0040,Sephora - Bhubaneswar 10,Sephora,MBO,Bhubaneswar,Odisha,East,SKU0007,Northline Cleanser B,Northline,Skincare,Cleanser,Others,Active,1809,32,34,,2,3661,BGR East,5,4,,46
2026-05,OUT0040,Sephora - Bhubaneswar 10,Sephora,MBO,Bhubaneswar,Odisha,East,SKU0008,Lumina Sunscreen A,Lumina,Skincare,Sunscreen,Others,Active,1599,14,0,,1,1716,BGR East,2,1,,46
2026-05,OUT0040,Sephora - Bhubaneswar 10,Sephora,MBO,Bhubaneswar,Odisha,East,SKU0010,Blush & Co Foundation A,Blush & Co,Makeup,Foundation,Others,Active,1419,55,56,,3,4839,BGR East,6,4,,50
2026-05,OUT0040,Sephora - Bhubaneswar 10,Sephora,MBO,Bhubaneswar,Odisha,East,SKU0011,Lumina Foundation B,Lumina,Makeup,Foundation,Top 10,Inactive,1889,111,107,,12,28347,BGR East,11,8,,51
2026-05,OUT0040,Sephora - Bhubaneswar 10,Sephora,MBO,Bhubaneswar,Odisha,East,SKU0014,Lumina Lipstick C,Lumina,Makeup,Lipstick,Top 25,Active,1729,15,23,,9,14504,BGR East,18,17,,47
2026-05,OUT0040,Sephora - Bhubaneswar 10,Sephora,MBO,Bhubaneswar,Odisha,East,SKU0015,Blush & Co Mascara A,Blush & Co,Makeup,Mascara,Top 25,Active,1219,122,124,,7,10661,BGR East,14,9,,51
2026-05,OUT0040,Sephora - Bhubaneswar 10,Sephora,MBO,Bhubaneswar,Odisha,East,SKU0016,Verde Mascara B,Verde,Makeup,Mascara,Top 25,Active,199,68,75,,6,1253,BGR East,13,13,,47
2026-05,OUT0040,Sephora - Bhubaneswar 10,Sephora,MBO,Bhubaneswar,Odisha,East,SKU0017,Lumina Mascara C,Lumina,Makeup,Mascara,Top 10,Active,529,0,0,,17,9573,BGR East,16,14,,50
2026-05,OUT0040,Sephora - Bhubaneswar 10,Sephora,MBO,Bhubaneswar,Odisha,East,SKU0020,Lumina Shampoo A,Lumina,Haircare,Shampoo,Top 10,Active,509,0,6,,11,5179,BGR East,25,17,,34
2026-05,OUT0040,Sephora - Bhubaneswar 10,Sephora,MBO,Bhubaneswar,Odisha,East,SKU0021,Verde Shampoo B,Verde,Haircare,Shampoo,Others,Active,1319,12,12,,2,3091,BGR East,2,2,,33
2026-05,OUT0040,Sephora - Bhubaneswar 10,Sephora,MBO,Bhubaneswar,Odisha,East,SKU0022,Northline Conditioner A,Northline,Haircare,Conditioner,Others,Active,779,11,13,,4,3549,BGR East,7,6,,34
2026-05,OUT0040,Sephora - Bhubaneswar 10,Sephora,MBO,Bhubaneswar,Odisha,East,SKU0023,Northline Conditioner B,Northline,Haircare,Conditioner,Others,Active,379,26,29,,0,0,BGR East,4,3,,34
2026-05,OUT0040,Sephora - Bhubaneswar 10,Sephora,MBO,Bhubaneswar,Odisha,East,SKU0027,Lumina EDP B,Lumina,Fragrance,EDP,Top 10,Active,529,56,66,,12,6918,BGR East,22,22,,56
2026-05,OUT0040,Sephora - Bhubaneswar 10,Sephora,MBO,Bhubaneswar,Odisha,East,SKU0029,Blush & Co EDT B,Blush & Co,Fragrance,EDT,Top 25,Active,479,71,73,,3,1305,BGR East,8,5,,57
2026-05,OUT0040,Sephora - Bhubaneswar 10,Sephora,MBO,Bhubaneswar,Odisha,East,SKU0030,Blush & Co EDT C,Blush & Co,Fragrance,EDT,Others,Active,779,41,31,,4,3107,BGR East,12,9,,55
2026-05,OUT0040,Sephora - Bhubaneswar 10,Sephora,MBO,Bhubaneswar,Odisha,East,SKU0031,Lumina Body Mist A,Lumina,Fragrance,Body Mist,Top 25,Active,2119,73,86,,14,27811,BGR East,29,27,,53
2026-05,OUT0040,Sephora - Bhubaneswar 10,Sephora,MBO,Bhubaneswar,Odisha,East,SKU0033,Northline Body Lotion A,Northline,Bath & Body,Body Lotion,Top 10,Active,1239,569,569,,18,27350,BGR East,23,18,,41
2026-05,OUT0040,Sephora - Bhubaneswar 10,Sephora,MBO,Bhubaneswar,Odisha,East,SKU0034,Northline Body Lotion B,Northline,Bath & Body,Body Lotion,Top 25,Active,989,14,14,,10,11042,BGR East,15,10,,40
2026-05,OUT0040,Sephora - Bhubaneswar 10,Sephora,MBO,Bhubaneswar,Odisha,East,SKU0036,Northline Body Wash B,Northline,Bath & Body,Body Wash,Others,Active,1179,0,1,,1,1174,BGR East,3,2,,41
2026-05,OUT0040,Sephora - Bhubaneswar 10,Sephora,MBO,Bhubaneswar,Odisha,East,SKU0037,Verde Body Wash C,Verde,Bath & Body,Body Wash,Top 25,Active,2239,6,12,,5,11859,BGR East,13,11,,41
2026-05,OUT0040,Sephora - Bhubaneswar 10,Sephora,MBO,Bhubaneswar,Odisha,East,SKU0039,Northline Hand Cream B,Northline,Bath & Body,Hand Cream,Others,Active,1189,42,0,,2,2233,BGR East,4,3,,40
2026-05,OUT0041,Renee EBO - Chennai 1,Renee EBO,EBO,Chennai,Tamil Nadu,South,SKU0001,Blush & Co Moisturizer A,Blush & Co,Skincare,Moisturizer,Others,Active,2319,8,8,,0,0,BGR South,1,0,,42
2026-05,OUT0041,Renee EBO - Chennai 1,Renee EBO,EBO,Chennai,Tamil Nadu,South,SKU0002,Verde Moisturizer B,Verde,Skincare,Moisturizer,Top 10,Active,1179,46,45,,5,7338,BGR South,5,4,,42
2026-05,OUT0041,Renee EBO - Chennai 1,Renee EBO,EBO,Chennai,Tamil Nadu,South,SKU0004,Northline Serum B,Northline,Skincare,Serum,Top 25,Active,2489,39,13,,2,6250,BGR South,6,6,,48
2026-05,OUT0041,Renee EBO - Chennai 1,Renee EBO,EBO,Chennai,Tamil Nadu,South,SKU0006,Blush & Co Cleanser A,Blush & Co,Skincare,Cleanser,Top 10,Active,289,79,81,,11,3128,BGR South,15,13,,45
2026-05,OUT0041,Renee EBO - Chennai 1,Renee EBO,EBO,Chennai,Tamil Nadu,South,SKU0007,Northline Cleanser B,Northline,Skincare,Cleanser,Others,Active,1809,23,26,,0,0,BGR South,4,3,,47
2026-05,OUT0041,Renee EBO - Chennai 1,Renee EBO,EBO,Chennai,Tamil Nadu,South,SKU0008,Lumina Sunscreen A,Lumina,Skincare,Sunscreen,Others,Active,1599,0,3,,0,0,BGR South,3,3,,42
2026-05,OUT0041,Renee EBO - Chennai 1,Renee EBO,EBO,Chennai,Tamil Nadu,South,SKU0009,Blush & Co Sunscreen B,Blush & Co,Skincare,Sunscreen,Others,Inactive,1629,19,20,,0,0,BGR South,2,1,,47
2026-05,OUT0041,Renee EBO - Chennai 1,Renee EBO,EBO,Chennai,Tamil Nadu,South,SKU0010,Blush & Co Foundation A,Blush & Co,Makeup,Foundation,Others,Active,1419,17,20,,0,0,BGR South,4,3,,52
2026-05,OUT0041,Renee EBO - Chennai 1,Renee EBO,EBO,Chennai,Tamil Nadu,South,SKU0011,Lumina Foundation B,Lumina,Makeup,Foundation,Top 10,Inactive,1889,40,43,,3,6379,BGR South,9,6,,48
2026-05,OUT0041,Renee EBO - Chennai 1,Renee EBO,EBO,Chennai,Tamil Nadu,South,SKU0014,Lumina Lipstick C,Lumina,Makeup,Lipstick,Top 25,Active,1729,37,39,,2,3245,BGR South,4,4,,47
2026-05,OUT0041,Renee EBO - Chennai 1,Renee EBO,EBO,Chennai,Tamil Nadu,South,SKU0015,Blush & Co Mascara A,Blush & Co,Makeup,Mascara,Top 25,Active,1219,49,0,,2,2863,BGR South,8,8,,48
2026-05,OUT0041,Renee EBO - Chennai 1,Renee EBO,EBO,Chennai,Tamil Nadu,South,SKU0016,Verde Mascara B,Verde,Makeup,Mascara,Top 25,Active,199,0,2,,4,973,BGR South,7,6,,53
2026-05,OUT0041,Renee EBO - Chennai 1,Renee EBO,EBO,Chennai,Tamil Nadu,South,SKU0017,Lumina Mascara C,Lumina,Makeup,Mascara,Top 10,Active,529,81,84,,2,1329,BGR South,5,5,,51
2026-05,OUT0041,Renee EBO - Chennai 1,Renee EBO,EBO,Chennai,Tamil Nadu,South,SKU0018,Northline Eyeliner A,Northline,Makeup,Eyeliner,Others,Active,1959,10,10,,0,0,BGR South,1,0,,50
2026-05,OUT0041,Renee EBO - Chennai 1,Renee EBO,EBO,Chennai,Tamil Nadu,South,SKU0019,Northline Eyeliner B,Northline,Makeup,Eyeliner,Others,Active,1889,3,7,,0,0,BGR South,5,4,,52
2026-05,OUT0041,Renee EBO - Chennai 1,Renee EBO,EBO,Chennai,Tamil Nadu,South,SKU0020,Lumina Shampoo A,Lumina,Haircare,Shampoo,Top 10,Active,509,57,60,,2,1214,BGR South,5,5,,32
2026-05,OUT0041,Renee EBO - Chennai 1,Renee EBO,EBO,Chennai,Tamil Nadu,South,SKU0021,Verde Shampoo B,Verde,Haircare,Shampoo,Others,Active,1319,34,36,,0,0,BGR South,2,2,,32
2026-05,OUT0041,Renee EBO - Chennai 1,Renee EBO,EBO,Chennai,Tamil Nadu,South,SKU0022,Northline Conditioner A,Northline,Haircare,Conditioner,Others,Active,779,0,0,,0,0,BGR South,5,5,,33
2026-05,OUT0041,Renee EBO - Chennai 1,Renee EBO,EBO,Chennai,Tamil Nadu,South,SKU0023,Northline Conditioner B,Northline,Haircare,Conditioner,Others,Active,379,5,8,,0,0,BGR South,3,3,,36
2026-05,OUT0041,Renee EBO - Chennai 1,Renee EBO,EBO,Chennai,Tamil Nadu,South,SKU0027,Lumina EDP B,Lumina,Fragrance,EDP,Top 10,Active,529,31,32,,3,1907,BGR South,6,4,,52
2026-05,OUT0041,Renee EBO - Chennai 1,Renee EBO,EBO,Chennai,Tamil Nadu,South,SKU0028,Northline EDT A,Northline,Fragrance,EDT,Top 25,Active,1109,21,22,,1,1092,BGR South,3,2,,56
2026-05,OUT0041,Renee EBO - Chennai 1,Renee EBO,EBO,Chennai,Tamil Nadu,South,SKU0030,Blush & Co EDT C,Blush & Co,Fragrance,EDT,Others,Active,779,34,35,,1,735,BGR South,3,2,,52
2026-05,OUT0041,Renee EBO - Chennai 1,Renee EBO,EBO,Chennai,Tamil Nadu,South,SKU0031,Lumina Body Mist A,Lumina,Fragrance,Body Mist,Top 25,Active,2119,34,38,,2,4722,BGR South,6,6,,53
2026-05,OUT0041,Renee EBO - Chennai 1,Renee EBO,EBO,Chennai,Tamil Nadu,South,SKU0032,Northline Body Mist B,Northline,Fragrance,Body Mist,Others,Inactive,2229,0,0,,1,2615,BGR South,1,0,,53
2026-05,OUT0041,Renee EBO - Chennai 1,Renee EBO,EBO,Chennai,Tamil Nadu,South,SKU0033,Northline Body Lotion A,Northline,Bath & Body,Body Lotion,Top 10,Active,1239,109,112,,6,8200,BGR South,10,9,,40
2026-05,OUT0041,Renee EBO - Chennai 1,Renee EBO,EBO,Chennai,Tamil Nadu,South,SKU0035,Northline Body Wash A,Northline,Bath & Body,Body Wash,Others,Active,469,6,8,,0,0,BGR South,3,2,,41
2026-05,OUT0041,Renee EBO - Chennai 1,Renee EBO,EBO,Chennai,Tamil Nadu,South,SKU0037,Verde Body Wash C,Verde,Bath & Body,Body Wash,Top 25,Active,2239,8,8,,2,4680,BGR South,2,2,,42
2026-05,OUT0041,Renee EBO - Chennai 1,Renee EBO,EBO,Chennai,Tamil Nadu,South,SKU0039,Northline Hand Cream B,Northline,Bath & Body,Hand Cream,Others,Active,1189,32,36,,0,0,BGR South,4,4,,37
2026-05,OUT0042,Renee EBO - Ahmedabad 2,Renee EBO,EBO,Ahmedabad,Gujarat,West,SKU0001,Blush & Co Moisturizer A,Blush & Co,Skincare,Moisturizer,Others,Active,2319,23,25,,1,2569,BGR West,4,3,,46
2026-05,OUT0042,Renee EBO - Ahmedabad 2,Renee EBO,EBO,Ahmedabad,Gujarat,West,SKU0002,Verde Moisturizer B,Verde,Skincare,Moisturizer,Top 10,Active,1179,110,117,,14,18004,BGR West,27,21,,44
2026-05,OUT0042,Renee EBO - Ahmedabad 2,Renee EBO,EBO,Ahmedabad,Gujarat,West,SKU0003,Verde Serum A,Verde,Skincare,Serum,Top 25,Active,2419,4,13,,9,24979,BGR West,21,18,,43
2026-05,OUT0042,Renee EBO - Ahmedabad 2,Renee EBO,EBO,Ahmedabad,Gujarat,West,SKU0005,Northline Serum C,Northline,Skincare,Serum,Others,Inactive,1819,30,35,,0,0,BGR West,5,5,,47
2026-05,OUT0042,Renee EBO - Ahmedabad 2,Renee EBO,EBO,Ahmedabad,Gujarat,West,SKU0006,Blush & Co Cleanser A,Blush & Co,Skincare,Cleanser,Top 10,Active,289,68,64,,15,4877,BGR West,16,11,,48
2026-05,OUT0042,Renee EBO - Ahmedabad 2,Renee EBO,EBO,Ahmedabad,Gujarat,West,SKU0007,Northline Cleanser B,Northline,Skincare,Cleanser,Others,Active,1809,36,39,,0,0,BGR West,4,3,,48
2026-05,OUT0042,Renee EBO - Ahmedabad 2,Renee EBO,EBO,Ahmedabad,Gujarat,West,SKU0008,Lumina Sunscreen A,Lumina,Skincare,Sunscreen,Others,Active,1599,26,30,,0,0,BGR West,4,4,,47
2026-05,OUT0042,Renee EBO - Ahmedabad 2,Renee EBO,EBO,Ahmedabad,Gujarat,West,SKU0010,Blush & Co Foundation A,Blush & Co,Makeup,Foundation,Others,Active,1419,30,31,,2,3123,BGR West,4,3,,47
2026-05,OUT0042,Renee EBO - Ahmedabad 2,Renee EBO,EBO,Ahmedabad,Gujarat,West,SKU0011,Lumina Foundation B,Lumina,Makeup,Foundation,Top 10,Inactive,1889,65,70,,8,15003,BGR West,14,13,,48
2026-05,OUT0042,Renee EBO - Ahmedabad 2,Renee EBO,EBO,Ahmedabad,Gujarat,West,SKU0012,Northline Lipstick A,Northline,Makeup,Lipstick,Others,Active,2429,32,34,,1,2547,BGR West,5,3,,51
2026-05,OUT0042,Renee EBO - Ahmedabad 2,Renee EBO,EBO,Ahmedabad,Gujarat,West,SKU0014,Lumina Lipstick C,Lumina,Makeup,Lipstick,Top 25,Active,1729,36,41,,7,11661,BGR West,14,12,,48
2026-05,OUT0042,Renee EBO - Ahmedabad 2,Renee EBO,EBO,Ahmedabad,Gujarat,West,SKU0015,Blush & Co Mascara A,Blush & Co,Makeup,Mascara,Top 25,Active,1219,11,15,,7,9753,BGR West,11,11,,53
2026-05,OUT0042,Renee EBO - Ahmedabad 2,Renee EBO,EBO,Ahmedabad,Gujarat,West,SKU0017,Lumina Mascara C,Lumina,Makeup,Mascara,Top 10,Active,529,112,118,,7,4581,BGR West,14,13,,53
2026-05,OUT0042,Renee EBO - Ahmedabad 2,Renee EBO,EBO,Ahmedabad,Gujarat,West,SKU0020,Lumina Shampoo A,Lumina,Haircare,Shampoo,Top 10,Active,509,78,84,,13,7959,BGR West,24,19,,33
2026-05,OUT0042,Renee EBO - Ahmedabad 2,Renee EBO,EBO,Ahmedabad,Gujarat,West,SKU0021,Verde Shampoo B,Verde,Haircare,Shampoo,Others,Active,1319,18,21,,1,1470,BGR West,5,4,,34
2026-05,OUT0042,Renee EBO - Ahmedabad 2,Renee EBO,EBO,Ahmedabad,Gujarat,West,SKU0022,Northline Conditioner A,Northline,Haircare,Conditioner,Others,Active,779,18,22,,1,969,BGR West,5,5,,36
2026-05,OUT0042,Renee EBO - Ahmedabad 2,Renee EBO,EBO,Ahmedabad,Gujarat,West,SKU0023,Northline Conditioner B,Northline,Haircare,Conditioner,Others,Active,379,22,24,,0,0,BGR West,2,2,,33
2026-05,OUT0042,Renee EBO - Ahmedabad 2,Renee EBO,EBO,Ahmedabad,Gujarat,West,SKU0027,Lumina EDP B,Lumina,Fragrance,EDP,Top 10,Active,529,86,86,,12,6843,BGR West,16,12,,54
2026-05,OUT0042,Renee EBO - Ahmedabad 2,Renee EBO,EBO,Ahmedabad,Gujarat,West,SKU0028,Northline EDT A,Northline,Fragrance,EDT,Top 25,Active,1109,22,21,,6,7899,BGR West,8,5,,57
2026-05,OUT0042,Renee EBO - Ahmedabad 2,Renee EBO,EBO,Ahmedabad,Gujarat,West,SKU0029,Blush & Co EDT B,Blush & Co,Fragrance,EDT,Top 25,Active,479,25,29,,7,3379,BGR West,11,11,,58
2026-05,OUT0042,Renee EBO - Ahmedabad 2,Renee EBO,EBO,Ahmedabad,Gujarat,West,SKU0033,Northline Body Lotion A,Northline,Bath & Body,Body Lotion,Top 10,Active,1239,87,84,,9,11064,BGR West,8,6,,41
2026-05,OUT0042,Renee EBO - Ahmedabad 2,Renee EBO,EBO,Ahmedabad,Gujarat,West,SKU0035,Northline Body Wash A,Northline,Bath & Body,Body Wash,Others,Active,469,0,0,,1,499,BGR West,1,0,,43
2026-05,OUT0042,Renee EBO - Ahmedabad 2,Renee EBO,EBO,Ahmedabad,Gujarat,West,SKU0036,Northline Body Wash B,Northline,Bath & Body,Body Wash,Others,Active,1179,26,27,,0,0,BGR West,2,1,,39
2026-05,OUT0042,Renee EBO - Ahmedabad 2,Renee EBO,EBO,Ahmedabad,Gujarat,West,SKU0037,Verde Body Wash C,Verde,Bath & Body,Body Wash,Top 25,Active,2239,52,52,,2,4798,BGR West,2,2,,38
2026-05,OUT0042,Renee EBO - Ahmedabad 2,Renee EBO,EBO,Ahmedabad,Gujarat,West,SKU0038,Blush & Co Hand Cream A,Blush & Co,Bath & Body,Hand Cream,Others,Active,489,38,42,,1,612,BGR West,5,5,,42
2026-05,OUT0043,Renee EBO - Ludhiana 3,Renee EBO,EBO,Ludhiana,Punjab,North,SKU0002,Verde Moisturizer B,Verde,Skincare,Moisturizer,Top 10,Active,1179,22,0,,10,12404,BGR North,22,19,,47
2026-05,OUT0043,Renee EBO - Ludhiana 3,Renee EBO,EBO,Ludhiana,Punjab,North,SKU0003,Verde Serum A,Verde,Skincare,Serum,Top 25,Active,2419,73,75,,9,19911,BGR North,12,11,,46
2026-05,OUT0043,Renee EBO - Ludhiana 3,Renee EBO,EBO,Ludhiana,Punjab,North,SKU0004,Northline Serum B,Northline,Skincare,Serum,Top 25,Active,2489,36,39,,2,5842,BGR North,5,5,,45
2026-05,OUT0043,Renee EBO - Ludhiana 3,Renee EBO,EBO,Ludhiana,Punjab,North,SKU0006,Blush & Co Cleanser A,Blush & Co,Skincare,Cleanser,Top 10,Active,289,23,40,,24,6849,BGR North,41,41,,44
2026-05,OUT0043,Renee EBO - Ludhiana 3,Renee EBO,EBO,Ludhiana,Punjab,North,SKU0010,Blush & Co Foundation A,Blush & Co,Makeup,Foundation,Others,Active,1419,0,2,,2,3223,BGR North,5,4,,47
2026-05,OUT0043,Renee EBO - Ludhiana 3,Renee EBO,EBO,Ludhiana,Punjab,North,SKU0013,Northline Lipstick B,Northline,Makeup,Lipstick,Others,Active,2469,8,8,,0,0,BGR North,1,0,,50
2026-05,OUT0043,Renee EBO - Ludhiana 3,Renee EBO,EBO,Ludhiana,Punjab,North,SKU0014,Lumina Lipstick C,Lumina,Makeup,Lipstick,Top 25,Active,1729,64,71,,4,6376,BGR North,13,11,,50
2026-05,OUT0043,Renee EBO - Ludhiana 3,Renee EBO,EBO,Ludhiana,Punjab,North,SKU0015,Blush & Co Mascara A,Blush & Co,Makeup,Mascara,Top 25,Active,1219,40,41,,5,6370,BGR North,7,6,,50
2026-05,OUT0043,Renee EBO - Ludhiana 3,Renee EBO,EBO,Ludhiana,Punjab,North,SKU0017,Lumina Mascara C,Lumina,Makeup,Mascara,Top 10,Active,529,24,35,,6,2947,BGR North,13,9,,49
2026-05,OUT0043,Renee EBO - Ludhiana 3,Renee EBO,EBO,Ludhiana,Punjab,North,SKU0018,Northline Eyeliner A,Northline,Makeup,Eyeliner,Others,Active,1959,4,0,,0,0,BGR North,1,0,,53
2026-05,OUT0043,Renee EBO - Ludhiana 3,Renee EBO,EBO,Ludhiana,Punjab,North,SKU0020,Lumina Shampoo A,Lumina,Haircare,Shampoo,Top 10,Active,509,185,193,,7,4052,BGR North,17,15,,37
2026-05,OUT0043,Renee EBO - Ludhiana 3,Renee EBO,EBO,Ludhiana,Punjab,North,SKU0022,Northline Conditioner A,Northline,Haircare,Conditioner,Others,Active,779,30,31,,1,712,BGR North,3,2,,32
2026-05,OUT0043,Renee EBO - Ludhiana 3,Renee EBO,EBO,Ludhiana,Punjab,North,SKU0027,Lumina EDP B,Lumina,Fragrance,EDP,Top 10,Active,529,170,175,,7,3501,BGR North,12,12,,52
2026-05,OUT0043,Renee EBO - Ludhiana 3,Renee EBO,EBO,Ludhiana,Punjab,North,SKU0029,Blush & Co EDT B,Blush & Co,Fragrance,EDT,Top 25,Active,479,46,50,,3,1742,BGR North,7,7,,57
2026-05,OUT0043,Renee EBO - Ludhiana 3,Renee EBO,EBO,Ludhiana,Punjab,North,SKU0030,Blush & Co EDT C,Blush & Co,Fragrance,EDT,Others,Active,779,24,27,,3,2941,BGR North,7,6,,54
2026-05,OUT0043,Renee EBO - Ludhiana 3,Renee EBO,EBO,Ludhiana,Punjab,North,SKU0032,Northline Body Mist B,Northline,Fragrance,Body Mist,Others,Inactive,2229,21,22,,2,5029,BGR North,4,3,,58
2026-05,OUT0043,Renee EBO - Ludhiana 3,Renee EBO,EBO,Ludhiana,Punjab,North,SKU0033,Northline Body Lotion A,Northline,Bath & Body,Body Lotion,Top 10,Active,1239,44,46,,16,22844,BGR North,26,18,,37
2026-05,OUT0043,Renee EBO - Ludhiana 3,Renee EBO,EBO,Ludhiana,Punjab,North,SKU0036,Northline Body Wash B,Northline,Bath & Body,Body Wash,Others,Active,1179,9,12,,0,0,BGR North,4,3,,37
2026-05,OUT0043,Renee EBO - Ludhiana 3,Renee EBO,EBO,Ludhiana,Punjab,North,SKU0037,Verde Body Wash C,Verde,Bath & Body,Body Wash,Top 25,Active,2239,70,70,,2,5596,BGR North,3,2,,38
2026-05,OUT0043,Renee EBO - Ludhiana 3,Renee EBO,EBO,Ludhiana,Punjab,North,SKU0038,Blush & Co Hand Cream A,Blush & Co,Bath & Body,Hand Cream,Others,Active,489,25,28,,0,0,BGR North,4,3,,37
2026-05,OUT0043,Renee EBO - Ludhiana 3,Renee EBO,EBO,Ludhiana,Punjab,North,SKU0039,Northline Hand Cream B,Northline,Bath & Body,Hand Cream,Others,Active,1189,11,12,,1,1293,BGR North,3,2,,40
2026-05,OUT0044,Renee EBO - Chandigarh 4,Renee EBO,EBO,Chandigarh,Punjab,North,SKU0002,Verde Moisturizer B,Verde,Skincare,Moisturizer,Top 10,Active,1179,35,37,,6,7339,BGR North,10,8,,46
2026-05,OUT0044,Renee EBO - Chandigarh 4,Renee EBO,EBO,Chandigarh,Punjab,North,SKU0003,Verde Serum A,Verde,Skincare,Serum,Top 25,Active,2419,37,36,,5,14937,BGR North,7,4,,42
2026-05,OUT0044,Renee EBO - Chandigarh 4,Renee EBO,EBO,Chandigarh,Punjab,North,SKU0005,Northline Serum C,Northline,Skincare,Serum,Others,Inactive,1819,11,0,,0,0,BGR North,0,0,,45
2026-05,OUT0044,Renee EBO - Chandigarh 4,Renee EBO,EBO,Chandigarh,Punjab,North,SKU0006,Blush & Co Cleanser A,Blush & Co,Skincare,Cleanser,Top 10,Active,289,85,87,,18,4715,BGR North,29,20,,47
2026-05,OUT0044,Renee EBO - Chandigarh 4,Renee EBO,EBO,Chandigarh,Punjab,North,SKU0010,Blush & Co Foundation A,Blush & Co,Makeup,Foundation,Others,Active,1419,8,9,,1,1711,BGR North,4,2,,53
2026-05,OUT0044,Renee EBO - Chandigarh 4,Renee EBO,EBO,Chandigarh,Punjab,North,SKU0011,Lumina Foundation B,Lumina,Makeup,Foundation,Top 10,Inactive,1889,38,41,,3,6533,BGR North,7,6,,52
2026-05,OUT0044,Renee EBO - Chandigarh 4,Renee EBO,EBO,Chandigarh,Punjab,North,SKU0015,Blush & Co Mascara A,Blush & Co,Makeup,Mascara,Top 25,Active,1219,5,33,,4,5966,BGR North,8,6,,51
2026-05,OUT0044,Renee EBO - Chandigarh 4,Renee EBO,EBO,Chandigarh,Punjab,North,SKU0016,Verde Mascara B,Verde,Makeup,Mascara,Top 25,Active,199,22,23,,2,465,BGR North,3,3,,52
2026-05,OUT0044,Renee EBO - Chandigarh 4,Renee EBO,EBO,Chandigarh,Punjab,North,SKU0017,Lumina Mascara C,Lumina,Makeup,Mascara,Top 10,Active,529,15,18,,5,2848,BGR North,11,8,,49
2026-05,OUT0044,Renee EBO - Chandigarh 4,Renee EBO,EBO,Chandigarh,Punjab,North,SKU0019,Northline Eyeliner B,Northline,Makeup,Eyeliner,Others,Active,1889,16,16,,1,2015,BGR North,1,1,,47
2026-05,OUT0044,Renee EBO - Chandigarh 4,Renee EBO,EBO,Chandigarh,Punjab,North,SKU0020,Lumina Shampoo A,Lumina,Haircare,Shampoo,Top 10,Active,509,0,0,,7,3536,BGR North,14,14,,33
2026-05,OUT0044,Renee EBO - Chandigarh 4,Renee EBO,EBO,Chandigarh,Punjab,North,SKU0021,Verde Shampoo B,Verde,Haircare,Shampoo,Others,Active,1319,0,0,,1,1385,BGR North,2,1,,36
2026-05,OUT0044,Renee EBO - Chandigarh 4,Renee EBO,EBO,Chandigarh,Punjab,North,SKU0022,Northline Conditioner A,Northline,Haircare,Conditioner,Others,Active,779,10,13,,2,1805,BGR North,5,5,,37
2026-05,OUT0044,Renee EBO - Chandigarh 4,Renee EBO,EBO,Chandigarh,Punjab,North,SKU0023,Northline Conditioner B,Northline,Haircare,Conditioner,Others,Active,379,19,21,,0,0,BGR North,3,2,,36
2026-05,OUT0044,Renee EBO - Chandigarh 4,Renee EBO,EBO,Chandigarh,Punjab,North,SKU0027,Lumina EDP B,Lumina,Fragrance,EDP,Top 10,Active,529,71,75,,7,3477,BGR North,11,11,,55
2026-05,OUT0044,Renee EBO - Chandigarh 4,Renee EBO,EBO,Chandigarh,Punjab,North,SKU0028,Northline EDT A,Northline,Fragrance,EDT,Top 25,Active,1109,7,13,,5,6218,BGR North,11,11,,56
2026-05,OUT0044,Renee EBO - Chandigarh 4,Renee EBO,EBO,Chandigarh,Punjab,North,SKU0029,Blush & Co EDT B,Blush & Co,Fragrance,EDT,Top 25,Active,479,18,13,,2,1051,BGR North,5,3,,52
2026-05,OUT0044,Renee EBO - Chandigarh 4,Renee EBO,EBO,Chandigarh,Punjab,North,SKU0031,Lumina Body Mist A,Lumina,Fragrance,Body Mist,Top 25,Active,2119,65,71,,3,7776,BGR North,9,9,,53
2026-05,OUT0044,Renee EBO - Chandigarh 4,Renee EBO,EBO,Chandigarh,Punjab,North,SKU0033,Northline Body Lotion A,Northline,Bath & Body,Body Lotion,Top 10,Active,1239,55,56,,11,12797,BGR North,14,12,,39
2026-05,OUT0044,Renee EBO - Chandigarh 4,Renee EBO,EBO,Chandigarh,Punjab,North,SKU0034,Northline Body Lotion B,Northline,Bath & Body,Body Lotion,Top 25,Active,989,25,28,,32,31636,BGR North,44,35,,39
2026-05,OUT0044,Renee EBO - Chandigarh 4,Renee EBO,EBO,Chandigarh,Punjab,North,SKU0037,Verde Body Wash C,Verde,Bath & Body,Body Wash,Top 25,Active,2239,29,29,,2,5357,BGR North,3,2,,37
2026-05,OUT0044,Renee EBO - Chandigarh 4,Renee EBO,EBO,Chandigarh,Punjab,North,SKU0038,Blush & Co Hand Cream A,Blush & Co,Bath & Body,Hand Cream,Others,Active,489,4,6,,0,0,BGR North,4,2,,38
2026-05,OUT0045,Renee EBO - Mysore 5,Renee EBO,EBO,Mysore,Karnataka,South,SKU0002,Verde Moisturizer B,Verde,Skincare,Moisturizer,Top 10,Active,1179,112,121,,9,13181,BGR South,19,18,,43
2026-05,OUT0045,Renee EBO - Mysore 5,Renee EBO,EBO,Mysore,Karnataka,South,SKU0003,Verde Serum A,Verde,Skincare,Serum,Top 25,Active,2419,0,8,,8,18974,BGR South,17,16,,48
2026-05,OUT0045,Renee EBO - Mysore 5,Renee EBO,EBO,Mysore,Karnataka,South,SKU0005,Northline Serum C,Northline,Skincare,Serum,Others,Inactive,1819,21,22,,0,0,BGR South,2,1,,42
2026-05,OUT0045,Renee EBO - Mysore 5,Renee EBO,EBO,Mysore,Karnataka,South,SKU0006,Blush & Co Cleanser A,Blush & Co,Skincare,Cleanser,Top 10,Active,289,127,130,,19,5686,BGR South,24,22,,47
2026-05,OUT0045,Renee EBO - Mysore 5,Renee EBO,EBO,Mysore,Karnataka,South,SKU0011,Lumina Foundation B,Lumina,Makeup,Foundation,Top 10,Inactive,1889,67,72,,5,11393,BGR South,13,10,,52
2026-05,OUT0045,Renee EBO - Mysore 5,Renee EBO,EBO,Mysore,Karnataka,South,SKU0014,Lumina Lipstick C,Lumina,Makeup,Lipstick,Top 25,Active,1729,3,4,,3,6259,BGR South,5,4,,51
2026-05,OUT0045,Renee EBO - Mysore 5,Renee EBO,EBO,Mysore,Karnataka,South,SKU0015,Blush & Co Mascara A,Blush & Co,Makeup,Mascara,Top 25,Active,1219,46,48,,4,5153,BGR South,7,6,,51
2026-05,OUT0045,Renee EBO - Mysore 5,Renee EBO,EBO,Mysore,Karnataka,South,SKU0017,Lumina Mascara C,Lumina,Makeup,Mascara,Top 10,Active,529,22,23,,6,3243,BGR South,10,7,,49
2026-05,OUT0045,Renee EBO - Mysore 5,Renee EBO,EBO,Mysore,Karnataka,South,SKU0019,Northline Eyeliner B,Northline,Makeup,Eyeliner,Others,Active,1889,20,19,,5,10308,BGR South,5,4,,53
2026-05,OUT0045,Renee EBO - Mysore 5,Renee EBO,EBO,Mysore,Karnataka,South,SKU0020,Lumina Shampoo A,Lumina,Haircare,Shampoo,Top 10,Active,509,6,16,,9,4809,BGR South,19,19,,33
2026-05,OUT0045,Renee EBO - Mysore 5,Renee EBO,EBO,Mysore,Karnataka,South,SKU0023,Northline Conditioner B,Northline,Haircare,Conditioner,Others,Active,379,5,5,,0,0,BGR South,0,0,,33
2026-05,OUT0045,Renee EBO - Mysore 5,Renee EBO,EBO,Mysore,Karnataka,South,SKU0027,Lumina EDP B,Lumina,Fragrance,EDP,Top 10,Active,529,75,73,,13,6999,BGR South,11,11,,54
2026-05,OUT0045,Renee EBO - Mysore 5,Renee EBO,EBO,Mysore,Karnataka,South,SKU0028,Northline EDT A,Northline,Fragrance,EDT,Top 25,Active,1109,48,53,,7,9408,BGR South,16,12,,54
2026-05,OUT0045,Renee EBO - Mysore 5,Renee EBO,EBO,Mysore,Karnataka,South,SKU0029,Blush & Co EDT B,Blush & Co,Fragrance,EDT,Top 25,Active,479,0,3,,4,2255,BGR South,8,7,,57
2026-05,OUT0045,Renee EBO - Mysore 5,Renee EBO,EBO,Mysore,Karnataka,South,SKU0033,Northline Body Lotion A,Northline,Bath & Body,Body Lotion,Top 10,Active,1239,11,19,,9,10640,BGR South,19,17,,42
2026-05,OUT0045,Renee EBO - Mysore 5,Renee EBO,EBO,Mysore,Karnataka,South,SKU0034,Northline Body Lotion B,Northline,Bath & Body,Body Lotion,Top 25,Active,989,26,31,,6,6755,BGR South,11,11,,37
2026-05,OUT0045,Renee EBO - Mysore 5,Renee EBO,EBO,Mysore,Karnataka,South,SKU0035,Northline Body Wash A,Northline,Bath & Body,Body Wash,Others,Active,469,32,34,,0,0,BGR South,3,2,,39
2026-05,OUT0045,Renee EBO - Mysore 5,Renee EBO,EBO,Mysore,Karnataka,South,SKU0039,Northline Hand Cream B,Northline,Bath & Body,Hand Cream,Others,Active,1189,22,24,,3,3415,BGR South,5,5,,37
2026-05,OUT0046,Renee EBO - Lucknow 6,Renee EBO,EBO,Lucknow,UP,North,SKU0001,Blush & Co Moisturizer A,Blush & Co,Skincare,Moisturizer,Others,Active,2319,7,8,,0,0,BGR North,1,1,,42
2026-05,OUT0046,Renee EBO - Lucknow 6,Renee EBO,EBO,Lucknow,UP,North,SKU0004,Northline Serum B,Northline,Skincare,Serum,Top 25,Active,2489,29,0,,0,0,BGR North,2,2,,43
2026-05,OUT0046,Renee EBO - Lucknow 6,Renee EBO,EBO,Lucknow,UP,North,SKU0005,Northline Serum C,Northline,Skincare,Serum,Others,Inactive,1819,11,12,,0,0,BGR North,2,1,,44
2026-05,OUT0046,Renee EBO - Lucknow 6,Renee EBO,EBO,Lucknow,UP,North,SKU0006,Blush & Co Cleanser A,Blush & Co,Skincare,Cleanser,Top 10,Active,289,70,76,,9,3049,BGR North,16,15,,46
2026-05,OUT0046,Renee EBO - Lucknow 6,Renee EBO,EBO,Lucknow,UP,North,SKU0008,Lumina Sunscreen A,Lumina,Skincare,Sunscreen,Others,Active,1599,11,13,,0,0,BGR North,4,2,,44
2026-05,OUT0046,Renee EBO - Lucknow 6,Renee EBO,EBO,Lucknow,UP,North,SKU0009,Blush & Co Sunscreen B,Blush & Co,Skincare,Sunscreen,Others,Inactive,1629,24,26,,0,0,BGR North,2,2,,48
2026-05,OUT0046,Renee EBO - Lucknow 6,Renee EBO,EBO,Lucknow,UP,North,SKU0011,Lumina Foundation B,Lumina,Makeup,Foundation,Top 10,Inactive,1889,3,14,,2,4564,BGR North,3,2,,51
2026-05,OUT0046,Renee EBO - Lucknow 6,Renee EBO,EBO,Lucknow,UP,North,SKU0012,Northline Lipstick A,Northline,Makeup,Lipstick,Others,Active,2429,0,2,,0,0,BGR North,3,2,,53
2026-05,OUT0046,Renee EBO - Lucknow 6,Renee EBO,EBO,Lucknow,UP,North,SKU0013,Northline Lipstick B,Northline,Makeup,Lipstick,Others,Active,2469,20,24,,0,0,BGR North,4,4,,53
2026-05,OUT0046,Renee EBO - Lucknow 6,Renee EBO,EBO,Lucknow,UP,North,SKU0014,Lumina Lipstick C,Lumina,Makeup,Lipstick,Top 25,Active,1729,52,52,,1,2079,BGR North,2,1,,49
2026-05,OUT0046,Renee EBO - Lucknow 6,Renee EBO,EBO,Lucknow,UP,North,SKU0015,Blush & Co Mascara A,Blush & Co,Makeup,Mascara,Top 25,Active,1219,22,26,,2,2819,BGR North,7,6,,49
2026-05,OUT0046,Renee EBO - Lucknow 6,Renee EBO,EBO,Lucknow,UP,North,SKU0016,Verde Mascara B,Verde,Makeup,Mascara,Top 25,Active,199,16,17,,1,201,BGR North,3,2,,50
2026-05,OUT0046,Renee EBO - Lucknow 6,Renee EBO,EBO,Lucknow,UP,North,SKU0017,Lumina Mascara C,Lumina,Makeup,Mascara,Top 10,Active,529,54,58,,3,1873,BGR North,7,7,,52
2026-05,OUT0046,Renee EBO - Lucknow 6,Renee EBO,EBO,Lucknow,UP,North,SKU0018,Northline Eyeliner A,Northline,Makeup,Eyeliner,Others,Active,1959,3,0,,0,0,BGR North,2,1,,52
2026-05,OUT0046,Renee EBO - Lucknow 6,Renee EBO,EBO,Lucknow,UP,North,SKU0020,Lumina Shampoo A,Lumina,Haircare,Shampoo,Top 10,Active,509,6,7,,4,2206,BGR North,6,5,,35
2026-05,OUT0046,Renee EBO - Lucknow 6,Renee EBO,EBO,Lucknow,UP,North,SKU0022,Northline Conditioner A,Northline,Haircare,Conditioner,Others,Active,779,33,34,,1,937,BGR North,4,2,,35
2026-05,OUT0046,Renee EBO - Lucknow 6,Renee EBO,EBO,Lucknow,UP,North,SKU0027,Lumina EDP B,Lumina,Fragrance,EDP,Top 10,Active,529,9,9,,4,1935,BGR North,7,4,,54
2026-05,OUT0046,Renee EBO - Lucknow 6,Renee EBO,EBO,Lucknow,UP,North,SKU0028,Northline EDT A,Northline,Fragrance,EDT,Top 25,Active,1109,57,61,,3,3243,BGR North,7,7,,54
2026-05,OUT0046,Renee EBO - Lucknow 6,Renee EBO,EBO,Lucknow,UP,North,SKU0029,Blush & Co EDT B,Blush & Co,Fragrance,EDT,Top 25,Active,479,16,18,,2,951,BGR North,4,4,,53
2026-05,OUT0046,Renee EBO - Lucknow 6,Renee EBO,EBO,Lucknow,UP,North,SKU0030,Blush & Co EDT C,Blush & Co,Fragrance,EDT,Others,Active,779,21,22,,1,795,BGR North,3,2,,54
2026-05,OUT0046,Renee EBO - Lucknow 6,Renee EBO,EBO,Lucknow,UP,North,SKU0031,Lumina Body Mist A,Lumina,Fragrance,Body Mist,Top 25,Active,2119,43,45,,2,4503,BGR North,4,4,,53
2026-05,OUT0046,Renee EBO - Lucknow 6,Renee EBO,EBO,Lucknow,UP,North,SKU0033,Northline Body Lotion A,Northline,Bath & Body,Body Lotion,Top 10,Active,1239,1,10,,5,7150,BGR North,14,14,,42
2026-05,OUT0046,Renee EBO - Lucknow 6,Renee EBO,EBO,Lucknow,UP,North,SKU0034,Northline Body Lotion B,Northline,Bath & Body,Body Lotion,Top 25,Active,989,35,37,,3,2691,BGR North,6,5,,42
2026-05,OUT0046,Renee EBO - Lucknow 6,Renee EBO,EBO,Lucknow,UP,North,SKU0037,Verde Body Wash C,Verde,Bath & Body,Body Wash,Top 25,Active,2239,10,9,,1,2465,BGR North,1,0,,40
2026-05,OUT0046,Renee EBO - Lucknow 6,Renee EBO,EBO,Lucknow,UP,North,SKU0038,Blush & Co Hand Cream A,Blush & Co,Bath & Body,Hand Cream,Others,Active,489,8,10,,0,0,BGR North,3,2,,37
2026-05,OUT0047,Renee EBO - Ahmedabad 7,Renee EBO,EBO,Ahmedabad,Gujarat,West,SKU0001,Blush & Co Moisturizer A,Blush & Co,Skincare,Moisturizer,Others,Active,2319,24,28,,1,2123,BGR West,5,5,,45
2026-05,OUT0047,Renee EBO - Ahmedabad 7,Renee EBO,EBO,Ahmedabad,Gujarat,West,SKU0002,Verde Moisturizer B,Verde,Skincare,Moisturizer,Top 10,Active,1179,49,55,,12,13974,BGR West,20,18,,46
2026-05,OUT0047,Renee EBO - Ahmedabad 7,Renee EBO,EBO,Ahmedabad,Gujarat,West,SKU0003,Verde Serum A,Verde,Skincare,Serum,Top 25,Active,2419,75,77,,7,17250,BGR West,9,9,,48
2026-05,OUT0047,Renee EBO - Ahmedabad 7,Renee EBO,EBO,Ahmedabad,Gujarat,West,SKU0005,Northline Serum C,Northline,Skincare,Serum,Others,Inactive,1819,18,21,,0,0,BGR West,4,3,,45
2026-05,OUT0047,Renee EBO - Ahmedabad 7,Renee EBO,EBO,Ahmedabad,Gujarat,West,SKU0006,Blush & Co Cleanser A,Blush & Co,Skincare,Cleanser,Top 10,Active,289,144,146,,18,5450,BGR West,22,20,,44
2026-05,OUT0047,Renee EBO - Ahmedabad 7,Renee EBO,EBO,Ahmedabad,Gujarat,West,SKU0007,Northline Cleanser B,Northline,Skincare,Cleanser,Others,Active,1809,26,31,,0,0,BGR West,5,5,,42
2026-05,OUT0047,Renee EBO - Ahmedabad 7,Renee EBO,EBO,Ahmedabad,Gujarat,West,SKU0009,Blush & Co Sunscreen B,Blush & Co,Skincare,Sunscreen,Others,Inactive,1629,28,0,,1,2000,BGR West,6,6,,46
2026-05,OUT0047,Renee EBO - Ahmedabad 7,Renee EBO,EBO,Ahmedabad,Gujarat,West,SKU0010,Blush & Co Foundation A,Blush & Co,Makeup,Foundation,Others,Active,1419,10,15,,1,1486,BGR West,6,6,,49
2026-05,OUT0047,Renee EBO - Ahmedabad 7,Renee EBO,EBO,Ahmedabad,Gujarat,West,SKU0011,Lumina Foundation B,Lumina,Makeup,Foundation,Top 10,Inactive,1889,50,58,,9,17780,BGR West,18,17,,51
2026-05,OUT0047,Renee EBO - Ahmedabad 7,Renee EBO,EBO,Ahmedabad,Gujarat,West,SKU0012,Northline Lipstick A,Northline,Makeup,Lipstick,Others,Active,2429,12,16,,1,2691,BGR West,6,5,,48
2026-05,OUT0047,Renee EBO - Ahmedabad 7,Renee EBO,EBO,Ahmedabad,Gujarat,West,SKU0014,Lumina Lipstick C,Lumina,Makeup,Lipstick,Top 25,Active,1729,4,6,,8,15209,BGR West,15,10,,47
2026-05,OUT0047,Renee EBO - Ahmedabad 7,Renee EBO,EBO,Ahmedabad,Gujarat,West,SKU0015,Blush & Co Mascara A,Blush & Co,Makeup,Mascara,Top 25,Active,1219,2,3,,8,10889,BGR West,10,9,,49
2026-05,OUT0047,Renee EBO - Ahmedabad 7,Renee EBO,EBO,Ahmedabad,Gujarat,West,SKU0017,Lumina Mascara C,Lumina,Makeup,Mascara,Top 10,Active,529,39,41,,10,4883,BGR West,18,12,,52
2026-05,OUT0047,Renee EBO - Ahmedabad 7,Renee EBO,EBO,Ahmedabad,Gujarat,West,SKU0019,Northline Eyeliner B,Northline,Makeup,Eyeliner,Others,Active,1889,27,32,,1,2175,BGR West,6,6,,49
2026-05,OUT0047,Renee EBO - Ahmedabad 7,Renee EBO,EBO,Ahmedabad,Gujarat,West,SKU0020,Lumina Shampoo A,Lumina,Haircare,Shampoo,Top 10,Active,509,27,32,,13,6764,BGR West,27,18,,32
2026-05,OUT0047,Renee EBO - Ahmedabad 7,Renee EBO,EBO,Ahmedabad,Gujarat,West,SKU0021,Verde Shampoo B,Verde,Haircare,Shampoo,Others,Active,1319,5,6,,1,1268,BGR West,2,2,,33
2026-05,OUT0047,Renee EBO - Ahmedabad 7,Renee EBO,EBO,Ahmedabad,Gujarat,West,SKU0027,Lumina EDP B,Lumina,Fragrance,EDP,Top 10,Active,529,130,136,,8,4895,BGR West,18,14,,56
2026-05,OUT0047,Renee EBO - Ahmedabad 7,Renee EBO,EBO,Ahmedabad,Gujarat,West,SKU0028,Northline EDT A,Northline,Fragrance,EDT,Top 25,Active,1109,67,68,,5,5502,BGR West,6,6,,54
2026-05,OUT0047,Renee EBO - Ahmedabad 7,Renee EBO,EBO,Ahmedabad,Gujarat,West,SKU0029,Blush & Co EDT B,Blush & Co,Fragrance,EDT,Top 25,Active,479,46,49,,6,2841,BGR West,9,9,,55
2026-05,OUT0047,Renee EBO - Ahmedabad 7,Renee EBO,EBO,Ahmedabad,Gujarat,West,SKU0031,Lumina Body Mist A,Lumina,Fragrance,Body Mist,Top 25,Active,2119,49,0,,7,17420,BGR West,7,4,,53
2026-05,OUT0047,Renee EBO - Ahmedabad 7,Renee EBO,EBO,Ahmedabad,Gujarat,West,SKU0033,Northline Body Lotion A,Northline,Bath & Body,Body Lotion,Top 10,Active,1239,152,153,,20,30090,BGR West,21,21,,40
2026-05,OUT0047,Renee EBO - Ahmedabad 7,Renee EBO,EBO,Ahmedabad,Gujarat,West,SKU0034,Northline Body Lotion B,Northline,Bath & Body,Body Lotion,Top 25,Active,989,71,75,,5,5640,BGR West,9,9,,42
2026-05,OUT0047,Renee EBO - Ahmedabad 7,Renee EBO,EBO,Ahmedabad,Gujarat,West,SKU0036,Northline Body Wash B,Northline,Bath & Body,Body Wash,Others,Active,1179,6,0,,0,0,BGR West,3,3,,40
2026-05,OUT0047,Renee EBO - Ahmedabad 7,Renee EBO,EBO,Ahmedabad,Gujarat,West,SKU0037,Verde Body Wash C,Verde,Bath & Body,Body Wash,Top 25,Active,2239,0,0,,4,10387,BGR West,7,5,,40
2026-05,OUT0047,Renee EBO - Ahmedabad 7,Renee EBO,EBO,Ahmedabad,Gujarat,West,SKU0038,Blush & Co Hand Cream A,Blush & Co,Bath & Body,Hand Cream,Others,Active,489,14,14,,1,564,BGR West,2,1,,41
2026-05,OUT0047,Renee EBO - Ahmedabad 7,Renee EBO,EBO,Ahmedabad,Gujarat,West,SKU0039,Northline Hand Cream B,Northline,Bath & Body,Hand Cream,Others,Active,1189,12,13,,1,1139,BGR West,2,2,,40
2026-05,OUT0048,Renee EBO - Bhubaneswar 8,Renee EBO,EBO,Bhubaneswar,Odisha,East,SKU0002,Verde Moisturizer B,Verde,Skincare,Moisturizer,Top 10,Active,1179,8,71,,11,11756,BGR East,12,10,,47
2026-05,OUT0048,Renee EBO - Bhubaneswar 8,Renee EBO,EBO,Bhubaneswar,Odisha,East,SKU0004,Northline Serum B,Northline,Skincare,Serum,Top 25,Active,2489,42,44,,1,3005,BGR East,4,3,,45
2026-05,OUT0048,Renee EBO - Bhubaneswar 8,Renee EBO,EBO,Bhubaneswar,Odisha,East,SKU0005,Northline Serum C,Northline,Skincare,Serum,Others,Inactive,1819,1,0,,0,0,BGR East,4,3,,44
2026-05,OUT0048,Renee EBO - Bhubaneswar 8,Renee EBO,EBO,Bhubaneswar,Odisha,East,SKU0006,Blush & Co Cleanser A,Blush & Co,Skincare,Cleanser,Top 10,Active,289,156,0,,14,4194,BGR East,25,22,,45
2026-05,OUT0048,Renee EBO - Bhubaneswar 8,Renee EBO,EBO,Bhubaneswar,Odisha,East,SKU0007,Northline Cleanser B,Northline,Skincare,Cleanser,Others,Active,1809,25,25,,0,0,BGR East,1,0,,45
2026-05,OUT0048,Renee EBO - Bhubaneswar 8,Renee EBO,EBO,Bhubaneswar,Odisha,East,SKU0009,Blush & Co Sunscreen B,Blush & Co,Skincare,Sunscreen,Others,Inactive,1629,28,29,,0,0,BGR East,1,1,,46
2026-05,OUT0048,Renee EBO - Bhubaneswar 8,Renee EBO,EBO,Bhubaneswar,Odisha,East,SKU0011,Lumina Foundation B,Lumina,Makeup,Foundation,Top 10,Inactive,1889,8,9,,3,5974,BGR East,6,4,,47
2026-05,OUT0048,Renee EBO - Bhubaneswar 8,Renee EBO,EBO,Bhubaneswar,Odisha,East,SKU0012,Northline Lipstick A,Northline,Makeup,Lipstick,Others,Active,2429,20,22,,1,2434,BGR East,3,3,,52
2026-05,OUT0048,Renee EBO - Bhubaneswar 8,Renee EBO,EBO,Bhubaneswar,Odisha,East,SKU0013,Northline Lipstick B,Northline,Makeup,Lipstick,Others,Active,2469,24,26,,0,0,BGR East,4,2,,50
2026-05,OUT0048,Renee EBO - Bhubaneswar 8,Renee EBO,EBO,Bhubaneswar,Odisha,East,SKU0016,Verde Mascara B,Verde,Makeup,Mascara,Top 25,Active,199,88,90,,2,380,BGR East,4,4,,52
2026-05,OUT0048,Renee EBO - Bhubaneswar 8,Renee EBO,EBO,Bhubaneswar,Odisha,East,SKU0017,Lumina Mascara C,Lumina,Makeup,Mascara,Top 10,Active,529,9,13,,3,1870,BGR East,10,7,,47
2026-05,OUT0048,Renee EBO - Bhubaneswar 8,Renee EBO,EBO,Bhubaneswar,Odisha,East,SKU0018,Northline Eyeliner A,Northline,Makeup,Eyeliner,Others,Active,1959,6,6,,0,0,BGR East,1,0,,52
2026-05,OUT0048,Renee EBO - Bhubaneswar 8,Renee EBO,EBO,Bhubaneswar,Odisha,East,SKU0022,Northline Conditioner A,Northline,Haircare,Conditioner,Others,Active,779,11,14,,0,0,BGR East,4,3,,35
2026-05,OUT0048,Renee EBO - Bhubaneswar 8,Renee EBO,EBO,Bhubaneswar,Odisha,East,SKU0023,Northline Conditioner B,Northline,Haircare,Conditioner,Others,Active,379,13,14,,0,0,BGR East,2,1,,32
2026-05,OUT0048,Renee EBO - Bhubaneswar 8,Renee EBO,EBO,Bhubaneswar,Odisha,East,SKU0028,Northline EDT A,Northline,Fragrance,EDT,Top 25,Active,1109,0,0,,4,4647,BGR East,6,5,,57
2026-05,OUT0048,Renee EBO - Bhubaneswar 8,Renee EBO,EBO,Bhubaneswar,Odisha,East,SKU0029,Blush & Co EDT B,Blush & Co,Fragrance,EDT,Top 25,Active,479,52,0,,3,1761,BGR East,7,6,,56
2026-05,OUT0048,Renee EBO - Bhubaneswar 8,Renee EBO,EBO,Bhubaneswar,Odisha,East,SKU0030,Blush & Co EDT C,Blush & Co,Fragrance,EDT,Others,Active,779,40,41,,1,923,BGR East,3,2,,56
2026-05,OUT0048,Renee EBO - Bhubaneswar 8,Renee EBO,EBO,Bhubaneswar,Odisha,East,SKU0031,Lumina Body Mist A,Lumina,Fragrance,Body Mist,Top 25,Active,2119,52,0,,4,8648,BGR East,9,8,,54
2026-05,OUT0048,Renee EBO - Bhubaneswar 8,Renee EBO,EBO,Bhubaneswar,Odisha,East,SKU0032,Northline Body Mist B,Northline,Fragrance,Body Mist,Others,Inactive,2229,6,10,,1,2057,BGR East,6,5,,55
2026-05,OUT0048,Renee EBO - Bhubaneswar 8,Renee EBO,EBO,Bhubaneswar,Odisha,East,SKU0033,Northline Body Lotion A,Northline,Bath & Body,Body Lotion,Top 10,Active,1239,11,15,,8,12191,BGR East,14,12,,42
2026-05,OUT0048,Renee EBO - Bhubaneswar 8,Renee EBO,EBO,Bhubaneswar,Odisha,East,SKU0034,Northline Body Lotion B,Northline,Bath & Body,Body Lotion,Top 25,Active,989,56,60,,3,2935,BGR East,7,7,,38
2026-05,OUT0048,Renee EBO - Bhubaneswar 8,Renee EBO,EBO,Bhubaneswar,Odisha,East,SKU0037,Verde Body Wash C,Verde,Bath & Body,Body Wash,Top 25,Active,2239,39,40,,2,4791,BGR East,4,3,,40
2026-05,OUT0048,Renee EBO - Bhubaneswar 8,Renee EBO,EBO,Bhubaneswar,Odisha,East,SKU0038,Blush & Co Hand Cream A,Blush & Co,Bath & Body,Hand Cream,Others,Active,489,3,7,,1,531,BGR East,4,4,,38
2026-05,OUT0048,Renee EBO - Bhubaneswar 8,Renee EBO,EBO,Bhubaneswar,Odisha,East,SKU0039,Northline Hand Cream B,Northline,Bath & Body,Hand Cream,Others,Active,1189,8,7,,1,1232,BGR East,1,0,,43
2026-05,OUT0049,Renee EBO - Lucknow 9,Renee EBO,EBO,Lucknow,UP,North,SKU0001,Blush & Co Moisturizer A,Blush & Co,Skincare,Moisturizer,Others,Active,2319,20,20,,1,2146,BGR North,2,1,,48
2026-05,OUT0049,Renee EBO - Lucknow 9,Renee EBO,EBO,Lucknow,UP,North,SKU0002,Verde Moisturizer B,Verde,Skincare,Moisturizer,Top 10,Active,1179,95,102,,13,14622,BGR North,25,20,,42
2026-05,OUT0049,Renee EBO - Lucknow 9,Renee EBO,EBO,Lucknow,UP,North,SKU0004,Northline Serum B,Northline,Skincare,Serum,Top 25,Active,2489,6,5,,3,6840,BGR North,4,2,,48
2026-05,OUT0049,Renee EBO - Lucknow 9,Renee EBO,EBO,Lucknow,UP,North,SKU0005,Northline Serum C,Northline,Skincare,Serum,Others,Inactive,1819,27,31,,0,0,BGR North,5,4,,42
2026-05,OUT0049,Renee EBO - Lucknow 9,Renee EBO,EBO,Lucknow,UP,North,SKU0006,Blush & Co Cleanser A,Blush & Co,Skincare,Cleanser,Top 10,Active,289,126,0,,19,6585,BGR North,33,29,,46
2026-05,OUT0049,Renee EBO - Lucknow 9,Renee EBO,EBO,Lucknow,UP,North,SKU0007,Northline Cleanser B,Northline,Skincare,Cleanser,Others,Active,1809,33,33,,1,1777,BGR North,2,1,,46
2026-05,OUT0049,Renee EBO - Lucknow 9,Renee EBO,EBO,Lucknow,UP,North,SKU0010,Blush & Co Foundation A,Blush & Co,Makeup,Foundation,Others,Active,1419,36,38,,2,3079,BGR North,6,4,,53
2026-05,OUT0049,Renee EBO - Lucknow 9,Renee EBO,EBO,Lucknow,UP,North,SKU0011,Lumina Foundation B,Lumina,Makeup,Foundation,Top 10,Inactive,1889,91,91,,14,27739,BGR North,20,14,,50
2026-05,OUT0049,Renee EBO - Lucknow 9,Renee EBO,EBO,Lucknow,UP,North,SKU0013,Northline Lipstick B,Northline,Makeup,Lipstick,Others,Active,2469,16,17,,0,0,BGR North,2,1,,53
2026-05,OUT0049,Renee EBO - Lucknow 9,Renee EBO,EBO,Lucknow,UP,North,SKU0014,Lumina Lipstick C,Lumina,Makeup,Lipstick,Top 25,Active,1729,43,49,,5,8827,BGR North,11,11,,50
2026-05,OUT0049,Renee EBO - Lucknow 9,Renee EBO,EBO,Lucknow,UP,North,SKU0015,Blush & Co Mascara A,Blush & Co,Makeup,Mascara,Top 25,Active,1219,48,51,,6,8823,BGR North,10,9,,52
2026-05,OUT0049,Renee EBO - Lucknow 9,Renee EBO,EBO,Lucknow,UP,North,SKU0016,Verde Mascara B,Verde,Makeup,Mascara,Top 25,Active,199,64,65,,2,432,BGR North,4,3,,53
2026-05,OUT0049,Renee EBO - Lucknow 9,Renee EBO,EBO,Lucknow,UP,North,SKU0017,Lumina Mascara C,Lumina,Makeup,Mascara,Top 10,Active,529,105,109,,9,5270,BGR North,14,13,,47
2026-05,OUT0049,Renee EBO - Lucknow 9,Renee EBO,EBO,Lucknow,UP,North,SKU0020,Lumina Shampoo A,Lumina,Haircare,Shampoo,Top 10,Active,509,35,40,,11,6660,BGR North,18,16,,37
2026-05,OUT0049,Renee EBO - Lucknow 9,Renee EBO,EBO,Lucknow,UP,North,SKU0023,Northline Conditioner B,Northline,Haircare,Conditioner,Others,Active,379,12,15,,0,0,BGR North,4,3,,35
2026-05,OUT0049,Renee EBO - Lucknow 9,Renee EBO,EBO,Lucknow,UP,North,SKU0027,Lumina EDP B,Lumina,Fragrance,EDP,Top 10,Active,529,5,16,,7,4391,BGR North,18,18,,56
2026-05,OUT0049,Renee EBO - Lucknow 9,Renee EBO,EBO,Lucknow,UP,North,SKU0028,Northline EDT A,Northline,Fragrance,EDT,Top 25,Active,1109,10,13,,6,7791,BGR North,11,9,,52
2026-05,OUT0049,Renee EBO - Lucknow 9,Renee EBO,EBO,Lucknow,UP,North,SKU0029,Blush & Co EDT B,Blush & Co,Fragrance,EDT,Top 25,Active,479,14,15,,4,2017,BGR North,6,5,,56
2026-05,OUT0049,Renee EBO - Lucknow 9,Renee EBO,EBO,Lucknow,UP,North,SKU0031,Lumina Body Mist A,Lumina,Fragrance,Body Mist,Top 25,Active,2119,89,95,,8,21336,BGR North,15,14,,56
2026-05,OUT0049,Renee EBO - Lucknow 9,Renee EBO,EBO,Lucknow,UP,North,SKU0032,Northline Body Mist B,Northline,Fragrance,Body Mist,Others,Inactive,2229,29,31,,2,4032,BGR North,4,4,,55
2026-05,OUT0049,Renee EBO - Lucknow 9,Renee EBO,EBO,Lucknow,UP,North,SKU0033,Northline Body Lotion A,Northline,Bath & Body,Body Lotion,Top 10,Active,1239,168,174,,18,22847,BGR North,30,24,,39
2026-05,OUT0049,Renee EBO - Lucknow 9,Renee EBO,EBO,Lucknow,UP,North,SKU0034,Northline Body Lotion B,Northline,Bath & Body,Body Lotion,Top 25,Active,989,8,17,,6,7194,BGR North,15,15,,40
2026-05,OUT0049,Renee EBO - Lucknow 9,Renee EBO,EBO,Lucknow,UP,North,SKU0035,Northline Body Wash A,Northline,Bath & Body,Body Wash,Others,Active,469,17,18,,1,574,BGR North,3,2,,38
2026-05,OUT0049,Renee EBO - Lucknow 9,Renee EBO,EBO,Lucknow,UP,North,SKU0036,Northline Body Wash B,Northline,Bath & Body,Body Wash,Others,Active,1179,22,24,,0,0,BGR North,3,2,,40
2026-05,OUT0049,Renee EBO - Lucknow 9,Renee EBO,EBO,Lucknow,UP,North,SKU0037,Verde Body Wash C,Verde,Bath & Body,Body Wash,Top 25,Active,2239,26,38,,12,28945,BGR North,26,24,,40
2026-05,OUT0049,Renee EBO - Lucknow 9,Renee EBO,EBO,Lucknow,UP,North,SKU0038,Blush & Co Hand Cream A,Blush & Co,Bath & Body,Hand Cream,Others,Active,489,12,0,,2,1220,BGR North,3,2,,43
2026-05,OUT0050,Renee EBO - Kolkata 10,Renee EBO,EBO,Kolkata,West Bengal,East,SKU0002,Verde Moisturizer B,Verde,Skincare,Moisturizer,Top 10,Active,1179,4,3,,4,4313,BGR East,4,3,,47
2026-05,OUT0050,Renee EBO - Kolkata 10,Renee EBO,EBO,Kolkata,West Bengal,East,SKU0004,Northline Serum B,Northline,Skincare,Serum,Top 25,Active,2489,29,32,,1,2685,BGR East,5,4,,44
2026-05,OUT0050,Renee EBO - Kolkata 10,Renee EBO,EBO,Kolkata,West Bengal,East,SKU0006,Blush & Co Cleanser A,Blush & Co,Skincare,Cleanser,Top 10,Active,289,59,65,,8,2389,BGR East,20,14,,42
2026-05,OUT0050,Renee EBO - Kolkata 10,Renee EBO,EBO,Kolkata,West Bengal,East,SKU0007,Northline Cleanser B,Northline,Skincare,Cleanser,Others,Active,1809,0,0,,0,0,BGR East,0,0,,46
2026-05,OUT0050,Renee EBO - Kolkata 10,Renee EBO,EBO,Kolkata,West Bengal,East,SKU0011,Lumina Foundation B,Lumina,Makeup,Foundation,Top 10,Inactive,1889,18,19,,1,2208,BGR East,3,2,,52
2026-05,OUT0050,Renee EBO - Kolkata 10,Renee EBO,EBO,Kolkata,West Bengal,East,SKU0012,Northline Lipstick A,Northline,Makeup,Lipstick,Others,Active,2429,12,0,,0,0,BGR East,4,3,,49
2026-05,OUT0050,Renee EBO - Kolkata 10,Renee EBO,EBO,Kolkata,West Bengal,East,SKU0013,Northline Lipstick B,Northline,Makeup,Lipstick,Others,Active,2469,6,8,,0,0,BGR East,3,2,,47
2026-05,OUT0050,Renee EBO - Kolkata 10,Renee EBO,EBO,Kolkata,West Bengal,East,SKU0014,Lumina Lipstick C,Lumina,Makeup,Lipstick,Top 25,Active,1729,0,3,,1,1928,BGR East,5,4,,53
2026-05,OUT0050,Renee EBO - Kolkata 10,Renee EBO,EBO,Kolkata,West Bengal,East,SKU0015,Blush & Co Mascara A,Blush & Co,Makeup,Mascara,Top 25,Active,1219,0,0,,2,2942,BGR East,4,3,,49
2026-05,OUT0050,Renee EBO - Kolkata 10,Renee EBO,EBO,Kolkata,West Bengal,East,SKU0017,Lumina Mascara C,Lumina,Makeup,Mascara,Top 10,Active,529,33,38,,3,1991,BGR East,9,8,,48
2026-05,OUT0050,Renee EBO - Kolkata 10,Renee EBO,EBO,Kolkata,West Bengal,East,SKU0019,Northline Eyeliner B,Northline,Makeup,Eyeliner,Others,Active,1889,30,30,,0,0,BGR East,0,0,,53
2026-05,OUT0050,Renee EBO - Kolkata 10,Renee EBO,EBO,Kolkata,West Bengal,East,SKU0020,Lumina Shampoo A,Lumina,Haircare,Shampoo,Top 10,Active,509,32,34,,3,1389,BGR East,7,5,,37
2026-05,OUT0050,Renee EBO - Kolkata 10,Renee EBO,EBO,Kolkata,West Bengal,East,SKU0022,Northline Conditioner A,Northline,Haircare,Conditioner,Others,Active,779,0,0,,0,0,BGR East,4,3,,35
2026-05,OUT0050,Renee EBO - Kolkata 10,Renee EBO,EBO,Kolkata,West Bengal,East,SKU0027,Lumina EDP B,Lumina,Fragrance,EDP,Top 10,Active,529,11,16,,2,1148,BGR East,8,7,,58
2026-05,OUT0050,Renee EBO - Kolkata 10,Renee EBO,EBO,Kolkata,West Bengal,East,SKU0028,Northline EDT A,Northline,Fragrance,EDT,Top 25,Active,1109,32,34,,2,2147,BGR East,6,4,,55
2026-05,OUT0050,Renee EBO - Kolkata 10,Renee EBO,EBO,Kolkata,West Bengal,East,SKU0029,Blush & Co EDT B,Blush & Co,Fragrance,EDT,Top 25,Active,479,23,25,,1,551,BGR East,5,3,,56
2026-05,OUT0050,Renee EBO - Kolkata 10,Renee EBO,EBO,Kolkata,West Bengal,East,SKU0031,Lumina Body Mist A,Lumina,Fragrance,Body Mist,Top 25,Active,2119,16,21,,2,4184,BGR East,9,7,,56
2026-05,OUT0050,Renee EBO - Kolkata 10,Renee EBO,EBO,Kolkata,West Bengal,East,SKU0033,Northline Body Lotion A,Northline,Bath & Body,Body Lotion,Top 10,Active,1239,54,59,,3,3958,BGR East,11,8,,42
2026-05,OUT0050,Renee EBO - Kolkata 10,Renee EBO,EBO,Kolkata,West Bengal,East,SKU0035,Northline Body Wash A,Northline,Bath & Body,Body Wash,Others,Active,469,1,2,,0,0,BGR East,2,1,,43
2026-05,OUT0050,Renee EBO - Kolkata 10,Renee EBO,EBO,Kolkata,West Bengal,East,SKU0037,Verde Body Wash C,Verde,Bath & Body,Body Wash,Top 25,Active,2239,9,5,,1,2777,BGR East,4,4,,40
2026-05,OUT0051,Renee EBO - Surat 11,Renee EBO,EBO,Surat,Gujarat,West,SKU0003,Verde Serum A,Verde,Skincare,Serum,Top 25,Active,2419,40,49,,6,14919,BGR West,15,15,,48
2026-05,OUT0051,Renee EBO - Surat 11,Renee EBO,EBO,Surat,Gujarat,West,SKU0004,Northline Serum B,Northline,Skincare,Serum,Top 25,Active,2489,46,53,,4,12182,BGR West,11,11,,45
2026-05,OUT0051,Renee EBO - Surat 11,Renee EBO,EBO,Surat,Gujarat,West,SKU0006,Blush & Co Cleanser A,Blush & Co,Skincare,Cleanser,Top 10,Active,289,0,0,,13,3414,BGR West,20,19,,42
2026-05,OUT0051,Renee EBO - Surat 11,Renee EBO,EBO,Surat,Gujarat,West,SKU0008,Lumina Sunscreen A,Lumina,Skincare,Sunscreen,Others,Active,1599,0,6,,1,2009,BGR West,4,3,,46
2026-05,OUT0051,Renee EBO - Surat 11,Renee EBO,EBO,Surat,Gujarat,West,SKU0009,Blush & Co Sunscreen B,Blush & Co,Skincare,Sunscreen,Others,Inactive,1629,46,49,,2,3803,BGR West,6,5,,48
2026-05,OUT0051,Renee EBO - Surat 11,Renee EBO,EBO,Surat,Gujarat,West,SKU0010,Blush & Co Foundation A,Blush & Co,Makeup,Foundation,Others,Active,1419,31,33,,2,2765,BGR West,4,4,,50
2026-05,OUT0051,Renee EBO - Surat 11,Renee EBO,EBO,Surat,Gujarat,West,SKU0011,Lumina Foundation B,Lumina,Makeup,Foundation,Top 10,Inactive,1889,5,8,,14,29986,BGR West,18,17,,48
2026-05,OUT0051,Renee EBO - Surat 11,Renee EBO,EBO,Surat,Gujarat,West,SKU0013,Northline Lipstick B,Northline,Makeup,Lipstick,Others,Active,2469,14,16,,0,0,BGR West,4,2,,48
2026-05,OUT0051,Renee EBO - Surat 11,Renee EBO,EBO,Surat,Gujarat,West,SKU0014,Lumina Lipstick C,Lumina,Makeup,Lipstick,Top 25,Active,1729,40,44,,4,7205,BGR West,12,8,,51
2026-05,OUT0051,Renee EBO - Surat 11,Renee EBO,EBO,Surat,Gujarat,West,SKU0015,Blush & Co Mascara A,Blush & Co,Makeup,Mascara,Top 25,Active,1219,20,23,,7,10674,BGR West,15,10,,51
2026-05,OUT0051,Renee EBO - Surat 11,Renee EBO,EBO,Surat,Gujarat,West,SKU0016,Verde Mascara B,Verde,Makeup,Mascara,Top 25,Active,199,19,21,,4,785,BGR West,7,6,,53
2026-05,OUT0051,Renee EBO - Surat 11,Renee EBO,EBO,Surat,Gujarat,West,SKU0018,Northline Eyeliner A,Northline,Makeup,Eyeliner,Others,Active,1959,8,12,,0,0,BGR West,4,4,,49
2026-05,OUT0051,Renee EBO - Surat 11,Renee EBO,EBO,Surat,Gujarat,West,SKU0019,Northline Eyeliner B,Northline,Makeup,Eyeliner,Others,Active,1889,20,21,,1,2041,BGR West,3,2,,47
2026-05,OUT0051,Renee EBO - Surat 11,Renee EBO,EBO,Surat,Gujarat,West,SKU0020,Lumina Shampoo A,Lumina,Haircare,Shampoo,Top 10,Active,509,2,13,,12,6448,BGR West,25,23,,37
2026-05,OUT0051,Renee EBO - Surat 11,Renee EBO,EBO,Surat,Gujarat,West,SKU0022,Northline Conditioner A,Northline,Haircare,Conditioner,Others,Active,779,6,4,,2,1902,BGR West,1,0,,38
2026-05,OUT0051,Renee EBO - Surat 11,Renee EBO,EBO,Surat,Gujarat,West,SKU0027,Lumina EDP B,Lumina,Fragrance,EDP,Top 10,Active,529,119,126,,6,3526,BGR West,14,13,,56
2026-05,OUT0051,Renee EBO - Surat 11,Renee EBO,EBO,Surat,Gujarat,West,SKU0028,Northline EDT A,Northline,Fragrance,EDT,Top 25,Active,1109,99,0,,4,5452,BGR West,9,7,,55
2026-05,OUT0051,Renee EBO - Surat 11,Renee EBO,EBO,Surat,Gujarat,West,SKU0031,Lumina Body Mist A,Lumina,Fragrance,Body Mist,Top 25,Active,2119,1,8,,7,13362,BGR West,14,14,,56
2026-05,OUT0051,Renee EBO - Surat 11,Renee EBO,EBO,Surat,Gujarat,West,SKU0032,Northline Body Mist B,Northline,Fragrance,Body Mist,Others,Inactive,2229,27,29,,2,4971,BGR West,5,4,,57
2026-05,OUT0051,Renee EBO - Surat 11,Renee EBO,EBO,Surat,Gujarat,West,SKU0033,Northline Body Lotion A,Northline,Bath & Body,Body Lotion,Top 10,Active,1239,9,13,,14,17123,BGR West,18,18,,42
2026-05,OUT0051,Renee EBO - Surat 11,Renee EBO,EBO,Surat,Gujarat,West,SKU0034,Northline Body Lotion B,Northline,Bath & Body,Body Lotion,Top 25,Active,989,85,97,,10,10249,BGR West,22,22,,41
2026-05,OUT0051,Renee EBO - Surat 11,Renee EBO,EBO,Surat,Gujarat,West,SKU0037,Verde Body Wash C,Verde,Bath & Body,Body Wash,Top 25,Active,2239,0,28,,4,10004,BGR West,3,2,,39
2026-05,OUT0051,Renee EBO - Surat 11,Renee EBO,EBO,Surat,Gujarat,West,SKU0038,Blush & Co Hand Cream A,Blush & Co,Bath & Body,Hand Cream,Others,Active,489,7,11,,1,483,BGR West,5,5,,43
2026-05,OUT0052,Airport Retail Co - Coimbatore 1,Airport Retail Co,Airport,Coimbatore,Tamil Nadu,South,SKU0001,Blush & Co Moisturizer A,Blush & Co,Skincare,Moisturizer,Others,Active,2319,28,32,,1,2267,BGR South,5,5,,47
2026-05,OUT0052,Airport Retail Co - Coimbatore 1,Airport Retail Co,Airport,Coimbatore,Tamil Nadu,South,SKU0002,Verde Moisturizer B,Verde,Skincare,Moisturizer,Top 10,Active,1179,30,30,,8,11119,BGR South,8,8,,45
2026-05,OUT0052,Airport Retail Co - Coimbatore 1,Airport Retail Co,Airport,Coimbatore,Tamil Nadu,South,SKU0003,Verde Serum A,Verde,Skincare,Serum,Top 25,Active,2419,122,125,,8,19926,BGR South,16,11,,44
2026-05,OUT0052,Airport Retail Co - Coimbatore 1,Airport Retail Co,Airport,Coimbatore,Tamil Nadu,South,SKU0004,Northline Serum B,Northline,Skincare,Serum,Top 25,Active,2489,18,18,,4,12377,BGR South,6,4,,42
2026-05,OUT0052,Airport Retail Co - Coimbatore 1,Airport Retail Co,Airport,Coimbatore,Tamil Nadu,South,SKU0005,Northline Serum C,Northline,Skincare,Serum,Others,Inactive,1819,0,0,,0,0,BGR South,0,0,,45
2026-05,OUT0052,Airport Retail Co - Coimbatore 1,Airport Retail Co,Airport,Coimbatore,Tamil Nadu,South,SKU0006,Blush & Co Cleanser A,Blush & Co,Skincare,Cleanser,Top 10,Active,289,154,157,,13,4426,BGR South,18,16,,48
2026-05,OUT0052,Airport Retail Co - Coimbatore 1,Airport Retail Co,Airport,Coimbatore,Tamil Nadu,South,SKU0007,Northline Cleanser B,Northline,Skincare,Cleanser,Others,Active,1809,10,10,,1,1741,BGR South,2,1,,43
2026-05,OUT0052,Airport Retail Co - Coimbatore 1,Airport Retail Co,Airport,Coimbatore,Tamil Nadu,South,SKU0008,Lumina Sunscreen A,Lumina,Skincare,Sunscreen,Others,Active,1599,7,6,,1,1962,BGR South,1,0,,43
2026-05,OUT0052,Airport Retail Co - Coimbatore 1,Airport Retail Co,Airport,Coimbatore,Tamil Nadu,South,SKU0010,Blush & Co Foundation A,Blush & Co,Makeup,Foundation,Others,Active,1419,30,32,,2,3304,BGR South,4,4,,51
2026-05,OUT0052,Airport Retail Co - Coimbatore 1,Airport Retail Co,Airport,Coimbatore,Tamil Nadu,South,SKU0012,Northline Lipstick A,Northline,Makeup,Lipstick,Others,Active,2429,19,20,,1,3030,BGR South,3,2,,49
2026-05,OUT0052,Airport Retail Co - Coimbatore 1,Airport Retail Co,Airport,Coimbatore,Tamil Nadu,South,SKU0014,Lumina Lipstick C,Lumina,Makeup,Lipstick,Top 25,Active,1729,57,58,,5,7966,BGR South,8,6,,53
2026-05,OUT0052,Airport Retail Co - Coimbatore 1,Airport Retail Co,Airport,Coimbatore,Tamil Nadu,South,SKU0015,Blush & Co Mascara A,Blush & Co,Makeup,Mascara,Top 25,Active,1219,21,22,,6,8864,BGR South,9,7,,52
2026-05,OUT0052,Airport Retail Co - Coimbatore 1,Airport Retail Co,Airport,Coimbatore,Tamil Nadu,South,SKU0016,Verde Mascara B,Verde,Makeup,Mascara,Top 25,Active,199,28,0,,4,722,BGR South,9,7,,53
2026-05,OUT0052,Airport Retail Co - Coimbatore 1,Airport Retail Co,Airport,Coimbatore,Tamil Nadu,South,SKU0017,Lumina Mascara C,Lumina,Makeup,Mascara,Top 10,Active,529,1,3,,3,1507,BGR South,6,5,,49
2026-05,OUT0052,Airport Retail Co - Coimbatore 1,Airport Retail Co,Airport,Coimbatore,Tamil Nadu,South,SKU0020,Lumina Shampoo A,Lumina,Haircare,Shampoo,Top 10,Active,509,92,94,,12,6617,BGR South,21,14,,36
2026-05,OUT0052,Airport Retail Co - Coimbatore 1,Airport Retail Co,Airport,Coimbatore,Tamil Nadu,South,SKU0023,Northline Conditioner B,Northline,Haircare,Conditioner,Others,Active,379,19,20,,0,0,BGR South,2,1,,32
2026-05,OUT0052,Airport Retail Co - Coimbatore 1,Airport Retail Co,Airport,Coimbatore,Tamil Nadu,South,SKU0027,Lumina EDP B,Lumina,Fragrance,EDP,Top 10,Active,529,77,76,,9,5927,BGR South,9,8,,54
2026-05,OUT0052,Airport Retail Co - Coimbatore 1,Airport Retail Co,Airport,Coimbatore,Tamil Nadu,South,SKU0028,Northline EDT A,Northline,Fragrance,EDT,Top 25,Active,1109,59,71,,9,10036,BGR South,21,21,,54
2026-05,OUT0052,Airport Retail Co - Coimbatore 1,Airport Retail Co,Airport,Coimbatore,Tamil Nadu,South,SKU0030,Blush & Co EDT C,Blush & Co,Fragrance,EDT,Others,Active,779,0,0,,2,1417,BGR South,2,1,,53
2026-05,OUT0052,Airport Retail Co - Coimbatore 1,Airport Retail Co,Airport,Coimbatore,Tamil Nadu,South,SKU0031,Lumina Body Mist A,Lumina,Fragrance,Body Mist,Top 25,Active,2119,17,20,,5,9763,BGR South,12,8,,58
2026-05,OUT0052,Airport Retail Co - Coimbatore 1,Airport Retail Co,Airport,Coimbatore,Tamil Nadu,South,SKU0032,Northline Body Mist B,Northline,Fragrance,Body Mist,Others,Inactive,2229,25,27,,2,4541,BGR South,5,4,,53
2026-05,OUT0052,Airport Retail Co - Coimbatore 1,Airport Retail Co,Airport,Coimbatore,Tamil Nadu,South,SKU0033,Northline Body Lotion A,Northline,Bath & Body,Body Lotion,Top 10,Active,1239,20,29,,17,20158,BGR South,29,26,,39
2026-05,OUT0052,Airport Retail Co - Coimbatore 1,Airport Retail Co,Airport,Coimbatore,Tamil Nadu,South,SKU0034,Northline Body Lotion B,Northline,Bath & Body,Body Lotion,Top 25,Active,989,39,43,,7,8326,BGR South,14,11,,40
2026-05,OUT0052,Airport Retail Co - Coimbatore 1,Airport Retail Co,Airport,Coimbatore,Tamil Nadu,South,SKU0037,Verde Body Wash C,Verde,Bath & Body,Body Wash,Top 25,Active,2239,52,53,,6,16131,BGR South,8,7,,38
2026-05,OUT0053,Airport Retail Co - Mumbai 2,Airport Retail Co,Airport,Mumbai,Maharashtra,West,SKU0002,Verde Moisturizer B,Verde,Skincare,Moisturizer,Top 10,Active,1179,29,32,,9,11047,BGR West,15,12,,43
2026-05,OUT0053,Airport Retail Co - Mumbai 2,Airport Retail Co,Airport,Mumbai,Maharashtra,West,SKU0003,Verde Serum A,Verde,Skincare,Serum,Top 25,Active,2419,126,134,,7,20731,BGR West,15,15,,45
2026-05,OUT0053,Airport Retail Co - Mumbai 2,Airport Retail Co,Airport,Mumbai,Maharashtra,West,SKU0006,Blush & Co Cleanser A,Blush & Co,Skincare,Cleanser,Top 10,Active,289,0,0,,13,3724,BGR West,15,10,,46
2026-05,OUT0053,Airport Retail Co - Mumbai 2,Airport Retail Co,Airport,Mumbai,Maharashtra,West,SKU0008,Lumina Sunscreen A,Lumina,Skincare,Sunscreen,Others,Active,1599,24,26,,0,0,BGR West,2,2,,43
2026-05,OUT0053,Airport Retail Co - Mumbai 2,Airport Retail Co,Airport,Mumbai,Maharashtra,West,SKU0009,Blush & Co Sunscreen B,Blush & Co,Skincare,Sunscreen,Others,Inactive,1629,1,2,,2,3562,BGR West,5,3,,43
2026-05,OUT0053,Airport Retail Co - Mumbai 2,Airport Retail Co,Airport,Mumbai,Maharashtra,West,SKU0011,Lumina Foundation B,Lumina,Makeup,Foundation,Top 10,Inactive,1889,0,0,,5,9862,BGR West,7,5,,48
2026-05,OUT0053,Airport Retail Co - Mumbai 2,Airport Retail Co,Airport,Mumbai,Maharashtra,West,SKU0014,Lumina Lipstick C,Lumina,Makeup,Lipstick,Top 25,Active,1729,19,22,,3,4767,BGR West,7,6,,52
2026-05,OUT0053,Airport Retail Co - Mumbai 2,Airport Retail Co,Airport,Mumbai,Maharashtra,West,SKU0015,Blush & Co Mascara A,Blush & Co,Makeup,Mascara,Top 25,Active,1219,83,82,,5,5463,BGR West,7,4,,47
2026-05,OUT0053,Airport Retail Co - Mumbai 2,Airport Retail Co,Airport,Mumbai,Maharashtra,West,SKU0017,Lumina Mascara C,Lumina,Makeup,Mascara,Top 10,Active,529,19,24,,11,5443,BGR West,20,16,,51
2026-05,OUT0053,Airport Retail Co - Mumbai 2,Airport Retail Co,Airport,Mumbai,Maharashtra,West,SKU0018,Northline Eyeliner A,Northline,Makeup,Eyeliner,Others,Active,1959,33,35,,0,0,BGR West,3,2,,47
2026-05,OUT0053,Airport Retail Co - Mumbai 2,Airport Retail Co,Airport,Mumbai,Maharashtra,West,SKU0019,Northline Eyeliner B,Northline,Makeup,Eyeliner,Others,Active,1889,31,32,,1,1700,BGR West,3,2,,48
2026-05,OUT0053,Airport Retail Co - Mumbai 2,Airport Retail Co,Airport,Mumbai,Maharashtra,West,SKU0020,Lumina Shampoo A,Lumina,Haircare,Shampoo,Top 10,Active,509,0,7,,14,7529,BGR West,21,21,,38
2026-05,OUT0053,Airport Retail Co - Mumbai 2,Airport Retail Co,Airport,Mumbai,Maharashtra,West,SKU0021,Verde Shampoo B,Verde,Haircare,Shampoo,Others,Active,1319,11,0,,1,1265,BGR West,4,3,,35
2026-05,OUT0053,Airport Retail Co - Mumbai 2,Airport Retail Co,Airport,Mumbai,Maharashtra,West,SKU0027,Lumina EDP B,Lumina,Fragrance,EDP,Top 10,Active,529,11,12,,6,3123,BGR West,8,7,,57
2026-05,OUT0053,Airport Retail Co - Mumbai 2,Airport Retail Co,Airport,Mumbai,Maharashtra,West,SKU0028,Northline EDT A,Northline,Fragrance,EDT,Top 25,Active,1109,50,53,,7,8867,BGR West,10,10,,57
2026-05,OUT0053,Airport Retail Co - Mumbai 2,Airport Retail Co,Airport,Mumbai,Maharashtra,West,SKU0030,Blush & Co EDT C,Blush & Co,Fragrance,EDT,Others,Active,779,27,28,,2,1395,BGR West,5,3,,54
2026-05,OUT0053,Airport Retail Co - Mumbai 2,Airport Retail Co,Airport,Mumbai,Maharashtra,West,SKU0031,Lumina Body Mist A,Lumina,Fragrance,Body Mist,Top 25,Active,2119,66,73,,6,14300,BGR West,15,13,,57
2026-05,OUT0053,Airport Retail Co - Mumbai 2,Airport Retail Co,Airport,Mumbai,Maharashtra,West,SKU0033,Northline Body Lotion A,Northline,Bath & Body,Body Lotion,Top 10,Active,1239,130,142,,13,19153,BGR West,27,25,,41
2026-05,OUT0053,Airport Retail Co - Mumbai 2,Airport Retail Co,Airport,Mumbai,Maharashtra,West,SKU0034,Northline Body Lotion B,Northline,Bath & Body,Body Lotion,Top 25,Active,989,0,41,,5,5322,BGR West,9,9,,42
2026-05,OUT0053,Airport Retail Co - Mumbai 2,Airport Retail Co,Airport,Mumbai,Maharashtra,West,SKU0037,Verde Body Wash C,Verde,Bath & Body,Body Wash,Top 25,Active,2239,31,30,,3,8443,BGR West,3,2,,38
2026-05,OUT0053,Airport Retail Co - Mumbai 2,Airport Retail Co,Airport,Mumbai,Maharashtra,West,SKU0038,Blush & Co Hand Cream A,Blush & Co,Bath & Body,Hand Cream,Others,Active,489,33,35,,1,527,BGR West,3,3,,40
2026-05,OUT0053,Airport Retail Co - Mumbai 2,Airport Retail Co,Airport,Mumbai,Maharashtra,West,SKU0039,Northline Hand Cream B,Northline,Bath & Body,Hand Cream,Others,Active,1189,0,2,,2,2491,BGR West,5,4,,39
2026-05,OUT0054,Airport Retail Co - New Delhi 3,Airport Retail Co,Airport,New Delhi,Delhi,North,SKU0002,Verde Moisturizer B,Verde,Skincare,Moisturizer,Top 10,Active,1179,3,6,,3,3828,BGR North,7,6,,42
2026-05,OUT0054,Airport Retail Co - New Delhi 3,Airport Retail Co,Airport,New Delhi,Delhi,North,SKU0005,Northline Serum C,Northline,Skincare,Serum,Others,Inactive,1819,24,24,,0,0,BGR North,1,0,,44
2026-05,OUT0054,Airport Retail Co - New Delhi 3,Airport Retail Co,Airport,New Delhi,Delhi,North,SKU0006,Blush & Co Cleanser A,Blush & Co,Skincare,Cleanser,Top 10,Active,289,76,75,,5,1705,BGR North,6,4,,43
2026-05,OUT0054,Airport Retail Co - New Delhi 3,Airport Retail Co,Airport,New Delhi,Delhi,North,SKU0007,Northline Cleanser B,Northline,Skincare,Cleanser,Others,Active,1809,25,27,,0,0,BGR North,3,2,,46
2026-05,OUT0054,Airport Retail Co - New Delhi 3,Airport Retail Co,Airport,New Delhi,Delhi,North,SKU0008,Lumina Sunscreen A,Lumina,Skincare,Sunscreen,Others,Active,1599,15,15,,0,0,BGR North,1,0,,48
2026-05,OUT0054,Airport Retail Co - New Delhi 3,Airport Retail Co,Airport,New Delhi,Delhi,North,SKU0010,Blush & Co Foundation A,Blush & Co,Makeup,Foundation,Others,Active,1419,16,17,,0,0,BGR North,2,1,,51
2026-05,OUT0054,Airport Retail Co - New Delhi 3,Airport Retail Co,Airport,New Delhi,Delhi,North,SKU0011,Lumina Foundation B,Lumina,Makeup,Foundation,Top 10,Inactive,1889,1,4,,3,5210,BGR North,6,6,,52
2026-05,OUT0054,Airport Retail Co - New Delhi 3,Airport Retail Co,Airport,New Delhi,Delhi,North,SKU0013,Northline Lipstick B,Northline,Makeup,Lipstick,Others,Active,2469,21,23,,0,0,BGR North,4,2,,49
2026-05,OUT0054,Airport Retail Co - New Delhi 3,Airport Retail Co,Airport,New Delhi,Delhi,North,SKU0015,Blush & Co Mascara A,Blush & Co,Makeup,Mascara,Top 25,Active,1219,34,36,,1,1511,BGR North,3,3,,52
2026-05,OUT0054,Airport Retail Co - New Delhi 3,Airport Retail Co,Airport,New Delhi,Delhi,North,SKU0016,Verde Mascara B,Verde,Makeup,Mascara,Top 25,Active,199,27,31,,1,234,BGR North,5,5,,51
2026-05,OUT0054,Airport Retail Co - New Delhi 3,Airport Retail Co,Airport,New Delhi,Delhi,North,SKU0017,Lumina Mascara C,Lumina,Makeup,Mascara,Top 10,Active,529,1,7,,3,1694,BGR North,11,9,,48
2026-05,OUT0054,Airport Retail Co - New Delhi 3,Airport Retail Co,Airport,New Delhi,Delhi,North,SKU0020,Lumina Shampoo A,Lumina,Haircare,Shampoo,Top 10,Active,509,9,12,,4,2360,BGR North,8,7,,35
2026-05,OUT0054,Airport Retail Co - New Delhi 3,Airport Retail Co,Airport,New Delhi,Delhi,North,SKU0027,Lumina EDP B,Lumina,Fragrance,EDP,Top 10,Active,529,8,7,,3,1931,BGR North,4,2,,52
2026-05,OUT0054,Airport Retail Co - New Delhi 3,Airport Retail Co,Airport,New Delhi,Delhi,North,SKU0028,Northline EDT A,Northline,Fragrance,EDT,Top 25,Active,1109,39,43,,2,2367,BGR North,7,6,,56
2026-05,OUT0054,Airport Retail Co - New Delhi 3,Airport Retail Co,Airport,New Delhi,Delhi,North,SKU0029,Blush & Co EDT B,Blush & Co,Fragrance,EDT,Top 25,Active,479,47,50,,2,1161,BGR North,5,5,,57
2026-05,OUT0054,Airport Retail Co - New Delhi 3,Airport Retail Co,Airport,New Delhi,Delhi,North,SKU0030,Blush & Co EDT C,Blush & Co,Fragrance,EDT,Others,Active,779,22,0,,0,0,BGR North,3,2,,58
2026-05,OUT0054,Airport Retail Co - New Delhi 3,Airport Retail Co,Airport,New Delhi,Delhi,North,SKU0033,Northline Body Lotion A,Northline,Bath & Body,Body Lotion,Top 10,Active,1239,60,60,,4,5571,BGR North,6,4,,39
2026-05,OUT0054,Airport Retail Co - New Delhi 3,Airport Retail Co,Airport,New Delhi,Delhi,North,SKU0034,Northline Body Lotion B,Northline,Bath & Body,Body Lotion,Top 25,Active,989,2,5,,2,2323,BGR North,5,5,,40
2026-05,OUT0054,Airport Retail Co - New Delhi 3,Airport Retail Co,Airport,New Delhi,Delhi,North,SKU0036,Northline Body Wash B,Northline,Bath & Body,Body Wash,Others,Active,1179,20,21,,0,0,BGR North,2,1,,43
2026-05,OUT0054,Airport Retail Co - New Delhi 3,Airport Retail Co,Airport,New Delhi,Delhi,North,SKU0037,Verde Body Wash C,Verde,Bath & Body,Body Wash,Top 25,Active,2239,18,23,,1,2207,BGR North,6,6,,41
2026-05,OUT0055,Airport Retail Co - Lucknow 4,Airport Retail Co,Airport,Lucknow,UP,North,SKU0001,Blush & Co Moisturizer A,Blush & Co,Skincare,Moisturizer,Others,Active,2319,4,5,,0,0,BGR North,2,1,,46
2026-05,OUT0055,Airport Retail Co - Lucknow 4,Airport Retail Co,Airport,Lucknow,UP,North,SKU0002,Verde Moisturizer B,Verde,Skincare,Moisturizer,Top 10,Active,1179,34,35,,8,11686,BGR North,12,9,,42
2026-05,OUT0055,Airport Retail Co - Lucknow 4,Airport Retail Co,Airport,Lucknow,UP,North,SKU0004,Northline Serum B,Northline,Skincare,Serum,Top 25,Active,2489,34,0,,1,2346,BGR North,4,4,,47
2026-05,OUT0055,Airport Retail Co - Lucknow 4,Airport Retail Co,Airport,Lucknow,UP,North,SKU0005,Northline Serum C,Northline,Skincare,Serum,Others,Inactive,1819,1,0,,1,2047,BGR North,2,1,,47
2026-05,OUT0055,Airport Retail Co - Lucknow 4,Airport Retail Co,Airport,Lucknow,UP,North,SKU0006,Blush & Co Cleanser A,Blush & Co,Skincare,Cleanser,Top 10,Active,289,0,8,,12,4092,BGR North,20,20,,48
2026-05,OUT0055,Airport Retail Co - Lucknow 4,Airport Retail Co,Airport,Lucknow,UP,North,SKU0007,Northline Cleanser B,Northline,Skincare,Cleanser,Others,Active,1809,2,5,,0,0,BGR North,4,3,,46
2026-05,OUT0055,Airport Retail Co - Lucknow 4,Airport Retail Co,Airport,Lucknow,UP,North,SKU0013,Northline Lipstick B,Northline,Makeup,Lipstick,Others,Active,2469,16,16,,0,0,BGR North,0,0,,50
2026-05,OUT0055,Airport Retail Co - Lucknow 4,Airport Retail Co,Airport,Lucknow,UP,North,SKU0014,Lumina Lipstick C,Lumina,Makeup,Lipstick,Top 25,Active,1729,21,23,,2,3782,BGR North,5,4,,51
2026-05,OUT0055,Airport Retail Co - Lucknow 4,Airport Retail Co,Airport,Lucknow,UP,North,SKU0016,Verde Mascara B,Verde,Makeup,Mascara,Top 25,Active,199,43,42,,2,491,BGR North,2,1,,49
2026-05,OUT0055,Airport Retail Co - Lucknow 4,Airport Retail Co,Airport,Lucknow,UP,North,SKU0017,Lumina Mascara C,Lumina,Makeup,Mascara,Top 10,Active,529,54,58,,3,1808,BGR North,7,7,,53
2026-05,OUT0055,Airport Retail Co - Lucknow 4,Airport Retail Co,Airport,Lucknow,UP,North,SKU0019,Northline Eyeliner B,Northline,Makeup,Eyeliner,Others,Active,1889,6,6,,0,0,BGR North,1,0,,47
2026-05,OUT0055,Airport Retail Co - Lucknow 4,Airport Retail Co,Airport,Lucknow,UP,North,SKU0020,Lumina Shampoo A,Lumina,Haircare,Shampoo,Top 10,Active,509,29,29,,4,2132,BGR North,7,6,,38
2026-05,OUT0055,Airport Retail Co - Lucknow 4,Airport Retail Co,Airport,Lucknow,UP,North,SKU0021,Verde Shampoo B,Verde,Haircare,Shampoo,Others,Active,1319,20,20,,0,0,BGR North,1,0,,37
2026-05,OUT0055,Airport Retail Co - Lucknow 4,Airport Retail Co,Airport,Lucknow,UP,North,SKU0022,Northline Conditioner A,Northline,Haircare,Conditioner,Others,Active,779,27,30,,0,0,BGR North,3,3,,36
2026-05,OUT0055,Airport Retail Co - Lucknow 4,Airport Retail Co,Airport,Lucknow,UP,North,SKU0027,Lumina EDP B,Lumina,Fragrance,EDP,Top 10,Active,529,22,26,,4,2427,BGR North,10,8,,54
2026-05,OUT0055,Airport Retail Co - Lucknow 4,Airport Retail Co,Airport,Lucknow,UP,North,SKU0028,Northline EDT A,Northline,Fragrance,EDT,Top 25,Active,1109,6,11,,4,4958,BGR North,10,9,,57
2026-05,OUT0055,Airport Retail Co - Lucknow 4,Airport Retail Co,Airport,Lucknow,UP,North,SKU0029,Blush & Co EDT B,Blush & Co,Fragrance,EDT,Top 25,Active,479,8,11,,1,479,BGR North,7,4,,53
2026-05,OUT0055,Airport Retail Co - Lucknow 4,Airport Retail Co,Airport,Lucknow,UP,North,SKU0030,Blush & Co EDT C,Blush & Co,Fragrance,EDT,Others,Active,779,0,0,,1,788,BGR North,1,1,,57
2026-05,OUT0055,Airport Retail Co - Lucknow 4,Airport Retail Co,Airport,Lucknow,UP,North,SKU0031,Lumina Body Mist A,Lumina,Fragrance,Body Mist,Top 25,Active,2119,66,67,,2,4091,BGR North,3,3,,57
2026-05,OUT0055,Airport Retail Co - Lucknow 4,Airport Retail Co,Airport,Lucknow,UP,North,SKU0033,Northline Body Lotion A,Northline,Bath & Body,Body Lotion,Top 10,Active,1239,126,129,,13,16216,BGR North,23,16,,40
2026-05,OUT0055,Airport Retail Co - Lucknow 4,Airport Retail Co,Airport,Lucknow,UP,North,SKU0034,Northline Body Lotion B,Northline,Bath & Body,Body Lotion,Top 25,Active,989,17,19,,3,3522,BGR North,5,5,,40
2026-05,OUT0055,Airport Retail Co - Lucknow 4,Airport Retail Co,Airport,Lucknow,UP,North,SKU0035,Northline Body Wash A,Northline,Bath & Body,Body Wash,Others,Active,469,22,25,,0,0,BGR North,4,3,,42
2026-05,OUT0055,Airport Retail Co - Lucknow 4,Airport Retail Co,Airport,Lucknow,UP,North,SKU0036,Northline Body Wash B,Northline,Bath & Body,Body Wash,Others,Active,1179,10,14,,0,0,BGR North,4,4,,39
2026-05,OUT0055,Airport Retail Co - Lucknow 4,Airport Retail Co,Airport,Lucknow,UP,North,SKU0037,Verde Body Wash C,Verde,Bath & Body,Body Wash,Top 25,Active,2239,46,48,,2,5032,BGR North,5,4,,37
2026-05,OUT0055,Airport Retail Co - Lucknow 4,Airport Retail Co,Airport,Lucknow,UP,North,SKU0038,Blush & Co Hand Cream A,Blush & Co,Bath & Body,Hand Cream,Others,Active,489,8,8,,0,0,BGR North,0,0,,42
2026-05,OUT0055,Airport Retail Co - Lucknow 4,Airport Retail Co,Airport,Lucknow,UP,North,SKU0039,Northline Hand Cream B,Northline,Bath & Body,Hand Cream,Others,Active,1189,17,18,,0,0,BGR North,2,1,,40
2026-05,OUT0056,Airport Retail Co - Kolkata 5,Airport Retail Co,Airport,Kolkata,West Bengal,East,SKU0001,Blush & Co Moisturizer A,Blush & Co,Skincare,Moisturizer,Others,Active,2319,8,11,,0,0,BGR East,4,3,,48
2026-05,OUT0056,Airport Retail Co - Kolkata 5,Airport Retail Co,Airport,Kolkata,West Bengal,East,SKU0002,Verde Moisturizer B,Verde,Skincare,Moisturizer,Top 10,Active,1179,0,1,,5,7331,BGR East,6,6,,43
2026-05,OUT0056,Airport Retail Co - Kolkata 5,Airport Retail Co,Airport,Kolkata,West Bengal,East,SKU0004,Northline Serum B,Northline,Skincare,Serum,Top 25,Active,2489,9,8,,1,3034,BGR East,0,0,,46
2026-05,OUT0056,Airport Retail Co - Kolkata 5,Airport Retail Co,Airport,Kolkata,West Bengal,East,SKU0005,Northline Serum C,Northline,Skincare,Serum,Others,Inactive,1819,2,2,,0,0,BGR East,1,0,,42
2026-05,OUT0056,Airport Retail Co - Kolkata 5,Airport Retail Co,Airport,Kolkata,West Bengal,East,SKU0006,Blush & Co Cleanser A,Blush & Co,Skincare,Cleanser,Top 10,Active,289,33,33,,4,1035,BGR East,6,4,,47
2026-05,OUT0056,Airport Retail Co - Kolkata 5,Airport Retail Co,Airport,Kolkata,West Bengal,East,SKU0008,Lumina Sunscreen A,Lumina,Skincare,Sunscreen,Others,Active,1599,5,7,,0,0,BGR East,3,2,,42
2026-05,OUT0056,Airport Retail Co - Kolkata 5,Airport Retail Co,Airport,Kolkata,West Bengal,East,SKU0011,Lumina Foundation B,Lumina,Makeup,Foundation,Top 10,Inactive,1889,61,64,,3,5449,BGR East,7,6,,52
2026-05,OUT0056,Airport Retail Co - Kolkata 5,Airport Retail Co,Airport,Kolkata,West Bengal,East,SKU0015,Blush & Co Mascara A,Blush & Co,Makeup,Mascara,Top 25,Active,1219,4,6,,2,2928,BGR East,5,4,,49
2026-05,OUT0056,Airport Retail Co - Kolkata 5,Airport Retail Co,Airport,Kolkata,West Bengal,East,SKU0017,Lumina Mascara C,Lumina,Makeup,Mascara,Top 10,Active,529,38,40,,2,1111,BGR East,6,4,,51
2026-05,OUT0056,Airport Retail Co - Kolkata 5,Airport Retail Co,Airport,Kolkata,West Bengal,East,SKU0018,Northline Eyeliner A,Northline,Makeup,Eyeliner,Others,Active,1959,4,6,,0,0,BGR East,4,2,,50
2026-05,OUT0056,Airport Retail Co - Kolkata 5,Airport Retail Co,Airport,Kolkata,West Bengal,East,SKU0019,Northline Eyeliner B,Northline,Makeup,Eyeliner,Others,Active,1889,27,0,,0,0,BGR East,2,2,,53
2026-05,OUT0056,Airport Retail Co - Kolkata 5,Airport Retail Co,Airport,Kolkata,West Bengal,East,SKU0020,Lumina Shampoo A,Lumina,Haircare,Shampoo,Top 10,Active,509,0,5,,4,1998,BGR East,11,9,,38
2026-05,OUT0056,Airport Retail Co - Kolkata 5,Airport Retail Co,Airport,Kolkata,West Bengal,East,SKU0021,Verde Shampoo B,Verde,Haircare,Shampoo,Others,Active,1319,24,26,,0,0,BGR East,3,2,,33
2026-05,OUT0056,Airport Retail Co - Kolkata 5,Airport Retail Co,Airport,Kolkata,West Bengal,East,SKU0022,Northline Conditioner A,Northline,Haircare,Conditioner,Others,Active,779,2,0,,0,0,BGR East,2,1,,34
2026-05,OUT0056,Airport Retail Co - Kolkata 5,Airport Retail Co,Airport,Kolkata,West Bengal,East,SKU0027,Lumina EDP B,Lumina,Fragrance,EDP,Top 10,Active,529,6,6,,4,2274,BGR East,5,4,,55
2026-05,OUT0056,Airport Retail Co - Kolkata 5,Airport Retail Co,Airport,Kolkata,West Bengal,East,SKU0028,Northline EDT A,Northline,Fragrance,EDT,Top 25,Active,1109,34,35,,3,3324,BGR East,5,4,,58
2026-05,OUT0056,Airport Retail Co - Kolkata 5,Airport Retail Co,Airport,Kolkata,West Bengal,East,SKU0030,Blush & Co EDT C,Blush & Co,Fragrance,EDT,Others,Active,779,20,23,,1,741,BGR East,4,4,,57
2026-05,OUT0056,Airport Retail Co - Kolkata 5,Airport Retail Co,Airport,Kolkata,West Bengal,East,SKU0031,Lumina Body Mist A,Lumina,Fragrance,Body Mist,Top 25,Active,2119,14,15,,1,2346,BGR East,3,2,,57
2026-05,OUT0056,Airport Retail Co - Kolkata 5,Airport Retail Co,Airport,Kolkata,West Bengal,East,SKU0032,Northline Body Mist B,Northline,Fragrance,Body Mist,Others,Inactive,2229,2,3,,0,0,BGR East,2,1,,52
2026-05,OUT0056,Airport Retail Co - Kolkata 5,Airport Retail Co,Airport,Kolkata,West Bengal,East,SKU0033,Northline Body Lotion A,Northline,Bath & Body,Body Lotion,Top 10,Active,1239,57,59,,7,7872,BGR East,13,9,,40
2026-05,OUT0056,Airport Retail Co - Kolkata 5,Airport Retail Co,Airport,Kolkata,West Bengal,East,SKU0035,Northline Body Wash A,Northline,Bath & Body,Body Wash,Others,Active,469,5,5,,0,0,BGR East,0,0,,43
2026-05,OUT0056,Airport Retail Co - Kolkata 5,Airport Retail Co,Airport,Kolkata,West Bengal,East,SKU0037,Verde Body Wash C,Verde,Bath & Body,Body Wash,Top 25,Active,2239,35,39,,1,2526,BGR East,6,5,,38
2026-05,OUT0056,Airport Retail Co - Kolkata 5,Airport Retail Co,Airport,Kolkata,West Bengal,East,SKU0038,Blush & Co Hand Cream A,Blush & Co,Bath & Body,Hand Cream,Others,Active,489,24,25,,0,0,BGR East,1,1,,37
2026-05,OUT0057,Airport Retail Co - Noida 6,Airport Retail Co,Airport,Noida,UP,North,SKU0002,Verde Moisturizer B,Verde,Skincare,Moisturizer,Top 10,Active,1179,41,48,,7,10392,BGR North,14,14,,46
2026-05,OUT0057,Airport Retail Co - Noida 6,Airport Retail Co,Airport,Noida,UP,North,SKU0003,Verde Serum A,Verde,Skincare,Serum,Top 25,Active,2419,12,17,,7,20798,BGR North,15,12,,47
2026-05,OUT0057,Airport Retail Co - Noida 6,Airport Retail Co,Airport,Noida,UP,North,SKU0004,Northline Serum B,Northline,Skincare,Serum,Top 25,Active,2489,37,37,,1,2616,BGR North,1,1,,43
2026-05,OUT0057,Airport Retail Co - Noida 6,Airport Retail Co,Airport,Noida,UP,North,SKU0006,Blush & Co Cleanser A,Blush & Co,Skincare,Cleanser,Top 10,Active,289,2,3,,11,3362,BGR North,18,12,,46
2026-05,OUT0057,Airport Retail Co - Noida 6,Airport Retail Co,Airport,Noida,UP,North,SKU0009,Blush & Co Sunscreen B,Blush & Co,Skincare,Sunscreen,Others,Inactive,1629,2,7,,1,1905,BGR North,6,6,,43
2026-05,OUT0057,Airport Retail Co - Noida 6,Airport Retail Co,Airport,Noida,UP,North,SKU0011,Lumina Foundation B,Lumina,Makeup,Foundation,Top 10,Inactive,1889,48,56,,5,11554,BGR North,13,13,,53
2026-05,OUT0057,Airport Retail Co - Noida 6,Airport Retail Co,Airport,Noida,UP,North,SKU0012,Northline Lipstick A,Northline,Makeup,Lipstick,Others,Active,2429,6,7,,1,2296,BGR North,4,2,,50
2026-05,OUT0057,Airport Retail Co - Noida 6,Airport Retail Co,Airport,Noida,UP,North,SKU0014,Lumina Lipstick C,Lumina,Makeup,Lipstick,Top 25,Active,1729,0,1,,4,7070,BGR North,5,5,,51
2026-05,OUT0057,Airport Retail Co - Noida 6,Airport Retail Co,Airport,Noida,UP,North,SKU0017,Lumina Mascara C,Lumina,Makeup,Mascara,Top 10,Active,529,7,11,,5,2692,BGR North,9,9,,49
2026-05,OUT0057,Airport Retail Co - Noida 6,Airport Retail Co,Airport,Noida,UP,North,SKU0019,Northline Eyeliner B,Northline,Makeup,Eyeliner,Others,Active,1889,26,26,,1,2312,BGR North,2,1,,53
2026-05,OUT0057,Airport Retail Co - Noida 6,Airport Retail Co,Airport,Noida,UP,North,SKU0023,Northline Conditioner B,Northline,Haircare,Conditioner,Others,Active,379,26,29,,0,0,BGR North,4,3,,36
2026-05,OUT0057,Airport Retail Co - Noida 6,Airport Retail Co,Airport,Noida,UP,North,SKU0027,Lumina EDP B,Lumina,Fragrance,EDP,Top 10,Active,529,24,29,,5,3304,BGR North,11,10,,53
2026-05,OUT0057,Airport Retail Co - Noida 6,Airport Retail Co,Airport,Noida,UP,North,SKU0028,Northline EDT A,Northline,Fragrance,EDT,Top 25,Active,1109,34,0,,5,5812,BGR North,11,7,,56
2026-05,OUT0057,Airport Retail Co - Noida 6,Airport Retail Co,Airport,Noida,UP,North,SKU0029,Blush & Co EDT B,Blush & Co,Fragrance,EDT,Top 25,Active,479,30,32,,2,979,BGR North,7,4,,57
2026-05,OUT0057,Airport Retail Co - Noida 6,Airport Retail Co,Airport,Noida,UP,North,SKU0033,Northline Body Lotion A,Northline,Bath & Body,Body Lotion,Top 10,Active,1239,133,140,,13,16225,BGR North,20,20,,42
2026-05,OUT0057,Airport Retail Co - Noida 6,Airport Retail Co,Airport,Noida,UP,North,SKU0034,Northline Body Lotion B,Northline,Bath & Body,Body Lotion,Top 25,Active,989,59,59,,4,4627,BGR North,7,4,,39
2026-05,OUT0057,Airport Retail Co - Noida 6,Airport Retail Co,Airport,Noida,UP,North,SKU0035,Northline Body Wash A,Northline,Bath & Body,Body Wash,Others,Active,469,0,1,,1,589,BGR North,3,2,,43
2026-05,OUT0057,Airport Retail Co - Noida 6,Airport Retail Co,Airport,Noida,UP,North,SKU0037,Verde Body Wash C,Verde,Bath & Body,Body Wash,Top 25,Active,2239,14,17,,2,5556,BGR North,8,5,,39
2026-05,OUT0057,Airport Retail Co - Noida 6,Airport Retail Co,Airport,Noida,UP,North,SKU0039,Northline Hand Cream B,Northline,Bath & Body,Hand Cream,Others,Active,1189,5,7,,2,2885,BGR North,6,4,,39
2026-05,OUT0058,Airport Retail Co - Ludhiana 7,Airport Retail Co,Airport,Ludhiana,Punjab,North,SKU0002,Verde Moisturizer B,Verde,Skincare,Moisturizer,Top 10,Active,1179,92,95,,6,8315,BGR North,10,9,,42
2026-05,OUT0058,Airport Retail Co - Ludhiana 7,Airport Retail Co,Airport,Ludhiana,Punjab,North,SKU0003,Verde Serum A,Verde,Skincare,Serum,Top 25,Active,2419,39,39,,5,13003,BGR North,6,5,,48
2026-05,OUT0058,Airport Retail Co - Ludhiana 7,Airport Retail Co,Airport,Ludhiana,Punjab,North,SKU0004,Northline Serum B,Northline,Skincare,Serum,Top 25,Active,2489,10,9,,4,11910,BGR North,4,3,,43
2026-05,OUT0058,Airport Retail Co - Ludhiana 7,Airport Retail Co,Airport,Ludhiana,Punjab,North,SKU0006,Blush & Co Cleanser A,Blush & Co,Skincare,Cleanser,Top 10,Active,289,145,144,,10,3104,BGR North,13,9,,45
2026-05,OUT0058,Airport Retail Co - Ludhiana 7,Airport Retail Co,Airport,Ludhiana,Punjab,North,SKU0008,Lumina Sunscreen A,Lumina,Skincare,Sunscreen,Others,Active,1599,23,27,,0,0,BGR North,4,4,,42
2026-05,OUT0058,Airport Retail Co - Ludhiana 7,Airport Retail Co,Airport,Ludhiana,Punjab,North,SKU0011,Lumina Foundation B,Lumina,Makeup,Foundation,Top 10,Inactive,1889,36,38,,4,8270,BGR North,7,6,,50
2026-05,OUT0058,Airport Retail Co - Ludhiana 7,Airport Retail Co,Airport,Ludhiana,Punjab,North,SKU0012,Northline Lipstick A,Northline,Makeup,Lipstick,Others,Active,2429,21,22,,0,0,BGR North,1,1,,51
2026-05,OUT0058,Airport Retail Co - Ludhiana 7,Airport Retail Co,Airport,Ludhiana,Punjab,North,SKU0013,Northline Lipstick B,Northline,Makeup,Lipstick,Others,Active,2469,22,24,,0,0,BGR North,2,2,,53
2026-05,OUT0058,Airport Retail Co - Ludhiana 7,Airport Retail Co,Airport,Ludhiana,Punjab,North,SKU0014,Lumina Lipstick C,Lumina,Makeup,Lipstick,Top 25,Active,1729,7,6,,4,7338,BGR North,5,3,,51
2026-05,OUT0058,Airport Retail Co - Ludhiana 7,Airport Retail Co,Airport,Ludhiana,Punjab,North,SKU0016,Verde Mascara B,Verde,Makeup,Mascara,Top 25,Active,199,17,19,,2,449,BGR North,6,4,,51
2026-05,OUT0058,Airport Retail Co - Ludhiana 7,Airport Retail Co,Airport,Ludhiana,Punjab,North,SKU0017,Lumina Mascara C,Lumina,Makeup,Mascara,Top 10,Active,529,0,2,,6,3302,BGR North,8,8,,53
2026-05,OUT0058,Airport Retail Co - Ludhiana 7,Airport Retail Co,Airport,Ludhiana,Punjab,North,SKU0019,Northline Eyeliner B,Northline,Makeup,Eyeliner,Others,Active,1889,21,24,,0,0,BGR North,3,3,,48
2026-05,OUT0058,Airport Retail Co - Ludhiana 7,Airport Retail Co,Airport,Ludhiana,Punjab,North,SKU0020,Lumina Shampoo A,Lumina,Haircare,Shampoo,Top 10,Active,509,0,1,,8,4149,BGR North,10,9,,33
2026-05,OUT0058,Airport Retail Co - Ludhiana 7,Airport Retail Co,Airport,Ludhiana,Punjab,North,SKU0022,Northline Conditioner A,Northline,Haircare,Conditioner,Others,Active,779,10,13,,1,823,BGR North,5,4,,37
2026-05,OUT0058,Airport Retail Co - Ludhiana 7,Airport Retail Co,Airport,Ludhiana,Punjab,North,SKU0023,Northline Conditioner B,Northline,Haircare,Conditioner,Others,Active,379,0,2,,0,0,BGR North,2,2,,32
2026-05,OUT0058,Airport Retail Co - Ludhiana 7,Airport Retail Co,Airport,Ludhiana,Punjab,North,SKU0027,Lumina EDP B,Lumina,Fragrance,EDP,Top 10,Active,529,40,38,,12,6428,BGR North,13,10,,58
2026-05,OUT0058,Airport Retail Co - Ludhiana 7,Airport Retail Co,Airport,Ludhiana,Punjab,North,SKU0028,Northline EDT A,Northline,Fragrance,EDT,Top 25,Active,1109,35,35,,3,3113,BGR North,5,3,,58
2026-05,OUT0058,Airport Retail Co - Ludhiana 7,Airport Retail Co,Airport,Ludhiana,Punjab,North,SKU0031,Lumina Body Mist A,Lumina,Fragrance,Body Mist,Top 25,Active,2119,9,11,,4,9736,BGR North,9,6,,53
2026-05,OUT0058,Airport Retail Co - Ludhiana 7,Airport Retail Co,Airport,Ludhiana,Punjab,North,SKU0033,Northline Body Lotion A,Northline,Bath & Body,Body Lotion,Top 10,Active,1239,0,8,,11,15653,BGR North,19,19,,43
2026-05,OUT0058,Airport Retail Co - Ludhiana 7,Airport Retail Co,Airport,Ludhiana,Punjab,North,SKU0035,Northline Body Wash A,Northline,Bath & Body,Body Wash,Others,Active,469,1,0,,0,0,BGR North,4,4,,37
2026-05,OUT0058,Airport Retail Co - Ludhiana 7,Airport Retail Co,Airport,Ludhiana,Punjab,North,SKU0036,Northline Body Wash B,Northline,Bath & Body,Body Wash,Others,Active,1179,9,13,,0,0,BGR North,5,4,,43
2026-05,OUT0058,Airport Retail Co - Ludhiana 7,Airport Retail Co,Airport,Ludhiana,Punjab,North,SKU0037,Verde Body Wash C,Verde,Bath & Body,Body Wash,Top 25,Active,2239,42,43,,3,6020,BGR North,7,4,,38
2026-05,OUT0058,Airport Retail Co - Ludhiana 7,Airport Retail Co,Airport,Ludhiana,Punjab,North,SKU0038,Blush & Co Hand Cream A,Blush & Co,Bath & Body,Hand Cream,Others,Active,489,29,29,,0,0,BGR North,0,0,,41
2026-05,OUT0059,Airport Retail Co - Surat 8,Airport Retail Co,Airport,Surat,Gujarat,West,SKU0001,Blush & Co Moisturizer A,Blush & Co,Skincare,Moisturizer,Others,Active,2319,10,11,,0,0,BGR West,2,1,,45
2026-05,OUT0059,Airport Retail Co - Surat 8,Airport Retail Co,Airport,Surat,Gujarat,West,SKU0002,Verde Moisturizer B,Verde,Skincare,Moisturizer,Top 10,Active,1179,8,16,,11,13549,BGR West,19,19,,43
2026-05,OUT0059,Airport Retail Co - Surat 8,Airport Retail Co,Airport,Surat,Gujarat,West,SKU0003,Verde Serum A,Verde,Skincare,Serum,Top 25,Active,2419,27,29,,3,8413,BGR West,5,5,,47
2026-05,OUT0059,Airport Retail Co - Surat 8,Airport Retail Co,Airport,Surat,Gujarat,West,SKU0005,Northline Serum C,Northline,Skincare,Serum,Others,Inactive,1819,27,28,,0,0,BGR West,1,1,,48
2026-05,OUT0059,Airport Retail Co - Surat 8,Airport Retail Co,Airport,Surat,Gujarat,West,SKU0006,Blush & Co Cleanser A,Blush & Co,Skincare,Cleanser,Top 10,Active,289,8,0,,11,2968,BGR West,11,8,,47
2026-05,OUT0059,Airport Retail Co - Surat 8,Airport Retail Co,Airport,Surat,Gujarat,West,SKU0010,Blush & Co Foundation A,Blush & Co,Makeup,Foundation,Others,Active,1419,10,11,,1,1732,BGR West,3,2,,50
2026-05,OUT0059,Airport Retail Co - Surat 8,Airport Retail Co,Airport,Surat,Gujarat,West,SKU0011,Lumina Foundation B,Lumina,Makeup,Foundation,Top 10,Inactive,1889,70,73,,5,11488,BGR West,8,8,,51
2026-05,OUT0059,Airport Retail Co - Surat 8,Airport Retail Co,Airport,Surat,Gujarat,West,SKU0012,Northline Lipstick A,Northline,Makeup,Lipstick,Others,Active,2429,3,4,,0,0,BGR West,2,1,,53
2026-05,OUT0059,Airport Retail Co - Surat 8,Airport Retail Co,Airport,Surat,Gujarat,West,SKU0013,Northline Lipstick B,Northline,Makeup,Lipstick,Others,Active,2469,19,22,,0,0,BGR West,4,3,,52
2026-05,OUT0059,Airport Retail Co - Surat 8,Airport Retail Co,Airport,Surat,Gujarat,West,SKU0014,Lumina Lipstick C,Lumina,Makeup,Lipstick,Top 25,Active,1729,3,8,,4,8438,BGR West,10,9,,52
2026-05,OUT0059,Airport Retail Co - Surat 8,Airport Retail Co,Airport,Surat,Gujarat,West,SKU0016,Verde Mascara B,Verde,Makeup,Mascara,Top 25,Active,199,44,15,,2,371,BGR West,4,4,,47
2026-05,OUT0059,Airport Retail Co - Surat 8,Airport Retail Co,Airport,Surat,Gujarat,West,SKU0017,Lumina Mascara C,Lumina,Makeup,Mascara,Top 10,Active,529,9,0,,4,2273,BGR West,10,10,,50
2026-05,OUT0059,Airport Retail Co - Surat 8,Airport Retail Co,Airport,Surat,Gujarat,West,SKU0018,Northline Eyeliner A,Northline,Makeup,Eyeliner,Others,Active,1959,17,19,,0,0,BGR West,3,2,,48
2026-05,OUT0059,Airport Retail Co - Surat 8,Airport Retail Co,Airport,Surat,Gujarat,West,SKU0020,Lumina Shampoo A,Lumina,Haircare,Shampoo,Top 10,Active,509,45,49,,7,4243,BGR West,11,11,,34
2026-05,OUT0059,Airport Retail Co - Surat 8,Airport Retail Co,Airport,Surat,Gujarat,West,SKU0021,Verde Shampoo B,Verde,Haircare,Shampoo,Others,Active,1319,25,25,,1,1648,BGR West,2,1,,35
2026-05,OUT0059,Airport Retail Co - Surat 8,Airport Retail Co,Airport,Surat,Gujarat,West,SKU0023,Northline Conditioner B,Northline,Haircare,Conditioner,Others,Active,379,25,0,,0,0,BGR West,4,3,,37
2026-05,OUT0059,Airport Retail Co - Surat 8,Airport Retail Co,Airport,Surat,Gujarat,West,SKU0027,Lumina EDP B,Lumina,Fragrance,EDP,Top 10,Active,529,50,60,,8,4627,BGR West,18,18,,57
2026-05,OUT0059,Airport Retail Co - Surat 8,Airport Retail Co,Airport,Surat,Gujarat,West,SKU0028,Northline EDT A,Northline,Fragrance,EDT,Top 25,Active,1109,3,7,,4,4431,BGR West,9,8,,53
2026-05,OUT0059,Airport Retail Co - Surat 8,Airport Retail Co,Airport,Surat,Gujarat,West,SKU0029,Blush & Co EDT B,Blush & Co,Fragrance,EDT,Top 25,Active,479,23,28,,3,1566,BGR West,8,8,,57
2026-05,OUT0059,Airport Retail Co - Surat 8,Airport Retail Co,Airport,Surat,Gujarat,West,SKU0030,Blush & Co EDT C,Blush & Co,Fragrance,EDT,Others,Active,779,23,27,,1,765,BGR West,5,5,,57
2026-05,OUT0059,Airport Retail Co - Surat 8,Airport Retail Co,Airport,Surat,Gujarat,West,SKU0031,Lumina Body Mist A,Lumina,Fragrance,Body Mist,Top 25,Active,2119,11,11,,4,7740,BGR West,5,4,,57
2026-05,OUT0059,Airport Retail Co - Surat 8,Airport Retail Co,Airport,Surat,Gujarat,West,SKU0033,Northline Body Lotion A,Northline,Bath & Body,Body Lotion,Top 10,Active,1239,63,61,,10,15534,BGR West,12,8,,43
2026-05,OUT0059,Airport Retail Co - Surat 8,Airport Retail Co,Airport,Surat,Gujarat,West,SKU0034,Northline Body Lotion B,Northline,Bath & Body,Body Lotion,Top 25,Active,989,111,113,,6,7432,BGR West,11,8,,38
2026-05,OUT0059,Airport Retail Co - Surat 8,Airport Retail Co,Airport,Surat,Gujarat,West,SKU0036,Northline Body Wash B,Northline,Bath & Body,Body Wash,Others,Active,1179,11,12,,0,0,BGR West,1,1,,38
2026-05,OUT0059,Airport Retail Co - Surat 8,Airport Retail Co,Airport,Surat,Gujarat,West,SKU0037,Verde Body Wash C,Verde,Bath & Body,Body Wash,Top 25,Active,2239,11,14,,1,2765,BGR West,4,4,,42
