Month,Outlet Code,Outlet Name,Chain Name,Chain Type,City,State,Region,SKU Code,SKU,Brand,Category,Sub Category,Pareto,Status,MRP,OP Stock,CL Stock,Stock Qty,Tertiary Qty,Target Value,BGR,Order Qty,Filled Qty,Fill Rate %,Margin %
2026-09,OUT0001,Shoppers Stop - Ahmedabad 1,Shoppers Stop,Department Store,Ahmedabad,Gujarat,West,SKU0002,Verde Moisturizer B,Verde,Skincare,Moisturizer,Top 10,Active,1179,0,0,,12,16197,BGR West,12,12,,43
2026-09,OUT0001,Shoppers Stop - Ahmedabad 1,Shoppers Stop,Department Store,Ahmedabad,Gujarat,West,SKU0003,Verde Serum A,Verde,Skincare,Serum,Top 25,Active,2419,21,21,,9,22953,BGR West,10,9,,42
2026-09,OUT0001,Shoppers Stop - Ahmedabad 1,Shoppers Stop,Department Store,Ahmedabad,Gujarat,West,SKU0006,Blush & Co Cleanser A,Blush & Co,Skincare,Cleanser,Top 10,Active,289,102,99,,11,3162,BGR West,12,8,,43
2026-09,OUT0001,Shoppers Stop - Ahmedabad 1,Shoppers Stop,Department Store,Ahmedabad,Gujarat,West,SKU0007,Northline Cleanser B,Northline,Skincare,Cleanser,Others,Active,1809,8,8,,0,0,BGR West,0,0,,45
2026-09,OUT0001,Shoppers Stop - Ahmedabad 1,Shoppers Stop,Department Store,Ahmedabad,Gujarat,West,SKU0008,Lumina Sunscreen A,Lumina,Skincare,Sunscreen,Others,Active,1599,26,30,,0,0,BGR West,4,4,,44
2026-09,OUT0001,Shoppers Stop - Ahmedabad 1,Shoppers Stop,Department Store,Ahmedabad,Gujarat,West,SKU0010,Blush & Co Foundation A,Blush & Co,Makeup,Foundation,Others,Active,1419,10,12,,1,1485,BGR West,3,3,,51
2026-09,OUT0001,Shoppers Stop - Ahmedabad 1,Shoppers Stop,Department Store,Ahmedabad,Gujarat,West,SKU0011,Lumina Foundation B,Lumina,Makeup,Foundation,Top 10,Inactive,1889,11,13,,7,16539,BGR West,14,9,,53
2026-09,OUT0001,Shoppers Stop - Ahmedabad 1,Shoppers Stop,Department Store,Ahmedabad,Gujarat,West,SKU0013,Northline Lipstick B,Northline,Makeup,Lipstick,Others,Active,2469,22,24,,0,0,BGR West,3,2,,47
2026-09,OUT0001,Shoppers Stop - Ahmedabad 1,Shoppers Stop,Department Store,Ahmedabad,Gujarat,West,SKU0015,Blush & Co Mascara A,Blush & Co,Makeup,Mascara,Top 25,Active,1219,52,54,,4,4756,BGR West,9,6,,47
2026-09,OUT0001,Shoppers Stop - Ahmedabad 1,Shoppers Stop,Department Store,Ahmedabad,Gujarat,West,SKU0017,Lumina Mascara C,Lumina,Makeup,Mascara,Top 10,Active,529,55,58,,5,3301,BGR West,9,8,,47
2026-09,OUT0001,Shoppers Stop - Ahmedabad 1,Shoppers Stop,Department Store,Ahmedabad,Gujarat,West,SKU0018,Northline Eyeliner A,Northline,Makeup,Eyeliner,Others,Active,1959,7,8,,0,0,BGR West,2,1,,50
2026-09,OUT0001,Shoppers Stop - Ahmedabad 1,Shoppers Stop,Department Store,Ahmedabad,Gujarat,West,SKU0020,Lumina Shampoo A,Lumina,Haircare,Shampoo,Top 10,Active,509,65,70,,9,5456,BGR West,14,14,,38
2026-09,OUT0001,Shoppers Stop - Ahmedabad 1,Shoppers Stop,Department Store,Ahmedabad,Gujarat,West,SKU0021,Verde Shampoo B,Verde,Haircare,Shampoo,Others,Active,1319,14,18,,1,1434,BGR West,5,5,,32
2026-09,OUT0001,Shoppers Stop - Ahmedabad 1,Shoppers Stop,Department Store,Ahmedabad,Gujarat,West,SKU0023,Northline Conditioner B,Northline,Haircare,Conditioner,Others,Active,379,22,22,,0,0,BGR West,0,0,,34
2026-09,OUT0001,Shoppers Stop - Ahmedabad 1,Shoppers Stop,Department Store,Ahmedabad,Gujarat,West,SKU0027,Lumina EDP B,Lumina,Fragrance,EDP,Top 10,Active,529,0,0,,7,4220,BGR West,7,5,,57
2026-09,OUT0001,Shoppers Stop - Ahmedabad 1,Shoppers Stop,Department Store,Ahmedabad,Gujarat,West,SKU0028,Northline EDT A,Northline,Fragrance,EDT,Top 25,Active,1109,54,55,,3,3852,BGR West,5,4,,54
2026-09,OUT0001,Shoppers Stop - Ahmedabad 1,Shoppers Stop,Department Store,Ahmedabad,Gujarat,West,SKU0030,Blush & Co EDT C,Blush & Co,Fragrance,EDT,Others,Active,779,35,40,,2,1708,BGR West,7,7,,58
2026-09,OUT0001,Shoppers Stop - Ahmedabad 1,Shoppers Stop,Department Store,Ahmedabad,Gujarat,West,SKU0031,Lumina Body Mist A,Lumina,Fragrance,Body Mist,Top 25,Active,2119,7,9,,7,17151,BGR West,12,9,,55
2026-09,OUT0001,Shoppers Stop - Ahmedabad 1,Shoppers Stop,Department Store,Ahmedabad,Gujarat,West,SKU0033,Northline Body Lotion A,Northline,Bath & Body,Body Lotion,Top 10,Active,1239,18,23,,12,14745,BGR West,18,17,,37
2026-09,OUT0001,Shoppers Stop - Ahmedabad 1,Shoppers Stop,Department Store,Ahmedabad,Gujarat,West,SKU0034,Northline Body Lotion B,Northline,Bath & Body,Body Lotion,Top 25,Active,989,74,75,,5,4423,BGR West,8,6,,42
2026-09,OUT0001,Shoppers Stop - Ahmedabad 1,Shoppers Stop,Department Store,Ahmedabad,Gujarat,West,SKU0036,Northline Body Wash B,Northline,Bath & Body,Body Wash,Others,Active,1179,5,9,,0,0,BGR West,4,4,,42
2026-09,OUT0001,Shoppers Stop - Ahmedabad 1,Shoppers Stop,Department Store,Ahmedabad,Gujarat,West,SKU0037,Verde Body Wash C,Verde,Bath & Body,Body Wash,Top 25,Active,2239,41,43,,2,4864,BGR West,5,4,,38
2026-09,OUT0001,Shoppers Stop - Ahmedabad 1,Shoppers Stop,Department Store,Ahmedabad,Gujarat,West,SKU0039,Northline Hand Cream B,Northline,Bath & Body,Hand Cream,Others,Active,1189,6,8,,1,1404,BGR West,4,3,,43
2026-09,OUT0002,Shoppers Stop - Hyderabad 2,Shoppers Stop,Department Store,Hyderabad,Telangana,South,SKU0001,Blush & Co Moisturizer A,Blush & Co,Skincare,Moisturizer,Others,Active,2319,18,22,,1,2372,BGR South,6,5,,43
2026-09,OUT0002,Shoppers Stop - Hyderabad 2,Shoppers Stop,Department Store,Hyderabad,Telangana,South,SKU0002,Verde Moisturizer B,Verde,Skincare,Moisturizer,Top 10,Active,1179,10,12,,17,23667,BGR South,24,19,,44
2026-09,OUT0002,Shoppers Stop - Hyderabad 2,Shoppers Stop,Department Store,Hyderabad,Telangana,South,SKU0003,Verde Serum A,Verde,Skincare,Serum,Top 25,Active,2419,171,176,,19,42702,BGR South,27,24,,47
2026-09,OUT0002,Shoppers Stop - Hyderabad 2,Shoppers Stop,Department Store,Hyderabad,Telangana,South,SKU0004,Northline Serum B,Northline,Skincare,Serum,Top 25,Active,2489,75,0,,7,15885,BGR South,9,8,,45
2026-09,OUT0002,Shoppers Stop - Hyderabad 2,Shoppers Stop,Department Store,Hyderabad,Telangana,South,SKU0006,Blush & Co Cleanser A,Blush & Co,Skincare,Cleanser,Top 10,Active,289,16,16,,32,10127,BGR South,32,32,,45
2026-09,OUT0002,Shoppers Stop - Hyderabad 2,Shoppers Stop,Department Store,Hyderabad,Telangana,South,SKU0007,Northline Cleanser B,Northline,Skincare,Cleanser,Others,Active,1809,1,4,,2,4286,BGR South,5,5,,46
2026-09,OUT0002,Shoppers Stop - Hyderabad 2,Shoppers Stop,Department Store,Hyderabad,Telangana,South,SKU0009,Blush & Co Sunscreen B,Blush & Co,Skincare,Sunscreen,Others,Inactive,1629,13,16,,2,3813,BGR South,5,5,,45
2026-09,OUT0002,Shoppers Stop - Hyderabad 2,Shoppers Stop,Department Store,Hyderabad,Telangana,South,SKU0010,Blush & Co Foundation A,Blush & Co,Makeup,Foundation,Others,Active,1419,11,13,,4,6641,BGR South,7,6,,52
2026-09,OUT0002,Shoppers Stop - Hyderabad 2,Shoppers Stop,Department Store,Hyderabad,Telangana,South,SKU0011,Lumina Foundation B,Lumina,Makeup,Foundation,Top 10,Inactive,1889,158,163,,6,11930,BGR South,13,11,,49
2026-09,OUT0002,Shoppers Stop - Hyderabad 2,Shoppers Stop,Department Store,Hyderabad,Telangana,South,SKU0013,Northline Lipstick B,Northline,Makeup,Lipstick,Others,Active,2469,28,29,,1,2491,BGR South,2,2,,51
2026-09,OUT0002,Shoppers Stop - Hyderabad 2,Shoppers Stop,Department Store,Hyderabad,Telangana,South,SKU0014,Lumina Lipstick C,Lumina,Makeup,Lipstick,Top 25,Active,1729,78,79,,9,15037,BGR South,12,10,,52
2026-09,OUT0002,Shoppers Stop - Hyderabad 2,Shoppers Stop,Department Store,Hyderabad,Telangana,South,SKU0015,Blush & Co Mascara A,Blush & Co,Makeup,Mascara,Top 25,Active,1219,24,0,,5,6428,BGR South,7,6,,49
2026-09,OUT0002,Shoppers Stop - Hyderabad 2,Shoppers Stop,Department Store,Hyderabad,Telangana,South,SKU0016,Verde Mascara B,Verde,Makeup,Mascara,Top 25,Active,199,28,35,,7,1670,BGR South,16,14,,48
2026-09,OUT0002,Shoppers Stop - Hyderabad 2,Shoppers Stop,Department Store,Hyderabad,Telangana,South,SKU0017,Lumina Mascara C,Lumina,Makeup,Mascara,Top 10,Active,529,10,10,,8,4594,BGR South,9,8,,48
2026-09,OUT0002,Shoppers Stop - Hyderabad 2,Shoppers Stop,Department Store,Hyderabad,Telangana,South,SKU0020,Lumina Shampoo A,Lumina,Haircare,Shampoo,Top 10,Active,509,166,175,,14,6393,BGR South,23,23,,37
2026-09,OUT0002,Shoppers Stop - Hyderabad 2,Shoppers Stop,Department Store,Hyderabad,Telangana,South,SKU0021,Verde Shampoo B,Verde,Haircare,Shampoo,Others,Active,1319,33,37,,2,3218,BGR South,7,6,,34
2026-09,OUT0002,Shoppers Stop - Hyderabad 2,Shoppers Stop,Department Store,Hyderabad,Telangana,South,SKU0022,Northline Conditioner A,Northline,Haircare,Conditioner,Others,Active,779,34,0,,3,2344,BGR South,6,5,,33
2026-09,OUT0002,Shoppers Stop - Hyderabad 2,Shoppers Stop,Department Store,Hyderabad,Telangana,South,SKU0023,Northline Conditioner B,Northline,Haircare,Conditioner,Others,Active,379,18,20,,0,0,BGR South,3,2,,34
2026-09,OUT0002,Shoppers Stop - Hyderabad 2,Shoppers Stop,Department Store,Hyderabad,Telangana,South,SKU0027,Lumina EDP B,Lumina,Fragrance,EDP,Top 10,Active,529,88,97,,13,7345,BGR South,24,22,,55
2026-09,OUT0002,Shoppers Stop - Hyderabad 2,Shoppers Stop,Department Store,Hyderabad,Telangana,South,SKU0029,Blush & Co EDT B,Blush & Co,Fragrance,EDT,Top 25,Active,479,52,51,,15,6866,BGR South,18,14,,52
2026-09,OUT0002,Shoppers Stop - Hyderabad 2,Shoppers Stop,Department Store,Hyderabad,Telangana,South,SKU0030,Blush & Co EDT C,Blush & Co,Fragrance,EDT,Others,Active,779,0,2,,5,3612,BGR South,7,7,,55
2026-09,OUT0002,Shoppers Stop - Hyderabad 2,Shoppers Stop,Department Store,Hyderabad,Telangana,South,SKU0031,Lumina Body Mist A,Lumina,Fragrance,Body Mist,Top 25,Active,2119,4,0,,10,19395,BGR South,13,11,,52
2026-09,OUT0002,Shoppers Stop - Hyderabad 2,Shoppers Stop,Department Store,Hyderabad,Telangana,South,SKU0033,Northline Body Lotion A,Northline,Bath & Body,Body Lotion,Top 10,Active,1239,40,40,,33,47314,BGR South,42,33,,43
2026-09,OUT0002,Shoppers Stop - Hyderabad 2,Shoppers Stop,Department Store,Hyderabad,Telangana,South,SKU0034,Northline Body Lotion B,Northline,Bath & Body,Body Lotion,Top 25,Active,989,65,70,,16,14838,BGR South,30,21,,39
2026-09,OUT0002,Shoppers Stop - Hyderabad 2,Shoppers Stop,Department Store,Hyderabad,Telangana,South,SKU0037,Verde Body Wash C,Verde,Bath & Body,Body Wash,Top 25,Active,2239,88,48,,6,15365,BGR South,15,10,,42
2026-09,OUT0002,Shoppers Stop - Hyderabad 2,Shoppers Stop,Department Store,Hyderabad,Telangana,South,SKU0039,Northline Hand Cream B,Northline,Bath & Body,Hand Cream,Others,Active,1189,10,0,,2,2627,BGR South,7,7,,43
2026-09,OUT0003,Shoppers Stop - Ludhiana 3,Shoppers Stop,Department Store,Ludhiana,Punjab,North,SKU0003,Verde Serum A,Verde,Skincare,Serum,Top 25,Active,2419,35,34,,17,38577,BGR North,17,16,,47
2026-09,OUT0003,Shoppers Stop - Ludhiana 3,Shoppers Stop,Department Store,Ludhiana,Punjab,North,SKU0004,Northline Serum B,Northline,Skincare,Serum,Top 25,Active,2489,19,18,,2,4908,BGR North,2,1,,46
2026-09,OUT0003,Shoppers Stop - Ludhiana 3,Shoppers Stop,Department Store,Ludhiana,Punjab,North,SKU0006,Blush & Co Cleanser A,Blush & Co,Skincare,Cleanser,Top 10,Active,289,7,16,,9,2824,BGR North,20,18,,45
2026-09,OUT0003,Shoppers Stop - Ludhiana 3,Shoppers Stop,Department Store,Ludhiana,Punjab,North,SKU0008,Lumina Sunscreen A,Lumina,Skincare,Sunscreen,Others,Active,1599,32,34,,0,0,BGR North,2,2,,42
2026-09,OUT0003,Shoppers Stop - Ludhiana 3,Shoppers Stop,Department Store,Ludhiana,Punjab,North,SKU0009,Blush & Co Sunscreen B,Blush & Co,Skincare,Sunscreen,Others,Inactive,1629,7,7,,0,0,BGR North,0,0,,45
2026-09,OUT0003,Shoppers Stop - Ludhiana 3,Shoppers Stop,Department Store,Ludhiana,Punjab,North,SKU0011,Lumina Foundation B,Lumina,Makeup,Foundation,Top 10,Inactive,1889,14,16,,4,8547,BGR North,9,6,,53
2026-09,OUT0003,Shoppers Stop - Ludhiana 3,Shoppers Stop,Department Store,Ludhiana,Punjab,North,SKU0012,Northline Lipstick A,Northline,Makeup,Lipstick,Others,Active,2429,18,20,,0,0,BGR North,2,2,,49
2026-09,OUT0003,Shoppers Stop - Ludhiana 3,Shoppers Stop,Department Store,Ludhiana,Punjab,North,SKU0013,Northline Lipstick B,Northline,Makeup,Lipstick,Others,Active,2469,14,14,,0,0,BGR North,1,0,,50
2026-09,OUT0003,Shoppers Stop - Ludhiana 3,Shoppers Stop,Department Store,Ludhiana,Punjab,North,SKU0014,Lumina Lipstick C,Lumina,Makeup,Lipstick,Top 25,Active,1729,10,9,,3,5706,BGR North,4,2,,52
2026-09,OUT0003,Shoppers Stop - Ludhiana 3,Shoppers Stop,Department Store,Ludhiana,Punjab,North,SKU0015,Blush & Co Mascara A,Blush & Co,Makeup,Mascara,Top 25,Active,1219,0,0,,2,2964,BGR North,3,2,,51
2026-09,OUT0003,Shoppers Stop - Ludhiana 3,Shoppers Stop,Department Store,Ludhiana,Punjab,North,SKU0016,Verde Mascara B,Verde,Makeup,Mascara,Top 25,Active,199,1,1,,2,434,BGR North,3,2,,51
2026-09,OUT0003,Shoppers Stop - Ludhiana 3,Shoppers Stop,Department Store,Ludhiana,Punjab,North,SKU0017,Lumina Mascara C,Lumina,Makeup,Mascara,Top 10,Active,529,74,76,,4,2418,BGR North,6,6,,52
2026-09,OUT0003,Shoppers Stop - Ludhiana 3,Shoppers Stop,Department Store,Ludhiana,Punjab,North,SKU0018,Northline Eyeliner A,Northline,Makeup,Eyeliner,Others,Active,1959,3,3,,0,0,BGR North,0,0,,51
2026-09,OUT0003,Shoppers Stop - Ludhiana 3,Shoppers Stop,Department Store,Ludhiana,Punjab,North,SKU0019,Northline Eyeliner B,Northline,Makeup,Eyeliner,Others,Active,1889,4,6,,0,0,BGR North,2,2,,49
2026-09,OUT0003,Shoppers Stop - Ludhiana 3,Shoppers Stop,Department Store,Ludhiana,Punjab,North,SKU0020,Lumina Shampoo A,Lumina,Haircare,Shampoo,Top 10,Active,509,42,46,,9,4593,BGR North,13,13,,34
2026-09,OUT0003,Shoppers Stop - Ludhiana 3,Shoppers Stop,Department Store,Ludhiana,Punjab,North,SKU0023,Northline Conditioner B,Northline,Haircare,Conditioner,Others,Active,379,1,0,,0,0,BGR North,2,1,,38
2026-09,OUT0003,Shoppers Stop - Ludhiana 3,Shoppers Stop,Department Store,Ludhiana,Punjab,North,SKU0027,Lumina EDP B,Lumina,Fragrance,EDP,Top 10,Active,529,0,2,,6,3865,BGR North,12,8,,54
2026-09,OUT0003,Shoppers Stop - Ludhiana 3,Shoppers Stop,Department Store,Ludhiana,Punjab,North,SKU0029,Blush & Co EDT B,Blush & Co,Fragrance,EDT,Top 25,Active,479,85,89,,4,2291,BGR North,8,8,,54
2026-09,OUT0003,Shoppers Stop - Ludhiana 3,Shoppers Stop,Department Store,Ludhiana,Punjab,North,SKU0031,Lumina Body Mist A,Lumina,Fragrance,Body Mist,Top 25,Active,2119,3,5,,5,11228,BGR North,7,7,,56
2026-09,OUT0003,Shoppers Stop - Ludhiana 3,Shoppers Stop,Department Store,Ludhiana,Punjab,North,SKU0033,Northline Body Lotion A,Northline,Bath & Body,Body Lotion,Top 10,Active,1239,24,37,,13,16606,BGR North,26,26,,40
2026-09,OUT0003,Shoppers Stop - Ludhiana 3,Shoppers Stop,Department Store,Ludhiana,Punjab,North,SKU0035,Northline Body Wash A,Northline,Bath & Body,Body Wash,Others,Active,469,1,0,,0,0,BGR North,4,4,,43
2026-09,OUT0003,Shoppers Stop - Ludhiana 3,Shoppers Stop,Department Store,Ludhiana,Punjab,North,SKU0037,Verde Body Wash C,Verde,Bath & Body,Body Wash,Top 25,Active,2239,13,16,,1,2699,BGR North,4,4,,43
2026-09,OUT0003,Shoppers Stop - Ludhiana 3,Shoppers Stop,Department Store,Ludhiana,Punjab,North,SKU0039,Northline Hand Cream B,Northline,Bath & Body,Hand Cream,Others,Active,1189,13,14,,1,1367,BGR North,4,2,,42
2026-09,OUT0004,Shoppers Stop - Kolkata 4,Shoppers Stop,Department Store,Kolkata,West Bengal,East,SKU0001,Blush & Co Moisturizer A,Blush & Co,Skincare,Moisturizer,Others,Active,2319,4,4,,3,7318,BGR East,5,3,,45
2026-09,OUT0004,Shoppers Stop - Kolkata 4,Shoppers Stop,Department Store,Kolkata,West Bengal,East,SKU0002,Verde Moisturizer B,Verde,Skincare,Moisturizer,Top 10,Active,1179,122,132,,45,49272,BGR East,69,55,,43
2026-09,OUT0004,Shoppers Stop - Kolkata 4,Shoppers Stop,Department Store,Kolkata,West Bengal,East,SKU0003,Verde Serum A,Verde,Skincare,Serum,Top 25,Active,2419,4,23,,25,60776,BGR East,47,44,,45
2026-09,OUT0004,Shoppers Stop - Kolkata 4,Shoppers Stop,Department Store,Kolkata,West Bengal,East,SKU0004,Northline Serum B,Northline,Skincare,Serum,Top 25,Active,2489,86,94,,10,30547,BGR East,20,18,,43
2026-09,OUT0004,Shoppers Stop - Kolkata 4,Shoppers Stop,Department Store,Kolkata,West Bengal,East,SKU0005,Northline Serum C,Northline,Skincare,Serum,Others,Inactive,1819,7,0,,1,1735,BGR East,3,3,,44
2026-09,OUT0004,Shoppers Stop - Kolkata 4,Shoppers Stop,Department Store,Kolkata,West Bengal,East,SKU0006,Blush & Co Cleanser A,Blush & Co,Skincare,Cleanser,Top 10,Active,289,9,7,,25,6618,BGR East,29,23,,48
2026-09,OUT0004,Shoppers Stop - Kolkata 4,Shoppers Stop,Department Store,Kolkata,West Bengal,East,SKU0007,Northline Cleanser B,Northline,Skincare,Cleanser,Others,Active,1809,5,7,,3,4898,BGR East,6,5,,46
2026-09,OUT0004,Shoppers Stop - Kolkata 4,Shoppers Stop,Department Store,Kolkata,West Bengal,East,SKU0008,Lumina Sunscreen A,Lumina,Skincare,Sunscreen,Others,Active,1599,21,21,,2,3522,BGR East,3,2,,46
2026-09,OUT0004,Shoppers Stop - Kolkata 4,Shoppers Stop,Department Store,Kolkata,West Bengal,East,SKU0009,Blush & Co Sunscreen B,Blush & Co,Skincare,Sunscreen,Others,Inactive,1629,66,69,,5,8271,BGR East,9,8,,48
2026-09,OUT0004,Shoppers Stop - Kolkata 4,Shoppers Stop,Department Store,Kolkata,West Bengal,East,SKU0011,Lumina Foundation B,Lumina,Makeup,Foundation,Top 10,Inactive,1889,16,17,,16,28849,BGR East,19,17,,50
2026-09,OUT0004,Shoppers Stop - Kolkata 4,Shoppers Stop,Department Store,Kolkata,West Bengal,East,SKU0012,Northline Lipstick A,Northline,Makeup,Lipstick,Others,Active,2429,21,0,,2,4548,BGR East,3,2,,49
2026-09,OUT0004,Shoppers Stop - Kolkata 4,Shoppers Stop,Department Store,Kolkata,West Bengal,East,SKU0013,Northline Lipstick B,Northline,Makeup,Lipstick,Others,Active,2469,0,0,,1,2911,BGR East,3,3,,51
2026-09,OUT0004,Shoppers Stop - Kolkata 4,Shoppers Stop,Department Store,Kolkata,West Bengal,East,SKU0014,Lumina Lipstick C,Lumina,Makeup,Lipstick,Top 25,Active,1729,125,127,,10,21231,BGR East,16,12,,49
2026-09,OUT0004,Shoppers Stop - Kolkata 4,Shoppers Stop,Department Store,Kolkata,West Bengal,East,SKU0015,Blush & Co Mascara A,Blush & Co,Makeup,Mascara,Top 25,Active,1219,5,7,,9,9925,BGR East,14,11,,50
2026-09,OUT0004,Shoppers Stop - Kolkata 4,Shoppers Stop,Department Store,Kolkata,West Bengal,East,SKU0016,Verde Mascara B,Verde,Makeup,Mascara,Top 25,Active,199,18,22,,8,1487,BGR East,12,12,,53
2026-09,OUT0004,Shoppers Stop - Kolkata 4,Shoppers Stop,Department Store,Kolkata,West Bengal,East,SKU0018,Northline Eyeliner A,Northline,Makeup,Eyeliner,Others,Active,1959,23,23,,1,1951,BGR East,2,1,,48
2026-09,OUT0004,Shoppers Stop - Kolkata 4,Shoppers Stop,Department Store,Kolkata,West Bengal,East,SKU0020,Lumina Shampoo A,Lumina,Haircare,Shampoo,Top 10,Active,509,7,6,,20,10798,BGR East,28,19,,35
2026-09,OUT0004,Shoppers Stop - Kolkata 4,Shoppers Stop,Department Store,Kolkata,West Bengal,East,SKU0022,Northline Conditioner A,Northline,Haircare,Conditioner,Others,Active,779,42,42,,6,5213,BGR East,7,6,,32
2026-09,OUT0004,Shoppers Stop - Kolkata 4,Shoppers Stop,Department Store,Kolkata,West Bengal,East,SKU0027,Lumina EDP B,Lumina,Fragrance,EDP,Top 10,Active,529,8,7,,34,22588,BGR East,33,33,,56
2026-09,OUT0004,Shoppers Stop - Kolkata 4,Shoppers Stop,Department Store,Kolkata,West Bengal,East,SKU0029,Blush & Co EDT B,Blush & Co,Fragrance,EDT,Top 25,Active,479,27,34,,9,5369,BGR East,16,16,,58
2026-09,OUT0004,Shoppers Stop - Kolkata 4,Shoppers Stop,Department Store,Kolkata,West Bengal,East,SKU0031,Lumina Body Mist A,Lumina,Fragrance,Body Mist,Top 25,Active,2119,106,116,,15,36786,BGR East,25,25,,53
2026-09,OUT0004,Shoppers Stop - Kolkata 4,Shoppers Stop,Department Store,Kolkata,West Bengal,East,SKU0033,Northline Body Lotion A,Northline,Bath & Body,Body Lotion,Top 10,Active,1239,42,31,,56,75162,BGR East,51,45,,41
2026-09,OUT0004,Shoppers Stop - Kolkata 4,Shoppers Stop,Department Store,Kolkata,West Bengal,East,SKU0036,Northline Body Wash B,Northline,Bath & Body,Body Wash,Others,Active,1179,35,0,,2,2130,BGR East,2,1,,38
2026-09,OUT0004,Shoppers Stop - Kolkata 4,Shoppers Stop,Department Store,Kolkata,West Bengal,East,SKU0037,Verde Body Wash C,Verde,Bath & Body,Body Wash,Top 25,Active,2239,71,74,,9,23262,BGR East,18,12,,39
2026-09,OUT0004,Shoppers Stop - Kolkata 4,Shoppers Stop,Department Store,Kolkata,West Bengal,East,SKU0038,Blush & Co Hand Cream A,Blush & Co,Bath & Body,Hand Cream,Others,Active,489,0,0,,2,1036,BGR East,3,2,,42
2026-09,OUT0005,Shoppers Stop - Noida 5,Shoppers Stop,Department Store,Noida,UP,North,SKU0001,Blush & Co Moisturizer A,Blush & Co,Skincare,Moisturizer,Others,Active,2319,14,17,,0,0,BGR North,4,3,,45
2026-09,OUT0005,Shoppers Stop - Noida 5,Shoppers Stop,Department Store,Noida,UP,North,SKU0002,Verde Moisturizer B,Verde,Skincare,Moisturizer,Top 10,Active,1179,77,83,,7,10081,BGR North,14,13,,43
2026-09,OUT0005,Shoppers Stop - Noida 5,Shoppers Stop,Department Store,Noida,UP,North,SKU0003,Verde Serum A,Verde,Skincare,Serum,Top 25,Active,2419,59,61,,4,10981,BGR North,8,6,,43
2026-09,OUT0005,Shoppers Stop - Noida 5,Shoppers Stop,Department Store,Noida,UP,North,SKU0004,Northline Serum B,Northline,Skincare,Serum,Top 25,Active,2489,12,14,,1,2773,BGR North,4,3,,43
2026-09,OUT0005,Shoppers Stop - Noida 5,Shoppers Stop,Department Store,Noida,UP,North,SKU0006,Blush & Co Cleanser A,Blush & Co,Skincare,Cleanser,Top 10,Active,289,19,26,,8,2644,BGR North,15,15,,47
2026-09,OUT0005,Shoppers Stop - Noida 5,Shoppers Stop,Department Store,Noida,UP,North,SKU0010,Blush & Co Foundation A,Blush & Co,Makeup,Foundation,Others,Active,1419,5,5,,1,1691,BGR North,1,1,,52
2026-09,OUT0005,Shoppers Stop - Noida 5,Shoppers Stop,Department Store,Noida,UP,North,SKU0011,Lumina Foundation B,Lumina,Makeup,Foundation,Top 10,Inactive,1889,22,24,,2,4501,BGR North,5,4,,52
2026-09,OUT0005,Shoppers Stop - Noida 5,Shoppers Stop,Department Store,Noida,UP,North,SKU0012,Northline Lipstick A,Northline,Makeup,Lipstick,Others,Active,2429,34,0,,0,0,BGR North,4,4,,51
2026-09,OUT0005,Shoppers Stop - Noida 5,Shoppers Stop,Department Store,Noida,UP,North,SKU0014,Lumina Lipstick C,Lumina,Makeup,Lipstick,Top 25,Active,1729,57,62,,2,3560,BGR North,8,7,,48
2026-09,OUT0005,Shoppers Stop - Noida 5,Shoppers Stop,Department Store,Noida,UP,North,SKU0015,Blush & Co Mascara A,Blush & Co,Makeup,Mascara,Top 25,Active,1219,26,30,,1,1481,BGR North,5,5,,53
2026-09,OUT0005,Shoppers Stop - Noida 5,Shoppers Stop,Department Store,Noida,UP,North,SKU0016,Verde Mascara B,Verde,Makeup,Mascara,Top 25,Active,199,23,26,,3,692,BGR North,8,6,,52
2026-09,OUT0005,Shoppers Stop - Noida 5,Shoppers Stop,Department Store,Noida,UP,North,SKU0017,Lumina Mascara C,Lumina,Makeup,Mascara,Top 10,Active,529,62,63,,2,1318,BGR North,5,3,,49
2026-09,OUT0005,Shoppers Stop - Noida 5,Shoppers Stop,Department Store,Noida,UP,North,SKU0018,Northline Eyeliner A,Northline,Makeup,Eyeliner,Others,Active,1959,1,1,,0,0,BGR North,0,0,,52
2026-09,OUT0005,Shoppers Stop - Noida 5,Shoppers Stop,Department Store,Noida,UP,North,SKU0019,Northline Eyeliner B,Northline,Makeup,Eyeliner,Others,Active,1889,7,7,,0,0,BGR North,0,0,,49
2026-09,OUT0005,Shoppers Stop - Noida 5,Shoppers Stop,Department Store,Noida,UP,North,SKU0020,Lumina Shampoo A,Lumina,Haircare,Shampoo,Top 10,Active,509,62,69,,6,3345,BGR North,14,13,,34
2026-09,OUT0005,Shoppers Stop - Noida 5,Shoppers Stop,Department Store,Noida,UP,North,SKU0021,Verde Shampoo B,Verde,Haircare,Shampoo,Others,Active,1319,12,15,,1,1597,BGR North,6,4,,34
2026-09,OUT0005,Shoppers Stop - Noida 5,Shoppers Stop,Department Store,Noida,UP,North,SKU0022,Northline Conditioner A,Northline,Haircare,Conditioner,Others,Active,779,30,31,,1,699,BGR North,2,2,,35
2026-09,OUT0005,Shoppers Stop - Noida 5,Shoppers Stop,Department Store,Noida,UP,North,SKU0027,Lumina EDP B,Lumina,Fragrance,EDP,Top 10,Active,529,73,78,,4,2580,BGR North,11,9,,57
2026-09,OUT0005,Shoppers Stop - Noida 5,Shoppers Stop,Department Store,Noida,UP,North,SKU0029,Blush & Co EDT B,Blush & Co,Fragrance,EDT,Top 25,Active,479,34,35,,3,1451,BGR North,4,4,,53
2026-09,OUT0005,Shoppers Stop - Noida 5,Shoppers Stop,Department Store,Noida,UP,North,SKU0033,Northline Body Lotion A,Northline,Bath & Body,Body Lotion,Top 10,Active,1239,128,130,,8,11130,BGR North,13,10,,42
2026-09,OUT0005,Shoppers Stop - Noida 5,Shoppers Stop,Department Store,Noida,UP,North,SKU0034,Northline Body Lotion B,Northline,Bath & Body,Body Lotion,Top 25,Active,989,9,12,,3,3166,BGR North,8,6,,39
2026-09,OUT0005,Shoppers Stop - Noida 5,Shoppers Stop,Department Store,Noida,UP,North,SKU0035,Northline Body Wash A,Northline,Bath & Body,Body Wash,Others,Active,469,9,10,,0,0,BGR North,2,1,,43
2026-09,OUT0005,Shoppers Stop - Noida 5,Shoppers Stop,Department Store,Noida,UP,North,SKU0036,Northline Body Wash B,Northline,Bath & Body,Body Wash,Others,Active,1179,4,8,,0,0,BGR North,4,4,,39
2026-09,OUT0005,Shoppers Stop - Noida 5,Shoppers Stop,Department Store,Noida,UP,North,SKU0037,Verde Body Wash C,Verde,Bath & Body,Body Wash,Top 25,Active,2239,29,33,,2,5467,BGR North,6,6,,37
2026-09,OUT0005,Shoppers Stop - Noida 5,Shoppers Stop,Department Store,Noida,UP,North,SKU0038,Blush & Co Hand Cream A,Blush & Co,Bath & Body,Hand Cream,Others,Active,489,0,0,,1,463,BGR North,1,1,,37
2026-09,OUT0005,Shoppers Stop - Noida 5,Shoppers Stop,Department Store,Noida,UP,North,SKU0039,Northline Hand Cream B,Northline,Bath & Body,Hand Cream,Others,Active,1189,44,44,,1,1172,BGR North,1,1,,38
2026-09,OUT0006,Shoppers Stop - Surat 6,Shoppers Stop,Department Store,Surat,Gujarat,West,SKU0001,Blush & Co Moisturizer A,Blush & Co,Skincare,Moisturizer,Others,Active,2319,3,0,,0,0,BGR West,4,3,,47
2026-09,OUT0006,Shoppers Stop - Surat 6,Shoppers Stop,Department Store,Surat,Gujarat,West,SKU0002,Verde Moisturizer B,Verde,Skincare,Moisturizer,Top 10,Active,1179,79,79,,9,13219,BGR West,13,9,,42
2026-09,OUT0006,Shoppers Stop - Surat 6,Shoppers Stop,Department Store,Surat,Gujarat,West,SKU0003,Verde Serum A,Verde,Skincare,Serum,Top 25,Active,2419,22,25,,5,14473,BGR West,8,8,,43
2026-09,OUT0006,Shoppers Stop - Surat 6,Shoppers Stop,Department Store,Surat,Gujarat,West,SKU0005,Northline Serum C,Northline,Skincare,Serum,Others,Inactive,1819,4,5,,0,0,BGR West,2,1,,48
2026-09,OUT0006,Shoppers Stop - Surat 6,Shoppers Stop,Department Store,Surat,Gujarat,West,SKU0006,Blush & Co Cleanser A,Blush & Co,Skincare,Cleanser,Top 10,Active,289,70,80,,12,4354,BGR West,24,22,,42
2026-09,OUT0006,Shoppers Stop - Surat 6,Shoppers Stop,Department Store,Surat,Gujarat,West,SKU0007,Northline Cleanser B,Northline,Skincare,Cleanser,Others,Active,1809,13,0,,0,0,BGR West,4,3,,46
2026-09,OUT0006,Shoppers Stop - Surat 6,Shoppers Stop,Department Store,Surat,Gujarat,West,SKU0008,Lumina Sunscreen A,Lumina,Skincare,Sunscreen,Others,Active,1599,5,7,,0,0,BGR West,2,2,,44
2026-09,OUT0006,Shoppers Stop - Surat 6,Shoppers Stop,Department Store,Surat,Gujarat,West,SKU0011,Lumina Foundation B,Lumina,Makeup,Foundation,Top 10,Inactive,1889,17,24,,5,8942,BGR West,13,12,,50
2026-09,OUT0006,Shoppers Stop - Surat 6,Shoppers Stop,Department Store,Surat,Gujarat,West,SKU0012,Northline Lipstick A,Northline,Makeup,Lipstick,Others,Active,2429,0,0,,0,0,BGR West,1,0,,47
2026-09,OUT0006,Shoppers Stop - Surat 6,Shoppers Stop,Department Store,Surat,Gujarat,West,SKU0013,Northline Lipstick B,Northline,Makeup,Lipstick,Others,Active,2469,21,22,,0,0,BGR West,2,1,,50
2026-09,OUT0006,Shoppers Stop - Surat 6,Shoppers Stop,Department Store,Surat,Gujarat,West,SKU0014,Lumina Lipstick C,Lumina,Makeup,Lipstick,Top 25,Active,1729,28,30,,3,5736,BGR West,6,5,,52
2026-09,OUT0006,Shoppers Stop - Surat 6,Shoppers Stop,Department Store,Surat,Gujarat,West,SKU0016,Verde Mascara B,Verde,Makeup,Mascara,Top 25,Active,199,4,4,,1,227,BGR West,2,1,,53
2026-09,OUT0006,Shoppers Stop - Surat 6,Shoppers Stop,Department Store,Surat,Gujarat,West,SKU0017,Lumina Mascara C,Lumina,Makeup,Mascara,Top 10,Active,529,0,1,,3,1579,BGR West,6,4,,50
2026-09,OUT0006,Shoppers Stop - Surat 6,Shoppers Stop,Department Store,Surat,Gujarat,West,SKU0018,Northline Eyeliner A,Northline,Makeup,Eyeliner,Others,Active,1959,5,6,,0,0,BGR West,2,1,,47
2026-09,OUT0006,Shoppers Stop - Surat 6,Shoppers Stop,Department Store,Surat,Gujarat,West,SKU0020,Lumina Shampoo A,Lumina,Haircare,Shampoo,Top 10,Active,509,42,40,,30,17682,BGR West,28,28,,38
2026-09,OUT0006,Shoppers Stop - Surat 6,Shoppers Stop,Department Store,Surat,Gujarat,West,SKU0021,Verde Shampoo B,Verde,Haircare,Shampoo,Others,Active,1319,0,2,,1,1576,BGR West,5,3,,38
2026-09,OUT0006,Shoppers Stop - Surat 6,Shoppers Stop,Department Store,Surat,Gujarat,West,SKU0027,Lumina EDP B,Lumina,Fragrance,EDP,Top 10,Active,529,19,20,,8,4378,BGR West,10,9,,52
2026-09,OUT0006,Shoppers Stop - Surat 6,Shoppers Stop,Department Store,Surat,Gujarat,West,SKU0028,Northline EDT A,Northline,Fragrance,EDT,Top 25,Active,1109,9,11,,3,3061,BGR West,5,5,,56
2026-09,OUT0006,Shoppers Stop - Surat 6,Shoppers Stop,Department Store,Surat,Gujarat,West,SKU0031,Lumina Body Mist A,Lumina,Fragrance,Body Mist,Top 25,Active,2119,7,10,,5,10508,BGR West,9,8,,56
2026-09,OUT0006,Shoppers Stop - Surat 6,Shoppers Stop,Department Store,Surat,Gujarat,West,SKU0033,Northline Body Lotion A,Northline,Bath & Body,Body Lotion,Top 10,Active,1239,43,46,,9,13642,BGR West,13,12,,37
2026-09,OUT0006,Shoppers Stop - Surat 6,Shoppers Stop,Department Store,Surat,Gujarat,West,SKU0034,Northline Body Lotion B,Northline,Bath & Body,Body Lotion,Top 25,Active,989,19,24,,4,3737,BGR West,9,9,,39
2026-09,OUT0006,Shoppers Stop - Surat 6,Shoppers Stop,Department Store,Surat,Gujarat,West,SKU0035,Northline Body Wash A,Northline,Bath & Body,Body Wash,Others,Active,469,6,8,,0,0,BGR West,4,2,,41
2026-09,OUT0006,Shoppers Stop - Surat 6,Shoppers Stop,Department Store,Surat,Gujarat,West,SKU0036,Northline Body Wash B,Northline,Bath & Body,Body Wash,Others,Active,1179,25,28,,0,0,BGR West,3,3,,40
2026-09,OUT0006,Shoppers Stop - Surat 6,Shoppers Stop,Department Store,Surat,Gujarat,West,SKU0037,Verde Body Wash C,Verde,Bath & Body,Body Wash,Top 25,Active,2239,0,3,,1,2018,BGR West,4,4,,43
2026-09,OUT0006,Shoppers Stop - Surat 6,Shoppers Stop,Department Store,Surat,Gujarat,West,SKU0039,Northline Hand Cream B,Northline,Bath & Body,Hand Cream,Others,Active,1189,3,6,,0,0,BGR West,4,3,,38
2026-09,OUT0007,Shoppers Stop - Hyderabad 7,Shoppers Stop,Department Store,Hyderabad,Telangana,South,SKU0002,Verde Moisturizer B,Verde,Skincare,Moisturizer,Top 10,Active,1179,77,83,,14,19885,BGR South,20,20,,46
2026-09,OUT0007,Shoppers Stop - Hyderabad 7,Shoppers Stop,Department Store,Hyderabad,Telangana,South,SKU0005,Northline Serum C,Northline,Skincare,Serum,Others,Inactive,1819,3,4,,0,0,BGR South,2,1,,46
2026-09,OUT0007,Shoppers Stop - Hyderabad 7,Shoppers Stop,Department Store,Hyderabad,Telangana,South,SKU0006,Blush & Co Cleanser A,Blush & Co,Skincare,Cleanser,Top 10,Active,289,27,224,,28,7704,BGR South,28,19,,42
2026-09,OUT0007,Shoppers Stop - Hyderabad 7,Shoppers Stop,Department Store,Hyderabad,Telangana,South,SKU0008,Lumina Sunscreen A,Lumina,Skincare,Sunscreen,Others,Active,1599,10,12,,0,0,BGR South,2,2,,44
2026-09,OUT0007,Shoppers Stop - Hyderabad 7,Shoppers Stop,Department Store,Hyderabad,Telangana,South,SKU0009,Blush & Co Sunscreen B,Blush & Co,Skincare,Sunscreen,Others,Inactive,1629,0,1,,1,1594,BGR South,3,2,,43
2026-09,OUT0007,Shoppers Stop - Hyderabad 7,Shoppers Stop,Department Store,Hyderabad,Telangana,South,SKU0010,Blush & Co Foundation A,Blush & Co,Makeup,Foundation,Others,Active,1419,31,32,,1,1473,BGR South,3,2,,53
2026-09,OUT0007,Shoppers Stop - Hyderabad 7,Shoppers Stop,Department Store,Hyderabad,Telangana,South,SKU0011,Lumina Foundation B,Lumina,Makeup,Foundation,Top 10,Inactive,1889,4,5,,5,8712,BGR South,7,6,,48
2026-09,OUT0007,Shoppers Stop - Hyderabad 7,Shoppers Stop,Department Store,Hyderabad,Telangana,South,SKU0012,Northline Lipstick A,Northline,Makeup,Lipstick,Others,Active,2429,0,2,,1,2485,BGR South,4,3,,47
2026-09,OUT0007,Shoppers Stop - Hyderabad 7,Shoppers Stop,Department Store,Hyderabad,Telangana,South,SKU0014,Lumina Lipstick C,Lumina,Makeup,Lipstick,Top 25,Active,1729,71,74,,4,6706,BGR South,8,7,,47
2026-09,OUT0007,Shoppers Stop - Hyderabad 7,Shoppers Stop,Department Store,Hyderabad,Telangana,South,SKU0015,Blush & Co Mascara A,Blush & Co,Makeup,Mascara,Top 25,Active,1219,56,57,,3,4320,BGR South,5,4,,53
2026-09,OUT0007,Shoppers Stop - Hyderabad 7,Shoppers Stop,Department Store,Hyderabad,Telangana,South,SKU0016,Verde Mascara B,Verde,Makeup,Mascara,Top 25,Active,199,26,29,,4,848,BGR South,8,7,,50
2026-09,OUT0007,Shoppers Stop - Hyderabad 7,Shoppers Stop,Department Store,Hyderabad,Telangana,South,SKU0017,Lumina Mascara C,Lumina,Makeup,Mascara,Top 10,Active,529,15,15,,10,6457,BGR South,12,10,,48
2026-09,OUT0007,Shoppers Stop - Hyderabad 7,Shoppers Stop,Department Store,Hyderabad,Telangana,South,SKU0018,Northline Eyeliner A,Northline,Makeup,Eyeliner,Others,Active,1959,24,24,,0,0,BGR South,1,0,,49
2026-09,OUT0007,Shoppers Stop - Hyderabad 7,Shoppers Stop,Department Store,Hyderabad,Telangana,South,SKU0019,Northline Eyeliner B,Northline,Makeup,Eyeliner,Others,Active,1889,24,29,,1,2270,BGR South,6,6,,52
2026-09,OUT0007,Shoppers Stop - Hyderabad 7,Shoppers Stop,Department Store,Hyderabad,Telangana,South,SKU0022,Northline Conditioner A,Northline,Haircare,Conditioner,Others,Active,779,18,5,,1,786,BGR South,1,0,,36
2026-09,OUT0007,Shoppers Stop - Hyderabad 7,Shoppers Stop,Department Store,Hyderabad,Telangana,South,SKU0023,Northline Conditioner B,Northline,Haircare,Conditioner,Others,Active,379,2,5,,0,0,BGR South,4,3,,34
2026-09,OUT0007,Shoppers Stop - Hyderabad 7,Shoppers Stop,Department Store,Hyderabad,Telangana,South,SKU0027,Lumina EDP B,Lumina,Fragrance,EDP,Top 10,Active,529,104,111,,12,7621,BGR South,21,19,,54
2026-09,OUT0007,Shoppers Stop - Hyderabad 7,Shoppers Stop,Department Store,Hyderabad,Telangana,South,SKU0031,Lumina Body Mist A,Lumina,Fragrance,Body Mist,Top 25,Active,2119,3,0,,4,7656,BGR South,8,6,,53
2026-09,OUT0007,Shoppers Stop - Hyderabad 7,Shoppers Stop,Department Store,Hyderabad,Telangana,South,SKU0032,Northline Body Mist B,Northline,Fragrance,Body Mist,Others,Inactive,2229,26,30,,1,2307,BGR South,6,5,,56
2026-09,OUT0007,Shoppers Stop - Hyderabad 7,Shoppers Stop,Department Store,Hyderabad,Telangana,South,SKU0034,Northline Body Lotion B,Northline,Bath & Body,Body Lotion,Top 25,Active,989,1,0,,5,5728,BGR South,12,9,,39
2026-09,OUT0007,Shoppers Stop - Hyderabad 7,Shoppers Stop,Department Store,Hyderabad,Telangana,South,SKU0035,Northline Body Wash A,Northline,Bath & Body,Body Wash,Others,Active,469,6,11,,1,532,BGR South,6,6,,37
2026-09,OUT0007,Shoppers Stop - Hyderabad 7,Shoppers Stop,Department Store,Hyderabad,Telangana,South,SKU0036,Northline Body Wash B,Northline,Bath & Body,Body Wash,Others,Active,1179,14,16,,0,0,BGR South,2,2,,42
2026-09,OUT0007,Shoppers Stop - Hyderabad 7,Shoppers Stop,Department Store,Hyderabad,Telangana,South,SKU0037,Verde Body Wash C,Verde,Bath & Body,Body Wash,Top 25,Active,2239,2,2,,4,10534,BGR South,5,4,,43
2026-09,OUT0007,Shoppers Stop - Hyderabad 7,Shoppers Stop,Department Store,Hyderabad,Telangana,South,SKU0039,Northline Hand Cream B,Northline,Bath & Body,Hand Cream,Others,Active,1189,16,19,,1,1415,BGR South,6,4,,38
2026-09,OUT0008,Shoppers Stop - Ahmedabad 8,Shoppers Stop,Department Store,Ahmedabad,Gujarat,West,SKU0002,Verde Moisturizer B,Verde,Skincare,Moisturizer,Top 10,Active,1179,3,0,,18,26253,BGR West,16,12,,47
2026-09,OUT0008,Shoppers Stop - Ahmedabad 8,Shoppers Stop,Department Store,Ahmedabad,Gujarat,West,SKU0003,Verde Serum A,Verde,Skincare,Serum,Top 25,Active,2419,51,104,,12,36512,BGR West,26,26,,47
2026-09,OUT0008,Shoppers Stop - Ahmedabad 8,Shoppers Stop,Department Store,Ahmedabad,Gujarat,West,SKU0004,Northline Serum B,Northline,Skincare,Serum,Top 25,Active,2489,12,14,,2,5762,BGR West,5,4,,46
2026-09,OUT0008,Shoppers Stop - Ahmedabad 8,Shoppers Stop,Department Store,Ahmedabad,Gujarat,West,SKU0006,Blush & Co Cleanser A,Blush & Co,Skincare,Cleanser,Top 10,Active,289,66,89,,22,7659,BGR West,45,45,,47
2026-09,OUT0008,Shoppers Stop - Ahmedabad 8,Shoppers Stop,Department Store,Ahmedabad,Gujarat,West,SKU0010,Blush & Co Foundation A,Blush & Co,Makeup,Foundation,Others,Active,1419,35,40,,2,3145,BGR West,7,7,,48
2026-09,OUT0008,Shoppers Stop - Ahmedabad 8,Shoppers Stop,Department Store,Ahmedabad,Gujarat,West,SKU0011,Lumina Foundation B,Lumina,Makeup,Foundation,Top 10,Inactive,1889,46,0,,8,15032,BGR West,14,14,,47
2026-09,OUT0008,Shoppers Stop - Ahmedabad 8,Shoppers Stop,Department Store,Ahmedabad,Gujarat,West,SKU0012,Northline Lipstick A,Northline,Makeup,Lipstick,Others,Active,2429,30,7,,1,2776,BGR West,2,1,,49
2026-09,OUT0008,Shoppers Stop - Ahmedabad 8,Shoppers Stop,Department Store,Ahmedabad,Gujarat,West,SKU0013,Northline Lipstick B,Northline,Makeup,Lipstick,Others,Active,2469,33,35,,0,0,BGR West,3,2,,51
2026-09,OUT0008,Shoppers Stop - Ahmedabad 8,Shoppers Stop,Department Store,Ahmedabad,Gujarat,West,SKU0014,Lumina Lipstick C,Lumina,Makeup,Lipstick,Top 25,Active,1729,9,11,,4,7555,BGR West,9,6,,52
2026-09,OUT0008,Shoppers Stop - Ahmedabad 8,Shoppers Stop,Department Store,Ahmedabad,Gujarat,West,SKU0015,Blush & Co Mascara A,Blush & Co,Makeup,Mascara,Top 25,Active,1219,7,7,,4,4418,BGR West,4,4,,49
2026-09,OUT0008,Shoppers Stop - Ahmedabad 8,Shoppers Stop,Department Store,Ahmedabad,Gujarat,West,SKU0017,Lumina Mascara C,Lumina,Makeup,Mascara,Top 10,Active,529,25,35,,7,3568,BGR West,17,17,,49
2026-09,OUT0008,Shoppers Stop - Ahmedabad 8,Shoppers Stop,Department Store,Ahmedabad,Gujarat,West,SKU0019,Northline Eyeliner B,Northline,Makeup,Eyeliner,Others,Active,1889,0,4,,2,4732,BGR West,7,6,,48
2026-09,OUT0008,Shoppers Stop - Ahmedabad 8,Shoppers Stop,Department Store,Ahmedabad,Gujarat,West,SKU0020,Lumina Shampoo A,Lumina,Haircare,Shampoo,Top 10,Active,509,138,138,,14,8030,BGR West,21,14,,34
2026-09,OUT0008,Shoppers Stop - Ahmedabad 8,Shoppers Stop,Department Store,Ahmedabad,Gujarat,West,SKU0021,Verde Shampoo B,Verde,Haircare,Shampoo,Others,Active,1319,13,15,,2,2881,BGR West,5,4,,33
2026-09,OUT0008,Shoppers Stop - Ahmedabad 8,Shoppers Stop,Department Store,Ahmedabad,Gujarat,West,SKU0023,Northline Conditioner B,Northline,Haircare,Conditioner,Others,Active,379,0,0,,0,0,BGR West,4,3,,32
2026-09,OUT0008,Shoppers Stop - Ahmedabad 8,Shoppers Stop,Department Store,Ahmedabad,Gujarat,West,SKU0027,Lumina EDP B,Lumina,Fragrance,EDP,Top 10,Active,529,18,29,,10,5587,BGR West,23,21,,56
2026-09,OUT0008,Shoppers Stop - Ahmedabad 8,Shoppers Stop,Department Store,Ahmedabad,Gujarat,West,SKU0028,Northline EDT A,Northline,Fragrance,EDT,Top 25,Active,1109,71,78,,7,8448,BGR West,16,14,,55
2026-09,OUT0008,Shoppers Stop - Ahmedabad 8,Shoppers Stop,Department Store,Ahmedabad,Gujarat,West,SKU0033,Northline Body Lotion A,Northline,Bath & Body,Body Lotion,Top 10,Active,1239,118,125,,17,23803,BGR West,26,24,,43
2026-09,OUT0008,Shoppers Stop - Ahmedabad 8,Shoppers Stop,Department Store,Ahmedabad,Gujarat,West,SKU0034,Northline Body Lotion B,Northline,Bath & Body,Body Lotion,Top 25,Active,989,2,3,,9,10096,BGR West,11,10,,41
2026-09,OUT0008,Shoppers Stop - Ahmedabad 8,Shoppers Stop,Department Store,Ahmedabad,Gujarat,West,SKU0035,Northline Body Wash A,Northline,Bath & Body,Body Wash,Others,Active,469,23,25,,1,421,BGR West,4,3,,43
2026-09,OUT0008,Shoppers Stop - Ahmedabad 8,Shoppers Stop,Department Store,Ahmedabad,Gujarat,West,SKU0037,Verde Body Wash C,Verde,Bath & Body,Body Wash,Top 25,Active,2239,1,2,,3,6879,BGR West,4,4,,40
2026-09,OUT0008,Shoppers Stop - Ahmedabad 8,Shoppers Stop,Department Store,Ahmedabad,Gujarat,West,SKU0039,Northline Hand Cream B,Northline,Bath & Body,Hand Cream,Others,Active,1189,20,21,,2,2443,BGR West,5,3,,38
2026-09,OUT0009,Shoppers Stop - Lucknow 9,Shoppers Stop,Department Store,Lucknow,UP,North,SKU0001,Blush & Co Moisturizer A,Blush & Co,Skincare,Moisturizer,Others,Active,2319,17,0,,1,2603,BGR North,1,0,,42
2026-09,OUT0009,Shoppers Stop - Lucknow 9,Shoppers Stop,Department Store,Lucknow,UP,North,SKU0002,Verde Moisturizer B,Verde,Skincare,Moisturizer,Top 10,Active,1179,5,0,,33,37248,BGR North,31,21,,44
2026-09,OUT0009,Shoppers Stop - Lucknow 9,Shoppers Stop,Department Store,Lucknow,UP,North,SKU0005,Northline Serum C,Northline,Skincare,Serum,Others,Inactive,1819,2,2,,0,0,BGR North,1,0,,45
2026-09,OUT0009,Shoppers Stop - Lucknow 9,Shoppers Stop,Department Store,Lucknow,UP,North,SKU0006,Blush & Co Cleanser A,Blush & Co,Skincare,Cleanser,Top 10,Active,289,0,20,,26,8734,BGR North,49,46,,43
2026-09,OUT0009,Shoppers Stop - Lucknow 9,Shoppers Stop,Department Store,Lucknow,UP,North,SKU0010,Blush & Co Foundation A,Blush & Co,Makeup,Foundation,Others,Active,1419,11,11,,2,2907,BGR North,3,2,,49
2026-09,OUT0009,Shoppers Stop - Lucknow 9,Shoppers Stop,Department Store,Lucknow,UP,North,SKU0011,Lumina Foundation B,Lumina,Makeup,Foundation,Top 10,Inactive,1889,88,89,,9,20500,BGR North,10,10,,50
2026-09,OUT0009,Shoppers Stop - Lucknow 9,Shoppers Stop,Department Store,Lucknow,UP,North,SKU0012,Northline Lipstick A,Northline,Makeup,Lipstick,Others,Active,2429,30,29,,2,5648,BGR North,1,1,,47
2026-09,OUT0009,Shoppers Stop - Lucknow 9,Shoppers Stop,Department Store,Lucknow,UP,North,SKU0015,Blush & Co Mascara A,Blush & Co,Makeup,Mascara,Top 25,Active,1219,142,148,,6,8705,BGR North,12,12,,48
2026-09,OUT0009,Shoppers Stop - Lucknow 9,Shoppers Stop,Department Store,Lucknow,UP,North,SKU0016,Verde Mascara B,Verde,Makeup,Mascara,Top 25,Active,199,72,75,,9,1810,BGR North,14,12,,51
2026-09,OUT0009,Shoppers Stop - Lucknow 9,Shoppers Stop,Department Store,Lucknow,UP,North,SKU0017,Lumina Mascara C,Lumina,Makeup,Mascara,Top 10,Active,529,70,74,,12,5713,BGR North,16,16,,53
2026-09,OUT0009,Shoppers Stop - Lucknow 9,Shoppers Stop,Department Store,Lucknow,UP,North,SKU0018,Northline Eyeliner A,Northline,Makeup,Eyeliner,Others,Active,1959,0,0,,1,2194,BGR North,1,0,,48
2026-09,OUT0009,Shoppers Stop - Lucknow 9,Shoppers Stop,Department Store,Lucknow,UP,North,SKU0019,Northline Eyeliner B,Northline,Makeup,Eyeliner,Others,Active,1889,0,2,,2,3860,BGR North,6,4,,47
2026-09,OUT0009,Shoppers Stop - Lucknow 9,Shoppers Stop,Department Store,Lucknow,UP,North,SKU0020,Lumina Shampoo A,Lumina,Haircare,Shampoo,Top 10,Active,509,65,72,,17,9247,BGR North,24,24,,33
2026-09,OUT0009,Shoppers Stop - Lucknow 9,Shoppers Stop,Department Store,Lucknow,UP,North,SKU0021,Verde Shampoo B,Verde,Haircare,Shampoo,Others,Active,1319,28,31,,2,3163,BGR North,6,5,,36
2026-09,OUT0009,Shoppers Stop - Lucknow 9,Shoppers Stop,Department Store,Lucknow,UP,North,SKU0022,Northline Conditioner A,Northline,Haircare,Conditioner,Others,Active,779,26,29,,2,1436,BGR North,7,5,,36
2026-09,OUT0009,Shoppers Stop - Lucknow 9,Shoppers Stop,Department Store,Lucknow,UP,North,SKU0027,Lumina EDP B,Lumina,Fragrance,EDP,Top 10,Active,529,51,54,,26,15084,BGR North,31,29,,53
2026-09,OUT0009,Shoppers Stop - Lucknow 9,Shoppers Stop,Department Store,Lucknow,UP,North,SKU0030,Blush & Co EDT C,Blush & Co,Fragrance,EDT,Others,Active,779,19,23,,5,3654,BGR North,10,9,,52
2026-09,OUT0009,Shoppers Stop - Lucknow 9,Shoppers Stop,Department Store,Lucknow,UP,North,SKU0031,Lumina Body Mist A,Lumina,Fragrance,Body Mist,Top 25,Active,2119,74,81,,7,14933,BGR North,14,14,,58
2026-09,OUT0009,Shoppers Stop - Lucknow 9,Shoppers Stop,Department Store,Lucknow,UP,North,SKU0032,Northline Body Mist B,Northline,Fragrance,Body Mist,Others,Inactive,2229,38,40,,2,4412,BGR North,5,4,,57
2026-09,OUT0009,Shoppers Stop - Lucknow 9,Shoppers Stop,Department Store,Lucknow,UP,North,SKU0033,Northline Body Lotion A,Northline,Bath & Body,Body Lotion,Top 10,Active,1239,32,42,,27,40373,BGR North,39,37,,37
2026-09,OUT0009,Shoppers Stop - Lucknow 9,Shoppers Stop,Department Store,Lucknow,UP,North,SKU0037,Verde Body Wash C,Verde,Bath & Body,Body Wash,Top 25,Active,2239,16,22,,10,27691,BGR North,16,16,,41
2026-09,OUT0009,Shoppers Stop - Lucknow 9,Shoppers Stop,Department Store,Lucknow,UP,North,SKU0038,Blush & Co Hand Cream A,Blush & Co,Bath & Body,Hand Cream,Others,Active,489,43,48,,2,1008,BGR North,8,7,,43
2026-09,OUT0010,Shoppers Stop - Coimbatore 10,Shoppers Stop,Department Store,Coimbatore,Tamil Nadu,South,SKU0001,Blush & Co Moisturizer A,Blush & Co,Skincare,Moisturizer,Others,Active,2319,39,41,,1,2879,BGR South,4,3,,47
2026-09,OUT0010,Shoppers Stop - Coimbatore 10,Shoppers Stop,Department Store,Coimbatore,Tamil Nadu,South,SKU0002,Verde Moisturizer B,Verde,Skincare,Moisturizer,Top 10,Active,1179,48,51,,15,18647,BGR South,26,18,,48
2026-09,OUT0010,Shoppers Stop - Coimbatore 10,Shoppers Stop,Department Store,Coimbatore,Tamil Nadu,South,SKU0003,Verde Serum A,Verde,Skincare,Serum,Top 25,Active,2419,5,3,,12,26568,BGR South,13,10,,43
2026-09,OUT0010,Shoppers Stop - Coimbatore 10,Shoppers Stop,Department Store,Coimbatore,Tamil Nadu,South,SKU0006,Blush & Co Cleanser A,Blush & Co,Skincare,Cleanser,Top 10,Active,289,134,134,,17,5414,BGR South,19,17,,48
2026-09,OUT0010,Shoppers Stop - Coimbatore 10,Shoppers Stop,Department Store,Coimbatore,Tamil Nadu,South,SKU0008,Lumina Sunscreen A,Lumina,Skincare,Sunscreen,Others,Active,1599,2,6,,0,0,BGR South,5,4,,44
2026-09,OUT0010,Shoppers Stop - Coimbatore 10,Shoppers Stop,Department Store,Coimbatore,Tamil Nadu,South,SKU0009,Blush & Co Sunscreen B,Blush & Co,Skincare,Sunscreen,Others,Inactive,1629,4,9,,1,1770,BGR South,7,6,,45
2026-09,OUT0010,Shoppers Stop - Coimbatore 10,Shoppers Stop,Department Store,Coimbatore,Tamil Nadu,South,SKU0011,Lumina Foundation B,Lumina,Makeup,Foundation,Top 10,Inactive,1889,0,0,,4,7816,BGR South,4,4,,52
2026-09,OUT0010,Shoppers Stop - Coimbatore 10,Shoppers Stop,Department Store,Coimbatore,Tamil Nadu,South,SKU0012,Northline Lipstick A,Northline,Makeup,Lipstick,Others,Active,2429,11,0,,1,2546,BGR South,3,3,,48
2026-09,OUT0010,Shoppers Stop - Coimbatore 10,Shoppers Stop,Department Store,Coimbatore,Tamil Nadu,South,SKU0013,Northline Lipstick B,Northline,Makeup,Lipstick,Others,Active,2469,4,4,,0,0,BGR South,0,0,,47
2026-09,OUT0010,Shoppers Stop - Coimbatore 10,Shoppers Stop,Department Store,Coimbatore,Tamil Nadu,South,SKU0015,Blush & Co Mascara A,Blush & Co,Makeup,Mascara,Top 25,Active,1219,6,10,,4,4596,BGR South,9,8,,49
2026-09,OUT0010,Shoppers Stop - Coimbatore 10,Shoppers Stop,Department Store,Coimbatore,Tamil Nadu,South,SKU0017,Lumina Mascara C,Lumina,Makeup,Mascara,Top 10,Active,529,4,48,,6,3115,BGR South,13,13,,48
2026-09,OUT0010,Shoppers Stop - Coimbatore 10,Shoppers Stop,Department Store,Coimbatore,Tamil Nadu,South,SKU0020,Lumina Shampoo A,Lumina,Haircare,Shampoo,Top 10,Active,509,6,5,,14,6495,BGR South,19,13,,37
2026-09,OUT0010,Shoppers Stop - Coimbatore 10,Shoppers Stop,Department Store,Coimbatore,Tamil Nadu,South,SKU0023,Northline Conditioner B,Northline,Haircare,Conditioner,Others,Active,379,1,1,,0,0,BGR South,0,0,,37
2026-09,OUT0010,Shoppers Stop - Coimbatore 10,Shoppers Stop,Department Store,Coimbatore,Tamil Nadu,South,SKU0027,Lumina EDP B,Lumina,Fragrance,EDP,Top 10,Active,529,78,83,,14,8190,BGR South,22,19,,58
2026-09,OUT0010,Shoppers Stop - Coimbatore 10,Shoppers Stop,Department Store,Coimbatore,Tamil Nadu,South,SKU0028,Northline EDT A,Northline,Fragrance,EDT,Top 25,Active,1109,75,82,,9,11874,BGR South,18,16,,54
2026-09,OUT0010,Shoppers Stop - Coimbatore 10,Shoppers Stop,Department Store,Coimbatore,Tamil Nadu,South,SKU0030,Blush & Co EDT C,Blush & Co,Fragrance,EDT,Others,Active,779,17,20,,6,4822,BGR South,10,9,,56
2026-09,OUT0010,Shoppers Stop - Coimbatore 10,Shoppers Stop,Department Store,Coimbatore,Tamil Nadu,South,SKU0031,Lumina Body Mist A,Lumina,Fragrance,Body Mist,Top 25,Active,2119,0,1,,4,8334,BGR South,7,5,,57
2026-09,OUT0010,Shoppers Stop - Coimbatore 10,Shoppers Stop,Department Store,Coimbatore,Tamil Nadu,South,SKU0033,Northline Body Lotion A,Northline,Bath & Body,Body Lotion,Top 10,Active,1239,3,105,,18,25596,BGR South,33,26,,38
2026-09,OUT0010,Shoppers Stop - Coimbatore 10,Shoppers Stop,Department Store,Coimbatore,Tamil Nadu,South,SKU0034,Northline Body Lotion B,Northline,Bath & Body,Body Lotion,Top 25,Active,989,46,50,,8,9514,BGR South,14,12,,40
2026-09,OUT0010,Shoppers Stop - Coimbatore 10,Shoppers Stop,Department Store,Coimbatore,Tamil Nadu,South,SKU0035,Northline Body Wash A,Northline,Bath & Body,Body Wash,Others,Active,469,11,10,,1,478,BGR South,1,0,,41
2026-09,OUT0010,Shoppers Stop - Coimbatore 10,Shoppers Stop,Department Store,Coimbatore,Tamil Nadu,South,SKU0036,Northline Body Wash B,Northline,Bath & Body,Body Wash,Others,Active,1179,14,14,,0,0,BGR South,0,0,,37
2026-09,OUT0010,Shoppers Stop - Coimbatore 10,Shoppers Stop,Department Store,Coimbatore,Tamil Nadu,South,SKU0037,Verde Body Wash C,Verde,Bath & Body,Body Wash,Top 25,Active,2239,50,55,,4,8112,BGR South,10,9,,38
2026-09,OUT0010,Shoppers Stop - Coimbatore 10,Shoppers Stop,Department Store,Coimbatore,Tamil Nadu,South,SKU0038,Blush & Co Hand Cream A,Blush & Co,Bath & Body,Hand Cream,Others,Active,489,31,33,,1,493,BGR South,5,3,,41
2026-09,OUT0010,Shoppers Stop - Coimbatore 10,Shoppers Stop,Department Store,Coimbatore,Tamil Nadu,South,SKU0039,Northline Hand Cream B,Northline,Bath & Body,Hand Cream,Others,Active,1189,12,13,,1,1096,BGR South,4,2,,43
2026-09,OUT0011,Nykaa Luxe - Pune 1,Nykaa Luxe,MBO,Pune,Maharashtra,West,SKU0001,Blush & Co Moisturizer A,Blush & Co,Skincare,Moisturizer,Others,Active,2319,9,16,,4,8544,BGR West,12,11,,44
2026-09,OUT0011,Nykaa Luxe - Pune 1,Nykaa Luxe,MBO,Pune,Maharashtra,West,SKU0002,Verde Moisturizer B,Verde,Skincare,Moisturizer,Top 10,Active,1179,236,234,,19,28185,BGR West,25,17,,46
2026-09,OUT0011,Nykaa Luxe - Pune 1,Nykaa Luxe,MBO,Pune,Maharashtra,West,SKU0003,Verde Serum A,Verde,Skincare,Serum,Top 25,Active,2419,87,87,,17,39862,BGR West,22,17,,42
2026-09,OUT0011,Nykaa Luxe - Pune 1,Nykaa Luxe,MBO,Pune,Maharashtra,West,SKU0005,Northline Serum C,Northline,Skincare,Serum,Others,Inactive,1819,17,17,,2,3483,BGR West,3,2,,47
2026-09,OUT0011,Nykaa Luxe - Pune 1,Nykaa Luxe,MBO,Pune,Maharashtra,West,SKU0006,Blush & Co Cleanser A,Blush & Co,Skincare,Cleanser,Top 10,Active,289,47,62,,42,14952,BGR West,61,57,,43
2026-09,OUT0011,Nykaa Luxe - Pune 1,Nykaa Luxe,MBO,Pune,Maharashtra,West,SKU0008,Lumina Sunscreen A,Lumina,Skincare,Sunscreen,Others,Active,1599,34,37,,2,3807,BGR West,6,5,,46
2026-09,OUT0011,Nykaa Luxe - Pune 1,Nykaa Luxe,MBO,Pune,Maharashtra,West,SKU0011,Lumina Foundation B,Lumina,Makeup,Foundation,Top 10,Inactive,1889,0,4,,21,44108,BGR West,32,25,,49
2026-09,OUT0011,Nykaa Luxe - Pune 1,Nykaa Luxe,MBO,Pune,Maharashtra,West,SKU0012,Northline Lipstick A,Northline,Makeup,Lipstick,Others,Active,2429,13,15,,2,5429,BGR West,4,4,,47
2026-09,OUT0011,Nykaa Luxe - Pune 1,Nykaa Luxe,MBO,Pune,Maharashtra,West,SKU0015,Blush & Co Mascara A,Blush & Co,Makeup,Mascara,Top 25,Active,1219,78,78,,14,20011,BGR West,14,14,,53
2026-09,OUT0011,Nykaa Luxe - Pune 1,Nykaa Luxe,MBO,Pune,Maharashtra,West,SKU0016,Verde Mascara B,Verde,Makeup,Mascara,Top 25,Active,199,55,59,,12,2489,BGR West,21,16,,47
2026-09,OUT0011,Nykaa Luxe - Pune 1,Nykaa Luxe,MBO,Pune,Maharashtra,West,SKU0017,Lumina Mascara C,Lumina,Makeup,Mascara,Top 10,Active,529,141,137,,27,16564,BGR West,34,23,,53
2026-09,OUT0011,Nykaa Luxe - Pune 1,Nykaa Luxe,MBO,Pune,Maharashtra,West,SKU0018,Northline Eyeliner A,Northline,Makeup,Eyeliner,Others,Active,1959,4,7,,1,1861,BGR West,4,4,,51
2026-09,OUT0011,Nykaa Luxe - Pune 1,Nykaa Luxe,MBO,Pune,Maharashtra,West,SKU0019,Northline Eyeliner B,Northline,Makeup,Eyeliner,Others,Active,1889,33,32,,5,9568,BGR West,7,4,,52
2026-09,OUT0011,Nykaa Luxe - Pune 1,Nykaa Luxe,MBO,Pune,Maharashtra,West,SKU0020,Lumina Shampoo A,Lumina,Haircare,Shampoo,Top 10,Active,509,12,0,,27,16293,BGR West,56,56,,36
2026-09,OUT0011,Nykaa Luxe - Pune 1,Nykaa Luxe,MBO,Pune,Maharashtra,West,SKU0021,Verde Shampoo B,Verde,Haircare,Shampoo,Others,Active,1319,16,22,,3,3576,BGR West,3,3,,34
2026-09,OUT0011,Nykaa Luxe - Pune 1,Nykaa Luxe,MBO,Pune,Maharashtra,West,SKU0022,Northline Conditioner A,Northline,Haircare,Conditioner,Others,Active,779,55,58,,4,3842,BGR West,8,7,,36
2026-09,OUT0011,Nykaa Luxe - Pune 1,Nykaa Luxe,MBO,Pune,Maharashtra,West,SKU0027,Lumina EDP B,Lumina,Fragrance,EDP,Top 10,Active,529,122,133,,30,15043,BGR West,41,41,,56
2026-09,OUT0011,Nykaa Luxe - Pune 1,Nykaa Luxe,MBO,Pune,Maharashtra,West,SKU0033,Northline Body Lotion A,Northline,Bath & Body,Body Lotion,Top 10,Active,1239,161,207,,58,74550,BGR West,104,104,,40
2026-09,OUT0011,Nykaa Luxe - Pune 1,Nykaa Luxe,MBO,Pune,Maharashtra,West,SKU0034,Northline Body Lotion B,Northline,Bath & Body,Body Lotion,Top 25,Active,989,156,159,,13,13114,BGR West,24,16,,42
2026-09,OUT0011,Nykaa Luxe - Pune 1,Nykaa Luxe,MBO,Pune,Maharashtra,West,SKU0035,Northline Body Wash A,Northline,Bath & Body,Body Wash,Others,Active,469,31,36,,5,2902,BGR West,11,10,,41
2026-09,OUT0011,Nykaa Luxe - Pune 1,Nykaa Luxe,MBO,Pune,Maharashtra,West,SKU0037,Verde Body Wash C,Verde,Bath & Body,Body Wash,Top 25,Active,2239,4,7,,13,33398,BGR West,16,16,,42
2026-09,OUT0011,Nykaa Luxe - Pune 1,Nykaa Luxe,MBO,Pune,Maharashtra,West,SKU0038,Blush & Co Hand Cream A,Blush & Co,Bath & Body,Hand Cream,Others,Active,489,32,32,,5,2781,BGR West,8,5,,40
2026-09,OUT0011,Nykaa Luxe - Pune 1,Nykaa Luxe,MBO,Pune,Maharashtra,West,SKU0039,Northline Hand Cream B,Northline,Bath & Body,Hand Cream,Others,Active,1189,105,112,,6,6774,BGR West,14,13,,39
2026-09,OUT0012,Nykaa Luxe - Bhubaneswar 2,Nykaa Luxe,MBO,Bhubaneswar,Odisha,East,SKU0001,Blush & Co Moisturizer A,Blush & Co,Skincare,Moisturizer,Others,Active,2319,2,0,,1,2256,BGR East,5,5,,44
2026-09,OUT0012,Nykaa Luxe - Bhubaneswar 2,Nykaa Luxe,MBO,Bhubaneswar,Odisha,East,SKU0002,Verde Moisturizer B,Verde,Skincare,Moisturizer,Top 10,Active,1179,77,83,,11,14210,BGR East,25,17,,44
2026-09,OUT0012,Nykaa Luxe - Bhubaneswar 2,Nykaa Luxe,MBO,Bhubaneswar,Odisha,East,SKU0003,Verde Serum A,Verde,Skincare,Serum,Top 25,Active,2419,16,15,,10,30468,BGR East,10,9,,48
2026-09,OUT0012,Nykaa Luxe - Bhubaneswar 2,Nykaa Luxe,MBO,Bhubaneswar,Odisha,East,SKU0004,Northline Serum B,Northline,Skincare,Serum,Top 25,Active,2489,59,63,,4,10257,BGR East,10,8,,42
2026-09,OUT0012,Nykaa Luxe - Bhubaneswar 2,Nykaa Luxe,MBO,Bhubaneswar,Odisha,East,SKU0006,Blush & Co Cleanser A,Blush & Co,Skincare,Cleanser,Top 10,Active,289,39,44,,19,6608,BGR East,24,24,,47
2026-09,OUT0012,Nykaa Luxe - Bhubaneswar 2,Nykaa Luxe,MBO,Bhubaneswar,Odisha,East,SKU0009,Blush & Co Sunscreen B,Blush & Co,Skincare,Sunscreen,Others,Inactive,1629,13,17,,3,5304,BGR East,7,7,,45
2026-09,OUT0012,Nykaa Luxe - Bhubaneswar 2,Nykaa Luxe,MBO,Bhubaneswar,Odisha,East,SKU0010,Blush & Co Foundation A,Blush & Co,Makeup,Foundation,Others,Active,1419,40,44,,3,5226,BGR East,8,7,,51
2026-09,OUT0012,Nykaa Luxe - Bhubaneswar 2,Nykaa Luxe,MBO,Bhubaneswar,Odisha,East,SKU0011,Lumina Foundation B,Lumina,Makeup,Foundation,Top 10,Inactive,1889,30,31,,7,14916,BGR East,12,8,,51
2026-09,OUT0012,Nykaa Luxe - Bhubaneswar 2,Nykaa Luxe,MBO,Bhubaneswar,Odisha,East,SKU0012,Northline Lipstick A,Northline,Makeup,Lipstick,Others,Active,2429,1,0,,1,2350,BGR East,3,2,,52
2026-09,OUT0012,Nykaa Luxe - Bhubaneswar 2,Nykaa Luxe,MBO,Bhubaneswar,Odisha,East,SKU0014,Lumina Lipstick C,Lumina,Makeup,Lipstick,Top 25,Active,1729,0,5,,6,12486,BGR East,12,11,,49
2026-09,OUT0012,Nykaa Luxe - Bhubaneswar 2,Nykaa Luxe,MBO,Bhubaneswar,Odisha,East,SKU0015,Blush & Co Mascara A,Blush & Co,Makeup,Mascara,Top 25,Active,1219,5,2,,7,10674,BGR East,6,4,,49
2026-09,OUT0012,Nykaa Luxe - Bhubaneswar 2,Nykaa Luxe,MBO,Bhubaneswar,Odisha,East,SKU0017,Lumina Mascara C,Lumina,Makeup,Mascara,Top 10,Active,529,59,64,,7,4028,BGR East,12,12,,48
2026-09,OUT0012,Nykaa Luxe - Bhubaneswar 2,Nykaa Luxe,MBO,Bhubaneswar,Odisha,East,SKU0018,Northline Eyeliner A,Northline,Makeup,Eyeliner,Others,Active,1959,22,0,,0,0,BGR East,2,2,,53
2026-09,OUT0012,Nykaa Luxe - Bhubaneswar 2,Nykaa Luxe,MBO,Bhubaneswar,Odisha,East,SKU0019,Northline Eyeliner B,Northline,Makeup,Eyeliner,Others,Active,1889,9,8,,1,1792,BGR East,5,3,,50
2026-09,OUT0012,Nykaa Luxe - Bhubaneswar 2,Nykaa Luxe,MBO,Bhubaneswar,Odisha,East,SKU0020,Lumina Shampoo A,Lumina,Haircare,Shampoo,Top 10,Active,509,12,11,,13,7794,BGR East,13,12,,34
2026-09,OUT0012,Nykaa Luxe - Bhubaneswar 2,Nykaa Luxe,MBO,Bhubaneswar,Odisha,East,SKU0022,Northline Conditioner A,Northline,Haircare,Conditioner,Others,Active,779,3,6,,2,1547,BGR East,7,5,,33
2026-09,OUT0012,Nykaa Luxe - Bhubaneswar 2,Nykaa Luxe,MBO,Bhubaneswar,Odisha,East,SKU0027,Lumina EDP B,Lumina,Fragrance,EDP,Top 10,Active,529,29,37,,8,3779,BGR East,18,16,,56
2026-09,OUT0012,Nykaa Luxe - Bhubaneswar 2,Nykaa Luxe,MBO,Bhubaneswar,Odisha,East,SKU0028,Northline EDT A,Northline,Fragrance,EDT,Top 25,Active,1109,13,17,,8,9097,BGR East,16,12,,58
2026-09,OUT0012,Nykaa Luxe - Bhubaneswar 2,Nykaa Luxe,MBO,Bhubaneswar,Odisha,East,SKU0029,Blush & Co EDT B,Blush & Co,Fragrance,EDT,Top 25,Active,479,21,26,,4,1958,BGR East,9,9,,55
2026-09,OUT0012,Nykaa Luxe - Bhubaneswar 2,Nykaa Luxe,MBO,Bhubaneswar,Odisha,East,SKU0031,Lumina Body Mist A,Lumina,Fragrance,Body Mist,Top 25,Active,2119,28,28,,9,18271,BGR East,13,9,,54
2026-09,OUT0012,Nykaa Luxe - Bhubaneswar 2,Nykaa Luxe,MBO,Bhubaneswar,Odisha,East,SKU0032,Northline Body Mist B,Northline,Fragrance,Body Mist,Others,Inactive,2229,11,15,,2,5378,BGR East,6,6,,53
2026-09,OUT0012,Nykaa Luxe - Bhubaneswar 2,Nykaa Luxe,MBO,Bhubaneswar,Odisha,East,SKU0033,Northline Body Lotion A,Northline,Bath & Body,Body Lotion,Top 10,Active,1239,74,73,,13,17949,BGR East,12,12,,37
2026-09,OUT0012,Nykaa Luxe - Bhubaneswar 2,Nykaa Luxe,MBO,Bhubaneswar,Odisha,East,SKU0034,Northline Body Lotion B,Northline,Bath & Body,Body Lotion,Top 25,Active,989,52,57,,12,12110,BGR East,19,17,,42
2026-09,OUT0012,Nykaa Luxe - Bhubaneswar 2,Nykaa Luxe,MBO,Bhubaneswar,Odisha,East,SKU0035,Northline Body Wash A,Northline,Bath & Body,Body Wash,Others,Active,469,6,6,,1,478,BGR East,2,1,,37
2026-09,OUT0012,Nykaa Luxe - Bhubaneswar 2,Nykaa Luxe,MBO,Bhubaneswar,Odisha,East,SKU0036,Northline Body Wash B,Northline,Bath & Body,Body Wash,Others,Active,1179,13,13,,0,0,BGR East,1,0,,38
2026-09,OUT0012,Nykaa Luxe - Bhubaneswar 2,Nykaa Luxe,MBO,Bhubaneswar,Odisha,East,SKU0037,Verde Body Wash C,Verde,Bath & Body,Body Wash,Top 25,Active,2239,29,34,,4,9711,BGR East,10,9,,38
2026-09,OUT0012,Nykaa Luxe - Bhubaneswar 2,Nykaa Luxe,MBO,Bhubaneswar,Odisha,East,SKU0038,Blush & Co Hand Cream A,Blush & Co,Bath & Body,Hand Cream,Others,Active,489,10,11,,0,0,BGR East,2,1,,39
2026-09,OUT0013,Nykaa Luxe - Mysore 3,Nykaa Luxe,MBO,Mysore,Karnataka,South,SKU0001,Blush & Co Moisturizer A,Blush & Co,Skincare,Moisturizer,Others,Active,2319,32,36,,3,7923,BGR South,8,7,,47
2026-09,OUT0013,Nykaa Luxe - Mysore 3,Nykaa Luxe,MBO,Mysore,Karnataka,South,SKU0002,Verde Moisturizer B,Verde,Skincare,Moisturizer,Top 10,Active,1179,76,104,,43,58789,BGR South,71,71,,46
2026-09,OUT0013,Nykaa Luxe - Mysore 3,Nykaa Luxe,MBO,Mysore,Karnataka,South,SKU0003,Verde Serum A,Verde,Skincare,Serum,Top 25,Active,2419,79,94,,17,49086,BGR South,32,32,,43
2026-09,OUT0013,Nykaa Luxe - Mysore 3,Nykaa Luxe,MBO,Mysore,Karnataka,South,SKU0004,Northline Serum B,Northline,Skincare,Serum,Top 25,Active,2489,61,62,,6,16777,BGR South,9,7,,48
2026-09,OUT0013,Nykaa Luxe - Mysore 3,Nykaa Luxe,MBO,Mysore,Karnataka,South,SKU0005,Northline Serum C,Northline,Skincare,Serum,Others,Inactive,1819,23,23,,2,4314,BGR South,2,2,,47
2026-09,OUT0013,Nykaa Luxe - Mysore 3,Nykaa Luxe,MBO,Mysore,Karnataka,South,SKU0006,Blush & Co Cleanser A,Blush & Co,Skincare,Cleanser,Top 10,Active,289,25,52,,46,14592,BGR South,73,73,,48
2026-09,OUT0013,Nykaa Luxe - Mysore 3,Nykaa Luxe,MBO,Mysore,Karnataka,South,SKU0009,Blush & Co Sunscreen B,Blush & Co,Skincare,Sunscreen,Others,Inactive,1629,1,4,,3,4587,BGR South,8,6,,42
2026-09,OUT0013,Nykaa Luxe - Mysore 3,Nykaa Luxe,MBO,Mysore,Karnataka,South,SKU0011,Lumina Foundation B,Lumina,Makeup,Foundation,Top 10,Inactive,1889,52,0,,23,45015,BGR South,25,25,,47
2026-09,OUT0013,Nykaa Luxe - Mysore 3,Nykaa Luxe,MBO,Mysore,Karnataka,South,SKU0012,Northline Lipstick A,Northline,Makeup,Lipstick,Others,Active,2429,42,44,,3,7255,BGR South,5,5,,49
2026-09,OUT0013,Nykaa Luxe - Mysore 3,Nykaa Luxe,MBO,Mysore,Karnataka,South,SKU0015,Blush & Co Mascara A,Blush & Co,Makeup,Mascara,Top 25,Active,1219,15,21,,24,30603,BGR South,38,30,,50
2026-09,OUT0013,Nykaa Luxe - Mysore 3,Nykaa Luxe,MBO,Mysore,Karnataka,South,SKU0016,Verde Mascara B,Verde,Makeup,Mascara,Top 25,Active,199,66,65,,9,2077,BGR South,9,8,,49
2026-09,OUT0013,Nykaa Luxe - Mysore 3,Nykaa Luxe,MBO,Mysore,Karnataka,South,SKU0017,Lumina Mascara C,Lumina,Makeup,Mascara,Top 10,Active,529,72,74,,20,11014,BGR South,22,22,,49
2026-09,OUT0013,Nykaa Luxe - Mysore 3,Nykaa Luxe,MBO,Mysore,Karnataka,South,SKU0018,Northline Eyeliner A,Northline,Makeup,Eyeliner,Others,Active,1959,31,33,,1,2213,BGR South,4,3,,49
2026-09,OUT0013,Nykaa Luxe - Mysore 3,Nykaa Luxe,MBO,Mysore,Karnataka,South,SKU0019,Northline Eyeliner B,Northline,Makeup,Eyeliner,Others,Active,1889,14,0,,5,10333,BGR South,9,8,,48
2026-09,OUT0013,Nykaa Luxe - Mysore 3,Nykaa Luxe,MBO,Mysore,Karnataka,South,SKU0020,Lumina Shampoo A,Lumina,Haircare,Shampoo,Top 10,Active,509,3,7,,16,8015,BGR South,20,20,,34
2026-09,OUT0013,Nykaa Luxe - Mysore 3,Nykaa Luxe,MBO,Mysore,Karnataka,South,SKU0021,Verde Shampoo B,Verde,Haircare,Shampoo,Others,Active,1319,11,12,,5,7460,BGR South,9,6,,34
2026-09,OUT0013,Nykaa Luxe - Mysore 3,Nykaa Luxe,MBO,Mysore,Karnataka,South,SKU0023,Northline Conditioner B,Northline,Haircare,Conditioner,Others,Active,379,21,22,,0,0,BGR South,2,1,,34
2026-09,OUT0013,Nykaa Luxe - Mysore 3,Nykaa Luxe,MBO,Mysore,Karnataka,South,SKU0027,Lumina EDP B,Lumina,Fragrance,EDP,Top 10,Active,529,34,43,,24,12601,BGR South,48,33,,57
2026-09,OUT0013,Nykaa Luxe - Mysore 3,Nykaa Luxe,MBO,Mysore,Karnataka,South,SKU0031,Lumina Body Mist A,Lumina,Fragrance,Body Mist,Top 25,Active,2119,30,27,,15,35761,BGR South,16,12,,52
2026-09,OUT0013,Nykaa Luxe - Mysore 3,Nykaa Luxe,MBO,Mysore,Karnataka,South,SKU0032,Northline Body Mist B,Northline,Fragrance,Body Mist,Others,Inactive,2229,35,43,,8,17557,BGR South,17,16,,58
2026-09,OUT0013,Nykaa Luxe - Mysore 3,Nykaa Luxe,MBO,Mysore,Karnataka,South,SKU0033,Northline Body Lotion A,Northline,Bath & Body,Body Lotion,Top 10,Active,1239,0,0,,30,44037,BGR South,28,28,,38
2026-09,OUT0013,Nykaa Luxe - Mysore 3,Nykaa Luxe,MBO,Mysore,Karnataka,South,SKU0034,Northline Body Lotion B,Northline,Bath & Body,Body Lotion,Top 25,Active,989,7,3,,18,20730,BGR South,16,14,,39
2026-09,OUT0013,Nykaa Luxe - Mysore 3,Nykaa Luxe,MBO,Mysore,Karnataka,South,SKU0038,Blush & Co Hand Cream A,Blush & Co,Bath & Body,Hand Cream,Others,Active,489,7,14,,4,2382,BGR South,12,11,,39
2026-09,OUT0014,Nykaa Luxe - Noida 4,Nykaa Luxe,MBO,Noida,UP,North,SKU0002,Verde Moisturizer B,Verde,Skincare,Moisturizer,Top 10,Active,1179,19,29,,14,16810,BGR North,24,24,,45
2026-09,OUT0014,Nykaa Luxe - Noida 4,Nykaa Luxe,MBO,Noida,UP,North,SKU0003,Verde Serum A,Verde,Skincare,Serum,Top 25,Active,2419,107,107,,15,42919,BGR North,16,15,,47
2026-09,OUT0014,Nykaa Luxe - Noida 4,Nykaa Luxe,MBO,Noida,UP,North,SKU0004,Northline Serum B,Northline,Skincare,Serum,Top 25,Active,2489,26,32,,6,16244,BGR North,13,12,,43
2026-09,OUT0014,Nykaa Luxe - Noida 4,Nykaa Luxe,MBO,Noida,UP,North,SKU0006,Blush & Co Cleanser A,Blush & Co,Skincare,Cleanser,Top 10,Active,289,198,211,,29,7580,BGR North,61,42,,46
2026-09,OUT0014,Nykaa Luxe - Noida 4,Nykaa Luxe,MBO,Noida,UP,North,SKU0007,Northline Cleanser B,Northline,Skincare,Cleanser,Others,Active,1809,26,28,,2,4178,BGR North,4,4,,44
2026-09,OUT0014,Nykaa Luxe - Noida 4,Nykaa Luxe,MBO,Noida,UP,North,SKU0008,Lumina Sunscreen A,Lumina,Skincare,Sunscreen,Others,Active,1599,32,34,,1,1483,BGR North,3,3,,42
2026-09,OUT0014,Nykaa Luxe - Noida 4,Nykaa Luxe,MBO,Noida,UP,North,SKU0010,Blush & Co Foundation A,Blush & Co,Makeup,Foundation,Others,Active,1419,11,13,,2,2682,BGR North,5,4,,47
2026-09,OUT0014,Nykaa Luxe - Noida 4,Nykaa Luxe,MBO,Noida,UP,North,SKU0011,Lumina Foundation B,Lumina,Makeup,Foundation,Top 10,Inactive,1889,56,60,,10,23765,BGR North,14,14,,52
2026-09,OUT0014,Nykaa Luxe - Noida 4,Nykaa Luxe,MBO,Noida,UP,North,SKU0013,Northline Lipstick B,Northline,Makeup,Lipstick,Others,Active,2469,23,23,,0,0,BGR North,0,0,,50
2026-09,OUT0014,Nykaa Luxe - Noida 4,Nykaa Luxe,MBO,Noida,UP,North,SKU0017,Lumina Mascara C,Lumina,Makeup,Mascara,Top 10,Active,529,36,43,,9,4662,BGR North,18,16,,49
2026-09,OUT0014,Nykaa Luxe - Noida 4,Nykaa Luxe,MBO,Noida,UP,North,SKU0019,Northline Eyeliner B,Northline,Makeup,Eyeliner,Others,Active,1889,0,3,,3,5584,BGR North,7,6,,53
2026-09,OUT0014,Nykaa Luxe - Noida 4,Nykaa Luxe,MBO,Noida,UP,North,SKU0020,Lumina Shampoo A,Lumina,Haircare,Shampoo,Top 10,Active,509,51,61,,11,6978,BGR North,24,21,,36
2026-09,OUT0014,Nykaa Luxe - Noida 4,Nykaa Luxe,MBO,Noida,UP,North,SKU0021,Verde Shampoo B,Verde,Haircare,Shampoo,Others,Active,1319,0,0,,2,2526,BGR North,3,2,,36
2026-09,OUT0014,Nykaa Luxe - Noida 4,Nykaa Luxe,MBO,Noida,UP,North,SKU0022,Northline Conditioner A,Northline,Haircare,Conditioner,Others,Active,779,28,0,,5,3983,BGR North,8,8,,33
2026-09,OUT0014,Nykaa Luxe - Noida 4,Nykaa Luxe,MBO,Noida,UP,North,SKU0027,Lumina EDP B,Lumina,Fragrance,EDP,Top 10,Active,529,89,89,,14,7034,BGR North,21,14,,52
2026-09,OUT0014,Nykaa Luxe - Noida 4,Nykaa Luxe,MBO,Noida,UP,North,SKU0028,Northline EDT A,Northline,Fragrance,EDT,Top 25,Active,1109,81,81,,16,18061,BGR North,16,16,,53
2026-09,OUT0014,Nykaa Luxe - Noida 4,Nykaa Luxe,MBO,Noida,UP,North,SKU0029,Blush & Co EDT B,Blush & Co,Fragrance,EDT,Top 25,Active,479,116,122,,7,3617,BGR North,17,13,,52
2026-09,OUT0014,Nykaa Luxe - Noida 4,Nykaa Luxe,MBO,Noida,UP,North,SKU0030,Blush & Co EDT C,Blush & Co,Fragrance,EDT,Others,Active,779,9,9,,3,2813,BGR North,4,3,,58
2026-09,OUT0014,Nykaa Luxe - Noida 4,Nykaa Luxe,MBO,Noida,UP,North,SKU0031,Lumina Body Mist A,Lumina,Fragrance,Body Mist,Top 25,Active,2119,65,66,,8,20690,BGR North,14,9,,57
2026-09,OUT0014,Nykaa Luxe - Noida 4,Nykaa Luxe,MBO,Noida,UP,North,SKU0032,Northline Body Mist B,Northline,Fragrance,Body Mist,Others,Inactive,2229,10,11,,3,8392,BGR North,7,4,,53
2026-09,OUT0014,Nykaa Luxe - Noida 4,Nykaa Luxe,MBO,Noida,UP,North,SKU0033,Northline Body Lotion A,Northline,Bath & Body,Body Lotion,Top 10,Active,1239,47,53,,24,30839,BGR North,32,30,,39
2026-09,OUT0014,Nykaa Luxe - Noida 4,Nykaa Luxe,MBO,Noida,UP,North,SKU0034,Northline Body Lotion B,Northline,Bath & Body,Body Lotion,Top 25,Active,989,75,87,,8,7110,BGR North,20,20,,40
2026-09,OUT0014,Nykaa Luxe - Noida 4,Nykaa Luxe,MBO,Noida,UP,North,SKU0037,Verde Body Wash C,Verde,Bath & Body,Body Wash,Top 25,Active,2239,84,89,,4,9819,BGR North,9,9,,40
2026-09,OUT0014,Nykaa Luxe - Noida 4,Nykaa Luxe,MBO,Noida,UP,North,SKU0038,Blush & Co Hand Cream A,Blush & Co,Bath & Body,Hand Cream,Others,Active,489,26,29,,1,581,BGR North,4,4,,40
2026-09,OUT0015,Nykaa Luxe - Bhubaneswar 5,Nykaa Luxe,MBO,Bhubaneswar,Odisha,East,SKU0001,Blush & Co Moisturizer A,Blush & Co,Skincare,Moisturizer,Others,Active,2319,27,31,,3,6856,BGR East,8,7,,45
2026-09,OUT0015,Nykaa Luxe - Bhubaneswar 5,Nykaa Luxe,MBO,Bhubaneswar,Odisha,East,SKU0002,Verde Moisturizer B,Verde,Skincare,Moisturizer,Top 10,Active,1179,45,83,,38,41719,BGR East,76,76,,42
2026-09,OUT0015,Nykaa Luxe - Bhubaneswar 5,Nykaa Luxe,MBO,Bhubaneswar,Odisha,East,SKU0003,Verde Serum A,Verde,Skincare,Serum,Top 25,Active,2419,91,98,,35,92636,BGR East,61,42,,47
2026-09,OUT0015,Nykaa Luxe - Bhubaneswar 5,Nykaa Luxe,MBO,Bhubaneswar,Odisha,East,SKU0006,Blush & Co Cleanser A,Blush & Co,Skincare,Cleanser,Top 10,Active,289,495,488,,55,16616,BGR East,51,48,,44
2026-09,OUT0015,Nykaa Luxe - Bhubaneswar 5,Nykaa Luxe,MBO,Bhubaneswar,Odisha,East,SKU0011,Lumina Foundation B,Lumina,Makeup,Foundation,Top 10,Inactive,1889,293,300,,25,46266,BGR East,47,32,,52
2026-09,OUT0015,Nykaa Luxe - Bhubaneswar 5,Nykaa Luxe,MBO,Bhubaneswar,Odisha,East,SKU0013,Northline Lipstick B,Northline,Makeup,Lipstick,Others,Active,2469,22,24,,1,3078,BGR East,3,3,,49
2026-09,OUT0015,Nykaa Luxe - Bhubaneswar 5,Nykaa Luxe,MBO,Bhubaneswar,Odisha,East,SKU0014,Lumina Lipstick C,Lumina,Makeup,Lipstick,Top 25,Active,1729,32,39,,17,27970,BGR East,30,24,,53
2026-09,OUT0015,Nykaa Luxe - Bhubaneswar 5,Nykaa Luxe,MBO,Bhubaneswar,Odisha,East,SKU0015,Blush & Co Mascara A,Blush & Co,Makeup,Mascara,Top 25,Active,1219,173,174,,2,2921,BGR East,5,3,,52
2026-09,OUT0015,Nykaa Luxe - Bhubaneswar 5,Nykaa Luxe,MBO,Bhubaneswar,Odisha,East,SKU0016,Verde Mascara B,Verde,Makeup,Mascara,Top 25,Active,199,75,78,,1,216,BGR East,5,4,,50
2026-09,OUT0015,Nykaa Luxe - Bhubaneswar 5,Nykaa Luxe,MBO,Bhubaneswar,Odisha,East,SKU0020,Lumina Shampoo A,Lumina,Haircare,Shampoo,Top 10,Active,509,0,27,,51,23209,BGR East,98,78,,34
2026-09,OUT0015,Nykaa Luxe - Bhubaneswar 5,Nykaa Luxe,MBO,Bhubaneswar,Odisha,East,SKU0023,Northline Conditioner B,Northline,Haircare,Conditioner,Others,Active,379,5,7,,0,0,BGR East,2,2,,33
2026-09,OUT0015,Nykaa Luxe - Bhubaneswar 5,Nykaa Luxe,MBO,Bhubaneswar,Odisha,East,SKU0027,Lumina EDP B,Lumina,Fragrance,EDP,Top 10,Active,529,157,163,,42,26933,BGR East,61,48,,57
2026-09,OUT0015,Nykaa Luxe - Bhubaneswar 5,Nykaa Luxe,MBO,Bhubaneswar,Odisha,East,SKU0028,Northline EDT A,Northline,Fragrance,EDT,Top 25,Active,1109,154,156,,2,2142,BGR East,6,4,,53
2026-09,OUT0015,Nykaa Luxe - Bhubaneswar 5,Nykaa Luxe,MBO,Bhubaneswar,Odisha,East,SKU0029,Blush & Co EDT B,Blush & Co,Fragrance,EDT,Top 25,Active,479,38,48,,22,13042,BGR East,32,32,,52
2026-09,OUT0015,Nykaa Luxe - Bhubaneswar 5,Nykaa Luxe,MBO,Bhubaneswar,Odisha,East,SKU0030,Blush & Co EDT C,Blush & Co,Fragrance,EDT,Others,Active,779,0,3,,6,4808,BGR East,13,9,,56
2026-09,OUT0015,Nykaa Luxe - Bhubaneswar 5,Nykaa Luxe,MBO,Bhubaneswar,Odisha,East,SKU0032,Northline Body Mist B,Northline,Fragrance,Body Mist,Others,Inactive,2229,51,57,,6,16087,BGR East,12,12,,52
2026-09,OUT0015,Nykaa Luxe - Bhubaneswar 5,Nykaa Luxe,MBO,Bhubaneswar,Odisha,East,SKU0033,Northline Body Lotion A,Northline,Bath & Body,Body Lotion,Top 10,Active,1239,214,250,,80,118068,BGR East,145,116,,39
2026-09,OUT0015,Nykaa Luxe - Bhubaneswar 5,Nykaa Luxe,MBO,Bhubaneswar,Odisha,East,SKU0037,Verde Body Wash C,Verde,Bath & Body,Body Wash,Top 25,Active,2239,18,21,,13,30569,BGR East,21,16,,38
2026-09,OUT0015,Nykaa Luxe - Bhubaneswar 5,Nykaa Luxe,MBO,Bhubaneswar,Odisha,East,SKU0038,Blush & Co Hand Cream A,Blush & Co,Bath & Body,Hand Cream,Others,Active,489,2,3,,0,0,BGR East,2,1,,39
2026-09,OUT0016,Nykaa Luxe - Kolkata 6,Nykaa Luxe,MBO,Kolkata,West Bengal,East,SKU0002,Verde Moisturizer B,Verde,Skincare,Moisturizer,Top 10,Active,1179,252,248,,22,26843,BGR East,26,18,,44
2026-09,OUT0016,Nykaa Luxe - Kolkata 6,Nykaa Luxe,MBO,Kolkata,West Bengal,East,SKU0003,Verde Serum A,Verde,Skincare,Serum,Top 25,Active,2419,179,181,,24,52237,BGR East,38,26,,47
2026-09,OUT0016,Nykaa Luxe - Kolkata 6,Nykaa Luxe,MBO,Kolkata,West Bengal,East,SKU0004,Northline Serum B,Northline,Skincare,Serum,Top 25,Active,2489,43,44,,7,19713,BGR East,9,8,,48
2026-09,OUT0016,Nykaa Luxe - Kolkata 6,Nykaa Luxe,MBO,Kolkata,West Bengal,East,SKU0005,Northline Serum C,Northline,Skincare,Serum,Others,Inactive,1819,27,29,,1,1833,BGR East,3,3,,46
2026-09,OUT0016,Nykaa Luxe - Kolkata 6,Nykaa Luxe,MBO,Kolkata,West Bengal,East,SKU0006,Blush & Co Cleanser A,Blush & Co,Skincare,Cleanser,Top 10,Active,289,19,7,,49,14124,BGR East,42,37,,46
2026-09,OUT0016,Nykaa Luxe - Kolkata 6,Nykaa Luxe,MBO,Kolkata,West Bengal,East,SKU0011,Lumina Foundation B,Lumina,Makeup,Foundation,Top 10,Inactive,1889,179,192,,18,39536,BGR East,35,31,,52
2026-09,OUT0016,Nykaa Luxe - Kolkata 6,Nykaa Luxe,MBO,Kolkata,West Bengal,East,SKU0012,Northline Lipstick A,Northline,Makeup,Lipstick,Others,Active,2429,40,43,,1,2501,BGR East,6,4,,51
2026-09,OUT0016,Nykaa Luxe - Kolkata 6,Nykaa Luxe,MBO,Kolkata,West Bengal,East,SKU0014,Lumina Lipstick C,Lumina,Makeup,Lipstick,Top 25,Active,1729,5,16,,16,27574,BGR East,31,27,,52
2026-09,OUT0016,Nykaa Luxe - Kolkata 6,Nykaa Luxe,MBO,Kolkata,West Bengal,East,SKU0016,Verde Mascara B,Verde,Makeup,Mascara,Top 25,Active,199,0,0,,6,1315,BGR East,9,6,,48
2026-09,OUT0016,Nykaa Luxe - Kolkata 6,Nykaa Luxe,MBO,Kolkata,West Bengal,East,SKU0017,Lumina Mascara C,Lumina,Makeup,Mascara,Top 10,Active,529,19,23,,12,7143,BGR East,23,16,,50
2026-09,OUT0016,Nykaa Luxe - Kolkata 6,Nykaa Luxe,MBO,Kolkata,West Bengal,East,SKU0018,Northline Eyeliner A,Northline,Makeup,Eyeliner,Others,Active,1959,27,28,,0,0,BGR East,1,1,,52
2026-09,OUT0016,Nykaa Luxe - Kolkata 6,Nykaa Luxe,MBO,Kolkata,West Bengal,East,SKU0020,Lumina Shampoo A,Lumina,Haircare,Shampoo,Top 10,Active,509,0,5,,21,11262,BGR East,38,26,,38
2026-09,OUT0016,Nykaa Luxe - Kolkata 6,Nykaa Luxe,MBO,Kolkata,West Bengal,East,SKU0027,Lumina EDP B,Lumina,Fragrance,EDP,Top 10,Active,529,123,123,,29,18728,BGR East,29,29,,56
2026-09,OUT0016,Nykaa Luxe - Kolkata 6,Nykaa Luxe,MBO,Kolkata,West Bengal,East,SKU0029,Blush & Co EDT B,Blush & Co,Fragrance,EDT,Top 25,Active,479,84,87,,13,5927,BGR East,23,16,,52
2026-09,OUT0016,Nykaa Luxe - Kolkata 6,Nykaa Luxe,MBO,Kolkata,West Bengal,East,SKU0030,Blush & Co EDT C,Blush & Co,Fragrance,EDT,Others,Active,779,42,46,,5,3763,BGR East,9,9,,52
2026-09,OUT0016,Nykaa Luxe - Kolkata 6,Nykaa Luxe,MBO,Kolkata,West Bengal,East,SKU0033,Northline Body Lotion A,Northline,Bath & Body,Body Lotion,Top 10,Active,1239,373,378,,58,64897,BGR East,71,63,,40
2026-09,OUT0016,Nykaa Luxe - Kolkata 6,Nykaa Luxe,MBO,Kolkata,West Bengal,East,SKU0036,Northline Body Wash B,Northline,Bath & Body,Body Wash,Others,Active,1179,0,4,,0,0,BGR East,5,4,,37
2026-09,OUT0016,Nykaa Luxe - Kolkata 6,Nykaa Luxe,MBO,Kolkata,West Bengal,East,SKU0037,Verde Body Wash C,Verde,Bath & Body,Body Wash,Top 25,Active,2239,1,9,,6,13505,BGR East,15,14,,42
2026-09,OUT0016,Nykaa Luxe - Kolkata 6,Nykaa Luxe,MBO,Kolkata,West Bengal,East,SKU0038,Blush & Co Hand Cream A,Blush & Co,Bath & Body,Hand Cream,Others,Active,489,19,19,,3,1329,BGR East,5,3,,39
2026-09,OUT0017,Nykaa Luxe - Bhubaneswar 7,Nykaa Luxe,MBO,Bhubaneswar,Odisha,East,SKU0002,Verde Moisturizer B,Verde,Skincare,Moisturizer,Top 10,Active,1179,55,89,,38,47124,BGR East,72,72,,42
2026-09,OUT0017,Nykaa Luxe - Bhubaneswar 7,Nykaa Luxe,MBO,Bhubaneswar,Odisha,East,SKU0003,Verde Serum A,Verde,Skincare,Serum,Top 25,Active,2419,107,102,,30,72075,BGR East,27,25,,46
2026-09,OUT0017,Nykaa Luxe - Bhubaneswar 7,Nykaa Luxe,MBO,Bhubaneswar,Odisha,East,SKU0004,Northline Serum B,Northline,Skincare,Serum,Top 25,Active,2489,89,0,,7,17799,BGR East,8,5,,46
2026-09,OUT0017,Nykaa Luxe - Bhubaneswar 7,Nykaa Luxe,MBO,Bhubaneswar,Odisha,East,SKU0005,Northline Serum C,Northline,Skincare,Serum,Others,Inactive,1819,1,3,,0,0,BGR East,2,2,,45
2026-09,OUT0017,Nykaa Luxe - Bhubaneswar 7,Nykaa Luxe,MBO,Bhubaneswar,Odisha,East,SKU0006,Blush & Co Cleanser A,Blush & Co,Skincare,Cleanser,Top 10,Active,289,51,93,,50,14643,BGR East,103,92,,45
2026-09,OUT0017,Nykaa Luxe - Bhubaneswar 7,Nykaa Luxe,MBO,Bhubaneswar,Odisha,East,SKU0007,Northline Cleanser B,Northline,Skincare,Cleanser,Others,Active,1809,15,15,,1,2144,BGR East,2,1,,42
2026-09,OUT0017,Nykaa Luxe - Bhubaneswar 7,Nykaa Luxe,MBO,Bhubaneswar,Odisha,East,SKU0009,Blush & Co Sunscreen B,Blush & Co,Skincare,Sunscreen,Others,Inactive,1629,61,60,,5,9487,BGR East,7,4,,45
2026-09,OUT0017,Nykaa Luxe - Bhubaneswar 7,Nykaa Luxe,MBO,Bhubaneswar,Odisha,East,SKU0011,Lumina Foundation B,Lumina,Makeup,Foundation,Top 10,Inactive,1889,0,0,,21,36976,BGR East,21,16,,47
2026-09,OUT0017,Nykaa Luxe - Bhubaneswar 7,Nykaa Luxe,MBO,Bhubaneswar,Odisha,East,SKU0013,Northline Lipstick B,Northline,Makeup,Lipstick,Others,Active,2469,25,25,,0,0,BGR East,1,0,,47
2026-09,OUT0017,Nykaa Luxe - Bhubaneswar 7,Nykaa Luxe,MBO,Bhubaneswar,Odisha,East,SKU0014,Lumina Lipstick C,Lumina,Makeup,Lipstick,Top 25,Active,1729,7,6,,12,24342,BGR East,17,11,,49
2026-09,OUT0017,Nykaa Luxe - Bhubaneswar 7,Nykaa Luxe,MBO,Bhubaneswar,Odisha,East,SKU0015,Blush & Co Mascara A,Blush & Co,Makeup,Mascara,Top 25,Active,1219,11,19,,7,8667,BGR East,15,15,,47
2026-09,OUT0017,Nykaa Luxe - Bhubaneswar 7,Nykaa Luxe,MBO,Bhubaneswar,Odisha,East,SKU0016,Verde Mascara B,Verde,Makeup,Mascara,Top 25,Active,199,74,78,,12,2718,BGR East,18,16,,52
2026-09,OUT0017,Nykaa Luxe - Bhubaneswar 7,Nykaa Luxe,MBO,Bhubaneswar,Odisha,East,SKU0017,Lumina Mascara C,Lumina,Makeup,Mascara,Top 10,Active,529,120,133,,23,14001,BGR East,41,36,,49
2026-09,OUT0017,Nykaa Luxe - Bhubaneswar 7,Nykaa Luxe,MBO,Bhubaneswar,Odisha,East,SKU0020,Lumina Shampoo A,Lumina,Haircare,Shampoo,Top 10,Active,509,8,10,,24,12115,BGR East,33,26,,35
2026-09,OUT0017,Nykaa Luxe - Bhubaneswar 7,Nykaa Luxe,MBO,Bhubaneswar,Odisha,East,SKU0021,Verde Shampoo B,Verde,Haircare,Shampoo,Others,Active,1319,4,5,,3,4208,BGR East,7,4,,37
2026-09,OUT0017,Nykaa Luxe - Bhubaneswar 7,Nykaa Luxe,MBO,Bhubaneswar,Odisha,East,SKU0023,Northline Conditioner B,Northline,Haircare,Conditioner,Others,Active,379,10,11,,0,0,BGR East,1,1,,32
2026-09,OUT0017,Nykaa Luxe - Bhubaneswar 7,Nykaa Luxe,MBO,Bhubaneswar,Odisha,East,SKU0027,Lumina EDP B,Lumina,Fragrance,EDP,Top 10,Active,529,173,185,,32,20953,BGR East,49,44,,54
2026-09,OUT0017,Nykaa Luxe - Bhubaneswar 7,Nykaa Luxe,MBO,Bhubaneswar,Odisha,East,SKU0028,Northline EDT A,Northline,Fragrance,EDT,Top 25,Active,1109,0,0,,24,25931,BGR East,21,16,,55
2026-09,OUT0017,Nykaa Luxe - Bhubaneswar 7,Nykaa Luxe,MBO,Bhubaneswar,Odisha,East,SKU0029,Blush & Co EDT B,Blush & Co,Fragrance,EDT,Top 25,Active,479,92,97,,14,7642,BGR East,19,19,,52
2026-09,OUT0017,Nykaa Luxe - Bhubaneswar 7,Nykaa Luxe,MBO,Bhubaneswar,Odisha,East,SKU0031,Lumina Body Mist A,Lumina,Fragrance,Body Mist,Top 25,Active,2119,57,52,,16,36423,BGR East,14,11,,55
2026-09,OUT0017,Nykaa Luxe - Bhubaneswar 7,Nykaa Luxe,MBO,Bhubaneswar,Odisha,East,SKU0032,Northline Body Mist B,Northline,Fragrance,Body Mist,Others,Inactive,2229,9,9,,6,13640,BGR East,8,6,,52
2026-09,OUT0017,Nykaa Luxe - Bhubaneswar 7,Nykaa Luxe,MBO,Bhubaneswar,Odisha,East,SKU0033,Northline Body Lotion A,Northline,Bath & Body,Body Lotion,Top 10,Active,1239,143,125,,46,67881,BGR East,41,28,,39
2026-09,OUT0018,Nykaa Luxe - Bhubaneswar 8,Nykaa Luxe,MBO,Bhubaneswar,Odisha,East,SKU0001,Blush & Co Moisturizer A,Blush & Co,Skincare,Moisturizer,Others,Active,2319,10,11,,1,2847,BGR East,3,2,,43
2026-09,OUT0018,Nykaa Luxe - Bhubaneswar 8,Nykaa Luxe,MBO,Bhubaneswar,Odisha,East,SKU0002,Verde Moisturizer B,Verde,Skincare,Moisturizer,Top 10,Active,1179,0,0,,34,38709,BGR East,42,33,,44
2026-09,OUT0018,Nykaa Luxe - Bhubaneswar 8,Nykaa Luxe,MBO,Bhubaneswar,Odisha,East,SKU0004,Northline Serum B,Northline,Skincare,Serum,Top 25,Active,2489,3,7,,7,19669,BGR East,11,11,,44
2026-09,OUT0018,Nykaa Luxe - Bhubaneswar 8,Nykaa Luxe,MBO,Bhubaneswar,Odisha,East,SKU0007,Northline Cleanser B,Northline,Skincare,Cleanser,Others,Active,1809,8,11,,3,6118,BGR East,7,6,,48
2026-09,OUT0018,Nykaa Luxe - Bhubaneswar 8,Nykaa Luxe,MBO,Bhubaneswar,Odisha,East,SKU0009,Blush & Co Sunscreen B,Blush & Co,Skincare,Sunscreen,Others,Inactive,1629,28,32,,3,4616,BGR East,7,7,,43
2026-09,OUT0018,Nykaa Luxe - Bhubaneswar 8,Nykaa Luxe,MBO,Bhubaneswar,Odisha,East,SKU0010,Blush & Co Foundation A,Blush & Co,Makeup,Foundation,Others,Active,1419,27,32,,7,11234,BGR East,15,12,,53
2026-09,OUT0018,Nykaa Luxe - Bhubaneswar 8,Nykaa Luxe,MBO,Bhubaneswar,Odisha,East,SKU0011,Lumina Foundation B,Lumina,Makeup,Foundation,Top 10,Inactive,1889,0,0,,21,49288,BGR East,19,17,,49
2026-09,OUT0018,Nykaa Luxe - Bhubaneswar 8,Nykaa Luxe,MBO,Bhubaneswar,Odisha,East,SKU0012,Northline Lipstick A,Northline,Makeup,Lipstick,Others,Active,2429,15,15,,2,4877,BGR East,3,2,,53
2026-09,OUT0018,Nykaa Luxe - Bhubaneswar 8,Nykaa Luxe,MBO,Bhubaneswar,Odisha,East,SKU0013,Northline Lipstick B,Northline,Makeup,Lipstick,Others,Active,2469,1,4,,1,2937,BGR East,4,4,,49
2026-09,OUT0018,Nykaa Luxe - Bhubaneswar 8,Nykaa Luxe,MBO,Bhubaneswar,Odisha,East,SKU0014,Lumina Lipstick C,Lumina,Makeup,Lipstick,Top 25,Active,1729,76,79,,13,20374,BGR East,24,16,,49
2026-09,OUT0018,Nykaa Luxe - Bhubaneswar 8,Nykaa Luxe,MBO,Bhubaneswar,Odisha,East,SKU0015,Blush & Co Mascara A,Blush & Co,Makeup,Mascara,Top 25,Active,1219,221,222,,13,18273,BGR East,14,14,,51
2026-09,OUT0018,Nykaa Luxe - Bhubaneswar 8,Nykaa Luxe,MBO,Bhubaneswar,Odisha,East,SKU0017,Lumina Mascara C,Lumina,Makeup,Mascara,Top 10,Active,529,308,314,,12,6287,BGR East,18,18,,48
2026-09,OUT0018,Nykaa Luxe - Bhubaneswar 8,Nykaa Luxe,MBO,Bhubaneswar,Odisha,East,SKU0019,Northline Eyeliner B,Northline,Makeup,Eyeliner,Others,Active,1889,1,0,,4,7171,BGR East,6,4,,53
2026-09,OUT0018,Nykaa Luxe - Bhubaneswar 8,Nykaa Luxe,MBO,Bhubaneswar,Odisha,East,SKU0020,Lumina Shampoo A,Lumina,Haircare,Shampoo,Top 10,Active,509,3,9,,23,12699,BGR East,29,29,,38
2026-09,OUT0018,Nykaa Luxe - Bhubaneswar 8,Nykaa Luxe,MBO,Bhubaneswar,Odisha,East,SKU0022,Northline Conditioner A,Northline,Haircare,Conditioner,Others,Active,779,62,66,,4,3617,BGR East,9,8,,35
2026-09,OUT0018,Nykaa Luxe - Bhubaneswar 8,Nykaa Luxe,MBO,Bhubaneswar,Odisha,East,SKU0023,Northline Conditioner B,Northline,Haircare,Conditioner,Others,Active,379,8,8,,0,0,BGR East,1,0,,35
2026-09,OUT0018,Nykaa Luxe - Bhubaneswar 8,Nykaa Luxe,MBO,Bhubaneswar,Odisha,East,SKU0027,Lumina EDP B,Lumina,Fragrance,EDP,Top 10,Active,529,308,324,,25,13138,BGR East,41,41,,56
2026-09,OUT0018,Nykaa Luxe - Bhubaneswar 8,Nykaa Luxe,MBO,Bhubaneswar,Odisha,East,SKU0028,Northline EDT A,Northline,Fragrance,EDT,Top 25,Active,1109,21,20,,18,19626,BGR East,18,17,,55
2026-09,OUT0018,Nykaa Luxe - Bhubaneswar 8,Nykaa Luxe,MBO,Bhubaneswar,Odisha,East,SKU0029,Blush & Co EDT B,Blush & Co,Fragrance,EDT,Top 25,Active,479,19,25,,10,5713,BGR East,16,16,,57
2026-09,OUT0018,Nykaa Luxe - Bhubaneswar 8,Nykaa Luxe,MBO,Bhubaneswar,Odisha,East,SKU0030,Blush & Co EDT C,Blush & Co,Fragrance,EDT,Others,Active,779,43,0,,10,7357,BGR East,17,13,,58
2026-09,OUT0018,Nykaa Luxe - Bhubaneswar 8,Nykaa Luxe,MBO,Bhubaneswar,Odisha,East,SKU0033,Northline Body Lotion A,Northline,Bath & Body,Body Lotion,Top 10,Active,1239,114,0,,27,41483,BGR East,30,28,,38
2026-09,OUT0018,Nykaa Luxe - Bhubaneswar 8,Nykaa Luxe,MBO,Bhubaneswar,Odisha,East,SKU0034,Northline Body Lotion B,Northline,Bath & Body,Body Lotion,Top 25,Active,989,110,115,,11,12536,BGR East,23,16,,37
2026-09,OUT0018,Nykaa Luxe - Bhubaneswar 8,Nykaa Luxe,MBO,Bhubaneswar,Odisha,East,SKU0037,Verde Body Wash C,Verde,Bath & Body,Body Wash,Top 25,Active,2239,10,15,,10,22300,BGR East,17,15,,42
2026-09,OUT0019,Nykaa Luxe - Ahmedabad 9,Nykaa Luxe,MBO,Ahmedabad,Gujarat,West,SKU0002,Verde Moisturizer B,Verde,Skincare,Moisturizer,Top 10,Active,1179,153,164,,69,86165,BGR West,100,80,,44
2026-09,OUT0019,Nykaa Luxe - Ahmedabad 9,Nykaa Luxe,MBO,Ahmedabad,Gujarat,West,SKU0003,Verde Serum A,Verde,Skincare,Serum,Top 25,Active,2419,121,123,,19,55921,BGR West,30,21,,47
2026-09,OUT0019,Nykaa Luxe - Ahmedabad 9,Nykaa Luxe,MBO,Ahmedabad,Gujarat,West,SKU0004,Northline Serum B,Northline,Skincare,Serum,Top 25,Active,2489,21,0,,7,19102,BGR West,17,17,,46
2026-09,OUT0019,Nykaa Luxe - Ahmedabad 9,Nykaa Luxe,MBO,Ahmedabad,Gujarat,West,SKU0005,Northline Serum C,Northline,Skincare,Serum,Others,Inactive,1819,6,8,,1,1875,BGR West,4,3,,42
2026-09,OUT0019,Nykaa Luxe - Ahmedabad 9,Nykaa Luxe,MBO,Ahmedabad,Gujarat,West,SKU0006,Blush & Co Cleanser A,Blush & Co,Skincare,Cleanser,Top 10,Active,289,387,429,,43,15048,BGR West,85,85,,48
2026-09,OUT0019,Nykaa Luxe - Ahmedabad 9,Nykaa Luxe,MBO,Ahmedabad,Gujarat,West,SKU0009,Blush & Co Sunscreen B,Blush & Co,Skincare,Sunscreen,Others,Inactive,1629,51,50,,3,5858,BGR West,3,2,,46
2026-09,OUT0019,Nykaa Luxe - Ahmedabad 9,Nykaa Luxe,MBO,Ahmedabad,Gujarat,West,SKU0010,Blush & Co Foundation A,Blush & Co,Makeup,Foundation,Others,Active,1419,21,26,,3,4099,BGR West,11,8,,47
2026-09,OUT0019,Nykaa Luxe - Ahmedabad 9,Nykaa Luxe,MBO,Ahmedabad,Gujarat,West,SKU0011,Lumina Foundation B,Lumina,Makeup,Foundation,Top 10,Inactive,1889,68,73,,10,22901,BGR West,15,15,,52
2026-09,OUT0019,Nykaa Luxe - Ahmedabad 9,Nykaa Luxe,MBO,Ahmedabad,Gujarat,West,SKU0012,Northline Lipstick A,Northline,Makeup,Lipstick,Others,Active,2429,4,9,,3,8576,BGR West,9,8,,47
2026-09,OUT0019,Nykaa Luxe - Ahmedabad 9,Nykaa Luxe,MBO,Ahmedabad,Gujarat,West,SKU0014,Lumina Lipstick C,Lumina,Makeup,Lipstick,Top 25,Active,1729,41,0,,12,26000,BGR West,18,18,,50
2026-09,OUT0019,Nykaa Luxe - Ahmedabad 9,Nykaa Luxe,MBO,Ahmedabad,Gujarat,West,SKU0015,Blush & Co Mascara A,Blush & Co,Makeup,Mascara,Top 25,Active,1219,29,38,,9,12730,BGR West,18,18,,53
2026-09,OUT0019,Nykaa Luxe - Ahmedabad 9,Nykaa Luxe,MBO,Ahmedabad,Gujarat,West,SKU0017,Lumina Mascara C,Lumina,Makeup,Mascara,Top 10,Active,529,0,7,,21,10575,BGR West,36,28,,49
2026-09,OUT0019,Nykaa Luxe - Ahmedabad 9,Nykaa Luxe,MBO,Ahmedabad,Gujarat,West,SKU0020,Lumina Shampoo A,Lumina,Haircare,Shampoo,Top 10,Active,509,208,224,,26,13819,BGR West,42,42,,37
2026-09,OUT0019,Nykaa Luxe - Ahmedabad 9,Nykaa Luxe,MBO,Ahmedabad,Gujarat,West,SKU0021,Verde Shampoo B,Verde,Haircare,Shampoo,Others,Active,1319,72,76,,5,6235,BGR West,11,9,,37
2026-09,OUT0019,Nykaa Luxe - Ahmedabad 9,Nykaa Luxe,MBO,Ahmedabad,Gujarat,West,SKU0022,Northline Conditioner A,Northline,Haircare,Conditioner,Others,Active,779,74,76,,4,3625,BGR West,9,6,,33
2026-09,OUT0019,Nykaa Luxe - Ahmedabad 9,Nykaa Luxe,MBO,Ahmedabad,Gujarat,West,SKU0027,Lumina EDP B,Lumina,Fragrance,EDP,Top 10,Active,529,53,56,,28,15281,BGR West,35,31,,56
2026-09,OUT0019,Nykaa Luxe - Ahmedabad 9,Nykaa Luxe,MBO,Ahmedabad,Gujarat,West,SKU0028,Northline EDT A,Northline,Fragrance,EDT,Top 25,Active,1109,49,63,,12,12098,BGR West,26,26,,55
2026-09,OUT0019,Nykaa Luxe - Ahmedabad 9,Nykaa Luxe,MBO,Ahmedabad,Gujarat,West,SKU0030,Blush & Co EDT C,Blush & Co,Fragrance,EDT,Others,Active,779,57,65,,10,9759,BGR West,20,18,,52
2026-09,OUT0019,Nykaa Luxe - Ahmedabad 9,Nykaa Luxe,MBO,Ahmedabad,Gujarat,West,SKU0031,Lumina Body Mist A,Lumina,Fragrance,Body Mist,Top 25,Active,2119,125,141,,20,40650,BGR West,40,36,,53
2026-09,OUT0019,Nykaa Luxe - Ahmedabad 9,Nykaa Luxe,MBO,Ahmedabad,Gujarat,West,SKU0033,Northline Body Lotion A,Northline,Bath & Body,Body Lotion,Top 10,Active,1239,7,5,,52,62048,BGR West,56,50,,42
2026-09,OUT0019,Nykaa Luxe - Ahmedabad 9,Nykaa Luxe,MBO,Ahmedabad,Gujarat,West,SKU0034,Northline Body Lotion B,Northline,Bath & Body,Body Lotion,Top 25,Active,989,213,211,,15,17689,BGR West,19,13,,41
2026-09,OUT0019,Nykaa Luxe - Ahmedabad 9,Nykaa Luxe,MBO,Ahmedabad,Gujarat,West,SKU0035,Northline Body Wash A,Northline,Bath & Body,Body Wash,Others,Active,469,18,21,,3,1517,BGR West,7,6,,40
2026-09,OUT0019,Nykaa Luxe - Ahmedabad 9,Nykaa Luxe,MBO,Ahmedabad,Gujarat,West,SKU0036,Northline Body Wash B,Northline,Bath & Body,Body Wash,Others,Active,1179,13,14,,1,1122,BGR West,3,2,,41
2026-09,OUT0019,Nykaa Luxe - Ahmedabad 9,Nykaa Luxe,MBO,Ahmedabad,Gujarat,West,SKU0038,Blush & Co Hand Cream A,Blush & Co,Bath & Body,Hand Cream,Others,Active,489,16,18,,4,1905,BGR West,7,6,,40
2026-09,OUT0019,Nykaa Luxe - Ahmedabad 9,Nykaa Luxe,MBO,Ahmedabad,Gujarat,West,SKU0039,Northline Hand Cream B,Northline,Bath & Body,Hand Cream,Others,Active,1189,56,62,,7,8938,BGR West,13,13,,41
2026-09,OUT0020,Reliance Beauty - New Delhi 1,Reliance Beauty,Department Store,New Delhi,Delhi,North,SKU0002,Verde Moisturizer B,Verde,Skincare,Moisturizer,Top 10,Active,1179,9,9,,10,12077,BGR North,15,10,,48
2026-09,OUT0020,Reliance Beauty - New Delhi 1,Reliance Beauty,Department Store,New Delhi,Delhi,North,SKU0004,Northline Serum B,Northline,Skincare,Serum,Top 25,Active,2489,49,48,,3,7659,BGR North,3,2,,44
2026-09,OUT0020,Reliance Beauty - New Delhi 1,Reliance Beauty,Department Store,New Delhi,Delhi,North,SKU0010,Blush & Co Foundation A,Blush & Co,Makeup,Foundation,Others,Active,1419,17,21,,1,1692,BGR North,5,5,,47
2026-09,OUT0020,Reliance Beauty - New Delhi 1,Reliance Beauty,Department Store,New Delhi,Delhi,North,SKU0011,Lumina Foundation B,Lumina,Makeup,Foundation,Top 10,Inactive,1889,29,32,,5,9508,BGR North,10,8,,50
2026-09,OUT0020,Reliance Beauty - New Delhi 1,Reliance Beauty,Department Store,New Delhi,Delhi,North,SKU0012,Northline Lipstick A,Northline,Makeup,Lipstick,Others,Active,2429,14,14,,0,0,BGR North,1,0,,52
2026-09,OUT0020,Reliance Beauty - New Delhi 1,Reliance Beauty,Department Store,New Delhi,Delhi,North,SKU0013,Northline Lipstick B,Northline,Makeup,Lipstick,Others,Active,2469,13,15,,0,0,BGR North,3,2,,50
2026-09,OUT0020,Reliance Beauty - New Delhi 1,Reliance Beauty,Department Store,New Delhi,Delhi,North,SKU0015,Blush & Co Mascara A,Blush & Co,Makeup,Mascara,Top 25,Active,1219,39,38,,5,6371,BGR North,7,4,,52
2026-09,OUT0020,Reliance Beauty - New Delhi 1,Reliance Beauty,Department Store,New Delhi,Delhi,North,SKU0016,Verde Mascara B,Verde,Makeup,Mascara,Top 25,Active,199,61,61,,3,667,BGR North,4,3,,51
2026-09,OUT0020,Reliance Beauty - New Delhi 1,Reliance Beauty,Department Store,New Delhi,Delhi,North,SKU0017,Lumina Mascara C,Lumina,Makeup,Mascara,Top 10,Active,529,28,27,,4,2555,BGR North,5,3,,53
2026-09,OUT0020,Reliance Beauty - New Delhi 1,Reliance Beauty,Department Store,New Delhi,Delhi,North,SKU0018,Northline Eyeliner A,Northline,Makeup,Eyeliner,Others,Active,1959,0,1,,0,0,BGR North,2,1,,47
2026-09,OUT0020,Reliance Beauty - New Delhi 1,Reliance Beauty,Department Store,New Delhi,Delhi,North,SKU0019,Northline Eyeliner B,Northline,Makeup,Eyeliner,Others,Active,1889,45,47,,2,3503,BGR North,5,4,,52
2026-09,OUT0020,Reliance Beauty - New Delhi 1,Reliance Beauty,Department Store,New Delhi,Delhi,North,SKU0020,Lumina Shampoo A,Lumina,Haircare,Shampoo,Top 10,Active,509,58,58,,7,3366,BGR North,7,7,,36
2026-09,OUT0020,Reliance Beauty - New Delhi 1,Reliance Beauty,Department Store,New Delhi,Delhi,North,SKU0028,Northline EDT A,Northline,Fragrance,EDT,Top 25,Active,1109,28,33,,5,6415,BGR North,13,10,,54
2026-09,OUT0020,Reliance Beauty - New Delhi 1,Reliance Beauty,Department Store,New Delhi,Delhi,North,SKU0030,Blush & Co EDT C,Blush & Co,Fragrance,EDT,Others,Active,779,42,45,,1,920,BGR North,4,4,,54
2026-09,OUT0020,Reliance Beauty - New Delhi 1,Reliance Beauty,Department Store,New Delhi,Delhi,North,SKU0031,Lumina Body Mist A,Lumina,Fragrance,Body Mist,Top 25,Active,2119,43,49,,7,15083,BGR North,13,13,,55
2026-09,OUT0020,Reliance Beauty - New Delhi 1,Reliance Beauty,Department Store,New Delhi,Delhi,North,SKU0033,Northline Body Lotion A,Northline,Bath & Body,Body Lotion,Top 10,Active,1239,70,78,,22,33720,BGR North,38,30,,41
2026-09,OUT0020,Reliance Beauty - New Delhi 1,Reliance Beauty,Department Store,New Delhi,Delhi,North,SKU0034,Northline Body Lotion B,Northline,Bath & Body,Body Lotion,Top 25,Active,989,44,46,,6,6050,BGR North,9,8,,39
2026-09,OUT0020,Reliance Beauty - New Delhi 1,Reliance Beauty,Department Store,New Delhi,Delhi,North,SKU0038,Blush & Co Hand Cream A,Blush & Co,Bath & Body,Hand Cream,Others,Active,489,0,2,,1,469,BGR North,5,3,,42
2026-09,OUT0021,Reliance Beauty - Surat 2,Reliance Beauty,Department Store,Surat,Gujarat,West,SKU0002,Verde Moisturizer B,Verde,Skincare,Moisturizer,Top 10,Active,1179,0,30,,27,34712,BGR West,57,57,,45
2026-09,OUT0021,Reliance Beauty - Surat 2,Reliance Beauty,Department Store,Surat,Gujarat,West,SKU0004,Northline Serum B,Northline,Skincare,Serum,Top 25,Active,2489,56,60,,5,13419,BGR West,9,9,,42
2026-09,OUT0021,Reliance Beauty - Surat 2,Reliance Beauty,Department Store,Surat,Gujarat,West,SKU0006,Blush & Co Cleanser A,Blush & Co,Skincare,Cleanser,Top 10,Active,289,246,262,,53,16228,BGR West,99,69,,43
2026-09,OUT0021,Reliance Beauty - Surat 2,Reliance Beauty,Department Store,Surat,Gujarat,West,SKU0011,Lumina Foundation B,Lumina,Makeup,Foundation,Top 10,Inactive,1889,146,145,,18,40851,BGR West,18,17,,49
2026-09,OUT0021,Reliance Beauty - Surat 2,Reliance Beauty,Department Store,Surat,Gujarat,West,SKU0014,Lumina Lipstick C,Lumina,Makeup,Lipstick,Top 25,Active,1729,43,50,,13,22714,BGR West,25,20,,53
2026-09,OUT0021,Reliance Beauty - Surat 2,Reliance Beauty,Department Store,Surat,Gujarat,West,SKU0015,Blush & Co Mascara A,Blush & Co,Makeup,Mascara,Top 25,Active,1219,81,87,,14,20245,BGR West,26,20,,52
2026-09,OUT0021,Reliance Beauty - Surat 2,Reliance Beauty,Department Store,Surat,Gujarat,West,SKU0016,Verde Mascara B,Verde,Makeup,Mascara,Top 25,Active,199,31,32,,14,3390,BGR West,15,15,,49
2026-09,OUT0021,Reliance Beauty - Surat 2,Reliance Beauty,Department Store,Surat,Gujarat,West,SKU0017,Lumina Mascara C,Lumina,Makeup,Mascara,Top 10,Active,529,179,184,,21,11195,BGR West,28,26,,48
2026-09,OUT0021,Reliance Beauty - Surat 2,Reliance Beauty,Department Store,Surat,Gujarat,West,SKU0019,Northline Eyeliner B,Northline,Makeup,Eyeliner,Others,Active,1889,0,0,,5,9928,BGR West,6,4,,51
2026-09,OUT0021,Reliance Beauty - Surat 2,Reliance Beauty,Department Store,Surat,Gujarat,West,SKU0020,Lumina Shampoo A,Lumina,Haircare,Shampoo,Top 10,Active,509,85,76,,23,12724,BGR West,18,14,,38
2026-09,OUT0021,Reliance Beauty - Surat 2,Reliance Beauty,Department Store,Surat,Gujarat,West,SKU0021,Verde Shampoo B,Verde,Haircare,Shampoo,Others,Active,1319,42,0,,4,5926,BGR West,3,3,,35
2026-09,OUT0021,Reliance Beauty - Surat 2,Reliance Beauty,Department Store,Surat,Gujarat,West,SKU0022,Northline Conditioner A,Northline,Haircare,Conditioner,Others,Active,779,41,46,,4,3605,BGR West,9,9,,32
2026-09,OUT0021,Reliance Beauty - Surat 2,Reliance Beauty,Department Store,Surat,Gujarat,West,SKU0023,Northline Conditioner B,Northline,Haircare,Conditioner,Others,Active,379,23,26,,0,0,BGR West,3,3,,33
2026-09,OUT0021,Reliance Beauty - Surat 2,Reliance Beauty,Department Store,Surat,Gujarat,West,SKU0028,Northline EDT A,Northline,Fragrance,EDT,Top 25,Active,1109,72,70,,17,17144,BGR West,15,15,,53
2026-09,OUT0021,Reliance Beauty - Surat 2,Reliance Beauty,Department Store,Surat,Gujarat,West,SKU0029,Blush & Co EDT B,Blush & Co,Fragrance,EDT,Top 25,Active,479,78,86,,15,6459,BGR West,25,23,,52
2026-09,OUT0021,Reliance Beauty - Surat 2,Reliance Beauty,Department Store,Surat,Gujarat,West,SKU0031,Lumina Body Mist A,Lumina,Fragrance,Body Mist,Top 25,Active,2119,79,90,,12,26599,BGR West,23,23,,56
2026-09,OUT0021,Reliance Beauty - Surat 2,Reliance Beauty,Department Store,Surat,Gujarat,West,SKU0032,Northline Body Mist B,Northline,Fragrance,Body Mist,Others,Inactive,2229,0,1,,6,12328,BGR West,9,7,,57
2026-09,OUT0021,Reliance Beauty - Surat 2,Reliance Beauty,Department Store,Surat,Gujarat,West,SKU0033,Northline Body Lotion A,Northline,Bath & Body,Body Lotion,Top 10,Active,1239,83,103,,31,45963,BGR West,54,51,,40
2026-09,OUT0021,Reliance Beauty - Surat 2,Reliance Beauty,Department Store,Surat,Gujarat,West,SKU0034,Northline Body Lotion B,Northline,Bath & Body,Body Lotion,Top 25,Active,989,47,57,,21,23488,BGR West,31,31,,42
2026-09,OUT0021,Reliance Beauty - Surat 2,Reliance Beauty,Department Store,Surat,Gujarat,West,SKU0038,Blush & Co Hand Cream A,Blush & Co,Bath & Body,Hand Cream,Others,Active,489,10,11,,4,1952,BGR West,6,5,,39
2026-09,OUT0021,Reliance Beauty - Surat 2,Reliance Beauty,Department Store,Surat,Gujarat,West,SKU0039,Northline Hand Cream B,Northline,Bath & Body,Hand Cream,Others,Active,1189,44,46,,6,7550,BGR West,8,8,,37
2026-09,OUT0022,Reliance Beauty - Kolkata 3,Reliance Beauty,Department Store,Kolkata,West Bengal,East,SKU0002,Verde Moisturizer B,Verde,Skincare,Moisturizer,Top 10,Active,1179,66,70,,6,8460,BGR East,10,10,,43
2026-09,OUT0022,Reliance Beauty - Kolkata 3,Reliance Beauty,Department Store,Kolkata,West Bengal,East,SKU0003,Verde Serum A,Verde,Skincare,Serum,Top 25,Active,2419,50,0,,6,13952,BGR East,12,12,,48
2026-09,OUT0022,Reliance Beauty - Kolkata 3,Reliance Beauty,Department Store,Kolkata,West Bengal,East,SKU0004,Northline Serum B,Northline,Skincare,Serum,Top 25,Active,2489,0,0,,1,2390,BGR East,2,1,,42
2026-09,OUT0022,Reliance Beauty - Kolkata 3,Reliance Beauty,Department Store,Kolkata,West Bengal,East,SKU0006,Blush & Co Cleanser A,Blush & Co,Skincare,Cleanser,Top 10,Active,289,16,30,,11,3231,BGR East,25,25,,45
2026-09,OUT0022,Reliance Beauty - Kolkata 3,Reliance Beauty,Department Store,Kolkata,West Bengal,East,SKU0008,Lumina Sunscreen A,Lumina,Skincare,Sunscreen,Others,Active,1599,6,8,,0,0,BGR East,2,2,,43
2026-09,OUT0022,Reliance Beauty - Kolkata 3,Reliance Beauty,Department Store,Kolkata,West Bengal,East,SKU0011,Lumina Foundation B,Lumina,Makeup,Foundation,Top 10,Inactive,1889,23,25,,3,6071,BGR East,7,5,,47
2026-09,OUT0022,Reliance Beauty - Kolkata 3,Reliance Beauty,Department Store,Kolkata,West Bengal,East,SKU0012,Northline Lipstick A,Northline,Makeup,Lipstick,Others,Active,2429,0,0,,0,0,BGR East,1,0,,53
2026-09,OUT0022,Reliance Beauty - Kolkata 3,Reliance Beauty,Department Store,Kolkata,West Bengal,East,SKU0013,Northline Lipstick B,Northline,Makeup,Lipstick,Others,Active,2469,11,13,,0,0,BGR East,2,2,,53
2026-09,OUT0022,Reliance Beauty - Kolkata 3,Reliance Beauty,Department Store,Kolkata,West Bengal,East,SKU0014,Lumina Lipstick C,Lumina,Makeup,Lipstick,Top 25,Active,1729,8,9,,2,4055,BGR East,5,3,,50
2026-09,OUT0022,Reliance Beauty - Kolkata 3,Reliance Beauty,Department Store,Kolkata,West Bengal,East,SKU0015,Blush & Co Mascara A,Blush & Co,Makeup,Mascara,Top 25,Active,1219,5,9,,1,1477,BGR East,5,5,,51
2026-09,OUT0022,Reliance Beauty - Kolkata 3,Reliance Beauty,Department Store,Kolkata,West Bengal,East,SKU0017,Lumina Mascara C,Lumina,Makeup,Mascara,Top 10,Active,529,81,83,,3,1733,BGR East,6,5,,49
2026-09,OUT0022,Reliance Beauty - Kolkata 3,Reliance Beauty,Department Store,Kolkata,West Bengal,East,SKU0018,Northline Eyeliner A,Northline,Makeup,Eyeliner,Others,Active,1959,12,12,,0,0,BGR East,0,0,,48
2026-09,OUT0022,Reliance Beauty - Kolkata 3,Reliance Beauty,Department Store,Kolkata,West Bengal,East,SKU0019,Northline Eyeliner B,Northline,Makeup,Eyeliner,Others,Active,1889,30,30,,0,0,BGR East,0,0,,51
2026-09,OUT0022,Reliance Beauty - Kolkata 3,Reliance Beauty,Department Store,Kolkata,West Bengal,East,SKU0020,Lumina Shampoo A,Lumina,Haircare,Shampoo,Top 10,Active,509,44,43,,3,1387,BGR East,4,2,,33
2026-09,OUT0022,Reliance Beauty - Kolkata 3,Reliance Beauty,Department Store,Kolkata,West Bengal,East,SKU0022,Northline Conditioner A,Northline,Haircare,Conditioner,Others,Active,779,8,10,,0,0,BGR East,2,2,,36
2026-09,OUT0022,Reliance Beauty - Kolkata 3,Reliance Beauty,Department Store,Kolkata,West Bengal,East,SKU0027,Lumina EDP B,Lumina,Fragrance,EDP,Top 10,Active,529,3,4,,3,1611,BGR East,5,4,,56
2026-09,OUT0022,Reliance Beauty - Kolkata 3,Reliance Beauty,Department Store,Kolkata,West Bengal,East,SKU0028,Northline EDT A,Northline,Fragrance,EDT,Top 25,Active,1109,17,20,,6,7653,BGR East,10,9,,57
2026-09,OUT0022,Reliance Beauty - Kolkata 3,Reliance Beauty,Department Store,Kolkata,West Bengal,East,SKU0029,Blush & Co EDT B,Blush & Co,Fragrance,EDT,Top 25,Active,479,44,47,,2,897,BGR East,6,5,,56
2026-09,OUT0022,Reliance Beauty - Kolkata 3,Reliance Beauty,Department Store,Kolkata,West Bengal,East,SKU0031,Lumina Body Mist A,Lumina,Fragrance,Body Mist,Top 25,Active,2119,1,1,,4,9230,BGR East,6,4,,55
2026-09,OUT0022,Reliance Beauty - Kolkata 3,Reliance Beauty,Department Store,Kolkata,West Bengal,East,SKU0032,Northline Body Mist B,Northline,Fragrance,Body Mist,Others,Inactive,2229,16,17,,0,0,BGR East,1,1,,58
2026-09,OUT0022,Reliance Beauty - Kolkata 3,Reliance Beauty,Department Store,Kolkata,West Bengal,East,SKU0033,Northline Body Lotion A,Northline,Bath & Body,Body Lotion,Top 10,Active,1239,101,100,,10,12177,BGR East,14,9,,41
2026-09,OUT0022,Reliance Beauty - Kolkata 3,Reliance Beauty,Department Store,Kolkata,West Bengal,East,SKU0034,Northline Body Lotion B,Northline,Bath & Body,Body Lotion,Top 25,Active,989,5,7,,3,2831,BGR East,5,5,,42
2026-09,OUT0022,Reliance Beauty - Kolkata 3,Reliance Beauty,Department Store,Kolkata,West Bengal,East,SKU0035,Northline Body Wash A,Northline,Bath & Body,Body Wash,Others,Active,469,13,0,,0,0,BGR East,4,3,,41
2026-09,OUT0022,Reliance Beauty - Kolkata 3,Reliance Beauty,Department Store,Kolkata,West Bengal,East,SKU0036,Northline Body Wash B,Northline,Bath & Body,Body Wash,Others,Active,1179,8,8,,0,0,BGR East,1,0,,40
2026-09,OUT0022,Reliance Beauty - Kolkata 3,Reliance Beauty,Department Store,Kolkata,West Bengal,East,SKU0037,Verde Body Wash C,Verde,Bath & Body,Body Wash,Top 25,Active,2239,5,5,,1,2293,BGR East,2,1,,37
2026-09,OUT0023,Reliance Beauty - Pune 4,Reliance Beauty,Department Store,Pune,Maharashtra,West,SKU0001,Blush & Co Moisturizer A,Blush & Co,Skincare,Moisturizer,Others,Active,2319,27,27,,1,2444,BGR West,2,1,,48
2026-09,OUT0023,Reliance Beauty - Pune 4,Reliance Beauty,Department Store,Pune,Maharashtra,West,SKU0002,Verde Moisturizer B,Verde,Skincare,Moisturizer,Top 10,Active,1179,39,45,,18,22309,BGR West,35,24,,42
2026-09,OUT0023,Reliance Beauty - Pune 4,Reliance Beauty,Department Store,Pune,Maharashtra,West,SKU0003,Verde Serum A,Verde,Skincare,Serum,Top 25,Active,2419,38,43,,17,37053,BGR West,28,22,,47
2026-09,OUT0023,Reliance Beauty - Pune 4,Reliance Beauty,Department Store,Pune,Maharashtra,West,SKU0004,Northline Serum B,Northline,Skincare,Serum,Top 25,Active,2489,68,71,,6,16381,BGR West,11,9,,44
2026-09,OUT0023,Reliance Beauty - Pune 4,Reliance Beauty,Department Store,Pune,Maharashtra,West,SKU0005,Northline Serum C,Northline,Skincare,Serum,Others,Inactive,1819,18,22,,0,0,BGR West,4,4,,46
2026-09,OUT0023,Reliance Beauty - Pune 4,Reliance Beauty,Department Store,Pune,Maharashtra,West,SKU0006,Blush & Co Cleanser A,Blush & Co,Skincare,Cleanser,Top 10,Active,289,15,35,,31,11098,BGR West,57,51,,42
2026-09,OUT0023,Reliance Beauty - Pune 4,Reliance Beauty,Department Store,Pune,Maharashtra,West,SKU0009,Blush & Co Sunscreen B,Blush & Co,Skincare,Sunscreen,Others,Inactive,1629,36,37,,2,3251,BGR West,4,3,,46
2026-09,OUT0023,Reliance Beauty - Pune 4,Reliance Beauty,Department Store,Pune,Maharashtra,West,SKU0010,Blush & Co Foundation A,Blush & Co,Makeup,Foundation,Others,Active,1419,6,7,,3,3876,BGR West,4,4,,50
2026-09,OUT0023,Reliance Beauty - Pune 4,Reliance Beauty,Department Store,Pune,Maharashtra,West,SKU0011,Lumina Foundation B,Lumina,Makeup,Foundation,Top 10,Inactive,1889,10,17,,8,17488,BGR West,16,15,,53
2026-09,OUT0023,Reliance Beauty - Pune 4,Reliance Beauty,Department Store,Pune,Maharashtra,West,SKU0012,Northline Lipstick A,Northline,Makeup,Lipstick,Others,Active,2429,26,26,,2,5372,BGR West,3,2,,51
2026-09,OUT0023,Reliance Beauty - Pune 4,Reliance Beauty,Department Store,Pune,Maharashtra,West,SKU0013,Northline Lipstick B,Northline,Makeup,Lipstick,Others,Active,2469,19,20,,0,0,BGR West,2,1,,47
2026-09,OUT0023,Reliance Beauty - Pune 4,Reliance Beauty,Department Store,Pune,Maharashtra,West,SKU0014,Lumina Lipstick C,Lumina,Makeup,Lipstick,Top 25,Active,1729,8,9,,6,10121,BGR West,8,7,,49
2026-09,OUT0023,Reliance Beauty - Pune 4,Reliance Beauty,Department Store,Pune,Maharashtra,West,SKU0015,Blush & Co Mascara A,Blush & Co,Makeup,Mascara,Top 25,Active,1219,41,47,,3,4055,BGR West,9,9,,50
2026-09,OUT0023,Reliance Beauty - Pune 4,Reliance Beauty,Department Store,Pune,Maharashtra,West,SKU0016,Verde Mascara B,Verde,Makeup,Mascara,Top 25,Active,199,60,71,,7,1548,BGR West,18,18,,48
2026-09,OUT0023,Reliance Beauty - Pune 4,Reliance Beauty,Department Store,Pune,Maharashtra,West,SKU0017,Lumina Mascara C,Lumina,Makeup,Mascara,Top 10,Active,529,135,0,,5,2463,BGR West,13,10,,52
2026-09,OUT0023,Reliance Beauty - Pune 4,Reliance Beauty,Department Store,Pune,Maharashtra,West,SKU0018,Northline Eyeliner A,Northline,Makeup,Eyeliner,Others,Active,1959,12,13,,0,0,BGR West,2,1,,50
2026-09,OUT0023,Reliance Beauty - Pune 4,Reliance Beauty,Department Store,Pune,Maharashtra,West,SKU0020,Lumina Shampoo A,Lumina,Haircare,Shampoo,Top 10,Active,509,92,103,,18,8557,BGR West,29,29,,32
2026-09,OUT0023,Reliance Beauty - Pune 4,Reliance Beauty,Department Store,Pune,Maharashtra,West,SKU0022,Northline Conditioner A,Northline,Haircare,Conditioner,Others,Active,779,16,17,,1,904,BGR West,2,2,,34
2026-09,OUT0023,Reliance Beauty - Pune 4,Reliance Beauty,Department Store,Pune,Maharashtra,West,SKU0023,Northline Conditioner B,Northline,Haircare,Conditioner,Others,Active,379,25,25,,0,0,BGR West,0,0,,33
2026-09,OUT0023,Reliance Beauty - Pune 4,Reliance Beauty,Department Store,Pune,Maharashtra,West,SKU0027,Lumina EDP B,Lumina,Fragrance,EDP,Top 10,Active,529,23,123,,18,9709,BGR West,39,27,,56
2026-09,OUT0023,Reliance Beauty - Pune 4,Reliance Beauty,Department Store,Pune,Maharashtra,West,SKU0028,Northline EDT A,Northline,Fragrance,EDT,Top 25,Active,1109,43,56,,11,14212,BGR West,24,24,,58
2026-09,OUT0023,Reliance Beauty - Pune 4,Reliance Beauty,Department Store,Pune,Maharashtra,West,SKU0029,Blush & Co EDT B,Blush & Co,Fragrance,EDT,Top 25,Active,479,92,100,,8,4266,BGR West,17,16,,54
2026-09,OUT0023,Reliance Beauty - Pune 4,Reliance Beauty,Department Store,Pune,Maharashtra,West,SKU0032,Northline Body Mist B,Northline,Fragrance,Body Mist,Others,Inactive,2229,11,16,,3,8404,BGR West,8,8,,52
2026-09,OUT0023,Reliance Beauty - Pune 4,Reliance Beauty,Department Store,Pune,Maharashtra,West,SKU0033,Northline Body Lotion A,Northline,Bath & Body,Body Lotion,Top 10,Active,1239,0,6,,40,47074,BGR West,58,46,,38
2026-09,OUT0023,Reliance Beauty - Pune 4,Reliance Beauty,Department Store,Pune,Maharashtra,West,SKU0034,Northline Body Lotion B,Northline,Bath & Body,Body Lotion,Top 25,Active,989,39,47,,9,10820,BGR West,18,17,,43
2026-09,OUT0023,Reliance Beauty - Pune 4,Reliance Beauty,Department Store,Pune,Maharashtra,West,SKU0035,Northline Body Wash A,Northline,Bath & Body,Body Wash,Others,Active,469,16,16,,2,1059,BGR West,4,2,,41
2026-09,OUT0023,Reliance Beauty - Pune 4,Reliance Beauty,Department Store,Pune,Maharashtra,West,SKU0036,Northline Body Wash B,Northline,Bath & Body,Body Wash,Others,Active,1179,25,28,,0,0,BGR West,4,3,,42
2026-09,OUT0023,Reliance Beauty - Pune 4,Reliance Beauty,Department Store,Pune,Maharashtra,West,SKU0037,Verde Body Wash C,Verde,Bath & Body,Body Wash,Top 25,Active,2239,5,6,,4,9141,BGR West,7,5,,38
2026-09,OUT0023,Reliance Beauty - Pune 4,Reliance Beauty,Department Store,Pune,Maharashtra,West,SKU0038,Blush & Co Hand Cream A,Blush & Co,Bath & Body,Hand Cream,Others,Active,489,19,21,,1,450,BGR West,5,3,,38
2026-09,OUT0024,Reliance Beauty - Bangalore 5,Reliance Beauty,Department Store,Bangalore,Karnataka,South,SKU0001,Blush & Co Moisturizer A,Blush & Co,Skincare,Moisturizer,Others,Active,2319,2,2,,0,0,BGR South,1,0,,45
2026-09,OUT0024,Reliance Beauty - Bangalore 5,Reliance Beauty,Department Store,Bangalore,Karnataka,South,SKU0003,Verde Serum A,Verde,Skincare,Serum,Top 25,Active,2419,96,99,,11,24945,BGR South,21,14,,42
2026-09,OUT0024,Reliance Beauty - Bangalore 5,Reliance Beauty,Department Store,Bangalore,Karnataka,South,SKU0004,Northline Serum B,Northline,Skincare,Serum,Top 25,Active,2489,18,18,,2,5342,BGR South,4,2,,44
2026-09,OUT0024,Reliance Beauty - Bangalore 5,Reliance Beauty,Department Store,Bangalore,Karnataka,South,SKU0005,Northline Serum C,Northline,Skincare,Serum,Others,Inactive,1819,11,13,,0,0,BGR South,2,2,,42
2026-09,OUT0024,Reliance Beauty - Bangalore 5,Reliance Beauty,Department Store,Bangalore,Karnataka,South,SKU0006,Blush & Co Cleanser A,Blush & Co,Skincare,Cleanser,Top 10,Active,289,243,252,,21,7229,BGR South,30,30,,48
2026-09,OUT0024,Reliance Beauty - Bangalore 5,Reliance Beauty,Department Store,Bangalore,Karnataka,South,SKU0007,Northline Cleanser B,Northline,Skincare,Cleanser,Others,Active,1809,43,44,,1,2003,BGR South,2,2,,45
2026-09,OUT0024,Reliance Beauty - Bangalore 5,Reliance Beauty,Department Store,Bangalore,Karnataka,South,SKU0008,Lumina Sunscreen A,Lumina,Skincare,Sunscreen,Others,Active,1599,3,7,,4,6527,BGR South,8,8,,44
2026-09,OUT0024,Reliance Beauty - Bangalore 5,Reliance Beauty,Department Store,Bangalore,Karnataka,South,SKU0009,Blush & Co Sunscreen B,Blush & Co,Skincare,Sunscreen,Others,Inactive,1629,0,2,,2,4097,BGR South,5,4,,45
2026-09,OUT0024,Reliance Beauty - Bangalore 5,Reliance Beauty,Department Store,Bangalore,Karnataka,South,SKU0011,Lumina Foundation B,Lumina,Makeup,Foundation,Top 10,Inactive,1889,35,39,,5,11816,BGR South,10,9,,48
2026-09,OUT0024,Reliance Beauty - Bangalore 5,Reliance Beauty,Department Store,Bangalore,Karnataka,South,SKU0013,Northline Lipstick B,Northline,Makeup,Lipstick,Others,Active,2469,15,17,,0,0,BGR South,3,2,,49
2026-09,OUT0024,Reliance Beauty - Bangalore 5,Reliance Beauty,Department Store,Bangalore,Karnataka,South,SKU0014,Lumina Lipstick C,Lumina,Makeup,Lipstick,Top 25,Active,1729,54,59,,5,8081,BGR South,11,10,,50
2026-09,OUT0024,Reliance Beauty - Bangalore 5,Reliance Beauty,Department Store,Bangalore,Karnataka,South,SKU0015,Blush & Co Mascara A,Blush & Co,Makeup,Mascara,Top 25,Active,1219,91,98,,6,8189,BGR South,14,13,,53
2026-09,OUT0024,Reliance Beauty - Bangalore 5,Reliance Beauty,Department Store,Bangalore,Karnataka,South,SKU0016,Verde Mascara B,Verde,Makeup,Mascara,Top 25,Active,199,31,31,,5,1008,BGR South,8,5,,48
2026-09,OUT0024,Reliance Beauty - Bangalore 5,Reliance Beauty,Department Store,Bangalore,Karnataka,South,SKU0017,Lumina Mascara C,Lumina,Makeup,Mascara,Top 10,Active,529,25,28,,7,4525,BGR South,13,10,,48
2026-09,OUT0024,Reliance Beauty - Bangalore 5,Reliance Beauty,Department Store,Bangalore,Karnataka,South,SKU0020,Lumina Shampoo A,Lumina,Haircare,Shampoo,Top 10,Active,509,24,52,,8,3843,BGR South,15,15,,36
2026-09,OUT0024,Reliance Beauty - Bangalore 5,Reliance Beauty,Department Store,Bangalore,Karnataka,South,SKU0021,Verde Shampoo B,Verde,Haircare,Shampoo,Others,Active,1319,6,8,,0,0,BGR South,2,2,,33
2026-09,OUT0024,Reliance Beauty - Bangalore 5,Reliance Beauty,Department Store,Bangalore,Karnataka,South,SKU0022,Northline Conditioner A,Northline,Haircare,Conditioner,Others,Active,779,26,8,,1,793,BGR South,4,3,,36
2026-09,OUT0024,Reliance Beauty - Bangalore 5,Reliance Beauty,Department Store,Bangalore,Karnataka,South,SKU0027,Lumina EDP B,Lumina,Fragrance,EDP,Top 10,Active,529,41,42,,22,12888,BGR South,34,23,,54
2026-09,OUT0024,Reliance Beauty - Bangalore 5,Reliance Beauty,Department Store,Bangalore,Karnataka,South,SKU0028,Northline EDT A,Northline,Fragrance,EDT,Top 25,Active,1109,18,27,,11,11759,BGR South,20,20,,54
2026-09,OUT0024,Reliance Beauty - Bangalore 5,Reliance Beauty,Department Store,Bangalore,Karnataka,South,SKU0029,Blush & Co EDT B,Blush & Co,Fragrance,EDT,Top 25,Active,479,6,4,,6,3370,BGR South,5,4,,57
2026-09,OUT0024,Reliance Beauty - Bangalore 5,Reliance Beauty,Department Store,Bangalore,Karnataka,South,SKU0031,Lumina Body Mist A,Lumina,Fragrance,Body Mist,Top 25,Active,2119,0,8,,4,9153,BGR South,12,12,,55
2026-09,OUT0024,Reliance Beauty - Bangalore 5,Reliance Beauty,Department Store,Bangalore,Karnataka,South,SKU0033,Northline Body Lotion A,Northline,Bath & Body,Body Lotion,Top 10,Active,1239,176,138,,20,22673,BGR South,39,35,,42
2026-09,OUT0024,Reliance Beauty - Bangalore 5,Reliance Beauty,Department Store,Bangalore,Karnataka,South,SKU0034,Northline Body Lotion B,Northline,Bath & Body,Body Lotion,Top 25,Active,989,30,32,,8,8545,BGR South,12,10,,39
2026-09,OUT0024,Reliance Beauty - Bangalore 5,Reliance Beauty,Department Store,Bangalore,Karnataka,South,SKU0037,Verde Body Wash C,Verde,Bath & Body,Body Wash,Top 25,Active,2239,3,1,,4,11252,BGR South,4,2,,38
2026-09,OUT0024,Reliance Beauty - Bangalore 5,Reliance Beauty,Department Store,Bangalore,Karnataka,South,SKU0038,Blush & Co Hand Cream A,Blush & Co,Bath & Body,Hand Cream,Others,Active,489,4,6,,1,457,BGR South,4,3,,43
2026-09,OUT0024,Reliance Beauty - Bangalore 5,Reliance Beauty,Department Store,Bangalore,Karnataka,South,SKU0039,Northline Hand Cream B,Northline,Bath & Body,Hand Cream,Others,Active,1189,8,9,,2,2837,BGR South,4,3,,42
2026-09,OUT0025,Reliance Beauty - Bangalore 6,Reliance Beauty,Department Store,Bangalore,Karnataka,South,SKU0002,Verde Moisturizer B,Verde,Skincare,Moisturizer,Top 10,Active,1179,139,142,,18,22106,BGR South,30,21,,48
2026-09,OUT0025,Reliance Beauty - Bangalore 6,Reliance Beauty,Department Store,Bangalore,Karnataka,South,SKU0004,Northline Serum B,Northline,Skincare,Serum,Top 25,Active,2489,51,58,,5,13788,BGR South,13,12,,45
2026-09,OUT0025,Reliance Beauty - Bangalore 6,Reliance Beauty,Department Store,Bangalore,Karnataka,South,SKU0006,Blush & Co Cleanser A,Blush & Co,Skincare,Cleanser,Top 10,Active,289,111,110,,26,7275,BGR South,25,25,,46
2026-09,OUT0025,Reliance Beauty - Bangalore 6,Reliance Beauty,Department Store,Bangalore,Karnataka,South,SKU0008,Lumina Sunscreen A,Lumina,Skincare,Sunscreen,Others,Active,1599,8,12,,1,1858,BGR South,5,5,,43
2026-09,OUT0025,Reliance Beauty - Bangalore 6,Reliance Beauty,Department Store,Bangalore,Karnataka,South,SKU0010,Blush & Co Foundation A,Blush & Co,Makeup,Foundation,Others,Active,1419,2,4,,3,4829,BGR South,6,5,,47
2026-09,OUT0025,Reliance Beauty - Bangalore 6,Reliance Beauty,Department Store,Bangalore,Karnataka,South,SKU0011,Lumina Foundation B,Lumina,Makeup,Foundation,Top 10,Inactive,1889,19,24,,13,30334,BGR South,18,18,,47
2026-09,OUT0025,Reliance Beauty - Bangalore 6,Reliance Beauty,Department Store,Bangalore,Karnataka,South,SKU0015,Blush & Co Mascara A,Blush & Co,Makeup,Mascara,Top 25,Active,1219,7,15,,15,17169,BGR South,23,23,,47
2026-09,OUT0025,Reliance Beauty - Bangalore 6,Reliance Beauty,Department Store,Bangalore,Karnataka,South,SKU0016,Verde Mascara B,Verde,Makeup,Mascara,Top 25,Active,199,29,36,,9,2156,BGR South,16,16,,53
2026-09,OUT0025,Reliance Beauty - Bangalore 6,Reliance Beauty,Department Store,Bangalore,Karnataka,South,SKU0017,Lumina Mascara C,Lumina,Makeup,Mascara,Top 10,Active,529,100,107,,25,14879,BGR South,41,32,,48
2026-09,OUT0025,Reliance Beauty - Bangalore 6,Reliance Beauty,Department Store,Bangalore,Karnataka,South,SKU0019,Northline Eyeliner B,Northline,Makeup,Eyeliner,Others,Active,1889,31,31,,1,2071,BGR South,2,1,,51
2026-09,OUT0025,Reliance Beauty - Bangalore 6,Reliance Beauty,Department Store,Bangalore,Karnataka,South,SKU0020,Lumina Shampoo A,Lumina,Haircare,Shampoo,Top 10,Active,509,125,0,,11,6633,BGR South,12,12,,34
2026-09,OUT0025,Reliance Beauty - Bangalore 6,Reliance Beauty,Department Store,Bangalore,Karnataka,South,SKU0023,Northline Conditioner B,Northline,Haircare,Conditioner,Others,Active,379,5,8,,0,0,BGR South,4,3,,36
2026-09,OUT0025,Reliance Beauty - Bangalore 6,Reliance Beauty,Department Store,Bangalore,Karnataka,South,SKU0027,Lumina EDP B,Lumina,Fragrance,EDP,Top 10,Active,529,0,0,,11,6602,BGR South,16,11,,55
2026-09,OUT0025,Reliance Beauty - Bangalore 6,Reliance Beauty,Department Store,Bangalore,Karnataka,South,SKU0028,Northline EDT A,Northline,Fragrance,EDT,Top 25,Active,1109,39,44,,8,10999,BGR South,14,13,,57
2026-09,OUT0025,Reliance Beauty - Bangalore 6,Reliance Beauty,Department Store,Bangalore,Karnataka,South,SKU0029,Blush & Co EDT B,Blush & Co,Fragrance,EDT,Top 25,Active,479,78,83,,8,3683,BGR South,17,13,,53
2026-09,OUT0025,Reliance Beauty - Bangalore 6,Reliance Beauty,Department Store,Bangalore,Karnataka,South,SKU0030,Blush & Co EDT C,Blush & Co,Fragrance,EDT,Others,Active,779,0,6,,5,4189,BGR South,11,11,,56
2026-09,OUT0025,Reliance Beauty - Bangalore 6,Reliance Beauty,Department Store,Bangalore,Karnataka,South,SKU0031,Lumina Body Mist A,Lumina,Fragrance,Body Mist,Top 25,Active,2119,24,31,,10,19681,BGR South,19,17,,52
2026-09,OUT0025,Reliance Beauty - Bangalore 6,Reliance Beauty,Department Store,Bangalore,Karnataka,South,SKU0033,Northline Body Lotion A,Northline,Bath & Body,Body Lotion,Top 10,Active,1239,87,106,,19,27653,BGR South,38,38,,41
2026-09,OUT0025,Reliance Beauty - Bangalore 6,Reliance Beauty,Department Store,Bangalore,Karnataka,South,SKU0034,Northline Body Lotion B,Northline,Bath & Body,Body Lotion,Top 25,Active,989,25,28,,8,8487,BGR South,13,11,,38
2026-09,OUT0025,Reliance Beauty - Bangalore 6,Reliance Beauty,Department Store,Bangalore,Karnataka,South,SKU0036,Northline Body Wash B,Northline,Bath & Body,Body Wash,Others,Active,1179,3,3,,0,0,BGR South,0,0,,41
2026-09,OUT0025,Reliance Beauty - Bangalore 6,Reliance Beauty,Department Store,Bangalore,Karnataka,South,SKU0037,Verde Body Wash C,Verde,Bath & Body,Body Wash,Top 25,Active,2239,24,27,,5,11940,BGR South,9,8,,42
2026-09,OUT0025,Reliance Beauty - Bangalore 6,Reliance Beauty,Department Store,Bangalore,Karnataka,South,SKU0039,Northline Hand Cream B,Northline,Bath & Body,Hand Cream,Others,Active,1189,14,16,,3,3696,BGR South,5,5,,39
2026-09,OUT0026,Reliance Beauty - Bhubaneswar 7,Reliance Beauty,Department Store,Bhubaneswar,Odisha,East,SKU0002,Verde Moisturizer B,Verde,Skincare,Moisturizer,Top 10,Active,1179,84,88,,15,17114,BGR East,19,19,,45
2026-09,OUT0026,Reliance Beauty - Bhubaneswar 7,Reliance Beauty,Department Store,Bhubaneswar,Odisha,East,SKU0003,Verde Serum A,Verde,Skincare,Serum,Top 25,Active,2419,24,0,,21,46532,BGR East,21,19,,42
2026-09,OUT0026,Reliance Beauty - Bhubaneswar 7,Reliance Beauty,Department Store,Bhubaneswar,Odisha,East,SKU0004,Northline Serum B,Northline,Skincare,Serum,Top 25,Active,2489,48,0,,4,12081,BGR East,6,5,,46
2026-09,OUT0026,Reliance Beauty - Bhubaneswar 7,Reliance Beauty,Department Store,Bhubaneswar,Odisha,East,SKU0006,Blush & Co Cleanser A,Blush & Co,Skincare,Cleanser,Top 10,Active,289,3,21,,29,10148,BGR East,47,47,,43
2026-09,OUT0026,Reliance Beauty - Bhubaneswar 7,Reliance Beauty,Department Store,Bhubaneswar,Odisha,East,SKU0008,Lumina Sunscreen A,Lumina,Skincare,Sunscreen,Others,Active,1599,13,16,,0,0,BGR East,3,3,,44
2026-09,OUT0026,Reliance Beauty - Bhubaneswar 7,Reliance Beauty,Department Store,Bhubaneswar,Odisha,East,SKU0009,Blush & Co Sunscreen B,Blush & Co,Skincare,Sunscreen,Others,Inactive,1629,4,4,,1,1641,BGR East,2,1,,42
2026-09,OUT0026,Reliance Beauty - Bhubaneswar 7,Reliance Beauty,Department Store,Bhubaneswar,Odisha,East,SKU0010,Blush & Co Foundation A,Blush & Co,Makeup,Foundation,Others,Active,1419,25,26,,2,3541,BGR East,5,3,,48
2026-09,OUT0026,Reliance Beauty - Bhubaneswar 7,Reliance Beauty,Department Store,Bhubaneswar,Odisha,East,SKU0011,Lumina Foundation B,Lumina,Makeup,Foundation,Top 10,Inactive,1889,66,66,,9,15799,BGR East,10,9,,53
2026-09,OUT0026,Reliance Beauty - Bhubaneswar 7,Reliance Beauty,Department Store,Bhubaneswar,Odisha,East,SKU0014,Lumina Lipstick C,Lumina,Makeup,Lipstick,Top 25,Active,1729,28,29,,8,16055,BGR East,11,9,,47
2026-09,OUT0026,Reliance Beauty - Bhubaneswar 7,Reliance Beauty,Department Store,Bhubaneswar,Odisha,East,SKU0015,Blush & Co Mascara A,Blush & Co,Makeup,Mascara,Top 25,Active,1219,0,3,,7,10565,BGR East,10,10,,52
2026-09,OUT0026,Reliance Beauty - Bhubaneswar 7,Reliance Beauty,Department Store,Bhubaneswar,Odisha,East,SKU0016,Verde Mascara B,Verde,Makeup,Mascara,Top 25,Active,199,12,17,,6,1343,BGR East,11,11,,50
2026-09,OUT0026,Reliance Beauty - Bhubaneswar 7,Reliance Beauty,Department Store,Bhubaneswar,Odisha,East,SKU0020,Lumina Shampoo A,Lumina,Haircare,Shampoo,Top 10,Active,509,71,73,,14,6793,BGR East,16,16,,33
2026-09,OUT0026,Reliance Beauty - Bhubaneswar 7,Reliance Beauty,Department Store,Bhubaneswar,Odisha,East,SKU0023,Northline Conditioner B,Northline,Haircare,Conditioner,Others,Active,379,15,16,,0,0,BGR East,2,1,,35
2026-09,OUT0026,Reliance Beauty - Bhubaneswar 7,Reliance Beauty,Department Store,Bhubaneswar,Odisha,East,SKU0028,Northline EDT A,Northline,Fragrance,EDT,Top 25,Active,1109,33,42,,12,16258,BGR East,24,21,,53
2026-09,OUT0026,Reliance Beauty - Bhubaneswar 7,Reliance Beauty,Department Store,Bhubaneswar,Odisha,East,SKU0030,Blush & Co EDT C,Blush & Co,Fragrance,EDT,Others,Active,779,24,25,,2,1545,BGR East,4,3,,56
2026-09,OUT0026,Reliance Beauty - Bhubaneswar 7,Reliance Beauty,Department Store,Bhubaneswar,Odisha,East,SKU0032,Northline Body Mist B,Northline,Fragrance,Body Mist,Others,Inactive,2229,6,8,,2,4569,BGR East,5,4,,53
2026-09,OUT0026,Reliance Beauty - Bhubaneswar 7,Reliance Beauty,Department Store,Bhubaneswar,Odisha,East,SKU0033,Northline Body Lotion A,Northline,Bath & Body,Body Lotion,Top 10,Active,1239,170,177,,24,29224,BGR East,39,31,,43
2026-09,OUT0026,Reliance Beauty - Bhubaneswar 7,Reliance Beauty,Department Store,Bhubaneswar,Odisha,East,SKU0035,Northline Body Wash A,Northline,Bath & Body,Body Wash,Others,Active,469,20,23,,1,453,BGR East,5,4,,39
2026-09,OUT0026,Reliance Beauty - Bhubaneswar 7,Reliance Beauty,Department Store,Bhubaneswar,Odisha,East,SKU0036,Northline Body Wash B,Northline,Bath & Body,Body Wash,Others,Active,1179,17,21,,0,0,BGR East,4,4,,38
2026-09,OUT0026,Reliance Beauty - Bhubaneswar 7,Reliance Beauty,Department Store,Bhubaneswar,Odisha,East,SKU0037,Verde Body Wash C,Verde,Bath & Body,Body Wash,Top 25,Active,2239,19,19,,3,6457,BGR East,4,3,,38
2026-09,OUT0027,Reliance Beauty - Kolkata 8,Reliance Beauty,Department Store,Kolkata,West Bengal,East,SKU0002,Verde Moisturizer B,Verde,Skincare,Moisturizer,Top 10,Active,1179,67,43,,7,10214,BGR East,13,9,,42
2026-09,OUT0027,Reliance Beauty - Kolkata 8,Reliance Beauty,Department Store,Kolkata,West Bengal,East,SKU0003,Verde Serum A,Verde,Skincare,Serum,Top 25,Active,2419,56,58,,7,19596,BGR East,9,9,,42
2026-09,OUT0027,Reliance Beauty - Kolkata 8,Reliance Beauty,Department Store,Kolkata,West Bengal,East,SKU0004,Northline Serum B,Northline,Skincare,Serum,Top 25,Active,2489,10,13,,1,3133,BGR East,5,4,,42
2026-09,OUT0027,Reliance Beauty - Kolkata 8,Reliance Beauty,Department Store,Kolkata,West Bengal,East,SKU0005,Northline Serum C,Northline,Skincare,Serum,Others,Inactive,1819,4,6,,0,0,BGR East,2,2,,44
2026-09,OUT0027,Reliance Beauty - Kolkata 8,Reliance Beauty,Department Store,Kolkata,West Bengal,East,SKU0006,Blush & Co Cleanser A,Blush & Co,Skincare,Cleanser,Top 10,Active,289,0,1,,8,2755,BGR East,13,9,,48
2026-09,OUT0027,Reliance Beauty - Kolkata 8,Reliance Beauty,Department Store,Kolkata,West Bengal,East,SKU0009,Blush & Co Sunscreen B,Blush & Co,Skincare,Sunscreen,Others,Inactive,1629,24,27,,0,0,BGR East,3,3,,47
2026-09,OUT0027,Reliance Beauty - Kolkata 8,Reliance Beauty,Department Store,Kolkata,West Bengal,East,SKU0010,Blush & Co Foundation A,Blush & Co,Makeup,Foundation,Others,Active,1419,0,3,,1,1353,BGR East,4,4,,48
2026-09,OUT0027,Reliance Beauty - Kolkata 8,Reliance Beauty,Department Store,Kolkata,West Bengal,East,SKU0011,Lumina Foundation B,Lumina,Makeup,Foundation,Top 10,Inactive,1889,4,13,,2,3934,BGR East,6,5,,47
2026-09,OUT0027,Reliance Beauty - Kolkata 8,Reliance Beauty,Department Store,Kolkata,West Bengal,East,SKU0013,Northline Lipstick B,Northline,Makeup,Lipstick,Others,Active,2469,28,0,,0,0,BGR East,1,1,,52
2026-09,OUT0027,Reliance Beauty - Kolkata 8,Reliance Beauty,Department Store,Kolkata,West Bengal,East,SKU0014,Lumina Lipstick C,Lumina,Makeup,Lipstick,Top 25,Active,1729,45,47,,3,6448,BGR East,8,5,,49
2026-09,OUT0027,Reliance Beauty - Kolkata 8,Reliance Beauty,Department Store,Kolkata,West Bengal,East,SKU0015,Blush & Co Mascara A,Blush & Co,Makeup,Mascara,Top 25,Active,1219,16,17,,2,2774,BGR East,3,3,,52
2026-09,OUT0027,Reliance Beauty - Kolkata 8,Reliance Beauty,Department Store,Kolkata,West Bengal,East,SKU0016,Verde Mascara B,Verde,Makeup,Mascara,Top 25,Active,199,4,7,,3,706,BGR East,6,6,,50
2026-09,OUT0027,Reliance Beauty - Kolkata 8,Reliance Beauty,Department Store,Kolkata,West Bengal,East,SKU0017,Lumina Mascara C,Lumina,Makeup,Mascara,Top 10,Active,529,13,12,,3,1719,BGR East,3,2,,47
2026-09,OUT0027,Reliance Beauty - Kolkata 8,Reliance Beauty,Department Store,Kolkata,West Bengal,East,SKU0018,Northline Eyeliner A,Northline,Makeup,Eyeliner,Others,Active,1959,25,29,,0,0,BGR East,4,4,,49
2026-09,OUT0027,Reliance Beauty - Kolkata 8,Reliance Beauty,Department Store,Kolkata,West Bengal,East,SKU0020,Lumina Shampoo A,Lumina,Haircare,Shampoo,Top 10,Active,509,40,39,,5,2791,BGR East,7,4,,33
2026-09,OUT0027,Reliance Beauty - Kolkata 8,Reliance Beauty,Department Store,Kolkata,West Bengal,East,SKU0022,Northline Conditioner A,Northline,Haircare,Conditioner,Others,Active,779,19,20,,1,894,BGR East,3,2,,38
2026-09,OUT0027,Reliance Beauty - Kolkata 8,Reliance Beauty,Department Store,Kolkata,West Bengal,East,SKU0023,Northline Conditioner B,Northline,Haircare,Conditioner,Others,Active,379,0,2,,0,0,BGR East,3,2,,34
2026-09,OUT0027,Reliance Beauty - Kolkata 8,Reliance Beauty,Department Store,Kolkata,West Bengal,East,SKU0029,Blush & Co EDT B,Blush & Co,Fragrance,EDT,Top 25,Active,479,15,0,,2,987,BGR East,5,4,,55
2026-09,OUT0027,Reliance Beauty - Kolkata 8,Reliance Beauty,Department Store,Kolkata,West Bengal,East,SKU0031,Lumina Body Mist A,Lumina,Fragrance,Body Mist,Top 25,Active,2119,11,14,,2,3952,BGR East,8,5,,56
2026-09,OUT0027,Reliance Beauty - Kolkata 8,Reliance Beauty,Department Store,Kolkata,West Bengal,East,SKU0033,Northline Body Lotion A,Northline,Bath & Body,Body Lotion,Top 10,Active,1239,86,86,,12,17197,BGR East,13,12,,38
2026-09,OUT0027,Reliance Beauty - Kolkata 8,Reliance Beauty,Department Store,Kolkata,West Bengal,East,SKU0034,Northline Body Lotion B,Northline,Bath & Body,Body Lotion,Top 25,Active,989,11,12,,4,4800,BGR East,6,5,,39
2026-09,OUT0027,Reliance Beauty - Kolkata 8,Reliance Beauty,Department Store,Kolkata,West Bengal,East,SKU0035,Northline Body Wash A,Northline,Bath & Body,Body Wash,Others,Active,469,9,12,,0,0,BGR East,4,3,,43
2026-09,OUT0027,Reliance Beauty - Kolkata 8,Reliance Beauty,Department Store,Kolkata,West Bengal,East,SKU0037,Verde Body Wash C,Verde,Bath & Body,Body Wash,Top 25,Active,2239,43,47,,1,2105,BGR East,6,5,,37
2026-09,OUT0027,Reliance Beauty - Kolkata 8,Reliance Beauty,Department Store,Kolkata,West Bengal,East,SKU0039,Northline Hand Cream B,Northline,Bath & Body,Hand Cream,Others,Active,1189,14,16,,0,0,BGR East,2,2,,37
2026-09,OUT0028,Reliance Beauty - Pune 9,Reliance Beauty,Department Store,Pune,Maharashtra,West,SKU0001,Blush & Co Moisturizer A,Blush & Co,Skincare,Moisturizer,Others,Active,2319,1,5,,1,2699,BGR West,5,5,,47
2026-09,OUT0028,Reliance Beauty - Pune 9,Reliance Beauty,Department Store,Pune,Maharashtra,West,SKU0002,Verde Moisturizer B,Verde,Skincare,Moisturizer,Top 10,Active,1179,34,47,,11,14348,BGR West,24,24,,43
2026-09,OUT0028,Reliance Beauty - Pune 9,Reliance Beauty,Department Store,Pune,Maharashtra,West,SKU0003,Verde Serum A,Verde,Skincare,Serum,Top 25,Active,2419,67,76,,13,34254,BGR West,22,22,,46
2026-09,OUT0028,Reliance Beauty - Pune 9,Reliance Beauty,Department Store,Pune,Maharashtra,West,SKU0006,Blush & Co Cleanser A,Blush & Co,Skincare,Cleanser,Top 10,Active,289,151,150,,22,6919,BGR West,21,21,,44
2026-09,OUT0028,Reliance Beauty - Pune 9,Reliance Beauty,Department Store,Pune,Maharashtra,West,SKU0007,Northline Cleanser B,Northline,Skincare,Cleanser,Others,Active,1809,35,37,,1,1995,BGR West,5,3,,43
2026-09,OUT0028,Reliance Beauty - Pune 9,Reliance Beauty,Department Store,Pune,Maharashtra,West,SKU0010,Blush & Co Foundation A,Blush & Co,Makeup,Foundation,Others,Active,1419,30,30,,2,3307,BGR West,4,2,,51
2026-09,OUT0028,Reliance Beauty - Pune 9,Reliance Beauty,Department Store,Pune,Maharashtra,West,SKU0011,Lumina Foundation B,Lumina,Makeup,Foundation,Top 10,Inactive,1889,23,26,,5,11594,BGR West,12,8,,47
2026-09,OUT0028,Reliance Beauty - Pune 9,Reliance Beauty,Department Store,Pune,Maharashtra,West,SKU0012,Northline Lipstick A,Northline,Makeup,Lipstick,Others,Active,2429,0,0,,0,0,BGR West,1,0,,47
2026-09,OUT0028,Reliance Beauty - Pune 9,Reliance Beauty,Department Store,Pune,Maharashtra,West,SKU0014,Lumina Lipstick C,Lumina,Makeup,Lipstick,Top 25,Active,1729,24,28,,7,13861,BGR West,13,11,,51
2026-09,OUT0028,Reliance Beauty - Pune 9,Reliance Beauty,Department Store,Pune,Maharashtra,West,SKU0016,Verde Mascara B,Verde,Makeup,Mascara,Top 25,Active,199,7,8,,2,387,BGR West,5,3,,52
2026-09,OUT0028,Reliance Beauty - Pune 9,Reliance Beauty,Department Store,Pune,Maharashtra,West,SKU0017,Lumina Mascara C,Lumina,Makeup,Mascara,Top 10,Active,529,156,156,,6,3187,BGR West,9,6,,51
2026-09,OUT0028,Reliance Beauty - Pune 9,Reliance Beauty,Department Store,Pune,Maharashtra,West,SKU0018,Northline Eyeliner A,Northline,Makeup,Eyeliner,Others,Active,1959,6,8,,0,0,BGR West,4,2,,47
2026-09,OUT0028,Reliance Beauty - Pune 9,Reliance Beauty,Department Store,Pune,Maharashtra,West,SKU0019,Northline Eyeliner B,Northline,Makeup,Eyeliner,Others,Active,1889,22,24,,1,2232,BGR West,3,3,,52
2026-09,OUT0028,Reliance Beauty - Pune 9,Reliance Beauty,Department Store,Pune,Maharashtra,West,SKU0020,Lumina Shampoo A,Lumina,Haircare,Shampoo,Top 10,Active,509,7,0,,9,5466,BGR West,17,11,,35
2026-09,OUT0028,Reliance Beauty - Pune 9,Reliance Beauty,Department Store,Pune,Maharashtra,West,SKU0022,Northline Conditioner A,Northline,Haircare,Conditioner,Others,Active,779,11,14,,2,1693,BGR West,5,5,,34
2026-09,OUT0028,Reliance Beauty - Pune 9,Reliance Beauty,Department Store,Pune,Maharashtra,West,SKU0027,Lumina EDP B,Lumina,Fragrance,EDP,Top 10,Active,529,19,18,,20,9624,BGR West,21,19,,58
2026-09,OUT0028,Reliance Beauty - Pune 9,Reliance Beauty,Department Store,Pune,Maharashtra,West,SKU0029,Blush & Co EDT B,Blush & Co,Fragrance,EDT,Top 25,Active,479,71,75,,5,2640,BGR West,13,9,,57
2026-09,OUT0028,Reliance Beauty - Pune 9,Reliance Beauty,Department Store,Pune,Maharashtra,West,SKU0031,Lumina Body Mist A,Lumina,Fragrance,Body Mist,Top 25,Active,2119,13,13,,6,11978,BGR West,9,6,,54
2026-09,OUT0028,Reliance Beauty - Pune 9,Reliance Beauty,Department Store,Pune,Maharashtra,West,SKU0032,Northline Body Mist B,Northline,Fragrance,Body Mist,Others,Inactive,2229,5,5,,1,2225,BGR West,1,1,,58
2026-09,OUT0028,Reliance Beauty - Pune 9,Reliance Beauty,Department Store,Pune,Maharashtra,West,SKU0033,Northline Body Lotion A,Northline,Bath & Body,Body Lotion,Top 10,Active,1239,112,138,,23,33037,BGR West,49,49,,38
2026-09,OUT0028,Reliance Beauty - Pune 9,Reliance Beauty,Department Store,Pune,Maharashtra,West,SKU0034,Northline Body Lotion B,Northline,Bath & Body,Body Lotion,Top 25,Active,989,27,29,,5,4880,BGR West,8,7,,41
2026-09,OUT0028,Reliance Beauty - Pune 9,Reliance Beauty,Department Store,Pune,Maharashtra,West,SKU0035,Northline Body Wash A,Northline,Bath & Body,Body Wash,Others,Active,469,40,40,,1,549,BGR West,2,1,,43
2026-09,OUT0028,Reliance Beauty - Pune 9,Reliance Beauty,Department Store,Pune,Maharashtra,West,SKU0036,Northline Body Wash B,Northline,Bath & Body,Body Wash,Others,Active,1179,0,0,,0,0,BGR West,1,0,,43
2026-09,OUT0028,Reliance Beauty - Pune 9,Reliance Beauty,Department Store,Pune,Maharashtra,West,SKU0037,Verde Body Wash C,Verde,Bath & Body,Body Wash,Top 25,Active,2239,0,2,,3,7492,BGR West,5,5,,37
2026-09,OUT0028,Reliance Beauty - Pune 9,Reliance Beauty,Department Store,Pune,Maharashtra,West,SKU0038,Blush & Co Hand Cream A,Blush & Co,Bath & Body,Hand Cream,Others,Active,489,5,8,,1,540,BGR West,4,4,,38
2026-09,OUT0028,Reliance Beauty - Pune 9,Reliance Beauty,Department Store,Pune,Maharashtra,West,SKU0039,Northline Hand Cream B,Northline,Bath & Body,Hand Cream,Others,Active,1189,0,4,,1,1193,BGR West,5,5,,38
2026-09,OUT0029,Reliance Beauty - Pune 10,Reliance Beauty,Department Store,Pune,Maharashtra,West,SKU0002,Verde Moisturizer B,Verde,Skincare,Moisturizer,Top 10,Active,1179,167,165,,12,17097,BGR West,15,10,,46
2026-09,OUT0029,Reliance Beauty - Pune 10,Reliance Beauty,Department Store,Pune,Maharashtra,West,SKU0003,Verde Serum A,Verde,Skincare,Serum,Top 25,Active,2419,86,84,,10,25007,BGR West,11,8,,48
2026-09,OUT0029,Reliance Beauty - Pune 10,Reliance Beauty,Department Store,Pune,Maharashtra,West,SKU0004,Northline Serum B,Northline,Skincare,Serum,Top 25,Active,2489,18,22,,4,10151,BGR West,8,8,,45
2026-09,OUT0029,Reliance Beauty - Pune 10,Reliance Beauty,Department Store,Pune,Maharashtra,West,SKU0006,Blush & Co Cleanser A,Blush & Co,Skincare,Cleanser,Top 10,Active,289,60,68,,21,6372,BGR West,31,29,,45
2026-09,OUT0029,Reliance Beauty - Pune 10,Reliance Beauty,Department Store,Pune,Maharashtra,West,SKU0007,Northline Cleanser B,Northline,Skincare,Cleanser,Others,Active,1809,36,38,,0,0,BGR West,2,2,,43
2026-09,OUT0029,Reliance Beauty - Pune 10,Reliance Beauty,Department Store,Pune,Maharashtra,West,SKU0008,Lumina Sunscreen A,Lumina,Skincare,Sunscreen,Others,Active,1599,10,10,,1,1817,BGR West,1,1,,46
2026-09,OUT0029,Reliance Beauty - Pune 10,Reliance Beauty,Department Store,Pune,Maharashtra,West,SKU0011,Lumina Foundation B,Lumina,Makeup,Foundation,Top 10,Inactive,1889,7,15,,6,11422,BGR West,14,14,,51
2026-09,OUT0029,Reliance Beauty - Pune 10,Reliance Beauty,Department Store,Pune,Maharashtra,West,SKU0013,Northline Lipstick B,Northline,Makeup,Lipstick,Others,Active,2469,26,26,,0,0,BGR West,1,0,,49
2026-09,OUT0029,Reliance Beauty - Pune 10,Reliance Beauty,Department Store,Pune,Maharashtra,West,SKU0015,Blush & Co Mascara A,Blush & Co,Makeup,Mascara,Top 25,Active,1219,15,15,,3,3934,BGR West,4,3,,53
2026-09,OUT0029,Reliance Beauty - Pune 10,Reliance Beauty,Department Store,Pune,Maharashtra,West,SKU0016,Verde Mascara B,Verde,Makeup,Mascara,Top 25,Active,199,8,11,,4,718,BGR West,9,7,,53
2026-09,OUT0029,Reliance Beauty - Pune 10,Reliance Beauty,Department Store,Pune,Maharashtra,West,SKU0017,Lumina Mascara C,Lumina,Makeup,Mascara,Top 10,Active,529,43,45,,10,5084,BGR West,12,12,,48
2026-09,OUT0029,Reliance Beauty - Pune 10,Reliance Beauty,Department Store,Pune,Maharashtra,West,SKU0018,Northline Eyeliner A,Northline,Makeup,Eyeliner,Others,Active,1959,23,24,,0,0,BGR West,2,1,,53
2026-09,OUT0029,Reliance Beauty - Pune 10,Reliance Beauty,Department Store,Pune,Maharashtra,West,SKU0020,Lumina Shampoo A,Lumina,Haircare,Shampoo,Top 10,Active,509,242,245,,13,7011,BGR West,16,16,,34
2026-09,OUT0029,Reliance Beauty - Pune 10,Reliance Beauty,Department Store,Pune,Maharashtra,West,SKU0027,Lumina EDP B,Lumina,Fragrance,EDP,Top 10,Active,529,19,22,,11,6005,BGR West,14,14,,55
2026-09,OUT0029,Reliance Beauty - Pune 10,Reliance Beauty,Department Store,Pune,Maharashtra,West,SKU0028,Northline EDT A,Northline,Fragrance,EDT,Top 25,Active,1109,26,25,,5,5275,BGR West,7,4,,57
2026-09,OUT0029,Reliance Beauty - Pune 10,Reliance Beauty,Department Store,Pune,Maharashtra,West,SKU0029,Blush & Co EDT B,Blush & Co,Fragrance,EDT,Top 25,Active,479,3,0,,7,4008,BGR West,10,9,,56
2026-09,OUT0029,Reliance Beauty - Pune 10,Reliance Beauty,Department Store,Pune,Maharashtra,West,SKU0030,Blush & Co EDT C,Blush & Co,Fragrance,EDT,Others,Active,779,0,5,,2,1607,BGR West,7,7,,58
2026-09,OUT0029,Reliance Beauty - Pune 10,Reliance Beauty,Department Store,Pune,Maharashtra,West,SKU0033,Northline Body Lotion A,Northline,Bath & Body,Body Lotion,Top 10,Active,1239,0,21,,20,23074,BGR West,41,41,,37
2026-09,OUT0029,Reliance Beauty - Pune 10,Reliance Beauty,Department Store,Pune,Maharashtra,West,SKU0035,Northline Body Wash A,Northline,Bath & Body,Body Wash,Others,Active,469,26,26,,0,0,BGR West,1,0,,40
2026-09,OUT0029,Reliance Beauty - Pune 10,Reliance Beauty,Department Store,Pune,Maharashtra,West,SKU0036,Northline Body Wash B,Northline,Bath & Body,Body Wash,Others,Active,1179,18,21,,0,0,BGR West,4,3,,37
2026-09,OUT0029,Reliance Beauty - Pune 10,Reliance Beauty,Department Store,Pune,Maharashtra,West,SKU0037,Verde Body Wash C,Verde,Bath & Body,Body Wash,Top 25,Active,2239,37,40,,3,8132,BGR West,7,6,,42
2026-09,OUT0029,Reliance Beauty - Pune 10,Reliance Beauty,Department Store,Pune,Maharashtra,West,SKU0038,Blush & Co Hand Cream A,Blush & Co,Bath & Body,Hand Cream,Others,Active,489,0,2,,1,582,BGR West,5,3,,43
2026-09,OUT0030,Reliance Beauty - Ahmedabad 11,Reliance Beauty,Department Store,Ahmedabad,Gujarat,West,SKU0002,Verde Moisturizer B,Verde,Skincare,Moisturizer,Top 10,Active,1179,34,33,,25,29946,BGR West,30,24,,45
2026-09,OUT0030,Reliance Beauty - Ahmedabad 11,Reliance Beauty,Department Store,Ahmedabad,Gujarat,West,SKU0003,Verde Serum A,Verde,Skincare,Serum,Top 25,Active,2419,40,59,,22,54299,BGR West,44,41,,44
2026-09,OUT0030,Reliance Beauty - Ahmedabad 11,Reliance Beauty,Department Store,Ahmedabad,Gujarat,West,SKU0004,Northline Serum B,Northline,Skincare,Serum,Top 25,Active,2489,19,21,,7,20327,BGR West,10,9,,46
2026-09,OUT0030,Reliance Beauty - Ahmedabad 11,Reliance Beauty,Department Store,Ahmedabad,Gujarat,West,SKU0006,Blush & Co Cleanser A,Blush & Co,Skincare,Cleanser,Top 10,Active,289,192,219,,32,10746,BGR West,59,59,,42
2026-09,OUT0030,Reliance Beauty - Ahmedabad 11,Reliance Beauty,Department Store,Ahmedabad,Gujarat,West,SKU0010,Blush & Co Foundation A,Blush & Co,Makeup,Foundation,Others,Active,1419,22,22,,4,6009,BGR West,6,4,,50
2026-09,OUT0030,Reliance Beauty - Ahmedabad 11,Reliance Beauty,Department Store,Ahmedabad,Gujarat,West,SKU0011,Lumina Foundation B,Lumina,Makeup,Foundation,Top 10,Inactive,1889,0,7,,17,39267,BGR West,24,24,,53
2026-09,OUT0030,Reliance Beauty - Ahmedabad 11,Reliance Beauty,Department Store,Ahmedabad,Gujarat,West,SKU0012,Northline Lipstick A,Northline,Makeup,Lipstick,Others,Active,2429,3,5,,2,5570,BGR West,4,4,,51
2026-09,OUT0030,Reliance Beauty - Ahmedabad 11,Reliance Beauty,Department Store,Ahmedabad,Gujarat,West,SKU0013,Northline Lipstick B,Northline,Makeup,Lipstick,Others,Active,2469,33,37,,1,2937,BGR West,5,5,,53
2026-09,OUT0030,Reliance Beauty - Ahmedabad 11,Reliance Beauty,Department Store,Ahmedabad,Gujarat,West,SKU0014,Lumina Lipstick C,Lumina,Makeup,Lipstick,Top 25,Active,1729,79,0,,7,14445,BGR West,11,7,,51
2026-09,OUT0030,Reliance Beauty - Ahmedabad 11,Reliance Beauty,Department Store,Ahmedabad,Gujarat,West,SKU0015,Blush & Co Mascara A,Blush & Co,Makeup,Mascara,Top 25,Active,1219,9,102,,12,17065,BGR West,11,11,,50
2026-09,OUT0030,Reliance Beauty - Ahmedabad 11,Reliance Beauty,Department Store,Ahmedabad,Gujarat,West,SKU0016,Verde Mascara B,Verde,Makeup,Mascara,Top 25,Active,199,61,65,,14,2734,BGR West,23,18,,47
2026-09,OUT0030,Reliance Beauty - Ahmedabad 11,Reliance Beauty,Department Store,Ahmedabad,Gujarat,West,SKU0017,Lumina Mascara C,Lumina,Makeup,Mascara,Top 10,Active,529,155,161,,13,7915,BGR West,24,19,,53
2026-09,OUT0030,Reliance Beauty - Ahmedabad 11,Reliance Beauty,Department Store,Ahmedabad,Gujarat,West,SKU0019,Northline Eyeliner B,Northline,Makeup,Eyeliner,Others,Active,1889,11,12,,3,6532,BGR West,7,4,,52
2026-09,OUT0030,Reliance Beauty - Ahmedabad 11,Reliance Beauty,Department Store,Ahmedabad,Gujarat,West,SKU0020,Lumina Shampoo A,Lumina,Haircare,Shampoo,Top 10,Active,509,120,138,,19,12055,BGR West,39,37,,37
2026-09,OUT0030,Reliance Beauty - Ahmedabad 11,Reliance Beauty,Department Store,Ahmedabad,Gujarat,West,SKU0021,Verde Shampoo B,Verde,Haircare,Shampoo,Others,Active,1319,16,18,,2,3251,BGR West,5,4,,35
2026-09,OUT0030,Reliance Beauty - Ahmedabad 11,Reliance Beauty,Department Store,Ahmedabad,Gujarat,West,SKU0022,Northline Conditioner A,Northline,Haircare,Conditioner,Others,Active,779,9,14,,5,4545,BGR West,10,10,,38
2026-09,OUT0030,Reliance Beauty - Ahmedabad 11,Reliance Beauty,Department Store,Ahmedabad,Gujarat,West,SKU0023,Northline Conditioner B,Northline,Haircare,Conditioner,Others,Active,379,30,30,,0,0,BGR West,0,0,,36
2026-09,OUT0030,Reliance Beauty - Ahmedabad 11,Reliance Beauty,Department Store,Ahmedabad,Gujarat,West,SKU0027,Lumina EDP B,Lumina,Fragrance,EDP,Top 10,Active,529,16,16,,22,13069,BGR West,24,22,,57
2026-09,OUT0030,Reliance Beauty - Ahmedabad 11,Reliance Beauty,Department Store,Ahmedabad,Gujarat,West,SKU0028,Northline EDT A,Northline,Fragrance,EDT,Top 25,Active,1109,41,0,,14,17662,BGR West,13,11,,53
2026-09,OUT0030,Reliance Beauty - Ahmedabad 11,Reliance Beauty,Department Store,Ahmedabad,Gujarat,West,SKU0031,Lumina Body Mist A,Lumina,Fragrance,Body Mist,Top 25,Active,2119,91,95,,9,21642,BGR West,19,13,,58
2026-09,OUT0030,Reliance Beauty - Ahmedabad 11,Reliance Beauty,Department Store,Ahmedabad,Gujarat,West,SKU0033,Northline Body Lotion A,Northline,Bath & Body,Body Lotion,Top 10,Active,1239,52,76,,31,46274,BGR West,55,55,,39
2026-09,OUT0030,Reliance Beauty - Ahmedabad 11,Reliance Beauty,Department Store,Ahmedabad,Gujarat,West,SKU0034,Northline Body Lotion B,Northline,Bath & Body,Body Lotion,Top 25,Active,989,59,63,,9,11143,BGR West,15,13,,38
2026-09,OUT0030,Reliance Beauty - Ahmedabad 11,Reliance Beauty,Department Store,Ahmedabad,Gujarat,West,SKU0035,Northline Body Wash A,Northline,Bath & Body,Body Wash,Others,Active,469,32,32,,5,2673,BGR West,8,5,,42
2026-09,OUT0031,Sephora - Kolkata 1,Sephora,MBO,Kolkata,West Bengal,East,SKU0001,Blush & Co Moisturizer A,Blush & Co,Skincare,Moisturizer,Others,Active,2319,27,30,,2,4631,BGR East,8,5,,47
2026-09,OUT0031,Sephora - Kolkata 1,Sephora,MBO,Kolkata,West Bengal,East,SKU0002,Verde Moisturizer B,Verde,Skincare,Moisturizer,Top 10,Active,1179,62,69,,31,39524,BGR East,38,38,,42
2026-09,OUT0031,Sephora - Kolkata 1,Sephora,MBO,Kolkata,West Bengal,East,SKU0003,Verde Serum A,Verde,Skincare,Serum,Top 25,Active,2419,73,0,,30,81682,BGR East,56,56,,42
2026-09,OUT0031,Sephora - Kolkata 1,Sephora,MBO,Kolkata,West Bengal,East,SKU0005,Northline Serum C,Northline,Skincare,Serum,Others,Inactive,1819,0,0,,1,1968,BGR East,2,1,,46
2026-09,OUT0031,Sephora - Kolkata 1,Sephora,MBO,Kolkata,West Bengal,East,SKU0006,Blush & Co Cleanser A,Blush & Co,Skincare,Cleanser,Top 10,Active,289,166,0,,3,890,BGR East,9,7,,42
2026-09,OUT0031,Sephora - Kolkata 1,Sephora,MBO,Kolkata,West Bengal,East,SKU0007,Northline Cleanser B,Northline,Skincare,Cleanser,Others,Active,1809,0,5,,7,12295,BGR East,12,12,,43
2026-09,OUT0031,Sephora - Kolkata 1,Sephora,MBO,Kolkata,West Bengal,East,SKU0008,Lumina Sunscreen A,Lumina,Skincare,Sunscreen,Others,Active,1599,39,42,,3,5990,BGR East,8,6,,43
2026-09,OUT0031,Sephora - Kolkata 1,Sephora,MBO,Kolkata,West Bengal,East,SKU0009,Blush & Co Sunscreen B,Blush & Co,Skincare,Sunscreen,Others,Inactive,1629,12,0,,7,11330,BGR East,11,7,,45
2026-09,OUT0031,Sephora - Kolkata 1,Sephora,MBO,Kolkata,West Bengal,East,SKU0011,Lumina Foundation B,Lumina,Makeup,Foundation,Top 10,Inactive,1889,30,48,,36,65797,BGR East,57,54,,52
2026-09,OUT0031,Sephora - Kolkata 1,Sephora,MBO,Kolkata,West Bengal,East,SKU0012,Northline Lipstick A,Northline,Makeup,Lipstick,Others,Active,2429,0,1,,3,7341,BGR East,6,4,,51
2026-09,OUT0031,Sephora - Kolkata 1,Sephora,MBO,Kolkata,West Bengal,East,SKU0014,Lumina Lipstick C,Lumina,Makeup,Lipstick,Top 25,Active,1729,9,11,,13,25622,BGR East,19,15,,48
2026-09,OUT0031,Sephora - Kolkata 1,Sephora,MBO,Kolkata,West Bengal,East,SKU0015,Blush & Co Mascara A,Blush & Co,Makeup,Mascara,Top 25,Active,1219,101,115,,21,23620,BGR East,35,35,,49
2026-09,OUT0031,Sephora - Kolkata 1,Sephora,MBO,Kolkata,West Bengal,East,SKU0016,Verde Mascara B,Verde,Makeup,Mascara,Top 25,Active,199,52,51,,15,2918,BGR East,16,14,,53
2026-09,OUT0031,Sephora - Kolkata 1,Sephora,MBO,Kolkata,West Bengal,East,SKU0017,Lumina Mascara C,Lumina,Makeup,Mascara,Top 10,Active,529,135,145,,38,25100,BGR East,48,48,,50
2026-09,OUT0031,Sephora - Kolkata 1,Sephora,MBO,Kolkata,West Bengal,East,SKU0018,Northline Eyeliner A,Northline,Makeup,Eyeliner,Others,Active,1959,43,0,,2,4113,BGR East,4,3,,52
2026-09,OUT0031,Sephora - Kolkata 1,Sephora,MBO,Kolkata,West Bengal,East,SKU0020,Lumina Shampoo A,Lumina,Haircare,Shampoo,Top 10,Active,509,78,79,,44,21982,BGR East,50,45,,38
2026-09,OUT0031,Sephora - Kolkata 1,Sephora,MBO,Kolkata,West Bengal,East,SKU0022,Northline Conditioner A,Northline,Haircare,Conditioner,Others,Active,779,35,37,,5,4520,BGR East,10,7,,35
2026-09,OUT0031,Sephora - Kolkata 1,Sephora,MBO,Kolkata,West Bengal,East,SKU0023,Northline Conditioner B,Northline,Haircare,Conditioner,Others,Active,379,16,0,,1,351,BGR East,1,0,,33
2026-09,OUT0031,Sephora - Kolkata 1,Sephora,MBO,Kolkata,West Bengal,East,SKU0027,Lumina EDP B,Lumina,Fragrance,EDP,Top 10,Active,529,124,134,,17,8898,BGR East,34,27,,52
2026-09,OUT0031,Sephora - Kolkata 1,Sephora,MBO,Kolkata,West Bengal,East,SKU0028,Northline EDT A,Northline,Fragrance,EDT,Top 25,Active,1109,89,91,,21,21616,BGR East,29,23,,55
2026-09,OUT0031,Sephora - Kolkata 1,Sephora,MBO,Kolkata,West Bengal,East,SKU0031,Lumina Body Mist A,Lumina,Fragrance,Body Mist,Top 25,Active,2119,134,125,,25,50067,BGR East,23,16,,56
2026-09,OUT0031,Sephora - Kolkata 1,Sephora,MBO,Kolkata,West Bengal,East,SKU0033,Northline Body Lotion A,Northline,Bath & Body,Body Lotion,Top 10,Active,1239,176,178,,88,132870,BGR East,90,90,,37
2026-09,OUT0031,Sephora - Kolkata 1,Sephora,MBO,Kolkata,West Bengal,East,SKU0036,Northline Body Wash B,Northline,Bath & Body,Body Wash,Others,Active,1179,0,2,,2,2382,BGR East,7,4,,39
2026-09,OUT0031,Sephora - Kolkata 1,Sephora,MBO,Kolkata,West Bengal,East,SKU0037,Verde Body Wash C,Verde,Bath & Body,Body Wash,Top 25,Active,2239,23,40,,13,32834,BGR East,30,30,,39
2026-09,OUT0031,Sephora - Kolkata 1,Sephora,MBO,Kolkata,West Bengal,East,SKU0038,Blush & Co Hand Cream A,Blush & Co,Bath & Body,Hand Cream,Others,Active,489,10,11,,3,1802,BGR East,6,4,,42
2026-09,OUT0031,Sephora - Kolkata 1,Sephora,MBO,Kolkata,West Bengal,East,SKU0039,Northline Hand Cream B,Northline,Bath & Body,Hand Cream,Others,Active,1189,4,8,,7,9943,BGR East,11,11,,38
2026-09,OUT0032,Sephora - Bhubaneswar 2,Sephora,MBO,Bhubaneswar,Odisha,East,SKU0001,Blush & Co Moisturizer A,Blush & Co,Skincare,Moisturizer,Others,Active,2319,24,26,,0,0,BGR East,3,2,,44
2026-09,OUT0032,Sephora - Bhubaneswar 2,Sephora,MBO,Bhubaneswar,Odisha,East,SKU0002,Verde Moisturizer B,Verde,Skincare,Moisturizer,Top 10,Active,1179,10,23,,12,16835,BGR East,25,25,,48
2026-09,OUT0032,Sephora - Bhubaneswar 2,Sephora,MBO,Bhubaneswar,Odisha,East,SKU0003,Verde Serum A,Verde,Skincare,Serum,Top 25,Active,2419,62,69,,6,14382,BGR East,14,13,,47
2026-09,OUT0032,Sephora - Bhubaneswar 2,Sephora,MBO,Bhubaneswar,Odisha,East,SKU0006,Blush & Co Cleanser A,Blush & Co,Skincare,Cleanser,Top 10,Active,289,0,12,,13,4725,BGR East,25,25,,44
2026-09,OUT0032,Sephora - Bhubaneswar 2,Sephora,MBO,Bhubaneswar,Odisha,East,SKU0008,Lumina Sunscreen A,Lumina,Skincare,Sunscreen,Others,Active,1599,9,10,,1,1437,BGR East,3,2,,46
2026-09,OUT0032,Sephora - Bhubaneswar 2,Sephora,MBO,Bhubaneswar,Odisha,East,SKU0011,Lumina Foundation B,Lumina,Makeup,Foundation,Top 10,Inactive,1889,7,10,,3,5348,BGR East,9,6,,51
2026-09,OUT0032,Sephora - Bhubaneswar 2,Sephora,MBO,Bhubaneswar,Odisha,East,SKU0014,Lumina Lipstick C,Lumina,Makeup,Lipstick,Top 25,Active,1729,0,8,,5,8147,BGR East,13,13,,50
2026-09,OUT0032,Sephora - Bhubaneswar 2,Sephora,MBO,Bhubaneswar,Odisha,East,SKU0015,Blush & Co Mascara A,Blush & Co,Makeup,Mascara,Top 25,Active,1219,29,35,,3,3758,BGR East,10,9,,48
2026-09,OUT0032,Sephora - Bhubaneswar 2,Sephora,MBO,Bhubaneswar,Odisha,East,SKU0016,Verde Mascara B,Verde,Makeup,Mascara,Top 25,Active,199,14,19,,5,1059,BGR East,10,10,,49
2026-09,OUT0032,Sephora - Bhubaneswar 2,Sephora,MBO,Bhubaneswar,Odisha,East,SKU0017,Lumina Mascara C,Lumina,Makeup,Mascara,Top 10,Active,529,33,0,,8,5044,BGR East,16,16,,48
2026-09,OUT0032,Sephora - Bhubaneswar 2,Sephora,MBO,Bhubaneswar,Odisha,East,SKU0018,Northline Eyeliner A,Northline,Makeup,Eyeliner,Others,Active,1959,8,9,,0,0,BGR East,2,1,,52
2026-09,OUT0032,Sephora - Bhubaneswar 2,Sephora,MBO,Bhubaneswar,Odisha,East,SKU0019,Northline Eyeliner B,Northline,Makeup,Eyeliner,Others,Active,1889,15,17,,2,3629,BGR East,4,4,,47
2026-09,OUT0032,Sephora - Bhubaneswar 2,Sephora,MBO,Bhubaneswar,Odisha,East,SKU0020,Lumina Shampoo A,Lumina,Haircare,Shampoo,Top 10,Active,509,94,100,,6,3344,BGR East,12,12,,37
2026-09,OUT0032,Sephora - Bhubaneswar 2,Sephora,MBO,Bhubaneswar,Odisha,East,SKU0022,Northline Conditioner A,Northline,Haircare,Conditioner,Others,Active,779,18,23,,2,1840,BGR East,7,7,,35
2026-09,OUT0032,Sephora - Bhubaneswar 2,Sephora,MBO,Bhubaneswar,Odisha,East,SKU0023,Northline Conditioner B,Northline,Haircare,Conditioner,Others,Active,379,0,2,,0,0,BGR East,3,2,,33
2026-09,OUT0032,Sephora - Bhubaneswar 2,Sephora,MBO,Bhubaneswar,Odisha,East,SKU0027,Lumina EDP B,Lumina,Fragrance,EDP,Top 10,Active,529,0,0,,15,9628,BGR East,20,14,,52
2026-09,OUT0032,Sephora - Bhubaneswar 2,Sephora,MBO,Bhubaneswar,Odisha,East,SKU0029,Blush & Co EDT B,Blush & Co,Fragrance,EDT,Top 25,Active,479,10,17,,6,3089,BGR East,13,13,,58
2026-09,OUT0032,Sephora - Bhubaneswar 2,Sephora,MBO,Bhubaneswar,Odisha,East,SKU0030,Blush & Co EDT C,Blush & Co,Fragrance,EDT,Others,Active,779,28,32,,3,2482,BGR East,8,7,,55
2026-09,OUT0032,Sephora - Bhubaneswar 2,Sephora,MBO,Bhubaneswar,Odisha,East,SKU0031,Lumina Body Mist A,Lumina,Fragrance,Body Mist,Top 25,Active,2119,78,80,,6,12924,BGR East,9,8,,58
2026-09,OUT0032,Sephora - Bhubaneswar 2,Sephora,MBO,Bhubaneswar,Odisha,East,SKU0033,Northline Body Lotion A,Northline,Bath & Body,Body Lotion,Top 10,Active,1239,173,0,,16,23646,BGR East,23,20,,40
2026-09,OUT0032,Sephora - Bhubaneswar 2,Sephora,MBO,Bhubaneswar,Odisha,East,SKU0034,Northline Body Lotion B,Northline,Bath & Body,Body Lotion,Top 25,Active,989,79,89,,7,8191,BGR East,18,17,,39
2026-09,OUT0032,Sephora - Bhubaneswar 2,Sephora,MBO,Bhubaneswar,Odisha,East,SKU0035,Northline Body Wash A,Northline,Bath & Body,Body Wash,Others,Active,469,4,5,,1,485,BGR East,2,2,,37
2026-09,OUT0032,Sephora - Bhubaneswar 2,Sephora,MBO,Bhubaneswar,Odisha,East,SKU0037,Verde Body Wash C,Verde,Bath & Body,Body Wash,Top 25,Active,2239,0,1,,3,6852,BGR East,4,4,,37
2026-09,OUT0033,Sephora - Hyderabad 3,Sephora,MBO,Hyderabad,Telangana,South,SKU0002,Verde Moisturizer B,Verde,Skincare,Moisturizer,Top 10,Active,1179,4,13,,15,19804,BGR South,26,24,,43
2026-09,OUT0033,Sephora - Hyderabad 3,Sephora,MBO,Hyderabad,Telangana,South,SKU0003,Verde Serum A,Verde,Skincare,Serum,Top 25,Active,2419,11,0,,16,44493,BGR South,22,20,,45
2026-09,OUT0033,Sephora - Hyderabad 3,Sephora,MBO,Hyderabad,Telangana,South,SKU0004,Northline Serum B,Northline,Skincare,Serum,Top 25,Active,2489,74,76,,4,11025,BGR South,6,6,,42
2026-09,OUT0033,Sephora - Hyderabad 3,Sephora,MBO,Hyderabad,Telangana,South,SKU0006,Blush & Co Cleanser A,Blush & Co,Skincare,Cleanser,Top 10,Active,289,173,145,,67,24181,BGR South,56,39,,42
2026-09,OUT0033,Sephora - Hyderabad 3,Sephora,MBO,Hyderabad,Telangana,South,SKU0007,Northline Cleanser B,Northline,Skincare,Cleanser,Others,Active,1809,23,25,,1,1920,BGR South,4,3,,45
2026-09,OUT0033,Sephora - Hyderabad 3,Sephora,MBO,Hyderabad,Telangana,South,SKU0009,Blush & Co Sunscreen B,Blush & Co,Skincare,Sunscreen,Others,Inactive,1629,7,0,,3,4429,BGR South,7,7,,42
2026-09,OUT0033,Sephora - Hyderabad 3,Sephora,MBO,Hyderabad,Telangana,South,SKU0011,Lumina Foundation B,Lumina,Makeup,Foundation,Top 10,Inactive,1889,162,169,,17,30210,BGR South,26,24,,52
2026-09,OUT0033,Sephora - Hyderabad 3,Sephora,MBO,Hyderabad,Telangana,South,SKU0014,Lumina Lipstick C,Lumina,Makeup,Lipstick,Top 25,Active,1729,63,0,,13,24924,BGR South,26,20,,52
2026-09,OUT0033,Sephora - Hyderabad 3,Sephora,MBO,Hyderabad,Telangana,South,SKU0015,Blush & Co Mascara A,Blush & Co,Makeup,Mascara,Top 25,Active,1219,49,55,,12,14633,BGR South,19,18,,47
2026-09,OUT0033,Sephora - Hyderabad 3,Sephora,MBO,Hyderabad,Telangana,South,SKU0016,Verde Mascara B,Verde,Makeup,Mascara,Top 25,Active,199,21,27,,8,1489,BGR South,14,14,,49
2026-09,OUT0033,Sephora - Hyderabad 3,Sephora,MBO,Hyderabad,Telangana,South,SKU0017,Lumina Mascara C,Lumina,Makeup,Mascara,Top 10,Active,529,20,26,,21,11767,BGR South,34,27,,53
2026-09,OUT0033,Sephora - Hyderabad 3,Sephora,MBO,Hyderabad,Telangana,South,SKU0018,Northline Eyeliner A,Northline,Makeup,Eyeliner,Others,Active,1959,14,15,,1,2216,BGR South,3,2,,49
2026-09,OUT0033,Sephora - Hyderabad 3,Sephora,MBO,Hyderabad,Telangana,South,SKU0021,Verde Shampoo B,Verde,Haircare,Shampoo,Others,Active,1319,35,34,,3,4022,BGR South,3,2,,36
2026-09,OUT0033,Sephora - Hyderabad 3,Sephora,MBO,Hyderabad,Telangana,South,SKU0022,Northline Conditioner A,Northline,Haircare,Conditioner,Others,Active,779,4,5,,3,2800,BGR South,4,4,,34
2026-09,OUT0033,Sephora - Hyderabad 3,Sephora,MBO,Hyderabad,Telangana,South,SKU0023,Northline Conditioner B,Northline,Haircare,Conditioner,Others,Active,379,17,19,,0,0,BGR South,4,2,,35
2026-09,OUT0033,Sephora - Hyderabad 3,Sephora,MBO,Hyderabad,Telangana,South,SKU0027,Lumina EDP B,Lumina,Fragrance,EDP,Top 10,Active,529,137,143,,20,9764,BGR South,26,26,,57
2026-09,OUT0033,Sephora - Hyderabad 3,Sephora,MBO,Hyderabad,Telangana,South,SKU0028,Northline EDT A,Northline,Fragrance,EDT,Top 25,Active,1109,122,135,,10,11864,BGR South,25,23,,52
2026-09,OUT0033,Sephora - Hyderabad 3,Sephora,MBO,Hyderabad,Telangana,South,SKU0030,Blush & Co EDT C,Blush & Co,Fragrance,EDT,Others,Active,779,4,4,,4,3718,BGR South,5,4,,56
2026-09,OUT0033,Sephora - Hyderabad 3,Sephora,MBO,Hyderabad,Telangana,South,SKU0031,Lumina Body Mist A,Lumina,Fragrance,Body Mist,Top 25,Active,2119,111,118,,7,15308,BGR South,18,14,,53
2026-09,OUT0033,Sephora - Hyderabad 3,Sephora,MBO,Hyderabad,Telangana,South,SKU0033,Northline Body Lotion A,Northline,Bath & Body,Body Lotion,Top 10,Active,1239,196,216,,50,61330,BGR South,78,70,,39
2026-09,OUT0033,Sephora - Hyderabad 3,Sephora,MBO,Hyderabad,Telangana,South,SKU0034,Northline Body Lotion B,Northline,Bath & Body,Body Lotion,Top 25,Active,989,118,122,,12,12672,BGR South,16,16,,42
2026-09,OUT0033,Sephora - Hyderabad 3,Sephora,MBO,Hyderabad,Telangana,South,SKU0036,Northline Body Wash B,Northline,Bath & Body,Body Wash,Others,Active,1179,7,7,,0,0,BGR South,1,0,,41
2026-09,OUT0033,Sephora - Hyderabad 3,Sephora,MBO,Hyderabad,Telangana,South,SKU0037,Verde Body Wash C,Verde,Bath & Body,Body Wash,Top 25,Active,2239,5,7,,7,16739,BGR South,13,9,,41
2026-09,OUT0033,Sephora - Hyderabad 3,Sephora,MBO,Hyderabad,Telangana,South,SKU0038,Blush & Co Hand Cream A,Blush & Co,Bath & Body,Hand Cream,Others,Active,489,3,9,,3,1405,BGR South,9,9,,39
2026-09,OUT0034,Sephora - New Delhi 4,Sephora,MBO,New Delhi,Delhi,North,SKU0001,Blush & Co Moisturizer A,Blush & Co,Skincare,Moisturizer,Others,Active,2319,14,15,,0,0,BGR North,2,1,,48
2026-09,OUT0034,Sephora - New Delhi 4,Sephora,MBO,New Delhi,Delhi,North,SKU0002,Verde Moisturizer B,Verde,Skincare,Moisturizer,Top 10,Active,1179,70,0,,13,18836,BGR North,22,19,,47
2026-09,OUT0034,Sephora - New Delhi 4,Sephora,MBO,New Delhi,Delhi,North,SKU0003,Verde Serum A,Verde,Skincare,Serum,Top 25,Active,2419,175,177,,6,14900,BGR North,9,8,,46
2026-09,OUT0034,Sephora - New Delhi 4,Sephora,MBO,New Delhi,Delhi,North,SKU0005,Northline Serum C,Northline,Skincare,Serum,Others,Inactive,1819,37,42,,0,0,BGR North,5,5,,44
2026-09,OUT0034,Sephora - New Delhi 4,Sephora,MBO,New Delhi,Delhi,North,SKU0008,Lumina Sunscreen A,Lumina,Skincare,Sunscreen,Others,Active,1599,32,33,,0,0,BGR North,1,1,,42
2026-09,OUT0034,Sephora - New Delhi 4,Sephora,MBO,New Delhi,Delhi,North,SKU0011,Lumina Foundation B,Lumina,Makeup,Foundation,Top 10,Inactive,1889,50,56,,6,10129,BGR North,12,12,,49
2026-09,OUT0034,Sephora - New Delhi 4,Sephora,MBO,New Delhi,Delhi,North,SKU0012,Northline Lipstick A,Northline,Makeup,Lipstick,Others,Active,2429,2,3,,1,2225,BGR North,4,2,,51
2026-09,OUT0034,Sephora - New Delhi 4,Sephora,MBO,New Delhi,Delhi,North,SKU0013,Northline Lipstick B,Northline,Makeup,Lipstick,Others,Active,2469,29,31,,0,0,BGR North,3,2,,49
2026-09,OUT0034,Sephora - New Delhi 4,Sephora,MBO,New Delhi,Delhi,North,SKU0014,Lumina Lipstick C,Lumina,Makeup,Lipstick,Top 25,Active,1729,43,46,,4,8658,BGR North,8,7,,50
2026-09,OUT0034,Sephora - New Delhi 4,Sephora,MBO,New Delhi,Delhi,North,SKU0015,Blush & Co Mascara A,Blush & Co,Makeup,Mascara,Top 25,Active,1219,65,69,,5,6196,BGR North,10,9,,53
2026-09,OUT0034,Sephora - New Delhi 4,Sephora,MBO,New Delhi,Delhi,North,SKU0016,Verde Mascara B,Verde,Makeup,Mascara,Top 25,Active,199,30,36,,3,654,BGR North,10,9,,49
2026-09,OUT0034,Sephora - New Delhi 4,Sephora,MBO,New Delhi,Delhi,North,SKU0017,Lumina Mascara C,Lumina,Makeup,Mascara,Top 10,Active,529,68,82,,12,6730,BGR North,28,26,,53
2026-09,OUT0034,Sephora - New Delhi 4,Sephora,MBO,New Delhi,Delhi,North,SKU0018,Northline Eyeliner A,Northline,Makeup,Eyeliner,Others,Active,1959,20,0,,0,0,BGR North,1,0,,47
2026-09,OUT0034,Sephora - New Delhi 4,Sephora,MBO,New Delhi,Delhi,North,SKU0020,Lumina Shampoo A,Lumina,Haircare,Shampoo,Top 10,Active,509,93,95,,9,4646,BGR North,14,11,,37
2026-09,OUT0034,Sephora - New Delhi 4,Sephora,MBO,New Delhi,Delhi,North,SKU0021,Verde Shampoo B,Verde,Haircare,Shampoo,Others,Active,1319,22,0,,2,2665,BGR North,6,4,,32
2026-09,OUT0034,Sephora - New Delhi 4,Sephora,MBO,New Delhi,Delhi,North,SKU0022,Northline Conditioner A,Northline,Haircare,Conditioner,Others,Active,779,14,17,,1,878,BGR North,4,4,,35
2026-09,OUT0034,Sephora - New Delhi 4,Sephora,MBO,New Delhi,Delhi,North,SKU0027,Lumina EDP B,Lumina,Fragrance,EDP,Top 10,Active,529,54,58,,11,6894,BGR North,16,15,,52
2026-09,OUT0034,Sephora - New Delhi 4,Sephora,MBO,New Delhi,Delhi,North,SKU0028,Northline EDT A,Northline,Fragrance,EDT,Top 25,Active,1109,0,7,,5,5939,BGR North,12,12,,52
2026-09,OUT0034,Sephora - New Delhi 4,Sephora,MBO,New Delhi,Delhi,North,SKU0029,Blush & Co EDT B,Blush & Co,Fragrance,EDT,Top 25,Active,479,52,54,,0,0,BGR North,3,2,,58
2026-09,OUT0034,Sephora - New Delhi 4,Sephora,MBO,New Delhi,Delhi,North,SKU0031,Lumina Body Mist A,Lumina,Fragrance,Body Mist,Top 25,Active,2119,45,46,,5,10716,BGR North,6,6,,52
2026-09,OUT0034,Sephora - New Delhi 4,Sephora,MBO,New Delhi,Delhi,North,SKU0033,Northline Body Lotion A,Northline,Bath & Body,Body Lotion,Top 10,Active,1239,8,8,,14,17777,BGR North,14,14,,37
2026-09,OUT0034,Sephora - New Delhi 4,Sephora,MBO,New Delhi,Delhi,North,SKU0034,Northline Body Lotion B,Northline,Bath & Body,Body Lotion,Top 25,Active,989,0,9,,7,7606,BGR North,16,16,,40
2026-09,OUT0034,Sephora - New Delhi 4,Sephora,MBO,New Delhi,Delhi,North,SKU0036,Northline Body Wash B,Northline,Bath & Body,Body Wash,Others,Active,1179,13,14,,0,0,BGR North,2,1,,37
2026-09,OUT0034,Sephora - New Delhi 4,Sephora,MBO,New Delhi,Delhi,North,SKU0038,Blush & Co Hand Cream A,Blush & Co,Bath & Body,Hand Cream,Others,Active,489,5,6,,1,572,BGR North,2,2,,42
2026-09,OUT0034,Sephora - New Delhi 4,Sephora,MBO,New Delhi,Delhi,North,SKU0039,Northline Hand Cream B,Northline,Bath & Body,Hand Cream,Others,Active,1189,3,6,,2,2169,BGR North,6,5,,42
2026-09,OUT0035,Sephora - Noida 5,Sephora,MBO,Noida,UP,North,SKU0001,Blush & Co Moisturizer A,Blush & Co,Skincare,Moisturizer,Others,Active,2319,29,33,,3,6417,BGR North,8,7,,43
2026-09,OUT0035,Sephora - Noida 5,Sephora,MBO,Noida,UP,North,SKU0002,Verde Moisturizer B,Verde,Skincare,Moisturizer,Top 10,Active,1179,138,149,,39,57528,BGR North,56,50,,42
2026-09,OUT0035,Sephora - Noida 5,Sephora,MBO,Noida,UP,North,SKU0003,Verde Serum A,Verde,Skincare,Serum,Top 25,Active,2419,128,166,,39,110507,BGR North,77,77,,47
2026-09,OUT0035,Sephora - Noida 5,Sephora,MBO,Noida,UP,North,SKU0007,Northline Cleanser B,Northline,Skincare,Cleanser,Others,Active,1809,27,28,,3,4921,BGR North,5,4,,48
2026-09,OUT0035,Sephora - Noida 5,Sephora,MBO,Noida,UP,North,SKU0008,Lumina Sunscreen A,Lumina,Skincare,Sunscreen,Others,Active,1599,18,20,,2,3942,BGR North,5,4,,46
2026-09,OUT0035,Sephora - Noida 5,Sephora,MBO,Noida,UP,North,SKU0010,Blush & Co Foundation A,Blush & Co,Makeup,Foundation,Others,Active,1419,13,15,,7,9758,BGR North,14,9,,50
2026-09,OUT0035,Sephora - Noida 5,Sephora,MBO,Noida,UP,North,SKU0011,Lumina Foundation B,Lumina,Makeup,Foundation,Top 10,Inactive,1889,205,222,,33,63850,BGR North,50,50,,49
2026-09,OUT0035,Sephora - Noida 5,Sephora,MBO,Noida,UP,North,SKU0013,Northline Lipstick B,Northline,Makeup,Lipstick,Others,Active,2469,27,26,,1,2730,BGR North,1,0,,53
2026-09,OUT0035,Sephora - Noida 5,Sephora,MBO,Noida,UP,North,SKU0015,Blush & Co Mascara A,Blush & Co,Makeup,Mascara,Top 25,Active,1219,262,273,,12,17872,BGR North,29,23,,51
2026-09,OUT0035,Sephora - Noida 5,Sephora,MBO,Noida,UP,North,SKU0016,Verde Mascara B,Verde,Makeup,Mascara,Top 25,Active,199,2,0,,21,4309,BGR North,21,19,,50
2026-09,OUT0035,Sephora - Noida 5,Sephora,MBO,Noida,UP,North,SKU0017,Lumina Mascara C,Lumina,Makeup,Mascara,Top 10,Active,529,27,48,,34,18671,BGR North,58,55,,47
2026-09,OUT0035,Sephora - Noida 5,Sephora,MBO,Noida,UP,North,SKU0018,Northline Eyeliner A,Northline,Makeup,Eyeliner,Others,Active,1959,32,35,,1,2074,BGR North,4,4,,52
2026-09,OUT0035,Sephora - Noida 5,Sephora,MBO,Noida,UP,North,SKU0019,Northline Eyeliner B,Northline,Makeup,Eyeliner,Others,Active,1889,72,78,,6,11569,BGR North,16,12,,51
2026-09,OUT0035,Sephora - Noida 5,Sephora,MBO,Noida,UP,North,SKU0020,Lumina Shampoo A,Lumina,Haircare,Shampoo,Top 10,Active,509,94,90,,38,21317,BGR North,36,34,,32
2026-09,OUT0035,Sephora - Noida 5,Sephora,MBO,Noida,UP,North,SKU0022,Northline Conditioner A,Northline,Haircare,Conditioner,Others,Active,779,44,0,,6,4473,BGR North,10,7,,33
2026-09,OUT0035,Sephora - Noida 5,Sephora,MBO,Noida,UP,North,SKU0023,Northline Conditioner B,Northline,Haircare,Conditioner,Others,Active,379,8,11,,1,429,BGR North,5,4,,34
2026-09,OUT0035,Sephora - Noida 5,Sephora,MBO,Noida,UP,North,SKU0027,Lumina EDP B,Lumina,Fragrance,EDP,Top 10,Active,529,179,165,,42,21799,BGR North,36,28,,58
2026-09,OUT0035,Sephora - Noida 5,Sephora,MBO,Noida,UP,North,SKU0030,Blush & Co EDT C,Blush & Co,Fragrance,EDT,Others,Active,779,55,59,,9,6365,BGR North,19,13,,57
2026-09,OUT0035,Sephora - Noida 5,Sephora,MBO,Noida,UP,North,SKU0033,Northline Body Lotion A,Northline,Bath & Body,Body Lotion,Top 10,Active,1239,141,175,,55,73803,BGR North,94,89,,43
2026-09,OUT0035,Sephora - Noida 5,Sephora,MBO,Noida,UP,North,SKU0034,Northline Body Lotion B,Northline,Bath & Body,Body Lotion,Top 25,Active,989,0,20,,22,21421,BGR North,42,42,,40
2026-09,OUT0035,Sephora - Noida 5,Sephora,MBO,Noida,UP,North,SKU0037,Verde Body Wash C,Verde,Bath & Body,Body Wash,Top 25,Active,2239,96,92,,12,25963,BGR North,11,8,,37
2026-09,OUT0035,Sephora - Noida 5,Sephora,MBO,Noida,UP,North,SKU0038,Blush & Co Hand Cream A,Blush & Co,Bath & Body,Hand Cream,Others,Active,489,4,8,,5,2554,BGR North,10,9,,38
2026-09,OUT0035,Sephora - Noida 5,Sephora,MBO,Noida,UP,North,SKU0039,Northline Hand Cream B,Northline,Bath & Body,Hand Cream,Others,Active,1189,56,63,,9,11762,BGR North,17,16,,40
2026-09,OUT0036,Sephora - Hyderabad 6,Sephora,MBO,Hyderabad,Telangana,South,SKU0001,Blush & Co Moisturizer A,Blush & Co,Skincare,Moisturizer,Others,Active,2319,30,29,,2,4370,BGR South,2,1,,46
2026-09,OUT0036,Sephora - Hyderabad 6,Sephora,MBO,Hyderabad,Telangana,South,SKU0002,Verde Moisturizer B,Verde,Skincare,Moisturizer,Top 10,Active,1179,129,126,,19,23218,BGR South,20,16,,48
2026-09,OUT0036,Sephora - Hyderabad 6,Sephora,MBO,Hyderabad,Telangana,South,SKU0003,Verde Serum A,Verde,Skincare,Serum,Top 25,Active,2419,113,123,,24,55269,BGR South,38,34,,48
2026-09,OUT0036,Sephora - Hyderabad 6,Sephora,MBO,Hyderabad,Telangana,South,SKU0004,Northline Serum B,Northline,Skincare,Serum,Top 25,Active,2489,83,83,,11,31016,BGR South,16,11,,42
2026-09,OUT0036,Sephora - Hyderabad 6,Sephora,MBO,Hyderabad,Telangana,South,SKU0005,Northline Serum C,Northline,Skincare,Serum,Others,Inactive,1819,7,10,,0,0,BGR South,3,3,,44
2026-09,OUT0036,Sephora - Hyderabad 6,Sephora,MBO,Hyderabad,Telangana,South,SKU0006,Blush & Co Cleanser A,Blush & Co,Skincare,Cleanser,Top 10,Active,289,14,2,,44,12973,BGR South,40,32,,46
2026-09,OUT0036,Sephora - Hyderabad 6,Sephora,MBO,Hyderabad,Telangana,South,SKU0007,Northline Cleanser B,Northline,Skincare,Cleanser,Others,Active,1809,35,38,,1,1873,BGR South,4,4,,48
2026-09,OUT0036,Sephora - Hyderabad 6,Sephora,MBO,Hyderabad,Telangana,South,SKU0011,Lumina Foundation B,Lumina,Makeup,Foundation,Top 10,Inactive,1889,119,118,,16,33647,BGR South,15,15,,48
2026-09,OUT0036,Sephora - Hyderabad 6,Sephora,MBO,Hyderabad,Telangana,South,SKU0014,Lumina Lipstick C,Lumina,Makeup,Lipstick,Top 25,Active,1729,4,6,,11,23571,BGR South,17,13,,52
2026-09,OUT0036,Sephora - Hyderabad 6,Sephora,MBO,Hyderabad,Telangana,South,SKU0015,Blush & Co Mascara A,Blush & Co,Makeup,Mascara,Top 25,Active,1219,22,30,,11,13278,BGR South,20,19,,51
2026-09,OUT0036,Sephora - Hyderabad 6,Sephora,MBO,Hyderabad,Telangana,South,SKU0017,Lumina Mascara C,Lumina,Makeup,Mascara,Top 10,Active,529,17,0,,15,7791,BGR South,18,16,,53
2026-09,OUT0036,Sephora - Hyderabad 6,Sephora,MBO,Hyderabad,Telangana,South,SKU0019,Northline Eyeliner B,Northline,Makeup,Eyeliner,Others,Active,1889,6,6,,3,5373,BGR South,5,3,,52
2026-09,OUT0036,Sephora - Hyderabad 6,Sephora,MBO,Hyderabad,Telangana,South,SKU0020,Lumina Shampoo A,Lumina,Haircare,Shampoo,Top 10,Active,509,64,86,,26,13901,BGR South,51,48,,35
2026-09,OUT0036,Sephora - Hyderabad 6,Sephora,MBO,Hyderabad,Telangana,South,SKU0022,Northline Conditioner A,Northline,Haircare,Conditioner,Others,Active,779,0,0,,3,2096,BGR South,9,9,,34
2026-09,OUT0036,Sephora - Hyderabad 6,Sephora,MBO,Hyderabad,Telangana,South,SKU0023,Northline Conditioner B,Northline,Haircare,Conditioner,Others,Active,379,3,5,,0,0,BGR South,2,2,,33
2026-09,OUT0036,Sephora - Hyderabad 6,Sephora,MBO,Hyderabad,Telangana,South,SKU0027,Lumina EDP B,Lumina,Fragrance,EDP,Top 10,Active,529,55,0,,32,18266,BGR South,58,46,,57
2026-09,OUT0036,Sephora - Hyderabad 6,Sephora,MBO,Hyderabad,Telangana,South,SKU0028,Northline EDT A,Northline,Fragrance,EDT,Top 25,Active,1109,129,136,,21,26292,BGR South,35,28,,55
2026-09,OUT0036,Sephora - Hyderabad 6,Sephora,MBO,Hyderabad,Telangana,South,SKU0030,Blush & Co EDT C,Blush & Co,Fragrance,EDT,Others,Active,779,7,11,,4,2961,BGR South,12,8,,54
2026-09,OUT0036,Sephora - Hyderabad 6,Sephora,MBO,Hyderabad,Telangana,South,SKU0031,Lumina Body Mist A,Lumina,Fragrance,Body Mist,Top 25,Active,2119,14,154,,26,61426,BGR South,38,36,,53
2026-09,OUT0036,Sephora - Hyderabad 6,Sephora,MBO,Hyderabad,Telangana,South,SKU0033,Northline Body Lotion A,Northline,Bath & Body,Body Lotion,Top 10,Active,1239,6,38,,52,71339,BGR South,84,84,,41
2026-09,OUT0036,Sephora - Hyderabad 6,Sephora,MBO,Hyderabad,Telangana,South,SKU0034,Northline Body Lotion B,Northline,Bath & Body,Body Lotion,Top 25,Active,989,130,0,,14,13783,BGR South,18,16,,42
2026-09,OUT0036,Sephora - Hyderabad 6,Sephora,MBO,Hyderabad,Telangana,South,SKU0035,Northline Body Wash A,Northline,Bath & Body,Body Wash,Others,Active,469,8,9,,3,1338,BGR South,4,4,,38
2026-09,OUT0036,Sephora - Hyderabad 6,Sephora,MBO,Hyderabad,Telangana,South,SKU0038,Blush & Co Hand Cream A,Blush & Co,Bath & Body,Hand Cream,Others,Active,489,35,39,,3,1391,BGR South,8,7,,41
2026-09,OUT0037,Sephora - Ahmedabad 7,Sephora,MBO,Ahmedabad,Gujarat,West,SKU0001,Blush & Co Moisturizer A,Blush & Co,Skincare,Moisturizer,Others,Active,2319,44,48,,3,7618,BGR West,8,7,,42
2026-09,OUT0037,Sephora - Ahmedabad 7,Sephora,MBO,Ahmedabad,Gujarat,West,SKU0003,Verde Serum A,Verde,Skincare,Serum,Top 25,Active,2419,0,14,,24,57252,BGR West,48,38,,47
2026-09,OUT0037,Sephora - Ahmedabad 7,Sephora,MBO,Ahmedabad,Gujarat,West,SKU0004,Northline Serum B,Northline,Skincare,Serum,Top 25,Active,2489,64,69,,6,16408,BGR West,16,11,,47
2026-09,OUT0037,Sephora - Ahmedabad 7,Sephora,MBO,Ahmedabad,Gujarat,West,SKU0005,Northline Serum C,Northline,Skincare,Serum,Others,Inactive,1819,13,15,,1,2148,BGR West,4,3,,43
2026-09,OUT0037,Sephora - Ahmedabad 7,Sephora,MBO,Ahmedabad,Gujarat,West,SKU0006,Blush & Co Cleanser A,Blush & Co,Skincare,Cleanser,Top 10,Active,289,69,76,,35,11398,BGR West,53,42,,47
2026-09,OUT0037,Sephora - Ahmedabad 7,Sephora,MBO,Ahmedabad,Gujarat,West,SKU0007,Northline Cleanser B,Northline,Skincare,Cleanser,Others,Active,1809,14,0,,2,4314,BGR West,7,7,,46
2026-09,OUT0037,Sephora - Ahmedabad 7,Sephora,MBO,Ahmedabad,Gujarat,West,SKU0008,Lumina Sunscreen A,Lumina,Skincare,Sunscreen,Others,Active,1599,12,17,,3,5778,BGR West,8,8,,45
2026-09,OUT0037,Sephora - Ahmedabad 7,Sephora,MBO,Ahmedabad,Gujarat,West,SKU0009,Blush & Co Sunscreen B,Blush & Co,Skincare,Sunscreen,Others,Inactive,1629,54,59,,5,9964,BGR West,12,10,,44
2026-09,OUT0037,Sephora - Ahmedabad 7,Sephora,MBO,Ahmedabad,Gujarat,West,SKU0011,Lumina Foundation B,Lumina,Makeup,Foundation,Top 10,Inactive,1889,17,31,,18,32662,BGR West,32,32,,49
2026-09,OUT0037,Sephora - Ahmedabad 7,Sephora,MBO,Ahmedabad,Gujarat,West,SKU0012,Northline Lipstick A,Northline,Makeup,Lipstick,Others,Active,2429,42,42,,4,11368,BGR West,6,4,,50
2026-09,OUT0037,Sephora - Ahmedabad 7,Sephora,MBO,Ahmedabad,Gujarat,West,SKU0014,Lumina Lipstick C,Lumina,Makeup,Lipstick,Top 25,Active,1729,9,13,,9,15946,BGR West,19,13,,47
2026-09,OUT0037,Sephora - Ahmedabad 7,Sephora,MBO,Ahmedabad,Gujarat,West,SKU0016,Verde Mascara B,Verde,Makeup,Mascara,Top 25,Active,199,57,61,,10,2388,BGR West,14,14,,47
2026-09,OUT0037,Sephora - Ahmedabad 7,Sephora,MBO,Ahmedabad,Gujarat,West,SKU0017,Lumina Mascara C,Lumina,Makeup,Mascara,Top 10,Active,529,0,8,,31,16375,BGR West,42,39,,50
2026-09,OUT0037,Sephora - Ahmedabad 7,Sephora,MBO,Ahmedabad,Gujarat,West,SKU0020,Lumina Shampoo A,Lumina,Haircare,Shampoo,Top 10,Active,509,11,14,,19,9438,BGR West,28,22,,36
2026-09,OUT0037,Sephora - Ahmedabad 7,Sephora,MBO,Ahmedabad,Gujarat,West,SKU0022,Northline Conditioner A,Northline,Haircare,Conditioner,Others,Active,779,48,56,,4,3733,BGR West,12,12,,35
2026-09,OUT0037,Sephora - Ahmedabad 7,Sephora,MBO,Ahmedabad,Gujarat,West,SKU0027,Lumina EDP B,Lumina,Fragrance,EDP,Top 10,Active,529,145,148,,23,11404,BGR West,26,26,,57
2026-09,OUT0037,Sephora - Ahmedabad 7,Sephora,MBO,Ahmedabad,Gujarat,West,SKU0029,Blush & Co EDT B,Blush & Co,Fragrance,EDT,Top 25,Active,479,4,6,,10,4359,BGR West,12,12,,56
2026-09,OUT0037,Sephora - Ahmedabad 7,Sephora,MBO,Ahmedabad,Gujarat,West,SKU0033,Northline Body Lotion A,Northline,Bath & Body,Body Lotion,Top 10,Active,1239,0,0,,58,70696,BGR West,53,53,,41
2026-09,OUT0037,Sephora - Ahmedabad 7,Sephora,MBO,Ahmedabad,Gujarat,West,SKU0034,Northline Body Lotion B,Northline,Bath & Body,Body Lotion,Top 25,Active,989,36,39,,11,10900,BGR West,21,14,,41
2026-09,OUT0037,Sephora - Ahmedabad 7,Sephora,MBO,Ahmedabad,Gujarat,West,SKU0037,Verde Body Wash C,Verde,Bath & Body,Body Wash,Top 25,Active,2239,66,75,,9,21020,BGR West,19,18,,39
2026-09,OUT0037,Sephora - Ahmedabad 7,Sephora,MBO,Ahmedabad,Gujarat,West,SKU0038,Blush & Co Hand Cream A,Blush & Co,Bath & Body,Hand Cream,Others,Active,489,63,69,,4,2032,BGR West,10,10,,43
2026-09,OUT0037,Sephora - Ahmedabad 7,Sephora,MBO,Ahmedabad,Gujarat,West,SKU0039,Northline Hand Cream B,Northline,Bath & Body,Hand Cream,Others,Active,1189,0,3,,4,5206,BGR West,10,7,,42
2026-09,OUT0038,Sephora - Pune 8,Sephora,MBO,Pune,Maharashtra,West,SKU0002,Verde Moisturizer B,Verde,Skincare,Moisturizer,Top 10,Active,1179,121,118,,26,29835,BGR West,23,23,,42
2026-09,OUT0038,Sephora - Pune 8,Sephora,MBO,Pune,Maharashtra,West,SKU0003,Verde Serum A,Verde,Skincare,Serum,Top 25,Active,2419,10,0,,15,44352,BGR West,27,27,,45
2026-09,OUT0038,Sephora - Pune 8,Sephora,MBO,Pune,Maharashtra,West,SKU0005,Northline Serum C,Northline,Skincare,Serum,Others,Inactive,1819,4,6,,0,0,BGR West,3,2,,47
2026-09,OUT0038,Sephora - Pune 8,Sephora,MBO,Pune,Maharashtra,West,SKU0006,Blush & Co Cleanser A,Blush & Co,Skincare,Cleanser,Top 10,Active,289,184,183,,29,9491,BGR West,40,28,,47
2026-09,OUT0038,Sephora - Pune 8,Sephora,MBO,Pune,Maharashtra,West,SKU0007,Northline Cleanser B,Northline,Skincare,Cleanser,Others,Active,1809,11,0,,0,0,BGR West,1,0,,46
2026-09,OUT0038,Sephora - Pune 8,Sephora,MBO,Pune,Maharashtra,West,SKU0009,Blush & Co Sunscreen B,Blush & Co,Skincare,Sunscreen,Others,Inactive,1629,1,0,,2,3991,BGR West,2,1,,48
2026-09,OUT0038,Sephora - Pune 8,Sephora,MBO,Pune,Maharashtra,West,SKU0011,Lumina Foundation B,Lumina,Makeup,Foundation,Top 10,Inactive,1889,53,54,,6,14030,BGR West,10,7,,49
2026-09,OUT0038,Sephora - Pune 8,Sephora,MBO,Pune,Maharashtra,West,SKU0012,Northline Lipstick A,Northline,Makeup,Lipstick,Others,Active,2429,13,16,,1,2725,BGR West,5,4,,52
2026-09,OUT0038,Sephora - Pune 8,Sephora,MBO,Pune,Maharashtra,West,SKU0013,Northline Lipstick B,Northline,Makeup,Lipstick,Others,Active,2469,29,33,,1,2656,BGR West,6,5,,47
2026-09,OUT0038,Sephora - Pune 8,Sephora,MBO,Pune,Maharashtra,West,SKU0014,Lumina Lipstick C,Lumina,Makeup,Lipstick,Top 25,Active,1729,51,50,,7,10894,BGR West,9,6,,47
2026-09,OUT0038,Sephora - Pune 8,Sephora,MBO,Pune,Maharashtra,West,SKU0015,Blush & Co Mascara A,Blush & Co,Makeup,Mascara,Top 25,Active,1219,0,5,,7,9112,BGR West,15,12,,50
2026-09,OUT0038,Sephora - Pune 8,Sephora,MBO,Pune,Maharashtra,West,SKU0016,Verde Mascara B,Verde,Makeup,Mascara,Top 25,Active,199,67,75,,9,2057,BGR West,17,17,,51
2026-09,OUT0038,Sephora - Pune 8,Sephora,MBO,Pune,Maharashtra,West,SKU0017,Lumina Mascara C,Lumina,Makeup,Mascara,Top 10,Active,529,63,67,,10,5951,BGR West,16,14,,50
2026-09,OUT0038,Sephora - Pune 8,Sephora,MBO,Pune,Maharashtra,West,SKU0018,Northline Eyeliner A,Northline,Makeup,Eyeliner,Others,Active,1959,28,30,,0,0,BGR West,2,2,,53
2026-09,OUT0038,Sephora - Pune 8,Sephora,MBO,Pune,Maharashtra,West,SKU0021,Verde Shampoo B,Verde,Haircare,Shampoo,Others,Active,1319,9,14,,2,2453,BGR West,8,7,,37
2026-09,OUT0038,Sephora - Pune 8,Sephora,MBO,Pune,Maharashtra,West,SKU0022,Northline Conditioner A,Northline,Haircare,Conditioner,Others,Active,779,34,38,,2,1814,BGR West,6,6,,38
2026-09,OUT0038,Sephora - Pune 8,Sephora,MBO,Pune,Maharashtra,West,SKU0027,Lumina EDP B,Lumina,Fragrance,EDP,Top 10,Active,529,78,90,,25,12544,BGR West,53,37,,53
2026-09,OUT0038,Sephora - Pune 8,Sephora,MBO,Pune,Maharashtra,West,SKU0029,Blush & Co EDT B,Blush & Co,Fragrance,EDT,Top 25,Active,479,38,39,,7,4144,BGR West,12,8,,56
2026-09,OUT0038,Sephora - Pune 8,Sephora,MBO,Pune,Maharashtra,West,SKU0031,Lumina Body Mist A,Lumina,Fragrance,Body Mist,Top 25,Active,2119,10,11,,6,12171,BGR West,10,7,,54
2026-09,OUT0038,Sephora - Pune 8,Sephora,MBO,Pune,Maharashtra,West,SKU0032,Northline Body Mist B,Northline,Fragrance,Body Mist,Others,Inactive,2229,31,35,,2,5135,BGR West,6,6,,58
2026-09,OUT0038,Sephora - Pune 8,Sephora,MBO,Pune,Maharashtra,West,SKU0033,Northline Body Lotion A,Northline,Bath & Body,Body Lotion,Top 10,Active,1239,244,234,,35,45383,BGR West,32,25,,39
2026-09,OUT0038,Sephora - Pune 8,Sephora,MBO,Pune,Maharashtra,West,SKU0037,Verde Body Wash C,Verde,Bath & Body,Body Wash,Top 25,Active,2239,28,27,,5,10934,BGR West,6,4,,38
2026-09,OUT0038,Sephora - Pune 8,Sephora,MBO,Pune,Maharashtra,West,SKU0038,Blush & Co Hand Cream A,Blush & Co,Bath & Body,Hand Cream,Others,Active,489,9,10,,2,1150,BGR West,3,3,,41
2026-09,OUT0039,Sephora - Bhubaneswar 9,Sephora,MBO,Bhubaneswar,Odisha,East,SKU0001,Blush & Co Moisturizer A,Blush & Co,Skincare,Moisturizer,Others,Active,2319,5,32,,4,9603,BGR East,5,3,,44
2026-09,OUT0039,Sephora - Bhubaneswar 9,Sephora,MBO,Bhubaneswar,Odisha,East,SKU0002,Verde Moisturizer B,Verde,Skincare,Moisturizer,Top 10,Active,1179,14,12,,28,36912,BGR East,38,26,,47
2026-09,OUT0039,Sephora - Bhubaneswar 9,Sephora,MBO,Bhubaneswar,Odisha,East,SKU0003,Verde Serum A,Verde,Skincare,Serum,Top 25,Active,2419,83,369,,47,125562,BGR East,55,52,,46
2026-09,OUT0039,Sephora - Bhubaneswar 9,Sephora,MBO,Bhubaneswar,Odisha,East,SKU0004,Northline Serum B,Northline,Skincare,Serum,Top 25,Active,2489,59,60,,9,22961,BGR East,10,10,,42
2026-09,OUT0039,Sephora - Bhubaneswar 9,Sephora,MBO,Bhubaneswar,Odisha,East,SKU0005,Northline Serum C,Northline,Skincare,Serum,Others,Inactive,1819,3,9,,1,2180,BGR East,7,7,,47
2026-09,OUT0039,Sephora - Bhubaneswar 9,Sephora,MBO,Bhubaneswar,Odisha,East,SKU0006,Blush & Co Cleanser A,Blush & Co,Skincare,Cleanser,Top 10,Active,289,55,67,,54,18890,BGR East,66,66,,47
2026-09,OUT0039,Sephora - Bhubaneswar 9,Sephora,MBO,Bhubaneswar,Odisha,East,SKU0008,Lumina Sunscreen A,Lumina,Skincare,Sunscreen,Others,Active,1599,12,15,,3,4300,BGR East,7,6,,43
2026-09,OUT0039,Sephora - Bhubaneswar 9,Sephora,MBO,Bhubaneswar,Odisha,East,SKU0009,Blush & Co Sunscreen B,Blush & Co,Skincare,Sunscreen,Others,Inactive,1629,56,60,,5,9350,BGR East,10,9,,44
2026-09,OUT0039,Sephora - Bhubaneswar 9,Sephora,MBO,Bhubaneswar,Odisha,East,SKU0010,Blush & Co Foundation A,Blush & Co,Makeup,Foundation,Others,Active,1419,51,58,,7,9807,BGR East,14,14,,52
2026-09,OUT0039,Sephora - Bhubaneswar 9,Sephora,MBO,Bhubaneswar,Odisha,East,SKU0011,Lumina Foundation B,Lumina,Makeup,Foundation,Top 10,Inactive,1889,39,54,,31,69214,BGR East,49,46,,52
2026-09,OUT0039,Sephora - Bhubaneswar 9,Sephora,MBO,Bhubaneswar,Odisha,East,SKU0012,Northline Lipstick A,Northline,Makeup,Lipstick,Others,Active,2429,4,10,,3,8415,BGR East,9,9,,49
2026-09,OUT0039,Sephora - Bhubaneswar 9,Sephora,MBO,Bhubaneswar,Odisha,East,SKU0013,Northline Lipstick B,Northline,Makeup,Lipstick,Others,Active,2469,12,16,,2,5384,BGR East,6,6,,49
2026-09,OUT0039,Sephora - Bhubaneswar 9,Sephora,MBO,Bhubaneswar,Odisha,East,SKU0014,Lumina Lipstick C,Lumina,Makeup,Lipstick,Top 25,Active,1729,106,96,,21,37045,BGR East,17,11,,51
2026-09,OUT0039,Sephora - Bhubaneswar 9,Sephora,MBO,Bhubaneswar,Odisha,East,SKU0015,Blush & Co Mascara A,Blush & Co,Makeup,Mascara,Top 25,Active,1219,64,65,,16,21207,BGR East,17,17,,52
2026-09,OUT0039,Sephora - Bhubaneswar 9,Sephora,MBO,Bhubaneswar,Odisha,East,SKU0016,Verde Mascara B,Verde,Makeup,Mascara,Top 25,Active,199,78,85,,10,2287,BGR East,15,15,,52
2026-09,OUT0039,Sephora - Bhubaneswar 9,Sephora,MBO,Bhubaneswar,Odisha,East,SKU0017,Lumina Mascara C,Lumina,Makeup,Mascara,Top 10,Active,529,146,142,,25,16588,BGR East,31,21,,50
2026-09,OUT0039,Sephora - Bhubaneswar 9,Sephora,MBO,Bhubaneswar,Odisha,East,SKU0020,Lumina Shampoo A,Lumina,Haircare,Shampoo,Top 10,Active,509,0,15,,31,17953,BGR East,52,46,,34
2026-09,OUT0039,Sephora - Bhubaneswar 9,Sephora,MBO,Bhubaneswar,Odisha,East,SKU0021,Verde Shampoo B,Verde,Haircare,Shampoo,Others,Active,1319,44,43,,6,9642,BGR East,6,5,,38
2026-09,OUT0039,Sephora - Bhubaneswar 9,Sephora,MBO,Bhubaneswar,Odisha,East,SKU0022,Northline Conditioner A,Northline,Haircare,Conditioner,Others,Active,779,24,26,,7,5924,BGR East,11,9,,33
2026-09,OUT0039,Sephora - Bhubaneswar 9,Sephora,MBO,Bhubaneswar,Odisha,East,SKU0023,Northline Conditioner B,Northline,Haircare,Conditioner,Others,Active,379,14,17,,1,427,BGR East,5,4,,33
2026-09,OUT0039,Sephora - Bhubaneswar 9,Sephora,MBO,Bhubaneswar,Odisha,East,SKU0027,Lumina EDP B,Lumina,Fragrance,EDP,Top 10,Active,529,218,215,,33,15712,BGR East,44,30,,54
2026-09,OUT0039,Sephora - Bhubaneswar 9,Sephora,MBO,Bhubaneswar,Odisha,East,SKU0028,Northline EDT A,Northline,Fragrance,EDT,Top 25,Active,1109,5,15,,26,30804,BGR East,36,36,,54
2026-09,OUT0039,Sephora - Bhubaneswar 9,Sephora,MBO,Bhubaneswar,Odisha,East,SKU0029,Blush & Co EDT B,Blush & Co,Fragrance,EDT,Top 25,Active,479,50,54,,16,7444,BGR East,26,20,,58
2026-09,OUT0039,Sephora - Bhubaneswar 9,Sephora,MBO,Bhubaneswar,Odisha,East,SKU0030,Blush & Co EDT C,Blush & Co,Fragrance,EDT,Others,Active,779,50,51,,15,10979,BGR East,23,16,,53
2026-09,OUT0039,Sephora - Bhubaneswar 9,Sephora,MBO,Bhubaneswar,Odisha,East,SKU0031,Lumina Body Mist A,Lumina,Fragrance,Body Mist,Top 25,Active,2119,94,115,,24,62105,BGR East,48,45,,53
2026-09,OUT0039,Sephora - Bhubaneswar 9,Sephora,MBO,Bhubaneswar,Odisha,East,SKU0032,Northline Body Mist B,Northline,Fragrance,Body Mist,Others,Inactive,2229,7,14,,4,9931,BGR East,12,11,,57
2026-09,OUT0039,Sephora - Bhubaneswar 9,Sephora,MBO,Bhubaneswar,Odisha,East,SKU0033,Northline Body Lotion A,Northline,Bath & Body,Body Lotion,Top 10,Active,1239,152,145,,59,85803,BGR East,52,52,,38
2026-09,OUT0039,Sephora - Bhubaneswar 9,Sephora,MBO,Bhubaneswar,Odisha,East,SKU0034,Northline Body Lotion B,Northline,Bath & Body,Body Lotion,Top 25,Active,989,167,0,,13,15628,BGR East,21,18,,41
2026-09,OUT0039,Sephora - Bhubaneswar 9,Sephora,MBO,Bhubaneswar,Odisha,East,SKU0036,Northline Body Wash B,Northline,Bath & Body,Body Wash,Others,Active,1179,31,32,,2,2485,BGR East,4,3,,41
2026-09,OUT0039,Sephora - Bhubaneswar 9,Sephora,MBO,Bhubaneswar,Odisha,East,SKU0037,Verde Body Wash C,Verde,Bath & Body,Body Wash,Top 25,Active,2239,103,110,,11,22395,BGR East,18,18,,40
2026-09,OUT0040,Sephora - Bhubaneswar 10,Sephora,MBO,Bhubaneswar,Odisha,East,SKU0002,Verde Moisturizer B,Verde,Skincare,Moisturizer,Top 10,Active,1179,103,113,,27,30868,BGR East,53,37,,47
2026-09,OUT0040,Sephora - Bhubaneswar 10,Sephora,MBO,Bhubaneswar,Odisha,East,SKU0003,Verde Serum A,Verde,Skincare,Serum,Top 25,Active,2419,49,72,,23,66392,BGR East,46,46,,44
2026-09,OUT0040,Sephora - Bhubaneswar 10,Sephora,MBO,Bhubaneswar,Odisha,East,SKU0005,Northline Serum C,Northline,Skincare,Serum,Others,Inactive,1819,29,29,,2,4433,BGR East,3,2,,44
2026-09,OUT0040,Sephora - Bhubaneswar 10,Sephora,MBO,Bhubaneswar,Odisha,East,SKU0006,Blush & Co Cleanser A,Blush & Co,Skincare,Cleanser,Top 10,Active,289,0,24,,53,15506,BGR East,111,77,,42
2026-09,OUT0040,Sephora - Bhubaneswar 10,Sephora,MBO,Bhubaneswar,Odisha,East,SKU0007,Northline Cleanser B,Northline,Skincare,Cleanser,Others,Active,1809,46,52,,3,5996,BGR East,9,9,,47
2026-09,OUT0040,Sephora - Bhubaneswar 10,Sephora,MBO,Bhubaneswar,Odisha,East,SKU0008,Lumina Sunscreen A,Lumina,Skincare,Sunscreen,Others,Active,1599,8,7,,1,1723,BGR East,1,0,,47
2026-09,OUT0040,Sephora - Bhubaneswar 10,Sephora,MBO,Bhubaneswar,Odisha,East,SKU0010,Blush & Co Foundation A,Blush & Co,Makeup,Foundation,Others,Active,1419,5,9,,4,6747,BGR East,8,8,,47
2026-09,OUT0040,Sephora - Bhubaneswar 10,Sephora,MBO,Bhubaneswar,Odisha,East,SKU0011,Lumina Foundation B,Lumina,Makeup,Foundation,Top 10,Inactive,1889,118,123,,23,40157,BGR East,40,28,,48
2026-09,OUT0040,Sephora - Bhubaneswar 10,Sephora,MBO,Bhubaneswar,Odisha,East,SKU0014,Lumina Lipstick C,Lumina,Makeup,Lipstick,Top 25,Active,1729,39,43,,17,31581,BGR East,23,21,,47
2026-09,OUT0040,Sephora - Bhubaneswar 10,Sephora,MBO,Bhubaneswar,Odisha,East,SKU0015,Blush & Co Mascara A,Blush & Co,Makeup,Mascara,Top 25,Active,1219,144,154,,15,19129,BGR East,25,25,,48
2026-09,OUT0040,Sephora - Bhubaneswar 10,Sephora,MBO,Bhubaneswar,Odisha,East,SKU0016,Verde Mascara B,Verde,Makeup,Mascara,Top 25,Active,199,88,98,,8,1777,BGR East,19,18,,49
2026-09,OUT0040,Sephora - Bhubaneswar 10,Sephora,MBO,Bhubaneswar,Odisha,East,SKU0017,Lumina Mascara C,Lumina,Makeup,Mascara,Top 10,Active,529,3,0,,31,15644,BGR East,32,22,,51
2026-09,OUT0040,Sephora - Bhubaneswar 10,Sephora,MBO,Bhubaneswar,Odisha,East,SKU0020,Lumina Shampoo A,Lumina,Haircare,Shampoo,Top 10,Active,509,33,48,,37,23437,BGR East,55,52,,34
2026-09,OUT0040,Sephora - Bhubaneswar 10,Sephora,MBO,Bhubaneswar,Odisha,East,SKU0021,Verde Shampoo B,Verde,Haircare,Shampoo,Others,Active,1319,18,21,,4,5716,BGR East,11,7,,34
2026-09,OUT0040,Sephora - Bhubaneswar 10,Sephora,MBO,Bhubaneswar,Odisha,East,SKU0022,Northline Conditioner A,Northline,Haircare,Conditioner,Others,Active,779,23,24,,4,3597,BGR East,6,5,,32
2026-09,OUT0040,Sephora - Bhubaneswar 10,Sephora,MBO,Bhubaneswar,Odisha,East,SKU0023,Northline Conditioner B,Northline,Haircare,Conditioner,Others,Active,379,32,36,,0,0,BGR East,4,4,,33
2026-09,OUT0040,Sephora - Bhubaneswar 10,Sephora,MBO,Bhubaneswar,Odisha,East,SKU0027,Lumina EDP B,Lumina,Fragrance,EDP,Top 10,Active,529,0,0,,24,15496,BGR East,36,36,,56
2026-09,OUT0040,Sephora - Bhubaneswar 10,Sephora,MBO,Bhubaneswar,Odisha,East,SKU0029,Blush & Co EDT B,Blush & Co,Fragrance,EDT,Top 25,Active,479,0,12,,12,6818,BGR East,24,24,,56
2026-09,OUT0040,Sephora - Bhubaneswar 10,Sephora,MBO,Bhubaneswar,Odisha,East,SKU0030,Blush & Co EDT C,Blush & Co,Fragrance,EDT,Others,Active,779,46,69,,10,9323,BGR East,18,18,,55
2026-09,OUT0040,Sephora - Bhubaneswar 10,Sephora,MBO,Bhubaneswar,Odisha,East,SKU0031,Lumina Body Mist A,Lumina,Fragrance,Body Mist,Top 25,Active,2119,111,108,,15,38725,BGR East,18,12,,52
2026-09,OUT0040,Sephora - Bhubaneswar 10,Sephora,MBO,Bhubaneswar,Odisha,East,SKU0033,Northline Body Lotion A,Northline,Bath & Body,Body Lotion,Top 10,Active,1239,615,621,,34,42146,BGR East,50,40,,40
2026-09,OUT0040,Sephora - Bhubaneswar 10,Sephora,MBO,Bhubaneswar,Odisha,East,SKU0034,Northline Body Lotion B,Northline,Bath & Body,Body Lotion,Top 25,Active,989,0,5,,20,24527,BGR East,25,25,,42
2026-09,OUT0040,Sephora - Bhubaneswar 10,Sephora,MBO,Bhubaneswar,Odisha,East,SKU0036,Northline Body Wash B,Northline,Bath & Body,Body Wash,Others,Active,1179,7,0,,2,2485,BGR East,2,1,,43
2026-09,OUT0040,Sephora - Bhubaneswar 10,Sephora,MBO,Bhubaneswar,Odisha,East,SKU0037,Verde Body Wash C,Verde,Bath & Body,Body Wash,Top 25,Active,2239,21,23,,1,2493,BGR East,4,3,,38
2026-09,OUT0040,Sephora - Bhubaneswar 10,Sephora,MBO,Bhubaneswar,Odisha,East,SKU0039,Northline Hand Cream B,Northline,Bath & Body,Hand Cream,Others,Active,1189,1,3,,7,9084,BGR East,9,9,,42
2026-09,OUT0041,Renee EBO - Chennai 1,Renee EBO,EBO,Chennai,Tamil Nadu,South,SKU0001,Blush & Co Moisturizer A,Blush & Co,Skincare,Moisturizer,Others,Active,2319,12,14,,0,0,BGR South,4,2,,48
2026-09,OUT0041,Renee EBO - Chennai 1,Renee EBO,EBO,Chennai,Tamil Nadu,South,SKU0002,Verde Moisturizer B,Verde,Skincare,Moisturizer,Top 10,Active,1179,54,66,,12,12732,BGR South,24,24,,43
2026-09,OUT0041,Renee EBO - Chennai 1,Renee EBO,EBO,Chennai,Tamil Nadu,South,SKU0004,Northline Serum B,Northline,Skincare,Serum,Top 25,Active,2489,25,28,,2,4653,BGR South,6,5,,46
2026-09,OUT0041,Renee EBO - Chennai 1,Renee EBO,EBO,Chennai,Tamil Nadu,South,SKU0006,Blush & Co Cleanser A,Blush & Co,Skincare,Cleanser,Top 10,Active,289,0,4,,8,2075,BGR South,13,12,,48
2026-09,OUT0041,Renee EBO - Chennai 1,Renee EBO,EBO,Chennai,Tamil Nadu,South,SKU0007,Northline Cleanser B,Northline,Skincare,Cleanser,Others,Active,1809,26,28,,0,0,BGR South,3,2,,48
2026-09,OUT0041,Renee EBO - Chennai 1,Renee EBO,EBO,Chennai,Tamil Nadu,South,SKU0008,Lumina Sunscreen A,Lumina,Skincare,Sunscreen,Others,Active,1599,10,12,,0,0,BGR South,2,2,,46
2026-09,OUT0041,Renee EBO - Chennai 1,Renee EBO,EBO,Chennai,Tamil Nadu,South,SKU0009,Blush & Co Sunscreen B,Blush & Co,Skincare,Sunscreen,Others,Inactive,1629,2,4,,1,1618,BGR South,3,3,,44
2026-09,OUT0041,Renee EBO - Chennai 1,Renee EBO,EBO,Chennai,Tamil Nadu,South,SKU0010,Blush & Co Foundation A,Blush & Co,Makeup,Foundation,Others,Active,1419,26,27,,1,1307,BGR South,3,2,,51
2026-09,OUT0041,Renee EBO - Chennai 1,Renee EBO,EBO,Chennai,Tamil Nadu,South,SKU0011,Lumina Foundation B,Lumina,Makeup,Foundation,Top 10,Inactive,1889,50,52,,2,3531,BGR South,6,4,,50
2026-09,OUT0041,Renee EBO - Chennai 1,Renee EBO,EBO,Chennai,Tamil Nadu,South,SKU0014,Lumina Lipstick C,Lumina,Makeup,Lipstick,Top 25,Active,1729,43,43,,3,4920,BGR South,5,3,,50
2026-09,OUT0041,Renee EBO - Chennai 1,Renee EBO,EBO,Chennai,Tamil Nadu,South,SKU0015,Blush & Co Mascara A,Blush & Co,Makeup,Mascara,Top 25,Active,1219,5,8,,2,2965,BGR South,6,5,,48
2026-09,OUT0041,Renee EBO - Chennai 1,Renee EBO,EBO,Chennai,Tamil Nadu,South,SKU0016,Verde Mascara B,Verde,Makeup,Mascara,Top 25,Active,199,9,9,,2,497,BGR South,3,2,,53
2026-09,OUT0041,Renee EBO - Chennai 1,Renee EBO,EBO,Chennai,Tamil Nadu,South,SKU0017,Lumina Mascara C,Lumina,Makeup,Mascara,Top 10,Active,529,94,0,,2,1219,BGR South,6,5,,47
2026-09,OUT0041,Renee EBO - Chennai 1,Renee EBO,EBO,Chennai,Tamil Nadu,South,SKU0018,Northline Eyeliner A,Northline,Makeup,Eyeliner,Others,Active,1959,15,18,,0,0,BGR South,4,3,,50
2026-09,OUT0041,Renee EBO - Chennai 1,Renee EBO,EBO,Chennai,Tamil Nadu,South,SKU0019,Northline Eyeliner B,Northline,Makeup,Eyeliner,Others,Active,1889,15,19,,1,1911,BGR South,5,5,,49
2026-09,OUT0041,Renee EBO - Chennai 1,Renee EBO,EBO,Chennai,Tamil Nadu,South,SKU0020,Lumina Shampoo A,Lumina,Haircare,Shampoo,Top 10,Active,509,4,0,,8,4795,BGR South,6,4,,34
2026-09,OUT0041,Renee EBO - Chennai 1,Renee EBO,EBO,Chennai,Tamil Nadu,South,SKU0021,Verde Shampoo B,Verde,Haircare,Shampoo,Others,Active,1319,44,46,,0,0,BGR South,3,2,,35
2026-09,OUT0041,Renee EBO - Chennai 1,Renee EBO,EBO,Chennai,Tamil Nadu,South,SKU0022,Northline Conditioner A,Northline,Haircare,Conditioner,Others,Active,779,6,10,,1,747,BGR South,6,5,,32
2026-09,OUT0041,Renee EBO - Chennai 1,Renee EBO,EBO,Chennai,Tamil Nadu,South,SKU0023,Northline Conditioner B,Northline,Haircare,Conditioner,Others,Active,379,11,12,,0,0,BGR South,2,1,,38
2026-09,OUT0041,Renee EBO - Chennai 1,Renee EBO,EBO,Chennai,Tamil Nadu,South,SKU0027,Lumina EDP B,Lumina,Fragrance,EDP,Top 10,Active,529,0,2,,7,4366,BGR South,11,9,,54
2026-09,OUT0041,Renee EBO - Chennai 1,Renee EBO,EBO,Chennai,Tamil Nadu,South,SKU0028,Northline EDT A,Northline,Fragrance,EDT,Top 25,Active,1109,0,4,,3,3628,BGR South,8,7,,55
2026-09,OUT0041,Renee EBO - Chennai 1,Renee EBO,EBO,Chennai,Tamil Nadu,South,SKU0030,Blush & Co EDT C,Blush & Co,Fragrance,EDT,Others,Active,779,39,42,,2,1684,BGR South,6,5,,56
2026-09,OUT0041,Renee EBO - Chennai 1,Renee EBO,EBO,Chennai,Tamil Nadu,South,SKU0031,Lumina Body Mist A,Lumina,Fragrance,Body Mist,Top 25,Active,2119,41,42,,3,6638,BGR South,6,4,,55
2026-09,OUT0041,Renee EBO - Chennai 1,Renee EBO,EBO,Chennai,Tamil Nadu,South,SKU0032,Northline Body Mist B,Northline,Fragrance,Body Mist,Others,Inactive,2229,0,0,,1,2763,BGR South,1,0,,53
2026-09,OUT0041,Renee EBO - Chennai 1,Renee EBO,EBO,Chennai,Tamil Nadu,South,SKU0033,Northline Body Lotion A,Northline,Bath & Body,Body Lotion,Top 10,Active,1239,125,131,,8,10156,BGR South,15,14,,39
2026-09,OUT0041,Renee EBO - Chennai 1,Renee EBO,EBO,Chennai,Tamil Nadu,South,SKU0035,Northline Body Wash A,Northline,Bath & Body,Body Wash,Others,Active,469,13,15,,0,0,BGR South,3,2,,38
2026-09,OUT0041,Renee EBO - Chennai 1,Renee EBO,EBO,Chennai,Tamil Nadu,South,SKU0037,Verde Body Wash C,Verde,Bath & Body,Body Wash,Top 25,Active,2239,11,13,,1,2681,BGR South,4,3,,43
2026-09,OUT0041,Renee EBO - Chennai 1,Renee EBO,EBO,Chennai,Tamil Nadu,South,SKU0039,Northline Hand Cream B,Northline,Bath & Body,Hand Cream,Others,Active,1189,6,7,,1,1343,BGR South,3,2,,41
2026-09,OUT0042,Renee EBO - Ahmedabad 2,Renee EBO,EBO,Ahmedabad,Gujarat,West,SKU0001,Blush & Co Moisturizer A,Blush & Co,Skincare,Moisturizer,Others,Active,2319,32,35,,1,2883,BGR West,5,4,,43
2026-09,OUT0042,Renee EBO - Ahmedabad 2,Renee EBO,EBO,Ahmedabad,Gujarat,West,SKU0002,Verde Moisturizer B,Verde,Skincare,Moisturizer,Top 10,Active,1179,126,121,,21,22747,BGR West,24,16,,43
2026-09,OUT0042,Renee EBO - Ahmedabad 2,Renee EBO,EBO,Ahmedabad,Gujarat,West,SKU0003,Verde Serum A,Verde,Skincare,Serum,Top 25,Active,2419,5,12,,11,27956,BGR West,19,18,,46
2026-09,OUT0042,Renee EBO - Ahmedabad 2,Renee EBO,EBO,Ahmedabad,Gujarat,West,SKU0005,Northline Serum C,Northline,Skincare,Serum,Others,Inactive,1819,2,2,,1,2094,BGR West,2,1,,46
2026-09,OUT0042,Renee EBO - Ahmedabad 2,Renee EBO,EBO,Ahmedabad,Gujarat,West,SKU0006,Blush & Co Cleanser A,Blush & Co,Skincare,Cleanser,Top 10,Active,289,36,36,,38,13300,BGR West,40,38,,42
2026-09,OUT0042,Renee EBO - Ahmedabad 2,Renee EBO,EBO,Ahmedabad,Gujarat,West,SKU0007,Northline Cleanser B,Northline,Skincare,Cleanser,Others,Active,1809,44,46,,1,2230,BGR West,5,3,,44
2026-09,OUT0042,Renee EBO - Ahmedabad 2,Renee EBO,EBO,Ahmedabad,Gujarat,West,SKU0008,Lumina Sunscreen A,Lumina,Skincare,Sunscreen,Others,Active,1599,37,38,,1,1513,BGR West,4,2,,48
2026-09,OUT0042,Renee EBO - Ahmedabad 2,Renee EBO,EBO,Ahmedabad,Gujarat,West,SKU0010,Blush & Co Foundation A,Blush & Co,Makeup,Foundation,Others,Active,1419,37,40,,4,6755,BGR West,7,7,,53
2026-09,OUT0042,Renee EBO - Ahmedabad 2,Renee EBO,EBO,Ahmedabad,Gujarat,West,SKU0011,Lumina Foundation B,Lumina,Makeup,Foundation,Top 10,Inactive,1889,90,101,,14,25042,BGR West,25,25,,53
2026-09,OUT0042,Renee EBO - Ahmedabad 2,Renee EBO,EBO,Ahmedabad,Gujarat,West,SKU0012,Northline Lipstick A,Northline,Makeup,Lipstick,Others,Active,2429,38,39,,1,2486,BGR West,3,2,,47
2026-09,OUT0042,Renee EBO - Ahmedabad 2,Renee EBO,EBO,Ahmedabad,Gujarat,West,SKU0014,Lumina Lipstick C,Lumina,Makeup,Lipstick,Top 25,Active,1729,49,55,,8,15824,BGR West,15,14,,51
2026-09,OUT0042,Renee EBO - Ahmedabad 2,Renee EBO,EBO,Ahmedabad,Gujarat,West,SKU0015,Blush & Co Mascara A,Blush & Co,Makeup,Mascara,Top 25,Active,1219,30,26,,10,12241,BGR West,9,6,,53
2026-09,OUT0042,Renee EBO - Ahmedabad 2,Renee EBO,EBO,Ahmedabad,Gujarat,West,SKU0017,Lumina Mascara C,Lumina,Makeup,Mascara,Top 10,Active,529,136,139,,1,545,BGR West,5,4,,53
2026-09,OUT0042,Renee EBO - Ahmedabad 2,Renee EBO,EBO,Ahmedabad,Gujarat,West,SKU0020,Lumina Shampoo A,Lumina,Haircare,Shampoo,Top 10,Active,509,89,90,,13,8082,BGR West,21,14,,37
2026-09,OUT0042,Renee EBO - Ahmedabad 2,Renee EBO,EBO,Ahmedabad,Gujarat,West,SKU0021,Verde Shampoo B,Verde,Haircare,Shampoo,Others,Active,1319,26,29,,3,4232,BGR West,6,6,,37
2026-09,OUT0042,Renee EBO - Ahmedabad 2,Renee EBO,EBO,Ahmedabad,Gujarat,West,SKU0022,Northline Conditioner A,Northline,Haircare,Conditioner,Others,Active,779,26,30,,3,2534,BGR West,7,7,,32
2026-09,OUT0042,Renee EBO - Ahmedabad 2,Renee EBO,EBO,Ahmedabad,Gujarat,West,SKU0023,Northline Conditioner B,Northline,Haircare,Conditioner,Others,Active,379,27,28,,0,0,BGR West,2,1,,35
2026-09,OUT0042,Renee EBO - Ahmedabad 2,Renee EBO,EBO,Ahmedabad,Gujarat,West,SKU0027,Lumina EDP B,Lumina,Fragrance,EDP,Top 10,Active,529,120,135,,21,10511,BGR West,40,36,,56
2026-09,OUT0042,Renee EBO - Ahmedabad 2,Renee EBO,EBO,Ahmedabad,Gujarat,West,SKU0028,Northline EDT A,Northline,Fragrance,EDT,Top 25,Active,1109,28,27,,10,13682,BGR West,10,9,,53
2026-09,OUT0042,Renee EBO - Ahmedabad 2,Renee EBO,EBO,Ahmedabad,Gujarat,West,SKU0029,Blush & Co EDT B,Blush & Co,Fragrance,EDT,Top 25,Active,479,42,45,,8,4235,BGR West,14,11,,55
2026-09,OUT0042,Renee EBO - Ahmedabad 2,Renee EBO,EBO,Ahmedabad,Gujarat,West,SKU0033,Northline Body Lotion A,Northline,Bath & Body,Body Lotion,Top 10,Active,1239,94,107,,25,33695,BGR West,38,38,,43
2026-09,OUT0042,Renee EBO - Ahmedabad 2,Renee EBO,EBO,Ahmedabad,Gujarat,West,SKU0035,Northline Body Wash A,Northline,Bath & Body,Body Wash,Others,Active,469,6,0,,2,884,BGR West,5,3,,39
2026-09,OUT0042,Renee EBO - Ahmedabad 2,Renee EBO,EBO,Ahmedabad,Gujarat,West,SKU0036,Northline Body Wash B,Northline,Bath & Body,Body Wash,Others,Active,1179,40,42,,0,0,BGR West,3,2,,40
2026-09,OUT0042,Renee EBO - Ahmedabad 2,Renee EBO,EBO,Ahmedabad,Gujarat,West,SKU0037,Verde Body Wash C,Verde,Bath & Body,Body Wash,Top 25,Active,2239,0,3,,11,25240,BGR West,15,14,,38
2026-09,OUT0042,Renee EBO - Ahmedabad 2,Renee EBO,EBO,Ahmedabad,Gujarat,West,SKU0038,Blush & Co Hand Cream A,Blush & Co,Bath & Body,Hand Cream,Others,Active,489,43,47,,2,931,BGR West,6,6,,38
2026-09,OUT0043,Renee EBO - Ludhiana 3,Renee EBO,EBO,Ludhiana,Punjab,North,SKU0002,Verde Moisturizer B,Verde,Skincare,Moisturizer,Top 10,Active,1179,23,36,,11,14421,BGR North,27,24,,45
2026-09,OUT0043,Renee EBO - Ludhiana 3,Renee EBO,EBO,Ludhiana,Punjab,North,SKU0003,Verde Serum A,Verde,Skincare,Serum,Top 25,Active,2419,7,17,,9,21012,BGR North,19,19,,46
2026-09,OUT0043,Renee EBO - Ludhiana 3,Renee EBO,EBO,Ludhiana,Punjab,North,SKU0004,Northline Serum B,Northline,Skincare,Serum,Top 25,Active,2489,46,47,,2,6014,BGR North,4,3,,42
2026-09,OUT0043,Renee EBO - Ludhiana 3,Renee EBO,EBO,Ludhiana,Punjab,North,SKU0006,Blush & Co Cleanser A,Blush & Co,Skincare,Cleanser,Top 10,Active,289,43,56,,18,4688,BGR North,35,31,,45
2026-09,OUT0043,Renee EBO - Ludhiana 3,Renee EBO,EBO,Ludhiana,Punjab,North,SKU0010,Blush & Co Foundation A,Blush & Co,Makeup,Foundation,Others,Active,1419,7,8,,2,2898,BGR North,3,3,,52
2026-09,OUT0043,Renee EBO - Ludhiana 3,Renee EBO,EBO,Ludhiana,Punjab,North,SKU0013,Northline Lipstick B,Northline,Makeup,Lipstick,Others,Active,2469,10,12,,0,0,BGR North,2,2,,52
2026-09,OUT0043,Renee EBO - Ludhiana 3,Renee EBO,EBO,Ludhiana,Punjab,North,SKU0014,Lumina Lipstick C,Lumina,Makeup,Lipstick,Top 25,Active,1729,87,0,,6,11218,BGR North,14,11,,51
2026-09,OUT0043,Renee EBO - Ludhiana 3,Renee EBO,EBO,Ludhiana,Punjab,North,SKU0015,Blush & Co Mascara A,Blush & Co,Makeup,Mascara,Top 25,Active,1219,51,53,,2,2744,BGR North,5,4,,49
2026-09,OUT0043,Renee EBO - Ludhiana 3,Renee EBO,EBO,Ludhiana,Punjab,North,SKU0017,Lumina Mascara C,Lumina,Makeup,Mascara,Top 10,Active,529,48,46,,6,3325,BGR North,5,4,,48
2026-09,OUT0043,Renee EBO - Ludhiana 3,Renee EBO,EBO,Ludhiana,Punjab,North,SKU0018,Northline Eyeliner A,Northline,Makeup,Eyeliner,Others,Active,1959,4,7,,0,0,BGR North,4,3,,47
2026-09,OUT0043,Renee EBO - Ludhiana 3,Renee EBO,EBO,Ludhiana,Punjab,North,SKU0020,Lumina Shampoo A,Lumina,Haircare,Shampoo,Top 10,Active,509,0,4,,6,3102,BGR North,11,10,,35
2026-09,OUT0043,Renee EBO - Ludhiana 3,Renee EBO,EBO,Ludhiana,Punjab,North,SKU0022,Northline Conditioner A,Northline,Haircare,Conditioner,Others,Active,779,44,47,,1,801,BGR North,5,4,,37
2026-09,OUT0043,Renee EBO - Ludhiana 3,Renee EBO,EBO,Ludhiana,Punjab,North,SKU0027,Lumina EDP B,Lumina,Fragrance,EDP,Top 10,Active,529,186,194,,11,7073,BGR North,19,19,,53
2026-09,OUT0043,Renee EBO - Ludhiana 3,Renee EBO,EBO,Ludhiana,Punjab,North,SKU0029,Blush & Co EDT B,Blush & Co,Fragrance,EDT,Top 25,Active,479,0,0,,4,2142,BGR North,9,8,,56
2026-09,OUT0043,Renee EBO - Ludhiana 3,Renee EBO,EBO,Ludhiana,Punjab,North,SKU0030,Blush & Co EDT C,Blush & Co,Fragrance,EDT,Others,Active,779,0,6,,4,3915,BGR North,11,10,,57
2026-09,OUT0043,Renee EBO - Ludhiana 3,Renee EBO,EBO,Ludhiana,Punjab,North,SKU0032,Northline Body Mist B,Northline,Fragrance,Body Mist,Others,Inactive,2229,28,28,,2,5583,BGR North,3,2,,54
2026-09,OUT0043,Renee EBO - Ludhiana 3,Renee EBO,EBO,Ludhiana,Punjab,North,SKU0033,Northline Body Lotion A,Northline,Bath & Body,Body Lotion,Top 10,Active,1239,1,8,,18,23272,BGR North,27,25,,40
2026-09,OUT0043,Renee EBO - Ludhiana 3,Renee EBO,EBO,Ludhiana,Punjab,North,SKU0036,Northline Body Wash B,Northline,Bath & Body,Body Wash,Others,Active,1179,15,15,,0,0,BGR North,1,0,,43
2026-09,OUT0043,Renee EBO - Ludhiana 3,Renee EBO,EBO,Ludhiana,Punjab,North,SKU0037,Verde Body Wash C,Verde,Bath & Body,Body Wash,Top 25,Active,2239,13,11,,2,4414,BGR North,1,0,,39
2026-09,OUT0043,Renee EBO - Ludhiana 3,Renee EBO,EBO,Ludhiana,Punjab,North,SKU0038,Blush & Co Hand Cream A,Blush & Co,Bath & Body,Hand Cream,Others,Active,489,36,40,,0,0,BGR North,4,4,,40
2026-09,OUT0043,Renee EBO - Ludhiana 3,Renee EBO,EBO,Ludhiana,Punjab,North,SKU0039,Northline Hand Cream B,Northline,Bath & Body,Hand Cream,Others,Active,1189,18,6,,1,1446,BGR North,1,1,,37
2026-09,OUT0044,Renee EBO - Chandigarh 4,Renee EBO,EBO,Chandigarh,Punjab,North,SKU0002,Verde Moisturizer B,Verde,Skincare,Moisturizer,Top 10,Active,1179,48,53,,8,10699,BGR North,17,13,,45
2026-09,OUT0044,Renee EBO - Chandigarh 4,Renee EBO,EBO,Chandigarh,Punjab,North,SKU0003,Verde Serum A,Verde,Skincare,Serum,Top 25,Active,2419,47,56,,10,23216,BGR North,20,19,,44
2026-09,OUT0044,Renee EBO - Chandigarh 4,Renee EBO,EBO,Chandigarh,Punjab,North,SKU0005,Northline Serum C,Northline,Skincare,Serum,Others,Inactive,1819,1,3,,0,0,BGR North,3,2,,48
2026-09,OUT0044,Renee EBO - Chandigarh 4,Renee EBO,EBO,Chandigarh,Punjab,North,SKU0006,Blush & Co Cleanser A,Blush & Co,Skincare,Cleanser,Top 10,Active,289,112,118,,18,5905,BGR North,35,24,,43
2026-09,OUT0044,Renee EBO - Chandigarh 4,Renee EBO,EBO,Chandigarh,Punjab,North,SKU0010,Blush & Co Foundation A,Blush & Co,Makeup,Foundation,Others,Active,1419,11,12,,2,2776,BGR North,3,3,,49
2026-09,OUT0044,Renee EBO - Chandigarh 4,Renee EBO,EBO,Chandigarh,Punjab,North,SKU0011,Lumina Foundation B,Lumina,Makeup,Foundation,Top 10,Inactive,1889,48,55,,5,9520,BGR North,12,12,,53
2026-09,OUT0044,Renee EBO - Chandigarh 4,Renee EBO,EBO,Chandigarh,Punjab,North,SKU0015,Blush & Co Mascara A,Blush & Co,Makeup,Mascara,Top 25,Active,1219,0,1,,4,5001,BGR North,6,5,,49
2026-09,OUT0044,Renee EBO - Chandigarh 4,Renee EBO,EBO,Chandigarh,Punjab,North,SKU0016,Verde Mascara B,Verde,Makeup,Mascara,Top 25,Active,199,31,32,,3,707,BGR North,5,4,,50
2026-09,OUT0044,Renee EBO - Chandigarh 4,Renee EBO,EBO,Chandigarh,Punjab,North,SKU0017,Lumina Mascara C,Lumina,Makeup,Mascara,Top 10,Active,529,26,29,,4,1952,BGR North,10,7,,52
2026-09,OUT0044,Renee EBO - Chandigarh 4,Renee EBO,EBO,Chandigarh,Punjab,North,SKU0019,Northline Eyeliner B,Northline,Makeup,Eyeliner,Others,Active,1889,23,27,,2,3487,BGR North,7,6,,51
2026-09,OUT0044,Renee EBO - Chandigarh 4,Renee EBO,EBO,Chandigarh,Punjab,North,SKU0020,Lumina Shampoo A,Lumina,Haircare,Shampoo,Top 10,Active,509,8,16,,8,4261,BGR North,16,16,,36
2026-09,OUT0044,Renee EBO - Chandigarh 4,Renee EBO,EBO,Chandigarh,Punjab,North,SKU0021,Verde Shampoo B,Verde,Haircare,Shampoo,Others,Active,1319,8,9,,1,1449,BGR North,3,2,,38
2026-09,OUT0044,Renee EBO - Chandigarh 4,Renee EBO,EBO,Chandigarh,Punjab,North,SKU0022,Northline Conditioner A,Northline,Haircare,Conditioner,Others,Active,779,19,18,,1,923,BGR North,1,0,,36
2026-09,OUT0044,Renee EBO - Chandigarh 4,Renee EBO,EBO,Chandigarh,Punjab,North,SKU0023,Northline Conditioner B,Northline,Haircare,Conditioner,Others,Active,379,0,4,,0,0,BGR North,4,4,,38
2026-09,OUT0044,Renee EBO - Chandigarh 4,Renee EBO,EBO,Chandigarh,Punjab,North,SKU0027,Lumina EDP B,Lumina,Fragrance,EDP,Top 10,Active,529,91,100,,6,3916,BGR North,15,15,,52
2026-09,OUT0044,Renee EBO - Chandigarh 4,Renee EBO,EBO,Chandigarh,Punjab,North,SKU0028,Northline EDT A,Northline,Fragrance,EDT,Top 25,Active,1109,0,0,,9,9295,BGR North,17,16,,53
2026-09,OUT0044,Renee EBO - Chandigarh 4,Renee EBO,EBO,Chandigarh,Punjab,North,SKU0029,Blush & Co EDT B,Blush & Co,Fragrance,EDT,Top 25,Active,479,12,12,,4,1742,BGR North,5,4,,56
2026-09,OUT0044,Renee EBO - Chandigarh 4,Renee EBO,EBO,Chandigarh,Punjab,North,SKU0031,Lumina Body Mist A,Lumina,Fragrance,Body Mist,Top 25,Active,2119,75,77,,5,11000,BGR North,11,7,,55
2026-09,OUT0044,Renee EBO - Chandigarh 4,Renee EBO,EBO,Chandigarh,Punjab,North,SKU0033,Northline Body Lotion A,Northline,Bath & Body,Body Lotion,Top 10,Active,1239,70,91,,19,26163,BGR North,40,40,,42
2026-09,OUT0044,Renee EBO - Chandigarh 4,Renee EBO,EBO,Chandigarh,Punjab,North,SKU0034,Northline Body Lotion B,Northline,Bath & Body,Body Lotion,Top 25,Active,989,0,5,,7,6628,BGR North,13,12,,40
2026-09,OUT0044,Renee EBO - Chandigarh 4,Renee EBO,EBO,Chandigarh,Punjab,North,SKU0037,Verde Body Wash C,Verde,Bath & Body,Body Wash,Top 25,Active,2239,34,36,,2,5065,BGR North,4,4,,43
2026-09,OUT0044,Renee EBO - Chandigarh 4,Renee EBO,EBO,Chandigarh,Punjab,North,SKU0038,Blush & Co Hand Cream A,Blush & Co,Bath & Body,Hand Cream,Others,Active,489,15,18,,2,1136,BGR North,6,5,,40
2026-09,OUT0045,Renee EBO - Mysore 5,Renee EBO,EBO,Mysore,Karnataka,South,SKU0002,Verde Moisturizer B,Verde,Skincare,Moisturizer,Top 10,Active,1179,132,132,,14,15346,BGR South,14,14,,44
2026-09,OUT0045,Renee EBO - Mysore 5,Renee EBO,EBO,Mysore,Karnataka,South,SKU0003,Verde Serum A,Verde,Skincare,Serum,Top 25,Active,2419,23,32,,10,24487,BGR South,21,19,,44
2026-09,OUT0045,Renee EBO - Mysore 5,Renee EBO,EBO,Mysore,Karnataka,South,SKU0005,Northline Serum C,Northline,Skincare,Serum,Others,Inactive,1819,23,24,,0,0,BGR South,1,1,,45
2026-09,OUT0045,Renee EBO - Mysore 5,Renee EBO,EBO,Mysore,Karnataka,South,SKU0006,Blush & Co Cleanser A,Blush & Co,Skincare,Cleanser,Top 10,Active,289,169,171,,18,5937,BGR South,20,20,,42
2026-09,OUT0045,Renee EBO - Mysore 5,Renee EBO,EBO,Mysore,Karnataka,South,SKU0011,Lumina Foundation B,Lumina,Makeup,Foundation,Top 10,Inactive,1889,0,0,,12,23048,BGR South,16,11,,49
2026-09,OUT0045,Renee EBO - Mysore 5,Renee EBO,EBO,Mysore,Karnataka,South,SKU0014,Lumina Lipstick C,Lumina,Makeup,Lipstick,Top 25,Active,1729,14,12,,8,14154,BGR South,9,6,,51
2026-09,OUT0045,Renee EBO - Mysore 5,Renee EBO,EBO,Mysore,Karnataka,South,SKU0015,Blush & Co Mascara A,Blush & Co,Makeup,Mascara,Top 25,Active,1219,58,63,,7,8660,BGR South,12,12,,47
2026-09,OUT0045,Renee EBO - Mysore 5,Renee EBO,EBO,Mysore,Karnataka,South,SKU0017,Lumina Mascara C,Lumina,Makeup,Mascara,Top 10,Active,529,29,37,,16,8017,BGR South,24,24,,50
2026-09,OUT0045,Renee EBO - Mysore 5,Renee EBO,EBO,Mysore,Karnataka,South,SKU0019,Northline Eyeliner B,Northline,Makeup,Eyeliner,Others,Active,1889,25,27,,2,3618,BGR South,6,4,,52
2026-09,OUT0045,Renee EBO - Mysore 5,Renee EBO,EBO,Mysore,Karnataka,South,SKU0020,Lumina Shampoo A,Lumina,Haircare,Shampoo,Top 10,Active,509,0,11,,16,8074,BGR South,29,27,,36
2026-09,OUT0045,Renee EBO - Mysore 5,Renee EBO,EBO,Mysore,Karnataka,South,SKU0023,Northline Conditioner B,Northline,Haircare,Conditioner,Others,Active,379,10,11,,0,0,BGR South,2,1,,36
2026-09,OUT0045,Renee EBO - Mysore 5,Renee EBO,EBO,Mysore,Karnataka,South,SKU0027,Lumina EDP B,Lumina,Fragrance,EDP,Top 10,Active,529,85,0,,11,6937,BGR South,22,17,,54
2026-09,OUT0045,Renee EBO - Mysore 5,Renee EBO,EBO,Mysore,Karnataka,South,SKU0028,Northline EDT A,Northline,Fragrance,EDT,Top 25,Active,1109,66,73,,12,16625,BGR South,21,19,,54
2026-09,OUT0045,Renee EBO - Mysore 5,Renee EBO,EBO,Mysore,Karnataka,South,SKU0029,Blush & Co EDT B,Blush & Co,Fragrance,EDT,Top 25,Active,479,13,17,,7,3517,BGR South,14,11,,58
2026-09,OUT0045,Renee EBO - Mysore 5,Renee EBO,EBO,Mysore,Karnataka,South,SKU0033,Northline Body Lotion A,Northline,Bath & Body,Body Lotion,Top 10,Active,1239,28,30,,25,33519,BGR South,30,27,,39
2026-09,OUT0045,Renee EBO - Mysore 5,Renee EBO,EBO,Mysore,Karnataka,South,SKU0034,Northline Body Lotion B,Northline,Bath & Body,Body Lotion,Top 25,Active,989,47,80,,37,43655,BGR South,70,70,,42
2026-09,OUT0045,Renee EBO - Mysore 5,Renee EBO,EBO,Mysore,Karnataka,South,SKU0035,Northline Body Wash A,Northline,Bath & Body,Body Wash,Others,Active,469,34,35,,2,845,BGR South,4,3,,42
2026-09,OUT0045,Renee EBO - Mysore 5,Renee EBO,EBO,Mysore,Karnataka,South,SKU0039,Northline Hand Cream B,Northline,Bath & Body,Hand Cream,Others,Active,1189,30,33,,2,2685,BGR South,6,5,,41
2026-09,OUT0046,Renee EBO - Lucknow 6,Renee EBO,EBO,Lucknow,UP,North,SKU0001,Blush & Co Moisturizer A,Blush & Co,Skincare,Moisturizer,Others,Active,2319,13,13,,0,0,BGR North,1,0,,44
2026-09,OUT0046,Renee EBO - Lucknow 6,Renee EBO,EBO,Lucknow,UP,North,SKU0004,Northline Serum B,Northline,Skincare,Serum,Top 25,Active,2489,3,4,,1,2776,BGR North,4,2,,42
2026-09,OUT0046,Renee EBO - Lucknow 6,Renee EBO,EBO,Lucknow,UP,North,SKU0005,Northline Serum C,Northline,Skincare,Serum,Others,Inactive,1819,0,0,,0,0,BGR North,1,0,,43
2026-09,OUT0046,Renee EBO - Lucknow 6,Renee EBO,EBO,Lucknow,UP,North,SKU0006,Blush & Co Cleanser A,Blush & Co,Skincare,Cleanser,Top 10,Active,289,85,92,,18,4699,BGR North,32,25,,48
2026-09,OUT0046,Renee EBO - Lucknow 6,Renee EBO,EBO,Lucknow,UP,North,SKU0008,Lumina Sunscreen A,Lumina,Skincare,Sunscreen,Others,Active,1599,16,19,,0,0,BGR North,3,3,,43
2026-09,OUT0046,Renee EBO - Lucknow 6,Renee EBO,EBO,Lucknow,UP,North,SKU0009,Blush & Co Sunscreen B,Blush & Co,Skincare,Sunscreen,Others,Inactive,1629,7,10,,0,0,BGR North,3,3,,42
2026-09,OUT0046,Renee EBO - Lucknow 6,Renee EBO,EBO,Lucknow,UP,North,SKU0011,Lumina Foundation B,Lumina,Makeup,Foundation,Top 10,Inactive,1889,17,17,,2,3846,BGR North,3,2,,48
2026-09,OUT0046,Renee EBO - Lucknow 6,Renee EBO,EBO,Lucknow,UP,North,SKU0012,Northline Lipstick A,Northline,Makeup,Lipstick,Others,Active,2429,5,5,,0,0,BGR North,0,0,,47
2026-09,OUT0046,Renee EBO - Lucknow 6,Renee EBO,EBO,Lucknow,UP,North,SKU0013,Northline Lipstick B,Northline,Makeup,Lipstick,Others,Active,2469,29,31,,0,0,BGR North,3,2,,50
2026-09,OUT0046,Renee EBO - Lucknow 6,Renee EBO,EBO,Lucknow,UP,North,SKU0014,Lumina Lipstick C,Lumina,Makeup,Lipstick,Top 25,Active,1729,52,0,,3,5108,BGR North,4,3,,50
2026-09,OUT0046,Renee EBO - Lucknow 6,Renee EBO,EBO,Lucknow,UP,North,SKU0015,Blush & Co Mascara A,Blush & Co,Makeup,Mascara,Top 25,Active,1219,36,38,,2,2524,BGR North,4,4,,51
2026-09,OUT0046,Renee EBO - Lucknow 6,Renee EBO,EBO,Lucknow,UP,North,SKU0016,Verde Mascara B,Verde,Makeup,Mascara,Top 25,Active,199,23,0,,1,183,BGR North,3,2,,51
2026-09,OUT0046,Renee EBO - Lucknow 6,Renee EBO,EBO,Lucknow,UP,North,SKU0017,Lumina Mascara C,Lumina,Makeup,Mascara,Top 10,Active,529,62,64,,5,2755,BGR North,11,7,,51
2026-09,OUT0046,Renee EBO - Lucknow 6,Renee EBO,EBO,Lucknow,UP,North,SKU0018,Northline Eyeliner A,Northline,Makeup,Eyeliner,Others,Active,1959,4,7,,0,0,BGR North,4,3,,48
2026-09,OUT0046,Renee EBO - Lucknow 6,Renee EBO,EBO,Lucknow,UP,North,SKU0020,Lumina Shampoo A,Lumina,Haircare,Shampoo,Top 10,Active,509,0,1,,6,3711,BGR North,7,7,,36
2026-09,OUT0046,Renee EBO - Lucknow 6,Renee EBO,EBO,Lucknow,UP,North,SKU0022,Northline Conditioner A,Northline,Haircare,Conditioner,Others,Active,779,38,43,,1,953,BGR North,6,6,,37
2026-09,OUT0046,Renee EBO - Lucknow 6,Renee EBO,EBO,Lucknow,UP,North,SKU0027,Lumina EDP B,Lumina,Fragrance,EDP,Top 10,Active,529,0,4,,6,3290,BGR North,10,10,,53
2026-09,OUT0046,Renee EBO - Lucknow 6,Renee EBO,EBO,Lucknow,UP,North,SKU0028,Northline EDT A,Northline,Fragrance,EDT,Top 25,Active,1109,67,71,,5,6962,BGR North,12,9,,52
2026-09,OUT0046,Renee EBO - Lucknow 6,Renee EBO,EBO,Lucknow,UP,North,SKU0029,Blush & Co EDT B,Blush & Co,Fragrance,EDT,Top 25,Active,479,25,26,,2,1030,BGR North,3,3,,57
2026-09,OUT0046,Renee EBO - Lucknow 6,Renee EBO,EBO,Lucknow,UP,North,SKU0030,Blush & Co EDT C,Blush & Co,Fragrance,EDT,Others,Active,779,25,29,,1,860,BGR North,5,5,,56
2026-09,OUT0046,Renee EBO - Lucknow 6,Renee EBO,EBO,Lucknow,UP,North,SKU0031,Lumina Body Mist A,Lumina,Fragrance,Body Mist,Top 25,Active,2119,49,51,,2,4544,BGR North,5,4,,55
2026-09,OUT0046,Renee EBO - Lucknow 6,Renee EBO,EBO,Lucknow,UP,North,SKU0033,Northline Body Lotion A,Northline,Bath & Body,Body Lotion,Top 10,Active,1239,25,31,,12,18650,BGR North,18,18,,42
2026-09,OUT0046,Renee EBO - Lucknow 6,Renee EBO,EBO,Lucknow,UP,North,SKU0034,Northline Body Lotion B,Northline,Bath & Body,Body Lotion,Top 25,Active,989,0,2,,3,3373,BGR North,5,5,,39
2026-09,OUT0046,Renee EBO - Lucknow 6,Renee EBO,EBO,Lucknow,UP,North,SKU0037,Verde Body Wash C,Verde,Bath & Body,Body Wash,Top 25,Active,2239,15,18,,2,4976,BGR North,7,5,,39
2026-09,OUT0046,Renee EBO - Lucknow 6,Renee EBO,EBO,Lucknow,UP,North,SKU0038,Blush & Co Hand Cream A,Blush & Co,Bath & Body,Hand Cream,Others,Active,489,18,20,,0,0,BGR North,3,2,,39
2026-09,OUT0047,Renee EBO - Ahmedabad 7,Renee EBO,EBO,Ahmedabad,Gujarat,West,SKU0001,Blush & Co Moisturizer A,Blush & Co,Skincare,Moisturizer,Others,Active,2319,33,39,,1,2080,BGR West,7,7,,48
2026-09,OUT0047,Renee EBO - Ahmedabad 7,Renee EBO,EBO,Ahmedabad,Gujarat,West,SKU0002,Verde Moisturizer B,Verde,Skincare,Moisturizer,Top 10,Active,1179,73,71,,21,25478,BGR West,22,19,,42
2026-09,OUT0047,Renee EBO - Ahmedabad 7,Renee EBO,EBO,Ahmedabad,Gujarat,West,SKU0003,Verde Serum A,Verde,Skincare,Serum,Top 25,Active,2419,8,10,,10,25372,BGR West,12,12,,47
2026-09,OUT0047,Renee EBO - Ahmedabad 7,Renee EBO,EBO,Ahmedabad,Gujarat,West,SKU0005,Northline Serum C,Northline,Skincare,Serum,Others,Inactive,1819,25,0,,0,0,BGR West,2,1,,44
2026-09,OUT0047,Renee EBO - Ahmedabad 7,Renee EBO,EBO,Ahmedabad,Gujarat,West,SKU0006,Blush & Co Cleanser A,Blush & Co,Skincare,Cleanser,Top 10,Active,289,182,183,,15,4428,BGR West,24,16,,48
2026-09,OUT0047,Renee EBO - Ahmedabad 7,Renee EBO,EBO,Ahmedabad,Gujarat,West,SKU0007,Northline Cleanser B,Northline,Skincare,Cleanser,Others,Active,1809,4,4,,1,1871,BGR West,2,1,,48
2026-09,OUT0047,Renee EBO - Ahmedabad 7,Renee EBO,EBO,Ahmedabad,Gujarat,West,SKU0009,Blush & Co Sunscreen B,Blush & Co,Skincare,Sunscreen,Others,Inactive,1629,7,8,,2,3608,BGR West,5,3,,45
2026-09,OUT0047,Renee EBO - Ahmedabad 7,Renee EBO,EBO,Ahmedabad,Gujarat,West,SKU0010,Blush & Co Foundation A,Blush & Co,Makeup,Foundation,Others,Active,1419,18,20,,3,3826,BGR West,5,5,,52
2026-09,OUT0047,Renee EBO - Ahmedabad 7,Renee EBO,EBO,Ahmedabad,Gujarat,West,SKU0011,Lumina Foundation B,Lumina,Makeup,Foundation,Top 10,Inactive,1889,61,62,,15,34012,BGR West,20,16,,49
2026-09,OUT0047,Renee EBO - Ahmedabad 7,Renee EBO,EBO,Ahmedabad,Gujarat,West,SKU0012,Northline Lipstick A,Northline,Makeup,Lipstick,Others,Active,2429,21,23,,2,4457,BGR West,4,4,,52
2026-09,OUT0047,Renee EBO - Ahmedabad 7,Renee EBO,EBO,Ahmedabad,Gujarat,West,SKU0014,Lumina Lipstick C,Lumina,Makeup,Lipstick,Top 25,Active,1729,20,28,,9,19030,BGR West,17,17,,49
2026-09,OUT0047,Renee EBO - Ahmedabad 7,Renee EBO,EBO,Ahmedabad,Gujarat,West,SKU0015,Blush & Co Mascara A,Blush & Co,Makeup,Mascara,Top 25,Active,1219,3,4,,6,8798,BGR West,8,7,,47
2026-09,OUT0047,Renee EBO - Ahmedabad 7,Renee EBO,EBO,Ahmedabad,Gujarat,West,SKU0017,Lumina Mascara C,Lumina,Makeup,Mascara,Top 10,Active,529,61,74,,13,7732,BGR West,19,17,,47
2026-09,OUT0047,Renee EBO - Ahmedabad 7,Renee EBO,EBO,Ahmedabad,Gujarat,West,SKU0019,Northline Eyeliner B,Northline,Makeup,Eyeliner,Others,Active,1889,2,3,,2,3416,BGR West,4,3,,48
2026-09,OUT0047,Renee EBO - Ahmedabad 7,Renee EBO,EBO,Ahmedabad,Gujarat,West,SKU0020,Lumina Shampoo A,Lumina,Haircare,Shampoo,Top 10,Active,509,55,69,,21,11261,BGR West,37,35,,32
2026-09,OUT0047,Renee EBO - Ahmedabad 7,Renee EBO,EBO,Ahmedabad,Gujarat,West,SKU0021,Verde Shampoo B,Verde,Haircare,Shampoo,Others,Active,1319,13,14,,2,2609,BGR West,3,3,,35
2026-09,OUT0047,Renee EBO - Ahmedabad 7,Renee EBO,EBO,Ahmedabad,Gujarat,West,SKU0027,Lumina EDP B,Lumina,Fragrance,EDP,Top 10,Active,529,159,172,,19,12232,BGR West,34,32,,58
2026-09,OUT0047,Renee EBO - Ahmedabad 7,Renee EBO,EBO,Ahmedabad,Gujarat,West,SKU0028,Northline EDT A,Northline,Fragrance,EDT,Top 25,Active,1109,80,86,,9,11024,BGR West,19,15,,58
2026-09,OUT0047,Renee EBO - Ahmedabad 7,Renee EBO,EBO,Ahmedabad,Gujarat,West,SKU0029,Blush & Co EDT B,Blush & Co,Fragrance,EDT,Top 25,Active,479,69,70,,14,8336,BGR West,17,15,,54
2026-09,OUT0047,Renee EBO - Ahmedabad 7,Renee EBO,EBO,Ahmedabad,Gujarat,West,SKU0031,Lumina Body Mist A,Lumina,Fragrance,Body Mist,Top 25,Active,2119,12,0,,9,23529,BGR West,13,13,,53
2026-09,OUT0047,Renee EBO - Ahmedabad 7,Renee EBO,EBO,Ahmedabad,Gujarat,West,SKU0033,Northline Body Lotion A,Northline,Bath & Body,Body Lotion,Top 10,Active,1239,174,210,,56,85142,BGR West,103,92,,39
2026-09,OUT0047,Renee EBO - Ahmedabad 7,Renee EBO,EBO,Ahmedabad,Gujarat,West,SKU0034,Northline Body Lotion B,Northline,Bath & Body,Body Lotion,Top 25,Active,989,0,2,,10,9153,BGR West,12,12,,38
2026-09,OUT0047,Renee EBO - Ahmedabad 7,Renee EBO,EBO,Ahmedabad,Gujarat,West,SKU0036,Northline Body Wash B,Northline,Bath & Body,Body Wash,Others,Active,1179,0,0,,0,0,BGR West,1,0,,38
2026-09,OUT0047,Renee EBO - Ahmedabad 7,Renee EBO,EBO,Ahmedabad,Gujarat,West,SKU0037,Verde Body Wash C,Verde,Bath & Body,Body Wash,Top 25,Active,2239,9,11,,3,7974,BGR West,6,5,,37
2026-09,OUT0047,Renee EBO - Ahmedabad 7,Renee EBO,EBO,Ahmedabad,Gujarat,West,SKU0038,Blush & Co Hand Cream A,Blush & Co,Bath & Body,Hand Cream,Others,Active,489,4,8,,2,1208,BGR West,7,6,,40
2026-09,OUT0047,Renee EBO - Ahmedabad 7,Renee EBO,EBO,Ahmedabad,Gujarat,West,SKU0039,Northline Hand Cream B,Northline,Bath & Body,Hand Cream,Others,Active,1189,24,26,,2,2684,BGR West,4,4,,38
2026-09,OUT0048,Renee EBO - Bhubaneswar 8,Renee EBO,EBO,Bhubaneswar,Odisha,East,SKU0002,Verde Moisturizer B,Verde,Skincare,Moisturizer,Top 10,Active,1179,82,90,,12,16712,BGR East,20,20,,47
2026-09,OUT0048,Renee EBO - Bhubaneswar 8,Renee EBO,EBO,Bhubaneswar,Odisha,East,SKU0004,Northline Serum B,Northline,Skincare,Serum,Top 25,Active,2489,47,53,,3,6725,BGR East,10,9,,48
2026-09,OUT0048,Renee EBO - Bhubaneswar 8,Renee EBO,EBO,Bhubaneswar,Odisha,East,SKU0005,Northline Serum C,Northline,Skincare,Serum,Others,Inactive,1819,2,4,,0,0,BGR East,3,2,,44
2026-09,OUT0048,Renee EBO - Bhubaneswar 8,Renee EBO,EBO,Bhubaneswar,Odisha,East,SKU0006,Blush & Co Cleanser A,Blush & Co,Skincare,Cleanser,Top 10,Active,289,31,0,,22,5765,BGR East,44,30,,45
2026-09,OUT0048,Renee EBO - Bhubaneswar 8,Renee EBO,EBO,Bhubaneswar,Odisha,East,SKU0007,Northline Cleanser B,Northline,Skincare,Cleanser,Others,Active,1809,29,29,,0,0,BGR East,0,0,,48
2026-09,OUT0048,Renee EBO - Bhubaneswar 8,Renee EBO,EBO,Bhubaneswar,Odisha,East,SKU0009,Blush & Co Sunscreen B,Blush & Co,Skincare,Sunscreen,Others,Inactive,1629,34,0,,0,0,BGR East,1,0,,43
2026-09,OUT0048,Renee EBO - Bhubaneswar 8,Renee EBO,EBO,Bhubaneswar,Odisha,East,SKU0011,Lumina Foundation B,Lumina,Makeup,Foundation,Top 10,Inactive,1889,25,28,,6,10380,BGR East,12,9,,48
2026-09,OUT0048,Renee EBO - Bhubaneswar 8,Renee EBO,EBO,Bhubaneswar,Odisha,East,SKU0012,Northline Lipstick A,Northline,Makeup,Lipstick,Others,Active,2429,0,4,,0,0,BGR East,4,4,,49
2026-09,OUT0048,Renee EBO - Bhubaneswar 8,Renee EBO,EBO,Bhubaneswar,Odisha,East,SKU0013,Northline Lipstick B,Northline,Makeup,Lipstick,Others,Active,2469,32,35,,0,0,BGR East,4,3,,51
2026-09,OUT0048,Renee EBO - Bhubaneswar 8,Renee EBO,EBO,Bhubaneswar,Odisha,East,SKU0016,Verde Mascara B,Verde,Makeup,Mascara,Top 25,Active,199,94,96,,4,878,BGR East,7,6,,48
2026-09,OUT0048,Renee EBO - Bhubaneswar 8,Renee EBO,EBO,Bhubaneswar,Odisha,East,SKU0017,Lumina Mascara C,Lumina,Makeup,Mascara,Top 10,Active,529,23,29,,5,3047,BGR East,11,11,,51
2026-09,OUT0048,Renee EBO - Bhubaneswar 8,Renee EBO,EBO,Bhubaneswar,Odisha,East,SKU0018,Northline Eyeliner A,Northline,Makeup,Eyeliner,Others,Active,1959,9,9,,0,0,BGR East,1,0,,48
2026-09,OUT0048,Renee EBO - Bhubaneswar 8,Renee EBO,EBO,Bhubaneswar,Odisha,East,SKU0022,Northline Conditioner A,Northline,Haircare,Conditioner,Others,Active,779,21,24,,1,811,BGR East,4,4,,32
2026-09,OUT0048,Renee EBO - Bhubaneswar 8,Renee EBO,EBO,Bhubaneswar,Odisha,East,SKU0023,Northline Conditioner B,Northline,Haircare,Conditioner,Others,Active,379,19,19,,0,0,BGR East,0,0,,38
2026-09,OUT0048,Renee EBO - Bhubaneswar 8,Renee EBO,EBO,Bhubaneswar,Odisha,East,SKU0028,Northline EDT A,Northline,Fragrance,EDT,Top 25,Active,1109,16,17,,5,5116,BGR East,8,6,,54
2026-09,OUT0048,Renee EBO - Bhubaneswar 8,Renee EBO,EBO,Bhubaneswar,Odisha,East,SKU0029,Blush & Co EDT B,Blush & Co,Fragrance,EDT,Top 25,Active,479,0,5,,6,3033,BGR East,12,11,,53
2026-09,OUT0048,Renee EBO - Bhubaneswar 8,Renee EBO,EBO,Bhubaneswar,Odisha,East,SKU0030,Blush & Co EDT C,Blush & Co,Fragrance,EDT,Others,Active,779,48,52,,3,2833,BGR East,9,7,,54
2026-09,OUT0048,Renee EBO - Bhubaneswar 8,Renee EBO,EBO,Bhubaneswar,Odisha,East,SKU0031,Lumina Body Mist A,Lumina,Fragrance,Body Mist,Top 25,Active,2119,0,4,,4,9762,BGR East,8,8,,57
2026-09,OUT0048,Renee EBO - Bhubaneswar 8,Renee EBO,EBO,Bhubaneswar,Odisha,East,SKU0032,Northline Body Mist B,Northline,Fragrance,Body Mist,Others,Inactive,2229,18,21,,1,2674,BGR East,5,4,,53
2026-09,OUT0048,Renee EBO - Bhubaneswar 8,Renee EBO,EBO,Bhubaneswar,Odisha,East,SKU0033,Northline Body Lotion A,Northline,Bath & Body,Body Lotion,Top 10,Active,1239,45,47,,17,21524,BGR East,28,19,,43
2026-09,OUT0048,Renee EBO - Bhubaneswar 8,Renee EBO,EBO,Bhubaneswar,Odisha,East,SKU0034,Northline Body Lotion B,Northline,Bath & Body,Body Lotion,Top 25,Active,989,5,10,,8,7899,BGR East,19,13,,41
2026-09,OUT0048,Renee EBO - Bhubaneswar 8,Renee EBO,EBO,Bhubaneswar,Odisha,East,SKU0037,Verde Body Wash C,Verde,Bath & Body,Body Wash,Top 25,Active,2239,55,57,,2,4764,BGR East,4,4,,41
2026-09,OUT0048,Renee EBO - Bhubaneswar 8,Renee EBO,EBO,Bhubaneswar,Odisha,East,SKU0038,Blush & Co Hand Cream A,Blush & Co,Bath & Body,Hand Cream,Others,Active,489,14,15,,1,474,BGR East,4,2,,43
2026-09,OUT0048,Renee EBO - Bhubaneswar 8,Renee EBO,EBO,Bhubaneswar,Odisha,East,SKU0039,Northline Hand Cream B,Northline,Bath & Body,Hand Cream,Others,Active,1189,0,0,,2,2236,BGR East,1,0,,41
2026-09,OUT0049,Renee EBO - Lucknow 9,Renee EBO,EBO,Lucknow,UP,North,SKU0001,Blush & Co Moisturizer A,Blush & Co,Skincare,Moisturizer,Others,Active,2319,27,27,,1,2299,BGR North,2,1,,45
2026-09,OUT0049,Renee EBO - Lucknow 9,Renee EBO,EBO,Lucknow,UP,North,SKU0002,Verde Moisturizer B,Verde,Skincare,Moisturizer,Top 10,Active,1179,103,122,,31,44527,BGR North,50,50,,48
2026-09,OUT0049,Renee EBO - Lucknow 9,Renee EBO,EBO,Lucknow,UP,North,SKU0004,Northline Serum B,Northline,Skincare,Serum,Top 25,Active,2489,8,12,,5,15085,BGR North,11,9,,44
2026-09,OUT0049,Renee EBO - Lucknow 9,Renee EBO,EBO,Lucknow,UP,North,SKU0005,Northline Serum C,Northline,Skincare,Serum,Others,Inactive,1819,37,37,,0,0,BGR North,1,0,,48
2026-09,OUT0049,Renee EBO - Lucknow 9,Renee EBO,EBO,Lucknow,UP,North,SKU0006,Blush & Co Cleanser A,Blush & Co,Skincare,Cleanser,Top 10,Active,289,5,17,,23,8218,BGR North,39,35,,43
2026-09,OUT0049,Renee EBO - Lucknow 9,Renee EBO,EBO,Lucknow,UP,North,SKU0007,Northline Cleanser B,Northline,Skincare,Cleanser,Others,Active,1809,2,5,,1,2105,BGR North,4,4,,47
2026-09,OUT0049,Renee EBO - Lucknow 9,Renee EBO,EBO,Lucknow,UP,North,SKU0010,Blush & Co Foundation A,Blush & Co,Makeup,Foundation,Others,Active,1419,43,45,,3,5041,BGR North,8,5,,48
2026-09,OUT0049,Renee EBO - Lucknow 9,Renee EBO,EBO,Lucknow,UP,North,SKU0011,Lumina Foundation B,Lumina,Makeup,Foundation,Top 10,Inactive,1889,105,112,,16,29045,BGR North,26,23,,51
2026-09,OUT0049,Renee EBO - Lucknow 9,Renee EBO,EBO,Lucknow,UP,North,SKU0013,Northline Lipstick B,Northline,Makeup,Lipstick,Others,Active,2469,0,8,,1,2306,BGR North,5,5,,49
2026-09,OUT0049,Renee EBO - Lucknow 9,Renee EBO,EBO,Lucknow,UP,North,SKU0014,Lumina Lipstick C,Lumina,Makeup,Lipstick,Top 25,Active,1729,67,74,,10,16289,BGR North,22,17,,48
2026-09,OUT0049,Renee EBO - Lucknow 9,Renee EBO,EBO,Lucknow,UP,North,SKU0015,Blush & Co Mascara A,Blush & Co,Makeup,Mascara,Top 25,Active,1219,62,61,,10,14446,BGR North,12,9,,47
2026-09,OUT0049,Renee EBO - Lucknow 9,Renee EBO,EBO,Lucknow,UP,North,SKU0016,Verde Mascara B,Verde,Makeup,Mascara,Top 25,Active,199,19,24,,5,1027,BGR North,11,10,,52
2026-09,OUT0049,Renee EBO - Lucknow 9,Renee EBO,EBO,Lucknow,UP,North,SKU0017,Lumina Mascara C,Lumina,Makeup,Mascara,Top 10,Active,529,0,11,,16,10531,BGR North,34,27,,47
2026-09,OUT0049,Renee EBO - Lucknow 9,Renee EBO,EBO,Lucknow,UP,North,SKU0020,Lumina Shampoo A,Lumina,Haircare,Shampoo,Top 10,Active,509,52,66,,15,6974,BGR North,29,29,,37
2026-09,OUT0049,Renee EBO - Lucknow 9,Renee EBO,EBO,Lucknow,UP,North,SKU0023,Northline Conditioner B,Northline,Haircare,Conditioner,Others,Active,379,23,28,,0,0,BGR North,5,5,,34
2026-09,OUT0049,Renee EBO - Lucknow 9,Renee EBO,EBO,Lucknow,UP,North,SKU0027,Lumina EDP B,Lumina,Fragrance,EDP,Top 10,Active,529,75,74,,19,10339,BGR North,21,18,,52
2026-09,OUT0049,Renee EBO - Lucknow 9,Renee EBO,EBO,Lucknow,UP,North,SKU0028,Northline EDT A,Northline,Fragrance,EDT,Top 25,Active,1109,26,30,,13,16007,BGR North,18,17,,53
2026-09,OUT0049,Renee EBO - Lucknow 9,Renee EBO,EBO,Lucknow,UP,North,SKU0029,Blush & Co EDT B,Blush & Co,Fragrance,EDT,Top 25,Active,479,8,7,,9,5015,BGR North,11,8,,54
2026-09,OUT0049,Renee EBO - Lucknow 9,Renee EBO,EBO,Lucknow,UP,North,SKU0031,Lumina Body Mist A,Lumina,Fragrance,Body Mist,Top 25,Active,2119,96,95,,19,46316,BGR North,21,18,,58
2026-09,OUT0049,Renee EBO - Lucknow 9,Renee EBO,EBO,Lucknow,UP,North,SKU0032,Northline Body Mist B,Northline,Fragrance,Body Mist,Others,Inactive,2229,34,36,,2,5127,BGR North,6,4,,53
2026-09,OUT0049,Renee EBO - Lucknow 9,Renee EBO,EBO,Lucknow,UP,North,SKU0033,Northline Body Lotion A,Northline,Bath & Body,Body Lotion,Top 10,Active,1239,189,210,,30,38560,BGR North,51,51,,40
2026-09,OUT0049,Renee EBO - Lucknow 9,Renee EBO,EBO,Lucknow,UP,North,SKU0034,Northline Body Lotion B,Northline,Bath & Body,Body Lotion,Top 25,Active,989,32,33,,9,9425,BGR North,12,10,,42
2026-09,OUT0049,Renee EBO - Lucknow 9,Renee EBO,EBO,Lucknow,UP,North,SKU0035,Northline Body Wash A,Northline,Bath & Body,Body Wash,Others,Active,469,2,7,,2,952,BGR North,7,7,,42
2026-09,OUT0049,Renee EBO - Lucknow 9,Renee EBO,EBO,Lucknow,UP,North,SKU0036,Northline Body Wash B,Northline,Bath & Body,Body Wash,Others,Active,1179,0,2,,0,0,BGR North,2,2,,40
2026-09,OUT0049,Renee EBO - Lucknow 9,Renee EBO,EBO,Lucknow,UP,North,SKU0037,Verde Body Wash C,Verde,Bath & Body,Body Wash,Top 25,Active,2239,46,44,,6,13728,BGR North,6,4,,43
2026-09,OUT0049,Renee EBO - Lucknow 9,Renee EBO,EBO,Lucknow,UP,North,SKU0038,Blush & Co Hand Cream A,Blush & Co,Bath & Body,Hand Cream,Others,Active,489,6,11,,3,1438,BGR North,8,8,,41
2026-09,OUT0050,Renee EBO - Kolkata 10,Renee EBO,EBO,Kolkata,West Bengal,East,SKU0002,Verde Moisturizer B,Verde,Skincare,Moisturizer,Top 10,Active,1179,40,0,,4,5325,BGR East,7,7,,43
2026-09,OUT0050,Renee EBO - Kolkata 10,Renee EBO,EBO,Kolkata,West Bengal,East,SKU0004,Northline Serum B,Northline,Skincare,Serum,Top 25,Active,2489,3,0,,1,2819,BGR East,2,1,,45
2026-09,OUT0050,Renee EBO - Kolkata 10,Renee EBO,EBO,Kolkata,West Bengal,East,SKU0006,Blush & Co Cleanser A,Blush & Co,Skincare,Cleanser,Top 10,Active,289,10,17,,6,2026,BGR East,15,13,,43
2026-09,OUT0050,Renee EBO - Kolkata 10,Renee EBO,EBO,Kolkata,West Bengal,East,SKU0007,Northline Cleanser B,Northline,Skincare,Cleanser,Others,Active,1809,2,4,,0,0,BGR East,2,2,,44
2026-09,OUT0050,Renee EBO - Kolkata 10,Renee EBO,EBO,Kolkata,West Bengal,East,SKU0011,Lumina Foundation B,Lumina,Makeup,Foundation,Top 10,Inactive,1889,23,25,,2,3420,BGR East,4,4,,47
2026-09,OUT0050,Renee EBO - Kolkata 10,Renee EBO,EBO,Kolkata,West Bengal,East,SKU0012,Northline Lipstick A,Northline,Makeup,Lipstick,Others,Active,2429,1,1,,0,0,BGR East,0,0,,50
2026-09,OUT0050,Renee EBO - Kolkata 10,Renee EBO,EBO,Kolkata,West Bengal,East,SKU0013,Northline Lipstick B,Northline,Makeup,Lipstick,Others,Active,2469,5,0,,0,0,BGR East,2,1,,53
2026-09,OUT0050,Renee EBO - Kolkata 10,Renee EBO,EBO,Kolkata,West Bengal,East,SKU0014,Lumina Lipstick C,Lumina,Makeup,Lipstick,Top 25,Active,1729,10,12,,2,4317,BGR East,5,4,,51
2026-09,OUT0050,Renee EBO - Kolkata 10,Renee EBO,EBO,Kolkata,West Bengal,East,SKU0015,Blush & Co Mascara A,Blush & Co,Makeup,Mascara,Top 25,Active,1219,1,4,,1,1425,BGR East,5,4,,51
2026-09,OUT0050,Renee EBO - Kolkata 10,Renee EBO,EBO,Kolkata,West Bengal,East,SKU0017,Lumina Mascara C,Lumina,Makeup,Mascara,Top 10,Active,529,44,46,,3,1928,BGR East,7,5,,53
2026-09,OUT0050,Renee EBO - Kolkata 10,Renee EBO,EBO,Kolkata,West Bengal,East,SKU0019,Northline Eyeliner B,Northline,Makeup,Eyeliner,Others,Active,1889,34,36,,0,0,BGR East,2,2,,49
2026-09,OUT0050,Renee EBO - Kolkata 10,Renee EBO,EBO,Kolkata,West Bengal,East,SKU0020,Lumina Shampoo A,Lumina,Haircare,Shampoo,Top 10,Active,509,47,49,,5,2712,BGR East,10,7,,33
2026-09,OUT0050,Renee EBO - Kolkata 10,Renee EBO,EBO,Kolkata,West Bengal,East,SKU0022,Northline Conditioner A,Northline,Haircare,Conditioner,Others,Active,779,3,6,,0,0,BGR East,5,3,,34
2026-09,OUT0050,Renee EBO - Kolkata 10,Renee EBO,EBO,Kolkata,West Bengal,East,SKU0027,Lumina EDP B,Lumina,Fragrance,EDP,Top 10,Active,529,21,26,,5,2722,BGR East,11,10,,53
2026-09,OUT0050,Renee EBO - Kolkata 10,Renee EBO,EBO,Kolkata,West Bengal,East,SKU0028,Northline EDT A,Northline,Fragrance,EDT,Top 25,Active,1109,39,42,,3,3555,BGR East,6,6,,57
2026-09,OUT0050,Renee EBO - Kolkata 10,Renee EBO,EBO,Kolkata,West Bengal,East,SKU0029,Blush & Co EDT B,Blush & Co,Fragrance,EDT,Top 25,Active,479,26,27,,2,937,BGR East,4,3,,57
2026-09,OUT0050,Renee EBO - Kolkata 10,Renee EBO,EBO,Kolkata,West Bengal,East,SKU0031,Lumina Body Mist A,Lumina,Fragrance,Body Mist,Top 25,Active,2119,3,7,,2,4625,BGR East,6,6,,52
2026-09,OUT0050,Renee EBO - Kolkata 10,Renee EBO,EBO,Kolkata,West Bengal,East,SKU0033,Northline Body Lotion A,Northline,Bath & Body,Body Lotion,Top 10,Active,1239,61,65,,9,13648,BGR East,17,13,,43
2026-09,OUT0050,Renee EBO - Kolkata 10,Renee EBO,EBO,Kolkata,West Bengal,East,SKU0035,Northline Body Wash A,Northline,Bath & Body,Body Wash,Others,Active,469,5,7,,0,0,BGR East,3,2,,38
2026-09,OUT0050,Renee EBO - Kolkata 10,Renee EBO,EBO,Kolkata,West Bengal,East,SKU0037,Verde Body Wash C,Verde,Bath & Body,Body Wash,Top 25,Active,2239,11,15,,1,2136,BGR East,5,5,,42
2026-09,OUT0051,Renee EBO - Surat 11,Renee EBO,EBO,Surat,Gujarat,West,SKU0003,Verde Serum A,Verde,Skincare,Serum,Top 25,Active,2419,118,0,,22,57930,BGR West,26,26,,47
2026-09,OUT0051,Renee EBO - Surat 11,Renee EBO,EBO,Surat,Gujarat,West,SKU0004,Northline Serum B,Northline,Skincare,Serum,Top 25,Active,2489,8,36,,5,15190,BGR West,9,9,,47
2026-09,OUT0051,Renee EBO - Surat 11,Renee EBO,EBO,Surat,Gujarat,West,SKU0006,Blush & Co Cleanser A,Blush & Co,Skincare,Cleanser,Top 10,Active,289,24,34,,28,7359,BGR West,48,38,,44
2026-09,OUT0051,Renee EBO - Surat 11,Renee EBO,EBO,Surat,Gujarat,West,SKU0008,Lumina Sunscreen A,Lumina,Skincare,Sunscreen,Others,Active,1599,10,13,,1,1765,BGR West,6,4,,44
2026-09,OUT0051,Renee EBO - Surat 11,Renee EBO,EBO,Surat,Gujarat,West,SKU0009,Blush & Co Sunscreen B,Blush & Co,Skincare,Sunscreen,Others,Inactive,1629,0,3,,2,3263,BGR West,6,5,,42
2026-09,OUT0051,Renee EBO - Surat 11,Renee EBO,EBO,Surat,Gujarat,West,SKU0010,Blush & Co Foundation A,Blush & Co,Makeup,Foundation,Others,Active,1419,43,45,,3,5196,BGR West,7,5,,47
2026-09,OUT0051,Renee EBO - Surat 11,Renee EBO,EBO,Surat,Gujarat,West,SKU0011,Lumina Foundation B,Lumina,Makeup,Foundation,Top 10,Inactive,1889,20,18,,11,25699,BGR West,9,9,,51
2026-09,OUT0051,Renee EBO - Surat 11,Renee EBO,EBO,Surat,Gujarat,West,SKU0013,Northline Lipstick B,Northline,Makeup,Lipstick,Others,Active,2469,8,10,,0,0,BGR West,3,2,,48
2026-09,OUT0051,Renee EBO - Surat 11,Renee EBO,EBO,Surat,Gujarat,West,SKU0014,Lumina Lipstick C,Lumina,Makeup,Lipstick,Top 25,Active,1729,66,79,,11,23657,BGR West,24,24,,51
2026-09,OUT0051,Renee EBO - Surat 11,Renee EBO,EBO,Surat,Gujarat,West,SKU0015,Blush & Co Mascara A,Blush & Co,Makeup,Mascara,Top 25,Active,1219,31,38,,6,6914,BGR West,13,13,,51
2026-09,OUT0051,Renee EBO - Surat 11,Renee EBO,EBO,Surat,Gujarat,West,SKU0016,Verde Mascara B,Verde,Makeup,Mascara,Top 25,Active,199,31,37,,6,1377,BGR West,12,12,,48
2026-09,OUT0051,Renee EBO - Surat 11,Renee EBO,EBO,Surat,Gujarat,West,SKU0018,Northline Eyeliner A,Northline,Makeup,Eyeliner,Others,Active,1959,0,2,,0,0,BGR West,3,2,,48
2026-09,OUT0051,Renee EBO - Surat 11,Renee EBO,EBO,Surat,Gujarat,West,SKU0019,Northline Eyeliner B,Northline,Makeup,Eyeliner,Others,Active,1889,28,28,,2,4668,BGR West,3,2,,49
2026-09,OUT0051,Renee EBO - Surat 11,Renee EBO,EBO,Surat,Gujarat,West,SKU0020,Lumina Shampoo A,Lumina,Haircare,Shampoo,Top 10,Active,509,36,36,,15,9399,BGR West,16,15,,38
2026-09,OUT0051,Renee EBO - Surat 11,Renee EBO,EBO,Surat,Gujarat,West,SKU0022,Northline Conditioner A,Northline,Haircare,Conditioner,Others,Active,779,7,11,,3,2836,BGR West,7,7,,35
2026-09,OUT0051,Renee EBO - Surat 11,Renee EBO,EBO,Surat,Gujarat,West,SKU0027,Lumina EDP B,Lumina,Fragrance,EDP,Top 10,Active,529,146,144,,43,21036,BGR West,52,41,,56
2026-09,OUT0051,Renee EBO - Surat 11,Renee EBO,EBO,Surat,Gujarat,West,SKU0028,Northline EDT A,Northline,Fragrance,EDT,Top 25,Active,1109,13,18,,9,12314,BGR West,14,14,,56
2026-09,OUT0051,Renee EBO - Surat 11,Renee EBO,EBO,Surat,Gujarat,West,SKU0031,Lumina Body Mist A,Lumina,Fragrance,Body Mist,Top 25,Active,2119,19,0,,14,34593,BGR West,29,29,,57
2026-09,OUT0051,Renee EBO - Surat 11,Renee EBO,EBO,Surat,Gujarat,West,SKU0032,Northline Body Mist B,Northline,Fragrance,Body Mist,Others,Inactive,2229,36,37,,3,7974,BGR West,6,4,,58
2026-09,OUT0051,Renee EBO - Surat 11,Renee EBO,EBO,Surat,Gujarat,West,SKU0033,Northline Body Lotion A,Northline,Bath & Body,Body Lotion,Top 10,Active,1239,179,172,,38,54600,BGR West,31,31,,39
2026-09,OUT0051,Renee EBO - Surat 11,Renee EBO,EBO,Surat,Gujarat,West,SKU0034,Northline Body Lotion B,Northline,Bath & Body,Body Lotion,Top 25,Active,989,13,19,,10,9659,BGR West,16,16,,42
2026-09,OUT0051,Renee EBO - Surat 11,Renee EBO,EBO,Surat,Gujarat,West,SKU0037,Verde Body Wash C,Verde,Bath & Body,Body Wash,Top 25,Active,2239,55,65,,5,13886,BGR West,15,15,,40
2026-09,OUT0051,Renee EBO - Surat 11,Renee EBO,EBO,Surat,Gujarat,West,SKU0038,Blush & Co Hand Cream A,Blush & Co,Bath & Body,Hand Cream,Others,Active,489,18,19,,2,1087,BGR West,5,3,,38
2026-09,OUT0052,Airport Retail Co - Coimbatore 1,Airport Retail Co,Airport,Coimbatore,Tamil Nadu,South,SKU0001,Blush & Co Moisturizer A,Blush & Co,Skincare,Moisturizer,Others,Active,2319,41,8,,1,2884,BGR South,5,3,,46
2026-09,OUT0052,Airport Retail Co - Coimbatore 1,Airport Retail Co,Airport,Coimbatore,Tamil Nadu,South,SKU0002,Verde Moisturizer B,Verde,Skincare,Moisturizer,Top 10,Active,1179,39,49,,18,24181,BGR South,30,28,,48
2026-09,OUT0052,Airport Retail Co - Coimbatore 1,Airport Retail Co,Airport,Coimbatore,Tamil Nadu,South,SKU0003,Verde Serum A,Verde,Skincare,Serum,Top 25,Active,2419,128,133,,15,44949,BGR South,22,20,,45
2026-09,OUT0052,Airport Retail Co - Coimbatore 1,Airport Retail Co,Airport,Coimbatore,Tamil Nadu,South,SKU0004,Northline Serum B,Northline,Skincare,Serum,Top 25,Active,2489,21,24,,5,12020,BGR South,8,8,,45
2026-09,OUT0052,Airport Retail Co - Coimbatore 1,Airport Retail Co,Airport,Coimbatore,Tamil Nadu,South,SKU0005,Northline Serum C,Northline,Skincare,Serum,Others,Inactive,1819,1,4,,1,2071,BGR South,6,4,,44
2026-09,OUT0052,Airport Retail Co - Coimbatore 1,Airport Retail Co,Airport,Coimbatore,Tamil Nadu,South,SKU0006,Blush & Co Cleanser A,Blush & Co,Skincare,Cleanser,Top 10,Active,289,175,188,,25,8697,BGR South,41,38,,45
2026-09,OUT0052,Airport Retail Co - Coimbatore 1,Airport Retail Co,Airport,Coimbatore,Tamil Nadu,South,SKU0007,Northline Cleanser B,Northline,Skincare,Cleanser,Others,Active,1809,18,21,,1,1714,BGR South,6,4,,42
2026-09,OUT0052,Airport Retail Co - Coimbatore 1,Airport Retail Co,Airport,Coimbatore,Tamil Nadu,South,SKU0008,Lumina Sunscreen A,Lumina,Skincare,Sunscreen,Others,Active,1599,14,18,,1,1957,BGR South,6,5,,48
2026-09,OUT0052,Airport Retail Co - Coimbatore 1,Airport Retail Co,Airport,Coimbatore,Tamil Nadu,South,SKU0010,Blush & Co Foundation A,Blush & Co,Makeup,Foundation,Others,Active,1419,40,33,,4,5470,BGR South,9,6,,52
2026-09,OUT0052,Airport Retail Co - Coimbatore 1,Airport Retail Co,Airport,Coimbatore,Tamil Nadu,South,SKU0012,Northline Lipstick A,Northline,Makeup,Lipstick,Others,Active,2429,24,0,,2,4665,BGR South,3,2,,47
2026-09,OUT0052,Airport Retail Co - Coimbatore 1,Airport Retail Co,Airport,Coimbatore,Tamil Nadu,South,SKU0014,Lumina Lipstick C,Lumina,Makeup,Lipstick,Top 25,Active,1729,0,0,,11,21490,BGR South,17,11,,47
2026-09,OUT0052,Airport Retail Co - Coimbatore 1,Airport Retail Co,Airport,Coimbatore,Tamil Nadu,South,SKU0015,Blush & Co Mascara A,Blush & Co,Makeup,Mascara,Top 25,Active,1219,30,42,,11,13559,BGR South,23,23,,50
2026-09,OUT0052,Airport Retail Co - Coimbatore 1,Airport Retail Co,Airport,Coimbatore,Tamil Nadu,South,SKU0016,Verde Mascara B,Verde,Makeup,Mascara,Top 25,Active,199,6,10,,6,1240,BGR South,15,10,,49
2026-09,OUT0052,Airport Retail Co - Coimbatore 1,Airport Retail Co,Airport,Coimbatore,Tamil Nadu,South,SKU0017,Lumina Mascara C,Lumina,Makeup,Mascara,Top 10,Active,529,18,20,,9,4372,BGR South,11,11,,48
2026-09,OUT0052,Airport Retail Co - Coimbatore 1,Airport Retail Co,Airport,Coimbatore,Tamil Nadu,South,SKU0020,Lumina Shampoo A,Lumina,Haircare,Shampoo,Top 10,Active,509,111,124,,17,9242,BGR South,32,30,,36
2026-09,OUT0052,Airport Retail Co - Coimbatore 1,Airport Retail Co,Airport,Coimbatore,Tamil Nadu,South,SKU0023,Northline Conditioner B,Northline,Haircare,Conditioner,Others,Active,379,25,28,,0,0,BGR South,3,3,,38
2026-09,OUT0052,Airport Retail Co - Coimbatore 1,Airport Retail Co,Airport,Coimbatore,Tamil Nadu,South,SKU0027,Lumina EDP B,Lumina,Fragrance,EDP,Top 10,Active,529,80,91,,18,11511,BGR South,33,29,,55
2026-09,OUT0052,Airport Retail Co - Coimbatore 1,Airport Retail Co,Airport,Coimbatore,Tamil Nadu,South,SKU0028,Northline EDT A,Northline,Fragrance,EDT,Top 25,Active,1109,76,89,,19,19770,BGR South,32,32,,53
2026-09,OUT0052,Airport Retail Co - Coimbatore 1,Airport Retail Co,Airport,Coimbatore,Tamil Nadu,South,SKU0030,Blush & Co EDT C,Blush & Co,Fragrance,EDT,Others,Active,779,6,6,,4,3413,BGR South,7,4,,56
2026-09,OUT0052,Airport Retail Co - Coimbatore 1,Airport Retail Co,Airport,Coimbatore,Tamil Nadu,South,SKU0031,Lumina Body Mist A,Lumina,Fragrance,Body Mist,Top 25,Active,2119,0,0,,9,22779,BGR South,12,9,,52
2026-09,OUT0052,Airport Retail Co - Coimbatore 1,Airport Retail Co,Airport,Coimbatore,Tamil Nadu,South,SKU0032,Northline Body Mist B,Northline,Fragrance,Body Mist,Others,Inactive,2229,31,34,,3,6461,BGR South,7,6,,54
2026-09,OUT0052,Airport Retail Co - Coimbatore 1,Airport Retail Co,Airport,Coimbatore,Tamil Nadu,South,SKU0033,Northline Body Lotion A,Northline,Bath & Body,Body Lotion,Top 10,Active,1239,54,43,,41,52623,BGR South,44,30,,39
2026-09,OUT0052,Airport Retail Co - Coimbatore 1,Airport Retail Co,Airport,Coimbatore,Tamil Nadu,South,SKU0034,Northline Body Lotion B,Northline,Bath & Body,Body Lotion,Top 25,Active,989,73,73,,14,13473,BGR South,20,14,,40
2026-09,OUT0052,Airport Retail Co - Coimbatore 1,Airport Retail Co,Airport,Coimbatore,Tamil Nadu,South,SKU0037,Verde Body Wash C,Verde,Bath & Body,Body Wash,Top 25,Active,2239,59,62,,3,6377,BGR South,6,6,,41
2026-09,OUT0053,Airport Retail Co - Mumbai 2,Airport Retail Co,Airport,Mumbai,Maharashtra,West,SKU0002,Verde Moisturizer B,Verde,Skincare,Moisturizer,Top 10,Active,1179,44,46,,12,12710,BGR West,14,14,,43
2026-09,OUT0053,Airport Retail Co - Mumbai 2,Airport Retail Co,Airport,Mumbai,Maharashtra,West,SKU0003,Verde Serum A,Verde,Skincare,Serum,Top 25,Active,2419,0,7,,16,37218,BGR West,25,23,,48
2026-09,OUT0053,Airport Retail Co - Mumbai 2,Airport Retail Co,Airport,Mumbai,Maharashtra,West,SKU0006,Blush & Co Cleanser A,Blush & Co,Skincare,Cleanser,Top 10,Active,289,28,29,,30,8980,BGR West,33,31,,46
2026-09,OUT0053,Airport Retail Co - Mumbai 2,Airport Retail Co,Airport,Mumbai,Maharashtra,West,SKU0008,Lumina Sunscreen A,Lumina,Skincare,Sunscreen,Others,Active,1599,34,38,,1,1766,BGR West,5,5,,43
2026-09,OUT0053,Airport Retail Co - Mumbai 2,Airport Retail Co,Airport,Mumbai,Maharashtra,West,SKU0009,Blush & Co Sunscreen B,Blush & Co,Skincare,Sunscreen,Others,Inactive,1629,12,15,,3,5384,BGR West,7,6,,44
2026-09,OUT0053,Airport Retail Co - Mumbai 2,Airport Retail Co,Airport,Mumbai,Maharashtra,West,SKU0011,Lumina Foundation B,Lumina,Makeup,Foundation,Top 10,Inactive,1889,19,22,,13,24561,BGR West,16,16,,50
2026-09,OUT0053,Airport Retail Co - Mumbai 2,Airport Retail Co,Airport,Mumbai,Maharashtra,West,SKU0014,Lumina Lipstick C,Lumina,Makeup,Lipstick,Top 25,Active,1729,6,4,,8,15667,BGR West,7,6,,47
2026-09,OUT0053,Airport Retail Co - Mumbai 2,Airport Retail Co,Airport,Mumbai,Maharashtra,West,SKU0015,Blush & Co Mascara A,Blush & Co,Makeup,Mascara,Top 25,Active,1219,91,96,,8,9102,BGR West,17,13,,52
2026-09,OUT0053,Airport Retail Co - Mumbai 2,Airport Retail Co,Airport,Mumbai,Maharashtra,West,SKU0017,Lumina Mascara C,Lumina,Makeup,Mascara,Top 10,Active,529,4,6,,14,8115,BGR West,20,16,,47
2026-09,OUT0053,Airport Retail Co - Mumbai 2,Airport Retail Co,Airport,Mumbai,Maharashtra,West,SKU0018,Northline Eyeliner A,Northline,Makeup,Eyeliner,Others,Active,1959,40,0,,0,0,BGR West,1,1,,50
2026-09,OUT0053,Airport Retail Co - Mumbai 2,Airport Retail Co,Airport,Mumbai,Maharashtra,West,SKU0019,Northline Eyeliner B,Northline,Makeup,Eyeliner,Others,Active,1889,38,38,,4,8599,BGR West,6,4,,50
2026-09,OUT0053,Airport Retail Co - Mumbai 2,Airport Retail Co,Airport,Mumbai,Maharashtra,West,SKU0020,Lumina Shampoo A,Lumina,Haircare,Shampoo,Top 10,Active,509,21,16,,18,10899,BGR West,17,13,,32
2026-09,OUT0053,Airport Retail Co - Mumbai 2,Airport Retail Co,Airport,Mumbai,Maharashtra,West,SKU0021,Verde Shampoo B,Verde,Haircare,Shampoo,Others,Active,1319,8,0,,5,8132,BGR West,12,10,,36
2026-09,OUT0053,Airport Retail Co - Mumbai 2,Airport Retail Co,Airport,Mumbai,Maharashtra,West,SKU0027,Lumina EDP B,Lumina,Fragrance,EDP,Top 10,Active,529,14,20,,10,6027,BGR West,16,16,,53
2026-09,OUT0053,Airport Retail Co - Mumbai 2,Airport Retail Co,Airport,Mumbai,Maharashtra,West,SKU0028,Northline EDT A,Northline,Fragrance,EDT,Top 25,Active,1109,12,9,,7,7323,BGR West,7,4,,54
2026-09,OUT0053,Airport Retail Co - Mumbai 2,Airport Retail Co,Airport,Mumbai,Maharashtra,West,SKU0030,Blush & Co EDT C,Blush & Co,Fragrance,EDT,Others,Active,779,32,35,,3,2213,BGR West,8,6,,53
2026-09,OUT0053,Airport Retail Co - Mumbai 2,Airport Retail Co,Airport,Mumbai,Maharashtra,West,SKU0031,Lumina Body Mist A,Lumina,Fragrance,Body Mist,Top 25,Active,2119,84,84,,16,36096,BGR West,20,16,,58
2026-09,OUT0053,Airport Retail Co - Mumbai 2,Airport Retail Co,Airport,Mumbai,Maharashtra,West,SKU0033,Northline Body Lotion A,Northline,Bath & Body,Body Lotion,Top 10,Active,1239,140,158,,26,39985,BGR West,44,44,,40
2026-09,OUT0053,Airport Retail Co - Mumbai 2,Airport Retail Co,Airport,Mumbai,Maharashtra,West,SKU0034,Northline Body Lotion B,Northline,Bath & Body,Body Lotion,Top 25,Active,989,55,55,,9,10360,BGR West,9,9,,40
2026-09,OUT0053,Airport Retail Co - Mumbai 2,Airport Retail Co,Airport,Mumbai,Maharashtra,West,SKU0037,Verde Body Wash C,Verde,Bath & Body,Body Wash,Top 25,Active,2239,35,38,,6,12190,BGR West,10,9,,39
2026-09,OUT0053,Airport Retail Co - Mumbai 2,Airport Retail Co,Airport,Mumbai,Maharashtra,West,SKU0038,Blush & Co Hand Cream A,Blush & Co,Bath & Body,Hand Cream,Others,Active,489,42,44,,2,1114,BGR West,4,4,,43
2026-09,OUT0053,Airport Retail Co - Mumbai 2,Airport Retail Co,Airport,Mumbai,Maharashtra,West,SKU0039,Northline Hand Cream B,Northline,Bath & Body,Hand Cream,Others,Active,1189,12,16,,4,5834,BGR West,8,8,,40
2026-09,OUT0054,Airport Retail Co - New Delhi 3,Airport Retail Co,Airport,New Delhi,Delhi,North,SKU0002,Verde Moisturizer B,Verde,Skincare,Moisturizer,Top 10,Active,1179,18,27,,7,8198,BGR North,16,16,,47
2026-09,OUT0054,Airport Retail Co - New Delhi 3,Airport Retail Co,Airport,New Delhi,Delhi,North,SKU0005,Northline Serum C,Northline,Skincare,Serum,Others,Inactive,1819,26,0,,0,0,BGR North,1,1,,48
2026-09,OUT0054,Airport Retail Co - New Delhi 3,Airport Retail Co,Airport,New Delhi,Delhi,North,SKU0006,Blush & Co Cleanser A,Blush & Co,Skincare,Cleanser,Top 10,Active,289,74,80,,8,2103,BGR North,16,14,,44
2026-09,OUT0054,Airport Retail Co - New Delhi 3,Airport Retail Co,Airport,New Delhi,Delhi,North,SKU0007,Northline Cleanser B,Northline,Skincare,Cleanser,Others,Active,1809,35,38,,0,0,BGR North,4,3,,48
2026-09,OUT0054,Airport Retail Co - New Delhi 3,Airport Retail Co,Airport,New Delhi,Delhi,North,SKU0008,Lumina Sunscreen A,Lumina,Skincare,Sunscreen,Others,Active,1599,0,4,,0,0,BGR North,5,4,,43
2026-09,OUT0054,Airport Retail Co - New Delhi 3,Airport Retail Co,Airport,New Delhi,Delhi,North,SKU0010,Blush & Co Foundation A,Blush & Co,Makeup,Foundation,Others,Active,1419,0,5,,1,1419,BGR North,6,6,,49
2026-09,OUT0054,Airport Retail Co - New Delhi 3,Airport Retail Co,Airport,New Delhi,Delhi,North,SKU0011,Lumina Foundation B,Lumina,Makeup,Foundation,Top 10,Inactive,1889,8,9,,4,8891,BGR North,8,5,,47
2026-09,OUT0054,Airport Retail Co - New Delhi 3,Airport Retail Co,Airport,New Delhi,Delhi,North,SKU0013,Northline Lipstick B,Northline,Makeup,Lipstick,Others,Active,2469,0,1,,0,0,BGR North,1,1,,53
2026-09,OUT0054,Airport Retail Co - New Delhi 3,Airport Retail Co,Airport,New Delhi,Delhi,North,SKU0015,Blush & Co Mascara A,Blush & Co,Makeup,Mascara,Top 25,Active,1219,38,38,,3,4219,BGR North,3,3,,47
2026-09,OUT0054,Airport Retail Co - New Delhi 3,Airport Retail Co,Airport,New Delhi,Delhi,North,SKU0016,Verde Mascara B,Verde,Makeup,Mascara,Top 25,Active,199,41,44,,4,752,BGR North,9,7,,47
2026-09,OUT0054,Airport Retail Co - New Delhi 3,Airport Retail Co,Airport,New Delhi,Delhi,North,SKU0017,Lumina Mascara C,Lumina,Makeup,Mascara,Top 10,Active,529,0,1,,3,1589,BGR North,6,4,,53
2026-09,OUT0054,Airport Retail Co - New Delhi 3,Airport Retail Co,Airport,New Delhi,Delhi,North,SKU0020,Lumina Shampoo A,Lumina,Haircare,Shampoo,Top 10,Active,509,41,46,,5,2726,BGR North,10,10,,32
2026-09,OUT0054,Airport Retail Co - New Delhi 3,Airport Retail Co,Airport,New Delhi,Delhi,North,SKU0027,Lumina EDP B,Lumina,Fragrance,EDP,Top 10,Active,529,17,21,,5,2763,BGR North,10,9,,58
2026-09,OUT0054,Airport Retail Co - New Delhi 3,Airport Retail Co,Airport,New Delhi,Delhi,North,SKU0028,Northline EDT A,Northline,Fragrance,EDT,Top 25,Active,1109,50,51,,3,3912,BGR North,5,4,,53
2026-09,OUT0054,Airport Retail Co - New Delhi 3,Airport Retail Co,Airport,New Delhi,Delhi,North,SKU0029,Blush & Co EDT B,Blush & Co,Fragrance,EDT,Top 25,Active,479,58,58,,2,1153,BGR North,3,2,,57
2026-09,OUT0054,Airport Retail Co - New Delhi 3,Airport Retail Co,Airport,New Delhi,Delhi,North,SKU0030,Blush & Co EDT C,Blush & Co,Fragrance,EDT,Others,Active,779,4,2,,2,1478,BGR North,1,0,,56
2026-09,OUT0054,Airport Retail Co - New Delhi 3,Airport Retail Co,Airport,New Delhi,Delhi,North,SKU0033,Northline Body Lotion A,Northline,Bath & Body,Body Lotion,Top 10,Active,1239,76,85,,9,10950,BGR North,18,18,,37
2026-09,OUT0054,Airport Retail Co - New Delhi 3,Airport Retail Co,Airport,New Delhi,Delhi,North,SKU0034,Northline Body Lotion B,Northline,Bath & Body,Body Lotion,Top 25,Active,989,9,10,,4,4625,BGR North,6,5,,41
2026-09,OUT0054,Airport Retail Co - New Delhi 3,Airport Retail Co,Airport,New Delhi,Delhi,North,SKU0036,Northline Body Wash B,Northline,Bath & Body,Body Wash,Others,Active,1179,24,26,,0,0,BGR North,3,2,,40
2026-09,OUT0054,Airport Retail Co - New Delhi 3,Airport Retail Co,Airport,New Delhi,Delhi,North,SKU0037,Verde Body Wash C,Verde,Bath & Body,Body Wash,Top 25,Active,2239,34,34,,2,5562,BGR North,3,2,,40
2026-09,OUT0055,Airport Retail Co - Lucknow 4,Airport Retail Co,Airport,Lucknow,UP,North,SKU0001,Blush & Co Moisturizer A,Blush & Co,Skincare,Moisturizer,Others,Active,2319,0,0,,1,2884,BGR North,0,0,,43
2026-09,OUT0055,Airport Retail Co - Lucknow 4,Airport Retail Co,Airport,Lucknow,UP,North,SKU0002,Verde Moisturizer B,Verde,Skincare,Moisturizer,Top 10,Active,1179,44,0,,6,6942,BGR North,10,10,,43
2026-09,OUT0055,Airport Retail Co - Lucknow 4,Airport Retail Co,Airport,Lucknow,UP,North,SKU0004,Northline Serum B,Northline,Skincare,Serum,Top 25,Active,2489,5,6,,2,5300,BGR North,4,3,,45
2026-09,OUT0055,Airport Retail Co - Lucknow 4,Airport Retail Co,Airport,Lucknow,UP,North,SKU0005,Northline Serum C,Northline,Skincare,Serum,Others,Inactive,1819,2,0,,0,0,BGR North,0,0,,46
2026-09,OUT0055,Airport Retail Co - Lucknow 4,Airport Retail Co,Airport,Lucknow,UP,North,SKU0006,Blush & Co Cleanser A,Blush & Co,Skincare,Cleanser,Top 10,Active,289,0,4,,12,3269,BGR North,24,16,,47
2026-09,OUT0055,Airport Retail Co - Lucknow 4,Airport Retail Co,Airport,Lucknow,UP,North,SKU0007,Northline Cleanser B,Northline,Skincare,Cleanser,Others,Active,1809,11,15,,0,0,BGR North,5,4,,44
2026-09,OUT0055,Airport Retail Co - Lucknow 4,Airport Retail Co,Airport,Lucknow,UP,North,SKU0013,Northline Lipstick B,Northline,Makeup,Lipstick,Others,Active,2469,25,25,,0,0,BGR North,1,0,,52
2026-09,OUT0055,Airport Retail Co - Lucknow 4,Airport Retail Co,Airport,Lucknow,UP,North,SKU0014,Lumina Lipstick C,Lumina,Makeup,Lipstick,Top 25,Active,1729,28,0,,3,6066,BGR North,9,9,,49
2026-09,OUT0055,Airport Retail Co - Lucknow 4,Airport Retail Co,Airport,Lucknow,UP,North,SKU0016,Verde Mascara B,Verde,Makeup,Mascara,Top 25,Active,199,46,46,,2,491,BGR North,3,2,,48
2026-09,OUT0055,Airport Retail Co - Lucknow 4,Airport Retail Co,Airport,Lucknow,UP,North,SKU0017,Lumina Mascara C,Lumina,Makeup,Mascara,Top 10,Active,529,59,60,,4,2561,BGR North,7,5,,48
2026-09,OUT0055,Airport Retail Co - Lucknow 4,Airport Retail Co,Airport,Lucknow,UP,North,SKU0019,Northline Eyeliner B,Northline,Makeup,Eyeliner,Others,Active,1889,15,0,,1,2358,BGR North,2,2,,51
2026-09,OUT0055,Airport Retail Co - Lucknow 4,Airport Retail Co,Airport,Lucknow,UP,North,SKU0020,Lumina Shampoo A,Lumina,Haircare,Shampoo,Top 10,Active,509,40,38,,6,2951,BGR North,6,4,,38
2026-09,OUT0055,Airport Retail Co - Lucknow 4,Airport Retail Co,Airport,Lucknow,UP,North,SKU0021,Verde Shampoo B,Verde,Haircare,Shampoo,Others,Active,1319,22,22,,2,2519,BGR North,3,2,,34
2026-09,OUT0055,Airport Retail Co - Lucknow 4,Airport Retail Co,Airport,Lucknow,UP,North,SKU0022,Northline Conditioner A,Northline,Haircare,Conditioner,Others,Active,779,5,7,,1,850,BGR North,4,3,,38
2026-09,OUT0055,Airport Retail Co - Lucknow 4,Airport Retail Co,Airport,Lucknow,UP,North,SKU0027,Lumina EDP B,Lumina,Fragrance,EDP,Top 10,Active,529,0,9,,7,4209,BGR North,16,16,,57
2026-09,OUT0055,Airport Retail Co - Lucknow 4,Airport Retail Co,Airport,Lucknow,UP,North,SKU0028,Northline EDT A,Northline,Fragrance,EDT,Top 25,Active,1109,20,26,,3,4166,BGR North,11,9,,52
2026-09,OUT0055,Airport Retail Co - Lucknow 4,Airport Retail Co,Airport,Lucknow,UP,North,SKU0029,Blush & Co EDT B,Blush & Co,Fragrance,EDT,Top 25,Active,479,13,16,,5,2404,BGR North,10,8,,56
2026-09,OUT0055,Airport Retail Co - Lucknow 4,Airport Retail Co,Airport,Lucknow,UP,North,SKU0030,Blush & Co EDT C,Blush & Co,Fragrance,EDT,Others,Active,779,6,9,,2,1811,BGR North,5,5,,52
2026-09,OUT0055,Airport Retail Co - Lucknow 4,Airport Retail Co,Airport,Lucknow,UP,North,SKU0031,Lumina Body Mist A,Lumina,Fragrance,Body Mist,Top 25,Active,2119,72,73,,5,11928,BGR North,7,6,,56
2026-09,OUT0055,Airport Retail Co - Lucknow 4,Airport Retail Co,Airport,Lucknow,UP,North,SKU0033,Northline Body Lotion A,Northline,Bath & Body,Body Lotion,Top 10,Active,1239,146,154,,18,20588,BGR North,28,26,,37
2026-09,OUT0055,Airport Retail Co - Lucknow 4,Airport Retail Co,Airport,Lucknow,UP,North,SKU0034,Northline Body Lotion B,Northline,Bath & Body,Body Lotion,Top 25,Active,989,26,27,,4,4313,BGR North,6,5,,43
2026-09,OUT0055,Airport Retail Co - Lucknow 4,Airport Retail Co,Airport,Lucknow,UP,North,SKU0035,Northline Body Wash A,Northline,Bath & Body,Body Wash,Others,Active,469,2,3,,1,453,BGR North,3,2,,40
2026-09,OUT0055,Airport Retail Co - Lucknow 4,Airport Retail Co,Airport,Lucknow,UP,North,SKU0036,Northline Body Wash B,Northline,Bath & Body,Body Wash,Others,Active,1179,0,1,,0,0,BGR North,2,1,,41
2026-09,OUT0055,Airport Retail Co - Lucknow 4,Airport Retail Co,Airport,Lucknow,UP,North,SKU0037,Verde Body Wash C,Verde,Bath & Body,Body Wash,Top 25,Active,2239,55,57,,2,4618,BGR North,5,4,,38
2026-09,OUT0055,Airport Retail Co - Lucknow 4,Airport Retail Co,Airport,Lucknow,UP,North,SKU0038,Blush & Co Hand Cream A,Blush & Co,Bath & Body,Hand Cream,Others,Active,489,17,0,,0,0,BGR North,4,3,,38
2026-09,OUT0055,Airport Retail Co - Lucknow 4,Airport Retail Co,Airport,Lucknow,UP,North,SKU0039,Northline Hand Cream B,Northline,Bath & Body,Hand Cream,Others,Active,1189,22,25,,1,1440,BGR North,6,4,,39
2026-09,OUT0056,Airport Retail Co - Kolkata 5,Airport Retail Co,Airport,Kolkata,West Bengal,East,SKU0001,Blush & Co Moisturizer A,Blush & Co,Skincare,Moisturizer,Others,Active,2319,0,2,,1,2185,BGR East,4,3,,46
2026-09,OUT0056,Airport Retail Co - Kolkata 5,Airport Retail Co,Airport,Kolkata,West Bengal,East,SKU0002,Verde Moisturizer B,Verde,Skincare,Moisturizer,Top 10,Active,1179,6,13,,8,8686,BGR East,15,15,,44
2026-09,OUT0056,Airport Retail Co - Kolkata 5,Airport Retail Co,Airport,Kolkata,West Bengal,East,SKU0004,Northline Serum B,Northline,Skincare,Serum,Top 25,Active,2489,11,7,,1,2397,BGR East,3,2,,48
2026-09,OUT0056,Airport Retail Co - Kolkata 5,Airport Retail Co,Airport,Kolkata,West Bengal,East,SKU0005,Northline Serum C,Northline,Skincare,Serum,Others,Inactive,1819,4,7,,0,0,BGR East,3,3,,45
2026-09,OUT0056,Airport Retail Co - Kolkata 5,Airport Retail Co,Airport,Kolkata,West Bengal,East,SKU0006,Blush & Co Cleanser A,Blush & Co,Skincare,Cleanser,Top 10,Active,289,55,57,,12,3302,BGR East,16,14,,42
2026-09,OUT0056,Airport Retail Co - Kolkata 5,Airport Retail Co,Airport,Kolkata,West Bengal,East,SKU0008,Lumina Sunscreen A,Lumina,Skincare,Sunscreen,Others,Active,1599,6,7,,0,0,BGR East,2,1,,43
2026-09,OUT0056,Airport Retail Co - Kolkata 5,Airport Retail Co,Airport,Kolkata,West Bengal,East,SKU0011,Lumina Foundation B,Lumina,Makeup,Foundation,Top 10,Inactive,1889,67,67,,2,4189,BGR East,3,2,,53
2026-09,OUT0056,Airport Retail Co - Kolkata 5,Airport Retail Co,Airport,Kolkata,West Bengal,East,SKU0015,Blush & Co Mascara A,Blush & Co,Makeup,Mascara,Top 25,Active,1219,9,11,,2,2537,BGR East,6,4,,52
2026-09,OUT0056,Airport Retail Co - Kolkata 5,Airport Retail Co,Airport,Kolkata,West Bengal,East,SKU0017,Lumina Mascara C,Lumina,Makeup,Mascara,Top 10,Active,529,41,47,,3,1482,BGR East,10,9,,53
2026-09,OUT0056,Airport Retail Co - Kolkata 5,Airport Retail Co,Airport,Kolkata,West Bengal,East,SKU0018,Northline Eyeliner A,Northline,Makeup,Eyeliner,Others,Active,1959,7,11,,0,0,BGR East,4,4,,52
2026-09,OUT0056,Airport Retail Co - Kolkata 5,Airport Retail Co,Airport,Kolkata,West Bengal,East,SKU0019,Northline Eyeliner B,Northline,Makeup,Eyeliner,Others,Active,1889,3,3,,1,1757,BGR East,2,1,,50
2026-09,OUT0056,Airport Retail Co - Kolkata 5,Airport Retail Co,Airport,Kolkata,West Bengal,East,SKU0020,Lumina Shampoo A,Lumina,Haircare,Shampoo,Top 10,Active,509,15,14,,7,4458,BGR East,7,6,,37
2026-09,OUT0056,Airport Retail Co - Kolkata 5,Airport Retail Co,Airport,Kolkata,West Bengal,East,SKU0021,Verde Shampoo B,Verde,Haircare,Shampoo,Others,Active,1319,28,31,,0,0,BGR East,4,3,,32
2026-09,OUT0056,Airport Retail Co - Kolkata 5,Airport Retail Co,Airport,Kolkata,West Bengal,East,SKU0022,Northline Conditioner A,Northline,Haircare,Conditioner,Others,Active,779,0,4,,0,0,BGR East,5,4,,33
2026-09,OUT0056,Airport Retail Co - Kolkata 5,Airport Retail Co,Airport,Kolkata,West Bengal,East,SKU0027,Lumina EDP B,Lumina,Fragrance,EDP,Top 10,Active,529,0,2,,6,3736,BGR East,9,8,,53
2026-09,OUT0056,Airport Retail Co - Kolkata 5,Airport Retail Co,Airport,Kolkata,West Bengal,East,SKU0028,Northline EDT A,Northline,Fragrance,EDT,Top 25,Active,1109,41,40,,3,3609,BGR East,3,2,,55
2026-09,OUT0056,Airport Retail Co - Kolkata 5,Airport Retail Co,Airport,Kolkata,West Bengal,East,SKU0030,Blush & Co EDT C,Blush & Co,Fragrance,EDT,Others,Active,779,27,28,,1,744,BGR East,3,2,,58
2026-09,OUT0056,Airport Retail Co - Kolkata 5,Airport Retail Co,Airport,Kolkata,West Bengal,East,SKU0031,Lumina Body Mist A,Lumina,Fragrance,Body Mist,Top 25,Active,2119,26,29,,3,7834,BGR East,7,6,,53
2026-09,OUT0056,Airport Retail Co - Kolkata 5,Airport Retail Co,Airport,Kolkata,West Bengal,East,SKU0032,Northline Body Mist B,Northline,Fragrance,Body Mist,Others,Inactive,2229,9,12,,1,2268,BGR East,5,4,,52
2026-09,OUT0056,Airport Retail Co - Kolkata 5,Airport Retail Co,Airport,Kolkata,West Bengal,East,SKU0033,Northline Body Lotion A,Northline,Bath & Body,Body Lotion,Top 10,Active,1239,70,70,,7,10380,BGR East,11,7,,43
2026-09,OUT0056,Airport Retail Co - Kolkata 5,Airport Retail Co,Airport,Kolkata,West Bengal,East,SKU0035,Northline Body Wash A,Northline,Bath & Body,Body Wash,Others,Active,469,9,12,,0,0,BGR East,3,3,,41
2026-09,OUT0056,Airport Retail Co - Kolkata 5,Airport Retail Co,Airport,Kolkata,West Bengal,East,SKU0037,Verde Body Wash C,Verde,Bath & Body,Body Wash,Top 25,Active,2239,44,47,,1,2186,BGR East,5,4,,39
2026-09,OUT0056,Airport Retail Co - Kolkata 5,Airport Retail Co,Airport,Kolkata,West Bengal,East,SKU0038,Blush & Co Hand Cream A,Blush & Co,Bath & Body,Hand Cream,Others,Active,489,33,0,,0,0,BGR East,3,3,,38
2026-09,OUT0057,Airport Retail Co - Noida 6,Airport Retail Co,Airport,Noida,UP,North,SKU0002,Verde Moisturizer B,Verde,Skincare,Moisturizer,Top 10,Active,1179,60,63,,6,8326,BGR North,9,9,,42
2026-09,OUT0057,Airport Retail Co - Noida 6,Airport Retail Co,Airport,Noida,UP,North,SKU0003,Verde Serum A,Verde,Skincare,Serum,Top 25,Active,2419,33,43,,7,18464,BGR North,17,17,,46
2026-09,OUT0057,Airport Retail Co - Noida 6,Airport Retail Co,Airport,Noida,UP,North,SKU0004,Northline Serum B,Northline,Skincare,Serum,Top 25,Active,2489,45,53,,5,14961,BGR North,13,13,,45
2026-09,OUT0057,Airport Retail Co - Noida 6,Airport Retail Co,Airport,Noida,UP,North,SKU0006,Blush & Co Cleanser A,Blush & Co,Skincare,Cleanser,Top 10,Active,289,15,22,,16,5332,BGR North,26,23,,48
2026-09,OUT0057,Airport Retail Co - Noida 6,Airport Retail Co,Airport,Noida,UP,North,SKU0009,Blush & Co Sunscreen B,Blush & Co,Skincare,Sunscreen,Others,Inactive,1629,18,19,,1,1601,BGR North,3,2,,45
2026-09,OUT0057,Airport Retail Co - Noida 6,Airport Retail Co,Airport,Noida,UP,North,SKU0011,Lumina Foundation B,Lumina,Makeup,Foundation,Top 10,Inactive,1889,65,66,,10,18343,BGR North,17,11,,51
2026-09,OUT0057,Airport Retail Co - Noida 6,Airport Retail Co,Airport,Noida,UP,North,SKU0012,Northline Lipstick A,Northline,Makeup,Lipstick,Others,Active,2429,14,16,,1,2740,BGR North,4,3,,53
2026-09,OUT0057,Airport Retail Co - Noida 6,Airport Retail Co,Airport,Noida,UP,North,SKU0014,Lumina Lipstick C,Lumina,Makeup,Lipstick,Top 25,Active,1729,5,8,,5,8651,BGR North,8,8,,49
2026-09,OUT0057,Airport Retail Co - Noida 6,Airport Retail Co,Airport,Noida,UP,North,SKU0017,Lumina Mascara C,Lumina,Makeup,Mascara,Top 10,Active,529,45,44,,10,6197,BGR North,12,9,,49
2026-09,OUT0057,Airport Retail Co - Noida 6,Airport Retail Co,Airport,Noida,UP,North,SKU0019,Northline Eyeliner B,Northline,Makeup,Eyeliner,Others,Active,1889,5,11,,2,4245,BGR North,6,5,,49
2026-09,OUT0057,Airport Retail Co - Noida 6,Airport Retail Co,Airport,Noida,UP,North,SKU0023,Northline Conditioner B,Northline,Haircare,Conditioner,Others,Active,379,34,34,,0,0,BGR North,0,0,,35
2026-09,OUT0057,Airport Retail Co - Noida 6,Airport Retail Co,Airport,Noida,UP,North,SKU0027,Lumina EDP B,Lumina,Fragrance,EDP,Top 10,Active,529,53,55,,8,4771,BGR North,10,10,,53
2026-09,OUT0057,Airport Retail Co - Noida 6,Airport Retail Co,Airport,Noida,UP,North,SKU0028,Northline EDT A,Northline,Fragrance,EDT,Top 25,Active,1109,13,12,,12,13959,BGR North,17,11,,58
2026-09,OUT0057,Airport Retail Co - Noida 6,Airport Retail Co,Airport,Noida,UP,North,SKU0029,Blush & Co EDT B,Blush & Co,Fragrance,EDT,Top 25,Active,479,36,36,,3,1542,BGR North,4,3,,58
2026-09,OUT0057,Airport Retail Co - Noida 6,Airport Retail Co,Airport,Noida,UP,North,SKU0033,Northline Body Lotion A,Northline,Bath & Body,Body Lotion,Top 10,Active,1239,153,0,,56,64153,BGR North,72,50,,40
2026-09,OUT0057,Airport Retail Co - Noida 6,Airport Retail Co,Airport,Noida,UP,North,SKU0034,Northline Body Lotion B,Northline,Bath & Body,Body Lotion,Top 25,Active,989,61,66,,8,7936,BGR North,13,13,,38
2026-09,OUT0057,Airport Retail Co - Noida 6,Airport Retail Co,Airport,Noida,UP,North,SKU0035,Northline Body Wash A,Northline,Bath & Body,Body Wash,Others,Active,469,5,9,,2,940,BGR North,6,6,,42
2026-09,OUT0057,Airport Retail Co - Noida 6,Airport Retail Co,Airport,Noida,UP,North,SKU0037,Verde Body Wash C,Verde,Bath & Body,Body Wash,Top 25,Active,2239,20,23,,5,10581,BGR North,8,8,,40
2026-09,OUT0057,Airport Retail Co - Noida 6,Airport Retail Co,Airport,Noida,UP,North,SKU0039,Northline Hand Cream B,Northline,Bath & Body,Hand Cream,Others,Active,1189,4,9,,2,2954,BGR North,7,7,,42
2026-09,OUT0058,Airport Retail Co - Ludhiana 7,Airport Retail Co,Airport,Ludhiana,Punjab,North,SKU0002,Verde Moisturizer B,Verde,Skincare,Moisturizer,Top 10,Active,1179,0,0,,20,24908,BGR North,28,19,,47
2026-09,OUT0058,Airport Retail Co - Ludhiana 7,Airport Retail Co,Airport,Ludhiana,Punjab,North,SKU0003,Verde Serum A,Verde,Skincare,Serum,Top 25,Active,2419,49,56,,13,38894,BGR North,26,20,,43
2026-09,OUT0058,Airport Retail Co - Ludhiana 7,Airport Retail Co,Airport,Ludhiana,Punjab,North,SKU0004,Northline Serum B,Northline,Skincare,Serum,Top 25,Active,2489,12,14,,3,9118,BGR North,5,5,,47
2026-09,OUT0058,Airport Retail Co - Ludhiana 7,Airport Retail Co,Airport,Ludhiana,Punjab,North,SKU0006,Blush & Co Cleanser A,Blush & Co,Skincare,Cleanser,Top 10,Active,289,170,180,,16,4429,BGR North,33,26,,45
2026-09,OUT0058,Airport Retail Co - Ludhiana 7,Airport Retail Co,Airport,Ludhiana,Punjab,North,SKU0008,Lumina Sunscreen A,Lumina,Skincare,Sunscreen,Others,Active,1599,32,34,,1,1738,BGR North,3,3,,43
2026-09,OUT0058,Airport Retail Co - Ludhiana 7,Airport Retail Co,Airport,Ludhiana,Punjab,North,SKU0011,Lumina Foundation B,Lumina,Makeup,Foundation,Top 10,Inactive,1889,57,62,,8,13585,BGR North,14,13,,53
2026-09,OUT0058,Airport Retail Co - Ludhiana 7,Airport Retail Co,Airport,Ludhiana,Punjab,North,SKU0012,Northline Lipstick A,Northline,Makeup,Lipstick,Others,Active,2429,27,0,,1,2707,BGR North,5,3,,53
2026-09,OUT0058,Airport Retail Co - Ludhiana 7,Airport Retail Co,Airport,Ludhiana,Punjab,North,SKU0013,Northline Lipstick B,Northline,Makeup,Lipstick,Others,Active,2469,33,33,,0,0,BGR North,0,0,,53
2026-09,OUT0058,Airport Retail Co - Ludhiana 7,Airport Retail Co,Airport,Ludhiana,Punjab,North,SKU0014,Lumina Lipstick C,Lumina,Makeup,Lipstick,Top 25,Active,1729,10,13,,3,4926,BGR North,6,6,,51
2026-09,OUT0058,Airport Retail Co - Ludhiana 7,Airport Retail Co,Airport,Ludhiana,Punjab,North,SKU0016,Verde Mascara B,Verde,Makeup,Mascara,Top 25,Active,199,36,37,,3,669,BGR North,5,4,,51
2026-09,OUT0058,Airport Retail Co - Ludhiana 7,Airport Retail Co,Airport,Ludhiana,Punjab,North,SKU0017,Lumina Mascara C,Lumina,Makeup,Mascara,Top 10,Active,529,0,2,,0,0,BGR North,3,2,,49
2026-09,OUT0058,Airport Retail Co - Ludhiana 7,Airport Retail Co,Airport,Ludhiana,Punjab,North,SKU0019,Northline Eyeliner B,Northline,Makeup,Eyeliner,Others,Active,1889,9,12,,1,1994,BGR North,5,4,,48
2026-09,OUT0058,Airport Retail Co - Ludhiana 7,Airport Retail Co,Airport,Ludhiana,Punjab,North,SKU0020,Lumina Shampoo A,Lumina,Haircare,Shampoo,Top 10,Active,509,5,7,,6,3376,BGR North,9,8,,32
2026-09,OUT0058,Airport Retail Co - Ludhiana 7,Airport Retail Co,Airport,Ludhiana,Punjab,North,SKU0022,Northline Conditioner A,Northline,Haircare,Conditioner,Others,Active,779,14,14,,1,913,BGR North,2,1,,36
2026-09,OUT0058,Airport Retail Co - Ludhiana 7,Airport Retail Co,Airport,Ludhiana,Punjab,North,SKU0023,Northline Conditioner B,Northline,Haircare,Conditioner,Others,Active,379,6,0,,0,0,BGR North,1,0,,34
2026-09,OUT0058,Airport Retail Co - Ludhiana 7,Airport Retail Co,Airport,Ludhiana,Punjab,North,SKU0027,Lumina EDP B,Lumina,Fragrance,EDP,Top 10,Active,529,54,57,,12,5895,BGR North,17,15,,54
2026-09,OUT0058,Airport Retail Co - Ludhiana 7,Airport Retail Co,Airport,Ludhiana,Punjab,North,SKU0028,Northline EDT A,Northline,Fragrance,EDT,Top 25,Active,1109,43,46,,7,8479,BGR North,12,10,,54
2026-09,OUT0058,Airport Retail Co - Ludhiana 7,Airport Retail Co,Airport,Ludhiana,Punjab,North,SKU0031,Lumina Body Mist A,Lumina,Fragrance,Body Mist,Top 25,Active,2119,22,23,,8,20650,BGR North,12,9,,55
2026-09,OUT0058,Airport Retail Co - Ludhiana 7,Airport Retail Co,Airport,Ludhiana,Punjab,North,SKU0033,Northline Body Lotion A,Northline,Bath & Body,Body Lotion,Top 10,Active,1239,9,12,,17,20479,BGR North,20,20,,42
2026-09,OUT0058,Airport Retail Co - Ludhiana 7,Airport Retail Co,Airport,Ludhiana,Punjab,North,SKU0035,Northline Body Wash A,Northline,Bath & Body,Body Wash,Others,Active,469,1,0,,2,1030,BGR North,2,2,,39
2026-09,OUT0058,Airport Retail Co - Ludhiana 7,Airport Retail Co,Airport,Ludhiana,Punjab,North,SKU0036,Northline Body Wash B,Northline,Bath & Body,Body Wash,Others,Active,1179,19,20,,0,0,BGR North,2,1,,40
2026-09,OUT0058,Airport Retail Co - Ludhiana 7,Airport Retail Co,Airport,Ludhiana,Punjab,North,SKU0037,Verde Body Wash C,Verde,Bath & Body,Body Wash,Top 25,Active,2239,52,54,,3,7971,BGR North,7,5,,37
2026-09,OUT0058,Airport Retail Co - Ludhiana 7,Airport Retail Co,Airport,Ludhiana,Punjab,North,SKU0038,Blush & Co Hand Cream A,Blush & Co,Bath & Body,Hand Cream,Others,Active,489,1,2,,1,482,BGR North,3,2,,42
2026-09,OUT0059,Airport Retail Co - Surat 8,Airport Retail Co,Airport,Surat,Gujarat,West,SKU0001,Blush & Co Moisturizer A,Blush & Co,Skincare,Moisturizer,Others,Active,2319,18,19,,1,2471,BGR West,3,2,,45
2026-09,OUT0059,Airport Retail Co - Surat 8,Airport Retail Co,Airport,Surat,Gujarat,West,SKU0002,Verde Moisturizer B,Verde,Skincare,Moisturizer,Top 10,Active,1179,27,31,,13,17361,BGR West,22,17,,44
2026-09,OUT0059,Airport Retail Co - Surat 8,Airport Retail Co,Airport,Surat,Gujarat,West,SKU0003,Verde Serum A,Verde,Skincare,Serum,Top 25,Active,2419,48,48,,8,19665,BGR West,12,8,,46
2026-09,OUT0059,Airport Retail Co - Surat 8,Airport Retail Co,Airport,Surat,Gujarat,West,SKU0005,Northline Serum C,Northline,Skincare,Serum,Others,Inactive,1819,38,0,,0,0,BGR West,4,4,,44
2026-09,OUT0059,Airport Retail Co - Surat 8,Airport Retail Co,Airport,Surat,Gujarat,West,SKU0006,Blush & Co Cleanser A,Blush & Co,Skincare,Cleanser,Top 10,Active,289,18,0,,22,7562,BGR West,23,16,,48
2026-09,OUT0059,Airport Retail Co - Surat 8,Airport Retail Co,Airport,Surat,Gujarat,West,SKU0010,Blush & Co Foundation A,Blush & Co,Makeup,Foundation,Others,Active,1419,12,17,,2,3323,BGR West,8,7,,53
2026-09,OUT0059,Airport Retail Co - Surat 8,Airport Retail Co,Airport,Surat,Gujarat,West,SKU0011,Lumina Foundation B,Lumina,Makeup,Foundation,Top 10,Inactive,1889,88,85,,10,17707,BGR West,9,7,,52
2026-09,OUT0059,Airport Retail Co - Surat 8,Airport Retail Co,Airport,Surat,Gujarat,West,SKU0012,Northline Lipstick A,Northline,Makeup,Lipstick,Others,Active,2429,10,9,,1,2833,BGR West,1,0,,52
2026-09,OUT0059,Airport Retail Co - Surat 8,Airport Retail Co,Airport,Surat,Gujarat,West,SKU0013,Northline Lipstick B,Northline,Makeup,Lipstick,Others,Active,2469,26,27,,0,0,BGR West,1,1,,53
2026-09,OUT0059,Airport Retail Co - Surat 8,Airport Retail Co,Airport,Surat,Gujarat,West,SKU0014,Lumina Lipstick C,Lumina,Makeup,Lipstick,Top 25,Active,1729,39,40,,4,8352,BGR West,5,5,,53
2026-09,OUT0059,Airport Retail Co - Surat 8,Airport Retail Co,Airport,Surat,Gujarat,West,SKU0016,Verde Mascara B,Verde,Makeup,Mascara,Top 25,Active,199,2,6,,3,658,BGR West,7,7,,52
2026-09,OUT0059,Airport Retail Co - Surat 8,Airport Retail Co,Airport,Surat,Gujarat,West,SKU0017,Lumina Mascara C,Lumina,Makeup,Mascara,Top 10,Active,529,28,38,,12,6078,BGR West,24,22,,53
2026-09,OUT0059,Airport Retail Co - Surat 8,Airport Retail Co,Airport,Surat,Gujarat,West,SKU0018,Northline Eyeliner A,Northline,Makeup,Eyeliner,Others,Active,1959,20,25,,0,0,BGR West,5,5,,53
2026-09,OUT0059,Airport Retail Co - Surat 8,Airport Retail Co,Airport,Surat,Gujarat,West,SKU0020,Lumina Shampoo A,Lumina,Haircare,Shampoo,Top 10,Active,509,56,66,,10,4564,BGR West,20,20,,35
2026-09,OUT0059,Airport Retail Co - Surat 8,Airport Retail Co,Airport,Surat,Gujarat,West,SKU0021,Verde Shampoo B,Verde,Haircare,Shampoo,Others,Active,1319,32,32,,2,2569,BGR West,2,2,,32
2026-09,OUT0059,Airport Retail Co - Surat 8,Airport Retail Co,Airport,Surat,Gujarat,West,SKU0023,Northline Conditioner B,Northline,Haircare,Conditioner,Others,Active,379,0,0,,0,0,BGR West,4,3,,36
2026-09,OUT0059,Airport Retail Co - Surat 8,Airport Retail Co,Airport,Surat,Gujarat,West,SKU0027,Lumina EDP B,Lumina,Fragrance,EDP,Top 10,Active,529,4,19,,19,12551,BGR West,34,34,,58
2026-09,OUT0059,Airport Retail Co - Surat 8,Airport Retail Co,Airport,Surat,Gujarat,West,SKU0028,Northline EDT A,Northline,Fragrance,EDT,Top 25,Active,1109,14,20,,14,18960,BGR West,22,20,,54
2026-09,OUT0059,Airport Retail Co - Surat 8,Airport Retail Co,Airport,Surat,Gujarat,West,SKU0029,Blush & Co EDT B,Blush & Co,Fragrance,EDT,Top 25,Active,479,0,0,,6,2598,BGR West,13,10,,53
2026-09,OUT0059,Airport Retail Co - Surat 8,Airport Retail Co,Airport,Surat,Gujarat,West,SKU0030,Blush & Co EDT C,Blush & Co,Fragrance,EDT,Others,Active,779,35,0,,2,1843,BGR West,3,2,,53
2026-09,OUT0059,Airport Retail Co - Surat 8,Airport Retail Co,Airport,Surat,Gujarat,West,SKU0031,Lumina Body Mist A,Lumina,Fragrance,Body Mist,Top 25,Active,2119,25,24,,10,21645,BGR West,11,9,,58
2026-09,OUT0059,Airport Retail Co - Surat 8,Airport Retail Co,Airport,Surat,Gujarat,West,SKU0033,Northline Body Lotion A,Northline,Bath & Body,Body Lotion,Top 10,Active,1239,98,96,,27,38450,BGR West,37,25,,38
2026-09,OUT0059,Airport Retail Co - Surat 8,Airport Retail Co,Airport,Surat,Gujarat,West,SKU0034,Northline Body Lotion B,Northline,Bath & Body,Body Lotion,Top 25,Active,989,121,120,,5,5186,BGR West,4,4,,42
2026-09,OUT0059,Airport Retail Co - Surat 8,Airport Retail Co,Airport,Surat,Gujarat,West,SKU0036,Northline Body Wash B,Northline,Bath & Body,Body Wash,Others,Active,1179,0,2,,0,0,BGR West,2,2,,43
2026-09,OUT0059,Airport Retail Co - Surat 8,Airport Retail Co,Airport,Surat,Gujarat,West,SKU0037,Verde Body Wash C,Verde,Bath & Body,Body Wash,Top 25,Active,2239,6,6,,3,7001,BGR West,5,3,,37
