Month,Outlet Code,Outlet Name,Chain Name,Chain Type,City,State,Region,SKU Code,SKU,Brand,Category,Sub Category,Pareto,Status,MRP,OP Stock,CL Stock,Stock Qty,Tertiary Qty,Target Value,BGR,Order Qty,Filled Qty,Fill Rate %,Margin %,Manpower,Visibility %,Launch Date,Promo %
2026-02,OL1001,HG-NEXUS PUNE 1,Health & Glow,MBO,Pune,Maharashtra,West,SKU40127,Matte Lip Color Coral 4.2Ml,Renee,Makeup,Lipstick,Top 25,Active,499,4,6,,6,2934,BGR West,12,8,,50,1,59,,
2026-02,OL1001,HG-NEXUS PUNE 1,Health & Glow,MBO,Pune,Maharashtra,West,SKU40266,Liquid Lipstick Nude 5Ml,Renee,Makeup,Lipstick,Top 10,Active,799,0,7,,12,9395,BGR West,21,19,,50,1,59,,
2026-02,OL1001,HG-NEXUS PUNE 1,Health & Glow,MBO,Pune,Maharashtra,West,SKU40318,Midnight Eyeliner Hazelnut 2.5Ml,Renee,Makeup,Eyeliner,Others,Active,650,6,8,,2,1274,BGR West,4,4,,50,1,59,,
2026-02,OL1001,HG-NEXUS PUNE 1,Health & Glow,MBO,Pune,Maharashtra,West,SKU40490,Kajal Midnight 0.35Gm,Renee,Makeup,Eyeliner,Top 10,Active,599,19,16,,7,4108,BGR West,7,4,,50,1,59,,
2026-02,OL1001,HG-NEXUS PUNE 1,Health & Glow,MBO,Pune,Maharashtra,West,SKU40544,Bb Cream Peach 30Ml,Renee,Makeup,Foundation,Top 10,Active,599,29,28,,15,8804,BGR West,15,14,,50,1,59,,
2026-02,OL1001,HG-NEXUS PUNE 1,Health & Glow,MBO,Pune,Maharashtra,West,SKU40588,Bb Cream Coral 30Ml,Renee,Makeup,Foundation,Top 10,Active,349,27,29,,18,6155,BGR West,25,20,,50,1,59,,
2026-02,OL1001,HG-NEXUS PUNE 1,Health & Glow,MBO,Pune,Maharashtra,West,SKU40662,Compact Powder Nude 9Gm,Renee,Makeup,Foundation,Top 25,Active,1199,0,1,,1,1175,BGR West,3,2,,50,1,59,,
2026-02,OL1001,HG-NEXUS PUNE 1,Health & Glow,MBO,Pune,Maharashtra,West,SKU40722,Compact Powder Berry 9Gm,Renee,Makeup,Foundation,Top 10,Active,799,18,19,,4,3132,BGR West,9,7,,50,1,59,,
2026-02,OL1001,HG-NEXUS PUNE 1,Health & Glow,MBO,Pune,Maharashtra,West,SKU40836,Blending Brush R4,Renee,Makeup,Brushes,Top 10,Active,1199,44,48,,6,7049,BGR West,11,10,,50,1,59,,
2026-02,OL1001,HG-NEXUS PUNE 1,Health & Glow,MBO,Pune,Maharashtra,West,SKU40850,Powder Brush R8,Renee,Makeup,Brushes,Top 25,Active,650,23,23,,3,1911,BGR West,4,3,,50,1,59,,
2026-02,OL1001,HG-NEXUS PUNE 1,Health & Glow,MBO,Pune,Maharashtra,West,SKU40928,Powder Brush R4,Renee,Makeup,Brushes,Top 25,Active,650,2,5,,3,1911,BGR West,6,6,,50,1,59,,
2026-02,OL1001,HG-NEXUS PUNE 1,Health & Glow,MBO,Pune,Maharashtra,West,SKU40951,Sunscreen Gel Spf 50 70Ml,Renee,Skincare,Sunscreen,Top 25,Active,999,6,7,,3,2937,BGR West,5,4,,45,1,59,,
2026-02,OL1001,HG-NEXUS PUNE 1,Health & Glow,MBO,Pune,Maharashtra,West,SKU40972,Sunscreen Gel Spf 50 70Ml,Renee,Skincare,Sunscreen,Top 25,Active,599,15,0,,5,2935,BGR West,8,8,,45,1,59,,
2026-02,OL1001,HG-NEXUS PUNE 1,Health & Glow,MBO,Pune,Maharashtra,West,SKU40979,Sunscreen Gel Spf 50 50Ml,Renee,Skincare,Sunscreen,Top 25,Active,799,9,35,,4,3132,BGR West,5,3,,45,1,59,,
2026-02,OL1001,HG-NEXUS PUNE 1,Health & Glow,MBO,Pune,Maharashtra,West,SKU41048,Face Wash Ocean 20Ml,Renee,Skincare,Cleanser,Others,Active,349,19,22,,4,1368,BGR West,7,7,,45,1,59,,
2026-02,OL1001,HG-NEXUS PUNE 1,Health & Glow,MBO,Pune,Maharashtra,West,SKU41129,Face Wash Vanilla 40Ml,Renee,Skincare,Cleanser,Others,Active,299,8,0,,2,586,BGR West,3,2,,45,1,59,,
2026-02,OL1001,HG-NEXUS PUNE 1,Health & Glow,MBO,Pune,Maharashtra,West,SKU41382,Perfume Peach 50Ml,Renee,Fragrance,EDP,Top 25,Active,499,13,13,,5,2445,BGR West,5,5,,55,1,59,2025-08,
2026-02,OL1001,HG-NEXUS PUNE 1,Health & Glow,MBO,Pune,Maharashtra,West,SKU41420,Body Mist Coral 100Ml,Renee,Fragrance,Body Mist,Top 25,Active,399,8,8,,4,1564,BGR West,5,4,,55,1,59,,
2026-02,OL1001,HG-NEXUS PUNE 1,Health & Glow,MBO,Pune,Maharashtra,West,SKU41476,Body Mist Mocha 100Ml,Renee,Fragrance,Body Mist,Top 10,Active,799,0,2,,8,6263,BGR West,13,10,,55,1,59,,
2026-02,OL1001,HG-NEXUS PUNE 1,Health & Glow,MBO,Pune,Maharashtra,West,SKU41536,Body Mist Nude 100Ml,Renee,Fragrance,Body Mist,Top 25,Active,349,27,0,,9,3078,BGR West,19,15,,55,1,59,,
2026-02,OL1002,HG-PHOENIX SURAT 2,Health & Glow,MBO,Surat,Gujarat,West,SKU40078,Matte Lip Color Rose 4.2Ml,Renee,Makeup,Lipstick,Top 25,Active,650,11,15,,4,3026,BGR West,9,8,,50,2,48,,
2026-02,OL1002,HG-PHOENIX SURAT 2,Health & Glow,MBO,Surat,Gujarat,West,SKU40108,Matte Lip Color Peach 4.2Ml,Renee,Makeup,Lipstick,Top 10,Active,650,0,1,,3,2269,BGR West,5,4,,50,2,48,,
2026-02,OL1002,HG-PHOENIX SURAT 2,Health & Glow,MBO,Surat,Gujarat,West,SKU40127,Matte Lip Color Coral 4.2Ml,Renee,Makeup,Lipstick,Top 25,Active,499,3,5,,0,0,BGR West,4,4,,50,2,48,,
2026-02,OL1002,HG-PHOENIX SURAT 2,Health & Glow,MBO,Surat,Gujarat,West,SKU40266,Liquid Lipstick Nude 5Ml,Renee,Makeup,Lipstick,Top 10,Active,799,3,1,,6,5579,BGR West,6,4,,50,2,48,,
2026-02,OL1002,HG-PHOENIX SURAT 2,Health & Glow,MBO,Surat,Gujarat,West,SKU40281,Midnight Eyeliner Berry 2.5Ml,Renee,Makeup,Eyeliner,Others,Active,299,7,7,,3,1044,BGR West,4,3,,50,2,48,,
2026-02,OL1002,HG-PHOENIX SURAT 2,Health & Glow,MBO,Surat,Gujarat,West,SKU40318,Midnight Eyeliner Hazelnut 2.5Ml,Renee,Makeup,Eyeliner,Others,Active,650,4,5,,4,3026,BGR West,8,5,,50,2,48,,
2026-02,OL1002,HG-PHOENIX SURAT 2,Health & Glow,MBO,Surat,Gujarat,West,SKU40381,Midnight Eyeliner Ocean 2.5Ml,Renee,Makeup,Eyeliner,Top 25,Active,699,7,8,,3,2440,BGR West,7,4,,50,2,48,,
2026-02,OL1002,HG-PHOENIX SURAT 2,Health & Glow,MBO,Surat,Gujarat,West,SKU40425,Kajal Vanilla 0.35Gm,Renee,Makeup,Eyeliner,Top 25,Active,299,21,11,,2,696,BGR West,3,2,,50,2,48,,
2026-02,OL1002,HG-PHOENIX SURAT 2,Health & Glow,MBO,Surat,Gujarat,West,SKU40490,Kajal Midnight 0.35Gm,Renee,Makeup,Eyeliner,Top 10,Active,599,2,4,,4,2788,BGR West,6,6,,50,2,48,,
2026-02,OL1002,HG-PHOENIX SURAT 2,Health & Glow,MBO,Surat,Gujarat,West,SKU40544,Bb Cream Peach 30Ml,Renee,Makeup,Foundation,Top 10,Active,599,8,9,,4,2788,BGR West,5,5,,50,2,48,,
2026-02,OL1002,HG-PHOENIX SURAT 2,Health & Glow,MBO,Surat,Gujarat,West,SKU40722,Compact Powder Berry 9Gm,Renee,Makeup,Foundation,Top 10,Active,799,3,7,,2,1860,BGR West,6,6,,50,2,48,,
2026-02,OL1002,HG-PHOENIX SURAT 2,Health & Glow,MBO,Surat,Gujarat,West,SKU40812,Blending Brush R1,Renee,Makeup,Brushes,Top 10,Active,599,11,16,,4,2788,BGR West,9,9,,50,2,48,2025-09,
2026-02,OL1002,HG-PHOENIX SURAT 2,Health & Glow,MBO,Surat,Gujarat,West,SKU40836,Blending Brush R4,Renee,Makeup,Brushes,Top 10,Active,1199,2,2,,4,5581,BGR West,6,4,,50,2,48,,
2026-02,OL1002,HG-PHOENIX SURAT 2,Health & Glow,MBO,Surat,Gujarat,West,SKU40850,Powder Brush R8,Renee,Makeup,Brushes,Top 25,Active,650,11,12,,4,3026,BGR West,7,5,,50,2,48,,
2026-02,OL1002,HG-PHOENIX SURAT 2,Health & Glow,MBO,Surat,Gujarat,West,SKU40951,Sunscreen Gel Spf 50 70Ml,Renee,Skincare,Sunscreen,Top 25,Active,999,10,13,,2,2325,BGR West,5,5,,45,2,48,,
2026-02,OL1002,HG-PHOENIX SURAT 2,Health & Glow,MBO,Surat,Gujarat,West,SKU40972,Sunscreen Gel Spf 50 70Ml,Renee,Skincare,Sunscreen,Top 25,Active,599,9,12,,1,697,BGR West,4,4,,45,2,48,,
2026-02,OL1002,HG-PHOENIX SURAT 2,Health & Glow,MBO,Surat,Gujarat,West,SKU41024,Vitamin C Serum 30Ml,Renee,Skincare,Serum,Others,Active,449,8,7,,2,1045,BGR West,2,1,,45,2,48,,
2026-02,OL1002,HG-PHOENIX SURAT 2,Health & Glow,MBO,Surat,Gujarat,West,SKU41032,Face Wash Hazelnut 60Ml,Renee,Skincare,Cleanser,Others,Active,499,12,12,,1,581,BGR West,2,1,,45,2,48,,
2026-02,OL1002,HG-PHOENIX SURAT 2,Health & Glow,MBO,Surat,Gujarat,West,SKU41048,Face Wash Ocean 20Ml,Renee,Skincare,Cleanser,Others,Active,349,0,4,,3,1218,BGR West,9,8,,45,2,48,,
2026-02,OL1002,HG-PHOENIX SURAT 2,Health & Glow,MBO,Surat,Gujarat,West,SKU41129,Face Wash Vanilla 40Ml,Renee,Skincare,Cleanser,Others,Active,299,19,19,,2,696,BGR West,4,3,,45,2,48,,
2026-02,OL1002,HG-PHOENIX SURAT 2,Health & Glow,MBO,Surat,Gujarat,West,SKU41295,Perfume Rose 50Ml,Renee,Fragrance,EDP,Top 25,Active,599,24,25,,3,2091,BGR West,6,4,,55,2,48,,
2026-02,OL1002,HG-PHOENIX SURAT 2,Health & Glow,MBO,Surat,Gujarat,West,SKU41647,Hair Oil Hazelnut 100Ml,Renee,Haircare,Hair Oil,Others,Active,799,7,8,,1,930,BGR West,3,2,,35,2,48,,
2026-02,OL1003,HG-FORUM JAIPUR 3,Health & Glow,MBO,Jaipur,Rajasthan,North,SKU40078,Matte Lip Color Rose 4.2Ml,Renee,Makeup,Lipstick,Top 25,Active,650,26,28,,2,1482,BGR North,3,3,,50,4,94,,
2026-02,OL1003,HG-FORUM JAIPUR 3,Health & Glow,MBO,Jaipur,Rajasthan,North,SKU40108,Matte Lip Color Peach 4.2Ml,Renee,Makeup,Lipstick,Top 10,Active,650,16,16,,2,1482,BGR North,3,2,,50,4,94,,
2026-02,OL1003,HG-FORUM JAIPUR 3,Health & Glow,MBO,Jaipur,Rajasthan,North,SKU40381,Midnight Eyeliner Ocean 2.5Ml,Renee,Makeup,Eyeliner,Top 25,Active,699,1,0,,4,3187,BGR North,3,2,,50,4,94,,
2026-02,OL1003,HG-FORUM JAIPUR 3,Health & Glow,MBO,Jaipur,Rajasthan,North,SKU40544,Bb Cream Peach 30Ml,Renee,Makeup,Foundation,Top 10,Active,599,14,18,,3,2048,BGR North,8,8,,50,4,94,,
2026-02,OL1003,HG-FORUM JAIPUR 3,Health & Glow,MBO,Jaipur,Rajasthan,North,SKU40588,Bb Cream Coral 30Ml,Renee,Makeup,Foundation,Top 10,Active,349,21,24,,3,1193,BGR North,7,6,,50,4,94,,
2026-02,OL1003,HG-FORUM JAIPUR 3,Health & Glow,MBO,Jaipur,Rajasthan,North,SKU40595,Compact Powder Mocha 9Gm,Renee,Makeup,Foundation,Top 10,Active,449,27,29,,1,512,BGR North,6,5,,50,4,94,,
2026-02,OL1003,HG-FORUM JAIPUR 3,Health & Glow,MBO,Jaipur,Rajasthan,North,SKU40722,Compact Powder Berry 9Gm,Renee,Makeup,Foundation,Top 10,Active,799,5,6,,2,1821,BGR North,5,4,,50,4,94,,
2026-02,OL1003,HG-FORUM JAIPUR 3,Health & Glow,MBO,Jaipur,Rajasthan,North,SKU40836,Blending Brush R4,Renee,Makeup,Brushes,Top 10,Active,1199,22,22,,3,4100,BGR North,4,3,,50,4,94,,
2026-02,OL1003,HG-FORUM JAIPUR 3,Health & Glow,MBO,Jaipur,Rajasthan,North,SKU40850,Powder Brush R8,Renee,Makeup,Brushes,Top 25,Active,650,18,20,,2,1482,BGR North,5,4,,50,4,94,,
2026-02,OL1003,HG-FORUM JAIPUR 3,Health & Glow,MBO,Jaipur,Rajasthan,North,SKU40928,Powder Brush R4,Renee,Makeup,Brushes,Top 25,Active,650,14,0,,1,741,BGR North,4,3,,50,4,94,,
2026-02,OL1003,HG-FORUM JAIPUR 3,Health & Glow,MBO,Jaipur,Rajasthan,North,SKU40972,Sunscreen Gel Spf 50 70Ml,Renee,Skincare,Sunscreen,Top 25,Active,599,3,3,,2,1366,BGR North,5,3,,45,4,94,,
2026-02,OL1003,HG-FORUM JAIPUR 3,Health & Glow,MBO,Jaipur,Rajasthan,North,SKU40979,Sunscreen Gel Spf 50 50Ml,Renee,Skincare,Sunscreen,Top 25,Active,799,4,5,,1,911,BGR North,3,2,,45,4,94,,
2026-02,OL1003,HG-FORUM JAIPUR 3,Health & Glow,MBO,Jaipur,Rajasthan,North,SKU41129,Face Wash Vanilla 40Ml,Renee,Skincare,Cleanser,Others,Active,299,0,3,,3,1022,BGR North,6,6,,45,4,94,,
2026-02,OL1003,HG-FORUM JAIPUR 3,Health & Glow,MBO,Jaipur,Rajasthan,North,SKU41295,Perfume Rose 50Ml,Renee,Fragrance,EDP,Top 25,Active,599,32,34,,2,1366,BGR North,4,4,,55,4,94,,
2026-02,OL1003,HG-FORUM JAIPUR 3,Health & Glow,MBO,Jaipur,Rajasthan,North,SKU41382,Perfume Peach 50Ml,Renee,Fragrance,EDP,Top 25,Active,499,4,6,,3,1706,BGR North,5,5,,55,4,94,2025-08,
2026-02,OL1003,HG-FORUM JAIPUR 3,Health & Glow,MBO,Jaipur,Rajasthan,North,SKU41420,Body Mist Coral 100Ml,Renee,Fragrance,Body Mist,Top 25,Active,399,14,12,,3,1364,BGR North,3,2,,55,4,94,,
2026-02,OL1003,HG-FORUM JAIPUR 3,Health & Glow,MBO,Jaipur,Rajasthan,North,SKU41476,Body Mist Mocha 100Ml,Renee,Fragrance,Body Mist,Top 10,Active,799,19,19,,2,1821,BGR North,2,2,,55,4,94,,
2026-02,OL1003,HG-FORUM JAIPUR 3,Health & Glow,MBO,Jaipur,Rajasthan,North,SKU41536,Body Mist Nude 100Ml,Renee,Fragrance,Body Mist,Top 25,Active,349,11,11,,3,1193,BGR North,4,3,,55,4,94,,
2026-02,OL1004,HG-PHOENIX PUNE 4,Health & Glow,MBO,Pune,Maharashtra,West,SKU40108,Matte Lip Color Peach 4.2Ml,Renee,Makeup,Lipstick,Top 10,Active,650,15,19,,12,8475,BGR West,16,16,,50,3,80,,
2026-02,OL1004,HG-PHOENIX PUNE 4,Health & Glow,MBO,Pune,Maharashtra,West,SKU40127,Matte Lip Color Coral 4.2Ml,Renee,Makeup,Lipstick,Top 25,Active,499,36,38,,14,7590,BGR West,21,16,,50,3,80,,
2026-02,OL1004,HG-PHOENIX PUNE 4,Health & Glow,MBO,Pune,Maharashtra,West,SKU40202,Liquid Lipstick Mocha 5Ml,Renee,Makeup,Lipstick,Top 25,Active,799,0,1,,2,1736,BGR West,3,3,,50,3,80,2025-11,
2026-02,OL1004,HG-PHOENIX PUNE 4,Health & Glow,MBO,Pune,Maharashtra,West,SKU40281,Midnight Eyeliner Berry 2.5Ml,Renee,Makeup,Eyeliner,Others,Active,299,0,5,,8,2599,BGR West,13,13,,50,3,80,,
2026-02,OL1004,HG-PHOENIX PUNE 4,Health & Glow,MBO,Pune,Maharashtra,West,SKU40425,Kajal Vanilla 0.35Gm,Renee,Makeup,Eyeliner,Top 25,Active,299,26,28,,16,5198,BGR West,18,18,,50,3,80,,
2026-02,OL1004,HG-PHOENIX PUNE 4,Health & Glow,MBO,Pune,Maharashtra,West,SKU40544,Bb Cream Peach 30Ml,Renee,Makeup,Foundation,Top 10,Active,599,18,19,,11,7159,BGR West,13,12,,50,3,80,,
2026-02,OL1004,HG-PHOENIX PUNE 4,Health & Glow,MBO,Pune,Maharashtra,West,SKU40588,Bb Cream Coral 30Ml,Renee,Makeup,Foundation,Top 10,Active,349,0,1,,16,6067,BGR West,19,17,,50,3,80,,
2026-02,OL1004,HG-PHOENIX PUNE 4,Health & Glow,MBO,Pune,Maharashtra,West,SKU40595,Compact Powder Mocha 9Gm,Renee,Makeup,Foundation,Top 10,Active,449,0,0,,16,7805,BGR West,22,19,,50,3,80,,
2026-02,OL1004,HG-PHOENIX PUNE 4,Health & Glow,MBO,Pune,Maharashtra,West,SKU40722,Compact Powder Berry 9Gm,Renee,Makeup,Foundation,Top 10,Active,799,15,15,,6,5209,BGR West,7,6,,50,3,80,,
2026-02,OL1004,HG-PHOENIX PUNE 4,Health & Glow,MBO,Pune,Maharashtra,West,SKU40763,Blending Brush R6,Renee,Makeup,Brushes,Others,Active,349,34,35,,4,1517,BGR West,5,5,,50,3,80,,
2026-02,OL1004,HG-PHOENIX PUNE 4,Health & Glow,MBO,Pune,Maharashtra,West,SKU40812,Blending Brush R1,Renee,Makeup,Brushes,Top 10,Active,599,0,4,,24,15619,BGR West,30,28,,50,3,80,2025-09,
2026-02,OL1004,HG-PHOENIX PUNE 4,Health & Glow,MBO,Pune,Maharashtra,West,SKU40850,Powder Brush R8,Renee,Makeup,Brushes,Top 25,Active,650,8,10,,8,5650,BGR West,10,10,,50,3,80,,
2026-02,OL1004,HG-PHOENIX PUNE 4,Health & Glow,MBO,Pune,Maharashtra,West,SKU40928,Powder Brush R4,Renee,Makeup,Brushes,Top 25,Active,650,43,42,,4,2825,BGR West,3,3,,50,3,80,,
2026-02,OL1004,HG-PHOENIX PUNE 4,Health & Glow,MBO,Pune,Maharashtra,West,SKU41032,Face Wash Hazelnut 60Ml,Renee,Skincare,Cleanser,Others,Active,499,0,1,,1,542,BGR West,3,2,,45,3,80,,
2026-02,OL1004,HG-PHOENIX PUNE 4,Health & Glow,MBO,Pune,Maharashtra,West,SKU41129,Face Wash Vanilla 40Ml,Renee,Skincare,Cleanser,Others,Active,299,8,10,,4,1299,BGR West,7,6,,45,3,80,,
2026-02,OL1004,HG-PHOENIX PUNE 4,Health & Glow,MBO,Pune,Maharashtra,West,SKU41215,Perfume Midnight 50Ml,Renee,Fragrance,EDP,Others,Active,399,7,9,,2,867,BGR West,6,5,,55,3,80,,
2026-02,OL1004,HG-PHOENIX PUNE 4,Health & Glow,MBO,Pune,Maharashtra,West,SKU41295,Perfume Rose 50Ml,Renee,Fragrance,EDP,Top 25,Active,599,32,32,,9,5857,BGR West,13,9,,55,3,80,,
2026-02,OL1004,HG-PHOENIX PUNE 4,Health & Glow,MBO,Pune,Maharashtra,West,SKU41420,Body Mist Coral 100Ml,Renee,Fragrance,Body Mist,Top 25,Active,399,20,20,,4,1734,BGR West,5,4,,55,3,80,,
2026-02,OL1004,HG-PHOENIX PUNE 4,Health & Glow,MBO,Pune,Maharashtra,West,SKU41647,Hair Oil Hazelnut 100Ml,Renee,Haircare,Hair Oil,Others,Active,799,24,29,,3,2604,BGR West,9,9,,35,3,80,,
2026-02,OL1005,HG-CITY CENTRE CHENNAI 5,Health & Glow,MBO,Chennai,Tamil Nadu,South,SKU40108,Matte Lip Color Peach 4.2Ml,Renee,Makeup,Lipstick,Top 10,Active,650,8,9,,4,2683,BGR South,8,5,,50,3,51.8,,
2026-02,OL1005,HG-CITY CENTRE CHENNAI 5,Health & Glow,MBO,Chennai,Tamil Nadu,South,SKU40127,Matte Lip Color Coral 4.2Ml,Renee,Makeup,Lipstick,Top 25,Active,499,29,33,,6,3090,BGR South,14,12,,50,3,51.8,,
2026-02,OL1005,HG-CITY CENTRE CHENNAI 5,Health & Glow,MBO,Chennai,Tamil Nadu,South,SKU40202,Liquid Lipstick Mocha 5Ml,Renee,Makeup,Lipstick,Top 25,Active,799,15,14,,4,3299,BGR South,4,3,,50,3,51.8,2025-11,
2026-02,OL1005,HG-CITY CENTRE CHENNAI 5,Health & Glow,MBO,Chennai,Tamil Nadu,South,SKU40281,Midnight Eyeliner Berry 2.5Ml,Renee,Makeup,Eyeliner,Others,Active,299,4,0,,4,1234,BGR South,10,9,,50,3,51.8,,
2026-02,OL1005,HG-CITY CENTRE CHENNAI 5,Health & Glow,MBO,Chennai,Tamil Nadu,South,SKU40490,Kajal Midnight 0.35Gm,Renee,Makeup,Eyeliner,Top 10,Active,599,8,12,,4,2473,BGR South,11,10,,50,3,51.8,,
2026-02,OL1005,HG-CITY CENTRE CHENNAI 5,Health & Glow,MBO,Chennai,Tamil Nadu,South,SKU40544,Bb Cream Peach 30Ml,Renee,Makeup,Foundation,Top 10,Active,599,0,3,,6,3709,BGR South,10,9,,50,3,51.8,,
2026-02,OL1005,HG-CITY CENTRE CHENNAI 5,Health & Glow,MBO,Chennai,Tamil Nadu,South,SKU40588,Bb Cream Coral 30Ml,Renee,Makeup,Foundation,Top 10,Active,349,36,33,,8,2882,BGR South,6,5,,50,3,51.8,,
2026-02,OL1005,HG-CITY CENTRE CHENNAI 5,Health & Glow,MBO,Chennai,Tamil Nadu,South,SKU40595,Compact Powder Mocha 9Gm,Renee,Makeup,Foundation,Top 10,Active,449,32,30,,14,6488,BGR South,16,12,,50,3,51.8,,
2026-02,OL1005,HG-CITY CENTRE CHENNAI 5,Health & Glow,MBO,Chennai,Tamil Nadu,South,SKU40662,Compact Powder Nude 9Gm,Renee,Makeup,Foundation,Top 25,Active,1199,20,19,,1,1237,BGR South,1,0,,50,3,51.8,,
2026-02,OL1005,HG-CITY CENTRE CHENNAI 5,Health & Glow,MBO,Chennai,Tamil Nadu,South,SKU40763,Blending Brush R6,Renee,Makeup,Brushes,Others,Active,349,13,14,,3,1081,BGR South,4,4,,50,3,51.8,,
2026-02,OL1005,HG-CITY CENTRE CHENNAI 5,Health & Glow,MBO,Chennai,Tamil Nadu,South,SKU40812,Blending Brush R1,Renee,Makeup,Brushes,Top 10,Active,599,12,20,,8,4946,BGR South,18,16,,50,3,51.8,2025-09,
2026-02,OL1005,HG-CITY CENTRE CHENNAI 5,Health & Glow,MBO,Chennai,Tamil Nadu,South,SKU40836,Blending Brush R4,Renee,Makeup,Brushes,Top 10,Active,1199,42,44,,8,9900,BGR South,11,10,,50,3,51.8,,
2026-02,OL1005,HG-CITY CENTRE CHENNAI 5,Health & Glow,MBO,Chennai,Tamil Nadu,South,SKU40850,Powder Brush R8,Renee,Makeup,Brushes,Top 25,Active,650,1,1,,4,2683,BGR South,5,4,,50,3,51.8,,
2026-02,OL1005,HG-CITY CENTRE CHENNAI 5,Health & Glow,MBO,Chennai,Tamil Nadu,South,SKU40928,Powder Brush R4,Renee,Makeup,Brushes,Top 25,Active,650,0,0,,3,2013,BGR South,4,2,,50,3,51.8,,
2026-02,OL1005,HG-CITY CENTRE CHENNAI 5,Health & Glow,MBO,Chennai,Tamil Nadu,South,SKU40951,Sunscreen Gel Spf 50 70Ml,Renee,Skincare,Sunscreen,Top 25,Active,999,5,8,,4,4124,BGR South,7,7,,45,3,51.8,,
2026-02,OL1005,HG-CITY CENTRE CHENNAI 5,Health & Glow,MBO,Chennai,Tamil Nadu,South,SKU40972,Sunscreen Gel Spf 50 70Ml,Renee,Skincare,Sunscreen,Top 25,Active,599,17,52,,6,3709,BGR South,10,8,,45,3,51.8,,
2026-02,OL1005,HG-CITY CENTRE CHENNAI 5,Health & Glow,MBO,Chennai,Tamil Nadu,South,SKU40979,Sunscreen Gel Spf 50 50Ml,Renee,Skincare,Sunscreen,Top 25,Active,799,0,0,,3,2474,BGR South,5,3,,45,3,51.8,,
2026-02,OL1005,HG-CITY CENTRE CHENNAI 5,Health & Glow,MBO,Chennai,Tamil Nadu,South,SKU41032,Face Wash Hazelnut 60Ml,Renee,Skincare,Cleanser,Others,Active,499,4,7,,1,515,BGR South,4,4,,45,3,51.8,,
2026-02,OL1005,HG-CITY CENTRE CHENNAI 5,Health & Glow,MBO,Chennai,Tamil Nadu,South,SKU41048,Face Wash Ocean 20Ml,Renee,Skincare,Cleanser,Others,Active,349,27,28,,3,1081,BGR South,6,5,,45,3,51.8,,
2026-02,OL1005,HG-CITY CENTRE CHENNAI 5,Health & Glow,MBO,Chennai,Tamil Nadu,South,SKU41129,Face Wash Vanilla 40Ml,Renee,Skincare,Cleanser,Others,Active,299,13,15,,2,617,BGR South,4,4,,45,3,51.8,,
2026-02,OL1005,HG-CITY CENTRE CHENNAI 5,Health & Glow,MBO,Chennai,Tamil Nadu,South,SKU41476,Body Mist Mocha 100Ml,Renee,Fragrance,Body Mist,Top 10,Active,799,4,6,,1,825,BGR South,5,5,,55,3,51.8,,
2026-02,OL1005,HG-CITY CENTRE CHENNAI 5,Health & Glow,MBO,Chennai,Tamil Nadu,South,SKU41608,Hair Oil Berry 100Ml,Renee,Haircare,Hair Oil,Others,Active,449,10,10,,4,1854,BGR South,4,4,,35,3,51.8,,
2026-02,OL1005,HG-CITY CENTRE CHENNAI 5,Health & Glow,MBO,Chennai,Tamil Nadu,South,SKU41647,Hair Oil Hazelnut 100Ml,Renee,Haircare,Hair Oil,Others,Active,799,0,5,,3,2474,BGR South,8,8,,35,3,51.8,,
2026-02,OL1006,HG-INORBIT GUWAHATI 6,Health & Glow,MBO,Guwahati,Assam,East,SKU40108,Matte Lip Color Peach 4.2Ml,Renee,Makeup,Lipstick,Top 10,Active,650,38,39,,9,5867,BGR East,11,10,,50,2,84.7,,
2026-02,OL1006,HG-INORBIT GUWAHATI 6,Health & Glow,MBO,Guwahati,Assam,East,SKU40202,Liquid Lipstick Mocha 5Ml,Renee,Makeup,Lipstick,Top 25,Active,799,15,18,,4,3205,BGR East,8,7,,50,2,84.7,2025-11,
2026-02,OL1006,HG-INORBIT GUWAHATI 6,Health & Glow,MBO,Guwahati,Assam,East,SKU40266,Liquid Lipstick Nude 5Ml,Renee,Makeup,Lipstick,Top 10,Active,799,36,34,,18,14425,BGR East,17,16,,50,2,84.7,,
2026-02,OL1006,HG-INORBIT GUWAHATI 6,Health & Glow,MBO,Guwahati,Assam,East,SKU40281,Midnight Eyeliner Berry 2.5Ml,Renee,Makeup,Eyeliner,Others,Active,299,1,1,,8,2399,BGR East,12,8,,50,2,84.7,,
2026-02,OL1006,HG-INORBIT GUWAHATI 6,Health & Glow,MBO,Guwahati,Assam,East,SKU40425,Kajal Vanilla 0.35Gm,Renee,Makeup,Eyeliner,Top 25,Active,299,20,27,,10,2999,BGR East,17,17,,50,2,84.7,,
2026-02,OL1006,HG-INORBIT GUWAHATI 6,Health & Glow,MBO,Guwahati,Assam,East,SKU40588,Bb Cream Coral 30Ml,Renee,Makeup,Foundation,Top 10,Active,349,120,135,,18,6301,BGR East,35,33,,50,2,84.7,,
2026-02,OL1006,HG-INORBIT GUWAHATI 6,Health & Glow,MBO,Guwahati,Assam,East,SKU40662,Compact Powder Nude 9Gm,Renee,Makeup,Foundation,Top 25,Active,1199,13,12,,1,1203,BGR East,1,0,,50,2,84.7,,
2026-02,OL1006,HG-INORBIT GUWAHATI 6,Health & Glow,MBO,Guwahati,Assam,East,SKU40763,Blending Brush R6,Renee,Makeup,Brushes,Others,Active,349,2,3,,3,1050,BGR East,6,4,,50,2,84.7,,
2026-02,OL1006,HG-INORBIT GUWAHATI 6,Health & Glow,MBO,Guwahati,Assam,East,SKU40850,Powder Brush R8,Renee,Makeup,Brushes,Top 25,Active,650,4,5,,8,5215,BGR East,10,9,,50,2,84.7,,
2026-02,OL1006,HG-INORBIT GUWAHATI 6,Health & Glow,MBO,Guwahati,Assam,East,SKU40928,Powder Brush R4,Renee,Makeup,Brushes,Top 25,Active,650,16,18,,5,3260,BGR East,10,7,,50,2,84.7,,
2026-02,OL1006,HG-INORBIT GUWAHATI 6,Health & Glow,MBO,Guwahati,Assam,East,SKU40972,Sunscreen Gel Spf 50 70Ml,Renee,Skincare,Sunscreen,Top 25,Active,599,0,1,,6,3605,BGR East,7,7,,45,2,84.7,,
2026-02,OL1006,HG-INORBIT GUWAHATI 6,Health & Glow,MBO,Guwahati,Assam,East,SKU40979,Sunscreen Gel Spf 50 50Ml,Renee,Skincare,Sunscreen,Top 25,Active,799,16,16,,2,1603,BGR East,3,2,,45,2,84.7,,
2026-02,OL1006,HG-INORBIT GUWAHATI 6,Health & Glow,MBO,Guwahati,Assam,East,SKU41024,Vitamin C Serum 30Ml,Renee,Skincare,Serum,Others,Active,449,0,2,,4,1801,BGR East,7,6,,45,2,84.7,,
2026-02,OL1006,HG-INORBIT GUWAHATI 6,Health & Glow,MBO,Guwahati,Assam,East,SKU41032,Face Wash Hazelnut 60Ml,Renee,Skincare,Cleanser,Others,Active,499,0,27,,4,2002,BGR East,8,5,,45,2,84.7,,
2026-02,OL1006,HG-INORBIT GUWAHATI 6,Health & Glow,MBO,Guwahati,Assam,East,SKU41215,Perfume Midnight 50Ml,Renee,Fragrance,EDP,Others,Active,399,6,7,,3,1201,BGR East,6,4,,55,2,84.7,,
2026-02,OL1006,HG-INORBIT GUWAHATI 6,Health & Glow,MBO,Guwahati,Assam,East,SKU41295,Perfume Rose 50Ml,Renee,Fragrance,EDP,Top 25,Active,599,79,84,,7,4205,BGR East,12,12,,55,2,84.7,,
2026-02,OL1006,HG-INORBIT GUWAHATI 6,Health & Glow,MBO,Guwahati,Assam,East,SKU41382,Perfume Peach 50Ml,Renee,Fragrance,EDP,Top 25,Active,499,10,18,,4,2002,BGR East,16,16,,55,2,84.7,2025-08,
2026-02,OL1006,HG-INORBIT GUWAHATI 6,Health & Glow,MBO,Guwahati,Assam,East,SKU41476,Body Mist Mocha 100Ml,Renee,Fragrance,Body Mist,Top 10,Active,799,126,129,,15,12021,BGR East,19,18,,55,2,84.7,,
2026-02,OL1006,HG-INORBIT GUWAHATI 6,Health & Glow,MBO,Guwahati,Assam,East,SKU41608,Hair Oil Berry 100Ml,Renee,Haircare,Hair Oil,Others,Active,449,0,0,,1,450,BGR East,2,1,,35,2,84.7,,
2026-02,OL1006,HG-INORBIT GUWAHATI 6,Health & Glow,MBO,Guwahati,Assam,East,SKU41647,Hair Oil Hazelnut 100Ml,Renee,Haircare,Hair Oil,Others,Active,799,6,0,,1,801,BGR East,1,0,,35,2,84.7,,
2026-02,OL1007,HG-NEXUS JAIPUR 7,Health & Glow,MBO,Jaipur,Rajasthan,North,SKU40078,Matte Lip Color Rose 4.2Ml,Renee,Makeup,Lipstick,Top 25,Active,650,19,21,,4,3026,BGR North,7,6,,50,4,92.2,,
2026-02,OL1007,HG-NEXUS JAIPUR 7,Health & Glow,MBO,Jaipur,Rajasthan,North,SKU40108,Matte Lip Color Peach 4.2Ml,Renee,Makeup,Lipstick,Top 10,Active,650,13,21,,12,9078,BGR North,22,20,,50,4,92.2,,
2026-02,OL1007,HG-NEXUS JAIPUR 7,Health & Glow,MBO,Jaipur,Rajasthan,North,SKU40202,Liquid Lipstick Mocha 5Ml,Renee,Makeup,Lipstick,Top 25,Active,799,6,7,,3,2790,BGR North,4,3,,50,4,92.2,2025-11,
2026-02,OL1007,HG-NEXUS JAIPUR 7,Health & Glow,MBO,Jaipur,Rajasthan,North,SKU40266,Liquid Lipstick Nude 5Ml,Renee,Makeup,Lipstick,Top 10,Active,799,75,0,,17,15809,BGR North,15,12,,50,4,92.2,,
2026-02,OL1007,HG-NEXUS JAIPUR 7,Health & Glow,MBO,Jaipur,Rajasthan,North,SKU40425,Kajal Vanilla 0.35Gm,Renee,Makeup,Eyeliner,Top 25,Active,299,100,0,,12,4176,BGR North,22,22,,50,4,92.2,,
2026-02,OL1007,HG-NEXUS JAIPUR 7,Health & Glow,MBO,Jaipur,Rajasthan,North,SKU40490,Kajal Midnight 0.35Gm,Renee,Makeup,Eyeliner,Top 10,Active,599,12,41,,8,5577,BGR North,14,12,,50,4,92.2,,
2026-02,OL1007,HG-NEXUS JAIPUR 7,Health & Glow,MBO,Jaipur,Rajasthan,North,SKU40544,Bb Cream Peach 30Ml,Renee,Makeup,Foundation,Top 10,Active,599,18,22,,12,8366,BGR North,16,16,,50,4,92.2,,
2026-02,OL1007,HG-NEXUS JAIPUR 7,Health & Glow,MBO,Jaipur,Rajasthan,North,SKU40595,Compact Powder Mocha 9Gm,Renee,Makeup,Foundation,Top 10,Active,449,0,1,,19,9929,BGR North,20,20,,50,4,92.2,,
2026-02,OL1007,HG-NEXUS JAIPUR 7,Health & Glow,MBO,Jaipur,Rajasthan,North,SKU40662,Compact Powder Nude 9Gm,Renee,Makeup,Foundation,Top 25,Active,1199,18,18,,2,2791,BGR North,5,3,,50,4,92.2,,
2026-02,OL1007,HG-NEXUS JAIPUR 7,Health & Glow,MBO,Jaipur,Rajasthan,North,SKU40722,Compact Powder Berry 9Gm,Renee,Makeup,Foundation,Top 10,Active,799,45,52,,8,7439,BGR North,15,15,,50,4,92.2,,
2026-02,OL1007,HG-NEXUS JAIPUR 7,Health & Glow,MBO,Jaipur,Rajasthan,North,SKU40812,Blending Brush R1,Renee,Makeup,Brushes,Top 10,Active,599,28,30,,8,5577,BGR North,15,14,,50,4,92.2,2025-09,
2026-02,OL1007,HG-NEXUS JAIPUR 7,Health & Glow,MBO,Jaipur,Rajasthan,North,SKU40836,Blending Brush R4,Renee,Makeup,Brushes,Top 10,Active,1199,145,156,,16,22328,BGR North,31,27,,50,4,92.2,,
2026-02,OL1007,HG-NEXUS JAIPUR 7,Health & Glow,MBO,Jaipur,Rajasthan,North,SKU40850,Powder Brush R8,Renee,Makeup,Brushes,Top 25,Active,650,48,58,,8,6052,BGR North,18,18,,50,4,92.2,,
2026-02,OL1007,HG-NEXUS JAIPUR 7,Health & Glow,MBO,Jaipur,Rajasthan,North,SKU40951,Sunscreen Gel Spf 50 70Ml,Renee,Skincare,Sunscreen,Top 25,Active,999,7,9,,3,3488,BGR North,6,5,,45,4,92.2,,
2026-02,OL1007,HG-NEXUS JAIPUR 7,Health & Glow,MBO,Jaipur,Rajasthan,North,SKU41024,Vitamin C Serum 30Ml,Renee,Skincare,Serum,Others,Active,449,0,0,,0,0,BGR North,0,0,,45,4,92.2,,
2026-02,OL1007,HG-NEXUS JAIPUR 7,Health & Glow,MBO,Jaipur,Rajasthan,North,SKU41032,Face Wash Hazelnut 60Ml,Renee,Skincare,Cleanser,Others,Active,499,12,12,,3,1742,BGR North,4,3,,45,4,92.2,,
2026-02,OL1007,HG-NEXUS JAIPUR 7,Health & Glow,MBO,Jaipur,Rajasthan,North,SKU41129,Face Wash Vanilla 40Ml,Renee,Skincare,Cleanser,Others,Active,299,28,28,,3,1044,BGR North,3,3,,45,4,92.2,,
2026-02,OL1007,HG-NEXUS JAIPUR 7,Health & Glow,MBO,Jaipur,Rajasthan,North,SKU41215,Perfume Midnight 50Ml,Renee,Fragrance,EDP,Others,Active,399,7,9,,2,929,BGR North,5,4,,55,4,92.2,,
2026-02,OL1007,HG-NEXUS JAIPUR 7,Health & Glow,MBO,Jaipur,Rajasthan,North,SKU41295,Perfume Rose 50Ml,Renee,Fragrance,EDP,Top 25,Active,599,31,34,,6,4183,BGR North,13,12,,55,4,92.2,,
2026-02,OL1007,HG-NEXUS JAIPUR 7,Health & Glow,MBO,Jaipur,Rajasthan,North,SKU41476,Body Mist Mocha 100Ml,Renee,Fragrance,Body Mist,Top 10,Active,799,86,84,,14,13019,BGR North,19,19,,55,4,92.2,,
2026-02,OL1007,HG-NEXUS JAIPUR 7,Health & Glow,MBO,Jaipur,Rajasthan,North,SKU41608,Hair Oil Berry 100Ml,Renee,Haircare,Hair Oil,Others,Active,449,3,3,,2,1045,BGR North,2,2,,35,4,92.2,,
2026-02,OL1007,HG-NEXUS JAIPUR 7,Health & Glow,MBO,Jaipur,Rajasthan,North,SKU41647,Hair Oil Hazelnut 100Ml,Renee,Haircare,Hair Oil,Others,Active,799,10,10,,2,1860,BGR North,3,2,,35,4,92.2,,
2026-02,OL1008,HG-PHOENIX KOCHI 8,Health & Glow,MBO,Kochi,Kerala,South,SKU40108,Matte Lip Color Peach 4.2Ml,Renee,Makeup,Lipstick,Top 10,Active,650,26,28,,4,2739,BGR South,6,6,,50,1,75.4,,
2026-02,OL1008,HG-PHOENIX KOCHI 8,Health & Glow,MBO,Kochi,Kerala,South,SKU40127,Matte Lip Color Coral 4.2Ml,Renee,Makeup,Lipstick,Top 25,Active,499,11,14,,8,4206,BGR South,11,11,,50,1,75.4,,
2026-02,OL1008,HG-PHOENIX KOCHI 8,Health & Glow,MBO,Kochi,Kerala,South,SKU40266,Liquid Lipstick Nude 5Ml,Renee,Makeup,Lipstick,Top 10,Active,799,125,0,,28,23570,BGR South,34,30,,50,1,75.4,,
2026-02,OL1008,HG-PHOENIX KOCHI 8,Health & Glow,MBO,Kochi,Kerala,South,SKU40318,Midnight Eyeliner Hazelnut 2.5Ml,Renee,Makeup,Eyeliner,Others,Active,650,1,4,,2,1370,BGR South,4,4,,50,1,75.4,,
2026-02,OL1008,HG-PHOENIX KOCHI 8,Health & Glow,MBO,Kochi,Kerala,South,SKU40425,Kajal Vanilla 0.35Gm,Renee,Makeup,Eyeliner,Top 25,Active,299,80,82,,10,3150,BGR South,12,12,,50,1,75.4,,
2026-02,OL1008,HG-PHOENIX KOCHI 8,Health & Glow,MBO,Kochi,Kerala,South,SKU40490,Kajal Midnight 0.35Gm,Renee,Makeup,Eyeliner,Top 10,Active,599,7,7,,6,3786,BGR South,9,8,,50,1,75.4,,
2026-02,OL1008,HG-PHOENIX KOCHI 8,Health & Glow,MBO,Kochi,Kerala,South,SKU40595,Compact Powder Mocha 9Gm,Renee,Makeup,Foundation,Top 10,Active,449,33,37,,5,2365,BGR South,10,9,,50,1,75.4,,
2026-02,OL1008,HG-PHOENIX KOCHI 8,Health & Glow,MBO,Kochi,Kerala,South,SKU40662,Compact Powder Nude 9Gm,Renee,Makeup,Foundation,Top 25,Active,1199,10,9,,3,3790,BGR South,4,2,,50,1,75.4,,
2026-02,OL1008,HG-PHOENIX KOCHI 8,Health & Glow,MBO,Kochi,Kerala,South,SKU40763,Blending Brush R6,Renee,Makeup,Brushes,Others,Active,349,28,31,,2,735,BGR South,6,5,,50,1,75.4,,
2026-02,OL1008,HG-PHOENIX KOCHI 8,Health & Glow,MBO,Kochi,Kerala,South,SKU40850,Powder Brush R8,Renee,Makeup,Brushes,Top 25,Active,650,0,0,,7,4794,BGR South,11,7,,50,1,75.4,,
2026-02,OL1008,HG-PHOENIX KOCHI 8,Health & Glow,MBO,Kochi,Kerala,South,SKU40951,Sunscreen Gel Spf 50 70Ml,Renee,Skincare,Sunscreen,Top 25,Active,999,20,24,,2,2105,BGR South,6,6,,45,1,75.4,,
2026-02,OL1008,HG-PHOENIX KOCHI 8,Health & Glow,MBO,Kochi,Kerala,South,SKU41024,Vitamin C Serum 30Ml,Renee,Skincare,Serum,Others,Active,449,0,0,,3,1419,BGR South,8,5,,45,1,75.4,,
2026-02,OL1008,HG-PHOENIX KOCHI 8,Health & Glow,MBO,Kochi,Kerala,South,SKU41032,Face Wash Hazelnut 60Ml,Renee,Skincare,Cleanser,Others,Active,499,7,0,,3,1577,BGR South,6,5,,45,1,75.4,,
2026-02,OL1008,HG-PHOENIX KOCHI 8,Health & Glow,MBO,Kochi,Kerala,South,SKU41048,Face Wash Ocean 20Ml,Renee,Skincare,Cleanser,Others,Active,349,28,28,,4,1471,BGR South,7,4,,45,1,75.4,,
2026-02,OL1008,HG-PHOENIX KOCHI 8,Health & Glow,MBO,Kochi,Kerala,South,SKU41129,Face Wash Vanilla 40Ml,Renee,Skincare,Cleanser,Others,Active,299,25,27,,4,1260,BGR South,8,6,,45,1,75.4,,
2026-02,OL1008,HG-PHOENIX KOCHI 8,Health & Glow,MBO,Kochi,Kerala,South,SKU41420,Body Mist Coral 100Ml,Renee,Fragrance,Body Mist,Top 25,Active,399,28,28,,4,1681,BGR South,5,4,,55,1,75.4,,
2026-02,OL1008,HG-PHOENIX KOCHI 8,Health & Glow,MBO,Kochi,Kerala,South,SKU41476,Body Mist Mocha 100Ml,Renee,Fragrance,Body Mist,Top 10,Active,799,25,25,,8,6734,BGR South,12,8,,55,1,75.4,,
2026-02,OL1008,HG-PHOENIX KOCHI 8,Health & Glow,MBO,Kochi,Kerala,South,SKU41536,Body Mist Nude 100Ml,Renee,Fragrance,Body Mist,Top 25,Active,349,15,16,,8,2941,BGR South,12,9,,55,1,75.4,,
2026-02,OL1008,HG-PHOENIX KOCHI 8,Health & Glow,MBO,Kochi,Kerala,South,SKU41647,Hair Oil Hazelnut 100Ml,Renee,Haircare,Hair Oil,Others,Active,799,22,22,,1,842,BGR South,2,1,,35,1,75.4,,
2026-02,OL1009,HG-SELECT MUMBAI 9,Health & Glow,MBO,Mumbai,Maharashtra,West,SKU40078,Matte Lip Color Rose 4.2Ml,Renee,Makeup,Lipstick,Top 25,Active,650,9,13,,7,4886,BGR West,11,11,,50,4,67,,
2026-02,OL1009,HG-SELECT MUMBAI 9,Health & Glow,MBO,Mumbai,Maharashtra,West,SKU40108,Matte Lip Color Peach 4.2Ml,Renee,Makeup,Lipstick,Top 10,Active,650,24,23,,4,2792,BGR West,3,3,,50,4,67,,
2026-02,OL1009,HG-SELECT MUMBAI 9,Health & Glow,MBO,Mumbai,Maharashtra,West,SKU40202,Liquid Lipstick Mocha 5Ml,Renee,Makeup,Lipstick,Top 25,Active,799,14,14,,1,858,BGR West,2,1,,50,4,67,2025-11,
2026-02,OL1009,HG-SELECT MUMBAI 9,Health & Glow,MBO,Mumbai,Maharashtra,West,SKU40266,Liquid Lipstick Nude 5Ml,Renee,Makeup,Lipstick,Top 10,Active,799,2,5,,20,17160,BGR West,29,23,,50,4,67,,
2026-02,OL1009,HG-SELECT MUMBAI 9,Health & Glow,MBO,Mumbai,Maharashtra,West,SKU40281,Midnight Eyeliner Berry 2.5Ml,Renee,Makeup,Eyeliner,Others,Active,299,19,23,,4,1284,BGR West,8,8,,50,4,67,,
2026-02,OL1009,HG-SELECT MUMBAI 9,Health & Glow,MBO,Mumbai,Maharashtra,West,SKU40381,Midnight Eyeliner Ocean 2.5Ml,Renee,Makeup,Eyeliner,Top 25,Active,699,0,1,,0,0,BGR West,3,2,,50,4,67,,
2026-02,OL1009,HG-SELECT MUMBAI 9,Health & Glow,MBO,Mumbai,Maharashtra,West,SKU40490,Kajal Midnight 0.35Gm,Renee,Makeup,Eyeliner,Top 10,Active,599,44,47,,9,5789,BGR West,16,12,,50,4,67,,
2026-02,OL1009,HG-SELECT MUMBAI 9,Health & Glow,MBO,Mumbai,Maharashtra,West,SKU40588,Bb Cream Coral 30Ml,Renee,Makeup,Foundation,Top 10,Active,349,13,17,,10,3748,BGR West,18,14,,50,4,67,,
2026-02,OL1009,HG-SELECT MUMBAI 9,Health & Glow,MBO,Mumbai,Maharashtra,West,SKU40595,Compact Powder Mocha 9Gm,Renee,Makeup,Foundation,Top 10,Active,449,112,112,,9,4339,BGR West,10,9,,50,4,67,,
2026-02,OL1009,HG-SELECT MUMBAI 9,Health & Glow,MBO,Mumbai,Maharashtra,West,SKU40662,Compact Powder Nude 9Gm,Renee,Makeup,Foundation,Top 25,Active,1199,22,23,,2,2575,BGR West,5,3,,50,4,67,,
2026-02,OL1009,HG-SELECT MUMBAI 9,Health & Glow,MBO,Mumbai,Maharashtra,West,SKU40836,Blending Brush R4,Renee,Makeup,Brushes,Top 10,Active,1199,16,22,,8,10300,BGR West,15,14,,50,4,67,,
2026-02,OL1009,HG-SELECT MUMBAI 9,Health & Glow,MBO,Mumbai,Maharashtra,West,SKU40850,Powder Brush R8,Renee,Makeup,Brushes,Top 25,Active,650,22,26,,4,2792,BGR West,8,8,,50,4,67,,
2026-02,OL1009,HG-SELECT MUMBAI 9,Health & Glow,MBO,Mumbai,Maharashtra,West,SKU40928,Powder Brush R4,Renee,Makeup,Brushes,Top 25,Active,650,24,25,,3,2094,BGR West,6,4,,50,4,67,,
2026-02,OL1009,HG-SELECT MUMBAI 9,Health & Glow,MBO,Mumbai,Maharashtra,West,SKU40951,Sunscreen Gel Spf 50 70Ml,Renee,Skincare,Sunscreen,Top 25,Active,999,0,0,,2,2146,BGR West,2,1,,45,4,67,,
2026-02,OL1009,HG-SELECT MUMBAI 9,Health & Glow,MBO,Mumbai,Maharashtra,West,SKU40972,Sunscreen Gel Spf 50 70Ml,Renee,Skincare,Sunscreen,Top 25,Active,599,14,18,,4,2573,BGR West,8,8,,45,4,67,,
2026-02,OL1009,HG-SELECT MUMBAI 9,Health & Glow,MBO,Mumbai,Maharashtra,West,SKU40979,Sunscreen Gel Spf 50 50Ml,Renee,Skincare,Sunscreen,Top 25,Active,799,30,30,,4,3432,BGR West,5,4,,45,4,67,,
2026-02,OL1009,HG-SELECT MUMBAI 9,Health & Glow,MBO,Mumbai,Maharashtra,West,SKU41024,Vitamin C Serum 30Ml,Renee,Skincare,Serum,Others,Active,449,4,5,,2,964,BGR West,3,3,,45,4,67,,
2026-02,OL1009,HG-SELECT MUMBAI 9,Health & Glow,MBO,Mumbai,Maharashtra,West,SKU41048,Face Wash Ocean 20Ml,Renee,Skincare,Cleanser,Others,Active,349,10,14,,4,1499,BGR West,8,8,,45,4,67,,
2026-02,OL1009,HG-SELECT MUMBAI 9,Health & Glow,MBO,Mumbai,Maharashtra,West,SKU41215,Perfume Midnight 50Ml,Renee,Fragrance,EDP,Others,Active,399,10,10,,0,0,BGR West,1,0,,55,4,67,,
2026-02,OL1009,HG-SELECT MUMBAI 9,Health & Glow,MBO,Mumbai,Maharashtra,West,SKU41295,Perfume Rose 50Ml,Renee,Fragrance,EDP,Top 25,Active,599,8,11,,2,1286,BGR West,7,7,,55,4,67,,
2026-02,OL1009,HG-SELECT MUMBAI 9,Health & Glow,MBO,Mumbai,Maharashtra,West,SKU41476,Body Mist Mocha 100Ml,Renee,Fragrance,Body Mist,Top 10,Active,799,49,51,,6,5148,BGR West,8,8,,55,4,67,,
2026-02,OL1009,HG-SELECT MUMBAI 9,Health & Glow,MBO,Mumbai,Maharashtra,West,SKU41536,Body Mist Nude 100Ml,Renee,Fragrance,Body Mist,Top 25,Active,349,15,24,,6,2249,BGR West,18,18,,55,4,67,,
2026-02,OL1010,HG-GALLERIA BANGALORE 10,Health & Glow,MBO,Bangalore,Karnataka,South,SKU40078,Matte Lip Color Rose 4.2Ml,Renee,Makeup,Lipstick,Top 25,Active,650,8,7,,3,1964,BGR South,3,2,,50,4,46.1,,
2026-02,OL1010,HG-GALLERIA BANGALORE 10,Health & Glow,MBO,Bangalore,Karnataka,South,SKU40108,Matte Lip Color Peach 4.2Ml,Renee,Makeup,Lipstick,Top 10,Active,650,9,11,,2,1309,BGR South,8,5,,50,4,46.1,,
2026-02,OL1010,HG-GALLERIA BANGALORE 10,Health & Glow,MBO,Bangalore,Karnataka,South,SKU40127,Matte Lip Color Coral 4.2Ml,Renee,Makeup,Lipstick,Top 25,Active,499,9,10,,3,1508,BGR South,4,4,,50,4,46.1,,
2026-02,OL1010,HG-GALLERIA BANGALORE 10,Health & Glow,MBO,Bangalore,Karnataka,South,SKU40281,Midnight Eyeliner Berry 2.5Ml,Renee,Makeup,Eyeliner,Others,Active,299,2,2,,2,602,BGR South,3,2,,50,4,46.1,,
2026-02,OL1010,HG-GALLERIA BANGALORE 10,Health & Glow,MBO,Bangalore,Karnataka,South,SKU40318,Midnight Eyeliner Hazelnut 2.5Ml,Renee,Makeup,Eyeliner,Others,Active,650,16,19,,2,1309,BGR South,6,5,,50,4,46.1,,
2026-02,OL1010,HG-GALLERIA BANGALORE 10,Health & Glow,MBO,Bangalore,Karnataka,South,SKU40381,Midnight Eyeliner Ocean 2.5Ml,Renee,Makeup,Eyeliner,Top 25,Active,699,2,3,,2,1408,BGR South,3,3,,50,4,46.1,,
2026-02,OL1010,HG-GALLERIA BANGALORE 10,Health & Glow,MBO,Bangalore,Karnataka,South,SKU40425,Kajal Vanilla 0.35Gm,Renee,Makeup,Eyeliner,Top 25,Active,299,0,21,,4,1204,BGR South,7,6,,50,4,46.1,,
2026-02,OL1010,HG-GALLERIA BANGALORE 10,Health & Glow,MBO,Bangalore,Karnataka,South,SKU40490,Kajal Midnight 0.35Gm,Renee,Makeup,Eyeliner,Top 10,Active,599,16,18,,4,2413,BGR South,6,6,,50,4,46.1,,
2026-02,OL1010,HG-GALLERIA BANGALORE 10,Health & Glow,MBO,Bangalore,Karnataka,South,SKU40544,Bb Cream Peach 30Ml,Renee,Makeup,Foundation,Top 10,Active,599,16,21,,3,1810,BGR South,8,8,,50,4,46.1,,
2026-02,OL1010,HG-GALLERIA BANGALORE 10,Health & Glow,MBO,Bangalore,Karnataka,South,SKU40722,Compact Powder Berry 9Gm,Renee,Makeup,Foundation,Top 10,Active,799,5,9,,4,3219,BGR South,9,8,,50,4,46.1,,
2026-02,OL1010,HG-GALLERIA BANGALORE 10,Health & Glow,MBO,Bangalore,Karnataka,South,SKU40763,Blending Brush R6,Renee,Makeup,Brushes,Others,Active,349,10,8,,3,1054,BGR South,3,2,,50,4,46.1,,
2026-02,OL1010,HG-GALLERIA BANGALORE 10,Health & Glow,MBO,Bangalore,Karnataka,South,SKU40928,Powder Brush R4,Renee,Makeup,Brushes,Top 25,Active,650,40,41,,2,1309,BGR South,5,3,,50,4,46.1,,
2026-02,OL1010,HG-GALLERIA BANGALORE 10,Health & Glow,MBO,Bangalore,Karnataka,South,SKU40951,Sunscreen Gel Spf 50 70Ml,Renee,Skincare,Sunscreen,Top 25,Active,999,6,7,,3,3018,BGR South,4,4,,45,4,46.1,,
2026-02,OL1010,HG-GALLERIA BANGALORE 10,Health & Glow,MBO,Bangalore,Karnataka,South,SKU40979,Sunscreen Gel Spf 50 50Ml,Renee,Skincare,Sunscreen,Top 25,Active,799,37,37,,4,3219,BGR South,5,4,,45,4,46.1,,
2026-02,OL1010,HG-GALLERIA BANGALORE 10,Health & Glow,MBO,Bangalore,Karnataka,South,SKU41032,Face Wash Hazelnut 60Ml,Renee,Skincare,Cleanser,Others,Active,499,10,10,,1,503,BGR South,2,1,,45,4,46.1,,
2026-02,OL1010,HG-GALLERIA BANGALORE 10,Health & Glow,MBO,Bangalore,Karnataka,South,SKU41048,Face Wash Ocean 20Ml,Renee,Skincare,Cleanser,Others,Active,349,18,17,,1,351,BGR South,1,0,,45,4,46.1,,
2026-02,OL1010,HG-GALLERIA BANGALORE 10,Health & Glow,MBO,Bangalore,Karnataka,South,SKU41129,Face Wash Vanilla 40Ml,Renee,Skincare,Cleanser,Others,Active,299,6,8,,4,1204,BGR South,6,6,,45,4,46.1,,
2026-02,OL1010,HG-GALLERIA BANGALORE 10,Health & Glow,MBO,Bangalore,Karnataka,South,SKU41476,Body Mist Mocha 100Ml,Renee,Fragrance,Body Mist,Top 10,Active,799,10,14,,4,3219,BGR South,8,8,,55,4,46.1,,
2026-02,OL1011,HG-NEXUS MUMBAI 11,Health & Glow,MBO,Mumbai,Maharashtra,West,SKU40202,Liquid Lipstick Mocha 5Ml,Renee,Makeup,Lipstick,Top 25,Active,799,12,0,,3,2731,BGR West,8,6,,50,3,52.2,2025-11,
2026-02,OL1011,HG-NEXUS MUMBAI 11,Health & Glow,MBO,Mumbai,Maharashtra,West,SKU40281,Midnight Eyeliner Berry 2.5Ml,Renee,Makeup,Eyeliner,Others,Active,299,14,15,,3,1022,BGR West,7,4,,50,3,52.2,,
2026-02,OL1011,HG-NEXUS MUMBAI 11,Health & Glow,MBO,Mumbai,Maharashtra,West,SKU40318,Midnight Eyeliner Hazelnut 2.5Ml,Renee,Makeup,Eyeliner,Others,Active,650,6,5,,2,1481,BGR West,2,1,,50,3,52.2,,
2026-02,OL1011,HG-NEXUS MUMBAI 11,Health & Glow,MBO,Mumbai,Maharashtra,West,SKU40425,Kajal Vanilla 0.35Gm,Renee,Makeup,Eyeliner,Top 25,Active,299,0,21,,2,681,BGR West,4,4,,50,3,52.2,,
2026-02,OL1011,HG-NEXUS MUMBAI 11,Health & Glow,MBO,Mumbai,Maharashtra,West,SKU40544,Bb Cream Peach 30Ml,Renee,Makeup,Foundation,Top 10,Active,599,16,17,,2,1365,BGR West,4,3,,50,3,52.2,,
2026-02,OL1011,HG-NEXUS MUMBAI 11,Health & Glow,MBO,Mumbai,Maharashtra,West,SKU40588,Bb Cream Coral 30Ml,Renee,Makeup,Foundation,Top 10,Active,349,19,22,,4,1591,BGR West,7,7,,50,3,52.2,,
2026-02,OL1011,HG-NEXUS MUMBAI 11,Health & Glow,MBO,Mumbai,Maharashtra,West,SKU40662,Compact Powder Nude 9Gm,Renee,Makeup,Foundation,Top 25,Active,1199,9,10,,3,4098,BGR West,6,5,,50,3,52.2,,
2026-02,OL1011,HG-NEXUS MUMBAI 11,Health & Glow,MBO,Mumbai,Maharashtra,West,SKU40763,Blending Brush R6,Renee,Makeup,Brushes,Others,Active,349,19,21,,3,1193,BGR West,6,5,,50,3,52.2,,
2026-02,OL1011,HG-NEXUS MUMBAI 11,Health & Glow,MBO,Mumbai,Maharashtra,West,SKU40812,Blending Brush R1,Renee,Makeup,Brushes,Top 10,Active,599,16,17,,4,2730,BGR West,5,5,,50,3,52.2,2025-09,
2026-02,OL1011,HG-NEXUS MUMBAI 11,Health & Glow,MBO,Mumbai,Maharashtra,West,SKU40850,Powder Brush R8,Renee,Makeup,Brushes,Top 25,Active,650,3,6,,4,2962,BGR West,7,7,,50,3,52.2,,
2026-02,OL1011,HG-NEXUS MUMBAI 11,Health & Glow,MBO,Mumbai,Maharashtra,West,SKU40979,Sunscreen Gel Spf 50 50Ml,Renee,Skincare,Sunscreen,Top 25,Active,799,20,20,,3,2731,BGR West,4,3,,45,3,52.2,,
2026-02,OL1011,HG-NEXUS MUMBAI 11,Health & Glow,MBO,Mumbai,Maharashtra,West,SKU41024,Vitamin C Serum 30Ml,Renee,Skincare,Serum,Others,Active,449,8,8,,2,1023,BGR West,2,2,,45,3,52.2,,
2026-02,OL1011,HG-NEXUS MUMBAI 11,Health & Glow,MBO,Mumbai,Maharashtra,West,SKU41295,Perfume Rose 50Ml,Renee,Fragrance,EDP,Top 25,Active,599,6,5,,2,1365,BGR West,2,1,,55,3,52.2,,
2026-02,OL1011,HG-NEXUS MUMBAI 11,Health & Glow,MBO,Mumbai,Maharashtra,West,SKU41420,Body Mist Coral 100Ml,Renee,Fragrance,Body Mist,Top 25,Active,399,1,3,,3,1364,BGR West,5,5,,55,3,52.2,,
2026-02,OL1011,HG-NEXUS MUMBAI 11,Health & Glow,MBO,Mumbai,Maharashtra,West,SKU41536,Body Mist Nude 100Ml,Renee,Fragrance,Body Mist,Top 25,Active,349,7,0,,6,2386,BGR West,11,11,,55,3,52.2,,
2026-02,OL1011,HG-NEXUS MUMBAI 11,Health & Glow,MBO,Mumbai,Maharashtra,West,SKU41608,Hair Oil Berry 100Ml,Renee,Haircare,Hair Oil,Others,Active,449,14,15,,4,2046,BGR West,5,5,,35,3,52.2,,
2026-02,OL1012,HG-INORBIT AHMEDABAD 12,Health & Glow,MBO,Ahmedabad,Gujarat,West,SKU40108,Matte Lip Color Peach 4.2Ml,Renee,Makeup,Lipstick,Top 10,Active,650,19,15,,8,5331,BGR West,7,4,,50,2,61.3,,
2026-02,OL1012,HG-INORBIT AHMEDABAD 12,Health & Glow,MBO,Ahmedabad,Gujarat,West,SKU40127,Matte Lip Color Coral 4.2Ml,Renee,Makeup,Lipstick,Top 25,Active,499,4,5,,4,2046,BGR West,5,5,,50,2,61.3,,
2026-02,OL1012,HG-INORBIT AHMEDABAD 12,Health & Glow,MBO,Ahmedabad,Gujarat,West,SKU40202,Liquid Lipstick Mocha 5Ml,Renee,Makeup,Lipstick,Top 25,Active,799,8,11,,3,2457,BGR West,7,6,,50,2,61.3,2025-11,
2026-02,OL1012,HG-INORBIT AHMEDABAD 12,Health & Glow,MBO,Ahmedabad,Gujarat,West,SKU40318,Midnight Eyeliner Hazelnut 2.5Ml,Renee,Makeup,Eyeliner,Others,Active,650,18,19,,3,1999,BGR West,6,4,,50,2,61.3,,
2026-02,OL1012,HG-INORBIT AHMEDABAD 12,Health & Glow,MBO,Ahmedabad,Gujarat,West,SKU40381,Midnight Eyeliner Ocean 2.5Ml,Renee,Makeup,Eyeliner,Top 25,Active,699,6,7,,4,2867,BGR West,6,5,,50,2,61.3,,
2026-02,OL1012,HG-INORBIT AHMEDABAD 12,Health & Glow,MBO,Ahmedabad,Gujarat,West,SKU40425,Kajal Vanilla 0.35Gm,Renee,Makeup,Eyeliner,Top 25,Active,299,26,67,,6,1839,BGR West,16,11,,50,2,61.3,,
2026-02,OL1012,HG-INORBIT AHMEDABAD 12,Health & Glow,MBO,Ahmedabad,Gujarat,West,SKU40544,Bb Cream Peach 30Ml,Renee,Makeup,Foundation,Top 10,Active,599,36,36,,11,6755,BGR West,11,11,,50,2,61.3,,
2026-02,OL1012,HG-INORBIT AHMEDABAD 12,Health & Glow,MBO,Ahmedabad,Gujarat,West,SKU40588,Bb Cream Coral 30Ml,Renee,Makeup,Foundation,Top 10,Active,349,85,85,,12,4294,BGR West,18,12,,50,2,61.3,,
2026-02,OL1012,HG-INORBIT AHMEDABAD 12,Health & Glow,MBO,Ahmedabad,Gujarat,West,SKU40662,Compact Powder Nude 9Gm,Renee,Makeup,Foundation,Top 25,Active,1199,10,11,,4,4917,BGR West,8,5,,50,2,61.3,,
2026-02,OL1012,HG-INORBIT AHMEDABAD 12,Health & Glow,MBO,Ahmedabad,Gujarat,West,SKU40722,Compact Powder Berry 9Gm,Renee,Makeup,Foundation,Top 10,Active,799,11,11,,2,1638,BGR West,3,2,,50,2,61.3,,
2026-02,OL1012,HG-INORBIT AHMEDABAD 12,Health & Glow,MBO,Ahmedabad,Gujarat,West,SKU40763,Blending Brush R6,Renee,Makeup,Brushes,Others,Active,349,15,18,,5,1789,BGR West,9,8,,50,2,61.3,,
2026-02,OL1012,HG-INORBIT AHMEDABAD 12,Health & Glow,MBO,Ahmedabad,Gujarat,West,SKU40836,Blending Brush R4,Renee,Makeup,Brushes,Top 10,Active,1199,22,19,,20,24585,BGR West,19,17,,50,2,61.3,,
2026-02,OL1012,HG-INORBIT AHMEDABAD 12,Health & Glow,MBO,Ahmedabad,Gujarat,West,SKU40972,Sunscreen Gel Spf 50 70Ml,Renee,Skincare,Sunscreen,Top 25,Active,599,26,28,,4,2456,BGR West,8,6,,45,2,61.3,,
2026-02,OL1012,HG-INORBIT AHMEDABAD 12,Health & Glow,MBO,Ahmedabad,Gujarat,West,SKU40979,Sunscreen Gel Spf 50 50Ml,Renee,Skincare,Sunscreen,Top 25,Active,799,14,14,,3,2457,BGR West,6,4,,45,2,61.3,,
2026-02,OL1012,HG-INORBIT AHMEDABAD 12,Health & Glow,MBO,Ahmedabad,Gujarat,West,SKU41032,Face Wash Hazelnut 60Ml,Renee,Skincare,Cleanser,Others,Active,499,18,20,,3,1535,BGR West,7,5,,45,2,61.3,,
2026-02,OL1012,HG-INORBIT AHMEDABAD 12,Health & Glow,MBO,Ahmedabad,Gujarat,West,SKU41295,Perfume Rose 50Ml,Renee,Fragrance,EDP,Top 25,Active,599,38,42,,4,2456,BGR West,9,8,,55,2,61.3,,
2026-02,OL1012,HG-INORBIT AHMEDABAD 12,Health & Glow,MBO,Ahmedabad,Gujarat,West,SKU41420,Body Mist Coral 100Ml,Renee,Fragrance,Body Mist,Top 25,Active,399,10,14,,4,1636,BGR West,8,8,,55,2,61.3,,
2026-02,OL1012,HG-INORBIT AHMEDABAD 12,Health & Glow,MBO,Ahmedabad,Gujarat,West,SKU41608,Hair Oil Berry 100Ml,Renee,Haircare,Hair Oil,Others,Active,449,5,3,,3,1381,BGR West,2,1,,35,2,61.3,,
2026-02,OL1013,HG-SELECT SURAT 13,Health & Glow,MBO,Surat,Gujarat,West,SKU40108,Matte Lip Color Peach 4.2Ml,Renee,Makeup,Lipstick,Top 10,Active,650,15,19,,3,2571,BGR West,7,7,,50,2,89,,
2026-02,OL1013,HG-SELECT SURAT 13,Health & Glow,MBO,Surat,Gujarat,West,SKU40202,Liquid Lipstick Mocha 5Ml,Renee,Makeup,Lipstick,Top 25,Active,799,11,12,,2,2107,BGR West,3,3,,50,2,89,2025-11,
2026-02,OL1013,HG-SELECT SURAT 13,Health & Glow,MBO,Surat,Gujarat,West,SKU40281,Midnight Eyeliner Berry 2.5Ml,Renee,Makeup,Eyeliner,Others,Active,299,2,3,,6,2366,BGR West,7,7,,50,2,89,,
2026-02,OL1013,HG-SELECT SURAT 13,Health & Glow,MBO,Surat,Gujarat,West,SKU40318,Midnight Eyeliner Hazelnut 2.5Ml,Renee,Makeup,Eyeliner,Others,Active,650,14,19,,4,3429,BGR West,9,9,,50,2,89,,
2026-02,OL1013,HG-SELECT SURAT 13,Health & Glow,MBO,Surat,Gujarat,West,SKU40381,Midnight Eyeliner Ocean 2.5Ml,Renee,Makeup,Eyeliner,Top 25,Active,699,10,0,,2,1844,BGR West,6,5,,50,2,89,,
2026-02,OL1013,HG-SELECT SURAT 13,Health & Glow,MBO,Surat,Gujarat,West,SKU40544,Bb Cream Peach 30Ml,Renee,Makeup,Foundation,Top 10,Active,599,95,94,,12,9479,BGR West,11,11,,50,2,89,,
2026-02,OL1013,HG-SELECT SURAT 13,Health & Glow,MBO,Surat,Gujarat,West,SKU40588,Bb Cream Coral 30Ml,Renee,Makeup,Foundation,Top 10,Active,349,98,100,,6,2761,BGR West,11,8,,50,2,89,,
2026-02,OL1013,HG-SELECT SURAT 13,Health & Glow,MBO,Surat,Gujarat,West,SKU40662,Compact Powder Nude 9Gm,Renee,Makeup,Foundation,Top 25,Active,1199,3,3,,1,1581,BGR West,3,2,,50,2,89,,
2026-02,OL1013,HG-SELECT SURAT 13,Health & Glow,MBO,Surat,Gujarat,West,SKU40763,Blending Brush R6,Renee,Makeup,Brushes,Others,Active,349,22,25,,4,1841,BGR West,7,7,,50,2,89,,
2026-02,OL1013,HG-SELECT SURAT 13,Health & Glow,MBO,Surat,Gujarat,West,SKU40812,Blending Brush R1,Renee,Makeup,Brushes,Top 10,Active,599,32,30,,6,4739,BGR West,7,4,,50,2,89,2025-09,
2026-02,OL1013,HG-SELECT SURAT 13,Health & Glow,MBO,Surat,Gujarat,West,SKU40836,Blending Brush R4,Renee,Makeup,Brushes,Top 10,Active,1199,32,35,,12,18973,BGR West,16,15,,50,2,89,,
2026-02,OL1013,HG-SELECT SURAT 13,Health & Glow,MBO,Surat,Gujarat,West,SKU40850,Powder Brush R8,Renee,Makeup,Brushes,Top 25,Active,650,53,56,,9,7714,BGR West,12,12,,50,2,89,,
2026-02,OL1013,HG-SELECT SURAT 13,Health & Glow,MBO,Surat,Gujarat,West,SKU40928,Powder Brush R4,Renee,Makeup,Brushes,Top 25,Active,650,11,10,,0,0,BGR West,4,4,,50,2,89,,
2026-02,OL1013,HG-SELECT SURAT 13,Health & Glow,MBO,Surat,Gujarat,West,SKU40972,Sunscreen Gel Spf 50 70Ml,Renee,Skincare,Sunscreen,Top 25,Active,599,18,20,,6,4739,BGR West,10,10,,45,2,89,,
2026-02,OL1013,HG-SELECT SURAT 13,Health & Glow,MBO,Surat,Gujarat,West,SKU41032,Face Wash Hazelnut 60Ml,Renee,Skincare,Cleanser,Others,Active,499,5,3,,4,2632,BGR West,4,2,,45,2,89,,
2026-02,OL1013,HG-SELECT SURAT 13,Health & Glow,MBO,Surat,Gujarat,West,SKU41129,Face Wash Vanilla 40Ml,Renee,Skincare,Cleanser,Others,Active,299,0,1,,3,1183,BGR West,5,4,,45,2,89,,
2026-02,OL1013,HG-SELECT SURAT 13,Health & Glow,MBO,Surat,Gujarat,West,SKU41295,Perfume Rose 50Ml,Renee,Fragrance,EDP,Top 25,Active,599,75,77,,0,0,BGR West,5,4,,55,2,89,,
2026-02,OL1013,HG-SELECT SURAT 13,Health & Glow,MBO,Surat,Gujarat,West,SKU41420,Body Mist Coral 100Ml,Renee,Fragrance,Body Mist,Top 25,Active,399,8,31,,4,2105,BGR West,6,6,,55,2,89,,
2026-02,OL1013,HG-SELECT SURAT 13,Health & Glow,MBO,Surat,Gujarat,West,SKU41476,Body Mist Mocha 100Ml,Renee,Fragrance,Body Mist,Top 10,Active,799,15,20,,5,5268,BGR West,12,10,,55,2,89,,
2026-02,OL1013,HG-SELECT SURAT 13,Health & Glow,MBO,Surat,Gujarat,West,SKU41536,Body Mist Nude 100Ml,Renee,Fragrance,Body Mist,Top 25,Active,349,29,33,,9,4142,BGR West,13,13,,55,2,89,,
2026-02,OL1014,HG-FORUM CHANDIGARH 14,Health & Glow,MBO,Chandigarh,Punjab,North,SKU40281,Midnight Eyeliner Berry 2.5Ml,Renee,Makeup,Eyeliner,Others,Active,299,35,36,,1,361,BGR North,3,2,,50,1,80.6,,
2026-02,OL1014,HG-FORUM CHANDIGARH 14,Health & Glow,MBO,Chandigarh,Punjab,North,SKU40425,Kajal Vanilla 0.35Gm,Renee,Makeup,Eyeliner,Top 25,Active,299,5,6,,4,1444,BGR North,6,5,,50,1,80.6,,
2026-02,OL1014,HG-FORUM CHANDIGARH 14,Health & Glow,MBO,Chandigarh,Punjab,North,SKU40490,Kajal Midnight 0.35Gm,Renee,Makeup,Eyeliner,Top 10,Active,599,8,11,,4,2892,BGR North,7,7,,50,1,80.6,,
2026-02,OL1014,HG-FORUM CHANDIGARH 14,Health & Glow,MBO,Chandigarh,Punjab,North,SKU40595,Compact Powder Mocha 9Gm,Renee,Makeup,Foundation,Top 10,Active,449,9,14,,6,3252,BGR North,12,11,,50,1,80.6,,
2026-02,OL1014,HG-FORUM CHANDIGARH 14,Health & Glow,MBO,Chandigarh,Punjab,North,SKU40722,Compact Powder Berry 9Gm,Renee,Makeup,Foundation,Top 10,Active,799,14,17,,2,1929,BGR North,6,5,,50,1,80.6,,
2026-02,OL1014,HG-FORUM CHANDIGARH 14,Health & Glow,MBO,Chandigarh,Punjab,North,SKU40763,Blending Brush R6,Renee,Makeup,Brushes,Others,Active,349,0,0,,2,843,BGR North,3,2,,50,1,80.6,,
2026-02,OL1014,HG-FORUM CHANDIGARH 14,Health & Glow,MBO,Chandigarh,Punjab,North,SKU40836,Blending Brush R4,Renee,Makeup,Brushes,Top 10,Active,1199,29,34,,3,4342,BGR North,9,9,,50,1,80.6,,
2026-02,OL1014,HG-FORUM CHANDIGARH 14,Health & Glow,MBO,Chandigarh,Punjab,North,SKU40972,Sunscreen Gel Spf 50 70Ml,Renee,Skincare,Sunscreen,Top 25,Active,599,2,5,,2,1446,BGR North,6,6,,45,1,80.6,,
2026-02,OL1014,HG-FORUM CHANDIGARH 14,Health & Glow,MBO,Chandigarh,Punjab,North,SKU40979,Sunscreen Gel Spf 50 50Ml,Renee,Skincare,Sunscreen,Top 25,Active,799,13,14,,2,1929,BGR North,2,1,,45,1,80.6,,
2026-02,OL1014,HG-FORUM CHANDIGARH 14,Health & Glow,MBO,Chandigarh,Punjab,North,SKU41024,Vitamin C Serum 30Ml,Renee,Skincare,Serum,Others,Active,449,11,13,,1,542,BGR North,3,3,,45,1,80.6,,
2026-02,OL1014,HG-FORUM CHANDIGARH 14,Health & Glow,MBO,Chandigarh,Punjab,North,SKU41048,Face Wash Ocean 20Ml,Renee,Skincare,Cleanser,Others,Active,349,6,6,,1,421,BGR North,1,1,,45,1,80.6,,
2026-02,OL1014,HG-FORUM CHANDIGARH 14,Health & Glow,MBO,Chandigarh,Punjab,North,SKU41295,Perfume Rose 50Ml,Renee,Fragrance,EDP,Top 25,Active,599,4,5,,2,1446,BGR North,4,3,,55,1,80.6,,
2026-02,OL1014,HG-FORUM CHANDIGARH 14,Health & Glow,MBO,Chandigarh,Punjab,North,SKU41382,Perfume Peach 50Ml,Renee,Fragrance,EDP,Top 25,Active,499,15,20,,3,1807,BGR North,8,8,,55,1,80.6,2025-08,
2026-02,OL1014,HG-FORUM CHANDIGARH 14,Health & Glow,MBO,Chandigarh,Punjab,North,SKU41420,Body Mist Coral 100Ml,Renee,Fragrance,Body Mist,Top 25,Active,399,21,23,,3,1445,BGR North,5,5,,55,1,80.6,,
2026-02,OL1014,HG-FORUM CHANDIGARH 14,Health & Glow,MBO,Chandigarh,Punjab,North,SKU41476,Body Mist Mocha 100Ml,Renee,Fragrance,Body Mist,Top 10,Active,799,4,9,,4,3858,BGR North,10,9,,55,1,80.6,,
2026-02,OL1014,HG-FORUM CHANDIGARH 14,Health & Glow,MBO,Chandigarh,Punjab,North,SKU41536,Body Mist Nude 100Ml,Renee,Fragrance,Body Mist,Top 25,Active,349,13,13,,3,1264,BGR North,4,3,,55,1,80.6,,
2026-02,OL1015,HG-FORUM NOIDA 15,Health & Glow,MBO,Noida,Uttar Pradesh,North,SKU40108,Matte Lip Color Peach 4.2Ml,Renee,Makeup,Lipstick,Top 10,Active,650,12,12,,2,1437,BGR North,3,2,,50,2,86.5,,
2026-02,OL1015,HG-FORUM NOIDA 15,Health & Glow,MBO,Noida,Uttar Pradesh,North,SKU40318,Midnight Eyeliner Hazelnut 2.5Ml,Renee,Makeup,Eyeliner,Others,Active,650,12,12,,0,0,BGR North,0,0,,50,2,86.5,,
2026-02,OL1015,HG-FORUM NOIDA 15,Health & Glow,MBO,Noida,Uttar Pradesh,North,SKU40381,Midnight Eyeliner Ocean 2.5Ml,Renee,Makeup,Eyeliner,Top 25,Active,699,3,2,,4,3091,BGR North,3,3,,50,2,86.5,,
2026-02,OL1015,HG-FORUM NOIDA 15,Health & Glow,MBO,Noida,Uttar Pradesh,North,SKU40490,Kajal Midnight 0.35Gm,Renee,Makeup,Eyeliner,Top 10,Active,599,14,14,,3,1986,BGR North,5,3,,50,2,86.5,,
2026-02,OL1015,HG-FORUM NOIDA 15,Health & Glow,MBO,Noida,Uttar Pradesh,North,SKU40544,Bb Cream Peach 30Ml,Renee,Makeup,Foundation,Top 10,Active,599,30,35,,3,1986,BGR North,8,7,,50,2,86.5,,
2026-02,OL1015,HG-FORUM NOIDA 15,Health & Glow,MBO,Noida,Uttar Pradesh,North,SKU40588,Bb Cream Coral 30Ml,Renee,Makeup,Foundation,Top 10,Active,349,19,25,,6,2315,BGR North,12,12,,50,2,86.5,,
2026-02,OL1015,HG-FORUM NOIDA 15,Health & Glow,MBO,Noida,Uttar Pradesh,North,SKU40595,Compact Powder Mocha 9Gm,Renee,Makeup,Foundation,Top 10,Active,449,10,12,,4,1985,BGR North,7,6,,50,2,86.5,,
2026-02,OL1015,HG-FORUM NOIDA 15,Health & Glow,MBO,Noida,Uttar Pradesh,North,SKU40662,Compact Powder Nude 9Gm,Renee,Makeup,Foundation,Top 25,Active,1199,9,10,,2,2651,BGR North,4,4,,50,2,86.5,,
2026-02,OL1015,HG-FORUM NOIDA 15,Health & Glow,MBO,Noida,Uttar Pradesh,North,SKU40722,Compact Powder Berry 9Gm,Renee,Makeup,Foundation,Top 10,Active,799,24,26,,4,3533,BGR North,6,6,,50,2,86.5,,
2026-02,OL1015,HG-FORUM NOIDA 15,Health & Glow,MBO,Noida,Uttar Pradesh,North,SKU40812,Blending Brush R1,Renee,Makeup,Brushes,Top 10,Active,599,14,13,,5,3311,BGR North,6,4,,50,2,86.5,2025-09,
2026-02,OL1015,HG-FORUM NOIDA 15,Health & Glow,MBO,Noida,Uttar Pradesh,North,SKU40836,Blending Brush R4,Renee,Makeup,Brushes,Top 10,Active,1199,8,10,,4,5302,BGR North,9,6,,50,2,86.5,,
2026-02,OL1015,HG-FORUM NOIDA 15,Health & Glow,MBO,Noida,Uttar Pradesh,North,SKU40928,Powder Brush R4,Renee,Makeup,Brushes,Top 25,Active,650,1,4,,4,2874,BGR North,8,7,,50,2,86.5,,
2026-02,OL1015,HG-FORUM NOIDA 15,Health & Glow,MBO,Noida,Uttar Pradesh,North,SKU40972,Sunscreen Gel Spf 50 70Ml,Renee,Skincare,Sunscreen,Top 25,Active,599,0,1,,3,1986,BGR North,4,4,,45,2,86.5,,
2026-02,OL1015,HG-FORUM NOIDA 15,Health & Glow,MBO,Noida,Uttar Pradesh,North,SKU41048,Face Wash Ocean 20Ml,Renee,Skincare,Cleanser,Others,Active,349,15,15,,2,772,BGR North,2,2,,45,2,86.5,,
2026-02,OL1015,HG-FORUM NOIDA 15,Health & Glow,MBO,Noida,Uttar Pradesh,North,SKU41215,Perfume Midnight 50Ml,Renee,Fragrance,EDP,Others,Active,399,1,4,,4,1764,BGR North,7,7,,55,2,86.5,,
2026-02,OL1015,HG-FORUM NOIDA 15,Health & Glow,MBO,Noida,Uttar Pradesh,North,SKU41295,Perfume Rose 50Ml,Renee,Fragrance,EDP,Top 25,Active,599,14,18,,3,1986,BGR North,9,8,,55,2,86.5,,
2026-02,OL1015,HG-FORUM NOIDA 15,Health & Glow,MBO,Noida,Uttar Pradesh,North,SKU41382,Perfume Peach 50Ml,Renee,Fragrance,EDP,Top 25,Active,499,5,0,,4,2206,BGR North,5,4,,55,2,86.5,2025-08,
2026-02,OL1015,HG-FORUM NOIDA 15,Health & Glow,MBO,Noida,Uttar Pradesh,North,SKU41420,Body Mist Coral 100Ml,Renee,Fragrance,Body Mist,Top 25,Active,399,21,20,,2,882,BGR North,3,2,,55,2,86.5,,
2026-02,OL1015,HG-FORUM NOIDA 15,Health & Glow,MBO,Noida,Uttar Pradesh,North,SKU41476,Body Mist Mocha 100Ml,Renee,Fragrance,Body Mist,Top 10,Active,799,6,7,,4,3533,BGR North,6,5,,55,2,86.5,,
2026-02,OL1015,HG-FORUM NOIDA 15,Health & Glow,MBO,Noida,Uttar Pradesh,North,SKU41608,Hair Oil Berry 100Ml,Renee,Haircare,Hair Oil,Others,Active,449,12,13,,3,1489,BGR North,5,4,,35,2,86.5,,
2026-02,OL1016,HG-INORBIT KOCHI 16,Health & Glow,MBO,Kochi,Kerala,South,SKU40078,Matte Lip Color Rose 4.2Ml,Renee,Makeup,Lipstick,Top 25,Active,650,8,7,,8,5865,BGR South,8,7,,50,4,61,,
2026-02,OL1016,HG-INORBIT KOCHI 16,Health & Glow,MBO,Kochi,Kerala,South,SKU40127,Matte Lip Color Coral 4.2Ml,Renee,Makeup,Lipstick,Top 25,Active,499,0,4,,8,4503,BGR South,16,12,,50,4,61,,
2026-02,OL1016,HG-INORBIT KOCHI 16,Health & Glow,MBO,Kochi,Kerala,South,SKU40202,Liquid Lipstick Mocha 5Ml,Renee,Makeup,Lipstick,Top 25,Active,799,12,12,,3,2704,BGR South,3,3,,50,4,61,2025-11,
2026-02,OL1016,HG-INORBIT KOCHI 16,Health & Glow,MBO,Kochi,Kerala,South,SKU40266,Liquid Lipstick Nude 5Ml,Renee,Makeup,Lipstick,Top 10,Active,799,26,23,,16,14420,BGR South,15,13,,50,4,61,,
2026-02,OL1016,HG-INORBIT KOCHI 16,Health & Glow,MBO,Kochi,Kerala,South,SKU40281,Midnight Eyeliner Berry 2.5Ml,Renee,Makeup,Eyeliner,Others,Active,299,0,1,,3,1012,BGR South,5,4,,50,4,61,,
2026-02,OL1016,HG-INORBIT KOCHI 16,Health & Glow,MBO,Kochi,Kerala,South,SKU40381,Midnight Eyeliner Ocean 2.5Ml,Renee,Makeup,Eyeliner,Top 25,Active,699,40,41,,4,3154,BGR South,5,5,,50,4,61,,
2026-02,OL1016,HG-INORBIT KOCHI 16,Health & Glow,MBO,Kochi,Kerala,South,SKU40425,Kajal Vanilla 0.35Gm,Renee,Makeup,Eyeliner,Top 25,Active,299,24,117,,16,5396,BGR South,17,16,,50,4,61,,
2026-02,OL1016,HG-INORBIT KOCHI 16,Health & Glow,MBO,Kochi,Kerala,South,SKU40490,Kajal Midnight 0.35Gm,Renee,Makeup,Eyeliner,Top 10,Active,599,45,48,,9,6081,BGR South,15,12,,50,4,61,,
2026-02,OL1016,HG-INORBIT KOCHI 16,Health & Glow,MBO,Kochi,Kerala,South,SKU40544,Bb Cream Peach 30Ml,Renee,Makeup,Foundation,Top 10,Active,599,126,125,,8,5405,BGR South,7,7,,50,4,61,,
2026-02,OL1016,HG-INORBIT KOCHI 16,Health & Glow,MBO,Kochi,Kerala,South,SKU40588,Bb Cream Coral 30Ml,Renee,Makeup,Foundation,Top 10,Active,349,155,161,,12,4724,BGR South,21,18,,50,4,61,,
2026-02,OL1016,HG-INORBIT KOCHI 16,Health & Glow,MBO,Kochi,Kerala,South,SKU40722,Compact Powder Berry 9Gm,Renee,Makeup,Foundation,Top 10,Active,799,11,12,,4,3605,BGR South,7,5,,50,4,61,,
2026-02,OL1016,HG-INORBIT KOCHI 16,Health & Glow,MBO,Kochi,Kerala,South,SKU40836,Blending Brush R4,Renee,Makeup,Brushes,Top 10,Active,1199,21,16,,10,13524,BGR South,8,5,,50,4,61,,
2026-02,OL1016,HG-INORBIT KOCHI 16,Health & Glow,MBO,Kochi,Kerala,South,SKU40850,Powder Brush R8,Renee,Makeup,Brushes,Top 25,Active,650,0,8,,9,6599,BGR South,17,17,,50,4,61,,
2026-02,OL1016,HG-INORBIT KOCHI 16,Health & Glow,MBO,Kochi,Kerala,South,SKU40928,Powder Brush R4,Renee,Makeup,Brushes,Top 25,Active,650,14,0,,10,7332,BGR South,10,9,,50,4,61,,
2026-02,OL1016,HG-INORBIT KOCHI 16,Health & Glow,MBO,Kochi,Kerala,South,SKU40951,Sunscreen Gel Spf 50 70Ml,Renee,Skincare,Sunscreen,Top 25,Active,999,4,3,,3,3381,BGR South,3,2,,45,4,61,,
2026-02,OL1016,HG-INORBIT KOCHI 16,Health & Glow,MBO,Kochi,Kerala,South,SKU40972,Sunscreen Gel Spf 50 70Ml,Renee,Skincare,Sunscreen,Top 25,Active,599,3,2,,6,4054,BGR South,8,5,,45,4,61,,
2026-02,OL1016,HG-INORBIT KOCHI 16,Health & Glow,MBO,Kochi,Kerala,South,SKU41032,Face Wash Hazelnut 60Ml,Renee,Skincare,Cleanser,Others,Active,499,0,3,,2,1126,BGR South,5,5,,45,4,61,,
2026-02,OL1016,HG-INORBIT KOCHI 16,Health & Glow,MBO,Kochi,Kerala,South,SKU41295,Perfume Rose 50Ml,Renee,Fragrance,EDP,Top 25,Active,599,54,56,,6,4054,BGR South,8,8,,55,4,61,,
2026-02,OL1016,HG-INORBIT KOCHI 16,Health & Glow,MBO,Kochi,Kerala,South,SKU41420,Body Mist Coral 100Ml,Renee,Fragrance,Body Mist,Top 25,Active,399,12,10,,5,2250,BGR South,5,3,,55,4,61,,
2026-02,OL1016,HG-INORBIT KOCHI 16,Health & Glow,MBO,Kochi,Kerala,South,SKU41476,Body Mist Mocha 100Ml,Renee,Fragrance,Body Mist,Top 10,Active,799,3,8,,12,10815,BGR South,19,17,,55,4,61,,
2026-02,OL1016,HG-INORBIT KOCHI 16,Health & Glow,MBO,Kochi,Kerala,South,SKU41536,Body Mist Nude 100Ml,Renee,Fragrance,Body Mist,Top 25,Active,349,31,30,,3,1181,BGR South,3,2,,55,4,61,,
2026-02,OL1016,HG-INORBIT KOCHI 16,Health & Glow,MBO,Kochi,Kerala,South,SKU41647,Hair Oil Hazelnut 100Ml,Renee,Haircare,Hair Oil,Others,Active,799,8,8,,3,2704,BGR South,3,3,,35,4,61,,
2026-02,OL1017,HG-PHOENIX NOIDA 17,Health & Glow,MBO,Noida,Uttar Pradesh,North,SKU40078,Matte Lip Color Rose 4.2Ml,Renee,Makeup,Lipstick,Top 25,Active,650,5,27,,4,2797,BGR North,8,5,,50,3,60.5,,
2026-02,OL1017,HG-PHOENIX NOIDA 17,Health & Glow,MBO,Noida,Uttar Pradesh,North,SKU40202,Liquid Lipstick Mocha 5Ml,Renee,Makeup,Lipstick,Top 25,Active,799,2,26,,4,3438,BGR North,7,6,,50,3,60.5,2025-11,
2026-02,OL1017,HG-PHOENIX NOIDA 17,Health & Glow,MBO,Noida,Uttar Pradesh,North,SKU40266,Liquid Lipstick Nude 5Ml,Renee,Makeup,Lipstick,Top 10,Active,799,28,34,,6,5157,BGR North,13,12,,50,3,60.5,,
2026-02,OL1017,HG-PHOENIX NOIDA 17,Health & Glow,MBO,Noida,Uttar Pradesh,North,SKU40281,Midnight Eyeliner Berry 2.5Ml,Renee,Makeup,Eyeliner,Others,Active,299,0,0,,4,1287,BGR North,6,4,,50,3,60.5,,
2026-02,OL1017,HG-PHOENIX NOIDA 17,Health & Glow,MBO,Noida,Uttar Pradesh,North,SKU40318,Midnight Eyeliner Hazelnut 2.5Ml,Renee,Makeup,Eyeliner,Others,Active,650,4,0,,4,2797,BGR North,6,6,,50,3,60.5,,
2026-02,OL1017,HG-PHOENIX NOIDA 17,Health & Glow,MBO,Noida,Uttar Pradesh,North,SKU40381,Midnight Eyeliner Ocean 2.5Ml,Renee,Makeup,Eyeliner,Top 25,Active,699,21,21,,4,3008,BGR North,6,4,,50,3,60.5,,
2026-02,OL1017,HG-PHOENIX NOIDA 17,Health & Glow,MBO,Noida,Uttar Pradesh,North,SKU40425,Kajal Vanilla 0.35Gm,Renee,Makeup,Eyeliner,Top 25,Active,299,48,0,,8,2573,BGR North,15,15,,50,3,60.5,,
2026-02,OL1017,HG-PHOENIX NOIDA 17,Health & Glow,MBO,Noida,Uttar Pradesh,North,SKU40544,Bb Cream Peach 30Ml,Renee,Makeup,Foundation,Top 10,Active,599,12,18,,6,3866,BGR North,13,12,,50,3,60.5,,
2026-02,OL1017,HG-PHOENIX NOIDA 17,Health & Glow,MBO,Noida,Uttar Pradesh,North,SKU40588,Bb Cream Coral 30Ml,Renee,Makeup,Foundation,Top 10,Active,349,14,21,,12,4505,BGR North,21,19,,50,3,60.5,,
2026-02,OL1017,HG-PHOENIX NOIDA 17,Health & Glow,MBO,Noida,Uttar Pradesh,North,SKU40722,Compact Powder Berry 9Gm,Renee,Makeup,Foundation,Top 10,Active,799,16,14,,4,3438,BGR North,3,2,,50,3,60.5,,
2026-02,OL1017,HG-PHOENIX NOIDA 17,Health & Glow,MBO,Noida,Uttar Pradesh,North,SKU40763,Blending Brush R6,Renee,Makeup,Brushes,Others,Active,349,12,11,,4,1502,BGR North,3,3,,50,3,60.5,,
2026-02,OL1017,HG-PHOENIX NOIDA 17,Health & Glow,MBO,Noida,Uttar Pradesh,North,SKU40812,Blending Brush R1,Renee,Makeup,Brushes,Top 10,Active,599,16,15,,8,5155,BGR North,9,7,,50,3,60.5,2025-09,
2026-02,OL1017,HG-PHOENIX NOIDA 17,Health & Glow,MBO,Noida,Uttar Pradesh,North,SKU40850,Powder Brush R8,Renee,Makeup,Brushes,Top 25,Active,650,25,27,,4,2797,BGR North,7,6,,50,3,60.5,,
2026-02,OL1017,HG-PHOENIX NOIDA 17,Health & Glow,MBO,Noida,Uttar Pradesh,North,SKU40972,Sunscreen Gel Spf 50 70Ml,Renee,Skincare,Sunscreen,Top 25,Active,599,14,15,,3,1933,BGR North,4,4,,45,3,60.5,,
2026-02,OL1017,HG-PHOENIX NOIDA 17,Health & Glow,MBO,Noida,Uttar Pradesh,North,SKU40979,Sunscreen Gel Spf 50 50Ml,Renee,Skincare,Sunscreen,Top 25,Active,799,12,10,,2,1719,BGR North,1,0,,45,3,60.5,,
2026-02,OL1017,HG-PHOENIX NOIDA 17,Health & Glow,MBO,Noida,Uttar Pradesh,North,SKU41024,Vitamin C Serum 30Ml,Renee,Skincare,Serum,Others,Active,449,0,1,,1,483,BGR North,3,2,,45,3,60.5,,
2026-02,OL1017,HG-PHOENIX NOIDA 17,Health & Glow,MBO,Noida,Uttar Pradesh,North,SKU41048,Face Wash Ocean 20Ml,Renee,Skincare,Cleanser,Others,Active,349,0,0,,4,1502,BGR North,5,3,,45,3,60.5,,
2026-02,OL1017,HG-PHOENIX NOIDA 17,Health & Glow,MBO,Noida,Uttar Pradesh,North,SKU41382,Perfume Peach 50Ml,Renee,Fragrance,EDP,Top 25,Active,499,80,88,,8,4294,BGR North,16,16,,55,3,60.5,2025-08,
2026-02,OL1017,HG-PHOENIX NOIDA 17,Health & Glow,MBO,Noida,Uttar Pradesh,North,SKU41536,Body Mist Nude 100Ml,Renee,Fragrance,Body Mist,Top 25,Active,349,6,6,,5,1877,BGR North,5,5,,55,3,60.5,,
2026-02,OL1017,HG-PHOENIX NOIDA 17,Health & Glow,MBO,Noida,Uttar Pradesh,North,SKU41608,Hair Oil Berry 100Ml,Renee,Haircare,Hair Oil,Others,Active,449,10,12,,1,483,BGR North,3,3,,35,3,60.5,,
2026-02,OL1017,HG-PHOENIX NOIDA 17,Health & Glow,MBO,Noida,Uttar Pradesh,North,SKU41647,Hair Oil Hazelnut 100Ml,Renee,Haircare,Hair Oil,Others,Active,799,7,12,,2,1719,BGR North,1,1,,35,3,60.5,,
2026-02,OL1018,HG-FORUM CHENNAI 18,Health & Glow,MBO,Chennai,Tamil Nadu,South,SKU40078,Matte Lip Color Rose 4.2Ml,Renee,Makeup,Lipstick,Top 25,Active,650,45,48,,2,1750,BGR South,6,5,,50,3,56.9,,
2026-02,OL1018,HG-FORUM CHENNAI 18,Health & Glow,MBO,Chennai,Tamil Nadu,South,SKU40202,Liquid Lipstick Mocha 5Ml,Renee,Makeup,Lipstick,Top 25,Active,799,4,4,,1,1076,BGR South,3,2,,50,3,56.9,2025-11,
2026-02,OL1018,HG-FORUM CHENNAI 18,Health & Glow,MBO,Chennai,Tamil Nadu,South,SKU40266,Liquid Lipstick Nude 5Ml,Renee,Makeup,Lipstick,Top 10,Active,799,31,31,,9,9682,BGR South,10,9,,50,3,56.9,,
2026-02,OL1018,HG-FORUM CHENNAI 18,Health & Glow,MBO,Chennai,Tamil Nadu,South,SKU40318,Midnight Eyeliner Hazelnut 2.5Ml,Renee,Makeup,Eyeliner,Others,Active,650,9,8,,3,2626,BGR South,5,3,,50,3,56.9,,
2026-02,OL1018,HG-FORUM CHENNAI 18,Health & Glow,MBO,Chennai,Tamil Nadu,South,SKU40381,Midnight Eyeliner Ocean 2.5Ml,Renee,Makeup,Eyeliner,Top 25,Active,699,7,7,,0,0,BGR South,3,2,,50,3,56.9,,
2026-02,OL1018,HG-FORUM CHENNAI 18,Health & Glow,MBO,Chennai,Tamil Nadu,South,SKU40490,Kajal Midnight 0.35Gm,Renee,Makeup,Eyeliner,Top 10,Active,599,18,19,,3,2420,BGR South,6,5,,50,3,56.9,,
2026-02,OL1018,HG-FORUM CHENNAI 18,Health & Glow,MBO,Chennai,Tamil Nadu,South,SKU40595,Compact Powder Mocha 9Gm,Renee,Makeup,Foundation,Top 10,Active,449,54,59,,4,2418,BGR South,13,13,,50,3,56.9,,
2026-02,OL1018,HG-FORUM CHENNAI 18,Health & Glow,MBO,Chennai,Tamil Nadu,South,SKU40662,Compact Powder Nude 9Gm,Renee,Makeup,Foundation,Top 25,Active,1199,7,9,,3,4843,BGR South,7,6,,50,3,56.9,,
2026-02,OL1018,HG-FORUM CHENNAI 18,Health & Glow,MBO,Chennai,Tamil Nadu,South,SKU40763,Blending Brush R6,Renee,Makeup,Brushes,Others,Active,349,0,3,,4,1880,BGR South,10,7,,50,3,56.9,,
2026-02,OL1018,HG-FORUM CHENNAI 18,Health & Glow,MBO,Chennai,Tamil Nadu,South,SKU40928,Powder Brush R4,Renee,Makeup,Brushes,Top 25,Active,650,5,6,,3,2626,BGR South,5,4,,50,3,56.9,,
2026-02,OL1018,HG-FORUM CHENNAI 18,Health & Glow,MBO,Chennai,Tamil Nadu,South,SKU41024,Vitamin C Serum 30Ml,Renee,Skincare,Serum,Others,Active,449,0,0,,4,2418,BGR South,4,3,,45,3,56.9,,
2026-02,OL1018,HG-FORUM CHENNAI 18,Health & Glow,MBO,Chennai,Tamil Nadu,South,SKU41048,Face Wash Ocean 20Ml,Renee,Skincare,Cleanser,Others,Active,349,4,6,,4,1880,BGR South,8,6,,45,3,56.9,,
2026-02,OL1018,HG-FORUM CHENNAI 18,Health & Glow,MBO,Chennai,Tamil Nadu,South,SKU41129,Face Wash Vanilla 40Ml,Renee,Skincare,Cleanser,Others,Active,299,24,0,,1,403,BGR South,2,1,,45,3,56.9,,
2026-02,OL1018,HG-FORUM CHENNAI 18,Health & Glow,MBO,Chennai,Tamil Nadu,South,SKU41295,Perfume Rose 50Ml,Renee,Fragrance,EDP,Top 25,Active,599,9,10,,3,2420,BGR South,4,4,,55,3,56.9,,
2026-02,OL1018,HG-FORUM CHENNAI 18,Health & Glow,MBO,Chennai,Tamil Nadu,South,SKU41420,Body Mist Coral 100Ml,Renee,Fragrance,Body Mist,Top 25,Active,399,6,8,,1,537,BGR South,4,3,,55,3,56.9,,
2026-02,OL1018,HG-FORUM CHENNAI 18,Health & Glow,MBO,Chennai,Tamil Nadu,South,SKU41647,Hair Oil Hazelnut 100Ml,Renee,Haircare,Hair Oil,Others,Active,799,7,6,,2,2152,BGR South,2,1,,35,3,56.9,,
2026-02,OL1019,HG-CITY CENTRE HYDERABAD 19,Health & Glow,MBO,Hyderabad,Telangana,South,SKU40108,Matte Lip Color Peach 4.2Ml,Renee,Makeup,Lipstick,Top 10,Active,650,3,8,,7,5589,BGR South,14,12,,50,3,92.9,,
2026-02,OL1019,HG-CITY CENTRE HYDERABAD 19,Health & Glow,MBO,Hyderabad,Telangana,South,SKU40266,Liquid Lipstick Nude 5Ml,Renee,Makeup,Lipstick,Top 10,Active,799,18,17,,12,11777,BGR South,14,11,,50,3,92.9,,
2026-02,OL1019,HG-CITY CENTRE HYDERABAD 19,Health & Glow,MBO,Hyderabad,Telangana,South,SKU40281,Midnight Eyeliner Berry 2.5Ml,Renee,Makeup,Eyeliner,Others,Active,299,12,12,,4,1469,BGR South,5,4,,50,3,92.9,,
2026-02,OL1019,HG-CITY CENTRE HYDERABAD 19,Health & Glow,MBO,Hyderabad,Telangana,South,SKU40318,Midnight Eyeliner Hazelnut 2.5Ml,Renee,Makeup,Eyeliner,Others,Active,650,17,15,,2,1597,BGR South,1,0,,50,3,92.9,,
2026-02,OL1019,HG-CITY CENTRE HYDERABAD 19,Health & Glow,MBO,Hyderabad,Telangana,South,SKU40425,Kajal Vanilla 0.35Gm,Renee,Makeup,Eyeliner,Top 25,Active,299,31,28,,0,0,BGR South,6,4,,50,3,92.9,,
2026-02,OL1019,HG-CITY CENTRE HYDERABAD 19,Health & Glow,MBO,Hyderabad,Telangana,South,SKU40544,Bb Cream Peach 30Ml,Renee,Makeup,Foundation,Top 10,Active,599,0,1,,2,1471,BGR South,7,5,,50,3,92.9,,
2026-02,OL1019,HG-CITY CENTRE HYDERABAD 19,Health & Glow,MBO,Hyderabad,Telangana,South,SKU40662,Compact Powder Nude 9Gm,Renee,Makeup,Foundation,Top 25,Active,1199,17,18,,2,2945,BGR South,4,3,,50,3,92.9,,
2026-02,OL1019,HG-CITY CENTRE HYDERABAD 19,Health & Glow,MBO,Hyderabad,Telangana,South,SKU40812,Blending Brush R1,Renee,Makeup,Brushes,Top 10,Active,599,25,0,,8,5886,BGR South,13,13,,50,3,92.9,2025-09,
2026-02,OL1019,HG-CITY CENTRE HYDERABAD 19,Health & Glow,MBO,Hyderabad,Telangana,South,SKU40850,Powder Brush R8,Renee,Makeup,Brushes,Top 25,Active,650,10,13,,4,3194,BGR South,7,7,,50,3,92.9,,
2026-02,OL1019,HG-CITY CENTRE HYDERABAD 19,Health & Glow,MBO,Hyderabad,Telangana,South,SKU40928,Powder Brush R4,Renee,Makeup,Brushes,Top 25,Active,650,35,39,,4,3194,BGR South,9,8,,50,3,92.9,,
2026-02,OL1019,HG-CITY CENTRE HYDERABAD 19,Health & Glow,MBO,Hyderabad,Telangana,South,SKU40951,Sunscreen Gel Spf 50 70Ml,Renee,Skincare,Sunscreen,Top 25,Active,999,0,0,,4,4908,BGR South,5,4,,45,3,92.9,,
2026-02,OL1019,HG-CITY CENTRE HYDERABAD 19,Health & Glow,MBO,Hyderabad,Telangana,South,SKU41129,Face Wash Vanilla 40Ml,Renee,Skincare,Cleanser,Others,Active,299,1,1,,2,735,BGR South,3,2,,45,3,92.9,,
2026-02,OL1019,HG-CITY CENTRE HYDERABAD 19,Health & Glow,MBO,Hyderabad,Telangana,South,SKU41295,Perfume Rose 50Ml,Renee,Fragrance,EDP,Top 25,Active,599,18,20,,4,2943,BGR South,8,6,,55,3,92.9,,
2026-02,OL1019,HG-CITY CENTRE HYDERABAD 19,Health & Glow,MBO,Hyderabad,Telangana,South,SKU41382,Perfume Peach 50Ml,Renee,Fragrance,EDP,Top 25,Active,499,0,4,,4,2452,BGR South,8,8,,55,3,92.9,2025-08,
2026-02,OL1019,HG-CITY CENTRE HYDERABAD 19,Health & Glow,MBO,Hyderabad,Telangana,South,SKU41536,Body Mist Nude 100Ml,Renee,Fragrance,Body Mist,Top 25,Active,349,1,2,,6,2572,BGR South,11,9,,55,3,92.9,,
2026-02,OL1020,HG-NEXUS SURAT 20,Health & Glow,MBO,Surat,Gujarat,West,SKU40078,Matte Lip Color Rose 4.2Ml,Renee,Makeup,Lipstick,Top 25,Active,650,9,10,,3,1925,BGR West,5,5,,50,4,71.7,,
2026-02,OL1020,HG-NEXUS SURAT 20,Health & Glow,MBO,Surat,Gujarat,West,SKU40108,Matte Lip Color Peach 4.2Ml,Renee,Makeup,Lipstick,Top 10,Active,650,0,2,,4,2566,BGR West,7,6,,50,4,71.7,,
2026-02,OL1020,HG-NEXUS SURAT 20,Health & Glow,MBO,Surat,Gujarat,West,SKU40127,Matte Lip Color Coral 4.2Ml,Renee,Makeup,Lipstick,Top 25,Active,499,5,6,,4,1970,BGR West,6,5,,50,4,71.7,,
2026-02,OL1020,HG-NEXUS SURAT 20,Health & Glow,MBO,Surat,Gujarat,West,SKU40202,Liquid Lipstick Mocha 5Ml,Renee,Makeup,Lipstick,Top 25,Active,799,7,9,,1,789,BGR West,3,3,,50,4,71.7,2025-11,
2026-02,OL1020,HG-NEXUS SURAT 20,Health & Glow,MBO,Surat,Gujarat,West,SKU40266,Liquid Lipstick Nude 5Ml,Renee,Makeup,Lipstick,Top 10,Active,799,50,60,,9,7098,BGR West,19,19,,50,4,71.7,,
2026-02,OL1020,HG-NEXUS SURAT 20,Health & Glow,MBO,Surat,Gujarat,West,SKU40281,Midnight Eyeliner Berry 2.5Ml,Renee,Makeup,Eyeliner,Others,Active,299,4,5,,1,295,BGR West,2,2,,50,4,71.7,,
2026-02,OL1020,HG-NEXUS SURAT 20,Health & Glow,MBO,Surat,Gujarat,West,SKU40318,Midnight Eyeliner Hazelnut 2.5Ml,Renee,Makeup,Eyeliner,Others,Active,650,3,0,,2,1283,BGR West,3,2,,50,4,71.7,,
2026-02,OL1020,HG-NEXUS SURAT 20,Health & Glow,MBO,Surat,Gujarat,West,SKU40425,Kajal Vanilla 0.35Gm,Renee,Makeup,Eyeliner,Top 25,Active,299,36,37,,4,1180,BGR West,6,5,,50,4,71.7,,
2026-02,OL1020,HG-NEXUS SURAT 20,Health & Glow,MBO,Surat,Gujarat,West,SKU40490,Kajal Midnight 0.35Gm,Renee,Makeup,Eyeliner,Top 10,Active,599,24,28,,8,4730,BGR West,12,12,,50,4,71.7,,
2026-02,OL1020,HG-NEXUS SURAT 20,Health & Glow,MBO,Surat,Gujarat,West,SKU40544,Bb Cream Peach 30Ml,Renee,Makeup,Foundation,Top 10,Active,599,1,7,,6,3547,BGR West,12,12,,50,4,71.7,,
2026-02,OL1020,HG-NEXUS SURAT 20,Health & Glow,MBO,Surat,Gujarat,West,SKU40836,Blending Brush R4,Renee,Makeup,Brushes,Top 10,Active,1199,8,10,,4,4734,BGR West,7,6,,50,4,71.7,,
2026-02,OL1020,HG-NEXUS SURAT 20,Health & Glow,MBO,Surat,Gujarat,West,SKU40850,Powder Brush R8,Renee,Makeup,Brushes,Top 25,Active,650,32,0,,2,1283,BGR West,5,5,,50,4,71.7,,
2026-02,OL1020,HG-NEXUS SURAT 20,Health & Glow,MBO,Surat,Gujarat,West,SKU40928,Powder Brush R4,Renee,Makeup,Brushes,Top 25,Active,650,4,22,,4,2566,BGR West,3,3,,50,4,71.7,,
2026-02,OL1020,HG-NEXUS SURAT 20,Health & Glow,MBO,Surat,Gujarat,West,SKU40951,Sunscreen Gel Spf 50 70Ml,Renee,Skincare,Sunscreen,Top 25,Active,999,2,5,,2,1972,BGR West,6,5,,45,4,71.7,,
2026-02,OL1020,HG-NEXUS SURAT 20,Health & Glow,MBO,Surat,Gujarat,West,SKU40972,Sunscreen Gel Spf 50 70Ml,Renee,Skincare,Sunscreen,Top 25,Active,599,7,11,,2,1182,BGR West,6,6,,45,4,71.7,,
2026-02,OL1020,HG-NEXUS SURAT 20,Health & Glow,MBO,Surat,Gujarat,West,SKU41024,Vitamin C Serum 30Ml,Renee,Skincare,Serum,Others,Active,449,8,11,,2,886,BGR West,5,5,,45,4,71.7,,
2026-02,OL1020,HG-NEXUS SURAT 20,Health & Glow,MBO,Surat,Gujarat,West,SKU41032,Face Wash Hazelnut 60Ml,Renee,Skincare,Cleanser,Others,Active,499,15,15,,4,1970,BGR West,6,4,,45,4,71.7,,
2026-02,OL1020,HG-NEXUS SURAT 20,Health & Glow,MBO,Surat,Gujarat,West,SKU41048,Face Wash Ocean 20Ml,Renee,Skincare,Cleanser,Others,Active,349,9,7,,3,1033,BGR West,2,1,,45,4,71.7,,
2026-02,OL1020,HG-NEXUS SURAT 20,Health & Glow,MBO,Surat,Gujarat,West,SKU41129,Face Wash Vanilla 40Ml,Renee,Skincare,Cleanser,Others,Active,299,12,15,,2,590,BGR West,5,5,,45,4,71.7,,
2026-02,OL1020,HG-NEXUS SURAT 20,Health & Glow,MBO,Surat,Gujarat,West,SKU41382,Perfume Peach 50Ml,Renee,Fragrance,EDP,Top 25,Active,499,0,2,,2,985,BGR West,5,4,,55,4,71.7,2025-08,
2026-02,OL1020,HG-NEXUS SURAT 20,Health & Glow,MBO,Surat,Gujarat,West,SKU41420,Body Mist Coral 100Ml,Renee,Fragrance,Body Mist,Top 25,Active,399,3,2,,3,1181,BGR West,2,2,,55,4,71.7,,
2026-02,OL1020,HG-NEXUS SURAT 20,Health & Glow,MBO,Surat,Gujarat,West,SKU41476,Body Mist Mocha 100Ml,Renee,Fragrance,Body Mist,Top 10,Active,799,8,11,,4,3154,BGR West,8,7,,55,4,71.7,,
2026-02,OL1021,HG-INORBIT NEW DELHI 21,Health & Glow,MBO,New Delhi,Delhi,North,SKU40108,Matte Lip Color Peach 4.2Ml,Renee,Makeup,Lipstick,Top 10,Active,650,25,54,,8,5672,BGR North,16,11,,50,2,64.7,,
2026-02,OL1021,HG-INORBIT NEW DELHI 21,Health & Glow,MBO,New Delhi,Delhi,North,SKU40127,Matte Lip Color Coral 4.2Ml,Renee,Makeup,Lipstick,Top 25,Active,499,104,54,,8,4354,BGR North,15,12,,50,2,64.7,,
2026-02,OL1021,HG-INORBIT NEW DELHI 21,Health & Glow,MBO,New Delhi,Delhi,North,SKU40266,Liquid Lipstick Nude 5Ml,Renee,Makeup,Lipstick,Top 10,Active,799,38,41,,14,12201,BGR North,19,17,,50,2,64.7,,
2026-02,OL1021,HG-INORBIT NEW DELHI 21,Health & Glow,MBO,New Delhi,Delhi,North,SKU40318,Midnight Eyeliner Hazelnut 2.5Ml,Renee,Makeup,Eyeliner,Others,Active,650,6,0,,3,2127,BGR North,6,4,,50,2,64.7,,
2026-02,OL1021,HG-INORBIT NEW DELHI 21,Health & Glow,MBO,New Delhi,Delhi,North,SKU40381,Midnight Eyeliner Ocean 2.5Ml,Renee,Makeup,Eyeliner,Top 25,Active,699,11,16,,8,6099,BGR North,14,13,,50,2,64.7,,
2026-02,OL1021,HG-INORBIT NEW DELHI 21,Health & Glow,MBO,New Delhi,Delhi,North,SKU40425,Kajal Vanilla 0.35Gm,Renee,Makeup,Eyeliner,Top 25,Active,299,16,13,,8,2609,BGR North,7,5,,50,2,64.7,,
2026-02,OL1021,HG-INORBIT NEW DELHI 21,Health & Glow,MBO,New Delhi,Delhi,North,SKU40595,Compact Powder Mocha 9Gm,Renee,Makeup,Foundation,Top 10,Active,449,86,81,,12,5877,BGR North,11,7,,50,2,64.7,,
2026-02,OL1021,HG-INORBIT NEW DELHI 21,Health & Glow,MBO,New Delhi,Delhi,North,SKU40722,Compact Powder Berry 9Gm,Renee,Makeup,Foundation,Top 10,Active,799,6,4,,4,3486,BGR North,4,2,,50,2,64.7,,
2026-02,OL1021,HG-INORBIT NEW DELHI 21,Health & Glow,MBO,New Delhi,Delhi,North,SKU40763,Blending Brush R6,Renee,Makeup,Brushes,Others,Active,349,2,4,,2,761,BGR North,5,4,,50,2,64.7,,
2026-02,OL1021,HG-INORBIT NEW DELHI 21,Health & Glow,MBO,New Delhi,Delhi,North,SKU40812,Blending Brush R1,Renee,Makeup,Brushes,Top 10,Active,599,36,0,,12,7840,BGR North,21,19,,50,2,64.7,2025-09,
2026-02,OL1021,HG-INORBIT NEW DELHI 21,Health & Glow,MBO,New Delhi,Delhi,North,SKU40836,Blending Brush R4,Renee,Makeup,Brushes,Top 10,Active,1199,9,94,,11,14385,BGR North,17,13,,50,2,64.7,,
2026-02,OL1021,HG-INORBIT NEW DELHI 21,Health & Glow,MBO,New Delhi,Delhi,North,SKU40951,Sunscreen Gel Spf 50 70Ml,Renee,Skincare,Sunscreen,Top 25,Active,999,17,0,,2,2179,BGR North,4,4,,45,2,64.7,,
2026-02,OL1021,HG-INORBIT NEW DELHI 21,Health & Glow,MBO,New Delhi,Delhi,North,SKU40972,Sunscreen Gel Spf 50 70Ml,Renee,Skincare,Sunscreen,Top 25,Active,599,39,41,,3,1960,BGR North,8,5,,45,2,64.7,,
2026-02,OL1021,HG-INORBIT NEW DELHI 21,Health & Glow,MBO,New Delhi,Delhi,North,SKU41129,Face Wash Vanilla 40Ml,Renee,Skincare,Cleanser,Others,Active,299,12,12,,3,978,BGR North,3,3,,45,2,64.7,,
2026-02,OL1021,HG-INORBIT NEW DELHI 21,Health & Glow,MBO,New Delhi,Delhi,North,SKU41382,Perfume Peach 50Ml,Renee,Fragrance,EDP,Top 25,Active,499,8,12,,2,1089,BGR North,8,8,,55,2,64.7,2025-08,
2026-02,OL1021,HG-INORBIT NEW DELHI 21,Health & Glow,MBO,New Delhi,Delhi,North,SKU41476,Body Mist Mocha 100Ml,Renee,Fragrance,Body Mist,Top 10,Active,799,51,53,,10,8715,BGR North,15,12,,55,2,64.7,,
2026-02,OL1021,HG-INORBIT NEW DELHI 21,Health & Glow,MBO,New Delhi,Delhi,North,SKU41536,Body Mist Nude 100Ml,Renee,Fragrance,Body Mist,Top 25,Active,349,0,2,,6,2284,BGR North,8,8,,55,2,64.7,,
2026-02,OL1021,HG-INORBIT NEW DELHI 21,Health & Glow,MBO,New Delhi,Delhi,North,SKU41608,Hair Oil Berry 100Ml,Renee,Haircare,Hair Oil,Others,Active,449,1,1,,1,490,BGR North,3,2,,35,2,64.7,,
2026-02,OL1022,HG-SELECT NEW DELHI 22,Health & Glow,MBO,New Delhi,Delhi,North,SKU40108,Matte Lip Color Peach 4.2Ml,Renee,Makeup,Lipstick,Top 10,Active,650,103,110,,8,6272,BGR North,19,19,,50,2,67.5,,
2026-02,OL1022,HG-SELECT NEW DELHI 22,Health & Glow,MBO,New Delhi,Delhi,North,SKU40127,Matte Lip Color Coral 4.2Ml,Renee,Makeup,Lipstick,Top 25,Active,499,13,15,,10,6019,BGR North,12,12,,50,2,67.5,,
2026-02,OL1022,HG-SELECT NEW DELHI 22,Health & Glow,MBO,New Delhi,Delhi,North,SKU40266,Liquid Lipstick Nude 5Ml,Renee,Makeup,Lipstick,Top 10,Active,799,44,0,,24,23130,BGR North,24,21,,50,2,67.5,,
2026-02,OL1022,HG-SELECT NEW DELHI 22,Health & Glow,MBO,New Delhi,Delhi,North,SKU40281,Midnight Eyeliner Berry 2.5Ml,Renee,Makeup,Eyeliner,Others,Active,299,70,73,,6,2164,BGR North,12,9,,50,2,67.5,,
2026-02,OL1022,HG-SELECT NEW DELHI 22,Health & Glow,MBO,New Delhi,Delhi,North,SKU40381,Midnight Eyeliner Ocean 2.5Ml,Renee,Makeup,Eyeliner,Top 25,Active,699,44,48,,4,3373,BGR North,9,8,,50,2,67.5,,
2026-02,OL1022,HG-SELECT NEW DELHI 22,Health & Glow,MBO,New Delhi,Delhi,North,SKU40425,Kajal Vanilla 0.35Gm,Renee,Makeup,Eyeliner,Top 25,Active,299,54,53,,6,2164,BGR North,6,5,,50,2,67.5,,
2026-02,OL1022,HG-SELECT NEW DELHI 22,Health & Glow,MBO,New Delhi,Delhi,North,SKU40544,Bb Cream Peach 30Ml,Renee,Makeup,Foundation,Top 10,Active,599,18,27,,15,10838,BGR North,26,24,,50,2,67.5,,
2026-02,OL1022,HG-SELECT NEW DELHI 22,Health & Glow,MBO,New Delhi,Delhi,North,SKU40588,Bb Cream Coral 30Ml,Renee,Makeup,Foundation,Top 10,Active,349,36,34,,20,8419,BGR North,20,18,,50,2,67.5,,
2026-02,OL1022,HG-SELECT NEW DELHI 22,Health & Glow,MBO,New Delhi,Delhi,North,SKU40595,Compact Powder Mocha 9Gm,Renee,Makeup,Foundation,Top 10,Active,449,49,60,,18,9748,BGR North,29,29,,50,2,67.5,,
2026-02,OL1022,HG-SELECT NEW DELHI 22,Health & Glow,MBO,New Delhi,Delhi,North,SKU40662,Compact Powder Nude 9Gm,Renee,Makeup,Foundation,Top 25,Active,1199,14,0,,3,4339,BGR North,4,4,,50,2,67.5,,
2026-02,OL1022,HG-SELECT NEW DELHI 22,Health & Glow,MBO,New Delhi,Delhi,North,SKU40722,Compact Powder Berry 9Gm,Renee,Makeup,Foundation,Top 10,Active,799,30,33,,4,3855,BGR North,8,7,,50,2,67.5,,
2026-02,OL1022,HG-SELECT NEW DELHI 22,Health & Glow,MBO,New Delhi,Delhi,North,SKU40812,Blending Brush R1,Renee,Makeup,Brushes,Top 10,Active,599,78,0,,12,8670,BGR North,13,13,,50,2,67.5,2025-09,
2026-02,OL1022,HG-SELECT NEW DELHI 22,Health & Glow,MBO,New Delhi,Delhi,North,SKU40850,Powder Brush R8,Renee,Makeup,Brushes,Top 25,Active,650,45,46,,8,6272,BGR North,10,9,,50,2,67.5,,
2026-02,OL1022,HG-SELECT NEW DELHI 22,Health & Glow,MBO,New Delhi,Delhi,North,SKU40951,Sunscreen Gel Spf 50 70Ml,Renee,Skincare,Sunscreen,Top 25,Active,999,6,7,,1,1205,BGR North,4,2,,45,2,67.5,,
2026-02,OL1022,HG-SELECT NEW DELHI 22,Health & Glow,MBO,New Delhi,Delhi,North,SKU40972,Sunscreen Gel Spf 50 70Ml,Renee,Skincare,Sunscreen,Top 25,Active,599,66,69,,6,4335,BGR North,10,9,,45,2,67.5,,
2026-02,OL1022,HG-SELECT NEW DELHI 22,Health & Glow,MBO,New Delhi,Delhi,North,SKU40979,Sunscreen Gel Spf 50 50Ml,Renee,Skincare,Sunscreen,Top 25,Active,799,1,0,,4,3855,BGR North,3,2,,45,2,67.5,,
2026-02,OL1022,HG-SELECT NEW DELHI 22,Health & Glow,MBO,New Delhi,Delhi,North,SKU41048,Face Wash Ocean 20Ml,Renee,Skincare,Cleanser,Others,Active,349,2,4,,6,2526,BGR North,10,8,,45,2,67.5,,
2026-02,OL1022,HG-SELECT NEW DELHI 22,Health & Glow,MBO,New Delhi,Delhi,North,SKU41129,Face Wash Vanilla 40Ml,Renee,Skincare,Cleanser,Others,Active,299,13,14,,4,1443,BGR North,6,5,,45,2,67.5,,
2026-02,OL1022,HG-SELECT NEW DELHI 22,Health & Glow,MBO,New Delhi,Delhi,North,SKU41215,Perfume Midnight 50Ml,Renee,Fragrance,EDP,Others,Active,399,12,14,,1,481,BGR North,4,3,,55,2,67.5,,
2026-02,OL1022,HG-SELECT NEW DELHI 22,Health & Glow,MBO,New Delhi,Delhi,North,SKU41295,Perfume Rose 50Ml,Renee,Fragrance,EDP,Top 25,Active,599,35,0,,10,7225,BGR North,15,10,,55,2,67.5,,
2026-02,OL1022,HG-SELECT NEW DELHI 22,Health & Glow,MBO,New Delhi,Delhi,North,SKU41420,Body Mist Coral 100Ml,Renee,Fragrance,Body Mist,Top 25,Active,399,14,12,,7,3369,BGR North,8,5,,55,2,67.5,,
2026-02,OL1022,HG-SELECT NEW DELHI 22,Health & Glow,MBO,New Delhi,Delhi,North,SKU41536,Body Mist Nude 100Ml,Renee,Fragrance,Body Mist,Top 25,Active,349,26,27,,8,3368,BGR North,13,9,,55,2,67.5,,
2026-02,OL1022,HG-SELECT NEW DELHI 22,Health & Glow,MBO,New Delhi,Delhi,North,SKU41608,Hair Oil Berry 100Ml,Renee,Haircare,Hair Oil,Others,Active,449,9,12,,3,1625,BGR North,8,6,,35,2,67.5,,
2026-02,OL1023,HG-GALLERIA CHENNAI 23,Health & Glow,MBO,Chennai,Tamil Nadu,South,SKU40127,Matte Lip Color Coral 4.2Ml,Renee,Makeup,Lipstick,Top 25,Active,499,0,0,,5,2813,BGR South,4,3,,50,3,68.2,,
2026-02,OL1023,HG-GALLERIA CHENNAI 23,Health & Glow,MBO,Chennai,Tamil Nadu,South,SKU40281,Midnight Eyeliner Berry 2.5Ml,Renee,Makeup,Eyeliner,Others,Active,299,20,20,,4,1349,BGR South,5,4,,50,3,68.2,,
2026-02,OL1023,HG-GALLERIA CHENNAI 23,Health & Glow,MBO,Chennai,Tamil Nadu,South,SKU40490,Kajal Midnight 0.35Gm,Renee,Makeup,Eyeliner,Top 10,Active,599,39,37,,13,8780,BGR South,13,11,,50,3,68.2,,
2026-02,OL1023,HG-GALLERIA CHENNAI 23,Health & Glow,MBO,Chennai,Tamil Nadu,South,SKU40595,Compact Powder Mocha 9Gm,Renee,Makeup,Foundation,Top 10,Active,449,31,25,,20,10125,BGR South,18,14,,50,3,68.2,,
2026-02,OL1023,HG-GALLERIA CHENNAI 23,Health & Glow,MBO,Chennai,Tamil Nadu,South,SKU40662,Compact Powder Nude 9Gm,Renee,Makeup,Foundation,Top 25,Active,1199,19,19,,3,4056,BGR South,4,3,,50,3,68.2,,
2026-02,OL1023,HG-GALLERIA CHENNAI 23,Health & Glow,MBO,Chennai,Tamil Nadu,South,SKU40836,Blending Brush R4,Renee,Makeup,Brushes,Top 10,Active,1199,26,0,,12,16223,BGR South,13,10,,50,3,68.2,,
2026-02,OL1023,HG-GALLERIA CHENNAI 23,Health & Glow,MBO,Chennai,Tamil Nadu,South,SKU40928,Powder Brush R4,Renee,Makeup,Brushes,Top 25,Active,650,27,29,,5,3664,BGR South,7,7,,50,3,68.2,,
2026-02,OL1023,HG-GALLERIA CHENNAI 23,Health & Glow,MBO,Chennai,Tamil Nadu,South,SKU40972,Sunscreen Gel Spf 50 70Ml,Renee,Skincare,Sunscreen,Top 25,Active,599,13,13,,3,2026,BGR South,4,3,,45,3,68.2,,
2026-02,OL1023,HG-GALLERIA CHENNAI 23,Health & Glow,MBO,Chennai,Tamil Nadu,South,SKU40979,Sunscreen Gel Spf 50 50Ml,Renee,Skincare,Sunscreen,Top 25,Active,799,2,6,,3,2703,BGR South,8,7,,45,3,68.2,,
2026-02,OL1023,HG-GALLERIA CHENNAI 23,Health & Glow,MBO,Chennai,Tamil Nadu,South,SKU41024,Vitamin C Serum 30Ml,Renee,Skincare,Serum,Others,Active,449,5,5,,4,2025,BGR South,6,4,,45,3,68.2,,
2026-02,OL1023,HG-GALLERIA CHENNAI 23,Health & Glow,MBO,Chennai,Tamil Nadu,South,SKU41032,Face Wash Hazelnut 60Ml,Renee,Skincare,Cleanser,Others,Active,499,10,12,,3,1688,BGR South,6,5,,45,3,68.2,,
2026-02,OL1023,HG-GALLERIA CHENNAI 23,Health & Glow,MBO,Chennai,Tamil Nadu,South,SKU41048,Face Wash Ocean 20Ml,Renee,Skincare,Cleanser,Others,Active,349,9,10,,4,1574,BGR South,6,5,,45,3,68.2,,
2026-02,OL1023,HG-GALLERIA CHENNAI 23,Health & Glow,MBO,Chennai,Tamil Nadu,South,SKU41215,Perfume Midnight 50Ml,Renee,Fragrance,EDP,Others,Active,399,14,15,,3,1350,BGR South,6,4,,55,3,68.2,,
2026-02,OL1023,HG-GALLERIA CHENNAI 23,Health & Glow,MBO,Chennai,Tamil Nadu,South,SKU41382,Perfume Peach 50Ml,Renee,Fragrance,EDP,Top 25,Active,499,27,27,,4,2251,BGR South,4,4,,55,3,68.2,2025-08,
2026-02,OL1023,HG-GALLERIA CHENNAI 23,Health & Glow,MBO,Chennai,Tamil Nadu,South,SKU41420,Body Mist Coral 100Ml,Renee,Fragrance,Body Mist,Top 25,Active,399,16,19,,3,1350,BGR South,7,6,,55,3,68.2,,
2026-02,OL1023,HG-GALLERIA CHENNAI 23,Health & Glow,MBO,Chennai,Tamil Nadu,South,SKU41476,Body Mist Mocha 100Ml,Renee,Fragrance,Body Mist,Top 10,Active,799,16,17,,13,11712,BGR South,16,14,,55,3,68.2,,
2026-02,OL1023,HG-GALLERIA CHENNAI 23,Health & Glow,MBO,Chennai,Tamil Nadu,South,SKU41536,Body Mist Nude 100Ml,Renee,Fragrance,Body Mist,Top 25,Active,349,86,93,,8,3148,BGR South,22,19,,55,3,68.2,,
2026-02,OL1023,HG-GALLERIA CHENNAI 23,Health & Glow,MBO,Chennai,Tamil Nadu,South,SKU41608,Hair Oil Berry 100Ml,Renee,Haircare,Hair Oil,Others,Active,449,0,12,,2,1013,BGR South,1,0,,35,3,68.2,,
2026-02,OL1023,HG-GALLERIA CHENNAI 23,Health & Glow,MBO,Chennai,Tamil Nadu,South,SKU41647,Hair Oil Hazelnut 100Ml,Renee,Haircare,Hair Oil,Others,Active,799,13,14,,1,901,BGR South,3,2,,35,3,68.2,,
2026-02,OL1024,HG-CITY CENTRE SURAT 24,Health & Glow,MBO,Surat,Gujarat,West,SKU40078,Matte Lip Color Rose 4.2Ml,Renee,Makeup,Lipstick,Top 25,Active,650,9,8,,3,2354,BGR West,4,2,,50,1,93.9,,
2026-02,OL1024,HG-CITY CENTRE SURAT 24,Health & Glow,MBO,Surat,Gujarat,West,SKU40202,Liquid Lipstick Mocha 5Ml,Renee,Makeup,Lipstick,Top 25,Active,799,7,7,,3,2893,BGR West,6,4,,50,1,93.9,2025-11,
2026-02,OL1024,HG-CITY CENTRE SURAT 24,Health & Glow,MBO,Surat,Gujarat,West,SKU40266,Liquid Lipstick Nude 5Ml,Renee,Makeup,Lipstick,Top 10,Active,799,42,43,,4,3858,BGR West,6,5,,50,1,93.9,,
2026-02,OL1024,HG-CITY CENTRE SURAT 24,Health & Glow,MBO,Surat,Gujarat,West,SKU40281,Midnight Eyeliner Berry 2.5Ml,Renee,Makeup,Eyeliner,Others,Active,299,8,9,,4,1444,BGR West,7,5,,50,1,93.9,,
2026-02,OL1024,HG-CITY CENTRE SURAT 24,Health & Glow,MBO,Surat,Gujarat,West,SKU40318,Midnight Eyeliner Hazelnut 2.5Ml,Renee,Makeup,Eyeliner,Others,Active,650,5,6,,2,1569,BGR West,5,3,,50,1,93.9,,
2026-02,OL1024,HG-CITY CENTRE SURAT 24,Health & Glow,MBO,Surat,Gujarat,West,SKU40381,Midnight Eyeliner Ocean 2.5Ml,Renee,Makeup,Eyeliner,Top 25,Active,699,9,8,,1,844,BGR West,2,1,,50,1,93.9,,
2026-02,OL1024,HG-CITY CENTRE SURAT 24,Health & Glow,MBO,Surat,Gujarat,West,SKU40544,Bb Cream Peach 30Ml,Renee,Makeup,Foundation,Top 10,Active,599,6,7,,3,2169,BGR West,6,4,,50,1,93.9,,
2026-02,OL1024,HG-CITY CENTRE SURAT 24,Health & Glow,MBO,Surat,Gujarat,West,SKU40588,Bb Cream Coral 30Ml,Renee,Makeup,Foundation,Top 10,Active,349,10,15,,9,3791,BGR West,16,14,,50,1,93.9,,
2026-02,OL1024,HG-CITY CENTRE SURAT 24,Health & Glow,MBO,Surat,Gujarat,West,SKU40722,Compact Powder Berry 9Gm,Renee,Makeup,Foundation,Top 10,Active,799,10,12,,3,2893,BGR West,6,5,,50,1,93.9,,
2026-02,OL1024,HG-CITY CENTRE SURAT 24,Health & Glow,MBO,Surat,Gujarat,West,SKU40763,Blending Brush R6,Renee,Makeup,Brushes,Others,Active,349,3,5,,4,1685,BGR West,7,6,,50,1,93.9,,
2026-02,OL1024,HG-CITY CENTRE SURAT 24,Health & Glow,MBO,Surat,Gujarat,West,SKU40812,Blending Brush R1,Renee,Makeup,Brushes,Top 10,Active,599,0,2,,9,6507,BGR West,11,11,,50,1,93.9,2025-09,
2026-02,OL1024,HG-CITY CENTRE SURAT 24,Health & Glow,MBO,Surat,Gujarat,West,SKU40850,Powder Brush R8,Renee,Makeup,Brushes,Top 25,Active,650,3,7,,4,3138,BGR West,9,8,,50,1,93.9,,
2026-02,OL1024,HG-CITY CENTRE SURAT 24,Health & Glow,MBO,Surat,Gujarat,West,SKU40928,Powder Brush R4,Renee,Makeup,Brushes,Top 25,Active,650,15,19,,4,3138,BGR West,8,8,,50,1,93.9,,
2026-02,OL1024,HG-CITY CENTRE SURAT 24,Health & Glow,MBO,Surat,Gujarat,West,SKU40951,Sunscreen Gel Spf 50 70Ml,Renee,Skincare,Sunscreen,Top 25,Active,999,10,11,,3,3618,BGR West,4,4,,45,1,93.9,,
2026-02,OL1024,HG-CITY CENTRE SURAT 24,Health & Glow,MBO,Surat,Gujarat,West,SKU40972,Sunscreen Gel Spf 50 70Ml,Renee,Skincare,Sunscreen,Top 25,Active,599,9,23,,4,2892,BGR West,7,5,,45,1,93.9,,
2026-02,OL1024,HG-CITY CENTRE SURAT 24,Health & Glow,MBO,Surat,Gujarat,West,SKU41032,Face Wash Hazelnut 60Ml,Renee,Skincare,Cleanser,Others,Active,499,0,4,,3,1807,BGR West,7,7,,45,1,93.9,,
2026-02,OL1024,HG-CITY CENTRE SURAT 24,Health & Glow,MBO,Surat,Gujarat,West,SKU41048,Face Wash Ocean 20Ml,Renee,Skincare,Cleanser,Others,Active,349,17,20,,3,1264,BGR West,7,6,,45,1,93.9,,
2026-02,OL1024,HG-CITY CENTRE SURAT 24,Health & Glow,MBO,Surat,Gujarat,West,SKU41215,Perfume Midnight 50Ml,Renee,Fragrance,EDP,Others,Active,399,6,5,,1,482,BGR West,0,0,,55,1,93.9,,
2026-02,OL1024,HG-CITY CENTRE SURAT 24,Health & Glow,MBO,Surat,Gujarat,West,SKU41420,Body Mist Coral 100Ml,Renee,Fragrance,Body Mist,Top 25,Active,399,20,21,,2,963,BGR West,5,3,,55,1,93.9,,
2026-02,OL1024,HG-CITY CENTRE SURAT 24,Health & Glow,MBO,Surat,Gujarat,West,SKU41476,Body Mist Mocha 100Ml,Renee,Fragrance,Body Mist,Top 10,Active,799,24,27,,5,4822,BGR West,9,8,,55,1,93.9,,
2026-02,OL1024,HG-CITY CENTRE SURAT 24,Health & Glow,MBO,Surat,Gujarat,West,SKU41608,Hair Oil Berry 100Ml,Renee,Haircare,Hair Oil,Others,Active,449,4,3,,2,1084,BGR West,2,1,,35,1,93.9,,
2026-02,OL1025,HG-PHOENIX CHANDIGARH 25,Health & Glow,MBO,Chandigarh,Punjab,North,SKU40078,Matte Lip Color Rose 4.2Ml,Renee,Makeup,Lipstick,Top 25,Active,650,7,10,,2,1355,BGR North,6,6,,50,4,62.1,,
2026-02,OL1025,HG-PHOENIX CHANDIGARH 25,Health & Glow,MBO,Chandigarh,Punjab,North,SKU40127,Matte Lip Color Coral 4.2Ml,Renee,Makeup,Lipstick,Top 25,Active,499,26,28,,3,1561,BGR North,7,6,,50,4,62.1,,
2026-02,OL1025,HG-PHOENIX CHANDIGARH 25,Health & Glow,MBO,Chandigarh,Punjab,North,SKU40266,Liquid Lipstick Nude 5Ml,Renee,Makeup,Lipstick,Top 10,Active,799,15,19,,8,6664,BGR North,12,12,,50,4,62.1,,
2026-02,OL1025,HG-PHOENIX CHANDIGARH 25,Health & Glow,MBO,Chandigarh,Punjab,North,SKU40281,Midnight Eyeliner Berry 2.5Ml,Renee,Makeup,Eyeliner,Others,Active,299,0,0,,3,935,BGR North,3,3,,50,4,62.1,,
2026-02,OL1025,HG-PHOENIX CHANDIGARH 25,Health & Glow,MBO,Chandigarh,Punjab,North,SKU40381,Midnight Eyeliner Ocean 2.5Ml,Renee,Makeup,Eyeliner,Top 25,Active,699,9,10,,3,2186,BGR North,5,4,,50,4,62.1,,
2026-02,OL1025,HG-PHOENIX CHANDIGARH 25,Health & Glow,MBO,Chandigarh,Punjab,North,SKU40544,Bb Cream Peach 30Ml,Renee,Makeup,Foundation,Top 10,Active,599,0,0,,6,3747,BGR North,9,6,,50,4,62.1,,
2026-02,OL1025,HG-PHOENIX CHANDIGARH 25,Health & Glow,MBO,Chandigarh,Punjab,North,SKU40662,Compact Powder Nude 9Gm,Renee,Makeup,Foundation,Top 25,Active,1199,23,27,,4,5000,BGR North,8,8,,50,4,62.1,,
2026-02,OL1025,HG-PHOENIX CHANDIGARH 25,Health & Glow,MBO,Chandigarh,Punjab,North,SKU40763,Blending Brush R6,Renee,Makeup,Brushes,Others,Active,349,9,13,,3,1092,BGR North,7,7,,50,4,62.1,,
2026-02,OL1025,HG-PHOENIX CHANDIGARH 25,Health & Glow,MBO,Chandigarh,Punjab,North,SKU40812,Blending Brush R1,Renee,Makeup,Brushes,Top 10,Active,599,86,84,,6,3747,BGR North,6,4,,50,4,62.1,2025-09,
2026-02,OL1025,HG-PHOENIX CHANDIGARH 25,Health & Glow,MBO,Chandigarh,Punjab,North,SKU40836,Blending Brush R4,Renee,Makeup,Brushes,Top 10,Active,1199,28,27,,6,7500,BGR North,7,5,,50,4,62.1,,
2026-02,OL1025,HG-PHOENIX CHANDIGARH 25,Health & Glow,MBO,Chandigarh,Punjab,North,SKU40850,Powder Brush R8,Renee,Makeup,Brushes,Top 25,Active,650,12,12,,4,2711,BGR North,5,4,,50,4,62.1,,
2026-02,OL1025,HG-PHOENIX CHANDIGARH 25,Health & Glow,MBO,Chandigarh,Punjab,North,SKU40951,Sunscreen Gel Spf 50 70Ml,Renee,Skincare,Sunscreen,Top 25,Active,999,0,1,,1,1041,BGR North,3,2,,45,4,62.1,,
2026-02,OL1025,HG-PHOENIX CHANDIGARH 25,Health & Glow,MBO,Chandigarh,Punjab,North,SKU40979,Sunscreen Gel Spf 50 50Ml,Renee,Skincare,Sunscreen,Top 25,Active,799,4,4,,2,1666,BGR North,2,2,,45,4,62.1,,
2026-02,OL1025,HG-PHOENIX CHANDIGARH 25,Health & Glow,MBO,Chandigarh,Punjab,North,SKU41024,Vitamin C Serum 30Ml,Renee,Skincare,Serum,Others,Active,449,0,0,,4,1872,BGR North,5,3,,45,4,62.1,,
2026-02,OL1025,HG-PHOENIX CHANDIGARH 25,Health & Glow,MBO,Chandigarh,Punjab,North,SKU41032,Face Wash Hazelnut 60Ml,Renee,Skincare,Cleanser,Others,Active,499,41,43,,1,520,BGR North,4,3,,45,4,62.1,,
2026-02,OL1025,HG-PHOENIX CHANDIGARH 25,Health & Glow,MBO,Chandigarh,Punjab,North,SKU41048,Face Wash Ocean 20Ml,Renee,Skincare,Cleanser,Others,Active,349,17,23,,6,2183,BGR North,12,12,,45,4,62.1,,
2026-02,OL1025,HG-PHOENIX CHANDIGARH 25,Health & Glow,MBO,Chandigarh,Punjab,North,SKU41382,Perfume Peach 50Ml,Renee,Fragrance,EDP,Top 25,Active,499,14,16,,3,1561,BGR North,5,5,,55,4,62.1,2025-08,
2026-02,OL1025,HG-PHOENIX CHANDIGARH 25,Health & Glow,MBO,Chandigarh,Punjab,North,SKU41476,Body Mist Mocha 100Ml,Renee,Fragrance,Body Mist,Top 10,Active,799,17,17,,4,3332,BGR North,4,4,,55,4,62.1,,
2026-02,OL1025,HG-PHOENIX CHANDIGARH 25,Health & Glow,MBO,Chandigarh,Punjab,North,SKU41608,Hair Oil Berry 100Ml,Renee,Haircare,Hair Oil,Others,Active,449,6,6,,1,468,BGR North,1,1,,35,4,62.1,,
2026-02,OL1025,HG-PHOENIX CHANDIGARH 25,Health & Glow,MBO,Chandigarh,Punjab,North,SKU41647,Hair Oil Hazelnut 100Ml,Renee,Haircare,Hair Oil,Others,Active,799,4,6,,2,1666,BGR North,5,4,,35,4,62.1,,
2026-02,OL1026,HG-PHOENIX NOIDA 26,Health & Glow,MBO,Noida,Uttar Pradesh,North,SKU40108,Matte Lip Color Peach 4.2Ml,Renee,Makeup,Lipstick,Top 10,Active,650,0,3,,0,0,BGR North,8,7,,50,4,85,,
2026-02,OL1026,HG-PHOENIX NOIDA 26,Health & Glow,MBO,Noida,Uttar Pradesh,North,SKU40127,Matte Lip Color Coral 4.2Ml,Renee,Makeup,Lipstick,Top 25,Active,499,7,7,,4,2272,BGR North,6,4,,50,4,85,,
2026-02,OL1026,HG-PHOENIX NOIDA 26,Health & Glow,MBO,Noida,Uttar Pradesh,North,SKU40202,Liquid Lipstick Mocha 5Ml,Renee,Makeup,Lipstick,Top 25,Active,799,7,8,,4,3638,BGR North,6,5,,50,4,85,2025-11,
2026-02,OL1026,HG-PHOENIX NOIDA 26,Health & Glow,MBO,Noida,Uttar Pradesh,North,SKU40266,Liquid Lipstick Nude 5Ml,Renee,Makeup,Lipstick,Top 10,Active,799,24,26,,7,6367,BGR North,14,9,,50,4,85,,
2026-02,OL1026,HG-PHOENIX NOIDA 26,Health & Glow,MBO,Noida,Uttar Pradesh,North,SKU40281,Midnight Eyeliner Berry 2.5Ml,Renee,Makeup,Eyeliner,Others,Active,299,19,19,,2,681,BGR North,3,2,,50,4,85,,
2026-02,OL1026,HG-PHOENIX NOIDA 26,Health & Glow,MBO,Noida,Uttar Pradesh,North,SKU40318,Midnight Eyeliner Hazelnut 2.5Ml,Renee,Makeup,Eyeliner,Others,Active,650,15,17,,3,2220,BGR North,5,5,,50,4,85,,
2026-02,OL1026,HG-PHOENIX NOIDA 26,Health & Glow,MBO,Noida,Uttar Pradesh,North,SKU40425,Kajal Vanilla 0.35Gm,Renee,Makeup,Eyeliner,Top 25,Active,299,11,10,,2,681,BGR North,2,1,,50,4,85,,
2026-02,OL1026,HG-PHOENIX NOIDA 26,Health & Glow,MBO,Noida,Uttar Pradesh,North,SKU40544,Bb Cream Peach 30Ml,Renee,Makeup,Foundation,Top 10,Active,599,7,8,,9,6137,BGR North,10,10,,50,4,85,,
2026-02,OL1026,HG-PHOENIX NOIDA 26,Health & Glow,MBO,Noida,Uttar Pradesh,North,SKU40595,Compact Powder Mocha 9Gm,Renee,Makeup,Foundation,Top 10,Active,449,11,18,,0,0,BGR North,13,13,,50,4,85,,
2026-02,OL1026,HG-PHOENIX NOIDA 26,Health & Glow,MBO,Noida,Uttar Pradesh,North,SKU40763,Blending Brush R6,Renee,Makeup,Brushes,Others,Active,349,7,8,,2,795,BGR North,3,3,,50,4,85,,
2026-02,OL1026,HG-PHOENIX NOIDA 26,Health & Glow,MBO,Noida,Uttar Pradesh,North,SKU40812,Blending Brush R1,Renee,Makeup,Brushes,Top 10,Active,599,11,14,,6,4092,BGR North,9,9,,50,4,85,2025-09,
2026-02,OL1026,HG-PHOENIX NOIDA 26,Health & Glow,MBO,Noida,Uttar Pradesh,North,SKU40836,Blending Brush R4,Renee,Makeup,Brushes,Top 10,Active,1199,9,13,,3,4095,BGR North,7,7,,50,4,85,,
2026-02,OL1026,HG-PHOENIX NOIDA 26,Health & Glow,MBO,Noida,Uttar Pradesh,North,SKU40928,Powder Brush R4,Renee,Makeup,Brushes,Top 25,Active,650,4,0,,3,2220,BGR North,8,6,,50,4,85,,
2026-02,OL1026,HG-PHOENIX NOIDA 26,Health & Glow,MBO,Noida,Uttar Pradesh,North,SKU40951,Sunscreen Gel Spf 50 70Ml,Renee,Skincare,Sunscreen,Top 25,Active,999,12,14,,0,0,BGR North,2,2,,45,4,85,,
2026-02,OL1026,HG-PHOENIX NOIDA 26,Health & Glow,MBO,Noida,Uttar Pradesh,North,SKU40972,Sunscreen Gel Spf 50 70Ml,Renee,Skincare,Sunscreen,Top 25,Active,599,1,4,,2,1364,BGR North,5,5,,45,4,85,,
2026-02,OL1026,HG-PHOENIX NOIDA 26,Health & Glow,MBO,Noida,Uttar Pradesh,North,SKU41032,Face Wash Hazelnut 60Ml,Renee,Skincare,Cleanser,Others,Active,499,10,9,,1,568,BGR North,1,0,,45,4,85,,
2026-02,OL1026,HG-PHOENIX NOIDA 26,Health & Glow,MBO,Noida,Uttar Pradesh,North,SKU41048,Face Wash Ocean 20Ml,Renee,Skincare,Cleanser,Others,Active,349,15,18,,4,1589,BGR North,7,7,,45,4,85,,
2026-02,OL1026,HG-PHOENIX NOIDA 26,Health & Glow,MBO,Noida,Uttar Pradesh,North,SKU41129,Face Wash Vanilla 40Ml,Renee,Skincare,Cleanser,Others,Active,299,7,9,,1,340,BGR North,4,3,,45,4,85,,
2026-02,OL1026,HG-PHOENIX NOIDA 26,Health & Glow,MBO,Noida,Uttar Pradesh,North,SKU41215,Perfume Midnight 50Ml,Renee,Fragrance,EDP,Others,Active,399,20,20,,1,454,BGR North,2,1,,55,4,85,,
2026-02,OL1026,HG-PHOENIX NOIDA 26,Health & Glow,MBO,Noida,Uttar Pradesh,North,SKU41420,Body Mist Coral 100Ml,Renee,Fragrance,Body Mist,Top 25,Active,399,0,0,,3,1363,BGR North,5,3,,55,4,85,,
2026-02,OL1026,HG-PHOENIX NOIDA 26,Health & Glow,MBO,Noida,Uttar Pradesh,North,SKU41476,Body Mist Mocha 100Ml,Renee,Fragrance,Body Mist,Top 10,Active,799,22,0,,5,4548,BGR North,5,4,,55,4,85,,
2026-02,OL1026,HG-PHOENIX NOIDA 26,Health & Glow,MBO,Noida,Uttar Pradesh,North,SKU41608,Hair Oil Berry 100Ml,Renee,Haircare,Hair Oil,Others,Active,449,27,29,,2,1022,BGR North,4,4,,35,4,85,,
2026-02,OL1027,SSL-FORUM CHANDIGARH 1,Shoppers Stop,Department Store,Chandigarh,Punjab,North,SKU40281,Midnight Eyeliner Berry 2.5Ml,Renee,Makeup,Eyeliner,Others,Active,299,25,0,,5,1677,BGR North,12,10,,50,4,92.3,,
2026-02,OL1027,SSL-FORUM CHANDIGARH 1,Shoppers Stop,Department Store,Chandigarh,Punjab,North,SKU40318,Midnight Eyeliner Hazelnut 2.5Ml,Renee,Makeup,Eyeliner,Others,Active,650,5,3,,2,1458,BGR North,1,0,,50,4,92.3,,
2026-02,OL1027,SSL-FORUM CHANDIGARH 1,Shoppers Stop,Department Store,Chandigarh,Punjab,North,SKU40381,Midnight Eyeliner Ocean 2.5Ml,Renee,Makeup,Eyeliner,Top 25,Active,699,9,9,,5,3921,BGR North,6,5,,50,4,92.3,,
2026-02,OL1027,SSL-FORUM CHANDIGARH 1,Shoppers Stop,Department Store,Chandigarh,Punjab,North,SKU40544,Bb Cream Peach 30Ml,Renee,Makeup,Foundation,Top 10,Active,599,17,19,,7,4704,BGR North,10,9,,50,4,92.3,,
2026-02,OL1027,SSL-FORUM CHANDIGARH 1,Shoppers Stop,Department Store,Chandigarh,Punjab,North,SKU40588,Bb Cream Coral 30Ml,Renee,Makeup,Foundation,Top 10,Active,349,13,0,,11,4307,BGR North,15,14,,50,4,92.3,,
2026-02,OL1027,SSL-FORUM CHANDIGARH 1,Shoppers Stop,Department Store,Chandigarh,Punjab,North,SKU40662,Compact Powder Nude 9Gm,Renee,Makeup,Foundation,Top 25,Active,1199,5,5,,2,2690,BGR North,3,2,,50,4,92.3,,
2026-02,OL1027,SSL-FORUM CHANDIGARH 1,Shoppers Stop,Department Store,Chandigarh,Punjab,North,SKU40722,Compact Powder Berry 9Gm,Renee,Makeup,Foundation,Top 10,Active,799,23,24,,3,2689,BGR North,4,4,,50,4,92.3,,
2026-02,OL1027,SSL-FORUM CHANDIGARH 1,Shoppers Stop,Department Store,Chandigarh,Punjab,North,SKU40763,Blending Brush R6,Renee,Makeup,Brushes,Others,Active,349,12,14,,4,1566,BGR North,7,6,,50,4,92.3,,
2026-02,OL1027,SSL-FORUM CHANDIGARH 1,Shoppers Stop,Department Store,Chandigarh,Punjab,North,SKU40850,Powder Brush R8,Renee,Makeup,Brushes,Top 25,Active,650,25,23,,6,4375,BGR North,6,4,,50,4,92.3,,
2026-02,OL1027,SSL-FORUM CHANDIGARH 1,Shoppers Stop,Department Store,Chandigarh,Punjab,North,SKU40928,Powder Brush R4,Renee,Makeup,Brushes,Top 25,Active,650,16,15,,5,3646,BGR North,4,4,,50,4,92.3,,
2026-02,OL1027,SSL-FORUM CHANDIGARH 1,Shoppers Stop,Department Store,Chandigarh,Punjab,North,SKU41032,Face Wash Hazelnut 60Ml,Renee,Skincare,Cleanser,Others,Active,499,1,2,,1,560,BGR North,3,2,,45,4,92.3,,
2026-02,OL1027,SSL-FORUM CHANDIGARH 1,Shoppers Stop,Department Store,Chandigarh,Punjab,North,SKU41215,Perfume Midnight 50Ml,Renee,Fragrance,EDP,Others,Active,399,4,7,,1,448,BGR North,4,4,,55,4,92.3,,
2026-02,OL1027,SSL-FORUM CHANDIGARH 1,Shoppers Stop,Department Store,Chandigarh,Punjab,North,SKU41295,Perfume Rose 50Ml,Renee,Fragrance,EDP,Top 25,Active,599,0,0,,6,4032,BGR North,5,5,,55,4,92.3,,
2026-02,OL1027,SSL-FORUM CHANDIGARH 1,Shoppers Stop,Department Store,Chandigarh,Punjab,North,SKU41420,Body Mist Coral 100Ml,Renee,Fragrance,Body Mist,Top 25,Active,399,3,5,,4,1791,BGR North,7,6,,55,4,92.3,,
2026-02,OL1027,SSL-FORUM CHANDIGARH 1,Shoppers Stop,Department Store,Chandigarh,Punjab,North,SKU41476,Body Mist Mocha 100Ml,Renee,Fragrance,Body Mist,Top 10,Active,799,0,3,,10,8964,BGR North,17,13,,55,4,92.3,,
2026-02,OL1027,SSL-FORUM CHANDIGARH 1,Shoppers Stop,Department Store,Chandigarh,Punjab,North,SKU41608,Hair Oil Berry 100Ml,Renee,Haircare,Hair Oil,Others,Active,449,5,0,,2,1007,BGR North,5,4,,35,4,92.3,,
2026-02,OL1028,SSL-ORION BANGALORE 2,Shoppers Stop,Department Store,Bangalore,Karnataka,South,SKU40108,Matte Lip Color Peach 4.2Ml,Renee,Makeup,Lipstick,Top 10,Active,650,14,19,,5,3589,BGR South,10,10,,50,2,71.1,,
2026-02,OL1028,SSL-ORION BANGALORE 2,Shoppers Stop,Department Store,Bangalore,Karnataka,South,SKU40127,Matte Lip Color Coral 4.2Ml,Renee,Makeup,Lipstick,Top 25,Active,499,9,0,,5,2755,BGR South,8,5,,50,2,71.1,,
2026-02,OL1028,SSL-ORION BANGALORE 2,Shoppers Stop,Department Store,Bangalore,Karnataka,South,SKU40202,Liquid Lipstick Mocha 5Ml,Renee,Makeup,Lipstick,Top 25,Active,799,5,5,,1,882,BGR South,2,1,,50,2,71.1,2025-11,
2026-02,OL1028,SSL-ORION BANGALORE 2,Shoppers Stop,Department Store,Bangalore,Karnataka,South,SKU40266,Liquid Lipstick Nude 5Ml,Renee,Makeup,Lipstick,Top 10,Active,799,10,14,,6,5294,BGR South,12,10,,50,2,71.1,,
2026-02,OL1028,SSL-ORION BANGALORE 2,Shoppers Stop,Department Store,Bangalore,Karnataka,South,SKU40281,Midnight Eyeliner Berry 2.5Ml,Renee,Makeup,Eyeliner,Others,Active,299,4,6,,4,1321,BGR South,6,6,,50,2,71.1,,
2026-02,OL1028,SSL-ORION BANGALORE 2,Shoppers Stop,Department Store,Bangalore,Karnataka,South,SKU40318,Midnight Eyeliner Hazelnut 2.5Ml,Renee,Makeup,Eyeliner,Others,Active,650,9,13,,2,1435,BGR South,6,6,,50,2,71.1,,
2026-02,OL1028,SSL-ORION BANGALORE 2,Shoppers Stop,Department Store,Bangalore,Karnataka,South,SKU40490,Kajal Midnight 0.35Gm,Renee,Makeup,Eyeliner,Top 10,Active,599,53,56,,5,3307,BGR South,8,8,,50,2,71.1,,
2026-02,OL1028,SSL-ORION BANGALORE 2,Shoppers Stop,Department Store,Bangalore,Karnataka,South,SKU40544,Bb Cream Peach 30Ml,Renee,Makeup,Foundation,Top 10,Active,599,25,0,,5,3307,BGR South,6,6,,50,2,71.1,,
2026-02,OL1028,SSL-ORION BANGALORE 2,Shoppers Stop,Department Store,Bangalore,Karnataka,South,SKU40763,Blending Brush R6,Renee,Makeup,Brushes,Others,Active,349,0,8,,1,385,BGR South,2,2,,50,2,71.1,,
2026-02,OL1028,SSL-ORION BANGALORE 2,Shoppers Stop,Department Store,Bangalore,Karnataka,South,SKU40812,Blending Brush R1,Renee,Makeup,Brushes,Top 10,Active,599,23,27,,5,3307,BGR South,9,9,,50,2,71.1,2025-09,
2026-02,OL1028,SSL-ORION BANGALORE 2,Shoppers Stop,Department Store,Bangalore,Karnataka,South,SKU40836,Blending Brush R4,Renee,Makeup,Brushes,Top 10,Active,1199,14,17,,5,6620,BGR South,8,8,,50,2,71.1,,
2026-02,OL1028,SSL-ORION BANGALORE 2,Shoppers Stop,Department Store,Bangalore,Karnataka,South,SKU40979,Sunscreen Gel Spf 50 50Ml,Renee,Skincare,Sunscreen,Top 25,Active,799,0,1,,2,1765,BGR South,4,3,,45,2,71.1,,
2026-02,OL1028,SSL-ORION BANGALORE 2,Shoppers Stop,Department Store,Bangalore,Karnataka,South,SKU41032,Face Wash Hazelnut 60Ml,Renee,Skincare,Cleanser,Others,Active,499,5,7,,1,551,BGR South,3,3,,45,2,71.1,,
2026-02,OL1028,SSL-ORION BANGALORE 2,Shoppers Stop,Department Store,Bangalore,Karnataka,South,SKU41129,Face Wash Vanilla 40Ml,Renee,Skincare,Cleanser,Others,Active,299,16,17,,1,330,BGR South,2,2,,45,2,71.1,,
2026-02,OL1028,SSL-ORION BANGALORE 2,Shoppers Stop,Department Store,Bangalore,Karnataka,South,SKU41215,Perfume Midnight 50Ml,Renee,Fragrance,EDP,Others,Active,399,2,2,,1,441,BGR South,1,1,,55,2,71.1,,
2026-02,OL1028,SSL-ORION BANGALORE 2,Shoppers Stop,Department Store,Bangalore,Karnataka,South,SKU41420,Body Mist Coral 100Ml,Renee,Fragrance,Body Mist,Top 25,Active,399,12,11,,2,881,BGR South,2,1,,55,2,71.1,,
2026-02,OL1028,SSL-ORION BANGALORE 2,Shoppers Stop,Department Store,Bangalore,Karnataka,South,SKU41476,Body Mist Mocha 100Ml,Renee,Fragrance,Body Mist,Top 10,Active,799,57,56,,6,5294,BGR South,6,5,,55,2,71.1,,
2026-02,OL1028,SSL-ORION BANGALORE 2,Shoppers Stop,Department Store,Bangalore,Karnataka,South,SKU41536,Body Mist Nude 100Ml,Renee,Fragrance,Body Mist,Top 25,Active,349,36,36,,7,2698,BGR South,8,7,,55,2,71.1,,
2026-02,OL1028,SSL-ORION BANGALORE 2,Shoppers Stop,Department Store,Bangalore,Karnataka,South,SKU41608,Hair Oil Berry 100Ml,Renee,Haircare,Hair Oil,Others,Active,449,3,5,,1,496,BGR South,1,0,,35,2,71.1,,
2026-02,OL1028,SSL-ORION BANGALORE 2,Shoppers Stop,Department Store,Bangalore,Karnataka,South,SKU41647,Hair Oil Hazelnut 100Ml,Renee,Haircare,Hair Oil,Others,Active,799,0,0,,1,882,BGR South,1,0,,35,2,71.1,,
2026-02,OL1029,SSL-SELECT NOIDA 3,Shoppers Stop,Department Store,Noida,Uttar Pradesh,North,SKU40078,Matte Lip Color Rose 4.2Ml,Renee,Makeup,Lipstick,Top 25,Active,650,6,8,,7,4414,BGR North,12,9,,50,2,60.2,,
2026-02,OL1029,SSL-SELECT NOIDA 3,Shoppers Stop,Department Store,Noida,Uttar Pradesh,North,SKU40127,Matte Lip Color Coral 4.2Ml,Renee,Makeup,Lipstick,Top 25,Active,499,40,92,,12,5808,BGR North,19,15,,50,2,60.2,,
2026-02,OL1029,SSL-SELECT NOIDA 3,Shoppers Stop,Department Store,Noida,Uttar Pradesh,North,SKU40202,Liquid Lipstick Mocha 5Ml,Renee,Makeup,Lipstick,Top 25,Active,799,5,4,,2,1550,BGR North,2,1,,50,2,60.2,2025-11,
2026-02,OL1029,SSL-SELECT NOIDA 3,Shoppers Stop,Department Store,Noida,Uttar Pradesh,North,SKU40281,Midnight Eyeliner Berry 2.5Ml,Renee,Makeup,Eyeliner,Others,Active,299,23,25,,5,1450,BGR North,8,7,,50,2,60.2,,
2026-02,OL1029,SSL-SELECT NOIDA 3,Shoppers Stop,Department Store,Noida,Uttar Pradesh,North,SKU40318,Midnight Eyeliner Hazelnut 2.5Ml,Renee,Makeup,Eyeliner,Others,Active,650,12,12,,0,0,BGR North,0,0,,50,2,60.2,,
2026-02,OL1029,SSL-SELECT NOIDA 3,Shoppers Stop,Department Store,Noida,Uttar Pradesh,North,SKU40425,Kajal Vanilla 0.35Gm,Renee,Makeup,Eyeliner,Top 25,Active,299,154,149,,18,5221,BGR North,19,13,,50,2,60.2,,
2026-02,OL1029,SSL-SELECT NOIDA 3,Shoppers Stop,Department Store,Noida,Uttar Pradesh,North,SKU40544,Bb Cream Peach 30Ml,Renee,Makeup,Foundation,Top 10,Active,599,54,56,,16,9296,BGR North,19,18,,50,2,60.2,,
2026-02,OL1029,SSL-SELECT NOIDA 3,Shoppers Stop,Department Store,Noida,Uttar Pradesh,North,SKU40588,Bb Cream Coral 30Ml,Renee,Makeup,Foundation,Top 10,Active,349,54,62,,13,4401,BGR North,21,21,,50,2,60.2,,
2026-02,OL1029,SSL-SELECT NOIDA 3,Shoppers Stop,Department Store,Noida,Uttar Pradesh,North,SKU40763,Blending Brush R6,Renee,Makeup,Brushes,Others,Active,349,13,14,,4,1354,BGR North,8,5,,50,2,60.2,,
2026-02,OL1029,SSL-SELECT NOIDA 3,Shoppers Stop,Department Store,Noida,Uttar Pradesh,North,SKU40836,Blending Brush R4,Renee,Makeup,Brushes,Top 10,Active,1199,16,14,,11,12793,BGR North,11,9,,50,2,60.2,,
2026-02,OL1029,SSL-SELECT NOIDA 3,Shoppers Stop,Department Store,Noida,Uttar Pradesh,North,SKU40951,Sunscreen Gel Spf 50 70Ml,Renee,Skincare,Sunscreen,Top 25,Active,999,18,23,,3,2907,BGR North,8,8,,45,2,60.2,,
2026-02,OL1029,SSL-SELECT NOIDA 3,Shoppers Stop,Department Store,Noida,Uttar Pradesh,North,SKU40972,Sunscreen Gel Spf 50 70Ml,Renee,Skincare,Sunscreen,Top 25,Active,599,14,17,,5,2905,BGR North,8,8,,45,2,60.2,,
2026-02,OL1029,SSL-SELECT NOIDA 3,Shoppers Stop,Department Store,Noida,Uttar Pradesh,North,SKU41024,Vitamin C Serum 30Ml,Renee,Skincare,Serum,Others,Active,449,3,5,,1,436,BGR North,4,3,,45,2,60.2,,
2026-02,OL1029,SSL-SELECT NOIDA 3,Shoppers Stop,Department Store,Noida,Uttar Pradesh,North,SKU41032,Face Wash Hazelnut 60Ml,Renee,Skincare,Cleanser,Others,Active,499,4,23,,3,1452,BGR North,3,3,,45,2,60.2,,
2026-02,OL1029,SSL-SELECT NOIDA 3,Shoppers Stop,Department Store,Noida,Uttar Pradesh,North,SKU41215,Perfume Midnight 50Ml,Renee,Fragrance,EDP,Others,Active,399,1,3,,1,387,BGR North,4,3,,55,2,60.2,,
2026-02,OL1029,SSL-SELECT NOIDA 3,Shoppers Stop,Department Store,Noida,Uttar Pradesh,North,SKU41420,Body Mist Coral 100Ml,Renee,Fragrance,Body Mist,Top 25,Active,399,14,21,,6,2322,BGR North,13,13,,55,2,60.2,,
2026-02,OL1029,SSL-SELECT NOIDA 3,Shoppers Stop,Department Store,Noida,Uttar Pradesh,North,SKU41476,Body Mist Mocha 100Ml,Renee,Fragrance,Body Mist,Top 10,Active,799,29,24,,13,10075,BGR North,12,8,,55,2,60.2,,
2026-02,OL1030,SSL-NEXUS NOIDA 4,Shoppers Stop,Department Store,Noida,Uttar Pradesh,North,SKU40078,Matte Lip Color Rose 4.2Ml,Renee,Makeup,Lipstick,Top 25,Active,650,0,0,,3,1893,BGR North,4,2,,50,1,75.3,,
2026-02,OL1030,SSL-NEXUS NOIDA 4,Shoppers Stop,Department Store,Noida,Uttar Pradesh,North,SKU40127,Matte Lip Color Coral 4.2Ml,Renee,Makeup,Lipstick,Top 25,Active,499,57,32,,4,1937,BGR North,6,5,,50,1,75.3,,
2026-02,OL1030,SSL-NEXUS NOIDA 4,Shoppers Stop,Department Store,Noida,Uttar Pradesh,North,SKU40202,Liquid Lipstick Mocha 5Ml,Renee,Makeup,Lipstick,Top 25,Active,799,2,0,,1,776,BGR North,3,3,,50,1,75.3,2025-11,
2026-02,OL1030,SSL-NEXUS NOIDA 4,Shoppers Stop,Department Store,Noida,Uttar Pradesh,North,SKU40266,Liquid Lipstick Nude 5Ml,Renee,Makeup,Lipstick,Top 10,Active,799,19,23,,4,3102,BGR North,8,8,,50,1,75.3,,
2026-02,OL1030,SSL-NEXUS NOIDA 4,Shoppers Stop,Department Store,Noida,Uttar Pradesh,North,SKU40381,Midnight Eyeliner Ocean 2.5Ml,Renee,Makeup,Eyeliner,Top 25,Active,699,3,3,,2,1357,BGR North,3,2,,50,1,75.3,,
2026-02,OL1030,SSL-NEXUS NOIDA 4,Shoppers Stop,Department Store,Noida,Uttar Pradesh,North,SKU40490,Kajal Midnight 0.35Gm,Renee,Makeup,Eyeliner,Top 10,Active,599,0,3,,4,2326,BGR North,7,7,,50,1,75.3,,
2026-02,OL1030,SSL-NEXUS NOIDA 4,Shoppers Stop,Department Store,Noida,Uttar Pradesh,North,SKU40595,Compact Powder Mocha 9Gm,Renee,Makeup,Foundation,Top 10,Active,449,0,1,,4,1743,BGR North,6,5,,50,1,75.3,,
2026-02,OL1030,SSL-NEXUS NOIDA 4,Shoppers Stop,Department Store,Noida,Uttar Pradesh,North,SKU40722,Compact Powder Berry 9Gm,Renee,Makeup,Foundation,Top 10,Active,799,21,22,,3,2327,BGR North,5,4,,50,1,75.3,,
2026-02,OL1030,SSL-NEXUS NOIDA 4,Shoppers Stop,Department Store,Noida,Uttar Pradesh,North,SKU40763,Blending Brush R6,Renee,Makeup,Brushes,Others,Active,349,1,2,,4,1355,BGR North,5,5,,50,1,75.3,,
2026-02,OL1030,SSL-NEXUS NOIDA 4,Shoppers Stop,Department Store,Noida,Uttar Pradesh,North,SKU40812,Blending Brush R1,Renee,Makeup,Brushes,Top 10,Active,599,11,12,,4,2326,BGR North,8,5,,50,1,75.3,2025-09,
2026-02,OL1030,SSL-NEXUS NOIDA 4,Shoppers Stop,Department Store,Noida,Uttar Pradesh,North,SKU40836,Blending Brush R4,Renee,Makeup,Brushes,Top 10,Active,1199,19,19,,7,8147,BGR North,7,7,,50,1,75.3,,
2026-02,OL1030,SSL-NEXUS NOIDA 4,Shoppers Stop,Department Store,Noida,Uttar Pradesh,North,SKU40850,Powder Brush R8,Renee,Makeup,Brushes,Top 25,Active,650,6,7,,4,2524,BGR North,6,5,,50,1,75.3,,
2026-02,OL1030,SSL-NEXUS NOIDA 4,Shoppers Stop,Department Store,Noida,Uttar Pradesh,North,SKU40928,Powder Brush R4,Renee,Makeup,Brushes,Top 25,Active,650,9,9,,2,1262,BGR North,3,2,,50,1,75.3,,
2026-02,OL1030,SSL-NEXUS NOIDA 4,Shoppers Stop,Department Store,Noida,Uttar Pradesh,North,SKU40951,Sunscreen Gel Spf 50 70Ml,Renee,Skincare,Sunscreen,Top 25,Active,999,6,9,,1,970,BGR North,4,4,,45,1,75.3,,
2026-02,OL1030,SSL-NEXUS NOIDA 4,Shoppers Stop,Department Store,Noida,Uttar Pradesh,North,SKU40972,Sunscreen Gel Spf 50 70Ml,Renee,Skincare,Sunscreen,Top 25,Active,599,0,0,,3,1744,BGR North,3,3,,45,1,75.3,,
2026-02,OL1030,SSL-NEXUS NOIDA 4,Shoppers Stop,Department Store,Noida,Uttar Pradesh,North,SKU40979,Sunscreen Gel Spf 50 50Ml,Renee,Skincare,Sunscreen,Top 25,Active,799,5,7,,1,776,BGR North,1,0,,45,1,75.3,,
2026-02,OL1030,SSL-NEXUS NOIDA 4,Shoppers Stop,Department Store,Noida,Uttar Pradesh,North,SKU41032,Face Wash Hazelnut 60Ml,Renee,Skincare,Cleanser,Others,Active,499,2,1,,1,484,BGR North,1,0,,45,1,75.3,,
2026-02,OL1030,SSL-NEXUS NOIDA 4,Shoppers Stop,Department Store,Noida,Uttar Pradesh,North,SKU41048,Face Wash Ocean 20Ml,Renee,Skincare,Cleanser,Others,Active,349,9,10,,3,1016,BGR North,7,4,,45,1,75.3,,
2026-02,OL1030,SSL-NEXUS NOIDA 4,Shoppers Stop,Department Store,Noida,Uttar Pradesh,North,SKU41382,Perfume Peach 50Ml,Renee,Fragrance,EDP,Top 25,Active,499,0,5,,3,1453,BGR North,8,8,,55,1,75.3,2025-08,
2026-02,OL1030,SSL-NEXUS NOIDA 4,Shoppers Stop,Department Store,Noida,Uttar Pradesh,North,SKU41420,Body Mist Coral 100Ml,Renee,Fragrance,Body Mist,Top 25,Active,399,3,17,,2,775,BGR North,5,5,,55,1,75.3,,
2026-02,OL1030,SSL-NEXUS NOIDA 4,Shoppers Stop,Department Store,Noida,Uttar Pradesh,North,SKU41476,Body Mist Mocha 100Ml,Renee,Fragrance,Body Mist,Top 10,Active,799,13,0,,6,4653,BGR North,12,12,,55,1,75.3,,
2026-02,OL1030,SSL-NEXUS NOIDA 4,Shoppers Stop,Department Store,Noida,Uttar Pradesh,North,SKU41536,Body Mist Nude 100Ml,Renee,Fragrance,Body Mist,Top 25,Active,349,17,16,,5,1694,BGR North,6,4,,55,1,75.3,,
2026-02,OL1031,SSL-SELECT HYDERABAD 5,Shoppers Stop,Department Store,Hyderabad,Telangana,South,SKU40078,Matte Lip Color Rose 4.2Ml,Renee,Makeup,Lipstick,Top 25,Active,650,16,21,,3,1869,BGR South,8,8,,50,1,69.6,,
2026-02,OL1031,SSL-SELECT HYDERABAD 5,Shoppers Stop,Department Store,Hyderabad,Telangana,South,SKU40202,Liquid Lipstick Mocha 5Ml,Renee,Makeup,Lipstick,Top 25,Active,799,9,10,,2,1532,BGR South,3,3,,50,1,69.6,2025-11,
2026-02,OL1031,SSL-SELECT HYDERABAD 5,Shoppers Stop,Department Store,Hyderabad,Telangana,South,SKU40281,Midnight Eyeliner Berry 2.5Ml,Renee,Makeup,Eyeliner,Others,Active,299,14,14,,5,1433,BGR South,6,5,,50,1,69.6,,
2026-02,OL1031,SSL-SELECT HYDERABAD 5,Shoppers Stop,Department Store,Hyderabad,Telangana,South,SKU40318,Midnight Eyeliner Hazelnut 2.5Ml,Renee,Makeup,Eyeliner,Others,Active,650,10,12,,2,1246,BGR South,5,4,,50,1,69.6,,
2026-02,OL1031,SSL-SELECT HYDERABAD 5,Shoppers Stop,Department Store,Hyderabad,Telangana,South,SKU40381,Midnight Eyeliner Ocean 2.5Ml,Renee,Makeup,Eyeliner,Top 25,Active,699,14,15,,4,2680,BGR South,5,5,,50,1,69.6,,
2026-02,OL1031,SSL-SELECT HYDERABAD 5,Shoppers Stop,Department Store,Hyderabad,Telangana,South,SKU40425,Kajal Vanilla 0.35Gm,Renee,Makeup,Eyeliner,Top 25,Active,299,42,47,,11,3153,BGR South,16,16,,50,1,69.6,,
2026-02,OL1031,SSL-SELECT HYDERABAD 5,Shoppers Stop,Department Store,Hyderabad,Telangana,South,SKU40490,Kajal Midnight 0.35Gm,Renee,Makeup,Eyeliner,Top 10,Active,599,16,20,,6,3445,BGR South,10,10,,50,1,69.6,,
2026-02,OL1031,SSL-SELECT HYDERABAD 5,Shoppers Stop,Department Store,Hyderabad,Telangana,South,SKU40544,Bb Cream Peach 30Ml,Renee,Makeup,Foundation,Top 10,Active,599,88,97,,19,10910,BGR South,32,28,,50,1,69.6,,
2026-02,OL1031,SSL-SELECT HYDERABAD 5,Shoppers Stop,Department Store,Hyderabad,Telangana,South,SKU40588,Bb Cream Coral 30Ml,Renee,Makeup,Foundation,Top 10,Active,349,29,36,,15,5018,BGR South,25,22,,50,1,69.6,,
2026-02,OL1031,SSL-SELECT HYDERABAD 5,Shoppers Stop,Department Store,Hyderabad,Telangana,South,SKU40595,Compact Powder Mocha 9Gm,Renee,Makeup,Foundation,Top 10,Active,449,19,17,,14,6026,BGR South,12,12,,50,1,69.6,,
2026-02,OL1031,SSL-SELECT HYDERABAD 5,Shoppers Stop,Department Store,Hyderabad,Telangana,South,SKU40662,Compact Powder Nude 9Gm,Renee,Makeup,Foundation,Top 25,Active,1199,10,13,,1,1149,BGR South,4,4,,50,1,69.6,,
2026-02,OL1031,SSL-SELECT HYDERABAD 5,Shoppers Stop,Department Store,Hyderabad,Telangana,South,SKU40763,Blending Brush R6,Renee,Makeup,Brushes,Others,Active,349,6,8,,4,1338,BGR South,6,6,,50,1,69.6,,
2026-02,OL1031,SSL-SELECT HYDERABAD 5,Shoppers Stop,Department Store,Hyderabad,Telangana,South,SKU40836,Blending Brush R4,Renee,Makeup,Brushes,Top 10,Active,1199,13,17,,9,10345,BGR South,15,13,,50,1,69.6,,
2026-02,OL1031,SSL-SELECT HYDERABAD 5,Shoppers Stop,Department Store,Hyderabad,Telangana,South,SKU40928,Powder Brush R4,Renee,Makeup,Brushes,Top 25,Active,650,11,0,,3,1869,BGR South,4,3,,50,1,69.6,,
2026-02,OL1031,SSL-SELECT HYDERABAD 5,Shoppers Stop,Department Store,Hyderabad,Telangana,South,SKU40951,Sunscreen Gel Spf 50 70Ml,Renee,Skincare,Sunscreen,Top 25,Active,999,2,4,,1,958,BGR South,4,3,,45,1,69.6,,
2026-02,OL1031,SSL-SELECT HYDERABAD 5,Shoppers Stop,Department Store,Hyderabad,Telangana,South,SKU40972,Sunscreen Gel Spf 50 70Ml,Renee,Skincare,Sunscreen,Top 25,Active,599,0,0,,3,1723,BGR South,2,2,,45,1,69.6,,
2026-02,OL1031,SSL-SELECT HYDERABAD 5,Shoppers Stop,Department Store,Hyderabad,Telangana,South,SKU41024,Vitamin C Serum 30Ml,Renee,Skincare,Serum,Others,Active,449,4,5,,1,430,BGR South,3,2,,45,1,69.6,,
2026-02,OL1031,SSL-SELECT HYDERABAD 5,Shoppers Stop,Department Store,Hyderabad,Telangana,South,SKU41032,Face Wash Hazelnut 60Ml,Renee,Skincare,Cleanser,Others,Active,499,1,2,,1,478,BGR South,3,2,,45,1,69.6,,
2026-02,OL1031,SSL-SELECT HYDERABAD 5,Shoppers Stop,Department Store,Hyderabad,Telangana,South,SKU41215,Perfume Midnight 50Ml,Renee,Fragrance,EDP,Others,Active,399,3,0,,1,382,BGR South,3,3,,55,1,69.6,,
2026-02,OL1031,SSL-SELECT HYDERABAD 5,Shoppers Stop,Department Store,Hyderabad,Telangana,South,SKU41295,Perfume Rose 50Ml,Renee,Fragrance,EDP,Top 25,Active,599,28,28,,5,2871,BGR South,6,5,,55,1,69.6,,
2026-02,OL1031,SSL-SELECT HYDERABAD 5,Shoppers Stop,Department Store,Hyderabad,Telangana,South,SKU41420,Body Mist Coral 100Ml,Renee,Fragrance,Body Mist,Top 25,Active,399,22,25,,3,1147,BGR South,6,6,,55,1,69.6,,
2026-02,OL1031,SSL-SELECT HYDERABAD 5,Shoppers Stop,Department Store,Hyderabad,Telangana,South,SKU41476,Body Mist Mocha 100Ml,Renee,Fragrance,Body Mist,Top 10,Active,799,69,75,,7,5362,BGR South,13,13,,55,1,69.6,,
2026-02,OL1031,SSL-SELECT HYDERABAD 5,Shoppers Stop,Department Store,Hyderabad,Telangana,South,SKU41536,Body Mist Nude 100Ml,Renee,Fragrance,Body Mist,Top 25,Active,349,31,32,,7,2342,BGR South,9,8,,55,1,69.6,,
2026-02,OL1031,SSL-SELECT HYDERABAD 5,Shoppers Stop,Department Store,Hyderabad,Telangana,South,SKU41608,Hair Oil Berry 100Ml,Renee,Haircare,Hair Oil,Others,Active,449,0,2,,0,0,BGR South,3,2,,35,1,69.6,,
2026-02,OL1032,SSL-GALLERIA BANGALORE 6,Shoppers Stop,Department Store,Bangalore,Karnataka,South,SKU40108,Matte Lip Color Peach 4.2Ml,Renee,Makeup,Lipstick,Top 10,Active,650,5,7,,5,3772,BGR South,8,7,,50,4,58.5,,
2026-02,OL1032,SSL-GALLERIA BANGALORE 6,Shoppers Stop,Department Store,Bangalore,Karnataka,South,SKU40127,Matte Lip Color Coral 4.2Ml,Renee,Makeup,Lipstick,Top 25,Active,499,16,19,,4,2317,BGR South,8,7,,50,4,58.5,,
2026-02,OL1032,SSL-GALLERIA BANGALORE 6,Shoppers Stop,Department Store,Bangalore,Karnataka,South,SKU40266,Liquid Lipstick Nude 5Ml,Renee,Makeup,Lipstick,Top 10,Active,799,0,4,,11,10202,BGR South,19,15,,50,4,58.5,,
2026-02,OL1032,SSL-GALLERIA BANGALORE 6,Shoppers Stop,Department Store,Bangalore,Karnataka,South,SKU40425,Kajal Vanilla 0.35Gm,Renee,Makeup,Eyeliner,Top 25,Active,299,0,14,,15,5206,BGR South,29,29,,50,4,58.5,,
2026-02,OL1032,SSL-GALLERIA BANGALORE 6,Shoppers Stop,Department Store,Bangalore,Karnataka,South,SKU40490,Kajal Midnight 0.35Gm,Renee,Makeup,Eyeliner,Top 10,Active,599,11,12,,5,3476,BGR South,8,6,,50,4,58.5,,
2026-02,OL1032,SSL-GALLERIA BANGALORE 6,Shoppers Stop,Department Store,Bangalore,Karnataka,South,SKU40544,Bb Cream Peach 30Ml,Renee,Makeup,Foundation,Top 10,Active,599,6,12,,6,4172,BGR South,13,12,,50,4,58.5,,
2026-02,OL1032,SSL-GALLERIA BANGALORE 6,Shoppers Stop,Department Store,Bangalore,Karnataka,South,SKU40588,Bb Cream Coral 30Ml,Renee,Makeup,Foundation,Top 10,Active,349,27,111,,13,5266,BGR South,20,14,,50,4,58.5,,
2026-02,OL1032,SSL-GALLERIA BANGALORE 6,Shoppers Stop,Department Store,Bangalore,Karnataka,South,SKU40662,Compact Powder Nude 9Gm,Renee,Makeup,Foundation,Top 25,Active,1199,9,8,,1,1392,BGR South,1,0,,50,4,58.5,,
2026-02,OL1032,SSL-GALLERIA BANGALORE 6,Shoppers Stop,Department Store,Bangalore,Karnataka,South,SKU40722,Compact Powder Berry 9Gm,Renee,Makeup,Foundation,Top 10,Active,799,4,7,,6,5565,BGR South,14,9,,50,4,58.5,,
2026-02,OL1032,SSL-GALLERIA BANGALORE 6,Shoppers Stop,Department Store,Bangalore,Karnataka,South,SKU40763,Blending Brush R6,Renee,Makeup,Brushes,Others,Active,349,6,4,,3,1215,BGR South,2,1,,50,4,58.5,,
2026-02,OL1032,SSL-GALLERIA BANGALORE 6,Shoppers Stop,Department Store,Bangalore,Karnataka,South,SKU40812,Blending Brush R1,Renee,Makeup,Brushes,Top 10,Active,599,8,12,,5,3476,BGR South,10,9,,50,4,58.5,2025-09,
2026-02,OL1032,SSL-GALLERIA BANGALORE 6,Shoppers Stop,Department Store,Bangalore,Karnataka,South,SKU40836,Blending Brush R4,Renee,Makeup,Brushes,Top 10,Active,1199,29,33,,10,13917,BGR South,14,14,,50,4,58.5,,
2026-02,OL1032,SSL-GALLERIA BANGALORE 6,Shoppers Stop,Department Store,Bangalore,Karnataka,South,SKU40850,Powder Brush R8,Renee,Makeup,Brushes,Top 25,Active,650,19,19,,6,4527,BGR South,6,6,,50,4,58.5,,
2026-02,OL1032,SSL-GALLERIA BANGALORE 6,Shoppers Stop,Department Store,Bangalore,Karnataka,South,SKU40928,Powder Brush R4,Renee,Makeup,Brushes,Top 25,Active,650,9,8,,5,3772,BGR South,5,4,,50,4,58.5,,
2026-02,OL1032,SSL-GALLERIA BANGALORE 6,Shoppers Stop,Department Store,Bangalore,Karnataka,South,SKU40951,Sunscreen Gel Spf 50 70Ml,Renee,Skincare,Sunscreen,Top 25,Active,999,2,1,,1,1160,BGR South,1,0,,45,4,58.5,,
2026-02,OL1032,SSL-GALLERIA BANGALORE 6,Shoppers Stop,Department Store,Bangalore,Karnataka,South,SKU40972,Sunscreen Gel Spf 50 70Ml,Renee,Skincare,Sunscreen,Top 25,Active,599,3,3,,3,2086,BGR South,4,3,,45,4,58.5,,
2026-02,OL1032,SSL-GALLERIA BANGALORE 6,Shoppers Stop,Department Store,Bangalore,Karnataka,South,SKU41024,Vitamin C Serum 30Ml,Renee,Skincare,Serum,Others,Active,449,4,6,,1,521,BGR South,3,3,,45,4,58.5,,
2026-02,OL1032,SSL-GALLERIA BANGALORE 6,Shoppers Stop,Department Store,Bangalore,Karnataka,South,SKU41048,Face Wash Ocean 20Ml,Renee,Skincare,Cleanser,Others,Active,349,0,2,,3,1215,BGR South,7,5,,45,4,58.5,,
2026-02,OL1032,SSL-GALLERIA BANGALORE 6,Shoppers Stop,Department Store,Bangalore,Karnataka,South,SKU41129,Face Wash Vanilla 40Ml,Renee,Skincare,Cleanser,Others,Active,299,4,5,,2,694,BGR South,4,3,,45,4,58.5,,
2026-02,OL1032,SSL-GALLERIA BANGALORE 6,Shoppers Stop,Department Store,Bangalore,Karnataka,South,SKU41215,Perfume Midnight 50Ml,Renee,Fragrance,EDP,Others,Active,399,2,4,,1,463,BGR South,3,3,,55,4,58.5,,
2026-02,OL1032,SSL-GALLERIA BANGALORE 6,Shoppers Stop,Department Store,Bangalore,Karnataka,South,SKU41295,Perfume Rose 50Ml,Renee,Fragrance,EDP,Top 25,Active,599,36,39,,3,2086,BGR South,6,6,,55,4,58.5,,
2026-02,OL1032,SSL-GALLERIA BANGALORE 6,Shoppers Stop,Department Store,Bangalore,Karnataka,South,SKU41382,Perfume Peach 50Ml,Renee,Fragrance,EDP,Top 25,Active,499,13,0,,0,0,BGR South,2,2,,55,4,58.5,2025-08,
2026-02,OL1032,SSL-GALLERIA BANGALORE 6,Shoppers Stop,Department Store,Bangalore,Karnataka,South,SKU41608,Hair Oil Berry 100Ml,Renee,Haircare,Hair Oil,Others,Active,449,12,13,,1,521,BGR South,2,2,,35,4,58.5,,
2026-02,OL1033,SSL-SELECT PUNE 7,Shoppers Stop,Department Store,Pune,Maharashtra,West,SKU40127,Matte Lip Color Coral 4.2Ml,Renee,Makeup,Lipstick,Top 25,Active,499,57,58,,5,2849,BGR West,6,6,,50,4,71.2,,
2026-02,OL1033,SSL-SELECT PUNE 7,Shoppers Stop,Department Store,Pune,Maharashtra,West,SKU40202,Liquid Lipstick Mocha 5Ml,Renee,Makeup,Lipstick,Top 25,Active,799,4,4,,3,2737,BGR West,4,3,,50,4,71.2,2025-11,
2026-02,OL1033,SSL-SELECT PUNE 7,Shoppers Stop,Department Store,Pune,Maharashtra,West,SKU40266,Liquid Lipstick Nude 5Ml,Renee,Makeup,Lipstick,Top 10,Active,799,32,43,,18,16424,BGR West,33,29,,50,4,71.2,,
2026-02,OL1033,SSL-SELECT PUNE 7,Shoppers Stop,Department Store,Pune,Maharashtra,West,SKU40281,Midnight Eyeliner Berry 2.5Ml,Renee,Makeup,Eyeliner,Others,Active,299,4,10,,8,2732,BGR West,14,14,,50,4,71.2,,
2026-02,OL1033,SSL-SELECT PUNE 7,Shoppers Stop,Department Store,Pune,Maharashtra,West,SKU40318,Midnight Eyeliner Hazelnut 2.5Ml,Renee,Makeup,Eyeliner,Others,Active,650,15,18,,3,2227,BGR West,8,6,,50,4,71.2,,
2026-02,OL1033,SSL-SELECT PUNE 7,Shoppers Stop,Department Store,Pune,Maharashtra,West,SKU40588,Bb Cream Coral 30Ml,Renee,Makeup,Foundation,Top 10,Active,349,52,56,,12,4783,BGR West,23,16,,50,4,71.2,,
2026-02,OL1033,SSL-SELECT PUNE 7,Shoppers Stop,Department Store,Pune,Maharashtra,West,SKU40812,Blending Brush R1,Renee,Makeup,Brushes,Top 10,Active,599,33,0,,14,9577,BGR West,24,19,,50,4,71.2,2025-09,
2026-02,OL1033,SSL-SELECT PUNE 7,Shoppers Stop,Department Store,Pune,Maharashtra,West,SKU40836,Blending Brush R4,Renee,Makeup,Brushes,Top 10,Active,1199,23,23,,7,9585,BGR West,10,7,,50,4,71.2,,
2026-02,OL1033,SSL-SELECT PUNE 7,Shoppers Stop,Department Store,Pune,Maharashtra,West,SKU40850,Powder Brush R8,Renee,Makeup,Brushes,Top 25,Active,650,0,10,,9,6681,BGR West,19,19,,50,4,71.2,,
2026-02,OL1033,SSL-SELECT PUNE 7,Shoppers Stop,Department Store,Pune,Maharashtra,West,SKU40928,Powder Brush R4,Renee,Makeup,Brushes,Top 25,Active,650,41,41,,0,0,BGR West,0,0,,50,4,71.2,,
2026-02,OL1033,SSL-SELECT PUNE 7,Shoppers Stop,Department Store,Pune,Maharashtra,West,SKU41024,Vitamin C Serum 30Ml,Renee,Skincare,Serum,Others,Active,449,5,7,,1,513,BGR West,3,3,,45,4,71.2,,
2026-02,OL1033,SSL-SELECT PUNE 7,Shoppers Stop,Department Store,Pune,Maharashtra,West,SKU41032,Face Wash Hazelnut 60Ml,Renee,Skincare,Cleanser,Others,Active,499,15,16,,2,1140,BGR West,4,3,,45,4,71.2,,
2026-02,OL1033,SSL-SELECT PUNE 7,Shoppers Stop,Department Store,Pune,Maharashtra,West,SKU41295,Perfume Rose 50Ml,Renee,Fragrance,EDP,Top 25,Active,599,10,10,,0,0,BGR West,1,0,,55,4,71.2,,
2026-02,OL1033,SSL-SELECT PUNE 7,Shoppers Stop,Department Store,Pune,Maharashtra,West,SKU41382,Perfume Peach 50Ml,Renee,Fragrance,EDP,Top 25,Active,499,25,37,,7,3989,BGR West,11,8,,55,4,71.2,2025-08,
2026-02,OL1033,SSL-SELECT PUNE 7,Shoppers Stop,Department Store,Pune,Maharashtra,West,SKU41420,Body Mist Coral 100Ml,Renee,Fragrance,Body Mist,Top 25,Active,399,13,15,,3,1367,BGR West,5,5,,55,4,71.2,,
2026-02,OL1033,SSL-SELECT PUNE 7,Shoppers Stop,Department Store,Pune,Maharashtra,West,SKU41476,Body Mist Mocha 100Ml,Renee,Fragrance,Body Mist,Top 10,Active,799,29,29,,11,10037,BGR West,12,11,,55,4,71.2,,
2026-02,OL1033,SSL-SELECT PUNE 7,Shoppers Stop,Department Store,Pune,Maharashtra,West,SKU41608,Hair Oil Berry 100Ml,Renee,Haircare,Hair Oil,Others,Active,449,6,5,,1,513,BGR West,1,0,,35,4,71.2,,
2026-02,OL1033,SSL-SELECT PUNE 7,Shoppers Stop,Department Store,Pune,Maharashtra,West,SKU41647,Hair Oil Hazelnut 100Ml,Renee,Haircare,Hair Oil,Others,Active,799,9,13,,2,1825,BGR West,6,6,,35,4,71.2,,
2026-02,OL1034,SSL-PHOENIX BHUBANESWAR 8,Shoppers Stop,Department Store,Bhubaneswar,Odisha,East,SKU40108,Matte Lip Color Peach 4.2Ml,Renee,Makeup,Lipstick,Top 10,Active,650,28,31,,6,3810,BGR East,11,9,,50,1,46.8,,
2026-02,OL1034,SSL-PHOENIX BHUBANESWAR 8,Shoppers Stop,Department Store,Bhubaneswar,Odisha,East,SKU40266,Liquid Lipstick Nude 5Ml,Renee,Makeup,Lipstick,Top 10,Active,799,141,140,,15,11708,BGR East,16,14,,50,1,46.8,,
2026-02,OL1034,SSL-PHOENIX BHUBANESWAR 8,Shoppers Stop,Department Store,Bhubaneswar,Odisha,East,SKU40425,Kajal Vanilla 0.35Gm,Renee,Makeup,Eyeliner,Top 25,Active,299,98,100,,10,2921,BGR East,18,12,,50,1,46.8,,
2026-02,OL1034,SSL-PHOENIX BHUBANESWAR 8,Shoppers Stop,Department Store,Bhubaneswar,Odisha,East,SKU40595,Compact Powder Mocha 9Gm,Renee,Makeup,Foundation,Top 10,Active,449,7,9,,16,7018,BGR East,27,18,,50,1,46.8,,
2026-02,OL1034,SSL-PHOENIX BHUBANESWAR 8,Shoppers Stop,Department Store,Bhubaneswar,Odisha,East,SKU40662,Compact Powder Nude 9Gm,Renee,Makeup,Foundation,Top 25,Active,1199,15,15,,2,2343,BGR East,4,3,,50,1,46.8,,
2026-02,OL1034,SSL-PHOENIX BHUBANESWAR 8,Shoppers Stop,Department Store,Bhubaneswar,Odisha,East,SKU40722,Compact Powder Berry 9Gm,Renee,Makeup,Foundation,Top 10,Active,799,4,1,,6,4683,BGR East,4,3,,50,1,46.8,,
2026-02,OL1034,SSL-PHOENIX BHUBANESWAR 8,Shoppers Stop,Department Store,Bhubaneswar,Odisha,East,SKU40763,Blending Brush R6,Renee,Makeup,Brushes,Others,Active,349,1,4,,4,1364,BGR East,7,7,,50,1,46.8,,
2026-02,OL1034,SSL-PHOENIX BHUBANESWAR 8,Shoppers Stop,Department Store,Bhubaneswar,Odisha,East,SKU40836,Blending Brush R4,Renee,Makeup,Brushes,Top 10,Active,1199,33,35,,0,0,BGR East,2,2,,50,1,46.8,,
2026-02,OL1034,SSL-PHOENIX BHUBANESWAR 8,Shoppers Stop,Department Store,Bhubaneswar,Odisha,East,SKU40850,Powder Brush R8,Renee,Makeup,Brushes,Top 25,Active,650,75,76,,3,1905,BGR East,7,4,,50,1,46.8,,
2026-02,OL1034,SSL-PHOENIX BHUBANESWAR 8,Shoppers Stop,Department Store,Bhubaneswar,Odisha,East,SKU40951,Sunscreen Gel Spf 50 70Ml,Renee,Skincare,Sunscreen,Top 25,Active,999,6,7,,3,2928,BGR East,7,4,,45,1,46.8,,
2026-02,OL1034,SSL-PHOENIX BHUBANESWAR 8,Shoppers Stop,Department Store,Bhubaneswar,Odisha,East,SKU40979,Sunscreen Gel Spf 50 50Ml,Renee,Skincare,Sunscreen,Top 25,Active,799,10,10,,2,1561,BGR East,3,2,,45,1,46.8,,
2026-02,OL1034,SSL-PHOENIX BHUBANESWAR 8,Shoppers Stop,Department Store,Bhubaneswar,Odisha,East,SKU41032,Face Wash Hazelnut 60Ml,Renee,Skincare,Cleanser,Others,Active,499,2,0,,1,487,BGR East,1,1,,45,1,46.8,,
2026-02,OL1034,SSL-PHOENIX BHUBANESWAR 8,Shoppers Stop,Department Store,Bhubaneswar,Odisha,East,SKU41295,Perfume Rose 50Ml,Renee,Fragrance,EDP,Top 25,Active,599,0,2,,6,3511,BGR East,8,8,,55,1,46.8,,
2026-02,OL1034,SSL-PHOENIX BHUBANESWAR 8,Shoppers Stop,Department Store,Bhubaneswar,Odisha,East,SKU41382,Perfume Peach 50Ml,Renee,Fragrance,EDP,Top 25,Active,499,7,10,,6,2925,BGR East,9,9,,55,1,46.8,2025-08,
2026-02,OL1034,SSL-PHOENIX BHUBANESWAR 8,Shoppers Stop,Department Store,Bhubaneswar,Odisha,East,SKU41420,Body Mist Coral 100Ml,Renee,Fragrance,Body Mist,Top 25,Active,399,9,8,,3,1169,BGR East,3,2,,55,1,46.8,,
2026-02,OL1034,SSL-PHOENIX BHUBANESWAR 8,Shoppers Stop,Department Store,Bhubaneswar,Odisha,East,SKU41476,Body Mist Mocha 100Ml,Renee,Fragrance,Body Mist,Top 10,Active,799,5,57,,7,5464,BGR East,6,6,,55,1,46.8,,
2026-02,OL1035,SSL-EXPRESS CHENNAI 9,Shoppers Stop,Department Store,Chennai,Tamil Nadu,South,SKU40108,Matte Lip Color Peach 4.2Ml,Renee,Makeup,Lipstick,Top 10,Active,650,11,11,,2,1327,BGR South,3,2,,50,4,50.2,,
2026-02,OL1035,SSL-EXPRESS CHENNAI 9,Shoppers Stop,Department Store,Chennai,Tamil Nadu,South,SKU40202,Liquid Lipstick Mocha 5Ml,Renee,Makeup,Lipstick,Top 25,Active,799,0,1,,1,816,BGR South,4,2,,50,4,50.2,2025-11,
2026-02,OL1035,SSL-EXPRESS CHENNAI 9,Shoppers Stop,Department Store,Chennai,Tamil Nadu,South,SKU40281,Midnight Eyeliner Berry 2.5Ml,Renee,Makeup,Eyeliner,Others,Active,299,3,0,,3,916,BGR South,7,6,,50,4,50.2,,
2026-02,OL1035,SSL-EXPRESS CHENNAI 9,Shoppers Stop,Department Store,Chennai,Tamil Nadu,South,SKU40425,Kajal Vanilla 0.35Gm,Renee,Makeup,Eyeliner,Top 25,Active,299,0,3,,4,1221,BGR South,8,7,,50,4,50.2,,
2026-02,OL1035,SSL-EXPRESS CHENNAI 9,Shoppers Stop,Department Store,Chennai,Tamil Nadu,South,SKU40588,Bb Cream Coral 30Ml,Renee,Makeup,Foundation,Top 10,Active,349,6,41,,8,2850,BGR South,14,13,,50,4,50.2,,
2026-02,OL1035,SSL-EXPRESS CHENNAI 9,Shoppers Stop,Department Store,Chennai,Tamil Nadu,South,SKU40595,Compact Powder Mocha 9Gm,Renee,Makeup,Foundation,Top 10,Active,449,6,12,,8,3667,BGR South,14,14,,50,4,50.2,,
2026-02,OL1035,SSL-EXPRESS CHENNAI 9,Shoppers Stop,Department Store,Chennai,Tamil Nadu,South,SKU40662,Compact Powder Nude 9Gm,Renee,Makeup,Foundation,Top 25,Active,1199,3,3,,1,1224,BGR South,1,1,,50,4,50.2,,
2026-02,OL1035,SSL-EXPRESS CHENNAI 9,Shoppers Stop,Department Store,Chennai,Tamil Nadu,South,SKU40763,Blending Brush R6,Renee,Makeup,Brushes,Others,Active,349,6,10,,2,712,BGR South,5,5,,50,4,50.2,,
2026-02,OL1035,SSL-EXPRESS CHENNAI 9,Shoppers Stop,Department Store,Chennai,Tamil Nadu,South,SKU40836,Blending Brush R4,Renee,Makeup,Brushes,Top 10,Active,1199,33,39,,8,9791,BGR South,14,14,,50,4,50.2,,
2026-02,OL1035,SSL-EXPRESS CHENNAI 9,Shoppers Stop,Department Store,Chennai,Tamil Nadu,South,SKU40972,Sunscreen Gel Spf 50 70Ml,Renee,Skincare,Sunscreen,Top 25,Active,599,5,9,,7,4280,BGR South,12,11,,45,4,50.2,,
2026-02,OL1035,SSL-EXPRESS CHENNAI 9,Shoppers Stop,Department Store,Chennai,Tamil Nadu,South,SKU41129,Face Wash Vanilla 40Ml,Renee,Skincare,Cleanser,Others,Active,299,10,11,,2,610,BGR South,4,3,,45,4,50.2,,
2026-02,OL1035,SSL-EXPRESS CHENNAI 9,Shoppers Stop,Department Store,Chennai,Tamil Nadu,South,SKU41295,Perfume Rose 50Ml,Renee,Fragrance,EDP,Top 25,Active,599,0,0,,4,2446,BGR South,5,4,,55,4,50.2,,
2026-02,OL1035,SSL-EXPRESS CHENNAI 9,Shoppers Stop,Department Store,Chennai,Tamil Nadu,South,SKU41476,Body Mist Mocha 100Ml,Renee,Fragrance,Body Mist,Top 10,Active,799,33,33,,4,3262,BGR South,6,4,,55,4,50.2,,
2026-02,OL1035,SSL-EXPRESS CHENNAI 9,Shoppers Stop,Department Store,Chennai,Tamil Nadu,South,SKU41608,Hair Oil Berry 100Ml,Renee,Haircare,Hair Oil,Others,Active,449,0,1,,1,458,BGR South,3,2,,35,4,50.2,,
2026-02,OL1036,SSL-GALLERIA MUMBAI 10,Shoppers Stop,Department Store,Mumbai,Maharashtra,West,SKU40078,Matte Lip Color Rose 4.2Ml,Renee,Makeup,Lipstick,Top 25,Active,650,33,35,,0,0,BGR West,2,2,,50,4,46.2,,
2026-02,OL1036,SSL-GALLERIA MUMBAI 10,Shoppers Stop,Department Store,Mumbai,Maharashtra,West,SKU40127,Matte Lip Color Coral 4.2Ml,Renee,Makeup,Lipstick,Top 25,Active,499,4,5,,4,2169,BGR West,8,5,,50,4,46.2,,
2026-02,OL1036,SSL-GALLERIA MUMBAI 10,Shoppers Stop,Department Store,Mumbai,Maharashtra,West,SKU40266,Liquid Lipstick Nude 5Ml,Renee,Makeup,Lipstick,Top 10,Active,799,30,0,,15,13021,BGR West,26,20,,50,4,46.2,,
2026-02,OL1036,SSL-GALLERIA MUMBAI 10,Shoppers Stop,Department Store,Mumbai,Maharashtra,West,SKU40318,Midnight Eyeliner Hazelnut 2.5Ml,Renee,Makeup,Eyeliner,Others,Active,650,4,5,,2,1412,BGR West,5,3,,50,4,46.2,,
2026-02,OL1036,SSL-GALLERIA MUMBAI 10,Shoppers Stop,Department Store,Mumbai,Maharashtra,West,SKU40381,Midnight Eyeliner Ocean 2.5Ml,Renee,Makeup,Eyeliner,Top 25,Active,699,29,31,,4,3038,BGR West,6,6,,50,4,46.2,,
2026-02,OL1036,SSL-GALLERIA MUMBAI 10,Shoppers Stop,Department Store,Mumbai,Maharashtra,West,SKU40425,Kajal Vanilla 0.35Gm,Renee,Makeup,Eyeliner,Top 25,Active,299,10,18,,9,2924,BGR West,17,17,,50,4,46.2,,
2026-02,OL1036,SSL-GALLERIA MUMBAI 10,Shoppers Stop,Department Store,Mumbai,Maharashtra,West,SKU40544,Bb Cream Peach 30Ml,Renee,Makeup,Foundation,Top 10,Active,599,14,23,,7,4555,BGR West,16,16,,50,4,46.2,,
2026-02,OL1036,SSL-GALLERIA MUMBAI 10,Shoppers Stop,Department Store,Mumbai,Maharashtra,West,SKU40662,Compact Powder Nude 9Gm,Renee,Makeup,Foundation,Top 25,Active,1199,7,8,,1,1303,BGR West,2,2,,50,4,46.2,,
2026-02,OL1036,SSL-GALLERIA MUMBAI 10,Shoppers Stop,Department Store,Mumbai,Maharashtra,West,SKU40722,Compact Powder Berry 9Gm,Renee,Makeup,Foundation,Top 10,Active,799,44,43,,4,3472,BGR West,4,3,,50,4,46.2,,
2026-02,OL1036,SSL-GALLERIA MUMBAI 10,Shoppers Stop,Department Store,Mumbai,Maharashtra,West,SKU40763,Blending Brush R6,Renee,Makeup,Brushes,Others,Active,349,3,3,,1,379,BGR West,2,1,,50,4,46.2,,
2026-02,OL1036,SSL-GALLERIA MUMBAI 10,Shoppers Stop,Department Store,Mumbai,Maharashtra,West,SKU40812,Blending Brush R1,Renee,Makeup,Brushes,Top 10,Active,599,34,0,,17,11063,BGR West,31,31,,50,4,46.2,2025-09,
2026-02,OL1036,SSL-GALLERIA MUMBAI 10,Shoppers Stop,Department Store,Mumbai,Maharashtra,West,SKU40836,Blending Brush R4,Renee,Makeup,Brushes,Top 10,Active,1199,37,53,,6,7816,BGR West,12,9,,50,4,46.2,,
2026-02,OL1036,SSL-GALLERIA MUMBAI 10,Shoppers Stop,Department Store,Mumbai,Maharashtra,West,SKU40850,Powder Brush R8,Renee,Makeup,Brushes,Top 25,Active,650,21,23,,7,4943,BGR West,14,9,,50,4,46.2,,
2026-02,OL1036,SSL-GALLERIA MUMBAI 10,Shoppers Stop,Department Store,Mumbai,Maharashtra,West,SKU40928,Powder Brush R4,Renee,Makeup,Brushes,Top 25,Active,650,18,23,,6,4237,BGR West,11,11,,50,4,46.2,,
2026-02,OL1036,SSL-GALLERIA MUMBAI 10,Shoppers Stop,Department Store,Mumbai,Maharashtra,West,SKU40972,Sunscreen Gel Spf 50 70Ml,Renee,Skincare,Sunscreen,Top 25,Active,599,3,6,,6,3905,BGR West,11,9,,45,4,46.2,,
2026-02,OL1036,SSL-GALLERIA MUMBAI 10,Shoppers Stop,Department Store,Mumbai,Maharashtra,West,SKU41024,Vitamin C Serum 30Ml,Renee,Skincare,Serum,Others,Active,449,4,3,,2,976,BGR West,2,1,,45,4,46.2,,
2026-02,OL1036,SSL-GALLERIA MUMBAI 10,Shoppers Stop,Department Store,Mumbai,Maharashtra,West,SKU41048,Face Wash Ocean 20Ml,Renee,Skincare,Cleanser,Others,Active,349,19,21,,0,0,BGR West,2,2,,45,4,46.2,,
2026-02,OL1036,SSL-GALLERIA MUMBAI 10,Shoppers Stop,Department Store,Mumbai,Maharashtra,West,SKU41129,Face Wash Vanilla 40Ml,Renee,Skincare,Cleanser,Others,Active,299,7,9,,2,650,BGR West,4,4,,45,4,46.2,,
2026-02,OL1036,SSL-GALLERIA MUMBAI 10,Shoppers Stop,Department Store,Mumbai,Maharashtra,West,SKU41215,Perfume Midnight 50Ml,Renee,Fragrance,EDP,Others,Active,399,3,2,,1,433,BGR West,1,0,,55,4,46.2,,
2026-02,OL1036,SSL-GALLERIA MUMBAI 10,Shoppers Stop,Department Store,Mumbai,Maharashtra,West,SKU41382,Perfume Peach 50Ml,Renee,Fragrance,EDP,Top 25,Active,499,4,7,,5,2711,BGR West,8,8,,55,4,46.2,2025-08,
2026-02,OL1036,SSL-GALLERIA MUMBAI 10,Shoppers Stop,Department Store,Mumbai,Maharashtra,West,SKU41420,Body Mist Coral 100Ml,Renee,Fragrance,Body Mist,Top 25,Active,399,11,12,,6,2601,BGR West,11,7,,55,4,46.2,,
2026-02,OL1036,SSL-GALLERIA MUMBAI 10,Shoppers Stop,Department Store,Mumbai,Maharashtra,West,SKU41608,Hair Oil Berry 100Ml,Renee,Haircare,Hair Oil,Others,Active,449,10,12,,0,0,BGR West,3,2,,35,4,46.2,,
2026-02,OL1037,SSL-ORION AHMEDABAD 11,Shoppers Stop,Department Store,Ahmedabad,Gujarat,West,SKU40078,Matte Lip Color Rose 4.2Ml,Renee,Makeup,Lipstick,Top 25,Active,650,21,27,,6,4439,BGR West,12,12,,50,2,71.5,,
2026-02,OL1037,SSL-ORION AHMEDABAD 11,Shoppers Stop,Department Store,Ahmedabad,Gujarat,West,SKU40266,Liquid Lipstick Nude 5Ml,Renee,Makeup,Lipstick,Top 10,Active,799,18,25,,17,15461,BGR West,30,24,,50,2,71.5,,
2026-02,OL1037,SSL-ORION AHMEDABAD 11,Shoppers Stop,Department Store,Ahmedabad,Gujarat,West,SKU40281,Midnight Eyeliner Berry 2.5Ml,Renee,Makeup,Eyeliner,Others,Active,299,65,69,,5,1702,BGR West,12,9,,50,2,71.5,,
2026-02,OL1037,SSL-ORION AHMEDABAD 11,Shoppers Stop,Department Store,Ahmedabad,Gujarat,West,SKU40381,Midnight Eyeliner Ocean 2.5Ml,Renee,Makeup,Eyeliner,Top 25,Active,699,2,2,,7,5569,BGR West,8,7,,50,2,71.5,,
2026-02,OL1037,SSL-ORION AHMEDABAD 11,Shoppers Stop,Department Store,Ahmedabad,Gujarat,West,SKU40425,Kajal Vanilla 0.35Gm,Renee,Makeup,Eyeliner,Top 25,Active,299,9,11,,9,3063,BGR West,13,11,,50,2,71.5,,
2026-02,OL1037,SSL-ORION AHMEDABAD 11,Shoppers Stop,Department Store,Ahmedabad,Gujarat,West,SKU40588,Bb Cream Coral 30Ml,Renee,Makeup,Foundation,Top 10,Active,349,75,80,,8,3178,BGR West,13,13,,50,2,71.5,,
2026-02,OL1037,SSL-ORION AHMEDABAD 11,Shoppers Stop,Department Store,Ahmedabad,Gujarat,West,SKU40812,Blending Brush R1,Renee,Makeup,Brushes,Top 10,Active,599,30,39,,16,10909,BGR West,25,25,,50,2,71.5,2025-09,
2026-02,OL1037,SSL-ORION AHMEDABAD 11,Shoppers Stop,Department Store,Ahmedabad,Gujarat,West,SKU40850,Powder Brush R8,Renee,Makeup,Brushes,Top 25,Active,650,12,50,,6,4439,BGR West,13,9,,50,2,71.5,,
2026-02,OL1037,SSL-ORION AHMEDABAD 11,Shoppers Stop,Department Store,Ahmedabad,Gujarat,West,SKU40951,Sunscreen Gel Spf 50 70Ml,Renee,Skincare,Sunscreen,Top 25,Active,999,0,3,,2,2274,BGR West,5,5,,45,2,71.5,,
2026-02,OL1037,SSL-ORION AHMEDABAD 11,Shoppers Stop,Department Store,Ahmedabad,Gujarat,West,SKU40972,Sunscreen Gel Spf 50 70Ml,Renee,Skincare,Sunscreen,Top 25,Active,599,29,29,,5,3409,BGR West,8,5,,45,2,71.5,,
2026-02,OL1037,SSL-ORION AHMEDABAD 11,Shoppers Stop,Department Store,Ahmedabad,Gujarat,West,SKU41024,Vitamin C Serum 30Ml,Renee,Skincare,Serum,Others,Active,449,1,0,,1,511,BGR West,1,0,,45,2,71.5,,
2026-02,OL1037,SSL-ORION AHMEDABAD 11,Shoppers Stop,Department Store,Ahmedabad,Gujarat,West,SKU41032,Face Wash Hazelnut 60Ml,Renee,Skincare,Cleanser,Others,Active,499,13,16,,2,1136,BGR West,5,5,,45,2,71.5,,
2026-02,OL1037,SSL-ORION AHMEDABAD 11,Shoppers Stop,Department Store,Ahmedabad,Gujarat,West,SKU41215,Perfume Midnight 50Ml,Renee,Fragrance,EDP,Others,Active,399,0,0,,2,908,BGR West,3,2,,55,2,71.5,,
2026-02,OL1037,SSL-ORION AHMEDABAD 11,Shoppers Stop,Department Store,Ahmedabad,Gujarat,West,SKU41295,Perfume Rose 50Ml,Renee,Fragrance,EDP,Top 25,Active,599,15,23,,11,7500,BGR West,22,19,,55,2,71.5,,
2026-02,OL1037,SSL-ORION AHMEDABAD 11,Shoppers Stop,Department Store,Ahmedabad,Gujarat,West,SKU41536,Body Mist Nude 100Ml,Renee,Fragrance,Body Mist,Top 25,Active,349,0,2,,7,2781,BGR West,14,9,,55,2,71.5,,
2026-02,OL1038,SSL-INORBIT PUNE 12,Shoppers Stop,Department Store,Pune,Maharashtra,West,SKU40078,Matte Lip Color Rose 4.2Ml,Renee,Makeup,Lipstick,Top 25,Active,650,5,5,,3,2292,BGR West,5,3,,50,3,89.5,,
2026-02,OL1038,SSL-INORBIT PUNE 12,Shoppers Stop,Department Store,Pune,Maharashtra,West,SKU40108,Matte Lip Color Peach 4.2Ml,Renee,Makeup,Lipstick,Top 10,Active,650,12,11,,6,4583,BGR West,7,5,,50,3,89.5,,
2026-02,OL1038,SSL-INORBIT PUNE 12,Shoppers Stop,Department Store,Pune,Maharashtra,West,SKU40127,Matte Lip Color Coral 4.2Ml,Renee,Makeup,Lipstick,Top 25,Active,499,12,11,,7,4105,BGR West,6,6,,50,3,89.5,,
2026-02,OL1038,SSL-INORBIT PUNE 12,Shoppers Stop,Department Store,Pune,Maharashtra,West,SKU40202,Liquid Lipstick Mocha 5Ml,Renee,Makeup,Lipstick,Top 25,Active,799,5,6,,3,2817,BGR West,6,4,,50,3,89.5,2025-11,
2026-02,OL1038,SSL-INORBIT PUNE 12,Shoppers Stop,Department Store,Pune,Maharashtra,West,SKU40266,Liquid Lipstick Nude 5Ml,Renee,Makeup,Lipstick,Top 10,Active,799,12,27,,17,15962,BGR West,32,32,,50,3,89.5,,
2026-02,OL1038,SSL-INORBIT PUNE 12,Shoppers Stop,Department Store,Pune,Maharashtra,West,SKU40281,Midnight Eyeliner Berry 2.5Ml,Renee,Makeup,Eyeliner,Others,Active,299,45,46,,4,1405,BGR West,5,5,,50,3,89.5,,
2026-02,OL1038,SSL-INORBIT PUNE 12,Shoppers Stop,Department Store,Pune,Maharashtra,West,SKU40318,Midnight Eyeliner Hazelnut 2.5Ml,Renee,Makeup,Eyeliner,Others,Active,650,17,18,,1,764,BGR West,3,2,,50,3,89.5,,
2026-02,OL1038,SSL-INORBIT PUNE 12,Shoppers Stop,Department Store,Pune,Maharashtra,West,SKU40381,Midnight Eyeliner Ocean 2.5Ml,Renee,Makeup,Eyeliner,Top 25,Active,699,47,49,,4,3286,BGR West,7,6,,50,3,89.5,,
2026-02,OL1038,SSL-INORBIT PUNE 12,Shoppers Stop,Department Store,Pune,Maharashtra,West,SKU40544,Bb Cream Peach 30Ml,Renee,Makeup,Foundation,Top 10,Active,599,0,0,,8,5631,BGR West,6,5,,50,3,89.5,,
2026-02,OL1038,SSL-INORBIT PUNE 12,Shoppers Stop,Department Store,Pune,Maharashtra,West,SKU40588,Bb Cream Coral 30Ml,Renee,Makeup,Foundation,Top 10,Active,349,114,125,,9,3691,BGR West,20,20,,50,3,89.5,,
2026-02,OL1038,SSL-INORBIT PUNE 12,Shoppers Stop,Department Store,Pune,Maharashtra,West,SKU40662,Compact Powder Nude 9Gm,Renee,Makeup,Foundation,Top 25,Active,1199,1,4,,2,2818,BGR West,5,5,,50,3,89.5,,
2026-02,OL1038,SSL-INORBIT PUNE 12,Shoppers Stop,Department Store,Pune,Maharashtra,West,SKU40722,Compact Powder Berry 9Gm,Renee,Makeup,Foundation,Top 10,Active,799,22,22,,2,1878,BGR West,3,2,,50,3,89.5,,
2026-02,OL1038,SSL-INORBIT PUNE 12,Shoppers Stop,Department Store,Pune,Maharashtra,West,SKU40763,Blending Brush R6,Renee,Makeup,Brushes,Others,Active,349,1,2,,6,2461,BGR West,9,7,,50,3,89.5,,
2026-02,OL1038,SSL-INORBIT PUNE 12,Shoppers Stop,Department Store,Pune,Maharashtra,West,SKU40836,Blending Brush R4,Renee,Makeup,Brushes,Top 10,Active,1199,22,28,,8,11272,BGR West,15,14,,50,3,89.5,,
2026-02,OL1038,SSL-INORBIT PUNE 12,Shoppers Stop,Department Store,Pune,Maharashtra,West,SKU40972,Sunscreen Gel Spf 50 70Ml,Renee,Skincare,Sunscreen,Top 25,Active,599,19,19,,5,3520,BGR West,8,5,,45,3,89.5,,
2026-02,OL1038,SSL-INORBIT PUNE 12,Shoppers Stop,Department Store,Pune,Maharashtra,West,SKU41032,Face Wash Hazelnut 60Ml,Renee,Skincare,Cleanser,Others,Active,499,3,4,,1,586,BGR West,3,2,,45,3,89.5,,
2026-02,OL1038,SSL-INORBIT PUNE 12,Shoppers Stop,Department Store,Pune,Maharashtra,West,SKU41048,Face Wash Ocean 20Ml,Renee,Skincare,Cleanser,Others,Active,349,0,1,,3,1230,BGR West,4,4,,45,3,89.5,,
2026-02,OL1038,SSL-INORBIT PUNE 12,Shoppers Stop,Department Store,Pune,Maharashtra,West,SKU41295,Perfume Rose 50Ml,Renee,Fragrance,EDP,Top 25,Active,599,20,22,,5,3520,BGR West,9,7,,55,3,89.5,,
2026-02,OL1038,SSL-INORBIT PUNE 12,Shoppers Stop,Department Store,Pune,Maharashtra,West,SKU41382,Perfume Peach 50Ml,Renee,Fragrance,EDP,Top 25,Active,499,4,3,,4,2346,BGR West,4,3,,55,3,89.5,2025-08,
2026-02,OL1038,SSL-INORBIT PUNE 12,Shoppers Stop,Department Store,Pune,Maharashtra,West,SKU41536,Body Mist Nude 100Ml,Renee,Fragrance,Body Mist,Top 25,Active,349,0,0,,6,2461,BGR West,4,4,,55,3,89.5,,
2026-02,OL1038,SSL-INORBIT PUNE 12,Shoppers Stop,Department Store,Pune,Maharashtra,West,SKU41608,Hair Oil Berry 100Ml,Renee,Haircare,Hair Oil,Others,Active,449,25,25,,1,528,BGR West,2,1,,35,3,89.5,,
2026-02,OL1039,SSL-CITY CENTRE SURAT 13,Shoppers Stop,Department Store,Surat,Gujarat,West,SKU40202,Liquid Lipstick Mocha 5Ml,Renee,Makeup,Lipstick,Top 25,Active,799,3,4,,1,953,BGR West,3,2,,50,1,58,2025-11,
2026-02,OL1039,SSL-CITY CENTRE SURAT 13,Shoppers Stop,Department Store,Surat,Gujarat,West,SKU40266,Liquid Lipstick Nude 5Ml,Renee,Makeup,Lipstick,Top 10,Active,799,11,14,,4,3814,BGR West,7,7,,50,1,58,,
2026-02,OL1039,SSL-CITY CENTRE SURAT 13,Shoppers Stop,Department Store,Surat,Gujarat,West,SKU40281,Midnight Eyeliner Berry 2.5Ml,Renee,Makeup,Eyeliner,Others,Active,299,5,0,,1,357,BGR West,1,0,,50,1,58,,
2026-02,OL1039,SSL-CITY CENTRE SURAT 13,Shoppers Stop,Department Store,Surat,Gujarat,West,SKU40318,Midnight Eyeliner Hazelnut 2.5Ml,Renee,Makeup,Eyeliner,Others,Active,650,0,1,,1,776,BGR West,3,2,,50,1,58,,
2026-02,OL1039,SSL-CITY CENTRE SURAT 13,Shoppers Stop,Department Store,Surat,Gujarat,West,SKU40490,Kajal Midnight 0.35Gm,Renee,Makeup,Eyeliner,Top 10,Active,599,11,15,,4,2859,BGR West,8,8,,50,1,58,,
2026-02,OL1039,SSL-CITY CENTRE SURAT 13,Shoppers Stop,Department Store,Surat,Gujarat,West,SKU40544,Bb Cream Peach 30Ml,Renee,Makeup,Foundation,Top 10,Active,599,5,5,,5,3574,BGR West,6,5,,50,1,58,,
2026-02,OL1039,SSL-CITY CENTRE SURAT 13,Shoppers Stop,Department Store,Surat,Gujarat,West,SKU40588,Bb Cream Coral 30Ml,Renee,Makeup,Foundation,Top 10,Active,349,4,7,,5,2082,BGR West,9,8,,50,1,58,,
2026-02,OL1039,SSL-CITY CENTRE SURAT 13,Shoppers Stop,Department Store,Surat,Gujarat,West,SKU40722,Compact Powder Berry 9Gm,Renee,Makeup,Foundation,Top 10,Active,799,4,5,,2,1907,BGR West,5,3,,50,1,58,,
2026-02,OL1039,SSL-CITY CENTRE SURAT 13,Shoppers Stop,Department Store,Surat,Gujarat,West,SKU40763,Blending Brush R6,Renee,Makeup,Brushes,Others,Active,349,10,7,,1,416,BGR West,1,0,,50,1,58,,
2026-02,OL1039,SSL-CITY CENTRE SURAT 13,Shoppers Stop,Department Store,Surat,Gujarat,West,SKU40836,Blending Brush R4,Renee,Makeup,Brushes,Top 10,Active,1199,33,31,,6,8585,BGR West,5,4,,50,1,58,,
2026-02,OL1039,SSL-CITY CENTRE SURAT 13,Shoppers Stop,Department Store,Surat,Gujarat,West,SKU40979,Sunscreen Gel Spf 50 50Ml,Renee,Skincare,Sunscreen,Top 25,Active,799,8,9,,1,953,BGR West,3,2,,45,1,58,,
2026-02,OL1039,SSL-CITY CENTRE SURAT 13,Shoppers Stop,Department Store,Surat,Gujarat,West,SKU41032,Face Wash Hazelnut 60Ml,Renee,Skincare,Cleanser,Others,Active,499,3,3,,1,595,BGR West,2,1,,45,1,58,,
2026-02,OL1039,SSL-CITY CENTRE SURAT 13,Shoppers Stop,Department Store,Surat,Gujarat,West,SKU41048,Face Wash Ocean 20Ml,Renee,Skincare,Cleanser,Others,Active,349,6,8,,2,833,BGR West,5,4,,45,1,58,,
2026-02,OL1039,SSL-CITY CENTRE SURAT 13,Shoppers Stop,Department Store,Surat,Gujarat,West,SKU41129,Face Wash Vanilla 40Ml,Renee,Skincare,Cleanser,Others,Active,299,5,4,,1,357,BGR West,0,0,,45,1,58,,
2026-02,OL1039,SSL-CITY CENTRE SURAT 13,Shoppers Stop,Department Store,Surat,Gujarat,West,SKU41382,Perfume Peach 50Ml,Renee,Fragrance,EDP,Top 25,Active,499,2,1,,3,1786,BGR West,3,2,,55,1,58,2025-08,
2026-02,OL1039,SSL-CITY CENTRE SURAT 13,Shoppers Stop,Department Store,Surat,Gujarat,West,SKU41420,Body Mist Coral 100Ml,Renee,Fragrance,Body Mist,Top 25,Active,399,7,9,,2,952,BGR West,4,4,,55,1,58,,
2026-02,OL1039,SSL-CITY CENTRE SURAT 13,Shoppers Stop,Department Store,Surat,Gujarat,West,SKU41536,Body Mist Nude 100Ml,Renee,Fragrance,Body Mist,Top 25,Active,349,10,13,,2,833,BGR West,5,5,,55,1,58,,
2026-02,OL1040,SSL-FORUM BHUBANESWAR 14,Shoppers Stop,Department Store,Bhubaneswar,Odisha,East,SKU40281,Midnight Eyeliner Berry 2.5Ml,Renee,Makeup,Eyeliner,Others,Active,299,6,6,,2,570,BGR East,3,2,,50,1,49.8,,
2026-02,OL1040,SSL-FORUM BHUBANESWAR 14,Shoppers Stop,Department Store,Bhubaneswar,Odisha,East,SKU40425,Kajal Vanilla 0.35Gm,Renee,Makeup,Eyeliner,Top 25,Active,299,5,8,,13,3708,BGR East,16,16,,50,1,49.8,,
2026-02,OL1040,SSL-FORUM BHUBANESWAR 14,Shoppers Stop,Department Store,Bhubaneswar,Odisha,East,SKU40490,Kajal Midnight 0.35Gm,Renee,Makeup,Eyeliner,Top 10,Active,599,38,38,,4,2285,BGR East,4,4,,50,1,49.8,,
2026-02,OL1040,SSL-FORUM BHUBANESWAR 14,Shoppers Stop,Department Store,Bhubaneswar,Odisha,East,SKU40588,Bb Cream Coral 30Ml,Renee,Makeup,Foundation,Top 10,Active,349,34,34,,5,1665,BGR East,6,5,,50,1,49.8,,
2026-02,OL1040,SSL-FORUM BHUBANESWAR 14,Shoppers Stop,Department Store,Bhubaneswar,Odisha,East,SKU40595,Compact Powder Mocha 9Gm,Renee,Makeup,Foundation,Top 10,Active,449,40,40,,6,2570,BGR East,6,6,,50,1,49.8,,
2026-02,OL1040,SSL-FORUM BHUBANESWAR 14,Shoppers Stop,Department Store,Bhubaneswar,Odisha,East,SKU40662,Compact Powder Nude 9Gm,Renee,Makeup,Foundation,Top 25,Active,1199,1,3,,0,0,BGR East,3,2,,50,1,49.8,,
2026-02,OL1040,SSL-FORUM BHUBANESWAR 14,Shoppers Stop,Department Store,Bhubaneswar,Odisha,East,SKU40722,Compact Powder Berry 9Gm,Renee,Makeup,Foundation,Top 10,Active,799,8,12,,3,2286,BGR East,8,7,,50,1,49.8,,
2026-02,OL1040,SSL-FORUM BHUBANESWAR 14,Shoppers Stop,Department Store,Bhubaneswar,Odisha,East,SKU40836,Blending Brush R4,Renee,Makeup,Brushes,Top 10,Active,1199,12,13,,4,4575,BGR East,6,5,,50,1,49.8,,
2026-02,OL1040,SSL-FORUM BHUBANESWAR 14,Shoppers Stop,Department Store,Bhubaneswar,Odisha,East,SKU40972,Sunscreen Gel Spf 50 70Ml,Renee,Skincare,Sunscreen,Top 25,Active,599,24,25,,2,1143,BGR East,4,3,,45,1,49.8,,
2026-02,OL1040,SSL-FORUM BHUBANESWAR 14,Shoppers Stop,Department Store,Bhubaneswar,Odisha,East,SKU40979,Sunscreen Gel Spf 50 50Ml,Renee,Skincare,Sunscreen,Top 25,Active,799,10,11,,1,762,BGR East,3,2,,45,1,49.8,,
2026-02,OL1040,SSL-FORUM BHUBANESWAR 14,Shoppers Stop,Department Store,Bhubaneswar,Odisha,East,SKU41024,Vitamin C Serum 30Ml,Renee,Skincare,Serum,Others,Active,449,2,4,,1,428,BGR East,3,3,,45,1,49.8,,
2026-02,OL1040,SSL-FORUM BHUBANESWAR 14,Shoppers Stop,Department Store,Bhubaneswar,Odisha,East,SKU41032,Face Wash Hazelnut 60Ml,Renee,Skincare,Cleanser,Others,Active,499,2,3,,2,952,BGR East,4,3,,45,1,49.8,,
2026-02,OL1040,SSL-FORUM BHUBANESWAR 14,Shoppers Stop,Department Store,Bhubaneswar,Odisha,East,SKU41048,Face Wash Ocean 20Ml,Renee,Skincare,Cleanser,Others,Active,349,12,0,,3,999,BGR East,4,4,,45,1,49.8,,
2026-02,OL1040,SSL-FORUM BHUBANESWAR 14,Shoppers Stop,Department Store,Bhubaneswar,Odisha,East,SKU41129,Face Wash Vanilla 40Ml,Renee,Skincare,Cleanser,Others,Active,299,3,4,,1,285,BGR East,2,2,,45,1,49.8,,
2026-02,OL1040,SSL-FORUM BHUBANESWAR 14,Shoppers Stop,Department Store,Bhubaneswar,Odisha,East,SKU41295,Perfume Rose 50Ml,Renee,Fragrance,EDP,Top 25,Active,599,2,2,,2,1143,BGR East,4,2,,55,1,49.8,,
2026-02,OL1040,SSL-FORUM BHUBANESWAR 14,Shoppers Stop,Department Store,Bhubaneswar,Odisha,East,SKU41382,Perfume Peach 50Ml,Renee,Fragrance,EDP,Top 25,Active,499,1,22,,3,1428,BGR East,4,4,,55,1,49.8,2025-08,
2026-02,OL1040,SSL-FORUM BHUBANESWAR 14,Shoppers Stop,Department Store,Bhubaneswar,Odisha,East,SKU41420,Body Mist Coral 100Ml,Renee,Fragrance,Body Mist,Top 25,Active,399,7,8,,3,1142,BGR East,5,4,,55,1,49.8,,
2026-02,OL1040,SSL-FORUM BHUBANESWAR 14,Shoppers Stop,Department Store,Bhubaneswar,Odisha,East,SKU41608,Hair Oil Berry 100Ml,Renee,Haircare,Hair Oil,Others,Active,449,4,3,,1,428,BGR East,1,0,,35,1,49.8,,
2026-02,OL1041,SSL-INORBIT JAIPUR 15,Shoppers Stop,Department Store,Jaipur,Rajasthan,North,SKU40078,Matte Lip Color Rose 4.2Ml,Renee,Makeup,Lipstick,Top 25,Active,650,0,1,,2,1549,BGR North,3,3,,50,3,70.1,,
2026-02,OL1041,SSL-INORBIT JAIPUR 15,Shoppers Stop,Department Store,Jaipur,Rajasthan,North,SKU40108,Matte Lip Color Peach 4.2Ml,Renee,Makeup,Lipstick,Top 10,Active,650,7,9,,2,1549,BGR North,5,4,,50,3,70.1,,
2026-02,OL1041,SSL-INORBIT JAIPUR 15,Shoppers Stop,Department Store,Jaipur,Rajasthan,North,SKU40127,Matte Lip Color Coral 4.2Ml,Renee,Makeup,Lipstick,Top 25,Active,499,16,16,,3,1784,BGR North,4,3,,50,3,70.1,,
2026-02,OL1041,SSL-INORBIT JAIPUR 15,Shoppers Stop,Department Store,Jaipur,Rajasthan,North,SKU40202,Liquid Lipstick Mocha 5Ml,Renee,Makeup,Lipstick,Top 25,Active,799,3,4,,1,952,BGR North,3,2,,50,3,70.1,2025-11,
2026-02,OL1041,SSL-INORBIT JAIPUR 15,Shoppers Stop,Department Store,Jaipur,Rajasthan,North,SKU40266,Liquid Lipstick Nude 5Ml,Renee,Makeup,Lipstick,Top 10,Active,799,15,15,,5,4760,BGR North,6,5,,50,3,70.1,,
2026-02,OL1041,SSL-INORBIT JAIPUR 15,Shoppers Stop,Department Store,Jaipur,Rajasthan,North,SKU40281,Midnight Eyeliner Berry 2.5Ml,Renee,Makeup,Eyeliner,Others,Active,299,21,21,,2,713,BGR North,3,2,,50,3,70.1,,
2026-02,OL1041,SSL-INORBIT JAIPUR 15,Shoppers Stop,Department Store,Jaipur,Rajasthan,North,SKU40318,Midnight Eyeliner Hazelnut 2.5Ml,Renee,Makeup,Eyeliner,Others,Active,650,6,8,,1,775,BGR North,4,3,,50,3,70.1,,
2026-02,OL1041,SSL-INORBIT JAIPUR 15,Shoppers Stop,Department Store,Jaipur,Rajasthan,North,SKU40381,Midnight Eyeliner Ocean 2.5Ml,Renee,Makeup,Eyeliner,Top 25,Active,699,8,7,,1,833,BGR North,1,0,,50,3,70.1,,
2026-02,OL1041,SSL-INORBIT JAIPUR 15,Shoppers Stop,Department Store,Jaipur,Rajasthan,North,SKU40544,Bb Cream Peach 30Ml,Renee,Makeup,Foundation,Top 10,Active,599,0,0,,4,2855,BGR North,5,4,,50,3,70.1,,
2026-02,OL1041,SSL-INORBIT JAIPUR 15,Shoppers Stop,Department Store,Jaipur,Rajasthan,North,SKU40595,Compact Powder Mocha 9Gm,Renee,Makeup,Foundation,Top 10,Active,449,11,14,,7,3745,BGR North,13,10,,50,3,70.1,,
2026-02,OL1041,SSL-INORBIT JAIPUR 15,Shoppers Stop,Department Store,Jaipur,Rajasthan,North,SKU40662,Compact Powder Nude 9Gm,Renee,Makeup,Foundation,Top 25,Active,1199,0,0,,1,1429,BGR North,1,1,,50,3,70.1,,
2026-02,OL1041,SSL-INORBIT JAIPUR 15,Shoppers Stop,Department Store,Jaipur,Rajasthan,North,SKU40722,Compact Powder Berry 9Gm,Renee,Makeup,Foundation,Top 10,Active,799,6,5,,3,2856,BGR North,3,2,,50,3,70.1,,
2026-02,OL1041,SSL-INORBIT JAIPUR 15,Shoppers Stop,Department Store,Jaipur,Rajasthan,North,SKU40812,Blending Brush R1,Renee,Makeup,Brushes,Top 10,Active,599,7,6,,3,2141,BGR North,3,2,,50,3,70.1,2025-09,
2026-02,OL1041,SSL-INORBIT JAIPUR 15,Shoppers Stop,Department Store,Jaipur,Rajasthan,North,SKU40836,Blending Brush R4,Renee,Makeup,Brushes,Top 10,Active,1199,23,22,,5,7143,BGR North,5,4,,50,3,70.1,,
2026-02,OL1041,SSL-INORBIT JAIPUR 15,Shoppers Stop,Department Store,Jaipur,Rajasthan,North,SKU40928,Powder Brush R4,Renee,Makeup,Brushes,Top 25,Active,650,0,3,,3,2324,BGR North,7,6,,50,3,70.1,,
2026-02,OL1041,SSL-INORBIT JAIPUR 15,Shoppers Stop,Department Store,Jaipur,Rajasthan,North,SKU40972,Sunscreen Gel Spf 50 70Ml,Renee,Skincare,Sunscreen,Top 25,Active,599,5,5,,2,1427,BGR North,3,2,,45,3,70.1,,
2026-02,OL1041,SSL-INORBIT JAIPUR 15,Shoppers Stop,Department Store,Jaipur,Rajasthan,North,SKU41382,Perfume Peach 50Ml,Renee,Fragrance,EDP,Top 25,Active,499,12,11,,1,595,BGR North,0,0,,55,3,70.1,2025-08,
2026-02,OL1041,SSL-INORBIT JAIPUR 15,Shoppers Stop,Department Store,Jaipur,Rajasthan,North,SKU41420,Body Mist Coral 100Ml,Renee,Fragrance,Body Mist,Top 25,Active,399,9,10,,2,951,BGR North,4,3,,55,3,70.1,,
2026-02,OL1041,SSL-INORBIT JAIPUR 15,Shoppers Stop,Department Store,Jaipur,Rajasthan,North,SKU41536,Body Mist Nude 100Ml,Renee,Fragrance,Body Mist,Top 25,Active,349,5,7,,3,1248,BGR North,5,5,,55,3,70.1,,
2026-02,OL1041,SSL-INORBIT JAIPUR 15,Shoppers Stop,Department Store,Jaipur,Rajasthan,North,SKU41608,Hair Oil Berry 100Ml,Renee,Haircare,Hair Oil,Others,Active,449,0,0,,1,535,BGR North,2,1,,35,3,70.1,,
2026-02,OL1042,SSL-CITY CENTRE SURAT 16,Shoppers Stop,Department Store,Surat,Gujarat,West,SKU40127,Matte Lip Color Coral 4.2Ml,Renee,Makeup,Lipstick,Top 25,Active,499,1,0,,2,977,BGR West,1,0,,50,4,52.3,,
2026-02,OL1042,SSL-CITY CENTRE SURAT 16,Shoppers Stop,Department Store,Surat,Gujarat,West,SKU40266,Liquid Lipstick Nude 5Ml,Renee,Makeup,Lipstick,Top 10,Active,799,34,38,,10,7823,BGR West,15,14,,50,4,52.3,,
2026-02,OL1042,SSL-CITY CENTRE SURAT 16,Shoppers Stop,Department Store,Surat,Gujarat,West,SKU40281,Midnight Eyeliner Berry 2.5Ml,Renee,Makeup,Eyeliner,Others,Active,299,7,11,,3,878,BGR West,7,7,,50,4,52.3,,
2026-02,OL1042,SSL-CITY CENTRE SURAT 16,Shoppers Stop,Department Store,Surat,Gujarat,West,SKU40425,Kajal Vanilla 0.35Gm,Renee,Makeup,Eyeliner,Top 25,Active,299,32,35,,4,1171,BGR West,8,7,,50,4,52.3,,
2026-02,OL1042,SSL-CITY CENTRE SURAT 16,Shoppers Stop,Department Store,Surat,Gujarat,West,SKU40588,Bb Cream Coral 30Ml,Renee,Makeup,Foundation,Top 10,Active,349,0,0,,9,3076,BGR West,9,9,,50,4,52.3,,
2026-02,OL1042,SSL-CITY CENTRE SURAT 16,Shoppers Stop,Department Store,Surat,Gujarat,West,SKU40595,Compact Powder Mocha 9Gm,Renee,Makeup,Foundation,Top 10,Active,449,26,28,,4,1759,BGR West,6,6,,50,4,52.3,,
2026-02,OL1042,SSL-CITY CENTRE SURAT 16,Shoppers Stop,Department Store,Surat,Gujarat,West,SKU40662,Compact Powder Nude 9Gm,Renee,Makeup,Foundation,Top 25,Active,1199,0,1,,1,1174,BGR West,3,2,,50,4,52.3,,
2026-02,OL1042,SSL-CITY CENTRE SURAT 16,Shoppers Stop,Department Store,Surat,Gujarat,West,SKU40722,Compact Powder Berry 9Gm,Renee,Makeup,Foundation,Top 10,Active,799,14,13,,3,2347,BGR West,3,2,,50,4,52.3,,
2026-02,OL1042,SSL-CITY CENTRE SURAT 16,Shoppers Stop,Department Store,Surat,Gujarat,West,SKU40763,Blending Brush R6,Renee,Makeup,Brushes,Others,Active,349,13,13,,2,683,BGR West,3,2,,50,4,52.3,,
2026-02,OL1042,SSL-CITY CENTRE SURAT 16,Shoppers Stop,Department Store,Surat,Gujarat,West,SKU40928,Powder Brush R4,Renee,Makeup,Brushes,Top 25,Active,650,14,0,,2,1273,BGR West,3,2,,50,4,52.3,,
2026-02,OL1042,SSL-CITY CENTRE SURAT 16,Shoppers Stop,Department Store,Surat,Gujarat,West,SKU41048,Face Wash Ocean 20Ml,Renee,Skincare,Cleanser,Others,Active,349,29,33,,4,1367,BGR West,8,8,,45,4,52.3,,
2026-02,OL1042,SSL-CITY CENTRE SURAT 16,Shoppers Stop,Department Store,Surat,Gujarat,West,SKU41295,Perfume Rose 50Ml,Renee,Fragrance,EDP,Top 25,Active,599,0,0,,4,2346,BGR West,4,2,,55,4,52.3,,
2026-02,OL1042,SSL-CITY CENTRE SURAT 16,Shoppers Stop,Department Store,Surat,Gujarat,West,SKU41420,Body Mist Coral 100Ml,Renee,Fragrance,Body Mist,Top 25,Active,399,0,0,,2,781,BGR West,4,2,,55,4,52.3,,
2026-02,OL1042,SSL-CITY CENTRE SURAT 16,Shoppers Stop,Department Store,Surat,Gujarat,West,SKU41476,Body Mist Mocha 100Ml,Renee,Fragrance,Body Mist,Top 10,Active,799,15,19,,5,3912,BGR West,10,9,,55,4,52.3,,
2026-02,OL1042,SSL-CITY CENTRE SURAT 16,Shoppers Stop,Department Store,Surat,Gujarat,West,SKU41536,Body Mist Nude 100Ml,Renee,Fragrance,Body Mist,Top 25,Active,349,17,20,,4,1367,BGR West,7,7,,55,4,52.3,,
2026-02,OL1042,SSL-CITY CENTRE SURAT 16,Shoppers Stop,Department Store,Surat,Gujarat,West,SKU41608,Hair Oil Berry 100Ml,Renee,Haircare,Hair Oil,Others,Active,449,6,5,,1,440,BGR West,1,0,,35,4,52.3,,
2026-02,OL1043,SSL-FORUM SURAT 17,Shoppers Stop,Department Store,Surat,Gujarat,West,SKU40078,Matte Lip Color Rose 4.2Ml,Renee,Makeup,Lipstick,Top 25,Active,650,27,30,,6,3790,BGR West,12,9,,50,1,74,,
2026-02,OL1043,SSL-FORUM SURAT 17,Shoppers Stop,Department Store,Surat,Gujarat,West,SKU40108,Matte Lip Color Peach 4.2Ml,Renee,Makeup,Lipstick,Top 10,Active,650,21,26,,7,4422,BGR West,15,12,,50,1,74,,
2026-02,OL1043,SSL-FORUM SURAT 17,Shoppers Stop,Department Store,Surat,Gujarat,West,SKU40202,Liquid Lipstick Mocha 5Ml,Renee,Makeup,Lipstick,Top 25,Active,799,12,12,,2,1553,BGR West,3,2,,50,1,74,2025-11,
2026-02,OL1043,SSL-FORUM SURAT 17,Shoppers Stop,Department Store,Surat,Gujarat,West,SKU40266,Liquid Lipstick Nude 5Ml,Renee,Makeup,Lipstick,Top 10,Active,799,6,7,,21,16308,BGR West,22,22,,50,1,74,,
2026-02,OL1043,SSL-FORUM SURAT 17,Shoppers Stop,Department Store,Surat,Gujarat,West,SKU40318,Midnight Eyeliner Hazelnut 2.5Ml,Renee,Makeup,Eyeliner,Others,Active,650,14,12,,4,2527,BGR West,4,2,,50,1,74,,
2026-02,OL1043,SSL-FORUM SURAT 17,Shoppers Stop,Department Store,Surat,Gujarat,West,SKU40381,Midnight Eyeliner Ocean 2.5Ml,Renee,Makeup,Eyeliner,Top 25,Active,699,20,18,,6,4076,BGR West,6,4,,50,1,74,,
2026-02,OL1043,SSL-FORUM SURAT 17,Shoppers Stop,Department Store,Surat,Gujarat,West,SKU40544,Bb Cream Peach 30Ml,Renee,Makeup,Foundation,Top 10,Active,599,7,191,,32,18630,BGR West,35,35,,50,1,74,,
2026-02,OL1043,SSL-FORUM SURAT 17,Shoppers Stop,Department Store,Surat,Gujarat,West,SKU40588,Bb Cream Coral 30Ml,Renee,Makeup,Foundation,Top 10,Active,349,17,19,,23,7802,BGR West,25,25,,50,1,74,,
2026-02,OL1043,SSL-FORUM SURAT 17,Shoppers Stop,Department Store,Surat,Gujarat,West,SKU40662,Compact Powder Nude 9Gm,Renee,Makeup,Foundation,Top 25,Active,1199,11,11,,2,2331,BGR West,4,2,,50,1,74,,
2026-02,OL1043,SSL-FORUM SURAT 17,Shoppers Stop,Department Store,Surat,Gujarat,West,SKU40722,Compact Powder Berry 9Gm,Renee,Makeup,Foundation,Top 10,Active,799,27,26,,3,2330,BGR West,3,2,,50,1,74,,
2026-02,OL1043,SSL-FORUM SURAT 17,Shoppers Stop,Department Store,Surat,Gujarat,West,SKU40763,Blending Brush R6,Renee,Makeup,Brushes,Others,Active,349,15,16,,4,1357,BGR West,5,5,,50,1,74,,
2026-02,OL1043,SSL-FORUM SURAT 17,Shoppers Stop,Department Store,Surat,Gujarat,West,SKU40812,Blending Brush R1,Renee,Makeup,Brushes,Top 10,Active,599,34,38,,13,7568,BGR West,25,17,,50,1,74,2025-09,
2026-02,OL1043,SSL-FORUM SURAT 17,Shoppers Stop,Department Store,Surat,Gujarat,West,SKU40850,Powder Brush R8,Renee,Makeup,Brushes,Top 25,Active,650,92,89,,8,5054,BGR West,7,5,,50,1,74,,
2026-02,OL1043,SSL-FORUM SURAT 17,Shoppers Stop,Department Store,Surat,Gujarat,West,SKU40928,Powder Brush R4,Renee,Makeup,Brushes,Top 25,Active,650,66,67,,7,4422,BGR West,9,8,,50,1,74,,
2026-02,OL1043,SSL-FORUM SURAT 17,Shoppers Stop,Department Store,Surat,Gujarat,West,SKU40972,Sunscreen Gel Spf 50 70Ml,Renee,Skincare,Sunscreen,Top 25,Active,599,21,80,,10,5822,BGR West,11,7,,45,1,74,,
2026-02,OL1043,SSL-FORUM SURAT 17,Shoppers Stop,Department Store,Surat,Gujarat,West,SKU41024,Vitamin C Serum 30Ml,Renee,Skincare,Serum,Others,Active,449,0,0,,2,873,BGR West,3,2,,45,1,74,,
2026-02,OL1043,SSL-FORUM SURAT 17,Shoppers Stop,Department Store,Surat,Gujarat,West,SKU41048,Face Wash Ocean 20Ml,Renee,Skincare,Cleanser,Others,Active,349,36,44,,10,3392,BGR West,18,18,,45,1,74,,
2026-02,OL1043,SSL-FORUM SURAT 17,Shoppers Stop,Department Store,Surat,Gujarat,West,SKU41129,Face Wash Vanilla 40Ml,Renee,Skincare,Cleanser,Others,Active,299,12,12,,3,872,BGR West,4,3,,45,1,74,,
2026-02,OL1043,SSL-FORUM SURAT 17,Shoppers Stop,Department Store,Surat,Gujarat,West,SKU41215,Perfume Midnight 50Ml,Renee,Fragrance,EDP,Others,Active,399,5,5,,1,388,BGR West,2,1,,55,1,74,,
2026-02,OL1043,SSL-FORUM SURAT 17,Shoppers Stop,Department Store,Surat,Gujarat,West,SKU41382,Perfume Peach 50Ml,Renee,Fragrance,EDP,Top 25,Active,499,37,44,,8,3880,BGR West,15,15,,55,1,74,2025-08,
2026-02,OL1043,SSL-FORUM SURAT 17,Shoppers Stop,Department Store,Surat,Gujarat,West,SKU41536,Body Mist Nude 100Ml,Renee,Fragrance,Body Mist,Top 25,Active,349,47,52,,21,7123,BGR West,29,26,,55,1,74,,
2026-02,OL1043,SSL-FORUM SURAT 17,Shoppers Stop,Department Store,Surat,Gujarat,West,SKU41647,Hair Oil Hazelnut 100Ml,Renee,Haircare,Hair Oil,Others,Active,799,2,6,,1,777,BGR West,3,2,,35,1,74,,
2026-02,OL1044,SSL-CITY CENTRE GUWAHATI 18,Shoppers Stop,Department Store,Guwahati,Assam,East,SKU40078,Matte Lip Color Rose 4.2Ml,Renee,Makeup,Lipstick,Top 25,Active,650,16,19,,4,2916,BGR East,8,7,,50,3,66.5,,
2026-02,OL1044,SSL-CITY CENTRE GUWAHATI 18,Shoppers Stop,Department Store,Guwahati,Assam,East,SKU40108,Matte Lip Color Peach 4.2Ml,Renee,Makeup,Lipstick,Top 10,Active,650,16,19,,4,2916,BGR East,8,7,,50,3,66.5,,
2026-02,OL1044,SSL-CITY CENTRE GUWAHATI 18,Shoppers Stop,Department Store,Guwahati,Assam,East,SKU40127,Matte Lip Color Coral 4.2Ml,Renee,Makeup,Lipstick,Top 25,Active,499,18,0,,4,2238,BGR East,7,7,,50,3,66.5,,
2026-02,OL1044,SSL-CITY CENTRE GUWAHATI 18,Shoppers Stop,Department Store,Guwahati,Assam,East,SKU40266,Liquid Lipstick Nude 5Ml,Renee,Makeup,Lipstick,Top 10,Active,799,8,8,,5,4480,BGR East,8,5,,50,3,66.5,,
2026-02,OL1044,SSL-CITY CENTRE GUWAHATI 18,Shoppers Stop,Department Store,Guwahati,Assam,East,SKU40381,Midnight Eyeliner Ocean 2.5Ml,Renee,Makeup,Eyeliner,Top 25,Active,699,3,5,,2,1568,BGR East,6,4,,50,3,66.5,,
2026-02,OL1044,SSL-CITY CENTRE GUWAHATI 18,Shoppers Stop,Department Store,Guwahati,Assam,East,SKU40544,Bb Cream Peach 30Ml,Renee,Makeup,Foundation,Top 10,Active,599,17,22,,9,6045,BGR East,14,14,,50,3,66.5,,
2026-02,OL1044,SSL-CITY CENTRE GUWAHATI 18,Shoppers Stop,Department Store,Guwahati,Assam,East,SKU40588,Bb Cream Coral 30Ml,Renee,Makeup,Foundation,Top 10,Active,349,3,1,,11,4305,BGR East,13,9,,50,3,66.5,,
2026-02,OL1044,SSL-CITY CENTRE GUWAHATI 18,Shoppers Stop,Department Store,Guwahati,Assam,East,SKU40595,Compact Powder Mocha 9Gm,Renee,Makeup,Foundation,Top 10,Active,449,19,24,,8,4028,BGR East,17,13,,50,3,66.5,,
2026-02,OL1044,SSL-CITY CENTRE GUWAHATI 18,Shoppers Stop,Department Store,Guwahati,Assam,East,SKU40662,Compact Powder Nude 9Gm,Renee,Makeup,Foundation,Top 25,Active,1199,12,14,,1,1345,BGR East,4,3,,50,3,66.5,,
2026-02,OL1044,SSL-CITY CENTRE GUWAHATI 18,Shoppers Stop,Department Store,Guwahati,Assam,East,SKU40722,Compact Powder Berry 9Gm,Renee,Makeup,Foundation,Top 10,Active,799,37,38,,2,1792,BGR East,4,3,,50,3,66.5,,
2026-02,OL1044,SSL-CITY CENTRE GUWAHATI 18,Shoppers Stop,Department Store,Guwahati,Assam,East,SKU40763,Blending Brush R6,Renee,Makeup,Brushes,Others,Active,349,2,5,,2,783,BGR East,6,5,,50,3,66.5,,
2026-02,OL1044,SSL-CITY CENTRE GUWAHATI 18,Shoppers Stop,Department Store,Guwahati,Assam,East,SKU40850,Powder Brush R8,Renee,Makeup,Brushes,Top 25,Active,650,3,2,,2,1458,BGR East,2,1,,50,3,66.5,,
2026-02,OL1044,SSL-CITY CENTRE GUWAHATI 18,Shoppers Stop,Department Store,Guwahati,Assam,East,SKU40928,Powder Brush R4,Renee,Makeup,Brushes,Top 25,Active,650,17,18,,5,3644,BGR East,9,6,,50,3,66.5,,
2026-02,OL1044,SSL-CITY CENTRE GUWAHATI 18,Shoppers Stop,Department Store,Guwahati,Assam,East,SKU40951,Sunscreen Gel Spf 50 70Ml,Renee,Skincare,Sunscreen,Top 25,Active,999,0,0,,1,1120,BGR East,1,1,,45,3,66.5,,
2026-02,OL1044,SSL-CITY CENTRE GUWAHATI 18,Shoppers Stop,Department Store,Guwahati,Assam,East,SKU40972,Sunscreen Gel Spf 50 70Ml,Renee,Skincare,Sunscreen,Top 25,Active,599,9,9,,4,2687,BGR East,4,4,,45,3,66.5,,
2026-02,OL1044,SSL-CITY CENTRE GUWAHATI 18,Shoppers Stop,Department Store,Guwahati,Assam,East,SKU40979,Sunscreen Gel Spf 50 50Ml,Renee,Skincare,Sunscreen,Top 25,Active,799,4,4,,1,896,BGR East,2,1,,45,3,66.5,,
2026-02,OL1044,SSL-CITY CENTRE GUWAHATI 18,Shoppers Stop,Department Store,Guwahati,Assam,East,SKU41024,Vitamin C Serum 30Ml,Renee,Skincare,Serum,Others,Active,449,0,0,,1,503,BGR East,2,1,,45,3,66.5,,
2026-02,OL1044,SSL-CITY CENTRE GUWAHATI 18,Shoppers Stop,Department Store,Guwahati,Assam,East,SKU41048,Face Wash Ocean 20Ml,Renee,Skincare,Cleanser,Others,Active,349,6,8,,2,783,BGR East,4,4,,45,3,66.5,,
2026-02,OL1044,SSL-CITY CENTRE GUWAHATI 18,Shoppers Stop,Department Store,Guwahati,Assam,East,SKU41382,Perfume Peach 50Ml,Renee,Fragrance,EDP,Top 25,Active,499,12,15,,4,2238,BGR East,10,7,,55,3,66.5,2025-08,
2026-02,OL1044,SSL-CITY CENTRE GUWAHATI 18,Shoppers Stop,Department Store,Guwahati,Assam,East,SKU41420,Body Mist Coral 100Ml,Renee,Fragrance,Body Mist,Top 25,Active,399,0,0,,3,1342,BGR East,3,2,,55,3,66.5,,
2026-02,OL1044,SSL-CITY CENTRE GUWAHATI 18,Shoppers Stop,Department Store,Guwahati,Assam,East,SKU41608,Hair Oil Berry 100Ml,Renee,Haircare,Hair Oil,Others,Active,449,8,9,,1,503,BGR East,2,2,,35,3,66.5,,
2026-02,OL1045,DAB-PHOENIX CHENNAI 1,Dabur,MBO,Chennai,Tamil Nadu,South,SKU40127,Matte Lip Color Coral 4.2Ml,Renee,Makeup,Lipstick,Top 25,Active,499,28,30,,6,2861,BGR South,10,8,,50,4,63,,
2026-02,OL1045,DAB-PHOENIX CHENNAI 1,Dabur,MBO,Chennai,Tamil Nadu,South,SKU40266,Liquid Lipstick Nude 5Ml,Renee,Makeup,Lipstick,Top 10,Active,799,48,62,,12,9163,BGR South,26,26,,50,4,63,,
2026-02,OL1045,DAB-PHOENIX CHENNAI 1,Dabur,MBO,Chennai,Tamil Nadu,South,SKU40318,Midnight Eyeliner Hazelnut 2.5Ml,Renee,Makeup,Eyeliner,Others,Active,650,5,5,,4,2485,BGR South,4,4,,50,4,63,,
2026-02,OL1045,DAB-PHOENIX CHENNAI 1,Dabur,MBO,Chennai,Tamil Nadu,South,SKU40425,Kajal Vanilla 0.35Gm,Renee,Makeup,Eyeliner,Top 25,Active,299,49,49,,6,1714,BGR South,8,6,,50,4,63,,
2026-02,OL1045,DAB-PHOENIX CHENNAI 1,Dabur,MBO,Chennai,Tamil Nadu,South,SKU40490,Kajal Midnight 0.35Gm,Renee,Makeup,Eyeliner,Top 10,Active,599,32,30,,9,5152,BGR South,10,7,,50,4,63,,
2026-02,OL1045,DAB-PHOENIX CHENNAI 1,Dabur,MBO,Chennai,Tamil Nadu,South,SKU40544,Bb Cream Peach 30Ml,Renee,Makeup,Foundation,Top 10,Active,599,48,56,,8,4580,BGR South,18,16,,50,4,63,,
2026-02,OL1045,DAB-PHOENIX CHENNAI 1,Dabur,MBO,Chennai,Tamil Nadu,South,SKU40595,Compact Powder Mocha 9Gm,Renee,Makeup,Foundation,Top 10,Active,449,32,33,,17,7295,BGR South,21,18,,50,4,63,,
2026-02,OL1045,DAB-PHOENIX CHENNAI 1,Dabur,MBO,Chennai,Tamil Nadu,South,SKU40662,Compact Powder Nude 9Gm,Renee,Makeup,Foundation,Top 25,Active,1199,6,7,,1,1146,BGR South,2,2,,50,4,63,,
2026-02,OL1045,DAB-PHOENIX CHENNAI 1,Dabur,MBO,Chennai,Tamil Nadu,South,SKU40722,Compact Powder Berry 9Gm,Renee,Makeup,Foundation,Top 10,Active,799,15,16,,5,3818,BGR South,6,6,,50,4,63,,
2026-02,OL1045,DAB-PHOENIX CHENNAI 1,Dabur,MBO,Chennai,Tamil Nadu,South,SKU40763,Blending Brush R6,Renee,Makeup,Brushes,Others,Active,349,17,18,,3,1001,BGR South,6,4,,50,4,63,,
2026-02,OL1045,DAB-PHOENIX CHENNAI 1,Dabur,MBO,Chennai,Tamil Nadu,South,SKU40812,Blending Brush R1,Renee,Makeup,Brushes,Top 10,Active,599,33,32,,4,2290,BGR South,4,3,,50,4,63,2025-09,
2026-02,OL1045,DAB-PHOENIX CHENNAI 1,Dabur,MBO,Chennai,Tamil Nadu,South,SKU40850,Powder Brush R8,Renee,Makeup,Brushes,Top 25,Active,650,36,35,,8,4970,BGR South,10,7,,50,4,63,,
2026-02,OL1045,DAB-PHOENIX CHENNAI 1,Dabur,MBO,Chennai,Tamil Nadu,South,SKU40928,Powder Brush R4,Renee,Makeup,Brushes,Top 25,Active,650,0,32,,4,2485,BGR South,4,4,,50,4,63,,
2026-02,OL1045,DAB-PHOENIX CHENNAI 1,Dabur,MBO,Chennai,Tamil Nadu,South,SKU40951,Sunscreen Gel Spf 50 70Ml,Renee,Skincare,Sunscreen,Top 25,Active,999,9,7,,1,955,BGR South,4,2,,45,4,63,,
2026-02,OL1045,DAB-PHOENIX CHENNAI 1,Dabur,MBO,Chennai,Tamil Nadu,South,SKU40972,Sunscreen Gel Spf 50 70Ml,Renee,Skincare,Sunscreen,Top 25,Active,599,11,32,,5,2862,BGR South,9,9,,45,4,63,,
2026-02,OL1045,DAB-PHOENIX CHENNAI 1,Dabur,MBO,Chennai,Tamil Nadu,South,SKU40979,Sunscreen Gel Spf 50 50Ml,Renee,Skincare,Sunscreen,Top 25,Active,799,9,11,,2,1527,BGR South,5,4,,45,4,63,,
2026-02,OL1045,DAB-PHOENIX CHENNAI 1,Dabur,MBO,Chennai,Tamil Nadu,South,SKU41032,Face Wash Hazelnut 60Ml,Renee,Skincare,Cleanser,Others,Active,499,11,11,,1,477,BGR South,2,1,,45,4,63,,
2026-02,OL1045,DAB-PHOENIX CHENNAI 1,Dabur,MBO,Chennai,Tamil Nadu,South,SKU41129,Face Wash Vanilla 40Ml,Renee,Skincare,Cleanser,Others,Active,299,23,22,,2,571,BGR South,2,1,,45,4,63,,
2026-02,OL1045,DAB-PHOENIX CHENNAI 1,Dabur,MBO,Chennai,Tamil Nadu,South,SKU41215,Perfume Midnight 50Ml,Renee,Fragrance,EDP,Others,Active,399,0,2,,3,1144,BGR South,7,5,,55,4,63,,
2026-02,OL1045,DAB-PHOENIX CHENNAI 1,Dabur,MBO,Chennai,Tamil Nadu,South,SKU41295,Perfume Rose 50Ml,Renee,Fragrance,EDP,Top 25,Active,599,58,60,,4,2290,BGR South,6,6,,55,4,63,,
2026-02,OL1045,DAB-PHOENIX CHENNAI 1,Dabur,MBO,Chennai,Tamil Nadu,South,SKU41382,Perfume Peach 50Ml,Renee,Fragrance,EDP,Top 25,Active,499,15,18,,4,1908,BGR South,7,7,,55,4,63,2025-08,
2026-02,OL1045,DAB-PHOENIX CHENNAI 1,Dabur,MBO,Chennai,Tamil Nadu,South,SKU41420,Body Mist Coral 100Ml,Renee,Fragrance,Body Mist,Top 25,Active,399,14,0,,5,1907,BGR South,11,7,,55,4,63,,
2026-02,OL1045,DAB-PHOENIX CHENNAI 1,Dabur,MBO,Chennai,Tamil Nadu,South,SKU41476,Body Mist Mocha 100Ml,Renee,Fragrance,Body Mist,Top 10,Active,799,0,6,,6,4582,BGR South,12,12,,55,4,63,,
2026-02,OL1045,DAB-PHOENIX CHENNAI 1,Dabur,MBO,Chennai,Tamil Nadu,South,SKU41536,Body Mist Nude 100Ml,Renee,Fragrance,Body Mist,Top 25,Active,349,38,37,,9,3002,BGR South,8,8,,55,4,63,,
2026-02,OL1045,DAB-PHOENIX CHENNAI 1,Dabur,MBO,Chennai,Tamil Nadu,South,SKU41647,Hair Oil Hazelnut 100Ml,Renee,Haircare,Hair Oil,Others,Active,799,9,8,,1,764,BGR South,1,0,,35,4,63,,
2026-02,OL1046,DAB-FORUM SURAT 2,Dabur,MBO,Surat,Gujarat,West,SKU40078,Matte Lip Color Rose 4.2Ml,Renee,Makeup,Lipstick,Top 25,Active,650,9,23,,3,2178,BGR West,4,3,,50,3,89.7,,
2026-02,OL1046,DAB-FORUM SURAT 2,Dabur,MBO,Surat,Gujarat,West,SKU40266,Liquid Lipstick Nude 5Ml,Renee,Makeup,Lipstick,Top 10,Active,799,24,26,,5,4462,BGR West,9,7,,50,3,89.7,,
2026-02,OL1046,DAB-FORUM SURAT 2,Dabur,MBO,Surat,Gujarat,West,SKU40381,Midnight Eyeliner Ocean 2.5Ml,Renee,Makeup,Eyeliner,Top 25,Active,699,1,3,,2,1561,BGR West,4,4,,50,3,89.7,,
2026-02,OL1046,DAB-FORUM SURAT 2,Dabur,MBO,Surat,Gujarat,West,SKU40588,Bb Cream Coral 30Ml,Renee,Makeup,Foundation,Top 10,Active,349,19,24,,6,2339,BGR West,11,11,,50,3,89.7,,
2026-02,OL1046,DAB-FORUM SURAT 2,Dabur,MBO,Surat,Gujarat,West,SKU40595,Compact Powder Mocha 9Gm,Renee,Makeup,Foundation,Top 10,Active,449,9,7,,8,4012,BGR West,8,6,,50,3,89.7,,
2026-02,OL1046,DAB-FORUM SURAT 2,Dabur,MBO,Surat,Gujarat,West,SKU40763,Blending Brush R6,Renee,Makeup,Brushes,Others,Active,349,14,13,,2,780,BGR West,2,1,,50,3,89.7,,
2026-02,OL1046,DAB-FORUM SURAT 2,Dabur,MBO,Surat,Gujarat,West,SKU40836,Blending Brush R4,Renee,Makeup,Brushes,Top 10,Active,1199,20,22,,4,5357,BGR West,7,6,,50,3,89.7,,
2026-02,OL1046,DAB-FORUM SURAT 2,Dabur,MBO,Surat,Gujarat,West,SKU40979,Sunscreen Gel Spf 50 50Ml,Renee,Skincare,Sunscreen,Top 25,Active,799,8,10,,2,1785,BGR West,4,4,,45,3,89.7,,
2026-02,OL1046,DAB-FORUM SURAT 2,Dabur,MBO,Surat,Gujarat,West,SKU41032,Face Wash Hazelnut 60Ml,Renee,Skincare,Cleanser,Others,Active,499,14,18,,2,1115,BGR West,6,6,,45,3,89.7,,
2026-02,OL1046,DAB-FORUM SURAT 2,Dabur,MBO,Surat,Gujarat,West,SKU41129,Face Wash Vanilla 40Ml,Renee,Skincare,Cleanser,Others,Active,299,11,11,,2,668,BGR West,3,2,,45,3,89.7,,
2026-02,OL1046,DAB-FORUM SURAT 2,Dabur,MBO,Surat,Gujarat,West,SKU41420,Body Mist Coral 100Ml,Renee,Fragrance,Body Mist,Top 25,Active,399,17,18,,4,1783,BGR West,5,5,,55,3,89.7,,
2026-02,OL1046,DAB-FORUM SURAT 2,Dabur,MBO,Surat,Gujarat,West,SKU41476,Body Mist Mocha 100Ml,Renee,Fragrance,Body Mist,Top 10,Active,799,27,31,,3,2677,BGR West,8,7,,55,3,89.7,,
2026-02,OL1046,DAB-FORUM SURAT 2,Dabur,MBO,Surat,Gujarat,West,SKU41536,Body Mist Nude 100Ml,Renee,Fragrance,Body Mist,Top 25,Active,349,5,26,,3,1169,BGR West,4,4,,55,3,89.7,,
2026-02,OL1046,DAB-FORUM SURAT 2,Dabur,MBO,Surat,Gujarat,West,SKU41608,Hair Oil Berry 100Ml,Renee,Haircare,Hair Oil,Others,Active,449,13,15,,1,501,BGR West,3,3,,35,3,89.7,,
2026-02,OL1047,DAB-ORION KOLKATA 3,Dabur,MBO,Kolkata,West Bengal,East,SKU40078,Matte Lip Color Rose 4.2Ml,Renee,Makeup,Lipstick,Top 25,Active,650,6,26,,4,2792,BGR East,4,3,,50,3,59,,
2026-02,OL1047,DAB-ORION KOLKATA 3,Dabur,MBO,Kolkata,West Bengal,East,SKU40108,Matte Lip Color Peach 4.2Ml,Renee,Makeup,Lipstick,Top 10,Active,650,25,0,,5,3490,BGR East,7,7,,50,3,59,,
2026-02,OL1047,DAB-ORION KOLKATA 3,Dabur,MBO,Kolkata,West Bengal,East,SKU40202,Liquid Lipstick Mocha 5Ml,Renee,Makeup,Lipstick,Top 25,Active,799,22,24,,2,1716,BGR East,5,4,,50,3,59,2025-11,
2026-02,OL1047,DAB-ORION KOLKATA 3,Dabur,MBO,Kolkata,West Bengal,East,SKU40281,Midnight Eyeliner Berry 2.5Ml,Renee,Makeup,Eyeliner,Others,Active,299,18,20,,6,1927,BGR East,9,8,,50,3,59,,
2026-02,OL1047,DAB-ORION KOLKATA 3,Dabur,MBO,Kolkata,West Bengal,East,SKU40318,Midnight Eyeliner Hazelnut 2.5Ml,Renee,Makeup,Eyeliner,Others,Active,650,17,17,,4,2792,BGR East,5,4,,50,3,59,,
2026-02,OL1047,DAB-ORION KOLKATA 3,Dabur,MBO,Kolkata,West Bengal,East,SKU40381,Midnight Eyeliner Ocean 2.5Ml,Renee,Makeup,Eyeliner,Top 25,Active,699,28,32,,4,3003,BGR East,10,8,,50,3,59,,
2026-02,OL1047,DAB-ORION KOLKATA 3,Dabur,MBO,Kolkata,West Bengal,East,SKU40425,Kajal Vanilla 0.35Gm,Renee,Makeup,Eyeliner,Top 25,Active,299,7,8,,9,2890,BGR East,10,10,,50,3,59,,
2026-02,OL1047,DAB-ORION KOLKATA 3,Dabur,MBO,Kolkata,West Bengal,East,SKU40490,Kajal Midnight 0.35Gm,Renee,Makeup,Eyeliner,Top 10,Active,599,33,36,,5,3216,BGR East,9,8,,50,3,59,,
2026-02,OL1047,DAB-ORION KOLKATA 3,Dabur,MBO,Kolkata,West Bengal,East,SKU40544,Bb Cream Peach 30Ml,Renee,Makeup,Foundation,Top 10,Active,599,0,0,,9,5789,BGR East,11,9,,50,3,59,,
2026-02,OL1047,DAB-ORION KOLKATA 3,Dabur,MBO,Kolkata,West Bengal,East,SKU40588,Bb Cream Coral 30Ml,Renee,Makeup,Foundation,Top 10,Active,349,67,0,,9,3373,BGR East,13,13,,50,3,59,,
2026-02,OL1047,DAB-ORION KOLKATA 3,Dabur,MBO,Kolkata,West Bengal,East,SKU40595,Compact Powder Mocha 9Gm,Renee,Makeup,Foundation,Top 10,Active,449,25,30,,10,4822,BGR East,19,15,,50,3,59,,
2026-02,OL1047,DAB-ORION KOLKATA 3,Dabur,MBO,Kolkata,West Bengal,East,SKU40662,Compact Powder Nude 9Gm,Renee,Makeup,Foundation,Top 25,Active,1199,2,2,,1,1288,BGR East,1,1,,50,3,59,,
2026-02,OL1047,DAB-ORION KOLKATA 3,Dabur,MBO,Kolkata,West Bengal,East,SKU40722,Compact Powder Berry 9Gm,Renee,Makeup,Foundation,Top 10,Active,799,9,11,,6,5148,BGR East,10,8,,50,3,59,,
2026-02,OL1047,DAB-ORION KOLKATA 3,Dabur,MBO,Kolkata,West Bengal,East,SKU40763,Blending Brush R6,Renee,Makeup,Brushes,Others,Active,349,2,31,,4,1499,BGR East,8,8,,50,3,59,,
2026-02,OL1047,DAB-ORION KOLKATA 3,Dabur,MBO,Kolkata,West Bengal,East,SKU40812,Blending Brush R1,Renee,Makeup,Brushes,Top 10,Active,599,24,21,,18,11579,BGR East,19,15,,50,3,59,2025-09,
2026-02,OL1047,DAB-ORION KOLKATA 3,Dabur,MBO,Kolkata,West Bengal,East,SKU40850,Powder Brush R8,Renee,Makeup,Brushes,Top 25,Active,650,10,9,,4,2792,BGR East,5,3,,50,3,59,,
2026-02,OL1047,DAB-ORION KOLKATA 3,Dabur,MBO,Kolkata,West Bengal,East,SKU40928,Powder Brush R4,Renee,Makeup,Brushes,Top 25,Active,650,0,5,,4,2792,BGR East,10,9,,50,3,59,,
2026-02,OL1047,DAB-ORION KOLKATA 3,Dabur,MBO,Kolkata,West Bengal,East,SKU40951,Sunscreen Gel Spf 50 70Ml,Renee,Skincare,Sunscreen,Top 25,Active,999,6,7,,4,4291,BGR East,7,5,,45,3,59,,
2026-02,OL1047,DAB-ORION KOLKATA 3,Dabur,MBO,Kolkata,West Bengal,East,SKU40979,Sunscreen Gel Spf 50 50Ml,Renee,Skincare,Sunscreen,Top 25,Active,799,9,9,,4,3432,BGR East,5,4,,45,3,59,,
2026-02,OL1047,DAB-ORION KOLKATA 3,Dabur,MBO,Kolkata,West Bengal,East,SKU41024,Vitamin C Serum 30Ml,Renee,Skincare,Serum,Others,Active,449,7,11,,2,964,BGR East,6,6,,45,3,59,,
2026-02,OL1047,DAB-ORION KOLKATA 3,Dabur,MBO,Kolkata,West Bengal,East,SKU41032,Face Wash Hazelnut 60Ml,Renee,Skincare,Cleanser,Others,Active,499,11,11,,3,1608,BGR East,4,3,,45,3,59,,
2026-02,OL1047,DAB-ORION KOLKATA 3,Dabur,MBO,Kolkata,West Bengal,East,SKU41048,Face Wash Ocean 20Ml,Renee,Skincare,Cleanser,Others,Active,349,1,0,,4,1499,BGR East,5,5,,45,3,59,,
2026-02,OL1047,DAB-ORION KOLKATA 3,Dabur,MBO,Kolkata,West Bengal,East,SKU41129,Face Wash Vanilla 40Ml,Renee,Skincare,Cleanser,Others,Active,299,5,8,,2,642,BGR East,5,5,,45,3,59,,
2026-02,OL1047,DAB-ORION KOLKATA 3,Dabur,MBO,Kolkata,West Bengal,East,SKU41382,Perfume Peach 50Ml,Renee,Fragrance,EDP,Top 25,Active,499,0,0,,3,1608,BGR East,5,3,,55,3,59,2025-08,
2026-02,OL1047,DAB-ORION KOLKATA 3,Dabur,MBO,Kolkata,West Bengal,East,SKU41420,Body Mist Coral 100Ml,Renee,Fragrance,Body Mist,Top 25,Active,399,41,42,,5,2142,BGR East,7,6,,55,3,59,,
2026-02,OL1047,DAB-ORION KOLKATA 3,Dabur,MBO,Kolkata,West Bengal,East,SKU41536,Body Mist Nude 100Ml,Renee,Fragrance,Body Mist,Top 25,Active,349,15,0,,10,3748,BGR East,11,8,,55,3,59,,
2026-02,OL1047,DAB-ORION KOLKATA 3,Dabur,MBO,Kolkata,West Bengal,East,SKU41608,Hair Oil Berry 100Ml,Renee,Haircare,Hair Oil,Others,Active,449,16,16,,2,964,BGR East,5,4,,35,3,59,,
2026-02,OL1047,DAB-ORION KOLKATA 3,Dabur,MBO,Kolkata,West Bengal,East,SKU41647,Hair Oil Hazelnut 100Ml,Renee,Haircare,Hair Oil,Others,Active,799,22,25,,4,3432,BGR East,8,7,,35,3,59,,
2026-02,OL1048,DAB-SELECT AHMEDABAD 4,Dabur,MBO,Ahmedabad,Gujarat,West,SKU40108,Matte Lip Color Peach 4.2Ml,Renee,Makeup,Lipstick,Top 10,Active,650,23,22,,3,2215,BGR West,3,2,,50,3,83.4,,
2026-02,OL1048,DAB-SELECT AHMEDABAD 4,Dabur,MBO,Ahmedabad,Gujarat,West,SKU40266,Liquid Lipstick Nude 5Ml,Renee,Makeup,Lipstick,Top 10,Active,799,0,1,,3,2722,BGR West,5,4,,50,3,83.4,,
2026-02,OL1048,DAB-SELECT AHMEDABAD 4,Dabur,MBO,Ahmedabad,Gujarat,West,SKU40281,Midnight Eyeliner Berry 2.5Ml,Renee,Makeup,Eyeliner,Others,Active,299,25,27,,2,679,BGR West,5,4,,50,3,83.4,,
2026-02,OL1048,DAB-SELECT AHMEDABAD 4,Dabur,MBO,Ahmedabad,Gujarat,West,SKU40318,Midnight Eyeliner Hazelnut 2.5Ml,Renee,Makeup,Eyeliner,Others,Active,650,12,13,,0,0,BGR West,1,1,,50,3,83.4,,
2026-02,OL1048,DAB-SELECT AHMEDABAD 4,Dabur,MBO,Ahmedabad,Gujarat,West,SKU40381,Midnight Eyeliner Ocean 2.5Ml,Renee,Makeup,Eyeliner,Top 25,Active,699,15,15,,3,2382,BGR West,4,3,,50,3,83.4,,
2026-02,OL1048,DAB-SELECT AHMEDABAD 4,Dabur,MBO,Ahmedabad,Gujarat,West,SKU40490,Kajal Midnight 0.35Gm,Renee,Makeup,Eyeliner,Top 10,Active,599,4,6,,8,5443,BGR West,11,10,,50,3,83.4,,
2026-02,OL1048,DAB-SELECT AHMEDABAD 4,Dabur,MBO,Ahmedabad,Gujarat,West,SKU40722,Compact Powder Berry 9Gm,Renee,Makeup,Foundation,Top 10,Active,799,0,2,,2,1815,BGR West,4,4,,50,3,83.4,,
2026-02,OL1048,DAB-SELECT AHMEDABAD 4,Dabur,MBO,Ahmedabad,Gujarat,West,SKU40812,Blending Brush R1,Renee,Makeup,Brushes,Top 10,Active,599,19,20,,2,1361,BGR West,3,3,,50,3,83.4,2025-09,
2026-02,OL1048,DAB-SELECT AHMEDABAD 4,Dabur,MBO,Ahmedabad,Gujarat,West,SKU40850,Powder Brush R8,Renee,Makeup,Brushes,Top 25,Active,650,0,4,,4,2953,BGR West,8,8,,50,3,83.4,,
2026-02,OL1048,DAB-SELECT AHMEDABAD 4,Dabur,MBO,Ahmedabad,Gujarat,West,SKU40928,Powder Brush R4,Renee,Makeup,Brushes,Top 25,Active,650,11,0,,2,1476,BGR West,5,5,,50,3,83.4,,
2026-02,OL1048,DAB-SELECT AHMEDABAD 4,Dabur,MBO,Ahmedabad,Gujarat,West,SKU40979,Sunscreen Gel Spf 50 50Ml,Renee,Skincare,Sunscreen,Top 25,Active,799,3,5,,2,1815,BGR West,5,4,,45,3,83.4,,
2026-02,OL1048,DAB-SELECT AHMEDABAD 4,Dabur,MBO,Ahmedabad,Gujarat,West,SKU41129,Face Wash Vanilla 40Ml,Renee,Skincare,Cleanser,Others,Active,299,0,5,,3,1019,BGR West,8,8,,45,3,83.4,,
2026-02,OL1048,DAB-SELECT AHMEDABAD 4,Dabur,MBO,Ahmedabad,Gujarat,West,SKU41382,Perfume Peach 50Ml,Renee,Fragrance,EDP,Top 25,Active,499,3,4,,3,1700,BGR West,5,4,,55,3,83.4,2025-08,
2026-02,OL1048,DAB-SELECT AHMEDABAD 4,Dabur,MBO,Ahmedabad,Gujarat,West,SKU41647,Hair Oil Hazelnut 100Ml,Renee,Haircare,Hair Oil,Others,Active,799,11,13,,1,907,BGR West,4,3,,35,3,83.4,,
2026-02,OL1049,DAB-FORUM KOLKATA 5,Dabur,MBO,Kolkata,West Bengal,East,SKU40108,Matte Lip Color Peach 4.2Ml,Renee,Makeup,Lipstick,Top 10,Active,650,5,7,,2,1295,BGR East,4,4,,50,4,50,,
2026-02,OL1049,DAB-FORUM KOLKATA 5,Dabur,MBO,Kolkata,West Bengal,East,SKU40127,Matte Lip Color Coral 4.2Ml,Renee,Makeup,Lipstick,Top 25,Active,499,1,3,,3,1491,BGR East,6,5,,50,4,50,,
2026-02,OL1049,DAB-FORUM KOLKATA 5,Dabur,MBO,Kolkata,West Bengal,East,SKU40266,Liquid Lipstick Nude 5Ml,Renee,Makeup,Lipstick,Top 10,Active,799,19,19,,4,3184,BGR East,4,4,,50,4,50,,
2026-02,OL1049,DAB-FORUM KOLKATA 5,Dabur,MBO,Kolkata,West Bengal,East,SKU40381,Midnight Eyeliner Ocean 2.5Ml,Renee,Makeup,Eyeliner,Top 25,Active,699,13,14,,1,696,BGR East,4,2,,50,4,50,,
2026-02,OL1049,DAB-FORUM KOLKATA 5,Dabur,MBO,Kolkata,West Bengal,East,SKU40425,Kajal Vanilla 0.35Gm,Renee,Makeup,Eyeliner,Top 25,Active,299,35,34,,4,1191,BGR East,4,3,,50,4,50,,
2026-02,OL1049,DAB-FORUM KOLKATA 5,Dabur,MBO,Kolkata,West Bengal,East,SKU40544,Bb Cream Peach 30Ml,Renee,Makeup,Foundation,Top 10,Active,599,1,3,,4,2387,BGR East,7,6,,50,4,50,,
2026-02,OL1049,DAB-FORUM KOLKATA 5,Dabur,MBO,Kolkata,West Bengal,East,SKU40595,Compact Powder Mocha 9Gm,Renee,Makeup,Foundation,Top 10,Active,449,0,0,,4,1789,BGR East,3,2,,50,4,50,,
2026-02,OL1049,DAB-FORUM KOLKATA 5,Dabur,MBO,Kolkata,West Bengal,East,SKU40662,Compact Powder Nude 9Gm,Renee,Makeup,Foundation,Top 25,Active,1199,20,23,,4,4777,BGR East,7,7,,50,4,50,,
2026-02,OL1049,DAB-FORUM KOLKATA 5,Dabur,MBO,Kolkata,West Bengal,East,SKU40722,Compact Powder Berry 9Gm,Renee,Makeup,Foundation,Top 10,Active,799,9,11,,3,2388,BGR East,6,5,,50,4,50,,
2026-02,OL1049,DAB-FORUM KOLKATA 5,Dabur,MBO,Kolkata,West Bengal,East,SKU40763,Blending Brush R6,Renee,Makeup,Brushes,Others,Active,349,3,4,,2,695,BGR East,5,3,,50,4,50,,
2026-02,OL1049,DAB-FORUM KOLKATA 5,Dabur,MBO,Kolkata,West Bengal,East,SKU40812,Blending Brush R1,Renee,Makeup,Brushes,Top 10,Active,599,7,6,,4,2387,BGR East,5,3,,50,4,50,2025-09,
2026-02,OL1049,DAB-FORUM KOLKATA 5,Dabur,MBO,Kolkata,West Bengal,East,SKU40836,Blending Brush R4,Renee,Makeup,Brushes,Top 10,Active,1199,11,0,,3,3583,BGR East,7,5,,50,4,50,,
2026-02,OL1049,DAB-FORUM KOLKATA 5,Dabur,MBO,Kolkata,West Bengal,East,SKU40850,Powder Brush R8,Renee,Makeup,Brushes,Top 25,Active,650,14,15,,2,1295,BGR East,4,3,,50,4,50,,
2026-02,OL1049,DAB-FORUM KOLKATA 5,Dabur,MBO,Kolkata,West Bengal,East,SKU40928,Powder Brush R4,Renee,Makeup,Brushes,Top 25,Active,650,10,10,,1,647,BGR East,1,1,,50,4,50,,
2026-02,OL1049,DAB-FORUM KOLKATA 5,Dabur,MBO,Kolkata,West Bengal,East,SKU40951,Sunscreen Gel Spf 50 70Ml,Renee,Skincare,Sunscreen,Top 25,Active,999,9,9,,4,3980,BGR East,5,4,,45,4,50,,
2026-02,OL1049,DAB-FORUM KOLKATA 5,Dabur,MBO,Kolkata,West Bengal,East,SKU40972,Sunscreen Gel Spf 50 70Ml,Renee,Skincare,Sunscreen,Top 25,Active,599,18,21,,2,1193,BGR East,5,5,,45,4,50,,
2026-02,OL1049,DAB-FORUM KOLKATA 5,Dabur,MBO,Kolkata,West Bengal,East,SKU41024,Vitamin C Serum 30Ml,Renee,Skincare,Serum,Others,Active,449,16,20,,4,1789,BGR East,8,8,,45,4,50,,
2026-02,OL1049,DAB-FORUM KOLKATA 5,Dabur,MBO,Kolkata,West Bengal,East,SKU41032,Face Wash Hazelnut 60Ml,Renee,Skincare,Cleanser,Others,Active,499,5,15,,2,994,BGR East,5,4,,45,4,50,,
2026-02,OL1049,DAB-FORUM KOLKATA 5,Dabur,MBO,Kolkata,West Bengal,East,SKU41048,Face Wash Ocean 20Ml,Renee,Skincare,Cleanser,Others,Active,349,24,0,,0,0,BGR East,3,2,,45,4,50,,
2026-02,OL1049,DAB-FORUM KOLKATA 5,Dabur,MBO,Kolkata,West Bengal,East,SKU41129,Face Wash Vanilla 40Ml,Renee,Skincare,Cleanser,Others,Active,299,8,24,,3,894,BGR East,3,3,,45,4,50,,
2026-02,OL1049,DAB-FORUM KOLKATA 5,Dabur,MBO,Kolkata,West Bengal,East,SKU41382,Perfume Peach 50Ml,Renee,Fragrance,EDP,Top 25,Active,499,16,15,,2,994,BGR East,2,1,,55,4,50,2025-08,
2026-02,OL1049,DAB-FORUM KOLKATA 5,Dabur,MBO,Kolkata,West Bengal,East,SKU41420,Body Mist Coral 100Ml,Renee,Fragrance,Body Mist,Top 25,Active,399,13,14,,4,1590,BGR East,5,5,,55,4,50,,
2026-02,OL1049,DAB-FORUM KOLKATA 5,Dabur,MBO,Kolkata,West Bengal,East,SKU41476,Body Mist Mocha 100Ml,Renee,Fragrance,Body Mist,Top 10,Active,799,19,20,,3,2388,BGR East,6,4,,55,4,50,,
2026-02,OL1050,DAB-EXPRESS HYDERABAD 6,Dabur,MBO,Hyderabad,Telangana,South,SKU40202,Liquid Lipstick Mocha 5Ml,Renee,Makeup,Lipstick,Top 25,Active,799,26,27,,2,1887,BGR South,3,3,,50,3,55.8,2025-11,
2026-02,OL1050,DAB-EXPRESS HYDERABAD 6,Dabur,MBO,Hyderabad,Telangana,South,SKU40266,Liquid Lipstick Nude 5Ml,Renee,Makeup,Lipstick,Top 10,Active,799,28,0,,10,9433,BGR South,18,16,,50,3,55.8,,
2026-02,OL1050,DAB-EXPRESS HYDERABAD 6,Dabur,MBO,Hyderabad,Telangana,South,SKU40281,Midnight Eyeliner Berry 2.5Ml,Renee,Makeup,Eyeliner,Others,Active,299,4,7,,8,2824,BGR South,13,11,,50,3,55.8,,
2026-02,OL1050,DAB-EXPRESS HYDERABAD 6,Dabur,MBO,Hyderabad,Telangana,South,SKU40318,Midnight Eyeliner Hazelnut 2.5Ml,Renee,Makeup,Eyeliner,Others,Active,650,0,2,,2,1535,BGR South,5,4,,50,3,55.8,,
2026-02,OL1050,DAB-EXPRESS HYDERABAD 6,Dabur,MBO,Hyderabad,Telangana,South,SKU40425,Kajal Vanilla 0.35Gm,Renee,Makeup,Eyeliner,Top 25,Active,299,21,30,,7,2471,BGR South,16,16,,50,3,55.8,,
2026-02,OL1050,DAB-EXPRESS HYDERABAD 6,Dabur,MBO,Hyderabad,Telangana,South,SKU40490,Kajal Midnight 0.35Gm,Renee,Makeup,Eyeliner,Top 10,Active,599,106,107,,15,10607,BGR South,16,16,,50,3,55.8,,
2026-02,OL1050,DAB-EXPRESS HYDERABAD 6,Dabur,MBO,Hyderabad,Telangana,South,SKU40544,Bb Cream Peach 30Ml,Renee,Makeup,Foundation,Top 10,Active,599,0,5,,12,8486,BGR South,22,17,,50,3,55.8,,
2026-02,OL1050,DAB-EXPRESS HYDERABAD 6,Dabur,MBO,Hyderabad,Telangana,South,SKU40595,Compact Powder Mocha 9Gm,Renee,Makeup,Foundation,Top 10,Active,449,41,0,,12,6361,BGR South,24,21,,50,3,55.8,,
2026-02,OL1050,DAB-EXPRESS HYDERABAD 6,Dabur,MBO,Hyderabad,Telangana,South,SKU40722,Compact Powder Berry 9Gm,Renee,Makeup,Foundation,Top 10,Active,799,3,5,,4,3773,BGR South,7,6,,50,3,55.8,,
2026-02,OL1050,DAB-EXPRESS HYDERABAD 6,Dabur,MBO,Hyderabad,Telangana,South,SKU40812,Blending Brush R1,Renee,Makeup,Brushes,Top 10,Active,599,18,20,,8,5657,BGR South,10,10,,50,3,55.8,2025-09,
2026-02,OL1050,DAB-EXPRESS HYDERABAD 6,Dabur,MBO,Hyderabad,Telangana,South,SKU40836,Blending Brush R4,Renee,Makeup,Brushes,Top 10,Active,1199,13,13,,12,16986,BGR South,14,12,,50,3,55.8,,
2026-02,OL1050,DAB-EXPRESS HYDERABAD 6,Dabur,MBO,Hyderabad,Telangana,South,SKU40850,Powder Brush R8,Renee,Makeup,Brushes,Top 25,Active,650,22,24,,7,5372,BGR South,11,9,,50,3,55.8,,
2026-02,OL1050,DAB-EXPRESS HYDERABAD 6,Dabur,MBO,Hyderabad,Telangana,South,SKU40928,Powder Brush R4,Renee,Makeup,Brushes,Top 25,Active,650,13,15,,1,767,BGR South,4,3,,50,3,55.8,,
2026-02,OL1050,DAB-EXPRESS HYDERABAD 6,Dabur,MBO,Hyderabad,Telangana,South,SKU40951,Sunscreen Gel Spf 50 70Ml,Renee,Skincare,Sunscreen,Top 25,Active,999,8,9,,1,1179,BGR South,3,2,,45,3,55.8,,
2026-02,OL1050,DAB-EXPRESS HYDERABAD 6,Dabur,MBO,Hyderabad,Telangana,South,SKU40972,Sunscreen Gel Spf 50 70Ml,Renee,Skincare,Sunscreen,Top 25,Active,599,9,8,,6,4243,BGR South,8,5,,45,3,55.8,,
2026-02,OL1050,DAB-EXPRESS HYDERABAD 6,Dabur,MBO,Hyderabad,Telangana,South,SKU40979,Sunscreen Gel Spf 50 50Ml,Renee,Skincare,Sunscreen,Top 25,Active,799,12,10,,2,1887,BGR South,1,0,,45,3,55.8,,
2026-02,OL1050,DAB-EXPRESS HYDERABAD 6,Dabur,MBO,Hyderabad,Telangana,South,SKU41024,Vitamin C Serum 30Ml,Renee,Skincare,Serum,Others,Active,449,15,13,,3,1590,BGR South,2,1,,45,3,55.8,,
2026-02,OL1050,DAB-EXPRESS HYDERABAD 6,Dabur,MBO,Hyderabad,Telangana,South,SKU41032,Face Wash Hazelnut 60Ml,Renee,Skincare,Cleanser,Others,Active,499,21,24,,2,1178,BGR South,6,5,,45,3,55.8,,
2026-02,OL1050,DAB-EXPRESS HYDERABAD 6,Dabur,MBO,Hyderabad,Telangana,South,SKU41048,Face Wash Ocean 20Ml,Renee,Skincare,Cleanser,Others,Active,349,21,28,,6,2472,BGR South,13,13,,45,3,55.8,,
2026-02,OL1050,DAB-EXPRESS HYDERABAD 6,Dabur,MBO,Hyderabad,Telangana,South,SKU41129,Face Wash Vanilla 40Ml,Renee,Skincare,Cleanser,Others,Active,299,7,8,,3,1059,BGR South,4,4,,45,3,55.8,,
2026-02,OL1050,DAB-EXPRESS HYDERABAD 6,Dabur,MBO,Hyderabad,Telangana,South,SKU41295,Perfume Rose 50Ml,Renee,Fragrance,EDP,Top 25,Active,599,0,0,,6,4243,BGR South,7,4,,55,3,55.8,,
2026-02,OL1050,DAB-EXPRESS HYDERABAD 6,Dabur,MBO,Hyderabad,Telangana,South,SKU41536,Body Mist Nude 100Ml,Renee,Fragrance,Body Mist,Top 25,Active,349,27,39,,12,4944,BGR South,24,24,,55,3,55.8,,
2026-02,OL1050,DAB-EXPRESS HYDERABAD 6,Dabur,MBO,Hyderabad,Telangana,South,SKU41608,Hair Oil Berry 100Ml,Renee,Haircare,Hair Oil,Others,Active,449,19,21,,3,1590,BGR South,6,5,,35,3,55.8,,
2026-02,OL1051,DAB-CITY CENTRE AHMEDABAD 7,Dabur,MBO,Ahmedabad,Gujarat,West,SKU40078,Matte Lip Color Rose 4.2Ml,Renee,Makeup,Lipstick,Top 25,Active,650,2,5,,4,2714,BGR West,7,7,,50,2,80.1,,
2026-02,OL1051,DAB-CITY CENTRE AHMEDABAD 7,Dabur,MBO,Ahmedabad,Gujarat,West,SKU40127,Matte Lip Color Coral 4.2Ml,Renee,Makeup,Lipstick,Top 25,Active,499,19,24,,6,3126,BGR West,11,11,,50,2,80.1,,
2026-02,OL1051,DAB-CITY CENTRE AHMEDABAD 7,Dabur,MBO,Ahmedabad,Gujarat,West,SKU40202,Liquid Lipstick Mocha 5Ml,Renee,Makeup,Lipstick,Top 25,Active,799,12,14,,3,2503,BGR West,7,5,,50,2,80.1,2025-11,
2026-02,OL1051,DAB-CITY CENTRE AHMEDABAD 7,Dabur,MBO,Ahmedabad,Gujarat,West,SKU40266,Liquid Lipstick Nude 5Ml,Renee,Makeup,Lipstick,Top 10,Active,799,20,79,,12,10010,BGR West,19,19,,50,2,80.1,,
2026-02,OL1051,DAB-CITY CENTRE AHMEDABAD 7,Dabur,MBO,Ahmedabad,Gujarat,West,SKU40318,Midnight Eyeliner Hazelnut 2.5Ml,Renee,Makeup,Eyeliner,Others,Active,650,4,4,,2,1357,BGR West,3,2,,50,2,80.1,,
2026-02,OL1051,DAB-CITY CENTRE AHMEDABAD 7,Dabur,MBO,Ahmedabad,Gujarat,West,SKU40381,Midnight Eyeliner Ocean 2.5Ml,Renee,Makeup,Eyeliner,Top 25,Active,699,9,12,,4,2919,BGR West,7,7,,50,2,80.1,,
2026-02,OL1051,DAB-CITY CENTRE AHMEDABAD 7,Dabur,MBO,Ahmedabad,Gujarat,West,SKU40425,Kajal Vanilla 0.35Gm,Renee,Makeup,Eyeliner,Top 25,Active,299,0,0,,8,2497,BGR West,8,6,,50,2,80.1,,
2026-02,OL1051,DAB-CITY CENTRE AHMEDABAD 7,Dabur,MBO,Ahmedabad,Gujarat,West,SKU40490,Kajal Midnight 0.35Gm,Renee,Makeup,Eyeliner,Top 10,Active,599,6,7,,6,3752,BGR West,7,7,,50,2,80.1,,
2026-02,OL1051,DAB-CITY CENTRE AHMEDABAD 7,Dabur,MBO,Ahmedabad,Gujarat,West,SKU40544,Bb Cream Peach 30Ml,Renee,Makeup,Foundation,Top 10,Active,599,30,33,,6,3752,BGR West,13,9,,50,2,80.1,,
2026-02,OL1051,DAB-CITY CENTRE AHMEDABAD 7,Dabur,MBO,Ahmedabad,Gujarat,West,SKU40588,Bb Cream Coral 30Ml,Renee,Makeup,Foundation,Top 10,Active,349,4,11,,9,3279,BGR West,17,16,,50,2,80.1,,
2026-02,OL1051,DAB-CITY CENTRE AHMEDABAD 7,Dabur,MBO,Ahmedabad,Gujarat,West,SKU40763,Blending Brush R6,Renee,Makeup,Brushes,Others,Active,349,3,5,,2,729,BGR West,6,4,,50,2,80.1,,
2026-02,OL1051,DAB-CITY CENTRE AHMEDABAD 7,Dabur,MBO,Ahmedabad,Gujarat,West,SKU40812,Blending Brush R1,Renee,Makeup,Brushes,Top 10,Active,599,10,51,,8,5003,BGR West,11,11,,50,2,80.1,2025-09,
2026-02,OL1051,DAB-CITY CENTRE AHMEDABAD 7,Dabur,MBO,Ahmedabad,Gujarat,West,SKU40850,Powder Brush R8,Renee,Makeup,Brushes,Top 25,Active,650,35,36,,3,2036,BGR West,4,4,,50,2,80.1,,
2026-02,OL1051,DAB-CITY CENTRE AHMEDABAD 7,Dabur,MBO,Ahmedabad,Gujarat,West,SKU40928,Powder Brush R4,Renee,Makeup,Brushes,Top 25,Active,650,14,15,,3,2036,BGR West,4,4,,50,2,80.1,,
2026-02,OL1051,DAB-CITY CENTRE AHMEDABAD 7,Dabur,MBO,Ahmedabad,Gujarat,West,SKU40951,Sunscreen Gel Spf 50 70Ml,Renee,Skincare,Sunscreen,Top 25,Active,999,10,11,,1,1043,BGR West,3,2,,45,2,80.1,,
2026-02,OL1051,DAB-CITY CENTRE AHMEDABAD 7,Dabur,MBO,Ahmedabad,Gujarat,West,SKU41024,Vitamin C Serum 30Ml,Renee,Skincare,Serum,Others,Active,449,7,11,,2,938,BGR West,6,6,,45,2,80.1,,
2026-02,OL1051,DAB-CITY CENTRE AHMEDABAD 7,Dabur,MBO,Ahmedabad,Gujarat,West,SKU41048,Face Wash Ocean 20Ml,Renee,Skincare,Cleanser,Others,Active,349,2,0,,3,1093,BGR West,5,4,,45,2,80.1,,
2026-02,OL1051,DAB-CITY CENTRE AHMEDABAD 7,Dabur,MBO,Ahmedabad,Gujarat,West,SKU41215,Perfume Midnight 50Ml,Renee,Fragrance,EDP,Others,Active,399,27,27,,3,1250,BGR West,4,3,,55,2,80.1,,
2026-02,OL1051,DAB-CITY CENTRE AHMEDABAD 7,Dabur,MBO,Ahmedabad,Gujarat,West,SKU41382,Perfume Peach 50Ml,Renee,Fragrance,EDP,Top 25,Active,499,54,58,,3,1563,BGR West,7,7,,55,2,80.1,2025-08,
2026-02,OL1051,DAB-CITY CENTRE AHMEDABAD 7,Dabur,MBO,Ahmedabad,Gujarat,West,SKU41420,Body Mist Coral 100Ml,Renee,Fragrance,Body Mist,Top 25,Active,399,20,26,,6,2499,BGR West,12,12,,55,2,80.1,,
2026-02,OL1051,DAB-CITY CENTRE AHMEDABAD 7,Dabur,MBO,Ahmedabad,Gujarat,West,SKU41608,Hair Oil Berry 100Ml,Renee,Haircare,Hair Oil,Others,Active,449,16,20,,4,1875,BGR West,9,8,,35,2,80.1,,
2026-02,OL1052,DAB-CITY CENTRE CHENNAI 8,Dabur,MBO,Chennai,Tamil Nadu,South,SKU40078,Matte Lip Color Rose 4.2Ml,Renee,Makeup,Lipstick,Top 25,Active,650,14,17,,6,4573,BGR South,12,9,,50,4,70.2,,
2026-02,OL1052,DAB-CITY CENTRE CHENNAI 8,Dabur,MBO,Chennai,Tamil Nadu,South,SKU40202,Liquid Lipstick Mocha 5Ml,Renee,Makeup,Lipstick,Top 25,Active,799,2,17,,2,1874,BGR South,2,2,,50,4,70.2,2025-11,
2026-02,OL1052,DAB-CITY CENTRE CHENNAI 8,Dabur,MBO,Chennai,Tamil Nadu,South,SKU40281,Midnight Eyeliner Berry 2.5Ml,Renee,Makeup,Eyeliner,Others,Active,299,30,32,,4,1402,BGR South,7,6,,50,4,70.2,,
2026-02,OL1052,DAB-CITY CENTRE CHENNAI 8,Dabur,MBO,Chennai,Tamil Nadu,South,SKU40318,Midnight Eyeliner Hazelnut 2.5Ml,Renee,Makeup,Eyeliner,Others,Active,650,7,9,,4,3048,BGR South,7,6,,50,4,70.2,,
2026-02,OL1052,DAB-CITY CENTRE CHENNAI 8,Dabur,MBO,Chennai,Tamil Nadu,South,SKU40425,Kajal Vanilla 0.35Gm,Renee,Makeup,Eyeliner,Top 25,Active,299,4,9,,10,3506,BGR South,17,15,,50,4,70.2,,
2026-02,OL1052,DAB-CITY CENTRE CHENNAI 8,Dabur,MBO,Chennai,Tamil Nadu,South,SKU40490,Kajal Midnight 0.35Gm,Renee,Makeup,Eyeliner,Top 10,Active,599,6,11,,5,3512,BGR South,10,10,,50,4,70.2,,
2026-02,OL1052,DAB-CITY CENTRE CHENNAI 8,Dabur,MBO,Chennai,Tamil Nadu,South,SKU40588,Bb Cream Coral 30Ml,Renee,Makeup,Foundation,Top 10,Active,349,56,52,,16,6547,BGR South,16,12,,50,4,70.2,,
2026-02,OL1052,DAB-CITY CENTRE CHENNAI 8,Dabur,MBO,Chennai,Tamil Nadu,South,SKU40595,Compact Powder Mocha 9Gm,Renee,Makeup,Foundation,Top 10,Active,449,0,5,,10,5264,BGR South,17,15,,50,4,70.2,,
2026-02,OL1052,DAB-CITY CENTRE CHENNAI 8,Dabur,MBO,Chennai,Tamil Nadu,South,SKU40662,Compact Powder Nude 9Gm,Renee,Makeup,Foundation,Top 25,Active,1199,2,1,,1,1406,BGR South,1,0,,50,4,70.2,,
2026-02,OL1052,DAB-CITY CENTRE CHENNAI 8,Dabur,MBO,Chennai,Tamil Nadu,South,SKU40763,Blending Brush R6,Renee,Makeup,Brushes,Others,Active,349,0,1,,3,1228,BGR South,4,4,,50,4,70.2,,
2026-02,OL1052,DAB-CITY CENTRE CHENNAI 8,Dabur,MBO,Chennai,Tamil Nadu,South,SKU40812,Blending Brush R1,Renee,Makeup,Brushes,Top 10,Active,599,0,4,,9,6321,BGR South,14,13,,50,4,70.2,2025-09,
2026-02,OL1052,DAB-CITY CENTRE CHENNAI 8,Dabur,MBO,Chennai,Tamil Nadu,South,SKU40836,Blending Brush R4,Renee,Makeup,Brushes,Top 10,Active,1199,34,34,,6,8435,BGR South,6,6,,50,4,70.2,,
2026-02,OL1052,DAB-CITY CENTRE CHENNAI 8,Dabur,MBO,Chennai,Tamil Nadu,South,SKU40928,Powder Brush R4,Renee,Makeup,Brushes,Top 25,Active,650,0,6,,6,4573,BGR South,12,12,,50,4,70.2,,
2026-02,OL1052,DAB-CITY CENTRE CHENNAI 8,Dabur,MBO,Chennai,Tamil Nadu,South,SKU40972,Sunscreen Gel Spf 50 70Ml,Renee,Skincare,Sunscreen,Top 25,Active,599,0,2,,3,2107,BGR South,5,5,,45,4,70.2,,
2026-02,OL1052,DAB-CITY CENTRE CHENNAI 8,Dabur,MBO,Chennai,Tamil Nadu,South,SKU41024,Vitamin C Serum 30Ml,Renee,Skincare,Serum,Others,Active,449,0,0,,2,1053,BGR South,3,2,,45,4,70.2,,
2026-02,OL1052,DAB-CITY CENTRE CHENNAI 8,Dabur,MBO,Chennai,Tamil Nadu,South,SKU41048,Face Wash Ocean 20Ml,Renee,Skincare,Cleanser,Others,Active,349,5,9,,8,3273,BGR South,16,12,,45,4,70.2,,
2026-02,OL1052,DAB-CITY CENTRE CHENNAI 8,Dabur,MBO,Chennai,Tamil Nadu,South,SKU41420,Body Mist Coral 100Ml,Renee,Fragrance,Body Mist,Top 25,Active,399,2,2,,8,3742,BGR South,9,8,,55,4,70.2,,
2026-02,OL1052,DAB-CITY CENTRE CHENNAI 8,Dabur,MBO,Chennai,Tamil Nadu,South,SKU41476,Body Mist Mocha 100Ml,Renee,Fragrance,Body Mist,Top 10,Active,799,0,3,,8,7494,BGR South,13,11,,55,4,70.2,,
2026-02,OL1052,DAB-CITY CENTRE CHENNAI 8,Dabur,MBO,Chennai,Tamil Nadu,South,SKU41647,Hair Oil Hazelnut 100Ml,Renee,Haircare,Hair Oil,Others,Active,799,5,5,,3,2810,BGR South,4,3,,35,4,70.2,,
2026-02,OL1053,DAB-CITY CENTRE KOLKATA 9,Dabur,MBO,Kolkata,West Bengal,East,SKU40078,Matte Lip Color Rose 4.2Ml,Renee,Makeup,Lipstick,Top 25,Active,650,32,32,,2,1442,BGR East,3,2,,50,3,72.5,,
2026-02,OL1053,DAB-CITY CENTRE KOLKATA 9,Dabur,MBO,Kolkata,West Bengal,East,SKU40108,Matte Lip Color Peach 4.2Ml,Renee,Makeup,Lipstick,Top 10,Active,650,16,16,,4,2883,BGR East,6,4,,50,3,72.5,,
2026-02,OL1053,DAB-CITY CENTRE KOLKATA 9,Dabur,MBO,Kolkata,West Bengal,East,SKU40202,Liquid Lipstick Mocha 5Ml,Renee,Makeup,Lipstick,Top 25,Active,799,10,11,,1,886,BGR East,4,2,,50,3,72.5,2025-11,
2026-02,OL1053,DAB-CITY CENTRE KOLKATA 9,Dabur,MBO,Kolkata,West Bengal,East,SKU40266,Liquid Lipstick Nude 5Ml,Renee,Makeup,Lipstick,Top 10,Active,799,0,7,,7,6202,BGR East,15,14,,50,3,72.5,,
2026-02,OL1053,DAB-CITY CENTRE KOLKATA 9,Dabur,MBO,Kolkata,West Bengal,East,SKU40281,Midnight Eyeliner Berry 2.5Ml,Renee,Makeup,Eyeliner,Others,Active,299,20,22,,2,663,BGR East,4,4,,50,3,72.5,,
2026-02,OL1053,DAB-CITY CENTRE KOLKATA 9,Dabur,MBO,Kolkata,West Bengal,East,SKU40381,Midnight Eyeliner Ocean 2.5Ml,Renee,Makeup,Eyeliner,Top 25,Active,699,0,26,,3,2325,BGR East,5,4,,50,3,72.5,,
2026-02,OL1053,DAB-CITY CENTRE KOLKATA 9,Dabur,MBO,Kolkata,West Bengal,East,SKU40425,Kajal Vanilla 0.35Gm,Renee,Makeup,Eyeliner,Top 25,Active,299,11,19,,7,2321,BGR East,15,15,,50,3,72.5,,
2026-02,OL1053,DAB-CITY CENTRE KOLKATA 9,Dabur,MBO,Kolkata,West Bengal,East,SKU40595,Compact Powder Mocha 9Gm,Renee,Makeup,Foundation,Top 10,Active,449,21,21,,9,4481,BGR East,14,9,,50,3,72.5,,
2026-02,OL1053,DAB-CITY CENTRE KOLKATA 9,Dabur,MBO,Kolkata,West Bengal,East,SKU40812,Blending Brush R1,Renee,Makeup,Brushes,Top 10,Active,599,13,17,,4,2657,BGR East,8,8,,50,3,72.5,2025-09,
2026-02,OL1053,DAB-CITY CENTRE KOLKATA 9,Dabur,MBO,Kolkata,West Bengal,East,SKU40836,Blending Brush R4,Renee,Makeup,Brushes,Top 10,Active,1199,16,19,,8,10636,BGR East,11,11,,50,3,72.5,,
2026-02,OL1053,DAB-CITY CENTRE KOLKATA 9,Dabur,MBO,Kolkata,West Bengal,East,SKU40850,Powder Brush R8,Renee,Makeup,Brushes,Top 25,Active,650,6,5,,4,2883,BGR East,5,3,,50,3,72.5,,
2026-02,OL1053,DAB-CITY CENTRE KOLKATA 9,Dabur,MBO,Kolkata,West Bengal,East,SKU40928,Powder Brush R4,Renee,Makeup,Brushes,Top 25,Active,650,38,38,,3,2162,BGR East,4,3,,50,3,72.5,,
2026-02,OL1053,DAB-CITY CENTRE KOLKATA 9,Dabur,MBO,Kolkata,West Bengal,East,SKU40972,Sunscreen Gel Spf 50 70Ml,Renee,Skincare,Sunscreen,Top 25,Active,599,8,9,,1,664,BGR East,3,2,,45,3,72.5,,
2026-02,OL1053,DAB-CITY CENTRE KOLKATA 9,Dabur,MBO,Kolkata,West Bengal,East,SKU41024,Vitamin C Serum 30Ml,Renee,Skincare,Serum,Others,Active,449,5,5,,3,1494,BGR East,4,3,,45,3,72.5,,
2026-02,OL1053,DAB-CITY CENTRE KOLKATA 9,Dabur,MBO,Kolkata,West Bengal,East,SKU41032,Face Wash Hazelnut 60Ml,Renee,Skincare,Cleanser,Others,Active,499,6,7,,4,2213,BGR East,6,5,,45,3,72.5,,
2026-02,OL1053,DAB-CITY CENTRE KOLKATA 9,Dabur,MBO,Kolkata,West Bengal,East,SKU41129,Face Wash Vanilla 40Ml,Renee,Skincare,Cleanser,Others,Active,299,8,9,,2,663,BGR East,5,3,,45,3,72.5,,
2026-02,OL1053,DAB-CITY CENTRE KOLKATA 9,Dabur,MBO,Kolkata,West Bengal,East,SKU41215,Perfume Midnight 50Ml,Renee,Fragrance,EDP,Others,Active,399,8,11,,1,442,BGR East,4,4,,55,3,72.5,,
2026-02,OL1053,DAB-CITY CENTRE KOLKATA 9,Dabur,MBO,Kolkata,West Bengal,East,SKU41382,Perfume Peach 50Ml,Renee,Fragrance,EDP,Top 25,Active,499,8,9,,4,2213,BGR East,7,5,,55,3,72.5,2025-08,
2026-02,OL1053,DAB-CITY CENTRE KOLKATA 9,Dabur,MBO,Kolkata,West Bengal,East,SKU41420,Body Mist Coral 100Ml,Renee,Fragrance,Body Mist,Top 25,Active,399,13,16,,3,1327,BGR East,7,6,,55,3,72.5,,
2026-02,OL1053,DAB-CITY CENTRE KOLKATA 9,Dabur,MBO,Kolkata,West Bengal,East,SKU41476,Body Mist Mocha 100Ml,Renee,Fragrance,Body Mist,Top 10,Active,799,15,18,,5,4430,BGR East,9,8,,55,3,72.5,,
2026-02,OL1053,DAB-CITY CENTRE KOLKATA 9,Dabur,MBO,Kolkata,West Bengal,East,SKU41536,Body Mist Nude 100Ml,Renee,Fragrance,Body Mist,Top 25,Active,349,7,10,,3,1161,BGR East,7,6,,55,3,72.5,,
2026-02,OL1053,DAB-CITY CENTRE KOLKATA 9,Dabur,MBO,Kolkata,West Bengal,East,SKU41647,Hair Oil Hazelnut 100Ml,Renee,Haircare,Hair Oil,Others,Active,799,4,3,,1,886,BGR East,1,0,,35,3,72.5,,
2026-02,OL1054,DAB-NEXUS MUMBAI 10,Dabur,MBO,Mumbai,Maharashtra,West,SKU40078,Matte Lip Color Rose 4.2Ml,Renee,Makeup,Lipstick,Top 25,Active,650,8,8,,2,1474,BGR West,2,2,,50,1,64.3,,
2026-02,OL1054,DAB-NEXUS MUMBAI 10,Dabur,MBO,Mumbai,Maharashtra,West,SKU40108,Matte Lip Color Peach 4.2Ml,Renee,Makeup,Lipstick,Top 10,Active,650,66,65,,9,6634,BGR West,9,8,,50,1,64.3,,
2026-02,OL1054,DAB-NEXUS MUMBAI 10,Dabur,MBO,Mumbai,Maharashtra,West,SKU40202,Liquid Lipstick Mocha 5Ml,Renee,Makeup,Lipstick,Top 25,Active,799,5,10,,3,2718,BGR West,8,8,,50,1,64.3,2025-11,
2026-02,OL1054,DAB-NEXUS MUMBAI 10,Dabur,MBO,Mumbai,Maharashtra,West,SKU40281,Midnight Eyeliner Berry 2.5Ml,Renee,Makeup,Eyeliner,Others,Active,299,34,38,,6,2034,BGR West,10,10,,50,1,64.3,,
2026-02,OL1054,DAB-NEXUS MUMBAI 10,Dabur,MBO,Mumbai,Maharashtra,West,SKU40318,Midnight Eyeliner Hazelnut 2.5Ml,Renee,Makeup,Eyeliner,Others,Active,650,10,12,,3,2211,BGR West,5,5,,50,1,64.3,,
2026-02,OL1054,DAB-NEXUS MUMBAI 10,Dabur,MBO,Mumbai,Maharashtra,West,SKU40490,Kajal Midnight 0.35Gm,Renee,Makeup,Eyeliner,Top 10,Active,599,56,57,,0,0,BGR West,2,1,,50,1,64.3,,
2026-02,OL1054,DAB-NEXUS MUMBAI 10,Dabur,MBO,Mumbai,Maharashtra,West,SKU40588,Bb Cream Coral 30Ml,Renee,Makeup,Foundation,Top 10,Active,349,27,35,,9,3562,BGR West,19,17,,50,1,64.3,,
2026-02,OL1054,DAB-NEXUS MUMBAI 10,Dabur,MBO,Mumbai,Maharashtra,West,SKU40595,Compact Powder Mocha 9Gm,Renee,Makeup,Foundation,Top 10,Active,449,32,33,,12,6110,BGR West,13,13,,50,1,64.3,,
2026-02,OL1054,DAB-NEXUS MUMBAI 10,Dabur,MBO,Mumbai,Maharashtra,West,SKU40662,Compact Powder Nude 9Gm,Renee,Makeup,Foundation,Top 25,Active,1199,16,16,,3,4079,BGR West,4,3,,50,1,64.3,,
2026-02,OL1054,DAB-NEXUS MUMBAI 10,Dabur,MBO,Mumbai,Maharashtra,West,SKU40722,Compact Powder Berry 9Gm,Renee,Makeup,Foundation,Top 10,Active,799,6,8,,4,3624,BGR West,6,6,,50,1,64.3,,
2026-02,OL1054,DAB-NEXUS MUMBAI 10,Dabur,MBO,Mumbai,Maharashtra,West,SKU40763,Blending Brush R6,Renee,Makeup,Brushes,Others,Active,349,20,24,,4,1583,BGR West,10,8,,50,1,64.3,,
2026-02,OL1054,DAB-NEXUS MUMBAI 10,Dabur,MBO,Mumbai,Maharashtra,West,SKU40812,Blending Brush R1,Renee,Makeup,Brushes,Top 10,Active,599,16,14,,8,5434,BGR West,9,6,,50,1,64.3,2025-09,
2026-02,OL1054,DAB-NEXUS MUMBAI 10,Dabur,MBO,Mumbai,Maharashtra,West,SKU40836,Blending Brush R4,Renee,Makeup,Brushes,Top 10,Active,1199,28,27,,8,10878,BGR West,11,7,,50,1,64.3,,
2026-02,OL1054,DAB-NEXUS MUMBAI 10,Dabur,MBO,Mumbai,Maharashtra,West,SKU40850,Powder Brush R8,Renee,Makeup,Brushes,Top 25,Active,650,61,59,,5,3686,BGR West,5,3,,50,1,64.3,,
2026-02,OL1054,DAB-NEXUS MUMBAI 10,Dabur,MBO,Mumbai,Maharashtra,West,SKU40928,Powder Brush R4,Renee,Makeup,Brushes,Top 25,Active,650,26,30,,3,2211,BGR West,8,7,,50,1,64.3,,
2026-02,OL1054,DAB-NEXUS MUMBAI 10,Dabur,MBO,Mumbai,Maharashtra,West,SKU40979,Sunscreen Gel Spf 50 50Ml,Renee,Skincare,Sunscreen,Top 25,Active,799,10,12,,3,2718,BGR West,7,5,,45,1,64.3,,
2026-02,OL1054,DAB-NEXUS MUMBAI 10,Dabur,MBO,Mumbai,Maharashtra,West,SKU41032,Face Wash Hazelnut 60Ml,Renee,Skincare,Cleanser,Others,Active,499,8,0,,3,1698,BGR West,5,4,,45,1,64.3,,
2026-02,OL1054,DAB-NEXUS MUMBAI 10,Dabur,MBO,Mumbai,Maharashtra,West,SKU41048,Face Wash Ocean 20Ml,Renee,Skincare,Cleanser,Others,Active,349,23,0,,4,1583,BGR West,7,6,,45,1,64.3,,
2026-02,OL1054,DAB-NEXUS MUMBAI 10,Dabur,MBO,Mumbai,Maharashtra,West,SKU41129,Face Wash Vanilla 40Ml,Renee,Skincare,Cleanser,Others,Active,299,23,22,,2,678,BGR West,2,1,,45,1,64.3,,
2026-02,OL1054,DAB-NEXUS MUMBAI 10,Dabur,MBO,Mumbai,Maharashtra,West,SKU41295,Perfume Rose 50Ml,Renee,Fragrance,EDP,Top 25,Active,599,0,0,,6,4076,BGR West,9,6,,55,1,64.3,,
2026-02,OL1054,DAB-NEXUS MUMBAI 10,Dabur,MBO,Mumbai,Maharashtra,West,SKU41420,Body Mist Coral 100Ml,Renee,Fragrance,Body Mist,Top 25,Active,399,0,2,,3,1357,BGR West,6,5,,55,1,64.3,,
2026-02,OL1054,DAB-NEXUS MUMBAI 10,Dabur,MBO,Mumbai,Maharashtra,West,SKU41476,Body Mist Mocha 100Ml,Renee,Fragrance,Body Mist,Top 10,Active,799,32,38,,5,4530,BGR West,11,11,,55,1,64.3,,
2026-02,OL1055,DAB-FORUM KOLKATA 11,Dabur,MBO,Kolkata,West Bengal,East,SKU40078,Matte Lip Color Rose 4.2Ml,Renee,Makeup,Lipstick,Top 25,Active,650,15,16,,4,2766,BGR East,5,5,,50,1,66.5,,
2026-02,OL1055,DAB-FORUM KOLKATA 11,Dabur,MBO,Kolkata,West Bengal,East,SKU40108,Matte Lip Color Peach 4.2Ml,Renee,Makeup,Lipstick,Top 10,Active,650,8,12,,6,4150,BGR East,12,10,,50,1,66.5,,
2026-02,OL1055,DAB-FORUM KOLKATA 11,Dabur,MBO,Kolkata,West Bengal,East,SKU40266,Liquid Lipstick Nude 5Ml,Renee,Makeup,Lipstick,Top 10,Active,799,18,11,,30,25505,BGR East,33,23,,50,1,66.5,,
2026-02,OL1055,DAB-FORUM KOLKATA 11,Dabur,MBO,Kolkata,West Bengal,East,SKU40318,Midnight Eyeliner Hazelnut 2.5Ml,Renee,Makeup,Eyeliner,Others,Active,650,12,12,,4,2766,BGR East,7,4,,50,1,66.5,,
2026-02,OL1055,DAB-FORUM KOLKATA 11,Dabur,MBO,Kolkata,West Bengal,East,SKU40381,Midnight Eyeliner Ocean 2.5Ml,Renee,Makeup,Eyeliner,Top 25,Active,699,34,34,,4,2975,BGR East,5,4,,50,1,66.5,,
2026-02,OL1055,DAB-FORUM KOLKATA 11,Dabur,MBO,Kolkata,West Bengal,East,SKU40490,Kajal Midnight 0.35Gm,Renee,Makeup,Eyeliner,Top 10,Active,599,48,0,,12,7648,BGR East,17,16,,50,1,66.5,,
2026-02,OL1055,DAB-FORUM KOLKATA 11,Dabur,MBO,Kolkata,West Bengal,East,SKU40544,Bb Cream Peach 30Ml,Renee,Makeup,Foundation,Top 10,Active,599,24,0,,15,9560,BGR East,30,28,,50,1,66.5,,
2026-02,OL1055,DAB-FORUM KOLKATA 11,Dabur,MBO,Kolkata,West Bengal,East,SKU40722,Compact Powder Berry 9Gm,Renee,Makeup,Foundation,Top 10,Active,799,22,25,,6,5101,BGR East,10,9,,50,1,66.5,,
2026-02,OL1055,DAB-FORUM KOLKATA 11,Dabur,MBO,Kolkata,West Bengal,East,SKU40836,Blending Brush R4,Renee,Makeup,Brushes,Top 10,Active,1199,21,18,,8,10206,BGR East,8,5,,50,1,66.5,,
2026-02,OL1055,DAB-FORUM KOLKATA 11,Dabur,MBO,Kolkata,West Bengal,East,SKU40850,Powder Brush R8,Renee,Makeup,Brushes,Top 25,Active,650,0,5,,8,5533,BGR East,13,13,,50,1,66.5,,
2026-02,OL1055,DAB-FORUM KOLKATA 11,Dabur,MBO,Kolkata,West Bengal,East,SKU40928,Powder Brush R4,Renee,Makeup,Brushes,Top 25,Active,650,20,20,,4,2766,BGR East,4,4,,50,1,66.5,,
2026-02,OL1055,DAB-FORUM KOLKATA 11,Dabur,MBO,Kolkata,West Bengal,East,SKU40979,Sunscreen Gel Spf 50 50Ml,Renee,Skincare,Sunscreen,Top 25,Active,799,0,0,,4,3401,BGR East,7,4,,45,1,66.5,,
2026-02,OL1055,DAB-FORUM KOLKATA 11,Dabur,MBO,Kolkata,West Bengal,East,SKU41024,Vitamin C Serum 30Ml,Renee,Skincare,Serum,Others,Active,449,5,7,,4,1911,BGR East,7,6,,45,1,66.5,,
2026-02,OL1055,DAB-FORUM KOLKATA 11,Dabur,MBO,Kolkata,West Bengal,East,SKU41032,Face Wash Hazelnut 60Ml,Renee,Skincare,Cleanser,Others,Active,499,10,11,,2,1062,BGR East,4,3,,45,1,66.5,,
2026-02,OL1055,DAB-FORUM KOLKATA 11,Dabur,MBO,Kolkata,West Bengal,East,SKU41215,Perfume Midnight 50Ml,Renee,Fragrance,EDP,Others,Active,399,5,4,,4,1698,BGR East,4,3,,55,1,66.5,,
2026-02,OL1055,DAB-FORUM KOLKATA 11,Dabur,MBO,Kolkata,West Bengal,East,SKU41295,Perfume Rose 50Ml,Renee,Fragrance,EDP,Top 25,Active,599,21,26,,9,5736,BGR East,18,14,,55,1,66.5,,
2026-02,OL1055,DAB-FORUM KOLKATA 11,Dabur,MBO,Kolkata,West Bengal,East,SKU41536,Body Mist Nude 100Ml,Renee,Fragrance,Body Mist,Top 25,Active,349,13,11,,6,2228,BGR East,7,4,,55,1,66.5,,
2026-02,OL1055,DAB-FORUM KOLKATA 11,Dabur,MBO,Kolkata,West Bengal,East,SKU41608,Hair Oil Berry 100Ml,Renee,Haircare,Hair Oil,Others,Active,449,9,8,,1,478,BGR East,1,0,,35,1,66.5,,
2026-02,OL1055,DAB-FORUM KOLKATA 11,Dabur,MBO,Kolkata,West Bengal,East,SKU41647,Hair Oil Hazelnut 100Ml,Renee,Haircare,Hair Oil,Others,Active,799,10,9,,1,850,BGR East,1,0,,35,1,66.5,,
2026-02,OL1056,DAB-SELECT LUCKNOW 12,Dabur,MBO,Lucknow,Uttar Pradesh,North,SKU40078,Matte Lip Color Rose 4.2Ml,Renee,Makeup,Lipstick,Top 25,Active,650,10,11,,2,1566,BGR North,3,3,,50,3,69.2,,
2026-02,OL1056,DAB-SELECT LUCKNOW 12,Dabur,MBO,Lucknow,Uttar Pradesh,North,SKU40108,Matte Lip Color Peach 4.2Ml,Renee,Makeup,Lipstick,Top 10,Active,650,20,21,,4,3132,BGR North,8,5,,50,3,69.2,,
2026-02,OL1056,DAB-SELECT LUCKNOW 12,Dabur,MBO,Lucknow,Uttar Pradesh,North,SKU40202,Liquid Lipstick Mocha 5Ml,Renee,Makeup,Lipstick,Top 25,Active,799,0,0,,2,1925,BGR North,4,2,,50,3,69.2,2025-11,
2026-02,OL1056,DAB-SELECT LUCKNOW 12,Dabur,MBO,Lucknow,Uttar Pradesh,North,SKU40266,Liquid Lipstick Nude 5Ml,Renee,Makeup,Lipstick,Top 10,Active,799,28,0,,8,7699,BGR North,7,6,,50,3,69.2,,
2026-02,OL1056,DAB-SELECT LUCKNOW 12,Dabur,MBO,Lucknow,Uttar Pradesh,North,SKU40281,Midnight Eyeliner Berry 2.5Ml,Renee,Makeup,Eyeliner,Others,Active,299,12,17,,4,1441,BGR North,9,9,,50,3,69.2,,
2026-02,OL1056,DAB-SELECT LUCKNOW 12,Dabur,MBO,Lucknow,Uttar Pradesh,North,SKU40588,Bb Cream Coral 30Ml,Renee,Makeup,Foundation,Top 10,Active,349,31,37,,10,4204,BGR North,18,16,,50,3,69.2,,
2026-02,OL1056,DAB-SELECT LUCKNOW 12,Dabur,MBO,Lucknow,Uttar Pradesh,North,SKU40595,Compact Powder Mocha 9Gm,Renee,Makeup,Foundation,Top 10,Active,449,4,1,,12,6490,BGR North,12,9,,50,3,69.2,,
2026-02,OL1056,DAB-SELECT LUCKNOW 12,Dabur,MBO,Lucknow,Uttar Pradesh,North,SKU40662,Compact Powder Nude 9Gm,Renee,Makeup,Foundation,Top 25,Active,1199,25,24,,4,5777,BGR North,3,3,,50,3,69.2,,
2026-02,OL1056,DAB-SELECT LUCKNOW 12,Dabur,MBO,Lucknow,Uttar Pradesh,North,SKU40763,Blending Brush R6,Renee,Makeup,Brushes,Others,Active,349,4,0,,4,1682,BGR North,7,7,,50,3,69.2,,
2026-02,OL1056,DAB-SELECT LUCKNOW 12,Dabur,MBO,Lucknow,Uttar Pradesh,North,SKU40836,Blending Brush R4,Renee,Makeup,Brushes,Top 10,Active,1199,112,113,,8,11554,BGR North,9,9,,50,3,69.2,,
2026-02,OL1056,DAB-SELECT LUCKNOW 12,Dabur,MBO,Lucknow,Uttar Pradesh,North,SKU40850,Powder Brush R8,Renee,Makeup,Brushes,Top 25,Active,650,25,29,,5,3915,BGR North,9,9,,50,3,69.2,,
2026-02,OL1056,DAB-SELECT LUCKNOW 12,Dabur,MBO,Lucknow,Uttar Pradesh,North,SKU40951,Sunscreen Gel Spf 50 70Ml,Renee,Skincare,Sunscreen,Top 25,Active,999,0,3,,2,2407,BGR North,6,5,,45,3,69.2,,
2026-02,OL1056,DAB-SELECT LUCKNOW 12,Dabur,MBO,Lucknow,Uttar Pradesh,North,SKU40972,Sunscreen Gel Spf 50 70Ml,Renee,Skincare,Sunscreen,Top 25,Active,599,17,17,,2,1443,BGR North,3,2,,45,3,69.2,,
2026-02,OL1056,DAB-SELECT LUCKNOW 12,Dabur,MBO,Lucknow,Uttar Pradesh,North,SKU41024,Vitamin C Serum 30Ml,Renee,Skincare,Serum,Others,Active,449,15,16,,2,1082,BGR North,3,3,,45,3,69.2,,
2026-02,OL1056,DAB-SELECT LUCKNOW 12,Dabur,MBO,Lucknow,Uttar Pradesh,North,SKU41032,Face Wash Hazelnut 60Ml,Renee,Skincare,Cleanser,Others,Active,499,3,2,,2,1202,BGR North,2,1,,45,3,69.2,,
2026-02,OL1056,DAB-SELECT LUCKNOW 12,Dabur,MBO,Lucknow,Uttar Pradesh,North,SKU41048,Face Wash Ocean 20Ml,Renee,Skincare,Cleanser,Others,Active,349,4,22,,3,1261,BGR North,4,4,,45,3,69.2,,
2026-02,OL1056,DAB-SELECT LUCKNOW 12,Dabur,MBO,Lucknow,Uttar Pradesh,North,SKU41129,Face Wash Vanilla 40Ml,Renee,Skincare,Cleanser,Others,Active,299,1,2,,4,1441,BGR North,5,5,,45,3,69.2,,
2026-02,OL1056,DAB-SELECT LUCKNOW 12,Dabur,MBO,Lucknow,Uttar Pradesh,North,SKU41215,Perfume Midnight 50Ml,Renee,Fragrance,EDP,Others,Active,399,6,8,,1,481,BGR North,4,3,,55,3,69.2,,
2026-02,OL1056,DAB-SELECT LUCKNOW 12,Dabur,MBO,Lucknow,Uttar Pradesh,North,SKU41382,Perfume Peach 50Ml,Renee,Fragrance,EDP,Top 25,Active,499,13,11,,4,2404,BGR North,4,2,,55,3,69.2,2025-08,
2026-02,OL1056,DAB-SELECT LUCKNOW 12,Dabur,MBO,Lucknow,Uttar Pradesh,North,SKU41420,Body Mist Coral 100Ml,Renee,Fragrance,Body Mist,Top 25,Active,399,9,10,,6,2884,BGR North,8,7,,55,3,69.2,,
2026-02,OL1056,DAB-SELECT LUCKNOW 12,Dabur,MBO,Lucknow,Uttar Pradesh,North,SKU41476,Body Mist Mocha 100Ml,Renee,Fragrance,Body Mist,Top 10,Active,799,23,23,,7,6737,BGR North,8,7,,55,3,69.2,,
2026-02,OL1056,DAB-SELECT LUCKNOW 12,Dabur,MBO,Lucknow,Uttar Pradesh,North,SKU41536,Body Mist Nude 100Ml,Renee,Fragrance,Body Mist,Top 25,Active,349,10,10,,6,2522,BGR North,7,6,,55,3,69.2,,
2026-02,OL1057,DAB-EXPRESS LUCKNOW 13,Dabur,MBO,Lucknow,Uttar Pradesh,North,SKU40078,Matte Lip Color Rose 4.2Ml,Renee,Makeup,Lipstick,Top 25,Active,650,2,6,,2,1563,BGR North,6,6,,50,1,76.6,,
2026-02,OL1057,DAB-EXPRESS LUCKNOW 13,Dabur,MBO,Lucknow,Uttar Pradesh,North,SKU40127,Matte Lip Color Coral 4.2Ml,Renee,Makeup,Lipstick,Top 25,Active,499,2,4,,3,1800,BGR North,5,5,,50,1,76.6,,
2026-02,OL1057,DAB-EXPRESS LUCKNOW 13,Dabur,MBO,Lucknow,Uttar Pradesh,North,SKU40318,Midnight Eyeliner Hazelnut 2.5Ml,Renee,Makeup,Eyeliner,Others,Active,650,16,16,,2,1563,BGR North,3,2,,50,1,76.6,,
2026-02,OL1057,DAB-EXPRESS LUCKNOW 13,Dabur,MBO,Lucknow,Uttar Pradesh,North,SKU40381,Midnight Eyeliner Ocean 2.5Ml,Renee,Makeup,Eyeliner,Top 25,Active,699,8,8,,4,3363,BGR North,6,4,,50,1,76.6,,
2026-02,OL1057,DAB-EXPRESS LUCKNOW 13,Dabur,MBO,Lucknow,Uttar Pradesh,North,SKU40490,Kajal Midnight 0.35Gm,Renee,Makeup,Eyeliner,Top 10,Active,599,7,5,,6,4322,BGR North,4,4,,50,1,76.6,,
2026-02,OL1057,DAB-EXPRESS LUCKNOW 13,Dabur,MBO,Lucknow,Uttar Pradesh,North,SKU40763,Blending Brush R6,Renee,Makeup,Brushes,Others,Active,349,0,0,,3,1259,BGR North,5,3,,50,1,76.6,,
2026-02,OL1057,DAB-EXPRESS LUCKNOW 13,Dabur,MBO,Lucknow,Uttar Pradesh,North,SKU40836,Blending Brush R4,Renee,Makeup,Brushes,Top 10,Active,1199,8,10,,4,5768,BGR North,6,6,,50,1,76.6,,
2026-02,OL1057,DAB-EXPRESS LUCKNOW 13,Dabur,MBO,Lucknow,Uttar Pradesh,North,SKU40928,Powder Brush R4,Renee,Makeup,Brushes,Top 25,Active,650,13,13,,2,1563,BGR North,3,2,,50,1,76.6,,
2026-02,OL1057,DAB-EXPRESS LUCKNOW 13,Dabur,MBO,Lucknow,Uttar Pradesh,North,SKU41024,Vitamin C Serum 30Ml,Renee,Skincare,Serum,Others,Active,449,0,17,,2,1080,BGR North,6,6,,45,1,76.6,,
2026-02,OL1057,DAB-EXPRESS LUCKNOW 13,Dabur,MBO,Lucknow,Uttar Pradesh,North,SKU41129,Face Wash Vanilla 40Ml,Renee,Skincare,Cleanser,Others,Active,299,0,0,,0,0,BGR North,0,0,,45,1,76.6,,
2026-02,OL1057,DAB-EXPRESS LUCKNOW 13,Dabur,MBO,Lucknow,Uttar Pradesh,North,SKU41420,Body Mist Coral 100Ml,Renee,Fragrance,Body Mist,Top 25,Active,399,6,6,,2,960,BGR North,2,2,,55,1,76.6,,
2026-02,OL1057,DAB-EXPRESS LUCKNOW 13,Dabur,MBO,Lucknow,Uttar Pradesh,North,SKU41608,Hair Oil Berry 100Ml,Renee,Haircare,Hair Oil,Others,Active,449,3,4,,4,2160,BGR North,7,5,,35,1,76.6,,
2026-02,OL1058,DAB-INORBIT KOLKATA 14,Dabur,MBO,Kolkata,West Bengal,East,SKU40108,Matte Lip Color Peach 4.2Ml,Renee,Makeup,Lipstick,Top 10,Active,650,5,33,,4,2809,BGR East,6,4,,50,3,48.7,,
2026-02,OL1058,DAB-INORBIT KOLKATA 14,Dabur,MBO,Kolkata,West Bengal,East,SKU40381,Midnight Eyeliner Ocean 2.5Ml,Renee,Makeup,Eyeliner,Top 25,Active,699,0,3,,4,3020,BGR East,8,7,,50,3,48.7,,
2026-02,OL1058,DAB-INORBIT KOLKATA 14,Dabur,MBO,Kolkata,West Bengal,East,SKU40425,Kajal Vanilla 0.35Gm,Renee,Makeup,Eyeliner,Top 25,Active,299,19,18,,9,2907,BGR East,8,8,,50,3,48.7,,
2026-02,OL1058,DAB-INORBIT KOLKATA 14,Dabur,MBO,Kolkata,West Bengal,East,SKU40662,Compact Powder Nude 9Gm,Renee,Makeup,Foundation,Top 25,Active,1199,21,23,,2,2590,BGR East,6,4,,50,3,48.7,,
2026-02,OL1058,DAB-INORBIT KOLKATA 14,Dabur,MBO,Kolkata,West Bengal,East,SKU40722,Compact Powder Berry 9Gm,Renee,Makeup,Foundation,Top 10,Active,799,0,2,,3,2589,BGR East,5,5,,50,3,48.7,,
2026-02,OL1058,DAB-INORBIT KOLKATA 14,Dabur,MBO,Kolkata,West Bengal,East,SKU40763,Blending Brush R6,Renee,Makeup,Brushes,Others,Active,349,1,1,,2,754,BGR East,3,2,,50,3,48.7,,
2026-02,OL1058,DAB-INORBIT KOLKATA 14,Dabur,MBO,Kolkata,West Bengal,East,SKU40850,Powder Brush R8,Renee,Makeup,Brushes,Top 25,Active,650,16,14,,4,2809,BGR East,3,2,,50,3,48.7,,
2026-02,OL1058,DAB-INORBIT KOLKATA 14,Dabur,MBO,Kolkata,West Bengal,East,SKU40928,Powder Brush R4,Renee,Makeup,Brushes,Top 25,Active,650,1,2,,4,2809,BGR East,6,5,,50,3,48.7,,
2026-02,OL1058,DAB-INORBIT KOLKATA 14,Dabur,MBO,Kolkata,West Bengal,East,SKU40951,Sunscreen Gel Spf 50 70Ml,Renee,Skincare,Sunscreen,Top 25,Active,999,5,9,,3,3237,BGR East,7,7,,45,3,48.7,,
2026-02,OL1058,DAB-INORBIT KOLKATA 14,Dabur,MBO,Kolkata,West Bengal,East,SKU40972,Sunscreen Gel Spf 50 70Ml,Renee,Skincare,Sunscreen,Top 25,Active,599,89,87,,4,2588,BGR East,3,2,,45,3,48.7,,
2026-02,OL1058,DAB-INORBIT KOLKATA 14,Dabur,MBO,Kolkata,West Bengal,East,SKU40979,Sunscreen Gel Spf 50 50Ml,Renee,Skincare,Sunscreen,Top 25,Active,799,14,16,,4,3452,BGR East,6,6,,45,3,48.7,,
2026-02,OL1058,DAB-INORBIT KOLKATA 14,Dabur,MBO,Kolkata,West Bengal,East,SKU41024,Vitamin C Serum 30Ml,Renee,Skincare,Serum,Others,Active,449,8,11,,2,970,BGR East,6,5,,45,3,48.7,,
2026-02,OL1058,DAB-INORBIT KOLKATA 14,Dabur,MBO,Kolkata,West Bengal,East,SKU41032,Face Wash Hazelnut 60Ml,Renee,Skincare,Cleanser,Others,Active,499,6,6,,1,539,BGR East,2,1,,45,3,48.7,,
2026-02,OL1058,DAB-INORBIT KOLKATA 14,Dabur,MBO,Kolkata,West Bengal,East,SKU41215,Perfume Midnight 50Ml,Renee,Fragrance,EDP,Others,Active,399,9,16,,3,1293,BGR East,6,6,,55,3,48.7,,
2026-02,OL1058,DAB-INORBIT KOLKATA 14,Dabur,MBO,Kolkata,West Bengal,East,SKU41382,Perfume Peach 50Ml,Renee,Fragrance,EDP,Top 25,Active,499,15,21,,4,2156,BGR East,10,10,,55,3,48.7,2025-08,
2026-02,OL1058,DAB-INORBIT KOLKATA 14,Dabur,MBO,Kolkata,West Bengal,East,SKU41536,Body Mist Nude 100Ml,Renee,Fragrance,Body Mist,Top 25,Active,349,4,0,,9,3393,BGR East,12,10,,55,3,48.7,,
2026-02,OL1058,DAB-INORBIT KOLKATA 14,Dabur,MBO,Kolkata,West Bengal,East,SKU41608,Hair Oil Berry 100Ml,Renee,Haircare,Hair Oil,Others,Active,449,8,9,,1,485,BGR East,2,2,,35,3,48.7,,
2026-02,OL1058,DAB-INORBIT KOLKATA 14,Dabur,MBO,Kolkata,West Bengal,East,SKU41647,Hair Oil Hazelnut 100Ml,Renee,Haircare,Hair Oil,Others,Active,799,16,18,,2,1726,BGR East,4,4,,35,3,48.7,,
2026-02,OL1059,DAB-NEXUS BHUBANESWAR 15,Dabur,MBO,Bhubaneswar,Odisha,East,SKU40078,Matte Lip Color Rose 4.2Ml,Renee,Makeup,Lipstick,Top 25,Active,650,35,36,,3,2018,BGR East,5,4,,50,1,71.2,,
2026-02,OL1059,DAB-NEXUS BHUBANESWAR 15,Dabur,MBO,Bhubaneswar,Odisha,East,SKU40108,Matte Lip Color Peach 4.2Ml,Renee,Makeup,Lipstick,Top 10,Active,650,14,17,,4,2690,BGR East,7,7,,50,1,71.2,,
2026-02,OL1059,DAB-NEXUS BHUBANESWAR 15,Dabur,MBO,Bhubaneswar,Odisha,East,SKU40281,Midnight Eyeliner Berry 2.5Ml,Renee,Makeup,Eyeliner,Others,Active,299,10,10,,4,1238,BGR East,6,4,,50,1,71.2,,
2026-02,OL1059,DAB-NEXUS BHUBANESWAR 15,Dabur,MBO,Bhubaneswar,Odisha,East,SKU40381,Midnight Eyeliner Ocean 2.5Ml,Renee,Makeup,Eyeliner,Top 25,Active,699,4,5,,2,1447,BGR East,4,3,,50,1,71.2,,
2026-02,OL1059,DAB-NEXUS BHUBANESWAR 15,Dabur,MBO,Bhubaneswar,Odisha,East,SKU40425,Kajal Vanilla 0.35Gm,Renee,Makeup,Eyeliner,Top 25,Active,299,18,23,,5,1547,BGR East,10,10,,50,1,71.2,,
2026-02,OL1059,DAB-NEXUS BHUBANESWAR 15,Dabur,MBO,Bhubaneswar,Odisha,East,SKU40544,Bb Cream Peach 30Ml,Renee,Makeup,Foundation,Top 10,Active,599,23,26,,4,2479,BGR East,8,7,,50,1,71.2,,
2026-02,OL1059,DAB-NEXUS BHUBANESWAR 15,Dabur,MBO,Bhubaneswar,Odisha,East,SKU40595,Compact Powder Mocha 9Gm,Renee,Makeup,Foundation,Top 10,Active,449,32,35,,8,3717,BGR East,11,11,,50,1,71.2,,
2026-02,OL1059,DAB-NEXUS BHUBANESWAR 15,Dabur,MBO,Bhubaneswar,Odisha,East,SKU40722,Compact Powder Berry 9Gm,Renee,Makeup,Foundation,Top 10,Active,799,10,10,,4,3307,BGR East,7,4,,50,1,71.2,,
2026-02,OL1059,DAB-NEXUS BHUBANESWAR 15,Dabur,MBO,Bhubaneswar,Odisha,East,SKU40763,Blending Brush R6,Renee,Makeup,Brushes,Others,Active,349,2,4,,3,1083,BGR East,7,5,,50,1,71.2,,
2026-02,OL1059,DAB-NEXUS BHUBANESWAR 15,Dabur,MBO,Bhubaneswar,Odisha,East,SKU40850,Powder Brush R8,Renee,Makeup,Brushes,Top 25,Active,650,19,20,,3,2018,BGR East,5,4,,50,1,71.2,,
2026-02,OL1059,DAB-NEXUS BHUBANESWAR 15,Dabur,MBO,Bhubaneswar,Odisha,East,SKU40928,Powder Brush R4,Renee,Makeup,Brushes,Top 25,Active,650,7,8,,3,2018,BGR East,6,4,,50,1,71.2,,
2026-02,OL1059,DAB-NEXUS BHUBANESWAR 15,Dabur,MBO,Bhubaneswar,Odisha,East,SKU40951,Sunscreen Gel Spf 50 70Ml,Renee,Skincare,Sunscreen,Top 25,Active,999,10,11,,3,3101,BGR East,4,4,,45,1,71.2,,
2026-02,OL1059,DAB-NEXUS BHUBANESWAR 15,Dabur,MBO,Bhubaneswar,Odisha,East,SKU40972,Sunscreen Gel Spf 50 70Ml,Renee,Skincare,Sunscreen,Top 25,Active,599,3,5,,4,2479,BGR East,6,6,,45,1,71.2,,
2026-02,OL1059,DAB-NEXUS BHUBANESWAR 15,Dabur,MBO,Bhubaneswar,Odisha,East,SKU41024,Vitamin C Serum 30Ml,Renee,Skincare,Serum,Others,Active,449,18,20,,1,465,BGR East,3,3,,45,1,71.2,,
2026-02,OL1059,DAB-NEXUS BHUBANESWAR 15,Dabur,MBO,Bhubaneswar,Odisha,East,SKU41048,Face Wash Ocean 20Ml,Renee,Skincare,Cleanser,Others,Active,349,8,9,,4,1445,BGR East,7,5,,45,1,71.2,,
2026-02,OL1059,DAB-NEXUS BHUBANESWAR 15,Dabur,MBO,Bhubaneswar,Odisha,East,SKU41295,Perfume Rose 50Ml,Renee,Fragrance,EDP,Top 25,Active,599,4,7,,3,1859,BGR East,6,6,,55,1,71.2,,
2026-02,OL1059,DAB-NEXUS BHUBANESWAR 15,Dabur,MBO,Bhubaneswar,Odisha,East,SKU41420,Body Mist Coral 100Ml,Renee,Fragrance,Body Mist,Top 25,Active,399,13,17,,3,1239,BGR East,8,7,,55,1,71.2,,
2026-02,OL1059,DAB-NEXUS BHUBANESWAR 15,Dabur,MBO,Bhubaneswar,Odisha,East,SKU41476,Body Mist Mocha 100Ml,Renee,Fragrance,Body Mist,Top 10,Active,799,17,13,,8,6614,BGR East,6,4,,55,1,71.2,,
2026-02,OL1059,DAB-NEXUS BHUBANESWAR 15,Dabur,MBO,Bhubaneswar,Odisha,East,SKU41536,Body Mist Nude 100Ml,Renee,Fragrance,Body Mist,Top 25,Active,349,40,41,,8,2889,BGR East,9,9,,55,1,71.2,,
2026-02,OL1059,DAB-NEXUS BHUBANESWAR 15,Dabur,MBO,Bhubaneswar,Odisha,East,SKU41647,Hair Oil Hazelnut 100Ml,Renee,Haircare,Hair Oil,Others,Active,799,20,19,,1,827,BGR East,0,0,,35,1,71.2,,
2026-02,OL1060,DAB-ORION GUWAHATI 16,Dabur,MBO,Guwahati,Assam,East,SKU40078,Matte Lip Color Rose 4.2Ml,Renee,Makeup,Lipstick,Top 25,Active,650,19,19,,4,3097,BGR East,5,4,,50,4,67.8,,
2026-02,OL1060,DAB-ORION GUWAHATI 16,Dabur,MBO,Guwahati,Assam,East,SKU40108,Matte Lip Color Peach 4.2Ml,Renee,Makeup,Lipstick,Top 10,Active,650,8,8,,3,2323,BGR East,4,3,,50,4,67.8,,
2026-02,OL1060,DAB-ORION GUWAHATI 16,Dabur,MBO,Guwahati,Assam,East,SKU40127,Matte Lip Color Coral 4.2Ml,Renee,Makeup,Lipstick,Top 25,Active,499,13,0,,2,1189,BGR East,2,2,,50,4,67.8,,
2026-02,OL1060,DAB-ORION GUWAHATI 16,Dabur,MBO,Guwahati,Assam,East,SKU40266,Liquid Lipstick Nude 5Ml,Renee,Makeup,Lipstick,Top 10,Active,799,30,32,,3,2855,BGR East,5,5,,50,4,67.8,,
2026-02,OL1060,DAB-ORION GUWAHATI 16,Dabur,MBO,Guwahati,Assam,East,SKU40490,Kajal Midnight 0.35Gm,Renee,Makeup,Eyeliner,Top 10,Active,599,21,21,,8,5709,BGR East,11,8,,50,4,67.8,,
2026-02,OL1060,DAB-ORION GUWAHATI 16,Dabur,MBO,Guwahati,Assam,East,SKU40544,Bb Cream Peach 30Ml,Renee,Makeup,Foundation,Top 10,Active,599,27,29,,9,6422,BGR East,11,11,,50,4,67.8,,
2026-02,OL1060,DAB-ORION GUWAHATI 16,Dabur,MBO,Guwahati,Assam,East,SKU40588,Bb Cream Coral 30Ml,Renee,Makeup,Foundation,Top 10,Active,349,28,38,,9,3742,BGR East,19,19,,50,4,67.8,,
2026-02,OL1060,DAB-ORION GUWAHATI 16,Dabur,MBO,Guwahati,Assam,East,SKU40763,Blending Brush R6,Renee,Makeup,Brushes,Others,Active,349,21,23,,4,1663,BGR East,7,6,,50,4,67.8,,
2026-02,OL1060,DAB-ORION GUWAHATI 16,Dabur,MBO,Guwahati,Assam,East,SKU40951,Sunscreen Gel Spf 50 70Ml,Renee,Skincare,Sunscreen,Top 25,Active,999,7,21,,4,4760,BGR East,7,6,,45,4,67.8,,
2026-02,OL1060,DAB-ORION GUWAHATI 16,Dabur,MBO,Guwahati,Assam,East,SKU40972,Sunscreen Gel Spf 50 70Ml,Renee,Skincare,Sunscreen,Top 25,Active,599,25,29,,6,4281,BGR East,10,10,,45,4,67.8,,
2026-02,OL1060,DAB-ORION GUWAHATI 16,Dabur,MBO,Guwahati,Assam,East,SKU40979,Sunscreen Gel Spf 50 50Ml,Renee,Skincare,Sunscreen,Top 25,Active,799,2,4,,2,1904,BGR East,5,4,,45,4,67.8,,
2026-02,OL1060,DAB-ORION GUWAHATI 16,Dabur,MBO,Guwahati,Assam,East,SKU41032,Face Wash Hazelnut 60Ml,Renee,Skincare,Cleanser,Others,Active,499,0,0,,3,1783,BGR East,3,3,,45,4,67.8,,
2026-02,OL1060,DAB-ORION GUWAHATI 16,Dabur,MBO,Guwahati,Assam,East,SKU41295,Perfume Rose 50Ml,Renee,Fragrance,EDP,Top 25,Active,599,27,30,,4,2854,BGR East,9,7,,55,4,67.8,,
2026-02,OL1060,DAB-ORION GUWAHATI 16,Dabur,MBO,Guwahati,Assam,East,SKU41382,Perfume Peach 50Ml,Renee,Fragrance,EDP,Top 25,Active,499,12,14,,2,1189,BGR East,6,4,,55,4,67.8,2025-08,
2026-02,OL1061,DAB-GALLERIA HYDERABAD 17,Dabur,MBO,Hyderabad,Telangana,South,SKU40202,Liquid Lipstick Mocha 5Ml,Renee,Makeup,Lipstick,Top 25,Active,799,12,15,,3,2813,BGR South,6,6,,50,2,78.4,2025-11,
2026-02,OL1061,DAB-GALLERIA HYDERABAD 17,Dabur,MBO,Hyderabad,Telangana,South,SKU40266,Liquid Lipstick Nude 5Ml,Renee,Makeup,Lipstick,Top 10,Active,799,23,23,,8,7502,BGR South,9,8,,50,2,78.4,,
2026-02,OL1061,DAB-GALLERIA HYDERABAD 17,Dabur,MBO,Hyderabad,Telangana,South,SKU40281,Midnight Eyeliner Berry 2.5Ml,Renee,Makeup,Eyeliner,Others,Active,299,8,7,,2,702,BGR South,2,1,,50,2,78.4,,
2026-02,OL1061,DAB-GALLERIA HYDERABAD 17,Dabur,MBO,Hyderabad,Telangana,South,SKU40318,Midnight Eyeliner Hazelnut 2.5Ml,Renee,Makeup,Eyeliner,Others,Active,650,11,13,,4,3052,BGR South,6,6,,50,2,78.4,,
2026-02,OL1061,DAB-GALLERIA HYDERABAD 17,Dabur,MBO,Hyderabad,Telangana,South,SKU40425,Kajal Vanilla 0.35Gm,Renee,Makeup,Eyeliner,Top 25,Active,299,8,8,,3,1053,BGR South,3,3,,50,2,78.4,,
2026-02,OL1061,DAB-GALLERIA HYDERABAD 17,Dabur,MBO,Hyderabad,Telangana,South,SKU40490,Kajal Midnight 0.35Gm,Renee,Makeup,Eyeliner,Top 10,Active,599,23,28,,4,2812,BGR South,9,9,,50,2,78.4,,
2026-02,OL1061,DAB-GALLERIA HYDERABAD 17,Dabur,MBO,Hyderabad,Telangana,South,SKU40544,Bb Cream Peach 30Ml,Renee,Makeup,Foundation,Top 10,Active,599,5,10,,6,4218,BGR South,11,11,,50,2,78.4,,
2026-02,OL1061,DAB-GALLERIA HYDERABAD 17,Dabur,MBO,Hyderabad,Telangana,South,SKU40812,Blending Brush R1,Renee,Makeup,Brushes,Top 10,Active,599,7,6,,4,2812,BGR South,4,3,,50,2,78.4,2025-09,
2026-02,OL1061,DAB-GALLERIA HYDERABAD 17,Dabur,MBO,Hyderabad,Telangana,South,SKU40972,Sunscreen Gel Spf 50 70Ml,Renee,Skincare,Sunscreen,Top 25,Active,599,6,6,,2,1406,BGR South,3,2,,45,2,78.4,,
2026-02,OL1061,DAB-GALLERIA HYDERABAD 17,Dabur,MBO,Hyderabad,Telangana,South,SKU40979,Sunscreen Gel Spf 50 50Ml,Renee,Skincare,Sunscreen,Top 25,Active,799,14,17,,2,1876,BGR South,5,5,,45,2,78.4,,
2026-02,OL1061,DAB-GALLERIA HYDERABAD 17,Dabur,MBO,Hyderabad,Telangana,South,SKU41048,Face Wash Ocean 20Ml,Renee,Skincare,Cleanser,Others,Active,349,3,6,,3,1229,BGR South,6,6,,45,2,78.4,,
2026-02,OL1061,DAB-GALLERIA HYDERABAD 17,Dabur,MBO,Hyderabad,Telangana,South,SKU41129,Face Wash Vanilla 40Ml,Renee,Skincare,Cleanser,Others,Active,299,12,13,,2,702,BGR South,4,3,,45,2,78.4,,
2026-02,OL1061,DAB-GALLERIA HYDERABAD 17,Dabur,MBO,Hyderabad,Telangana,South,SKU41382,Perfume Peach 50Ml,Renee,Fragrance,EDP,Top 25,Active,499,1,2,,3,1757,BGR South,4,4,,55,2,78.4,2025-08,
2026-02,OL1061,DAB-GALLERIA HYDERABAD 17,Dabur,MBO,Hyderabad,Telangana,South,SKU41420,Body Mist Coral 100Ml,Renee,Fragrance,Body Mist,Top 25,Active,399,13,17,,3,1405,BGR South,8,7,,55,2,78.4,,
2026-02,OL1062,DAB-SELECT NOIDA 18,Dabur,MBO,Noida,Uttar Pradesh,North,SKU40078,Matte Lip Color Rose 4.2Ml,Renee,Makeup,Lipstick,Top 25,Active,650,30,34,,4,2514,BGR North,9,8,,50,2,92.6,,
2026-02,OL1062,DAB-SELECT NOIDA 18,Dabur,MBO,Noida,Uttar Pradesh,North,SKU40108,Matte Lip Color Peach 4.2Ml,Renee,Makeup,Lipstick,Top 10,Active,650,16,19,,4,2514,BGR North,7,7,,50,2,92.6,,
2026-02,OL1062,DAB-SELECT NOIDA 18,Dabur,MBO,Noida,Uttar Pradesh,North,SKU40127,Matte Lip Color Coral 4.2Ml,Renee,Makeup,Lipstick,Top 25,Active,499,23,24,,6,2894,BGR North,7,7,,50,2,92.6,,
2026-02,OL1062,DAB-SELECT NOIDA 18,Dabur,MBO,Noida,Uttar Pradesh,North,SKU40202,Liquid Lipstick Mocha 5Ml,Renee,Makeup,Lipstick,Top 25,Active,799,5,7,,3,2317,BGR North,6,5,,50,2,92.6,2025-11,
2026-02,OL1062,DAB-SELECT NOIDA 18,Dabur,MBO,Noida,Uttar Pradesh,North,SKU40266,Liquid Lipstick Nude 5Ml,Renee,Makeup,Lipstick,Top 10,Active,799,57,62,,12,9269,BGR North,25,17,,50,2,92.6,,
2026-02,OL1062,DAB-SELECT NOIDA 18,Dabur,MBO,Noida,Uttar Pradesh,North,SKU40281,Midnight Eyeliner Berry 2.5Ml,Renee,Makeup,Eyeliner,Others,Active,299,20,22,,4,1156,BGR North,8,6,,50,2,92.6,,
2026-02,OL1062,DAB-SELECT NOIDA 18,Dabur,MBO,Noida,Uttar Pradesh,North,SKU40425,Kajal Vanilla 0.35Gm,Renee,Makeup,Eyeliner,Top 25,Active,299,6,39,,6,1734,BGR North,11,11,,50,2,92.6,,
2026-02,OL1062,DAB-SELECT NOIDA 18,Dabur,MBO,Noida,Uttar Pradesh,North,SKU40544,Bb Cream Peach 30Ml,Renee,Makeup,Foundation,Top 10,Active,599,31,32,,1,579,BGR North,4,2,,50,2,92.6,,
2026-02,OL1062,DAB-SELECT NOIDA 18,Dabur,MBO,Noida,Uttar Pradesh,North,SKU40662,Compact Powder Nude 9Gm,Renee,Makeup,Foundation,Top 25,Active,1199,8,9,,1,1159,BGR North,3,2,,50,2,92.6,,
2026-02,OL1062,DAB-SELECT NOIDA 18,Dabur,MBO,Noida,Uttar Pradesh,North,SKU40763,Blending Brush R6,Renee,Makeup,Brushes,Others,Active,349,2,0,,4,1350,BGR North,8,7,,50,2,92.6,,
2026-02,OL1062,DAB-SELECT NOIDA 18,Dabur,MBO,Noida,Uttar Pradesh,North,SKU40850,Powder Brush R8,Renee,Makeup,Brushes,Top 25,Active,650,0,3,,3,1885,BGR North,6,6,,50,2,92.6,,
2026-02,OL1062,DAB-SELECT NOIDA 18,Dabur,MBO,Noida,Uttar Pradesh,North,SKU40928,Powder Brush R4,Renee,Makeup,Brushes,Top 25,Active,650,11,13,,2,1257,BGR North,5,4,,50,2,92.6,,
2026-02,OL1062,DAB-SELECT NOIDA 18,Dabur,MBO,Noida,Uttar Pradesh,North,SKU40951,Sunscreen Gel Spf 50 70Ml,Renee,Skincare,Sunscreen,Top 25,Active,999,8,8,,0,0,BGR North,1,0,,45,2,92.6,,
2026-02,OL1062,DAB-SELECT NOIDA 18,Dabur,MBO,Noida,Uttar Pradesh,North,SKU40972,Sunscreen Gel Spf 50 70Ml,Renee,Skincare,Sunscreen,Top 25,Active,599,5,7,,4,2316,BGR North,7,6,,45,2,92.6,,
2026-02,OL1062,DAB-SELECT NOIDA 18,Dabur,MBO,Noida,Uttar Pradesh,North,SKU40979,Sunscreen Gel Spf 50 50Ml,Renee,Skincare,Sunscreen,Top 25,Active,799,2,4,,4,3090,BGR North,7,6,,45,2,92.6,,
2026-02,OL1062,DAB-SELECT NOIDA 18,Dabur,MBO,Noida,Uttar Pradesh,North,SKU41024,Vitamin C Serum 30Ml,Renee,Skincare,Serum,Others,Active,449,10,9,,2,868,BGR North,2,1,,45,2,92.6,,
2026-02,OL1062,DAB-SELECT NOIDA 18,Dabur,MBO,Noida,Uttar Pradesh,North,SKU41382,Perfume Peach 50Ml,Renee,Fragrance,EDP,Top 25,Active,499,0,0,,4,1930,BGR North,4,4,,55,2,92.6,2025-08,
2026-02,OL1062,DAB-SELECT NOIDA 18,Dabur,MBO,Noida,Uttar Pradesh,North,SKU41420,Body Mist Coral 100Ml,Renee,Fragrance,Body Mist,Top 25,Active,399,30,29,,4,1543,BGR North,4,3,,55,2,92.6,,
2026-02,OL1062,DAB-SELECT NOIDA 18,Dabur,MBO,Noida,Uttar Pradesh,North,SKU41536,Body Mist Nude 100Ml,Renee,Fragrance,Body Mist,Top 25,Active,349,4,8,,4,1350,BGR North,8,8,,55,2,92.6,,
2026-02,OL1063,DAB-CITY CENTRE NEW DELHI 19,Dabur,MBO,New Delhi,Delhi,North,SKU40078,Matte Lip Color Rose 4.2Ml,Renee,Makeup,Lipstick,Top 25,Active,650,22,26,,4,2969,BGR North,9,8,,50,3,58.7,,
2026-02,OL1063,DAB-CITY CENTRE NEW DELHI 19,Dabur,MBO,New Delhi,Delhi,North,SKU40108,Matte Lip Color Peach 4.2Ml,Renee,Makeup,Lipstick,Top 10,Active,650,10,14,,4,2969,BGR North,9,8,,50,3,58.7,,
2026-02,OL1063,DAB-CITY CENTRE NEW DELHI 19,Dabur,MBO,New Delhi,Delhi,North,SKU40127,Matte Lip Color Coral 4.2Ml,Renee,Makeup,Lipstick,Top 25,Active,499,16,16,,3,1709,BGR North,3,3,,50,3,58.7,,
2026-02,OL1063,DAB-CITY CENTRE NEW DELHI 19,Dabur,MBO,New Delhi,Delhi,North,SKU40202,Liquid Lipstick Mocha 5Ml,Renee,Makeup,Lipstick,Top 25,Active,799,0,3,,2,1825,BGR North,5,5,,50,3,58.7,2025-11,
2026-02,OL1063,DAB-CITY CENTRE NEW DELHI 19,Dabur,MBO,New Delhi,Delhi,North,SKU40266,Liquid Lipstick Nude 5Ml,Renee,Makeup,Lipstick,Top 10,Active,799,26,24,,15,13686,BGR North,15,13,,50,3,58.7,,
2026-02,OL1063,DAB-CITY CENTRE NEW DELHI 19,Dabur,MBO,New Delhi,Delhi,North,SKU40281,Midnight Eyeliner Berry 2.5Ml,Renee,Makeup,Eyeliner,Others,Active,299,21,24,,4,1366,BGR North,8,7,,50,3,58.7,,
2026-02,OL1063,DAB-CITY CENTRE NEW DELHI 19,Dabur,MBO,New Delhi,Delhi,North,SKU40318,Midnight Eyeliner Hazelnut 2.5Ml,Renee,Makeup,Eyeliner,Others,Active,650,0,0,,2,1484,BGR North,3,2,,50,3,58.7,,
2026-02,OL1063,DAB-CITY CENTRE NEW DELHI 19,Dabur,MBO,New Delhi,Delhi,North,SKU40381,Midnight Eyeliner Ocean 2.5Ml,Renee,Makeup,Eyeliner,Top 25,Active,699,10,9,,4,3193,BGR North,5,3,,50,3,58.7,,
2026-02,OL1063,DAB-CITY CENTRE NEW DELHI 19,Dabur,MBO,New Delhi,Delhi,North,SKU40490,Kajal Midnight 0.35Gm,Renee,Makeup,Eyeliner,Top 10,Active,599,22,27,,8,5472,BGR North,13,13,,50,3,58.7,,
2026-02,OL1063,DAB-CITY CENTRE NEW DELHI 19,Dabur,MBO,New Delhi,Delhi,North,SKU40763,Blending Brush R6,Renee,Makeup,Brushes,Others,Active,349,12,12,,3,1196,BGR North,4,3,,50,3,58.7,,
2026-02,OL1063,DAB-CITY CENTRE NEW DELHI 19,Dabur,MBO,New Delhi,Delhi,North,SKU40812,Blending Brush R1,Renee,Makeup,Brushes,Top 10,Active,599,16,21,,4,2736,BGR North,10,9,,50,3,58.7,2025-09,
2026-02,OL1063,DAB-CITY CENTRE NEW DELHI 19,Dabur,MBO,New Delhi,Delhi,North,SKU40928,Powder Brush R4,Renee,Makeup,Brushes,Top 25,Active,650,10,10,,4,2969,BGR North,6,4,,50,3,58.7,,
2026-02,OL1063,DAB-CITY CENTRE NEW DELHI 19,Dabur,MBO,New Delhi,Delhi,North,SKU40972,Sunscreen Gel Spf 50 70Ml,Renee,Skincare,Sunscreen,Top 25,Active,599,21,25,,3,2052,BGR North,7,7,,45,3,58.7,,
2026-02,OL1063,DAB-CITY CENTRE NEW DELHI 19,Dabur,MBO,New Delhi,Delhi,North,SKU40979,Sunscreen Gel Spf 50 50Ml,Renee,Skincare,Sunscreen,Top 25,Active,799,1,0,,4,3650,BGR North,3,3,,45,3,58.7,,
2026-02,OL1063,DAB-CITY CENTRE NEW DELHI 19,Dabur,MBO,New Delhi,Delhi,North,SKU41032,Face Wash Hazelnut 60Ml,Renee,Skincare,Cleanser,Others,Active,499,12,14,,1,570,BGR North,3,3,,45,3,58.7,,
2026-02,OL1063,DAB-CITY CENTRE NEW DELHI 19,Dabur,MBO,New Delhi,Delhi,North,SKU41129,Face Wash Vanilla 40Ml,Renee,Skincare,Cleanser,Others,Active,299,7,10,,3,1024,BGR North,6,6,,45,3,58.7,,
2026-02,OL1063,DAB-CITY CENTRE NEW DELHI 19,Dabur,MBO,New Delhi,Delhi,North,SKU41215,Perfume Midnight 50Ml,Renee,Fragrance,EDP,Others,Active,399,26,27,,3,1367,BGR North,4,4,,55,3,58.7,,
2026-02,OL1063,DAB-CITY CENTRE NEW DELHI 19,Dabur,MBO,New Delhi,Delhi,North,SKU41295,Perfume Rose 50Ml,Renee,Fragrance,EDP,Top 25,Active,599,10,8,,4,2736,BGR North,3,2,,55,3,58.7,,
2026-02,OL1063,DAB-CITY CENTRE NEW DELHI 19,Dabur,MBO,New Delhi,Delhi,North,SKU41420,Body Mist Coral 100Ml,Renee,Fragrance,Body Mist,Top 25,Active,399,4,5,,4,1822,BGR North,5,5,,55,3,58.7,,
2026-02,OL1063,DAB-CITY CENTRE NEW DELHI 19,Dabur,MBO,New Delhi,Delhi,North,SKU41476,Body Mist Mocha 100Ml,Renee,Fragrance,Body Mist,Top 10,Active,799,17,14,,10,9124,BGR North,11,7,,55,3,58.7,,
2026-02,OL1063,DAB-CITY CENTRE NEW DELHI 19,Dabur,MBO,New Delhi,Delhi,North,SKU41536,Body Mist Nude 100Ml,Renee,Fragrance,Body Mist,Top 25,Active,349,3,6,,8,3188,BGR North,14,11,,55,3,58.7,,
2026-02,OL1064,DAB-EXPRESS SURAT 20,Dabur,MBO,Surat,Gujarat,West,SKU40078,Matte Lip Color Rose 4.2Ml,Renee,Makeup,Lipstick,Top 25,Active,650,1,0,,4,3103,BGR West,4,3,,50,2,70.1,,
2026-02,OL1064,DAB-EXPRESS SURAT 20,Dabur,MBO,Surat,Gujarat,West,SKU40127,Matte Lip Color Coral 4.2Ml,Renee,Makeup,Lipstick,Top 25,Active,499,0,0,,2,1191,BGR West,1,1,,50,2,70.1,,
2026-02,OL1064,DAB-EXPRESS SURAT 20,Dabur,MBO,Surat,Gujarat,West,SKU40202,Liquid Lipstick Mocha 5Ml,Renee,Makeup,Lipstick,Top 25,Active,799,5,4,,4,3814,BGR West,4,3,,50,2,70.1,2025-11,
2026-02,OL1064,DAB-EXPRESS SURAT 20,Dabur,MBO,Surat,Gujarat,West,SKU40544,Bb Cream Peach 30Ml,Renee,Makeup,Foundation,Top 10,Active,599,67,64,,9,6434,BGR West,7,6,,50,2,70.1,,
2026-02,OL1064,DAB-EXPRESS SURAT 20,Dabur,MBO,Surat,Gujarat,West,SKU40588,Bb Cream Coral 30Ml,Renee,Makeup,Foundation,Top 10,Active,349,9,10,,7,2916,BGR West,9,8,,50,2,70.1,,
2026-02,OL1064,DAB-EXPRESS SURAT 20,Dabur,MBO,Surat,Gujarat,West,SKU40662,Compact Powder Nude 9Gm,Renee,Makeup,Foundation,Top 25,Active,1199,13,13,,4,5724,BGR West,7,4,,50,2,70.1,,
2026-02,OL1064,DAB-EXPRESS SURAT 20,Dabur,MBO,Surat,Gujarat,West,SKU40722,Compact Powder Berry 9Gm,Renee,Makeup,Foundation,Top 10,Active,799,8,6,,4,3814,BGR West,4,2,,50,2,70.1,,
2026-02,OL1064,DAB-EXPRESS SURAT 20,Dabur,MBO,Surat,Gujarat,West,SKU40836,Blending Brush R4,Renee,Makeup,Brushes,Top 10,Active,1199,0,2,,8,11448,BGR West,10,10,,50,2,70.1,,
2026-02,OL1064,DAB-EXPRESS SURAT 20,Dabur,MBO,Surat,Gujarat,West,SKU40928,Powder Brush R4,Renee,Makeup,Brushes,Top 25,Active,650,43,46,,2,1551,BGR West,5,5,,50,2,70.1,,
2026-02,OL1064,DAB-EXPRESS SURAT 20,Dabur,MBO,Surat,Gujarat,West,SKU40972,Sunscreen Gel Spf 50 70Ml,Renee,Skincare,Sunscreen,Top 25,Active,599,2,3,,4,2860,BGR West,6,5,,45,2,70.1,,
2026-02,OL1064,DAB-EXPRESS SURAT 20,Dabur,MBO,Surat,Gujarat,West,SKU40979,Sunscreen Gel Spf 50 50Ml,Renee,Skincare,Sunscreen,Top 25,Active,799,3,4,,1,954,BGR West,3,2,,45,2,70.1,,
2026-02,OL1064,DAB-EXPRESS SURAT 20,Dabur,MBO,Surat,Gujarat,West,SKU41024,Vitamin C Serum 30Ml,Renee,Skincare,Serum,Others,Active,449,30,30,,1,536,BGR West,2,1,,45,2,70.1,,
2026-02,OL1064,DAB-EXPRESS SURAT 20,Dabur,MBO,Surat,Gujarat,West,SKU41129,Face Wash Vanilla 40Ml,Renee,Skincare,Cleanser,Others,Active,299,15,17,,2,714,BGR West,4,4,,45,2,70.1,,
2026-02,OL1064,DAB-EXPRESS SURAT 20,Dabur,MBO,Surat,Gujarat,West,SKU41215,Perfume Midnight 50Ml,Renee,Fragrance,EDP,Others,Active,399,18,20,,4,1905,BGR West,6,6,,55,2,70.1,,
2026-02,OL1064,DAB-EXPRESS SURAT 20,Dabur,MBO,Surat,Gujarat,West,SKU41420,Body Mist Coral 100Ml,Renee,Fragrance,Body Mist,Top 25,Active,399,25,16,,3,1429,BGR West,5,5,,55,2,70.1,,
2026-02,OL1064,DAB-EXPRESS SURAT 20,Dabur,MBO,Surat,Gujarat,West,SKU41476,Body Mist Mocha 100Ml,Renee,Fragrance,Body Mist,Top 10,Active,799,43,49,,9,8582,BGR West,19,15,,55,2,70.1,,
2026-02,OL1064,DAB-EXPRESS SURAT 20,Dabur,MBO,Surat,Gujarat,West,SKU41536,Body Mist Nude 100Ml,Renee,Fragrance,Body Mist,Top 25,Active,349,54,0,,12,4998,BGR West,10,10,,55,2,70.1,,
2026-02,OL1064,DAB-EXPRESS SURAT 20,Dabur,MBO,Surat,Gujarat,West,SKU41608,Hair Oil Berry 100Ml,Renee,Haircare,Hair Oil,Others,Active,449,3,4,,3,1608,BGR West,5,4,,35,2,70.1,,
2026-02,OL1065,DAB-PHOENIX SURAT 21,Dabur,MBO,Surat,Gujarat,West,SKU40108,Matte Lip Color Peach 4.2Ml,Renee,Makeup,Lipstick,Top 10,Active,650,0,0,,3,1997,BGR West,4,3,,50,3,66.3,,
2026-02,OL1065,DAB-PHOENIX SURAT 21,Dabur,MBO,Surat,Gujarat,West,SKU40127,Matte Lip Color Coral 4.2Ml,Renee,Makeup,Lipstick,Top 25,Active,499,25,31,,4,2044,BGR West,10,10,,50,3,66.3,,
2026-02,OL1065,DAB-PHOENIX SURAT 21,Dabur,MBO,Surat,Gujarat,West,SKU40202,Liquid Lipstick Mocha 5Ml,Renee,Makeup,Lipstick,Top 25,Active,799,3,2,,1,818,BGR West,1,0,,50,3,66.3,2025-11,
2026-02,OL1065,DAB-PHOENIX SURAT 21,Dabur,MBO,Surat,Gujarat,West,SKU40266,Liquid Lipstick Nude 5Ml,Renee,Makeup,Lipstick,Top 10,Active,799,82,57,,8,6547,BGR West,7,5,,50,3,66.3,,
2026-02,OL1065,DAB-PHOENIX SURAT 21,Dabur,MBO,Surat,Gujarat,West,SKU40381,Midnight Eyeliner Ocean 2.5Ml,Renee,Makeup,Eyeliner,Top 25,Active,699,24,26,,2,1432,BGR West,6,4,,50,3,66.3,,
2026-02,OL1065,DAB-PHOENIX SURAT 21,Dabur,MBO,Surat,Gujarat,West,SKU40425,Kajal Vanilla 0.35Gm,Renee,Makeup,Eyeliner,Top 25,Active,299,27,27,,8,2450,BGR West,11,8,,50,3,66.3,,
2026-02,OL1065,DAB-PHOENIX SURAT 21,Dabur,MBO,Surat,Gujarat,West,SKU40544,Bb Cream Peach 30Ml,Renee,Makeup,Foundation,Top 10,Active,599,2,3,,6,3681,BGR West,11,7,,50,3,66.3,,
2026-02,OL1065,DAB-PHOENIX SURAT 21,Dabur,MBO,Surat,Gujarat,West,SKU40588,Bb Cream Coral 30Ml,Renee,Makeup,Foundation,Top 10,Active,349,13,15,,6,2145,BGR West,12,8,,50,3,66.3,,
2026-02,OL1065,DAB-PHOENIX SURAT 21,Dabur,MBO,Surat,Gujarat,West,SKU40722,Compact Powder Berry 9Gm,Renee,Makeup,Foundation,Top 10,Active,799,19,20,,4,3274,BGR West,8,5,,50,3,66.3,,
2026-02,OL1065,DAB-PHOENIX SURAT 21,Dabur,MBO,Surat,Gujarat,West,SKU40812,Blending Brush R1,Renee,Makeup,Brushes,Top 10,Active,599,30,30,,6,3681,BGR West,6,6,,50,3,66.3,2025-09,
2026-02,OL1065,DAB-PHOENIX SURAT 21,Dabur,MBO,Surat,Gujarat,West,SKU40836,Blending Brush R4,Renee,Makeup,Brushes,Top 10,Active,1199,9,11,,6,7369,BGR West,8,8,,50,3,66.3,,
2026-02,OL1065,DAB-PHOENIX SURAT 21,Dabur,MBO,Surat,Gujarat,West,SKU40928,Powder Brush R4,Renee,Makeup,Brushes,Top 25,Active,650,0,3,,4,2663,BGR West,9,7,,50,3,66.3,,
2026-02,OL1065,DAB-PHOENIX SURAT 21,Dabur,MBO,Surat,Gujarat,West,SKU40951,Sunscreen Gel Spf 50 70Ml,Renee,Skincare,Sunscreen,Top 25,Active,999,15,15,,2,2047,BGR West,3,2,,45,3,66.3,,
2026-02,OL1065,DAB-PHOENIX SURAT 21,Dabur,MBO,Surat,Gujarat,West,SKU41032,Face Wash Hazelnut 60Ml,Renee,Skincare,Cleanser,Others,Active,499,8,8,,1,511,BGR West,2,1,,45,3,66.3,,
2026-02,OL1065,DAB-PHOENIX SURAT 21,Dabur,MBO,Surat,Gujarat,West,SKU41129,Face Wash Vanilla 40Ml,Renee,Skincare,Cleanser,Others,Active,299,19,22,,4,1225,BGR West,7,7,,45,3,66.3,,
2026-02,OL1065,DAB-PHOENIX SURAT 21,Dabur,MBO,Surat,Gujarat,West,SKU41295,Perfume Rose 50Ml,Renee,Fragrance,EDP,Top 25,Active,599,14,17,,3,1841,BGR West,6,6,,55,3,66.3,,
2026-02,OL1065,DAB-PHOENIX SURAT 21,Dabur,MBO,Surat,Gujarat,West,SKU41382,Perfume Peach 50Ml,Renee,Fragrance,EDP,Top 25,Active,499,23,27,,4,2044,BGR West,8,8,,55,3,66.3,2025-08,
2026-02,OL1065,DAB-PHOENIX SURAT 21,Dabur,MBO,Surat,Gujarat,West,SKU41420,Body Mist Coral 100Ml,Renee,Fragrance,Body Mist,Top 25,Active,399,24,25,,3,1226,BGR West,4,4,,55,3,66.3,,
2026-02,OL1065,DAB-PHOENIX SURAT 21,Dabur,MBO,Surat,Gujarat,West,SKU41476,Body Mist Mocha 100Ml,Renee,Fragrance,Body Mist,Top 10,Active,799,23,29,,8,6547,BGR West,16,14,,55,3,66.3,,
2026-02,OL1065,DAB-PHOENIX SURAT 21,Dabur,MBO,Surat,Gujarat,West,SKU41536,Body Mist Nude 100Ml,Renee,Fragrance,Body Mist,Top 25,Active,349,30,32,,8,2860,BGR West,10,10,,55,3,66.3,,
2026-02,OL1066,DAB-GALLERIA MUMBAI 22,Dabur,MBO,Mumbai,Maharashtra,West,SKU40078,Matte Lip Color Rose 4.2Ml,Renee,Makeup,Lipstick,Top 25,Active,650,37,0,,4,3012,BGR West,7,6,,50,2,72.5,,
2026-02,OL1066,DAB-GALLERIA MUMBAI 22,Dabur,MBO,Mumbai,Maharashtra,West,SKU40266,Liquid Lipstick Nude 5Ml,Renee,Makeup,Lipstick,Top 10,Active,799,37,22,,3,2777,BGR West,7,4,,50,2,72.5,,
2026-02,OL1066,DAB-GALLERIA MUMBAI 22,Dabur,MBO,Mumbai,Maharashtra,West,SKU40425,Kajal Vanilla 0.35Gm,Renee,Makeup,Eyeliner,Top 25,Active,299,14,11,,6,2079,BGR West,4,3,,50,2,72.5,,
2026-02,OL1066,DAB-GALLERIA MUMBAI 22,Dabur,MBO,Mumbai,Maharashtra,West,SKU40490,Kajal Midnight 0.35Gm,Renee,Makeup,Eyeliner,Top 10,Active,599,8,10,,4,2776,BGR West,7,6,,50,2,72.5,,
2026-02,OL1066,DAB-GALLERIA MUMBAI 22,Dabur,MBO,Mumbai,Maharashtra,West,SKU40544,Bb Cream Peach 30Ml,Renee,Makeup,Foundation,Top 10,Active,599,19,22,,4,2776,BGR West,7,7,,50,2,72.5,,
2026-02,OL1066,DAB-GALLERIA MUMBAI 22,Dabur,MBO,Mumbai,Maharashtra,West,SKU40588,Bb Cream Coral 30Ml,Renee,Makeup,Foundation,Top 10,Active,349,42,43,,6,2426,BGR West,10,7,,50,2,72.5,,
2026-02,OL1066,DAB-GALLERIA MUMBAI 22,Dabur,MBO,Mumbai,Maharashtra,West,SKU40595,Compact Powder Mocha 9Gm,Renee,Makeup,Foundation,Top 10,Active,449,16,0,,6,3121,BGR West,7,6,,50,2,72.5,,
2026-02,OL1066,DAB-GALLERIA MUMBAI 22,Dabur,MBO,Mumbai,Maharashtra,West,SKU40763,Blending Brush R6,Renee,Makeup,Brushes,Others,Active,349,1,2,,3,1213,BGR West,4,4,,50,2,72.5,,
2026-02,OL1066,DAB-GALLERIA MUMBAI 22,Dabur,MBO,Mumbai,Maharashtra,West,SKU40928,Powder Brush R4,Renee,Makeup,Brushes,Top 25,Active,650,16,21,,4,3012,BGR West,10,9,,50,2,72.5,,
2026-02,OL1066,DAB-GALLERIA MUMBAI 22,Dabur,MBO,Mumbai,Maharashtra,West,SKU40951,Sunscreen Gel Spf 50 70Ml,Renee,Skincare,Sunscreen,Top 25,Active,999,12,13,,3,3472,BGR West,5,4,,45,2,72.5,,
2026-02,OL1066,DAB-GALLERIA MUMBAI 22,Dabur,MBO,Mumbai,Maharashtra,West,SKU40979,Sunscreen Gel Spf 50 50Ml,Renee,Skincare,Sunscreen,Top 25,Active,799,27,26,,2,1851,BGR West,2,1,,45,2,72.5,,
2026-02,OL1066,DAB-GALLERIA MUMBAI 22,Dabur,MBO,Mumbai,Maharashtra,West,SKU41048,Face Wash Ocean 20Ml,Renee,Skincare,Cleanser,Others,Active,349,2,4,,4,1617,BGR West,6,6,,45,2,72.5,,
2026-02,OL1066,DAB-GALLERIA MUMBAI 22,Dabur,MBO,Mumbai,Maharashtra,West,SKU41295,Perfume Rose 50Ml,Renee,Fragrance,EDP,Top 25,Active,599,15,24,,4,2776,BGR West,8,5,,55,2,72.5,,
2026-02,OL1067,LS-NEXUS JAIPUR 1,Lifestyle,Department Store,Jaipur,Rajasthan,North,SKU40078,Matte Lip Color Rose 4.2Ml,Renee,Makeup,Lipstick,Top 25,Active,650,8,11,,4,2633,BGR North,7,7,,50,4,82.2,,
2026-02,OL1067,LS-NEXUS JAIPUR 1,Lifestyle,Department Store,Jaipur,Rajasthan,North,SKU40108,Matte Lip Color Peach 4.2Ml,Renee,Makeup,Lipstick,Top 10,Active,650,35,34,,2,1316,BGR North,2,1,,50,4,82.2,,
2026-02,OL1067,LS-NEXUS JAIPUR 1,Lifestyle,Department Store,Jaipur,Rajasthan,North,SKU40202,Liquid Lipstick Mocha 5Ml,Renee,Makeup,Lipstick,Top 25,Active,799,7,11,,4,3236,BGR North,8,8,,50,4,82.2,2025-11,
2026-02,OL1067,LS-NEXUS JAIPUR 1,Lifestyle,Department Store,Jaipur,Rajasthan,North,SKU40281,Midnight Eyeliner Berry 2.5Ml,Renee,Makeup,Eyeliner,Others,Active,299,7,10,,4,1211,BGR North,8,7,,50,4,82.2,,
2026-02,OL1067,LS-NEXUS JAIPUR 1,Lifestyle,Department Store,Jaipur,Rajasthan,North,SKU40381,Midnight Eyeliner Ocean 2.5Ml,Renee,Makeup,Eyeliner,Top 25,Active,699,17,17,,2,1416,BGR North,3,2,,50,4,82.2,,
2026-02,OL1067,LS-NEXUS JAIPUR 1,Lifestyle,Department Store,Jaipur,Rajasthan,North,SKU40425,Kajal Vanilla 0.35Gm,Renee,Makeup,Eyeliner,Top 25,Active,299,6,9,,8,2422,BGR North,16,11,,50,4,82.2,,
2026-02,OL1067,LS-NEXUS JAIPUR 1,Lifestyle,Department Store,Jaipur,Rajasthan,North,SKU40544,Bb Cream Peach 30Ml,Renee,Makeup,Foundation,Top 10,Active,599,19,17,,6,3639,BGR North,6,4,,50,4,82.2,,
2026-02,OL1067,LS-NEXUS JAIPUR 1,Lifestyle,Department Store,Jaipur,Rajasthan,North,SKU40588,Bb Cream Coral 30Ml,Renee,Makeup,Foundation,Top 10,Active,349,20,17,,6,2120,BGR North,5,3,,50,4,82.2,,
2026-02,OL1067,LS-NEXUS JAIPUR 1,Lifestyle,Department Store,Jaipur,Rajasthan,North,SKU40595,Compact Powder Mocha 9Gm,Renee,Makeup,Foundation,Top 10,Active,449,38,39,,10,4546,BGR North,16,11,,50,4,82.2,,
2026-02,OL1067,LS-NEXUS JAIPUR 1,Lifestyle,Department Store,Jaipur,Rajasthan,North,SKU40662,Compact Powder Nude 9Gm,Renee,Makeup,Foundation,Top 25,Active,1199,11,10,,2,2428,BGR North,2,1,,50,4,82.2,,
2026-02,OL1067,LS-NEXUS JAIPUR 1,Lifestyle,Department Store,Jaipur,Rajasthan,North,SKU40722,Compact Powder Berry 9Gm,Renee,Makeup,Foundation,Top 10,Active,799,9,34,,4,3236,BGR North,6,4,,50,4,82.2,,
2026-02,OL1067,LS-NEXUS JAIPUR 1,Lifestyle,Department Store,Jaipur,Rajasthan,North,SKU40763,Blending Brush R6,Renee,Makeup,Brushes,Others,Active,349,0,3,,4,1413,BGR North,7,7,,50,4,82.2,,
2026-02,OL1067,LS-NEXUS JAIPUR 1,Lifestyle,Department Store,Jaipur,Rajasthan,North,SKU40928,Powder Brush R4,Renee,Makeup,Brushes,Top 25,Active,650,24,25,,2,1316,BGR North,3,3,,50,4,82.2,,
2026-02,OL1067,LS-NEXUS JAIPUR 1,Lifestyle,Department Store,Jaipur,Rajasthan,North,SKU40951,Sunscreen Gel Spf 50 70Ml,Renee,Skincare,Sunscreen,Top 25,Active,999,13,15,,1,1012,BGR North,3,3,,45,4,82.2,,
2026-02,OL1067,LS-NEXUS JAIPUR 1,Lifestyle,Department Store,Jaipur,Rajasthan,North,SKU40972,Sunscreen Gel Spf 50 70Ml,Renee,Skincare,Sunscreen,Top 25,Active,599,27,28,,2,1213,BGR North,4,3,,45,4,82.2,,
2026-02,OL1067,LS-NEXUS JAIPUR 1,Lifestyle,Department Store,Jaipur,Rajasthan,North,SKU41024,Vitamin C Serum 30Ml,Renee,Skincare,Serum,Others,Active,449,2,3,,1,455,BGR North,4,2,,45,4,82.2,,
2026-02,OL1067,LS-NEXUS JAIPUR 1,Lifestyle,Department Store,Jaipur,Rajasthan,North,SKU41032,Face Wash Hazelnut 60Ml,Renee,Skincare,Cleanser,Others,Active,499,3,4,,1,505,BGR North,2,2,,45,4,82.2,,
2026-02,OL1067,LS-NEXUS JAIPUR 1,Lifestyle,Department Store,Jaipur,Rajasthan,North,SKU41048,Face Wash Ocean 20Ml,Renee,Skincare,Cleanser,Others,Active,349,3,6,,2,707,BGR North,5,5,,45,4,82.2,,
2026-02,OL1067,LS-NEXUS JAIPUR 1,Lifestyle,Department Store,Jaipur,Rajasthan,North,SKU41215,Perfume Midnight 50Ml,Renee,Fragrance,EDP,Others,Active,399,17,22,,4,1616,BGR North,9,9,,55,4,82.2,,
2026-02,OL1067,LS-NEXUS JAIPUR 1,Lifestyle,Department Store,Jaipur,Rajasthan,North,SKU41382,Perfume Peach 50Ml,Renee,Fragrance,EDP,Top 25,Active,499,4,6,,3,1516,BGR North,6,5,,55,4,82.2,2025-08,
2026-02,OL1067,LS-NEXUS JAIPUR 1,Lifestyle,Department Store,Jaipur,Rajasthan,North,SKU41420,Body Mist Coral 100Ml,Renee,Fragrance,Body Mist,Top 25,Active,399,10,14,,4,1616,BGR North,8,8,,55,4,82.2,,
2026-02,OL1067,LS-NEXUS JAIPUR 1,Lifestyle,Department Store,Jaipur,Rajasthan,North,SKU41608,Hair Oil Berry 100Ml,Renee,Haircare,Hair Oil,Others,Active,449,11,12,,4,1818,BGR North,6,5,,35,4,82.2,,
2026-02,OL1068,LS-CITY CENTRE BANGALORE 2,Lifestyle,Department Store,Bangalore,Karnataka,South,SKU40078,Matte Lip Color Rose 4.2Ml,Renee,Makeup,Lipstick,Top 25,Active,650,42,42,,2,1473,BGR South,2,2,,50,2,67.2,,
2026-02,OL1068,LS-CITY CENTRE BANGALORE 2,Lifestyle,Department Store,Bangalore,Karnataka,South,SKU40127,Matte Lip Color Coral 4.2Ml,Renee,Makeup,Lipstick,Top 25,Active,499,44,47,,6,3392,BGR South,9,9,,50,2,67.2,,
2026-02,OL1068,LS-CITY CENTRE BANGALORE 2,Lifestyle,Department Store,Bangalore,Karnataka,South,SKU40202,Liquid Lipstick Mocha 5Ml,Renee,Makeup,Lipstick,Top 25,Active,799,0,3,,1,905,BGR South,4,4,,50,2,67.2,2025-11,
2026-02,OL1068,LS-CITY CENTRE BANGALORE 2,Lifestyle,Department Store,Bangalore,Karnataka,South,SKU40281,Midnight Eyeliner Berry 2.5Ml,Renee,Makeup,Eyeliner,Others,Active,299,7,7,,4,1355,BGR South,4,4,,50,2,67.2,,
2026-02,OL1068,LS-CITY CENTRE BANGALORE 2,Lifestyle,Department Store,Bangalore,Karnataka,South,SKU40318,Midnight Eyeliner Hazelnut 2.5Ml,Renee,Makeup,Eyeliner,Others,Active,650,0,1,,4,2946,BGR South,6,5,,50,2,67.2,,
2026-02,OL1068,LS-CITY CENTRE BANGALORE 2,Lifestyle,Department Store,Bangalore,Karnataka,South,SKU40425,Kajal Vanilla 0.35Gm,Renee,Makeup,Eyeliner,Top 25,Active,299,38,43,,6,2032,BGR South,11,11,,50,2,67.2,,
2026-02,OL1068,LS-CITY CENTRE BANGALORE 2,Lifestyle,Department Store,Bangalore,Karnataka,South,SKU40490,Kajal Midnight 0.35Gm,Renee,Makeup,Eyeliner,Top 10,Active,599,14,19,,8,5429,BGR South,13,13,,50,2,67.2,,
2026-02,OL1068,LS-CITY CENTRE BANGALORE 2,Lifestyle,Department Store,Bangalore,Karnataka,South,SKU40544,Bb Cream Peach 30Ml,Renee,Makeup,Foundation,Top 10,Active,599,16,19,,8,5429,BGR South,16,11,,50,2,67.2,,
2026-02,OL1068,LS-CITY CENTRE BANGALORE 2,Lifestyle,Department Store,Bangalore,Karnataka,South,SKU40588,Bb Cream Coral 30Ml,Renee,Makeup,Foundation,Top 10,Active,349,23,28,,8,3163,BGR South,15,13,,50,2,67.2,,
2026-02,OL1068,LS-CITY CENTRE BANGALORE 2,Lifestyle,Department Store,Bangalore,Karnataka,South,SKU40595,Compact Powder Mocha 9Gm,Renee,Makeup,Foundation,Top 10,Active,449,0,0,,12,6104,BGR South,13,10,,50,2,67.2,,
2026-02,OL1068,LS-CITY CENTRE BANGALORE 2,Lifestyle,Department Store,Bangalore,Karnataka,South,SKU40763,Blending Brush R6,Renee,Makeup,Brushes,Others,Active,349,0,3,,3,1186,BGR South,7,6,,50,2,67.2,,
2026-02,OL1068,LS-CITY CENTRE BANGALORE 2,Lifestyle,Department Store,Bangalore,Karnataka,South,SKU40850,Powder Brush R8,Renee,Makeup,Brushes,Top 25,Active,650,0,8,,7,5155,BGR South,15,15,,50,2,67.2,,
2026-02,OL1068,LS-CITY CENTRE BANGALORE 2,Lifestyle,Department Store,Bangalore,Karnataka,South,SKU40951,Sunscreen Gel Spf 50 70Ml,Renee,Skincare,Sunscreen,Top 25,Active,999,5,6,,3,3395,BGR South,4,4,,45,2,67.2,,
2026-02,OL1068,LS-CITY CENTRE BANGALORE 2,Lifestyle,Department Store,Bangalore,Karnataka,South,SKU40972,Sunscreen Gel Spf 50 70Ml,Renee,Skincare,Sunscreen,Top 25,Active,599,13,12,,4,2715,BGR South,4,3,,45,2,67.2,,
2026-02,OL1068,LS-CITY CENTRE BANGALORE 2,Lifestyle,Department Store,Bangalore,Karnataka,South,SKU41032,Face Wash Hazelnut 60Ml,Renee,Skincare,Cleanser,Others,Active,499,10,12,,1,565,BGR South,4,3,,45,2,67.2,,
2026-02,OL1068,LS-CITY CENTRE BANGALORE 2,Lifestyle,Department Store,Bangalore,Karnataka,South,SKU41129,Face Wash Vanilla 40Ml,Renee,Skincare,Cleanser,Others,Active,299,8,10,,2,677,BGR South,5,4,,45,2,67.2,,
2026-02,OL1068,LS-CITY CENTRE BANGALORE 2,Lifestyle,Department Store,Bangalore,Karnataka,South,SKU41215,Perfume Midnight 50Ml,Renee,Fragrance,EDP,Others,Active,399,14,15,,1,452,BGR South,3,2,,55,2,67.2,,
2026-02,OL1068,LS-CITY CENTRE BANGALORE 2,Lifestyle,Department Store,Bangalore,Karnataka,South,SKU41295,Perfume Rose 50Ml,Renee,Fragrance,EDP,Top 25,Active,599,9,10,,6,4072,BGR South,9,7,,55,2,67.2,,
2026-02,OL1068,LS-CITY CENTRE BANGALORE 2,Lifestyle,Department Store,Bangalore,Karnataka,South,SKU41382,Perfume Peach 50Ml,Renee,Fragrance,EDP,Top 25,Active,499,16,15,,4,2261,BGR South,3,3,,55,2,67.2,2025-08,
2026-02,OL1068,LS-CITY CENTRE BANGALORE 2,Lifestyle,Department Store,Bangalore,Karnataka,South,SKU41420,Body Mist Coral 100Ml,Renee,Fragrance,Body Mist,Top 25,Active,399,4,7,,2,904,BGR South,5,5,,55,2,67.2,,
2026-02,OL1068,LS-CITY CENTRE BANGALORE 2,Lifestyle,Department Store,Bangalore,Karnataka,South,SKU41476,Body Mist Mocha 100Ml,Renee,Fragrance,Body Mist,Top 10,Active,799,38,41,,6,5431,BGR South,9,9,,55,2,67.2,,
2026-02,OL1069,LS-FORUM KOLKATA 3,Lifestyle,Department Store,Kolkata,West Bengal,East,SKU40078,Matte Lip Color Rose 4.2Ml,Renee,Makeup,Lipstick,Top 25,Active,650,1,3,,4,2723,BGR East,6,6,,50,3,59.5,,
2026-02,OL1069,LS-FORUM KOLKATA 3,Lifestyle,Department Store,Kolkata,West Bengal,East,SKU40108,Matte Lip Color Peach 4.2Ml,Renee,Makeup,Lipstick,Top 10,Active,650,1,6,,3,2042,BGR East,8,8,,50,3,59.5,,
2026-02,OL1069,LS-FORUM KOLKATA 3,Lifestyle,Department Store,Kolkata,West Bengal,East,SKU40127,Matte Lip Color Coral 4.2Ml,Renee,Makeup,Lipstick,Top 25,Active,499,8,13,,4,2090,BGR East,9,9,,50,3,59.5,,
2026-02,OL1069,LS-FORUM KOLKATA 3,Lifestyle,Department Store,Kolkata,West Bengal,East,SKU40202,Liquid Lipstick Mocha 5Ml,Renee,Makeup,Lipstick,Top 25,Active,799,1,1,,1,837,BGR East,1,1,,50,3,59.5,2025-11,
2026-02,OL1069,LS-FORUM KOLKATA 3,Lifestyle,Department Store,Kolkata,West Bengal,East,SKU40266,Liquid Lipstick Nude 5Ml,Renee,Makeup,Lipstick,Top 10,Active,799,65,64,,6,5020,BGR East,5,5,,50,3,59.5,,
2026-02,OL1069,LS-FORUM KOLKATA 3,Lifestyle,Department Store,Kolkata,West Bengal,East,SKU40281,Midnight Eyeliner Berry 2.5Ml,Renee,Makeup,Eyeliner,Others,Active,299,16,15,,3,939,BGR East,3,2,,50,3,59.5,,
2026-02,OL1069,LS-FORUM KOLKATA 3,Lifestyle,Department Store,Kolkata,West Bengal,East,SKU40544,Bb Cream Peach 30Ml,Renee,Makeup,Foundation,Top 10,Active,599,11,12,,4,2509,BGR East,6,5,,50,3,59.5,,
2026-02,OL1069,LS-FORUM KOLKATA 3,Lifestyle,Department Store,Kolkata,West Bengal,East,SKU40595,Compact Powder Mocha 9Gm,Renee,Makeup,Foundation,Top 10,Active,449,21,31,,8,3761,BGR East,18,18,,50,3,59.5,,
2026-02,OL1069,LS-FORUM KOLKATA 3,Lifestyle,Department Store,Kolkata,West Bengal,East,SKU40662,Compact Powder Nude 9Gm,Renee,Makeup,Foundation,Top 25,Active,1199,13,16,,4,5022,BGR East,8,7,,50,3,59.5,,
2026-02,OL1069,LS-FORUM KOLKATA 3,Lifestyle,Department Store,Kolkata,West Bengal,East,SKU40722,Compact Powder Berry 9Gm,Renee,Makeup,Foundation,Top 10,Active,799,27,26,,3,2510,BGR East,4,2,,50,3,59.5,,
2026-02,OL1069,LS-FORUM KOLKATA 3,Lifestyle,Department Store,Kolkata,West Bengal,East,SKU40763,Blending Brush R6,Renee,Makeup,Brushes,Others,Active,349,0,2,,2,731,BGR East,5,4,,50,3,59.5,,
2026-02,OL1069,LS-FORUM KOLKATA 3,Lifestyle,Department Store,Kolkata,West Bengal,East,SKU40812,Blending Brush R1,Renee,Makeup,Brushes,Top 10,Active,599,0,6,,5,3136,BGR East,12,11,,50,3,59.5,2025-09,
2026-02,OL1069,LS-FORUM KOLKATA 3,Lifestyle,Department Store,Kolkata,West Bengal,East,SKU40836,Blending Brush R4,Renee,Makeup,Brushes,Top 10,Active,1199,23,26,,3,3767,BGR East,7,6,,50,3,59.5,,
2026-02,OL1069,LS-FORUM KOLKATA 3,Lifestyle,Department Store,Kolkata,West Bengal,East,SKU40928,Powder Brush R4,Renee,Makeup,Brushes,Top 25,Active,650,10,11,,1,681,BGR East,2,2,,50,3,59.5,,
2026-02,OL1069,LS-FORUM KOLKATA 3,Lifestyle,Department Store,Kolkata,West Bengal,East,SKU40951,Sunscreen Gel Spf 50 70Ml,Renee,Skincare,Sunscreen,Top 25,Active,999,2,1,,2,2092,BGR East,1,1,,45,3,59.5,,
2026-02,OL1069,LS-FORUM KOLKATA 3,Lifestyle,Department Store,Kolkata,West Bengal,East,SKU41024,Vitamin C Serum 30Ml,Renee,Skincare,Serum,Others,Active,449,10,10,,0,0,BGR East,0,0,,45,3,59.5,,
2026-02,OL1069,LS-FORUM KOLKATA 3,Lifestyle,Department Store,Kolkata,West Bengal,East,SKU41048,Face Wash Ocean 20Ml,Renee,Skincare,Cleanser,Others,Active,349,20,23,,4,1462,BGR East,7,7,,45,3,59.5,,
2026-02,OL1069,LS-FORUM KOLKATA 3,Lifestyle,Department Store,Kolkata,West Bengal,East,SKU41129,Face Wash Vanilla 40Ml,Renee,Skincare,Cleanser,Others,Active,299,12,14,,2,626,BGR East,5,4,,45,3,59.5,,
2026-02,OL1069,LS-FORUM KOLKATA 3,Lifestyle,Department Store,Kolkata,West Bengal,East,SKU41476,Body Mist Mocha 100Ml,Renee,Fragrance,Body Mist,Top 10,Active,799,20,44,,5,4183,BGR East,4,4,,55,3,59.5,,
2026-02,OL1069,LS-FORUM KOLKATA 3,Lifestyle,Department Store,Kolkata,West Bengal,East,SKU41536,Body Mist Nude 100Ml,Renee,Fragrance,Body Mist,Top 25,Active,349,0,0,,4,1462,BGR East,6,4,,55,3,59.5,,
2026-02,OL1070,LS-INORBIT AHMEDABAD 4,Lifestyle,Department Store,Ahmedabad,Gujarat,West,SKU40078,Matte Lip Color Rose 4.2Ml,Renee,Makeup,Lipstick,Top 25,Active,650,7,12,,4,2995,BGR West,9,9,,50,3,48.9,,
2026-02,OL1070,LS-INORBIT AHMEDABAD 4,Lifestyle,Department Store,Ahmedabad,Gujarat,West,SKU40108,Matte Lip Color Peach 4.2Ml,Renee,Makeup,Lipstick,Top 10,Active,650,11,15,,5,3743,BGR West,9,9,,50,3,48.9,,
2026-02,OL1070,LS-INORBIT AHMEDABAD 4,Lifestyle,Department Store,Ahmedabad,Gujarat,West,SKU40588,Bb Cream Coral 30Ml,Renee,Makeup,Foundation,Top 10,Active,349,5,5,,9,3618,BGR West,12,9,,50,3,48.9,,
2026-02,OL1070,LS-INORBIT AHMEDABAD 4,Lifestyle,Department Store,Ahmedabad,Gujarat,West,SKU40595,Compact Powder Mocha 9Gm,Renee,Makeup,Foundation,Top 10,Active,449,0,0,,5,2586,BGR West,6,6,,50,3,48.9,,
2026-02,OL1070,LS-INORBIT AHMEDABAD 4,Lifestyle,Department Store,Ahmedabad,Gujarat,West,SKU41024,Vitamin C Serum 30Ml,Renee,Skincare,Serum,Others,Active,449,20,23,,2,1034,BGR West,5,5,,45,3,48.9,,
2026-02,OL1070,LS-INORBIT AHMEDABAD 4,Lifestyle,Department Store,Ahmedabad,Gujarat,West,SKU41032,Face Wash Hazelnut 60Ml,Renee,Skincare,Cleanser,Others,Active,499,16,16,,2,1149,BGR West,3,2,,45,3,48.9,,
2026-02,OL1070,LS-INORBIT AHMEDABAD 4,Lifestyle,Department Store,Ahmedabad,Gujarat,West,SKU41048,Face Wash Ocean 20Ml,Renee,Skincare,Cleanser,Others,Active,349,48,52,,4,1608,BGR West,8,8,,45,3,48.9,,
2026-02,OL1070,LS-INORBIT AHMEDABAD 4,Lifestyle,Department Store,Ahmedabad,Gujarat,West,SKU41129,Face Wash Vanilla 40Ml,Renee,Skincare,Cleanser,Others,Active,299,10,10,,1,344,BGR West,2,1,,45,3,48.9,,
2026-02,OL1070,LS-INORBIT AHMEDABAD 4,Lifestyle,Department Store,Ahmedabad,Gujarat,West,SKU41295,Perfume Rose 50Ml,Renee,Fragrance,EDP,Top 25,Active,599,7,5,,4,2760,BGR West,3,2,,55,3,48.9,,
2026-02,OL1070,LS-INORBIT AHMEDABAD 4,Lifestyle,Department Store,Ahmedabad,Gujarat,West,SKU41382,Perfume Peach 50Ml,Renee,Fragrance,EDP,Top 25,Active,499,3,4,,4,2299,BGR West,7,5,,55,3,48.9,2025-08,
2026-02,OL1070,LS-INORBIT AHMEDABAD 4,Lifestyle,Department Store,Ahmedabad,Gujarat,West,SKU41536,Body Mist Nude 100Ml,Renee,Fragrance,Body Mist,Top 25,Active,349,0,2,,8,3216,BGR West,12,10,,55,3,48.9,,
2026-02,OL1071,LS-NEXUS KOCHI 5,Lifestyle,Department Store,Kochi,Kerala,South,SKU40127,Matte Lip Color Coral 4.2Ml,Renee,Makeup,Lipstick,Top 25,Active,499,13,13,,1,586,BGR South,2,1,,50,1,60.5,,
2026-02,OL1071,LS-NEXUS KOCHI 5,Lifestyle,Department Store,Kochi,Kerala,South,SKU40266,Liquid Lipstick Nude 5Ml,Renee,Makeup,Lipstick,Top 10,Active,799,32,35,,9,8442,BGR South,18,12,,50,1,60.5,,
2026-02,OL1071,LS-NEXUS KOCHI 5,Lifestyle,Department Store,Kochi,Kerala,South,SKU40281,Midnight Eyeliner Berry 2.5Ml,Renee,Makeup,Eyeliner,Others,Active,299,0,4,,4,1404,BGR South,8,8,,50,1,60.5,,
2026-02,OL1071,LS-NEXUS KOCHI 5,Lifestyle,Department Store,Kochi,Kerala,South,SKU40318,Midnight Eyeliner Hazelnut 2.5Ml,Renee,Makeup,Eyeliner,Others,Active,650,6,5,,3,2289,BGR South,3,2,,50,1,60.5,,
2026-02,OL1071,LS-NEXUS KOCHI 5,Lifestyle,Department Store,Kochi,Kerala,South,SKU40381,Midnight Eyeliner Ocean 2.5Ml,Renee,Makeup,Eyeliner,Top 25,Active,699,16,15,,4,3282,BGR South,4,3,,50,1,60.5,,
2026-02,OL1071,LS-NEXUS KOCHI 5,Lifestyle,Department Store,Kochi,Kerala,South,SKU40490,Kajal Midnight 0.35Gm,Renee,Makeup,Eyeliner,Top 10,Active,599,1,0,,6,4219,BGR South,5,5,,50,1,60.5,,
2026-02,OL1071,LS-NEXUS KOCHI 5,Lifestyle,Department Store,Kochi,Kerala,South,SKU40812,Blending Brush R1,Renee,Makeup,Brushes,Top 10,Active,599,41,43,,3,2110,BGR South,6,5,,50,1,60.5,2025-09,
2026-02,OL1071,LS-NEXUS KOCHI 5,Lifestyle,Department Store,Kochi,Kerala,South,SKU40836,Blending Brush R4,Renee,Makeup,Brushes,Top 10,Active,1199,3,22,,3,4223,BGR South,5,5,,50,1,60.5,,
2026-02,OL1071,LS-NEXUS KOCHI 5,Lifestyle,Department Store,Kochi,Kerala,South,SKU40928,Powder Brush R4,Renee,Makeup,Brushes,Top 25,Active,650,12,15,,4,3052,BGR South,8,7,,50,1,60.5,,
2026-02,OL1071,LS-NEXUS KOCHI 5,Lifestyle,Department Store,Kochi,Kerala,South,SKU40979,Sunscreen Gel Spf 50 50Ml,Renee,Skincare,Sunscreen,Top 25,Active,799,12,12,,1,938,BGR South,2,1,,45,1,60.5,,
2026-02,OL1071,LS-NEXUS KOCHI 5,Lifestyle,Department Store,Kochi,Kerala,South,SKU41024,Vitamin C Serum 30Ml,Renee,Skincare,Serum,Others,Active,449,14,19,,4,2108,BGR South,9,9,,45,1,60.5,,
2026-02,OL1071,LS-NEXUS KOCHI 5,Lifestyle,Department Store,Kochi,Kerala,South,SKU41048,Face Wash Ocean 20Ml,Renee,Skincare,Cleanser,Others,Active,349,3,6,,4,1639,BGR South,8,7,,45,1,60.5,,
2026-02,OL1071,LS-NEXUS KOCHI 5,Lifestyle,Department Store,Kochi,Kerala,South,SKU41215,Perfume Midnight 50Ml,Renee,Fragrance,EDP,Others,Active,399,5,5,,1,468,BGR South,1,1,,55,1,60.5,,
2026-02,OL1071,LS-NEXUS KOCHI 5,Lifestyle,Department Store,Kochi,Kerala,South,SKU41536,Body Mist Nude 100Ml,Renee,Fragrance,Body Mist,Top 25,Active,349,36,32,,4,1639,BGR South,9,8,,55,1,60.5,,
2026-02,OL1071,LS-NEXUS KOCHI 5,Lifestyle,Department Store,Kochi,Kerala,South,SKU41647,Hair Oil Hazelnut 100Ml,Renee,Haircare,Hair Oil,Others,Active,799,8,9,,3,2814,BGR South,4,4,,35,1,60.5,,
2026-02,OL1072,LS-EXPRESS BANGALORE 6,Lifestyle,Department Store,Bangalore,Karnataka,South,SKU40108,Matte Lip Color Peach 4.2Ml,Renee,Makeup,Lipstick,Top 10,Active,650,6,50,,6,4106,BGR South,6,6,,50,3,59.1,,
2026-02,OL1072,LS-EXPRESS BANGALORE 6,Lifestyle,Department Store,Bangalore,Karnataka,South,SKU40127,Matte Lip Color Coral 4.2Ml,Renee,Makeup,Lipstick,Top 25,Active,499,32,33,,6,3152,BGR South,8,7,,50,3,59.1,,
2026-02,OL1072,LS-EXPRESS BANGALORE 6,Lifestyle,Department Store,Bangalore,Karnataka,South,SKU40202,Liquid Lipstick Mocha 5Ml,Renee,Makeup,Lipstick,Top 25,Active,799,0,2,,4,3365,BGR South,7,6,,50,3,59.1,2025-11,
2026-02,OL1072,LS-EXPRESS BANGALORE 6,Lifestyle,Department Store,Bangalore,Karnataka,South,SKU40281,Midnight Eyeliner Berry 2.5Ml,Renee,Makeup,Eyeliner,Others,Active,299,2,2,,4,1259,BGR South,4,4,,50,3,59.1,,
2026-02,OL1072,LS-EXPRESS BANGALORE 6,Lifestyle,Department Store,Bangalore,Karnataka,South,SKU40381,Midnight Eyeliner Ocean 2.5Ml,Renee,Makeup,Eyeliner,Top 25,Active,699,27,30,,4,2944,BGR South,7,7,,50,3,59.1,,
2026-02,OL1072,LS-EXPRESS BANGALORE 6,Lifestyle,Department Store,Bangalore,Karnataka,South,SKU40425,Kajal Vanilla 0.35Gm,Renee,Makeup,Eyeliner,Top 25,Active,299,55,60,,11,3463,BGR South,16,16,,50,3,59.1,,
2026-02,OL1072,LS-EXPRESS BANGALORE 6,Lifestyle,Department Store,Bangalore,Karnataka,South,SKU40595,Compact Powder Mocha 9Gm,Renee,Makeup,Foundation,Top 10,Active,449,73,72,,14,6618,BGR South,13,13,,50,3,59.1,,
2026-02,OL1072,LS-EXPRESS BANGALORE 6,Lifestyle,Department Store,Bangalore,Karnataka,South,SKU40662,Compact Powder Nude 9Gm,Renee,Makeup,Foundation,Top 25,Active,1199,3,7,,1,1262,BGR South,3,3,,50,3,59.1,,
2026-02,OL1072,LS-EXPRESS BANGALORE 6,Lifestyle,Department Store,Bangalore,Karnataka,South,SKU40722,Compact Powder Berry 9Gm,Renee,Makeup,Foundation,Top 10,Active,799,25,27,,4,3365,BGR South,6,6,,50,3,59.1,,
2026-02,OL1072,LS-EXPRESS BANGALORE 6,Lifestyle,Department Store,Bangalore,Karnataka,South,SKU40836,Blending Brush R4,Renee,Makeup,Brushes,Top 10,Active,1199,20,0,,6,7574,BGR South,10,10,,50,3,59.1,,
2026-02,OL1072,LS-EXPRESS BANGALORE 6,Lifestyle,Department Store,Bangalore,Karnataka,South,SKU40928,Powder Brush R4,Renee,Makeup,Brushes,Top 25,Active,650,14,14,,4,2737,BGR South,5,4,,50,3,59.1,,
2026-02,OL1072,LS-EXPRESS BANGALORE 6,Lifestyle,Department Store,Bangalore,Karnataka,South,SKU40972,Sunscreen Gel Spf 50 70Ml,Renee,Skincare,Sunscreen,Top 25,Active,599,10,8,,4,2522,BGR South,4,2,,45,3,59.1,,
2026-02,OL1072,LS-EXPRESS BANGALORE 6,Lifestyle,Department Store,Bangalore,Karnataka,South,SKU40979,Sunscreen Gel Spf 50 50Ml,Renee,Skincare,Sunscreen,Top 25,Active,799,10,10,,2,1682,BGR South,4,2,,45,3,59.1,,
2026-02,OL1072,LS-EXPRESS BANGALORE 6,Lifestyle,Department Store,Bangalore,Karnataka,South,SKU41048,Face Wash Ocean 20Ml,Renee,Skincare,Cleanser,Others,Active,349,51,52,,4,1470,BGR South,6,5,,45,3,59.1,,
2026-02,OL1072,LS-EXPRESS BANGALORE 6,Lifestyle,Department Store,Bangalore,Karnataka,South,SKU41382,Perfume Peach 50Ml,Renee,Fragrance,EDP,Top 25,Active,499,16,19,,3,1576,BGR South,6,6,,55,3,59.1,2025-08,
2026-02,OL1072,LS-EXPRESS BANGALORE 6,Lifestyle,Department Store,Bangalore,Karnataka,South,SKU41476,Body Mist Mocha 100Ml,Renee,Fragrance,Body Mist,Top 10,Active,799,3,8,,6,5047,BGR South,12,11,,55,3,59.1,,
2026-02,OL1072,LS-EXPRESS BANGALORE 6,Lifestyle,Department Store,Bangalore,Karnataka,South,SKU41608,Hair Oil Berry 100Ml,Renee,Haircare,Hair Oil,Others,Active,449,0,3,,2,945,BGR South,5,5,,35,3,59.1,,
2026-02,OL1073,LS-INORBIT JAIPUR 7,Lifestyle,Department Store,Jaipur,Rajasthan,North,SKU40078,Matte Lip Color Rose 4.2Ml,Renee,Makeup,Lipstick,Top 25,Active,650,0,0,,3,1974,BGR North,3,2,,50,4,73.5,,
2026-02,OL1073,LS-INORBIT JAIPUR 7,Lifestyle,Department Store,Jaipur,Rajasthan,North,SKU40127,Matte Lip Color Coral 4.2Ml,Renee,Makeup,Lipstick,Top 25,Active,499,3,6,,6,3031,BGR North,9,9,,50,4,73.5,,
2026-02,OL1073,LS-INORBIT JAIPUR 7,Lifestyle,Department Store,Jaipur,Rajasthan,North,SKU40281,Midnight Eyeliner Berry 2.5Ml,Renee,Makeup,Eyeliner,Others,Active,299,15,16,,3,908,BGR North,4,4,,50,4,73.5,,
2026-02,OL1073,LS-INORBIT JAIPUR 7,Lifestyle,Department Store,Jaipur,Rajasthan,North,SKU40318,Midnight Eyeliner Hazelnut 2.5Ml,Renee,Makeup,Eyeliner,Others,Active,650,12,12,,2,1316,BGR North,2,2,,50,4,73.5,,
2026-02,OL1073,LS-INORBIT JAIPUR 7,Lifestyle,Department Store,Jaipur,Rajasthan,North,SKU40544,Bb Cream Peach 30Ml,Renee,Makeup,Foundation,Top 10,Active,599,9,13,,3,1819,BGR North,7,7,,50,4,73.5,,
2026-02,OL1073,LS-INORBIT JAIPUR 7,Lifestyle,Department Store,Jaipur,Rajasthan,North,SKU40588,Bb Cream Coral 30Ml,Renee,Makeup,Foundation,Top 10,Active,349,25,24,,4,1413,BGR North,5,3,,50,4,73.5,,
2026-02,OL1073,LS-INORBIT JAIPUR 7,Lifestyle,Department Store,Jaipur,Rajasthan,North,SKU40595,Compact Powder Mocha 9Gm,Renee,Makeup,Foundation,Top 10,Active,449,34,40,,9,4091,BGR North,15,15,,50,4,73.5,,
2026-02,OL1073,LS-INORBIT JAIPUR 7,Lifestyle,Department Store,Jaipur,Rajasthan,North,SKU40662,Compact Powder Nude 9Gm,Renee,Makeup,Foundation,Top 25,Active,1199,0,0,,2,2428,BGR North,4,2,,50,4,73.5,,
2026-02,OL1073,LS-INORBIT JAIPUR 7,Lifestyle,Department Store,Jaipur,Rajasthan,North,SKU40763,Blending Brush R6,Renee,Makeup,Brushes,Others,Active,349,7,7,,3,1060,BGR North,4,3,,50,4,73.5,,
2026-02,OL1073,LS-INORBIT JAIPUR 7,Lifestyle,Department Store,Jaipur,Rajasthan,North,SKU40928,Powder Brush R4,Renee,Makeup,Brushes,Top 25,Active,650,21,22,,4,2632,BGR North,6,5,,50,4,73.5,,
2026-02,OL1073,LS-INORBIT JAIPUR 7,Lifestyle,Department Store,Jaipur,Rajasthan,North,SKU40951,Sunscreen Gel Spf 50 70Ml,Renee,Skincare,Sunscreen,Top 25,Active,999,0,1,,2,2023,BGR North,4,3,,45,4,73.5,,
2026-02,OL1073,LS-INORBIT JAIPUR 7,Lifestyle,Department Store,Jaipur,Rajasthan,North,SKU40972,Sunscreen Gel Spf 50 70Ml,Renee,Skincare,Sunscreen,Top 25,Active,599,7,8,,4,2426,BGR North,6,5,,45,4,73.5,,
2026-02,OL1073,LS-INORBIT JAIPUR 7,Lifestyle,Department Store,Jaipur,Rajasthan,North,SKU41129,Face Wash Vanilla 40Ml,Renee,Skincare,Cleanser,Others,Active,299,11,11,,2,605,BGR North,3,2,,45,4,73.5,,
2026-02,OL1073,LS-INORBIT JAIPUR 7,Lifestyle,Department Store,Jaipur,Rajasthan,North,SKU41215,Perfume Midnight 50Ml,Renee,Fragrance,EDP,Others,Active,399,14,16,,0,0,BGR North,3,2,,55,4,73.5,,
2026-02,OL1073,LS-INORBIT JAIPUR 7,Lifestyle,Department Store,Jaipur,Rajasthan,North,SKU41295,Perfume Rose 50Ml,Renee,Fragrance,EDP,Top 25,Active,599,10,20,,4,2426,BGR North,7,5,,55,4,73.5,,
2026-02,OL1073,LS-INORBIT JAIPUR 7,Lifestyle,Department Store,Jaipur,Rajasthan,North,SKU41420,Body Mist Coral 100Ml,Renee,Fragrance,Body Mist,Top 25,Active,399,13,0,,4,1616,BGR North,8,5,,55,4,73.5,,
2026-02,OL1073,LS-INORBIT JAIPUR 7,Lifestyle,Department Store,Jaipur,Rajasthan,North,SKU41476,Body Mist Mocha 100Ml,Renee,Fragrance,Body Mist,Top 10,Active,799,6,60,,9,7280,BGR North,14,13,,55,4,73.5,,
2026-02,OL1073,LS-INORBIT JAIPUR 7,Lifestyle,Department Store,Jaipur,Rajasthan,North,SKU41608,Hair Oil Berry 100Ml,Renee,Haircare,Hair Oil,Others,Active,449,3,4,,2,909,BGR North,4,3,,35,4,73.5,,
2026-02,OL1074,LS-GALLERIA NOIDA 8,Lifestyle,Department Store,Noida,Uttar Pradesh,North,SKU40108,Matte Lip Color Peach 4.2Ml,Renee,Makeup,Lipstick,Top 10,Active,650,17,18,,6,4653,BGR North,9,7,,50,3,56.1,,
2026-02,OL1074,LS-GALLERIA NOIDA 8,Lifestyle,Department Store,Noida,Uttar Pradesh,North,SKU40266,Liquid Lipstick Nude 5Ml,Renee,Makeup,Lipstick,Top 10,Active,799,2,0,,8,7627,BGR North,12,11,,50,3,56.1,,
2026-02,OL1074,LS-GALLERIA NOIDA 8,Lifestyle,Department Store,Noida,Uttar Pradesh,North,SKU40281,Midnight Eyeliner Berry 2.5Ml,Renee,Makeup,Eyeliner,Others,Active,299,15,12,,6,2141,BGR North,5,3,,50,3,56.1,,
2026-02,OL1074,LS-GALLERIA NOIDA 8,Lifestyle,Department Store,Noida,Uttar Pradesh,North,SKU40490,Kajal Midnight 0.35Gm,Renee,Makeup,Eyeliner,Top 10,Active,599,11,22,,10,7147,BGR North,21,21,,50,3,56.1,,
2026-02,OL1074,LS-GALLERIA NOIDA 8,Lifestyle,Department Store,Noida,Uttar Pradesh,North,SKU40588,Bb Cream Coral 30Ml,Renee,Makeup,Foundation,Top 10,Active,349,112,113,,8,3331,BGR North,13,9,,50,3,56.1,,
2026-02,OL1074,LS-GALLERIA NOIDA 8,Lifestyle,Department Store,Noida,Uttar Pradesh,North,SKU40812,Blending Brush R1,Renee,Makeup,Brushes,Top 10,Active,599,0,0,,4,2859,BGR North,7,4,,50,3,56.1,2025-09,
2026-02,OL1074,LS-GALLERIA NOIDA 8,Lifestyle,Department Store,Noida,Uttar Pradesh,North,SKU40951,Sunscreen Gel Spf 50 70Ml,Renee,Skincare,Sunscreen,Top 25,Active,999,9,20,,3,3576,BGR North,5,5,,45,3,56.1,,
2026-02,OL1074,LS-GALLERIA NOIDA 8,Lifestyle,Department Store,Noida,Uttar Pradesh,North,SKU40972,Sunscreen Gel Spf 50 70Ml,Renee,Skincare,Sunscreen,Top 25,Active,599,20,0,,4,2859,BGR North,9,8,,45,3,56.1,,
2026-02,OL1074,LS-GALLERIA NOIDA 8,Lifestyle,Department Store,Noida,Uttar Pradesh,North,SKU40979,Sunscreen Gel Spf 50 50Ml,Renee,Skincare,Sunscreen,Top 25,Active,799,15,18,,3,2860,BGR North,8,6,,45,3,56.1,,
2026-02,OL1074,LS-GALLERIA NOIDA 8,Lifestyle,Department Store,Noida,Uttar Pradesh,North,SKU41024,Vitamin C Serum 30Ml,Renee,Skincare,Serum,Others,Active,449,15,14,,4,2143,BGR North,4,3,,45,3,56.1,,
2026-02,OL1074,LS-GALLERIA NOIDA 8,Lifestyle,Department Store,Noida,Uttar Pradesh,North,SKU41129,Face Wash Vanilla 40Ml,Renee,Skincare,Cleanser,Others,Active,299,7,8,,4,1427,BGR North,6,5,,45,3,56.1,,
2026-02,OL1074,LS-GALLERIA NOIDA 8,Lifestyle,Department Store,Noida,Uttar Pradesh,North,SKU41215,Perfume Midnight 50Ml,Renee,Fragrance,EDP,Others,Active,399,3,4,,1,476,BGR North,3,2,,55,3,56.1,,
2026-02,OL1074,LS-GALLERIA NOIDA 8,Lifestyle,Department Store,Noida,Uttar Pradesh,North,SKU41382,Perfume Peach 50Ml,Renee,Fragrance,EDP,Top 25,Active,499,0,2,,6,3572,BGR North,8,8,,55,3,56.1,2025-08,
2026-02,OL1074,LS-GALLERIA NOIDA 8,Lifestyle,Department Store,Noida,Uttar Pradesh,North,SKU41420,Body Mist Coral 100Ml,Renee,Fragrance,Body Mist,Top 25,Active,399,18,17,,6,2856,BGR North,8,5,,55,3,56.1,,
2026-02,OL1074,LS-GALLERIA NOIDA 8,Lifestyle,Department Store,Noida,Uttar Pradesh,North,SKU41536,Body Mist Nude 100Ml,Renee,Fragrance,Body Mist,Top 25,Active,349,27,27,,9,3748,BGR North,10,9,,55,3,56.1,,
2026-02,OL1075,LS-INORBIT NEW DELHI 9,Lifestyle,Department Store,New Delhi,Delhi,North,SKU40108,Matte Lip Color Peach 4.2Ml,Renee,Makeup,Lipstick,Top 10,Active,650,19,18,,4,2670,BGR North,4,3,,50,4,74.2,,
2026-02,OL1075,LS-INORBIT NEW DELHI 9,Lifestyle,Department Store,New Delhi,Delhi,North,SKU40202,Liquid Lipstick Mocha 5Ml,Renee,Makeup,Lipstick,Top 25,Active,799,1,2,,2,1641,BGR North,5,3,,50,4,74.2,2025-11,
2026-02,OL1075,LS-INORBIT NEW DELHI 9,Lifestyle,Department Store,New Delhi,Delhi,North,SKU40381,Midnight Eyeliner Ocean 2.5Ml,Renee,Makeup,Eyeliner,Top 25,Active,699,19,22,,2,1435,BGR North,5,5,,50,4,74.2,,
2026-02,OL1075,LS-INORBIT NEW DELHI 9,Lifestyle,Department Store,New Delhi,Delhi,North,SKU40490,Kajal Midnight 0.35Gm,Renee,Makeup,Eyeliner,Top 10,Active,599,101,100,,6,3690,BGR North,7,5,,50,4,74.2,,
2026-02,OL1075,LS-INORBIT NEW DELHI 9,Lifestyle,Department Store,New Delhi,Delhi,North,SKU40544,Bb Cream Peach 30Ml,Renee,Makeup,Foundation,Top 10,Active,599,29,29,,9,5535,BGR North,10,9,,50,4,74.2,,
2026-02,OL1075,LS-INORBIT NEW DELHI 9,Lifestyle,Department Store,New Delhi,Delhi,North,SKU40588,Bb Cream Coral 30Ml,Renee,Makeup,Foundation,Top 10,Active,349,85,88,,12,4300,BGR North,22,15,,50,4,74.2,,
2026-02,OL1075,LS-INORBIT NEW DELHI 9,Lifestyle,Department Store,New Delhi,Delhi,North,SKU40812,Blending Brush R1,Renee,Makeup,Brushes,Top 10,Active,599,127,127,,5,3075,BGR North,8,5,,50,4,74.2,2025-09,
2026-02,OL1075,LS-INORBIT NEW DELHI 9,Lifestyle,Department Store,New Delhi,Delhi,North,SKU40850,Powder Brush R8,Renee,Makeup,Brushes,Top 25,Active,650,52,55,,6,4004,BGR North,9,9,,50,4,74.2,,
2026-02,OL1075,LS-INORBIT NEW DELHI 9,Lifestyle,Department Store,New Delhi,Delhi,North,SKU40951,Sunscreen Gel Spf 50 70Ml,Renee,Skincare,Sunscreen,Top 25,Active,999,14,15,,3,3077,BGR North,4,4,,45,4,74.2,,
2026-02,OL1075,LS-INORBIT NEW DELHI 9,Lifestyle,Department Store,New Delhi,Delhi,North,SKU41032,Face Wash Hazelnut 60Ml,Renee,Skincare,Cleanser,Others,Active,499,12,13,,1,512,BGR North,3,2,,45,4,74.2,,
2026-02,OL1075,LS-INORBIT NEW DELHI 9,Lifestyle,Department Store,New Delhi,Delhi,North,SKU41048,Face Wash Ocean 20Ml,Renee,Skincare,Cleanser,Others,Active,349,19,20,,3,1075,BGR North,5,4,,45,4,74.2,,
2026-02,OL1075,LS-INORBIT NEW DELHI 9,Lifestyle,Department Store,New Delhi,Delhi,North,SKU41382,Perfume Peach 50Ml,Renee,Fragrance,EDP,Top 25,Active,499,16,20,,4,2049,BGR North,8,8,,55,4,74.2,2025-08,
2026-02,OL1075,LS-INORBIT NEW DELHI 9,Lifestyle,Department Store,New Delhi,Delhi,North,SKU41420,Body Mist Coral 100Ml,Renee,Fragrance,Body Mist,Top 25,Active,399,17,19,,6,2458,BGR North,8,8,,55,4,74.2,,
2026-02,OL1075,LS-INORBIT NEW DELHI 9,Lifestyle,Department Store,New Delhi,Delhi,North,SKU41476,Body Mist Mocha 100Ml,Renee,Fragrance,Body Mist,Top 10,Active,799,44,43,,6,4922,BGR North,5,5,,55,4,74.2,,
2026-02,OL1075,LS-INORBIT NEW DELHI 9,Lifestyle,Department Store,New Delhi,Delhi,North,SKU41608,Hair Oil Berry 100Ml,Renee,Haircare,Hair Oil,Others,Active,449,5,4,,1,461,BGR North,1,0,,35,4,74.2,,
2026-02,OL1076,LS-SELECT JAIPUR 10,Lifestyle,Department Store,Jaipur,Rajasthan,North,SKU40078,Matte Lip Color Rose 4.2Ml,Renee,Makeup,Lipstick,Top 25,Active,650,0,6,,6,3996,BGR North,14,12,,50,2,53.8,,
2026-02,OL1076,LS-SELECT JAIPUR 10,Lifestyle,Department Store,Jaipur,Rajasthan,North,SKU40108,Matte Lip Color Peach 4.2Ml,Renee,Makeup,Lipstick,Top 10,Active,650,13,12,,6,3996,BGR North,8,5,,50,2,53.8,,
2026-02,OL1076,LS-SELECT JAIPUR 10,Lifestyle,Department Store,Jaipur,Rajasthan,North,SKU40266,Liquid Lipstick Nude 5Ml,Renee,Makeup,Lipstick,Top 10,Active,799,127,135,,8,6549,BGR North,16,16,,50,2,53.8,,
2026-02,OL1076,LS-SELECT JAIPUR 10,Lifestyle,Department Store,Jaipur,Rajasthan,North,SKU40318,Midnight Eyeliner Hazelnut 2.5Ml,Renee,Makeup,Eyeliner,Others,Active,650,6,8,,2,1332,BGR North,4,4,,50,2,53.8,,
2026-02,OL1076,LS-SELECT JAIPUR 10,Lifestyle,Department Store,Jaipur,Rajasthan,North,SKU40381,Midnight Eyeliner Ocean 2.5Ml,Renee,Makeup,Eyeliner,Top 25,Active,699,14,13,,2,1432,BGR North,1,1,,50,2,53.8,,
2026-02,OL1076,LS-SELECT JAIPUR 10,Lifestyle,Department Store,Jaipur,Rajasthan,North,SKU40425,Kajal Vanilla 0.35Gm,Renee,Makeup,Eyeliner,Top 25,Active,299,16,20,,7,2144,BGR North,14,11,,50,2,53.8,,
2026-02,OL1076,LS-SELECT JAIPUR 10,Lifestyle,Department Store,Jaipur,Rajasthan,North,SKU40490,Kajal Midnight 0.35Gm,Renee,Makeup,Eyeliner,Top 10,Active,599,24,26,,5,3069,BGR North,10,7,,50,2,53.8,,
2026-02,OL1076,LS-SELECT JAIPUR 10,Lifestyle,Department Store,Jaipur,Rajasthan,North,SKU40588,Bb Cream Coral 30Ml,Renee,Makeup,Foundation,Top 10,Active,349,22,22,,9,3218,BGR North,13,9,,50,2,53.8,,
2026-02,OL1076,LS-SELECT JAIPUR 10,Lifestyle,Department Store,Jaipur,Rajasthan,North,SKU40662,Compact Powder Nude 9Gm,Renee,Makeup,Foundation,Top 25,Active,1199,15,16,,2,2457,BGR North,5,3,,50,2,53.8,,
2026-02,OL1076,LS-SELECT JAIPUR 10,Lifestyle,Department Store,Jaipur,Rajasthan,North,SKU40763,Blending Brush R6,Renee,Makeup,Brushes,Others,Active,349,13,12,,4,1430,BGR North,5,3,,50,2,53.8,,
2026-02,OL1076,LS-SELECT JAIPUR 10,Lifestyle,Department Store,Jaipur,Rajasthan,North,SKU40850,Powder Brush R8,Renee,Makeup,Brushes,Top 25,Active,650,2,7,,5,3330,BGR North,10,10,,50,2,53.8,,
2026-02,OL1076,LS-SELECT JAIPUR 10,Lifestyle,Department Store,Jaipur,Rajasthan,North,SKU40951,Sunscreen Gel Spf 50 70Ml,Renee,Skincare,Sunscreen,Top 25,Active,999,2,2,,2,2047,BGR North,3,2,,45,2,53.8,,
2026-02,OL1076,LS-SELECT JAIPUR 10,Lifestyle,Department Store,Jaipur,Rajasthan,North,SKU40979,Sunscreen Gel Spf 50 50Ml,Renee,Skincare,Sunscreen,Top 25,Active,799,0,0,,4,3275,BGR North,4,3,,45,2,53.8,,
2026-02,OL1076,LS-SELECT JAIPUR 10,Lifestyle,Department Store,Jaipur,Rajasthan,North,SKU41024,Vitamin C Serum 30Ml,Renee,Skincare,Serum,Others,Active,449,0,0,,4,1840,BGR North,4,4,,45,2,53.8,,
2026-02,OL1076,LS-SELECT JAIPUR 10,Lifestyle,Department Store,Jaipur,Rajasthan,North,SKU41129,Face Wash Vanilla 40Ml,Renee,Skincare,Cleanser,Others,Active,299,0,0,,4,1225,BGR North,5,4,,45,2,53.8,,
2026-02,OL1076,LS-SELECT JAIPUR 10,Lifestyle,Department Store,Jaipur,Rajasthan,North,SKU41215,Perfume Midnight 50Ml,Renee,Fragrance,EDP,Others,Active,399,8,10,,1,409,BGR North,4,3,,55,2,53.8,,
2026-02,OL1076,LS-SELECT JAIPUR 10,Lifestyle,Department Store,Jaipur,Rajasthan,North,SKU41382,Perfume Peach 50Ml,Renee,Fragrance,EDP,Top 25,Active,499,0,1,,8,4090,BGR North,10,9,,55,2,53.8,2025-08,
2026-02,OL1076,LS-SELECT JAIPUR 10,Lifestyle,Department Store,Jaipur,Rajasthan,North,SKU41420,Body Mist Coral 100Ml,Renee,Fragrance,Body Mist,Top 25,Active,399,24,23,,4,1635,BGR North,4,3,,55,2,53.8,,
2026-02,OL1076,LS-SELECT JAIPUR 10,Lifestyle,Department Store,Jaipur,Rajasthan,North,SKU41536,Body Mist Nude 100Ml,Renee,Fragrance,Body Mist,Top 25,Active,349,35,40,,6,2145,BGR North,11,11,,55,2,53.8,,
2026-02,OL1076,LS-SELECT JAIPUR 10,Lifestyle,Department Store,Jaipur,Rajasthan,North,SKU41608,Hair Oil Berry 100Ml,Renee,Haircare,Hair Oil,Others,Active,449,14,14,,2,920,BGR North,3,2,,35,2,53.8,,
2026-02,OL1077,LS-PHOENIX LUCKNOW 11,Lifestyle,Department Store,Lucknow,Uttar Pradesh,North,SKU40281,Midnight Eyeliner Berry 2.5Ml,Renee,Makeup,Eyeliner,Others,Active,299,53,52,,1,309,BGR North,1,0,,50,2,73.4,,
2026-02,OL1077,LS-PHOENIX LUCKNOW 11,Lifestyle,Department Store,Lucknow,Uttar Pradesh,North,SKU40318,Midnight Eyeliner Hazelnut 2.5Ml,Renee,Makeup,Eyeliner,Others,Active,650,8,0,,4,2689,BGR North,6,6,,50,2,73.4,,
2026-02,OL1077,LS-PHOENIX LUCKNOW 11,Lifestyle,Department Store,Lucknow,Uttar Pradesh,North,SKU40381,Midnight Eyeliner Ocean 2.5Ml,Renee,Makeup,Eyeliner,Top 25,Active,699,0,1,,2,1446,BGR North,4,3,,50,2,73.4,,
2026-02,OL1077,LS-PHOENIX LUCKNOW 11,Lifestyle,Department Store,Lucknow,Uttar Pradesh,North,SKU40425,Kajal Vanilla 0.35Gm,Renee,Makeup,Eyeliner,Top 25,Active,299,12,14,,3,928,BGR North,5,5,,50,2,73.4,,
2026-02,OL1077,LS-PHOENIX LUCKNOW 11,Lifestyle,Department Store,Lucknow,Uttar Pradesh,North,SKU40490,Kajal Midnight 0.35Gm,Renee,Makeup,Eyeliner,Top 10,Active,599,19,19,,2,1239,BGR North,3,2,,50,2,73.4,,
2026-02,OL1077,LS-PHOENIX LUCKNOW 11,Lifestyle,Department Store,Lucknow,Uttar Pradesh,North,SKU40544,Bb Cream Peach 30Ml,Renee,Makeup,Foundation,Top 10,Active,599,26,26,,2,1239,BGR North,3,2,,50,2,73.4,,
2026-02,OL1077,LS-PHOENIX LUCKNOW 11,Lifestyle,Department Store,Lucknow,Uttar Pradesh,North,SKU40722,Compact Powder Berry 9Gm,Renee,Makeup,Foundation,Top 10,Active,799,11,14,,3,2479,BGR North,6,6,,50,2,73.4,,
2026-02,OL1077,LS-PHOENIX LUCKNOW 11,Lifestyle,Department Store,Lucknow,Uttar Pradesh,North,SKU40763,Blending Brush R6,Renee,Makeup,Brushes,Others,Active,349,31,30,,4,1444,BGR North,4,3,,50,2,73.4,,
2026-02,OL1077,LS-PHOENIX LUCKNOW 11,Lifestyle,Department Store,Lucknow,Uttar Pradesh,North,SKU40812,Blending Brush R1,Renee,Makeup,Brushes,Top 10,Active,599,91,93,,4,2478,BGR North,6,6,,50,2,73.4,2025-09,
2026-02,OL1077,LS-PHOENIX LUCKNOW 11,Lifestyle,Department Store,Lucknow,Uttar Pradesh,North,SKU40850,Powder Brush R8,Renee,Makeup,Brushes,Top 25,Active,650,11,11,,2,1344,BGR North,3,2,,50,2,73.4,,
2026-02,OL1077,LS-PHOENIX LUCKNOW 11,Lifestyle,Department Store,Lucknow,Uttar Pradesh,North,SKU40928,Powder Brush R4,Renee,Makeup,Brushes,Top 25,Active,650,17,16,,3,2017,BGR North,5,4,,50,2,73.4,,
2026-02,OL1077,LS-PHOENIX LUCKNOW 11,Lifestyle,Department Store,Lucknow,Uttar Pradesh,North,SKU40951,Sunscreen Gel Spf 50 70Ml,Renee,Skincare,Sunscreen,Top 25,Active,999,5,7,,2,2066,BGR North,5,4,,45,2,73.4,,
2026-02,OL1077,LS-PHOENIX LUCKNOW 11,Lifestyle,Department Store,Lucknow,Uttar Pradesh,North,SKU40972,Sunscreen Gel Spf 50 70Ml,Renee,Skincare,Sunscreen,Top 25,Active,599,4,4,,1,619,BGR North,2,1,,45,2,73.4,,
2026-02,OL1077,LS-PHOENIX LUCKNOW 11,Lifestyle,Department Store,Lucknow,Uttar Pradesh,North,SKU41032,Face Wash Hazelnut 60Ml,Renee,Skincare,Cleanser,Others,Active,499,0,0,,1,516,BGR North,2,1,,45,2,73.4,,
2026-02,OL1077,LS-PHOENIX LUCKNOW 11,Lifestyle,Department Store,Lucknow,Uttar Pradesh,North,SKU41129,Face Wash Vanilla 40Ml,Renee,Skincare,Cleanser,Others,Active,299,4,2,,4,1237,BGR North,4,2,,45,2,73.4,,
2026-02,OL1077,LS-PHOENIX LUCKNOW 11,Lifestyle,Department Store,Lucknow,Uttar Pradesh,North,SKU41382,Perfume Peach 50Ml,Renee,Fragrance,EDP,Top 25,Active,499,11,27,,4,2064,BGR North,7,4,,55,2,73.4,2025-08,
2026-02,OL1077,LS-PHOENIX LUCKNOW 11,Lifestyle,Department Store,Lucknow,Uttar Pradesh,North,SKU41420,Body Mist Coral 100Ml,Renee,Fragrance,Body Mist,Top 25,Active,399,28,27,,3,1238,BGR North,4,2,,55,2,73.4,,
2026-02,OL1077,LS-PHOENIX LUCKNOW 11,Lifestyle,Department Store,Lucknow,Uttar Pradesh,North,SKU41476,Body Mist Mocha 100Ml,Renee,Fragrance,Body Mist,Top 10,Active,799,12,13,,3,2479,BGR North,4,4,,55,2,73.4,,
2026-02,OL1077,LS-PHOENIX LUCKNOW 11,Lifestyle,Department Store,Lucknow,Uttar Pradesh,North,SKU41536,Body Mist Nude 100Ml,Renee,Fragrance,Body Mist,Top 25,Active,349,17,15,,4,1444,BGR North,4,2,,55,2,73.4,,
2026-02,OL1078,LS-GALLERIA BHUBANESWAR 12,Lifestyle,Department Store,Bhubaneswar,Odisha,East,SKU40127,Matte Lip Color Coral 4.2Ml,Renee,Makeup,Lipstick,Top 25,Active,499,25,27,,7,3735,BGR East,9,9,,50,3,49.1,,
2026-02,OL1078,LS-GALLERIA BHUBANESWAR 12,Lifestyle,Department Store,Bhubaneswar,Odisha,East,SKU40202,Liquid Lipstick Mocha 5Ml,Renee,Makeup,Lipstick,Top 25,Active,799,15,14,,2,1709,BGR East,2,1,,50,3,49.1,2025-11,
2026-02,OL1078,LS-GALLERIA BHUBANESWAR 12,Lifestyle,Department Store,Bhubaneswar,Odisha,East,SKU40266,Liquid Lipstick Nude 5Ml,Renee,Makeup,Lipstick,Top 10,Active,799,0,2,,4,3417,BGR East,7,6,,50,3,49.1,,
2026-02,OL1078,LS-GALLERIA BHUBANESWAR 12,Lifestyle,Department Store,Bhubaneswar,Odisha,East,SKU40381,Midnight Eyeliner Ocean 2.5Ml,Renee,Makeup,Eyeliner,Top 25,Active,699,3,4,,3,2242,BGR East,5,4,,50,3,49.1,,
2026-02,OL1078,LS-GALLERIA BHUBANESWAR 12,Lifestyle,Department Store,Bhubaneswar,Odisha,East,SKU40425,Kajal Vanilla 0.35Gm,Renee,Makeup,Eyeliner,Top 25,Active,299,16,31,,4,1279,BGR East,9,6,,50,3,49.1,,
2026-02,OL1078,LS-GALLERIA BHUBANESWAR 12,Lifestyle,Department Store,Bhubaneswar,Odisha,East,SKU40490,Kajal Midnight 0.35Gm,Renee,Makeup,Eyeliner,Top 10,Active,599,1,7,,7,4483,BGR East,15,13,,50,3,49.1,,
2026-02,OL1078,LS-GALLERIA BHUBANESWAR 12,Lifestyle,Department Store,Bhubaneswar,Odisha,East,SKU40544,Bb Cream Peach 30Ml,Renee,Makeup,Foundation,Top 10,Active,599,0,0,,4,2562,BGR East,5,3,,50,3,49.1,,
2026-02,OL1078,LS-GALLERIA BHUBANESWAR 12,Lifestyle,Department Store,Bhubaneswar,Odisha,East,SKU40588,Bb Cream Coral 30Ml,Renee,Makeup,Foundation,Top 10,Active,349,0,0,,8,2985,BGR East,13,12,,50,3,49.1,,
2026-02,OL1078,LS-GALLERIA BHUBANESWAR 12,Lifestyle,Department Store,Bhubaneswar,Odisha,East,SKU40595,Compact Powder Mocha 9Gm,Renee,Makeup,Foundation,Top 10,Active,449,7,8,,3,1440,BGR East,6,4,,50,3,49.1,,
2026-02,OL1078,LS-GALLERIA BHUBANESWAR 12,Lifestyle,Department Store,Bhubaneswar,Odisha,East,SKU40662,Compact Powder Nude 9Gm,Renee,Makeup,Foundation,Top 25,Active,1199,3,5,,3,3846,BGR East,5,5,,50,3,49.1,,
2026-02,OL1078,LS-GALLERIA BHUBANESWAR 12,Lifestyle,Department Store,Bhubaneswar,Odisha,East,SKU40812,Blending Brush R1,Renee,Makeup,Brushes,Top 10,Active,599,16,21,,7,4483,BGR East,12,12,,50,3,49.1,2025-09,
2026-02,OL1078,LS-GALLERIA BHUBANESWAR 12,Lifestyle,Department Store,Bhubaneswar,Odisha,East,SKU40850,Powder Brush R8,Renee,Makeup,Brushes,Top 25,Active,650,5,0,,5,3475,BGR East,7,7,,50,3,49.1,,
2026-02,OL1078,LS-GALLERIA BHUBANESWAR 12,Lifestyle,Department Store,Bhubaneswar,Odisha,East,SKU40928,Powder Brush R4,Renee,Makeup,Brushes,Top 25,Active,650,0,32,,4,2780,BGR East,4,4,,50,3,49.1,,
2026-02,OL1078,LS-GALLERIA BHUBANESWAR 12,Lifestyle,Department Store,Bhubaneswar,Odisha,East,SKU40972,Sunscreen Gel Spf 50 70Ml,Renee,Skincare,Sunscreen,Top 25,Active,599,13,13,,1,640,BGR East,2,1,,45,3,49.1,,
2026-02,OL1078,LS-GALLERIA BHUBANESWAR 12,Lifestyle,Department Store,Bhubaneswar,Odisha,East,SKU40979,Sunscreen Gel Spf 50 50Ml,Renee,Skincare,Sunscreen,Top 25,Active,799,7,9,,3,2563,BGR East,5,5,,45,3,49.1,,
2026-02,OL1078,LS-GALLERIA BHUBANESWAR 12,Lifestyle,Department Store,Bhubaneswar,Odisha,East,SKU41024,Vitamin C Serum 30Ml,Renee,Skincare,Serum,Others,Active,449,8,8,,2,960,BGR East,4,2,,45,3,49.1,,
2026-02,OL1078,LS-GALLERIA BHUBANESWAR 12,Lifestyle,Department Store,Bhubaneswar,Odisha,East,SKU41032,Face Wash Hazelnut 60Ml,Renee,Skincare,Cleanser,Others,Active,499,10,14,,4,2134,BGR East,8,8,,45,3,49.1,,
2026-02,OL1078,LS-GALLERIA BHUBANESWAR 12,Lifestyle,Department Store,Bhubaneswar,Odisha,East,SKU41048,Face Wash Ocean 20Ml,Renee,Skincare,Cleanser,Others,Active,349,12,14,,4,1493,BGR East,6,6,,45,3,49.1,,
2026-02,OL1078,LS-GALLERIA BHUBANESWAR 12,Lifestyle,Department Store,Bhubaneswar,Odisha,East,SKU41129,Face Wash Vanilla 40Ml,Renee,Skincare,Cleanser,Others,Active,299,30,33,,4,1279,BGR East,7,7,,45,3,49.1,,
2026-02,OL1078,LS-GALLERIA BHUBANESWAR 12,Lifestyle,Department Store,Bhubaneswar,Odisha,East,SKU41215,Perfume Midnight 50Ml,Renee,Fragrance,EDP,Others,Active,399,4,7,,4,1706,BGR East,8,7,,55,3,49.1,,
2026-02,OL1078,LS-GALLERIA BHUBANESWAR 12,Lifestyle,Department Store,Bhubaneswar,Odisha,East,SKU41295,Perfume Rose 50Ml,Renee,Fragrance,EDP,Top 25,Active,599,9,12,,3,1921,BGR East,7,6,,55,3,49.1,,
2026-02,OL1078,LS-GALLERIA BHUBANESWAR 12,Lifestyle,Department Store,Bhubaneswar,Odisha,East,SKU41382,Perfume Peach 50Ml,Renee,Fragrance,EDP,Top 25,Active,499,34,35,,1,534,BGR East,3,2,,55,3,49.1,2025-08,
2026-02,OL1078,LS-GALLERIA BHUBANESWAR 12,Lifestyle,Department Store,Bhubaneswar,Odisha,East,SKU41420,Body Mist Coral 100Ml,Renee,Fragrance,Body Mist,Top 25,Active,399,17,19,,3,1280,BGR East,5,5,,55,3,49.1,,
2026-02,OL1078,LS-GALLERIA BHUBANESWAR 12,Lifestyle,Department Store,Bhubaneswar,Odisha,East,SKU41536,Body Mist Nude 100Ml,Renee,Fragrance,Body Mist,Top 25,Active,349,7,8,,5,1866,BGR East,6,6,,55,3,49.1,,
2026-02,OL1078,LS-GALLERIA BHUBANESWAR 12,Lifestyle,Department Store,Bhubaneswar,Odisha,East,SKU41647,Hair Oil Hazelnut 100Ml,Renee,Haircare,Hair Oil,Others,Active,799,0,2,,4,3417,BGR East,7,6,,35,3,49.1,,
2026-02,OL1079,LS-PHOENIX CHANDIGARH 13,Lifestyle,Department Store,Chandigarh,Punjab,North,SKU40127,Matte Lip Color Coral 4.2Ml,Renee,Makeup,Lipstick,Top 25,Active,499,21,23,,8,4155,BGR North,10,10,,50,4,57.3,,
2026-02,OL1079,LS-PHOENIX CHANDIGARH 13,Lifestyle,Department Store,Chandigarh,Punjab,North,SKU40266,Liquid Lipstick Nude 5Ml,Renee,Makeup,Lipstick,Top 10,Active,799,49,0,,9,7485,BGR North,19,15,,50,4,57.3,,
2026-02,OL1079,LS-PHOENIX CHANDIGARH 13,Lifestyle,Department Store,Chandigarh,Punjab,North,SKU40381,Midnight Eyeliner Ocean 2.5Ml,Renee,Makeup,Eyeliner,Top 25,Active,699,5,7,,3,2183,BGR North,5,5,,50,4,57.3,,
2026-02,OL1079,LS-PHOENIX CHANDIGARH 13,Lifestyle,Department Store,Chandigarh,Punjab,North,SKU40425,Kajal Vanilla 0.35Gm,Renee,Makeup,Eyeliner,Top 25,Active,299,28,31,,6,1867,BGR North,10,9,,50,4,57.3,,
2026-02,OL1079,LS-PHOENIX CHANDIGARH 13,Lifestyle,Department Store,Chandigarh,Punjab,North,SKU40490,Kajal Midnight 0.35Gm,Renee,Makeup,Eyeliner,Top 10,Active,599,11,12,,8,4988,BGR North,11,9,,50,4,57.3,,
2026-02,OL1079,LS-PHOENIX CHANDIGARH 13,Lifestyle,Department Store,Chandigarh,Punjab,North,SKU40544,Bb Cream Peach 30Ml,Renee,Makeup,Foundation,Top 10,Active,599,5,35,,4,2494,BGR North,6,6,,50,4,57.3,,
2026-02,OL1079,LS-PHOENIX CHANDIGARH 13,Lifestyle,Department Store,Chandigarh,Punjab,North,SKU40812,Blending Brush R1,Renee,Makeup,Brushes,Top 10,Active,599,31,0,,12,7481,BGR North,19,19,,50,4,57.3,2025-09,
2026-02,OL1079,LS-PHOENIX CHANDIGARH 13,Lifestyle,Department Store,Chandigarh,Punjab,North,SKU40979,Sunscreen Gel Spf 50 50Ml,Renee,Skincare,Sunscreen,Top 25,Active,799,6,9,,3,2495,BGR North,6,6,,45,4,57.3,,
2026-02,OL1079,LS-PHOENIX CHANDIGARH 13,Lifestyle,Department Store,Chandigarh,Punjab,North,SKU41024,Vitamin C Serum 30Ml,Renee,Skincare,Serum,Others,Active,449,0,0,,4,1869,BGR North,4,3,,45,4,57.3,,
2026-02,OL1079,LS-PHOENIX CHANDIGARH 13,Lifestyle,Department Store,Chandigarh,Punjab,North,SKU41032,Face Wash Hazelnut 60Ml,Renee,Skincare,Cleanser,Others,Active,499,14,5,,1,519,BGR North,3,2,,45,4,57.3,,
2026-02,OL1079,LS-PHOENIX CHANDIGARH 13,Lifestyle,Department Store,Chandigarh,Punjab,North,SKU41048,Face Wash Ocean 20Ml,Renee,Skincare,Cleanser,Others,Active,349,4,5,,6,2179,BGR North,10,7,,45,4,57.3,,
2026-02,OL1079,LS-PHOENIX CHANDIGARH 13,Lifestyle,Department Store,Chandigarh,Punjab,North,SKU41129,Face Wash Vanilla 40Ml,Renee,Skincare,Cleanser,Others,Active,299,5,6,,0,0,BGR North,2,1,,45,4,57.3,,
2026-02,OL1079,LS-PHOENIX CHANDIGARH 13,Lifestyle,Department Store,Chandigarh,Punjab,North,SKU41215,Perfume Midnight 50Ml,Renee,Fragrance,EDP,Others,Active,399,7,9,,2,831,BGR North,5,4,,55,4,57.3,,
2026-02,OL1079,LS-PHOENIX CHANDIGARH 13,Lifestyle,Department Store,Chandigarh,Punjab,North,SKU41382,Perfume Peach 50Ml,Renee,Fragrance,EDP,Top 25,Active,499,16,18,,4,2077,BGR North,6,6,,55,4,57.3,2025-08,
2026-02,OL1079,LS-PHOENIX CHANDIGARH 13,Lifestyle,Department Store,Chandigarh,Punjab,North,SKU41536,Body Mist Nude 100Ml,Renee,Fragrance,Body Mist,Top 25,Active,349,75,77,,6,2179,BGR North,10,8,,55,4,57.3,,
2026-02,OL1079,LS-PHOENIX CHANDIGARH 13,Lifestyle,Department Store,Chandigarh,Punjab,North,SKU41608,Hair Oil Berry 100Ml,Renee,Haircare,Hair Oil,Others,Active,449,4,3,,4,1869,BGR North,4,3,,35,4,57.3,,
2026-02,OL1079,LS-PHOENIX CHANDIGARH 13,Lifestyle,Department Store,Chandigarh,Punjab,North,SKU41647,Hair Oil Hazelnut 100Ml,Renee,Haircare,Hair Oil,Others,Active,799,14,15,,1,832,BGR North,2,2,,35,4,57.3,,
2026-02,OL1080,LS-NEXUS CHANDIGARH 14,Lifestyle,Department Store,Chandigarh,Punjab,North,SKU40078,Matte Lip Color Rose 4.2Ml,Renee,Makeup,Lipstick,Top 25,Active,650,9,9,,4,2599,BGR North,6,4,,50,3,78.6,,
2026-02,OL1080,LS-NEXUS CHANDIGARH 14,Lifestyle,Department Store,Chandigarh,Punjab,North,SKU40127,Matte Lip Color Coral 4.2Ml,Renee,Makeup,Lipstick,Top 25,Active,499,15,18,,3,1496,BGR North,6,6,,50,3,78.6,,
2026-02,OL1080,LS-NEXUS CHANDIGARH 14,Lifestyle,Department Store,Chandigarh,Punjab,North,SKU40202,Liquid Lipstick Mocha 5Ml,Renee,Makeup,Lipstick,Top 25,Active,799,1,0,,0,0,BGR North,2,1,,50,3,78.6,2025-11,
2026-02,OL1080,LS-NEXUS CHANDIGARH 14,Lifestyle,Department Store,Chandigarh,Punjab,North,SKU40381,Midnight Eyeliner Ocean 2.5Ml,Renee,Makeup,Eyeliner,Top 25,Active,699,36,37,,6,4192,BGR North,11,7,,50,3,78.6,,
2026-02,OL1080,LS-NEXUS CHANDIGARH 14,Lifestyle,Department Store,Chandigarh,Punjab,North,SKU40490,Kajal Midnight 0.35Gm,Renee,Makeup,Eyeliner,Top 10,Active,599,21,21,,4,2395,BGR North,7,4,,50,3,78.6,,
2026-02,OL1080,LS-NEXUS CHANDIGARH 14,Lifestyle,Department Store,Chandigarh,Punjab,North,SKU40544,Bb Cream Peach 30Ml,Renee,Makeup,Foundation,Top 10,Active,599,24,24,,4,2395,BGR North,6,4,,50,3,78.6,,
2026-02,OL1080,LS-NEXUS CHANDIGARH 14,Lifestyle,Department Store,Chandigarh,Punjab,North,SKU40588,Bb Cream Coral 30Ml,Renee,Makeup,Foundation,Top 10,Active,349,13,20,,6,2093,BGR North,14,13,,50,3,78.6,,
2026-02,OL1080,LS-NEXUS CHANDIGARH 14,Lifestyle,Department Store,Chandigarh,Punjab,North,SKU40662,Compact Powder Nude 9Gm,Renee,Makeup,Foundation,Top 25,Active,1199,19,19,,1,1199,BGR North,2,1,,50,3,78.6,,
2026-02,OL1080,LS-NEXUS CHANDIGARH 14,Lifestyle,Department Store,Chandigarh,Punjab,North,SKU40722,Compact Powder Berry 9Gm,Renee,Makeup,Foundation,Top 10,Active,799,6,6,,4,3195,BGR North,7,4,,50,3,78.6,,
2026-02,OL1080,LS-NEXUS CHANDIGARH 14,Lifestyle,Department Store,Chandigarh,Punjab,North,SKU40812,Blending Brush R1,Renee,Makeup,Brushes,Top 10,Active,599,0,3,,3,1796,BGR North,6,6,,50,3,78.6,2025-09,
2026-02,OL1080,LS-NEXUS CHANDIGARH 14,Lifestyle,Department Store,Chandigarh,Punjab,North,SKU40850,Powder Brush R8,Renee,Makeup,Brushes,Top 25,Active,650,11,12,,3,1949,BGR North,7,4,,50,3,78.6,,
2026-02,OL1080,LS-NEXUS CHANDIGARH 14,Lifestyle,Department Store,Chandigarh,Punjab,North,SKU40951,Sunscreen Gel Spf 50 70Ml,Renee,Skincare,Sunscreen,Top 25,Active,999,14,17,,2,1997,BGR North,3,2,,45,3,78.6,,
2026-02,OL1080,LS-NEXUS CHANDIGARH 14,Lifestyle,Department Store,Chandigarh,Punjab,North,SKU40979,Sunscreen Gel Spf 50 50Ml,Renee,Skincare,Sunscreen,Top 25,Active,799,12,15,,3,2396,BGR North,7,6,,45,3,78.6,,
2026-02,OL1080,LS-NEXUS CHANDIGARH 14,Lifestyle,Department Store,Chandigarh,Punjab,North,SKU41129,Face Wash Vanilla 40Ml,Renee,Skincare,Cleanser,Others,Active,299,1,1,,2,598,BGR North,3,2,,45,3,78.6,,
2026-02,OL1080,LS-NEXUS CHANDIGARH 14,Lifestyle,Department Store,Chandigarh,Punjab,North,SKU41420,Body Mist Coral 100Ml,Renee,Fragrance,Body Mist,Top 25,Active,399,18,17,,3,1197,BGR North,4,2,,55,3,78.6,,
2026-02,OL1080,LS-NEXUS CHANDIGARH 14,Lifestyle,Department Store,Chandigarh,Punjab,North,SKU41476,Body Mist Mocha 100Ml,Renee,Fragrance,Body Mist,Top 10,Active,799,34,35,,7,5591,BGR North,12,8,,55,3,78.6,,
2026-02,OL1080,LS-NEXUS CHANDIGARH 14,Lifestyle,Department Store,Chandigarh,Punjab,North,SKU41608,Hair Oil Berry 100Ml,Renee,Haircare,Hair Oil,Others,Active,449,13,14,,1,449,BGR North,2,2,,35,3,78.6,,
2026-02,OL1081,LS-PHOENIX BANGALORE 15,Lifestyle,Department Store,Bangalore,Karnataka,South,SKU40108,Matte Lip Color Peach 4.2Ml,Renee,Makeup,Lipstick,Top 10,Active,650,75,74,,3,1866,BGR South,3,2,,50,3,87.7,,
2026-02,OL1081,LS-PHOENIX BANGALORE 15,Lifestyle,Department Store,Bangalore,Karnataka,South,SKU40266,Liquid Lipstick Nude 5Ml,Renee,Makeup,Lipstick,Top 10,Active,799,33,35,,6,4587,BGR South,8,8,,50,3,87.7,,
2026-02,OL1081,LS-PHOENIX BANGALORE 15,Lifestyle,Department Store,Bangalore,Karnataka,South,SKU40318,Midnight Eyeliner Hazelnut 2.5Ml,Renee,Makeup,Eyeliner,Others,Active,650,3,2,,1,622,BGR South,1,0,,50,3,87.7,,
2026-02,OL1081,LS-PHOENIX BANGALORE 15,Lifestyle,Department Store,Bangalore,Karnataka,South,SKU40425,Kajal Vanilla 0.35Gm,Renee,Makeup,Eyeliner,Top 25,Active,299,49,48,,10,2861,BGR South,9,9,,50,3,87.7,,
2026-02,OL1081,LS-PHOENIX BANGALORE 15,Lifestyle,Department Store,Bangalore,Karnataka,South,SKU40544,Bb Cream Peach 30Ml,Renee,Makeup,Foundation,Top 10,Active,599,3,7,,8,4585,BGR South,13,12,,50,3,87.7,,
2026-02,OL1081,LS-PHOENIX BANGALORE 15,Lifestyle,Department Store,Bangalore,Karnataka,South,SKU40588,Bb Cream Coral 30Ml,Renee,Makeup,Foundation,Top 10,Active,349,16,17,,9,3005,BGR South,10,10,,50,3,87.7,,
2026-02,OL1081,LS-PHOENIX BANGALORE 15,Lifestyle,Department Store,Bangalore,Karnataka,South,SKU40595,Compact Powder Mocha 9Gm,Renee,Makeup,Foundation,Top 10,Active,449,11,18,,9,3866,BGR South,17,16,,50,3,87.7,,
2026-02,OL1081,LS-PHOENIX BANGALORE 15,Lifestyle,Department Store,Bangalore,Karnataka,South,SKU40722,Compact Powder Berry 9Gm,Renee,Makeup,Foundation,Top 10,Active,799,12,18,,6,4587,BGR South,14,12,,50,3,87.7,,
2026-02,OL1081,LS-PHOENIX BANGALORE 15,Lifestyle,Department Store,Bangalore,Karnataka,South,SKU40812,Blending Brush R1,Renee,Makeup,Brushes,Top 10,Active,599,21,79,,9,5158,BGR South,17,11,,50,3,87.7,2025-09,
2026-02,OL1081,LS-PHOENIX BANGALORE 15,Lifestyle,Department Store,Bangalore,Karnataka,South,SKU40836,Blending Brush R4,Renee,Makeup,Brushes,Top 10,Active,1199,14,21,,6,6883,BGR South,13,13,,50,3,87.7,,
2026-02,OL1081,LS-PHOENIX BANGALORE 15,Lifestyle,Department Store,Bangalore,Karnataka,South,SKU40850,Powder Brush R8,Renee,Makeup,Brushes,Top 25,Active,650,22,22,,6,3732,BGR South,8,6,,50,3,87.7,,
2026-02,OL1081,LS-PHOENIX BANGALORE 15,Lifestyle,Department Store,Bangalore,Karnataka,South,SKU40979,Sunscreen Gel Spf 50 50Ml,Renee,Skincare,Sunscreen,Top 25,Active,799,17,18,,4,3058,BGR South,6,5,,45,3,87.7,,
2026-02,OL1081,LS-PHOENIX BANGALORE 15,Lifestyle,Department Store,Bangalore,Karnataka,South,SKU41048,Face Wash Ocean 20Ml,Renee,Skincare,Cleanser,Others,Active,349,6,0,,3,1002,BGR South,8,7,,45,3,87.7,,
2026-02,OL1081,LS-PHOENIX BANGALORE 15,Lifestyle,Department Store,Bangalore,Karnataka,South,SKU41129,Face Wash Vanilla 40Ml,Renee,Skincare,Cleanser,Others,Active,299,9,11,,2,572,BGR South,5,4,,45,3,87.7,,
2026-02,OL1081,LS-PHOENIX BANGALORE 15,Lifestyle,Department Store,Bangalore,Karnataka,South,SKU41215,Perfume Midnight 50Ml,Renee,Fragrance,EDP,Others,Active,399,24,25,,4,1527,BGR South,7,5,,55,3,87.7,,
2026-02,OL1081,LS-PHOENIX BANGALORE 15,Lifestyle,Department Store,Bangalore,Karnataka,South,SKU41420,Body Mist Coral 100Ml,Renee,Fragrance,Body Mist,Top 25,Active,399,11,25,,4,1527,BGR South,7,7,,55,3,87.7,,
2026-02,OL1081,LS-PHOENIX BANGALORE 15,Lifestyle,Department Store,Bangalore,Karnataka,South,SKU41476,Body Mist Mocha 100Ml,Renee,Fragrance,Body Mist,Top 10,Active,799,10,17,,8,6116,BGR South,15,15,,55,3,87.7,,
2026-02,OL1081,LS-PHOENIX BANGALORE 15,Lifestyle,Department Store,Bangalore,Karnataka,South,SKU41536,Body Mist Nude 100Ml,Renee,Fragrance,Body Mist,Top 25,Active,349,98,0,,8,2671,BGR South,11,11,,55,3,87.7,,
2026-02,OL1082,LS-NEXUS BANGALORE 16,Lifestyle,Department Store,Bangalore,Karnataka,South,SKU40266,Liquid Lipstick Nude 5Ml,Renee,Makeup,Lipstick,Top 10,Active,799,21,31,,16,14679,BGR South,33,26,,50,3,80.5,,
2026-02,OL1082,LS-NEXUS BANGALORE 16,Lifestyle,Department Store,Bangalore,Karnataka,South,SKU40381,Midnight Eyeliner Ocean 2.5Ml,Renee,Makeup,Eyeliner,Top 25,Active,699,39,49,,8,6421,BGR South,18,18,,50,3,80.5,,
2026-02,OL1082,LS-NEXUS BANGALORE 16,Lifestyle,Department Store,Bangalore,Karnataka,South,SKU40425,Kajal Vanilla 0.35Gm,Renee,Makeup,Eyeliner,Top 25,Active,299,139,70,,12,4120,BGR South,17,16,,50,3,80.5,,
2026-02,OL1082,LS-NEXUS BANGALORE 16,Lifestyle,Department Store,Bangalore,Karnataka,South,SKU40490,Kajal Midnight 0.35Gm,Renee,Makeup,Eyeliner,Top 10,Active,599,58,68,,9,6190,BGR South,19,19,,50,3,80.5,,
2026-02,OL1082,LS-NEXUS BANGALORE 16,Lifestyle,Department Store,Bangalore,Karnataka,South,SKU40595,Compact Powder Mocha 9Gm,Renee,Makeup,Foundation,Top 10,Active,449,216,213,,14,7218,BGR South,12,11,,50,3,80.5,,
2026-02,OL1082,LS-NEXUS BANGALORE 16,Lifestyle,Department Store,Bangalore,Karnataka,South,SKU40662,Compact Powder Nude 9Gm,Renee,Makeup,Foundation,Top 25,Active,1199,6,8,,2,2754,BGR South,5,4,,50,3,80.5,,
2026-02,OL1082,LS-NEXUS BANGALORE 16,Lifestyle,Department Store,Bangalore,Karnataka,South,SKU40763,Blending Brush R6,Renee,Makeup,Brushes,Others,Active,349,16,17,,3,1202,BGR South,6,4,,50,3,80.5,,
2026-02,OL1082,LS-NEXUS BANGALORE 16,Lifestyle,Department Store,Bangalore,Karnataka,South,SKU40850,Powder Brush R8,Renee,Makeup,Brushes,Top 25,Active,650,7,3,,12,8956,BGR South,9,8,,50,3,80.5,,
2026-02,OL1082,LS-NEXUS BANGALORE 16,Lifestyle,Department Store,Bangalore,Karnataka,South,SKU40972,Sunscreen Gel Spf 50 70Ml,Renee,Skincare,Sunscreen,Top 25,Active,599,29,30,,2,1376,BGR South,5,3,,45,3,80.5,,
2026-02,OL1082,LS-NEXUS BANGALORE 16,Lifestyle,Department Store,Bangalore,Karnataka,South,SKU41129,Face Wash Vanilla 40Ml,Renee,Skincare,Cleanser,Others,Active,299,24,27,,4,1373,BGR South,8,7,,45,3,80.5,,
2026-02,OL1082,LS-NEXUS BANGALORE 16,Lifestyle,Department Store,Bangalore,Karnataka,South,SKU41476,Body Mist Mocha 100Ml,Renee,Fragrance,Body Mist,Top 10,Active,799,94,0,,15,13762,BGR South,12,12,,55,3,80.5,,
2026-02,OL1082,LS-NEXUS BANGALORE 16,Lifestyle,Department Store,Bangalore,Karnataka,South,SKU41536,Body Mist Nude 100Ml,Renee,Fragrance,Body Mist,Top 25,Active,349,45,53,,12,4809,BGR South,20,20,,55,3,80.5,,
2026-02,OL1083,LS-SELECT BHUBANESWAR 17,Lifestyle,Department Store,Bhubaneswar,Odisha,East,SKU40108,Matte Lip Color Peach 4.2Ml,Renee,Makeup,Lipstick,Top 10,Active,650,3,2,,8,5503,BGR East,7,7,,50,2,94.6,,
2026-02,OL1083,LS-SELECT BHUBANESWAR 17,Lifestyle,Department Store,Bhubaneswar,Odisha,East,SKU40127,Matte Lip Color Coral 4.2Ml,Renee,Makeup,Lipstick,Top 25,Active,499,28,30,,8,4225,BGR East,15,10,,50,2,94.6,,
2026-02,OL1083,LS-SELECT BHUBANESWAR 17,Lifestyle,Department Store,Bhubaneswar,Odisha,East,SKU40202,Liquid Lipstick Mocha 5Ml,Renee,Makeup,Lipstick,Top 25,Active,799,14,17,,2,1691,BGR East,5,5,,50,2,94.6,2025-11,
2026-02,OL1083,LS-SELECT BHUBANESWAR 17,Lifestyle,Department Store,Bhubaneswar,Odisha,East,SKU40266,Liquid Lipstick Nude 5Ml,Renee,Makeup,Lipstick,Top 10,Active,799,0,3,,12,10147,BGR East,17,15,,50,2,94.6,,
2026-02,OL1083,LS-SELECT BHUBANESWAR 17,Lifestyle,Department Store,Bhubaneswar,Odisha,East,SKU40318,Midnight Eyeliner Hazelnut 2.5Ml,Renee,Makeup,Eyeliner,Others,Active,650,2,4,,3,2064,BGR East,6,5,,50,2,94.6,,
2026-02,OL1083,LS-SELECT BHUBANESWAR 17,Lifestyle,Department Store,Bhubaneswar,Odisha,East,SKU40381,Midnight Eyeliner Ocean 2.5Ml,Renee,Makeup,Eyeliner,Top 25,Active,699,16,20,,4,2959,BGR East,8,8,,50,2,94.6,,
2026-02,OL1083,LS-SELECT BHUBANESWAR 17,Lifestyle,Department Store,Bhubaneswar,Odisha,East,SKU40490,Kajal Midnight 0.35Gm,Renee,Makeup,Eyeliner,Top 10,Active,599,27,33,,12,7607,BGR East,19,18,,50,2,94.6,,
2026-02,OL1083,LS-SELECT BHUBANESWAR 17,Lifestyle,Department Store,Bhubaneswar,Odisha,East,SKU40588,Bb Cream Coral 30Ml,Renee,Makeup,Foundation,Top 10,Active,349,19,21,,4,1477,BGR East,8,6,,50,2,94.6,,
2026-02,OL1083,LS-SELECT BHUBANESWAR 17,Lifestyle,Department Store,Bhubaneswar,Odisha,East,SKU40763,Blending Brush R6,Renee,Makeup,Brushes,Others,Active,349,6,9,,5,1847,BGR East,9,8,,50,2,94.6,,
2026-02,OL1083,LS-SELECT BHUBANESWAR 17,Lifestyle,Department Store,Bhubaneswar,Odisha,East,SKU40812,Blending Brush R1,Renee,Makeup,Brushes,Top 10,Active,599,0,1,,8,5072,BGR East,13,9,,50,2,94.6,2025-09,
2026-02,OL1083,LS-SELECT BHUBANESWAR 17,Lifestyle,Department Store,Bhubaneswar,Odisha,East,SKU40928,Powder Brush R4,Renee,Makeup,Brushes,Top 25,Active,650,8,8,,2,1376,BGR East,2,2,,50,2,94.6,,
2026-02,OL1083,LS-SELECT BHUBANESWAR 17,Lifestyle,Department Store,Bhubaneswar,Odisha,East,SKU40951,Sunscreen Gel Spf 50 70Ml,Renee,Skincare,Sunscreen,Top 25,Active,999,12,12,,0,0,BGR East,0,0,,45,2,94.6,,
2026-02,OL1083,LS-SELECT BHUBANESWAR 17,Lifestyle,Department Store,Bhubaneswar,Odisha,East,SKU40979,Sunscreen Gel Spf 50 50Ml,Renee,Skincare,Sunscreen,Top 25,Active,799,18,20,,4,3382,BGR East,6,6,,45,2,94.6,,
2026-02,OL1083,LS-SELECT BHUBANESWAR 17,Lifestyle,Department Store,Bhubaneswar,Odisha,East,SKU41048,Face Wash Ocean 20Ml,Renee,Skincare,Cleanser,Others,Active,349,13,14,,3,1108,BGR East,5,4,,45,2,94.6,,
2026-02,OL1083,LS-SELECT BHUBANESWAR 17,Lifestyle,Department Store,Bhubaneswar,Odisha,East,SKU41129,Face Wash Vanilla 40Ml,Renee,Skincare,Cleanser,Others,Active,299,3,3,,3,949,BGR East,4,3,,45,2,94.6,,
2026-02,OL1083,LS-SELECT BHUBANESWAR 17,Lifestyle,Department Store,Bhubaneswar,Odisha,East,SKU41382,Perfume Peach 50Ml,Renee,Fragrance,EDP,Top 25,Active,499,30,33,,7,3697,BGR East,13,10,,55,2,94.6,2025-08,
2026-02,OL1083,LS-SELECT BHUBANESWAR 17,Lifestyle,Department Store,Bhubaneswar,Odisha,East,SKU41420,Body Mist Coral 100Ml,Renee,Fragrance,Body Mist,Top 25,Active,399,13,20,,6,2534,BGR East,13,13,,55,2,94.6,,
2026-02,OL1083,LS-SELECT BHUBANESWAR 17,Lifestyle,Department Store,Bhubaneswar,Odisha,East,SKU41608,Hair Oil Berry 100Ml,Renee,Haircare,Hair Oil,Others,Active,449,14,0,,2,950,BGR East,2,1,,35,2,94.6,,
2026-02,OL1084,LS-ORION AHMEDABAD 18,Lifestyle,Department Store,Ahmedabad,Gujarat,West,SKU40078,Matte Lip Color Rose 4.2Ml,Renee,Makeup,Lipstick,Top 25,Active,650,6,5,,3,2254,BGR West,3,2,,50,3,93.5,,
2026-02,OL1084,LS-ORION AHMEDABAD 18,Lifestyle,Department Store,Ahmedabad,Gujarat,West,SKU40108,Matte Lip Color Peach 4.2Ml,Renee,Makeup,Lipstick,Top 10,Active,650,47,35,,4,3005,BGR West,7,7,,50,3,93.5,,
2026-02,OL1084,LS-ORION AHMEDABAD 18,Lifestyle,Department Store,Ahmedabad,Gujarat,West,SKU40202,Liquid Lipstick Mocha 5Ml,Renee,Makeup,Lipstick,Top 25,Active,799,7,10,,3,2771,BGR West,6,6,,50,3,93.5,2025-11,
2026-02,OL1084,LS-ORION AHMEDABAD 18,Lifestyle,Department Store,Ahmedabad,Gujarat,West,SKU40266,Liquid Lipstick Nude 5Ml,Renee,Makeup,Lipstick,Top 10,Active,799,0,1,,10,9236,BGR West,17,11,,50,3,93.5,,
2026-02,OL1084,LS-ORION AHMEDABAD 18,Lifestyle,Department Store,Ahmedabad,Gujarat,West,SKU40425,Kajal Vanilla 0.35Gm,Renee,Makeup,Eyeliner,Top 25,Active,299,1,57,,8,2765,BGR West,8,7,,50,3,93.5,,
2026-02,OL1084,LS-ORION AHMEDABAD 18,Lifestyle,Department Store,Ahmedabad,Gujarat,West,SKU40544,Bb Cream Peach 30Ml,Renee,Makeup,Foundation,Top 10,Active,599,15,16,,4,2770,BGR West,6,5,,50,3,93.5,,
2026-02,OL1084,LS-ORION AHMEDABAD 18,Lifestyle,Department Store,Ahmedabad,Gujarat,West,SKU40588,Bb Cream Coral 30Ml,Renee,Makeup,Foundation,Top 10,Active,349,21,0,,8,3227,BGR West,12,12,,50,3,93.5,,
2026-02,OL1084,LS-ORION AHMEDABAD 18,Lifestyle,Department Store,Ahmedabad,Gujarat,West,SKU40595,Compact Powder Mocha 9Gm,Renee,Makeup,Foundation,Top 10,Active,449,27,27,,4,2076,BGR West,5,4,,50,3,93.5,,
2026-02,OL1084,LS-ORION AHMEDABAD 18,Lifestyle,Department Store,Ahmedabad,Gujarat,West,SKU40722,Compact Powder Berry 9Gm,Renee,Makeup,Foundation,Top 10,Active,799,6,6,,2,1847,BGR West,3,2,,50,3,93.5,,
2026-02,OL1084,LS-ORION AHMEDABAD 18,Lifestyle,Department Store,Ahmedabad,Gujarat,West,SKU40763,Blending Brush R6,Renee,Makeup,Brushes,Others,Active,349,8,8,,3,1210,BGR West,3,3,,50,3,93.5,,
2026-02,OL1084,LS-ORION AHMEDABAD 18,Lifestyle,Department Store,Ahmedabad,Gujarat,West,SKU40812,Blending Brush R1,Renee,Makeup,Brushes,Top 10,Active,599,56,60,,6,4154,BGR West,11,10,,50,3,93.5,2025-09,
2026-02,OL1084,LS-ORION AHMEDABAD 18,Lifestyle,Department Store,Ahmedabad,Gujarat,West,SKU40836,Blending Brush R4,Renee,Makeup,Brushes,Top 10,Active,1199,25,23,,5,6930,BGR West,4,3,,50,3,93.5,,
2026-02,OL1084,LS-ORION AHMEDABAD 18,Lifestyle,Department Store,Ahmedabad,Gujarat,West,SKU40928,Powder Brush R4,Renee,Makeup,Brushes,Top 25,Active,650,6,4,,3,2254,BGR West,2,1,,50,3,93.5,,
2026-02,OL1084,LS-ORION AHMEDABAD 18,Lifestyle,Department Store,Ahmedabad,Gujarat,West,SKU40951,Sunscreen Gel Spf 50 70Ml,Renee,Skincare,Sunscreen,Top 25,Active,999,10,26,,3,3464,BGR West,4,3,,45,3,93.5,,
2026-02,OL1084,LS-ORION AHMEDABAD 18,Lifestyle,Department Store,Ahmedabad,Gujarat,West,SKU40979,Sunscreen Gel Spf 50 50Ml,Renee,Skincare,Sunscreen,Top 25,Active,799,10,13,,2,1847,BGR West,5,5,,45,3,93.5,,
2026-02,OL1084,LS-ORION AHMEDABAD 18,Lifestyle,Department Store,Ahmedabad,Gujarat,West,SKU41048,Face Wash Ocean 20Ml,Renee,Skincare,Cleanser,Others,Active,349,26,28,,4,1614,BGR West,7,6,,45,3,93.5,,
2026-02,OL1084,LS-ORION AHMEDABAD 18,Lifestyle,Department Store,Ahmedabad,Gujarat,West,SKU41129,Face Wash Vanilla 40Ml,Renee,Skincare,Cleanser,Others,Active,299,15,17,,2,691,BGR West,5,4,,45,3,93.5,,
2026-02,OL1084,LS-ORION AHMEDABAD 18,Lifestyle,Department Store,Ahmedabad,Gujarat,West,SKU41215,Perfume Midnight 50Ml,Renee,Fragrance,EDP,Others,Active,399,2,17,,3,1384,BGR West,6,4,,55,3,93.5,,
2026-02,OL1084,LS-ORION AHMEDABAD 18,Lifestyle,Department Store,Ahmedabad,Gujarat,West,SKU41420,Body Mist Coral 100Ml,Renee,Fragrance,Body Mist,Top 25,Active,399,20,21,,3,1384,BGR West,6,4,,55,3,93.5,,
2026-02,OL1084,LS-ORION AHMEDABAD 18,Lifestyle,Department Store,Ahmedabad,Gujarat,West,SKU41476,Body Mist Mocha 100Ml,Renee,Fragrance,Body Mist,Top 10,Active,799,15,14,,6,5542,BGR West,8,5,,55,3,93.5,,
2026-02,OL1084,LS-ORION AHMEDABAD 18,Lifestyle,Department Store,Ahmedabad,Gujarat,West,SKU41608,Hair Oil Berry 100Ml,Renee,Haircare,Hair Oil,Others,Active,449,8,7,,1,519,BGR West,1,0,,35,3,93.5,,
2026-02,OL1085,LS-CITY CENTRE LUCKNOW 19,Lifestyle,Department Store,Lucknow,Uttar Pradesh,North,SKU40078,Matte Lip Color Rose 4.2Ml,Renee,Makeup,Lipstick,Top 25,Active,650,22,25,,3,2282,BGR North,6,6,,50,2,90.6,,
2026-02,OL1085,LS-CITY CENTRE LUCKNOW 19,Lifestyle,Department Store,Lucknow,Uttar Pradesh,North,SKU40108,Matte Lip Color Peach 4.2Ml,Renee,Makeup,Lipstick,Top 10,Active,650,0,1,,3,2282,BGR North,5,4,,50,2,90.6,,
2026-02,OL1085,LS-CITY CENTRE LUCKNOW 19,Lifestyle,Department Store,Lucknow,Uttar Pradesh,North,SKU40127,Matte Lip Color Coral 4.2Ml,Renee,Makeup,Lipstick,Top 25,Active,499,0,1,,4,2335,BGR North,6,5,,50,2,90.6,,
2026-02,OL1085,LS-CITY CENTRE LUCKNOW 19,Lifestyle,Department Store,Lucknow,Uttar Pradesh,North,SKU40202,Liquid Lipstick Mocha 5Ml,Renee,Makeup,Lipstick,Top 25,Active,799,1,13,,2,1870,BGR North,4,2,,50,2,90.6,2025-11,
2026-02,OL1085,LS-CITY CENTRE LUCKNOW 19,Lifestyle,Department Store,Lucknow,Uttar Pradesh,North,SKU40266,Liquid Lipstick Nude 5Ml,Renee,Makeup,Lipstick,Top 10,Active,799,0,2,,5,4674,BGR North,10,7,,50,2,90.6,,
2026-02,OL1085,LS-CITY CENTRE LUCKNOW 19,Lifestyle,Department Store,Lucknow,Uttar Pradesh,North,SKU40490,Kajal Midnight 0.35Gm,Renee,Makeup,Eyeliner,Top 10,Active,599,33,36,,3,2103,BGR North,7,6,,50,2,90.6,,
2026-02,OL1085,LS-CITY CENTRE LUCKNOW 19,Lifestyle,Department Store,Lucknow,Uttar Pradesh,North,SKU40544,Bb Cream Peach 30Ml,Renee,Makeup,Foundation,Top 10,Active,599,4,5,,3,2103,BGR North,6,4,,50,2,90.6,,
2026-02,OL1085,LS-CITY CENTRE LUCKNOW 19,Lifestyle,Department Store,Lucknow,Uttar Pradesh,North,SKU40588,Bb Cream Coral 30Ml,Renee,Makeup,Foundation,Top 10,Active,349,26,28,,8,3267,BGR North,11,10,,50,2,90.6,,
2026-02,OL1085,LS-CITY CENTRE LUCKNOW 19,Lifestyle,Department Store,Lucknow,Uttar Pradesh,North,SKU40595,Compact Powder Mocha 9Gm,Renee,Makeup,Foundation,Top 10,Active,449,52,54,,4,2101,BGR North,6,6,,50,2,90.6,,
2026-02,OL1085,LS-CITY CENTRE LUCKNOW 19,Lifestyle,Department Store,Lucknow,Uttar Pradesh,North,SKU40662,Compact Powder Nude 9Gm,Renee,Makeup,Foundation,Top 25,Active,1199,6,9,,4,5611,BGR North,9,7,,50,2,90.6,,
2026-02,OL1085,LS-CITY CENTRE LUCKNOW 19,Lifestyle,Department Store,Lucknow,Uttar Pradesh,North,SKU40850,Powder Brush R8,Renee,Makeup,Brushes,Top 25,Active,650,7,7,,4,3042,BGR North,4,4,,50,2,90.6,,
2026-02,OL1085,LS-CITY CENTRE LUCKNOW 19,Lifestyle,Department Store,Lucknow,Uttar Pradesh,North,SKU40928,Powder Brush R4,Renee,Makeup,Brushes,Top 25,Active,650,9,9,,3,2282,BGR North,4,3,,50,2,90.6,,
2026-02,OL1085,LS-CITY CENTRE LUCKNOW 19,Lifestyle,Department Store,Lucknow,Uttar Pradesh,North,SKU40951,Sunscreen Gel Spf 50 70Ml,Renee,Skincare,Sunscreen,Top 25,Active,999,6,0,,1,1169,BGR North,4,3,,45,2,90.6,,
2026-02,OL1085,LS-CITY CENTRE LUCKNOW 19,Lifestyle,Department Store,Lucknow,Uttar Pradesh,North,SKU40979,Sunscreen Gel Spf 50 50Ml,Renee,Skincare,Sunscreen,Top 25,Active,799,7,10,,4,3739,BGR North,8,7,,45,2,90.6,,
2026-02,OL1085,LS-CITY CENTRE LUCKNOW 19,Lifestyle,Department Store,Lucknow,Uttar Pradesh,North,SKU41024,Vitamin C Serum 30Ml,Renee,Skincare,Serum,Others,Active,449,4,4,,3,1576,BGR North,4,3,,45,2,90.6,,
2026-02,OL1085,LS-CITY CENTRE LUCKNOW 19,Lifestyle,Department Store,Lucknow,Uttar Pradesh,North,SKU41129,Face Wash Vanilla 40Ml,Renee,Skincare,Cleanser,Others,Active,299,11,21,,4,1399,BGR North,4,3,,45,2,90.6,,
2026-02,OL1085,LS-CITY CENTRE LUCKNOW 19,Lifestyle,Department Store,Lucknow,Uttar Pradesh,North,SKU41295,Perfume Rose 50Ml,Renee,Fragrance,EDP,Top 25,Active,599,13,15,,3,2103,BGR North,5,5,,55,2,90.6,,
2026-02,OL1085,LS-CITY CENTRE LUCKNOW 19,Lifestyle,Department Store,Lucknow,Uttar Pradesh,North,SKU41420,Body Mist Coral 100Ml,Renee,Fragrance,Body Mist,Top 25,Active,399,4,7,,3,1401,BGR North,6,6,,55,2,90.6,,
2026-02,OL1085,LS-CITY CENTRE LUCKNOW 19,Lifestyle,Department Store,Lucknow,Uttar Pradesh,North,SKU41476,Body Mist Mocha 100Ml,Renee,Fragrance,Body Mist,Top 10,Active,799,22,25,,4,3739,BGR North,8,7,,55,2,90.6,,
2026-02,OL1085,LS-CITY CENTRE LUCKNOW 19,Lifestyle,Department Store,Lucknow,Uttar Pradesh,North,SKU41536,Body Mist Nude 100Ml,Renee,Fragrance,Body Mist,Top 25,Active,349,13,33,,4,1633,BGR North,5,4,,55,2,90.6,,
2026-02,OL1086,LS-NEXUS CHENNAI 20,Lifestyle,Department Store,Chennai,Tamil Nadu,South,SKU40202,Liquid Lipstick Mocha 5Ml,Renee,Makeup,Lipstick,Top 25,Active,799,9,11,,2,1674,BGR South,5,4,,50,1,54.9,2025-11,
2026-02,OL1086,LS-NEXUS CHENNAI 20,Lifestyle,Department Store,Chennai,Tamil Nadu,South,SKU40381,Midnight Eyeliner Ocean 2.5Ml,Renee,Makeup,Eyeliner,Top 25,Active,699,36,35,,6,4393,BGR South,8,5,,50,1,54.9,,
2026-02,OL1086,LS-NEXUS CHENNAI 20,Lifestyle,Department Store,Chennai,Tamil Nadu,South,SKU40490,Kajal Midnight 0.35Gm,Renee,Makeup,Eyeliner,Top 10,Active,599,52,57,,8,5020,BGR South,13,13,,50,1,54.9,,
2026-02,OL1086,LS-NEXUS CHENNAI 20,Lifestyle,Department Store,Chennai,Tamil Nadu,South,SKU40544,Bb Cream Peach 30Ml,Renee,Makeup,Foundation,Top 10,Active,599,0,0,,4,2510,BGR South,6,4,,50,1,54.9,,
2026-02,OL1086,LS-NEXUS CHENNAI 20,Lifestyle,Department Store,Chennai,Tamil Nadu,South,SKU40662,Compact Powder Nude 9Gm,Renee,Makeup,Foundation,Top 25,Active,1199,4,3,,4,5024,BGR South,5,3,,50,1,54.9,,
2026-02,OL1086,LS-NEXUS CHENNAI 20,Lifestyle,Department Store,Chennai,Tamil Nadu,South,SKU40722,Compact Powder Berry 9Gm,Renee,Makeup,Foundation,Top 10,Active,799,0,0,,4,3348,BGR South,6,4,,50,1,54.9,,
2026-02,OL1086,LS-NEXUS CHENNAI 20,Lifestyle,Department Store,Chennai,Tamil Nadu,South,SKU40763,Blending Brush R6,Renee,Makeup,Brushes,Others,Active,349,16,16,,4,1462,BGR South,5,4,,50,1,54.9,,
2026-02,OL1086,LS-NEXUS CHENNAI 20,Lifestyle,Department Store,Chennai,Tamil Nadu,South,SKU40836,Blending Brush R4,Renee,Makeup,Brushes,Top 10,Active,1199,79,82,,8,10048,BGR South,12,11,,50,1,54.9,,
2026-02,OL1086,LS-NEXUS CHENNAI 20,Lifestyle,Department Store,Chennai,Tamil Nadu,South,SKU40850,Powder Brush R8,Renee,Makeup,Brushes,Top 25,Active,650,30,32,,6,4085,BGR South,10,8,,50,1,54.9,,
2026-02,OL1086,LS-NEXUS CHENNAI 20,Lifestyle,Department Store,Chennai,Tamil Nadu,South,SKU40928,Powder Brush R4,Renee,Makeup,Brushes,Top 25,Active,650,45,48,,6,4085,BGR South,9,9,,50,1,54.9,,
2026-02,OL1086,LS-NEXUS CHENNAI 20,Lifestyle,Department Store,Chennai,Tamil Nadu,South,SKU40972,Sunscreen Gel Spf 50 70Ml,Renee,Skincare,Sunscreen,Top 25,Active,599,19,0,,1,627,BGR South,4,4,,45,1,54.9,,
2026-02,OL1086,LS-NEXUS CHENNAI 20,Lifestyle,Department Store,Chennai,Tamil Nadu,South,SKU40979,Sunscreen Gel Spf 50 50Ml,Renee,Skincare,Sunscreen,Top 25,Active,799,13,14,,3,2511,BGR South,6,4,,45,1,54.9,,
2026-02,OL1086,LS-NEXUS CHENNAI 20,Lifestyle,Department Store,Chennai,Tamil Nadu,South,SKU41024,Vitamin C Serum 30Ml,Renee,Skincare,Serum,Others,Active,449,1,3,,1,470,BGR South,3,3,,45,1,54.9,,
2026-02,OL1086,LS-NEXUS CHENNAI 20,Lifestyle,Department Store,Chennai,Tamil Nadu,South,SKU41295,Perfume Rose 50Ml,Renee,Fragrance,EDP,Top 25,Active,599,14,17,,5,3137,BGR South,8,8,,55,1,54.9,,
2026-02,OL1086,LS-NEXUS CHENNAI 20,Lifestyle,Department Store,Chennai,Tamil Nadu,South,SKU41420,Body Mist Coral 100Ml,Renee,Fragrance,Body Mist,Top 25,Active,399,18,22,,5,2090,BGR South,9,9,,55,1,54.9,,
2026-02,OL1086,LS-NEXUS CHENNAI 20,Lifestyle,Department Store,Chennai,Tamil Nadu,South,SKU41608,Hair Oil Berry 100Ml,Renee,Haircare,Hair Oil,Others,Active,449,16,18,,2,941,BGR South,6,4,,35,1,54.9,,
